{"type": "FeatureCollection", "properties": {"valueMin": 4.997, "valueMax": 12.8573, "sigmaMin": 7.2235, "sigmaMax": 7.2235}, "features": [{"type": "Feature", "properties": {"value": 7.3013, "sigma": 7.2235}, "geometry": {"type": "Polygon", "coordinates": [[[-76.6, 3.3], [-76.595, 3.3], [-76.595, 3.305], [-76.6, 3.305], [-76.6, 3.3]]]}}, {"type": "Feature", "properties": {"value": 7.2661, "sigma": 7.2235}, "geometry": {"type": "Polygon", "coordinates": [[[-76.595, 3.3], [-76.59, 3.3], [-76.59, 3.305], [-76.595, 3.305], [-76.595, 3.3]]]}}, {"type": "Feature", "properties": {"value": 7.2286, "sigma": 7.2235}, "geometry": {"type": "Polygon", "coordinates": [[[-76.59, 3.3], [-76.585, 3.3], [-76.585, 3.305], [-76.59, 3.305], [-76.59, 3.3]]]}}, {"type": "Feature", "properties": {"value": 7.1884, "sigma": 7.2235}, "geometry": {"type": "Polygon", "coordinates": [[[-76.585, 3.3], [-76.58, 3.3], [-76.58, 3.305], [-76.585, 3.305], [-76.585, 3.3]]]}}, {"type": "Feature", "properties": {"value": 7.1452, "sigma": 7.2235}, "geometry": {"type": "Polygon", "coordinates": [[[-76.58, 3.3], [-76.575, 3.3], [-76.575, 3.305], [-76.58, 3.305], [-76.58, 3.3]]]}}, {"type": "Feature", "properties": {"value": 7.0988, "sigma": 7.2235}, "geometry": {"type": "Polygon", "coordinates": [[[-76.575, 3.3], [-76.57, 3.3], [-76.57, 3.305], [-76.575, 3.305], [-76.575, 3.3]]]}}, {"type": "Feature", "properties": {"value": 7.0495, "sigma": 7.2235}, "geometry": {"type": "Polygon", "coordinates": [[[-76.57, 3.3], [-76.565, 3.3], [-76.565, 3.305], [-76.57, 3.305], [-76.57, 3.3]]]}}, {"type": "Feature", "properties": {"value": 6.9981, "sigma": 7.2235}, "geometry": {"type": "Polygon", "coordinates": [[[-76.565, 3.3], [-76.56, 3.3], [-76.56, 3.305], [-76.565, 3.305], [-76.565, 3.3]]]}}, {"type": "Feature", "properties": {"value": 6.946, "sigma": 7.2235}, "geometry": {"type": "Polygon", "coordinates": [[[-76.56, 3.3], [-76.555, 3.3], [-76.555, 3.305], [-76.56, 3.305], [-76.56, 3.3]]]}}, {"type": "Feature", "properties": {"value": 6.8955, "sigma": 7.2235}, "geometry": {"type": "Polygon", "coordinates": [[[-76.555, 3.3], [-76.55, 3.3], [-76.55, 3.305], [-76.555, 3.305], [-76.555, 3.3]]]}}, {"type": "Feature", "properties": {"value": 6.849, "sigma": 7.2235}, "geometry": {"type": "Polygon", "coordinates": [[[-76.55, 3.3], [-76.545, 3.3], [-76.545, 3.305], [-76.55, 3.305], [-76.55, 3.3]]]}}, {"type": "Feature", "properties": {"value": 6.8096, "sigma": 7.2235}, "geometry": {"type": "Polygon", "coordinates": [[[-76.545, 3.3], [-76.54, 3.3], [-76.54, 3.305], [-76.545, 3.305], [-76.545, 3.3]]]}}, {"type": "Feature", "properties": {"value": 6.7812, "sigma": 7.2235}, "geometry": {"type": "Polygon", "coordinates": [[[-76.54, 3.3], [-76.535, 3.3], [-76.535, 3.305], [-76.54, 3.305], [-76.54, 3.3]]]}}, {"type": "Feature", "properties": {"value": 6.7717, "sigma": 7.2235}, "geometry": {"type": "Polygon", "coordinates": [[[-76.535, 3.3], [-76.53, 3.3], [-76.53, 3.305], [-76.535, 3.305], [-76.535, 3.3]]]}}, {"type": "Feature", "properties": {"value": 6.805, "sigma": 7.2235}, "geometry": {"type": "Polygon", "coordinates": [[[-76.53, 3.3], [-76.525, 3.3], [-76.525, 3.305], [-76.53, 3.305], [-76.53, 3.3]]]}}, {"type": "Feature", "properties": {"value": 6.9698, "sigma": 7.2235}, "geometry": {"type": "Polygon", "coordinates": [[[-76.525, 3.3], [-76.52, 3.3], [-76.52, 3.305], [-76.525, 3.305], [-76.525, 3.3]]]}}, {"type": "Feature", "properties": {"value": 7.4459, "sigma": 7.2235}, "geometry": {"type": "Polygon", "coordinates": [[[-76.52, 3.3], [-76.515, 3.3], [-76.515, 3.305], [-76.52, 3.305], [-76.52, 3.3]]]}}, {"type": "Feature", "properties": {"value": 5.7096, "sigma": 7.2235}, "geometry": {"type": "Polygon", "coordinates": [[[-76.515, 3.3], [-76.51, 3.3], [-76.51, 3.305], [-76.515, 3.305], [-76.515, 3.3]]]}}, {"type": "Feature", "properties": {"value": 5.1857, "sigma": 7.2235}, "geometry": {"type": "Polygon", "coordinates": [[[-76.51, 3.3], [-76.505, 3.3], [-76.505, 3.305], [-76.51, 3.305], [-76.51, 3.3]]]}}, {"type": "Feature", "properties": {"value": 5.8339, "sigma": 7.2235}, "geometry": {"type": "Polygon", "coordinates": [[[-76.505, 3.3], [-76.5, 3.3], [-76.5, 3.305], [-76.505, 3.305], [-76.505, 3.3]]]}}, {"type": "Feature", "properties": {"value": 6.1621, "sigma": 7.2235}, "geometry": {"type": "Polygon", "coordinates": [[[-76.5, 3.3], [-76.495, 3.3], [-76.495, 3.305], [-76.5, 3.305], [-76.5, 3.3]]]}}, {"type": "Feature", "properties": {"value": 6.2102, "sigma": 7.2235}, "geometry": {"type": "Polygon", "coordinates": [[[-76.495, 3.3], [-76.49, 3.3], [-76.49, 3.305], [-76.495, 3.305], [-76.495, 3.3]]]}}, {"type": "Feature", "properties": {"value": 6.0732, "sigma": 7.2235}, "geometry": {"type": "Polygon", "coordinates": [[[-76.49, 3.3], [-76.485, 3.3], [-76.485, 3.305], [-76.49, 3.305], [-76.49, 3.3]]]}}, {"type": "Feature", "properties": {"value": 5.8389, "sigma": 7.2235}, "geometry": {"type": "Polygon", "coordinates": [[[-76.485, 3.3], [-76.48, 3.3], [-76.48, 3.305], [-76.485, 3.305], [-76.485, 3.3]]]}}, {"type": "Feature", "properties": {"value": 5.628, "sigma": 7.2235}, "geometry": {"type": "Polygon", "coordinates": [[[-76.48, 3.3], [-76.475, 3.3], [-76.475, 3.305], [-76.48, 3.305], [-76.48, 3.3]]]}}, {"type": "Feature", "properties": {"value": 5.5711, "sigma": 7.2235}, "geometry": {"type": "Polygon", "coordinates": [[[-76.475, 3.3], [-76.47, 3.3], [-76.47, 3.305], [-76.475, 3.305], [-76.475, 3.3]]]}}, {"type": "Feature", "properties": {"value": 5.7489, "sigma": 7.2235}, "geometry": {"type": "Polygon", "coordinates": [[[-76.47, 3.3], [-76.465, 3.3], [-76.465, 3.305], [-76.47, 3.305], [-76.47, 3.3]]]}}, {"type": "Feature", "properties": {"value": 6.0631, "sigma": 7.2235}, "geometry": {"type": "Polygon", "coordinates": [[[-76.465, 3.3], [-76.46, 3.3], [-76.46, 3.305], [-76.465, 3.305], [-76.465, 3.3]]]}}, {"type": "Feature", "properties": {"value": 6.3976, "sigma": 7.2235}, "geometry": {"type": "Polygon", "coordinates": [[[-76.46, 3.3], [-76.455, 3.3], [-76.455, 3.305], [-76.46, 3.305], [-76.46, 3.3]]]}}, {"type": "Feature", "properties": {"value": 6.6493, "sigma": 7.2235}, "geometry": {"type": "Polygon", "coordinates": [[[-76.455, 3.3], [-76.45, 3.3], [-76.45, 3.305], [-76.455, 3.305], [-76.455, 3.3]]]}}, {"type": "Feature", "properties": {"value": 6.7457, "sigma": 7.2235}, "geometry": {"type": "Polygon", "coordinates": [[[-76.45, 3.3], [-76.445, 3.3], [-76.445, 3.305], [-76.45, 3.305], [-76.45, 3.3]]]}}, {"type": "Feature", "properties": {"value": 6.6647, "sigma": 7.2235}, "geometry": {"type": "Polygon", "coordinates": [[[-76.445, 3.3], [-76.44, 3.3], [-76.44, 3.305], [-76.445, 3.305], [-76.445, 3.3]]]}}, {"type": "Feature", "properties": {"value": 6.4989, "sigma": 7.2235}, "geometry": {"type": "Polygon", "coordinates": [[[-76.44, 3.3], [-76.435, 3.3], [-76.435, 3.305], [-76.44, 3.305], [-76.44, 3.3]]]}}, {"type": "Feature", "properties": {"value": 6.4246, "sigma": 7.2235}, "geometry": {"type": "Polygon", "coordinates": [[[-76.435, 3.3], [-76.43, 3.3], [-76.43, 3.305], [-76.435, 3.305], [-76.435, 3.3]]]}}, {"type": "Feature", "properties": {"value": 6.4884, "sigma": 7.2235}, "geometry": {"type": "Polygon", "coordinates": [[[-76.43, 3.3], [-76.425, 3.3], [-76.425, 3.305], [-76.43, 3.305], [-76.43, 3.3]]]}}, {"type": "Feature", "properties": {"value": 6.6068, "sigma": 7.2235}, "geometry": {"type": "Polygon", "coordinates": [[[-76.425, 3.3], [-76.42, 3.3], [-76.42, 3.305], [-76.425, 3.305], [-76.425, 3.3]]]}}, {"type": "Feature", "properties": {"value": 6.7179, "sigma": 7.2235}, "geometry": {"type": "Polygon", "coordinates": [[[-76.42, 3.3], [-76.415, 3.3], [-76.415, 3.305], [-76.42, 3.305], [-76.42, 3.3]]]}}, {"type": "Feature", "properties": {"value": 6.8062, "sigma": 7.2235}, "geometry": {"type": "Polygon", "coordinates": [[[-76.415, 3.3], [-76.41, 3.3], [-76.41, 3.305], [-76.415, 3.305], [-76.415, 3.3]]]}}, {"type": "Feature", "properties": {"value": 6.8744, "sigma": 7.2235}, "geometry": {"type": "Polygon", "coordinates": [[[-76.41, 3.3], [-76.405, 3.3], [-76.405, 3.305], [-76.41, 3.305], [-76.41, 3.3]]]}}, {"type": "Feature", "properties": {"value": 6.9283, "sigma": 7.2235}, "geometry": {"type": "Polygon", "coordinates": [[[-76.405, 3.3], [-76.4, 3.3], [-76.4, 3.305], [-76.405, 3.305], [-76.405, 3.3]]]}}, {"type": "Feature", "properties": {"value": 7.3254, "sigma": 7.2235}, "geometry": {"type": "Polygon", "coordinates": [[[-76.6, 3.305], [-76.595, 3.305], [-76.595, 3.31], [-76.6, 3.31], [-76.6, 3.305]]]}}, {"type": "Feature", "properties": {"value": 7.29, "sigma": 7.2235}, "geometry": {"type": "Polygon", "coordinates": [[[-76.595, 3.305], [-76.59, 3.305], [-76.59, 3.31], [-76.595, 3.31], [-76.595, 3.305]]]}}, {"type": "Feature", "properties": {"value": 7.2524, "sigma": 7.2235}, "geometry": {"type": "Polygon", "coordinates": [[[-76.59, 3.305], [-76.585, 3.305], [-76.585, 3.31], [-76.59, 3.31], [-76.59, 3.305]]]}}, {"type": "Feature", "properties": {"value": 7.2119, "sigma": 7.2235}, "geometry": {"type": "Polygon", "coordinates": [[[-76.585, 3.305], [-76.58, 3.305], [-76.58, 3.31], [-76.585, 3.31], [-76.585, 3.305]]]}}, {"type": "Feature", "properties": {"value": 7.1681, "sigma": 7.2235}, "geometry": {"type": "Polygon", "coordinates": [[[-76.58, 3.305], [-76.575, 3.305], [-76.575, 3.31], [-76.58, 3.31], [-76.58, 3.305]]]}}, {"type": "Feature", "properties": {"value": 7.1204, "sigma": 7.2235}, "geometry": {"type": "Polygon", "coordinates": [[[-76.575, 3.305], [-76.57, 3.305], [-76.57, 3.31], [-76.575, 3.31], [-76.575, 3.305]]]}}, {"type": "Feature", "properties": {"value": 7.0687, "sigma": 7.2235}, "geometry": {"type": "Polygon", "coordinates": [[[-76.57, 3.305], [-76.565, 3.305], [-76.565, 3.31], [-76.57, 3.31], [-76.57, 3.305]]]}}, {"type": "Feature", "properties": {"value": 7.0141, "sigma": 7.2235}, "geometry": {"type": "Polygon", "coordinates": [[[-76.565, 3.305], [-76.56, 3.305], [-76.56, 3.31], [-76.565, 3.31], [-76.565, 3.305]]]}}, {"type": "Feature", "properties": {"value": 6.9585, "sigma": 7.2235}, "geometry": {"type": "Polygon", "coordinates": [[[-76.56, 3.305], [-76.555, 3.305], [-76.555, 3.31], [-76.56, 3.31], [-76.56, 3.305]]]}}, {"type": "Feature", "properties": {"value": 6.9052, "sigma": 7.2235}, "geometry": {"type": "Polygon", "coordinates": [[[-76.555, 3.305], [-76.55, 3.305], [-76.55, 3.31], [-76.555, 3.31], [-76.555, 3.305]]]}}, {"type": "Feature", "properties": {"value": 6.8581, "sigma": 7.2235}, "geometry": {"type": "Polygon", "coordinates": [[[-76.55, 3.305], [-76.545, 3.305], [-76.545, 3.31], [-76.55, 3.31], [-76.55, 3.305]]]}}, {"type": "Feature", "properties": {"value": 6.822, "sigma": 7.2235}, "geometry": {"type": "Polygon", "coordinates": [[[-76.545, 3.305], [-76.54, 3.305], [-76.54, 3.31], [-76.545, 3.31], [-76.545, 3.305]]]}}, {"type": "Feature", "properties": {"value": 6.8024, "sigma": 7.2235}, "geometry": {"type": "Polygon", "coordinates": [[[-76.54, 3.305], [-76.535, 3.305], [-76.535, 3.31], [-76.54, 3.31], [-76.54, 3.305]]]}}, {"type": "Feature", "properties": {"value": 6.8068, "sigma": 7.2235}, "geometry": {"type": "Polygon", "coordinates": [[[-76.535, 3.305], [-76.53, 3.305], [-76.53, 3.31], [-76.535, 3.31], [-76.535, 3.305]]]}}, {"type": "Feature", "properties": {"value": 6.8464, "sigma": 7.2235}, "geometry": {"type": "Polygon", "coordinates": [[[-76.53, 3.305], [-76.525, 3.305], [-76.525, 3.31], [-76.53, 3.31], [-76.53, 3.305]]]}}, {"type": "Feature", "properties": {"value": 6.9355, "sigma": 7.2235}, "geometry": {"type": "Polygon", "coordinates": [[[-76.525, 3.305], [-76.52, 3.305], [-76.52, 3.31], [-76.525, 3.31], [-76.525, 3.305]]]}}, {"type": "Feature", "properties": {"value": 6.9848, "sigma": 7.2235}, "geometry": {"type": "Polygon", "coordinates": [[[-76.52, 3.305], [-76.515, 3.305], [-76.515, 3.31], [-76.52, 3.31], [-76.52, 3.305]]]}}, {"type": "Feature", "properties": {"value": 6.5371, "sigma": 7.2235}, "geometry": {"type": "Polygon", "coordinates": [[[-76.515, 3.305], [-76.51, 3.305], [-76.51, 3.31], [-76.515, 3.31], [-76.515, 3.305]]]}}, {"type": "Feature", "properties": {"value": 6.2262, "sigma": 7.2235}, "geometry": {"type": "Polygon", "coordinates": [[[-76.51, 3.305], [-76.505, 3.305], [-76.505, 3.31], [-76.51, 3.31], [-76.51, 3.305]]]}}, {"type": "Feature", "properties": {"value": 6.343, "sigma": 7.2235}, "geometry": {"type": "Polygon", "coordinates": [[[-76.505, 3.305], [-76.5, 3.305], [-76.5, 3.31], [-76.505, 3.31], [-76.505, 3.305]]]}}, {"type": "Feature", "properties": {"value": 6.4086, "sigma": 7.2235}, "geometry": {"type": "Polygon", "coordinates": [[[-76.5, 3.305], [-76.495, 3.305], [-76.495, 3.31], [-76.5, 3.31], [-76.5, 3.305]]]}}, {"type": "Feature", "properties": {"value": 6.333, "sigma": 7.2235}, "geometry": {"type": "Polygon", "coordinates": [[[-76.495, 3.305], [-76.49, 3.305], [-76.49, 3.31], [-76.495, 3.31], [-76.495, 3.305]]]}}, {"type": "Feature", "properties": {"value": 6.1398, "sigma": 7.2235}, "geometry": {"type": "Polygon", "coordinates": [[[-76.49, 3.305], [-76.485, 3.305], [-76.485, 3.31], [-76.49, 3.31], [-76.49, 3.305]]]}}, {"type": "Feature", "properties": {"value": 5.879, "sigma": 7.2235}, "geometry": {"type": "Polygon", "coordinates": [[[-76.485, 3.305], [-76.48, 3.305], [-76.48, 3.31], [-76.485, 3.31], [-76.485, 3.305]]]}}, {"type": "Feature", "properties": {"value": 5.6494, "sigma": 7.2235}, "geometry": {"type": "Polygon", "coordinates": [[[-76.48, 3.305], [-76.475, 3.305], [-76.475, 3.31], [-76.48, 3.31], [-76.48, 3.305]]]}}, {"type": "Feature", "properties": {"value": 5.5957, "sigma": 7.2235}, "geometry": {"type": "Polygon", "coordinates": [[[-76.475, 3.305], [-76.47, 3.305], [-76.47, 3.31], [-76.475, 3.31], [-76.475, 3.305]]]}}, {"type": "Feature", "properties": {"value": 5.7925, "sigma": 7.2235}, "geometry": {"type": "Polygon", "coordinates": [[[-76.47, 3.305], [-76.465, 3.305], [-76.465, 3.31], [-76.47, 3.31], [-76.47, 3.305]]]}}, {"type": "Feature", "properties": {"value": 6.1354, "sigma": 7.2235}, "geometry": {"type": "Polygon", "coordinates": [[[-76.465, 3.305], [-76.46, 3.305], [-76.46, 3.31], [-76.465, 3.31], [-76.465, 3.305]]]}}, {"type": "Feature", "properties": {"value": 6.515, "sigma": 7.2235}, "geometry": {"type": "Polygon", "coordinates": [[[-76.46, 3.305], [-76.455, 3.305], [-76.455, 3.31], [-76.46, 3.31], [-76.46, 3.305]]]}}, {"type": "Feature", "properties": {"value": 6.8216, "sigma": 7.2235}, "geometry": {"type": "Polygon", "coordinates": [[[-76.455, 3.305], [-76.45, 3.305], [-76.45, 3.31], [-76.455, 3.31], [-76.455, 3.305]]]}}, {"type": "Feature", "properties": {"value": 6.9492, "sigma": 7.2235}, "geometry": {"type": "Polygon", "coordinates": [[[-76.45, 3.305], [-76.445, 3.305], [-76.445, 3.31], [-76.45, 3.31], [-76.45, 3.305]]]}}, {"type": "Feature", "properties": {"value": 6.8069, "sigma": 7.2235}, "geometry": {"type": "Polygon", "coordinates": [[[-76.445, 3.305], [-76.44, 3.305], [-76.44, 3.31], [-76.445, 3.31], [-76.445, 3.305]]]}}, {"type": "Feature", "properties": {"value": 6.4956, "sigma": 7.2235}, "geometry": {"type": "Polygon", "coordinates": [[[-76.44, 3.305], [-76.435, 3.305], [-76.435, 3.31], [-76.44, 3.31], [-76.44, 3.305]]]}}, {"type": "Feature", "properties": {"value": 6.3677, "sigma": 7.2235}, "geometry": {"type": "Polygon", "coordinates": [[[-76.435, 3.305], [-76.43, 3.305], [-76.43, 3.31], [-76.435, 3.31], [-76.435, 3.305]]]}}, {"type": "Feature", "properties": {"value": 6.4732, "sigma": 7.2235}, "geometry": {"type": "Polygon", "coordinates": [[[-76.43, 3.305], [-76.425, 3.305], [-76.425, 3.31], [-76.43, 3.31], [-76.43, 3.305]]]}}, {"type": "Feature", "properties": {"value": 6.6263, "sigma": 7.2235}, "geometry": {"type": "Polygon", "coordinates": [[[-76.425, 3.305], [-76.42, 3.305], [-76.42, 3.31], [-76.425, 3.31], [-76.425, 3.305]]]}}, {"type": "Feature", "properties": {"value": 6.7489, "sigma": 7.2235}, "geometry": {"type": "Polygon", "coordinates": [[[-76.42, 3.305], [-76.415, 3.305], [-76.415, 3.31], [-76.42, 3.31], [-76.42, 3.305]]]}}, {"type": "Feature", "properties": {"value": 6.8373, "sigma": 7.2235}, "geometry": {"type": "Polygon", "coordinates": [[[-76.415, 3.305], [-76.41, 3.305], [-76.41, 3.31], [-76.415, 3.31], [-76.415, 3.305]]]}}, {"type": "Feature", "properties": {"value": 6.9022, "sigma": 7.2235}, "geometry": {"type": "Polygon", "coordinates": [[[-76.41, 3.305], [-76.405, 3.305], [-76.405, 3.31], [-76.41, 3.31], [-76.41, 3.305]]]}}, {"type": "Feature", "properties": {"value": 6.9523, "sigma": 7.2235}, "geometry": {"type": "Polygon", "coordinates": [[[-76.405, 3.305], [-76.4, 3.305], [-76.4, 3.31], [-76.405, 3.31], [-76.405, 3.305]]]}}, {"type": "Feature", "properties": {"value": 7.352, "sigma": 7.2235}, "geometry": {"type": "Polygon", "coordinates": [[[-76.6, 3.31], [-76.595, 3.31], [-76.595, 3.315], [-76.6, 3.315], [-76.6, 3.31]]]}}, {"type": "Feature", "properties": {"value": 7.3164, "sigma": 7.2235}, "geometry": {"type": "Polygon", "coordinates": [[[-76.595, 3.31], [-76.59, 3.31], [-76.59, 3.315], [-76.595, 3.315], [-76.595, 3.31]]]}}, {"type": "Feature", "properties": {"value": 7.2788, "sigma": 7.2235}, "geometry": {"type": "Polygon", "coordinates": [[[-76.59, 3.31], [-76.585, 3.31], [-76.585, 3.315], [-76.59, 3.315], [-76.59, 3.31]]]}}, {"type": "Feature", "properties": {"value": 7.2386, "sigma": 7.2235}, "geometry": {"type": "Polygon", "coordinates": [[[-76.585, 3.31], [-76.58, 3.31], [-76.58, 3.315], [-76.585, 3.315], [-76.585, 3.31]]]}}, {"type": "Feature", "properties": {"value": 7.1948, "sigma": 7.2235}, "geometry": {"type": "Polygon", "coordinates": [[[-76.58, 3.31], [-76.575, 3.31], [-76.575, 3.315], [-76.58, 3.315], [-76.58, 3.31]]]}}, {"type": "Feature", "properties": {"value": 7.1462, "sigma": 7.2235}, "geometry": {"type": "Polygon", "coordinates": [[[-76.575, 3.31], [-76.57, 3.31], [-76.57, 3.315], [-76.575, 3.315], [-76.575, 3.31]]]}}, {"type": "Feature", "properties": {"value": 7.092, "sigma": 7.2235}, "geometry": {"type": "Polygon", "coordinates": [[[-76.57, 3.31], [-76.565, 3.31], [-76.565, 3.315], [-76.57, 3.315], [-76.57, 3.31]]]}}, {"type": "Feature", "properties": {"value": 7.033, "sigma": 7.2235}, "geometry": {"type": "Polygon", "coordinates": [[[-76.565, 3.31], [-76.56, 3.31], [-76.56, 3.315], [-76.565, 3.315], [-76.565, 3.31]]]}}, {"type": "Feature", "properties": {"value": 6.9719, "sigma": 7.2235}, "geometry": {"type": "Polygon", "coordinates": [[[-76.56, 3.31], [-76.555, 3.31], [-76.555, 3.315], [-76.56, 3.315], [-76.56, 3.31]]]}}, {"type": "Feature", "properties": {"value": 6.9129, "sigma": 7.2235}, "geometry": {"type": "Polygon", "coordinates": [[[-76.555, 3.31], [-76.55, 3.31], [-76.55, 3.315], [-76.555, 3.315], [-76.555, 3.31]]]}}, {"type": "Feature", "properties": {"value": 6.8614, "sigma": 7.2235}, "geometry": {"type": "Polygon", "coordinates": [[[-76.55, 3.31], [-76.545, 3.31], [-76.545, 3.315], [-76.55, 3.315], [-76.55, 3.31]]]}}, {"type": "Feature", "properties": {"value": 6.8239, "sigma": 7.2235}, "geometry": {"type": "Polygon", "coordinates": [[[-76.545, 3.31], [-76.54, 3.31], [-76.54, 3.315], [-76.545, 3.315], [-76.545, 3.31]]]}}, {"type": "Feature", "properties": {"value": 6.8085, "sigma": 7.2235}, "geometry": {"type": "Polygon", "coordinates": [[[-76.54, 3.31], [-76.535, 3.31], [-76.535, 3.315], [-76.54, 3.315], [-76.54, 3.31]]]}}, {"type": "Feature", "properties": {"value": 6.8238, "sigma": 7.2235}, "geometry": {"type": "Polygon", "coordinates": [[[-76.535, 3.31], [-76.53, 3.31], [-76.53, 3.315], [-76.535, 3.315], [-76.535, 3.31]]]}}, {"type": "Feature", "properties": {"value": 6.8775, "sigma": 7.2235}, "geometry": {"type": "Polygon", "coordinates": [[[-76.53, 3.31], [-76.525, 3.31], [-76.525, 3.315], [-76.53, 3.315], [-76.53, 3.31]]]}}, {"type": "Feature", "properties": {"value": 6.9678, "sigma": 7.2235}, "geometry": {"type": "Polygon", "coordinates": [[[-76.525, 3.31], [-76.52, 3.31], [-76.52, 3.315], [-76.525, 3.315], [-76.525, 3.31]]]}}, {"type": "Feature", "properties": {"value": 7.0816, "sigma": 7.2235}, "geometry": {"type": "Polygon", "coordinates": [[[-76.52, 3.31], [-76.515, 3.31], [-76.515, 3.315], [-76.52, 3.315], [-76.52, 3.31]]]}}, {"type": "Feature", "properties": {"value": 7.2199, "sigma": 7.2235}, "geometry": {"type": "Polygon", "coordinates": [[[-76.515, 3.31], [-76.51, 3.31], [-76.51, 3.315], [-76.515, 3.315], [-76.515, 3.31]]]}}, {"type": "Feature", "properties": {"value": 7.2045, "sigma": 7.2235}, "geometry": {"type": "Polygon", "coordinates": [[[-76.51, 3.31], [-76.505, 3.31], [-76.505, 3.315], [-76.51, 3.315], [-76.51, 3.31]]]}}, {"type": "Feature", "properties": {"value": 6.9631, "sigma": 7.2235}, "geometry": {"type": "Polygon", "coordinates": [[[-76.505, 3.31], [-76.5, 3.31], [-76.5, 3.315], [-76.505, 3.315], [-76.505, 3.31]]]}}, {"type": "Feature", "properties": {"value": 6.7218, "sigma": 7.2235}, "geometry": {"type": "Polygon", "coordinates": [[[-76.5, 3.31], [-76.495, 3.31], [-76.495, 3.315], [-76.5, 3.315], [-76.5, 3.31]]]}}, {"type": "Feature", "properties": {"value": 6.5073, "sigma": 7.2235}, "geometry": {"type": "Polygon", "coordinates": [[[-76.495, 3.31], [-76.49, 3.31], [-76.49, 3.315], [-76.495, 3.315], [-76.495, 3.31]]]}}, {"type": "Feature", "properties": {"value": 6.2831, "sigma": 7.2235}, "geometry": {"type": "Polygon", "coordinates": [[[-76.49, 3.31], [-76.485, 3.31], [-76.485, 3.315], [-76.49, 3.315], [-76.49, 3.31]]]}}, {"type": "Feature", "properties": {"value": 6.0503, "sigma": 7.2235}, "geometry": {"type": "Polygon", "coordinates": [[[-76.485, 3.31], [-76.48, 3.31], [-76.48, 3.315], [-76.485, 3.315], [-76.485, 3.31]]]}}, {"type": "Feature", "properties": {"value": 5.8688, "sigma": 7.2235}, "geometry": {"type": "Polygon", "coordinates": [[[-76.48, 3.31], [-76.475, 3.31], [-76.475, 3.315], [-76.48, 3.315], [-76.48, 3.31]]]}}, {"type": "Feature", "properties": {"value": 5.8395, "sigma": 7.2235}, "geometry": {"type": "Polygon", "coordinates": [[[-76.475, 3.31], [-76.47, 3.31], [-76.47, 3.315], [-76.475, 3.315], [-76.475, 3.31]]]}}, {"type": "Feature", "properties": {"value": 6.0111, "sigma": 7.2235}, "geometry": {"type": "Polygon", "coordinates": [[[-76.47, 3.31], [-76.465, 3.31], [-76.465, 3.315], [-76.47, 3.315], [-76.47, 3.31]]]}}, {"type": "Feature", "properties": {"value": 6.3311, "sigma": 7.2235}, "geometry": {"type": "Polygon", "coordinates": [[[-76.465, 3.31], [-76.46, 3.31], [-76.46, 3.315], [-76.465, 3.315], [-76.465, 3.31]]]}}, {"type": "Feature", "properties": {"value": 6.7238, "sigma": 7.2235}, "geometry": {"type": "Polygon", "coordinates": [[[-76.46, 3.31], [-76.455, 3.31], [-76.455, 3.315], [-76.46, 3.315], [-76.46, 3.31]]]}}, {"type": "Feature", "properties": {"value": 7.1152, "sigma": 7.2235}, "geometry": {"type": "Polygon", "coordinates": [[[-76.455, 3.31], [-76.45, 3.31], [-76.45, 3.315], [-76.455, 3.315], [-76.455, 3.31]]]}}, {"type": "Feature", "properties": {"value": 7.3994, "sigma": 7.2235}, "geometry": {"type": "Polygon", "coordinates": [[[-76.45, 3.31], [-76.445, 3.31], [-76.445, 3.315], [-76.45, 3.315], [-76.45, 3.31]]]}}, {"type": "Feature", "properties": {"value": 7.3592, "sigma": 7.2235}, "geometry": {"type": "Polygon", "coordinates": [[[-76.445, 3.31], [-76.44, 3.31], [-76.44, 3.315], [-76.445, 3.315], [-76.445, 3.31]]]}}, {"type": "Feature", "properties": {"value": 6.9015, "sigma": 7.2235}, "geometry": {"type": "Polygon", "coordinates": [[[-76.44, 3.31], [-76.435, 3.31], [-76.435, 3.315], [-76.44, 3.315], [-76.44, 3.31]]]}}, {"type": "Feature", "properties": {"value": 6.6105, "sigma": 7.2235}, "geometry": {"type": "Polygon", "coordinates": [[[-76.435, 3.31], [-76.43, 3.31], [-76.43, 3.315], [-76.435, 3.315], [-76.435, 3.31]]]}}, {"type": "Feature", "properties": {"value": 6.6419, "sigma": 7.2235}, "geometry": {"type": "Polygon", "coordinates": [[[-76.43, 3.31], [-76.425, 3.31], [-76.425, 3.315], [-76.43, 3.315], [-76.43, 3.31]]]}}, {"type": "Feature", "properties": {"value": 6.7446, "sigma": 7.2235}, "geometry": {"type": "Polygon", "coordinates": [[[-76.425, 3.31], [-76.42, 3.31], [-76.42, 3.315], [-76.425, 3.315], [-76.425, 3.31]]]}}, {"type": "Feature", "properties": {"value": 6.8314, "sigma": 7.2235}, "geometry": {"type": "Polygon", "coordinates": [[[-76.42, 3.31], [-76.415, 3.31], [-76.415, 3.315], [-76.42, 3.315], [-76.42, 3.31]]]}}, {"type": "Feature", "properties": {"value": 6.896, "sigma": 7.2235}, "geometry": {"type": "Polygon", "coordinates": [[[-76.415, 3.31], [-76.41, 3.31], [-76.41, 3.315], [-76.415, 3.315], [-76.415, 3.31]]]}}, {"type": "Feature", "properties": {"value": 6.9455, "sigma": 7.2235}, "geometry": {"type": "Polygon", "coordinates": [[[-76.41, 3.31], [-76.405, 3.31], [-76.405, 3.315], [-76.41, 3.315], [-76.41, 3.31]]]}}, {"type": "Feature", "properties": {"value": 6.9857, "sigma": 7.2235}, "geometry": {"type": "Polygon", "coordinates": [[[-76.405, 3.31], [-76.4, 3.31], [-76.4, 3.315], [-76.405, 3.315], [-76.405, 3.31]]]}}, {"type": "Feature", "properties": {"value": 7.3808, "sigma": 7.2235}, "geometry": {"type": "Polygon", "coordinates": [[[-76.6, 3.315], [-76.595, 3.315], [-76.595, 3.32], [-76.6, 3.32], [-76.6, 3.315]]]}}, {"type": "Feature", "properties": {"value": 7.3446, "sigma": 7.2235}, "geometry": {"type": "Polygon", "coordinates": [[[-76.595, 3.315], [-76.59, 3.315], [-76.59, 3.32], [-76.595, 3.32], [-76.595, 3.315]]]}}, {"type": "Feature", "properties": {"value": 7.3069, "sigma": 7.2235}, "geometry": {"type": "Polygon", "coordinates": [[[-76.59, 3.315], [-76.585, 3.315], [-76.585, 3.32], [-76.59, 3.32], [-76.59, 3.315]]]}}, {"type": "Feature", "properties": {"value": 7.2675, "sigma": 7.2235}, "geometry": {"type": "Polygon", "coordinates": [[[-76.585, 3.315], [-76.58, 3.315], [-76.58, 3.32], [-76.585, 3.32], [-76.585, 3.315]]]}}, {"type": "Feature", "properties": {"value": 7.2249, "sigma": 7.2235}, "geometry": {"type": "Polygon", "coordinates": [[[-76.58, 3.315], [-76.575, 3.315], [-76.575, 3.32], [-76.58, 3.32], [-76.58, 3.315]]]}}, {"type": "Feature", "properties": {"value": 7.1764, "sigma": 7.2235}, "geometry": {"type": "Polygon", "coordinates": [[[-76.575, 3.315], [-76.57, 3.315], [-76.57, 3.32], [-76.575, 3.32], [-76.575, 3.315]]]}}, {"type": "Feature", "properties": {"value": 7.12, "sigma": 7.2235}, "geometry": {"type": "Polygon", "coordinates": [[[-76.57, 3.315], [-76.565, 3.315], [-76.565, 3.32], [-76.57, 3.32], [-76.57, 3.315]]]}}, {"type": "Feature", "properties": {"value": 7.0557, "sigma": 7.2235}, "geometry": {"type": "Polygon", "coordinates": [[[-76.565, 3.315], [-76.56, 3.315], [-76.56, 3.32], [-76.565, 3.32], [-76.565, 3.315]]]}}, {"type": "Feature", "properties": {"value": 6.9865, "sigma": 7.2235}, "geometry": {"type": "Polygon", "coordinates": [[[-76.56, 3.315], [-76.555, 3.315], [-76.555, 3.32], [-76.56, 3.32], [-76.56, 3.315]]]}}, {"type": "Feature", "properties": {"value": 6.9175, "sigma": 7.2235}, "geometry": {"type": "Polygon", "coordinates": [[[-76.555, 3.315], [-76.55, 3.315], [-76.55, 3.32], [-76.555, 3.32], [-76.555, 3.315]]]}}, {"type": "Feature", "properties": {"value": 6.8557, "sigma": 7.2235}, "geometry": {"type": "Polygon", "coordinates": [[[-76.55, 3.315], [-76.545, 3.315], [-76.545, 3.32], [-76.55, 3.32], [-76.55, 3.315]]]}}, {"type": "Feature", "properties": {"value": 6.8091, "sigma": 7.2235}, "geometry": {"type": "Polygon", "coordinates": [[[-76.545, 3.315], [-76.54, 3.315], [-76.54, 3.32], [-76.545, 3.32], [-76.545, 3.315]]]}}, {"type": "Feature", "properties": {"value": 6.7882, "sigma": 7.2235}, "geometry": {"type": "Polygon", "coordinates": [[[-76.54, 3.315], [-76.535, 3.315], [-76.535, 3.32], [-76.54, 3.32], [-76.54, 3.315]]]}}, {"type": "Feature", "properties": {"value": 6.8075, "sigma": 7.2235}, "geometry": {"type": "Polygon", "coordinates": [[[-76.535, 3.315], [-76.53, 3.315], [-76.53, 3.32], [-76.535, 3.32], [-76.535, 3.315]]]}}, {"type": "Feature", "properties": {"value": 6.889, "sigma": 7.2235}, "geometry": {"type": "Polygon", "coordinates": [[[-76.53, 3.315], [-76.525, 3.315], [-76.525, 3.32], [-76.53, 3.32], [-76.53, 3.315]]]}}, {"type": "Feature", "properties": {"value": 7.077, "sigma": 7.2235}, "geometry": {"type": "Polygon", "coordinates": [[[-76.525, 3.315], [-76.52, 3.315], [-76.52, 3.32], [-76.525, 3.32], [-76.525, 3.315]]]}}, {"type": "Feature", "properties": {"value": 7.4821, "sigma": 7.2235}, "geometry": {"type": "Polygon", "coordinates": [[[-76.52, 3.315], [-76.515, 3.315], [-76.515, 3.32], [-76.52, 3.32], [-76.52, 3.315]]]}}, {"type": "Feature", "properties": {"value": 8.1424, "sigma": 7.2235}, "geometry": {"type": "Polygon", "coordinates": [[[-76.515, 3.315], [-76.51, 3.315], [-76.51, 3.32], [-76.515, 3.32], [-76.515, 3.315]]]}}, {"type": "Feature", "properties": {"value": 8.1631, "sigma": 7.2235}, "geometry": {"type": "Polygon", "coordinates": [[[-76.51, 3.315], [-76.505, 3.315], [-76.505, 3.32], [-76.51, 3.32], [-76.51, 3.315]]]}}, {"type": "Feature", "properties": {"value": 7.4915, "sigma": 7.2235}, "geometry": {"type": "Polygon", "coordinates": [[[-76.505, 3.315], [-76.5, 3.315], [-76.5, 3.32], [-76.505, 3.32], [-76.505, 3.315]]]}}, {"type": "Feature", "properties": {"value": 6.9879, "sigma": 7.2235}, "geometry": {"type": "Polygon", "coordinates": [[[-76.5, 3.315], [-76.495, 3.315], [-76.495, 3.32], [-76.5, 3.32], [-76.5, 3.315]]]}}, {"type": "Feature", "properties": {"value": 6.6788, "sigma": 7.2235}, "geometry": {"type": "Polygon", "coordinates": [[[-76.495, 3.315], [-76.49, 3.315], [-76.49, 3.32], [-76.495, 3.32], [-76.495, 3.315]]]}}, {"type": "Feature", "properties": {"value": 6.4548, "sigma": 7.2235}, "geometry": {"type": "Polygon", "coordinates": [[[-76.49, 3.315], [-76.485, 3.315], [-76.485, 3.32], [-76.49, 3.32], [-76.49, 3.315]]]}}, {"type": "Feature", "properties": {"value": 6.2756, "sigma": 7.2235}, "geometry": {"type": "Polygon", "coordinates": [[[-76.485, 3.315], [-76.48, 3.315], [-76.48, 3.32], [-76.485, 3.32], [-76.485, 3.315]]]}}, {"type": "Feature", "properties": {"value": 6.161, "sigma": 7.2235}, "geometry": {"type": "Polygon", "coordinates": [[[-76.48, 3.315], [-76.475, 3.315], [-76.475, 3.32], [-76.48, 3.32], [-76.48, 3.315]]]}}, {"type": "Feature", "properties": {"value": 6.1598, "sigma": 7.2235}, "geometry": {"type": "Polygon", "coordinates": [[[-76.475, 3.315], [-76.47, 3.315], [-76.47, 3.32], [-76.475, 3.32], [-76.475, 3.315]]]}}, {"type": "Feature", "properties": {"value": 6.3017, "sigma": 7.2235}, "geometry": {"type": "Polygon", "coordinates": [[[-76.47, 3.315], [-76.465, 3.315], [-76.465, 3.32], [-76.47, 3.32], [-76.47, 3.315]]]}}, {"type": "Feature", "properties": {"value": 6.5768, "sigma": 7.2235}, "geometry": {"type": "Polygon", "coordinates": [[[-76.465, 3.315], [-76.46, 3.315], [-76.46, 3.32], [-76.465, 3.32], [-76.465, 3.315]]]}}, {"type": "Feature", "properties": {"value": 6.9673, "sigma": 7.2235}, "geometry": {"type": "Polygon", "coordinates": [[[-76.46, 3.315], [-76.455, 3.315], [-76.455, 3.32], [-76.46, 3.32], [-76.46, 3.315]]]}}, {"type": "Feature", "properties": {"value": 7.4761, "sigma": 7.2235}, "geometry": {"type": "Polygon", "coordinates": [[[-76.455, 3.315], [-76.45, 3.315], [-76.45, 3.32], [-76.455, 3.32], [-76.455, 3.315]]]}}, {"type": "Feature", "properties": {"value": 8.1009, "sigma": 7.2235}, "geometry": {"type": "Polygon", "coordinates": [[[-76.45, 3.315], [-76.445, 3.315], [-76.445, 3.32], [-76.45, 3.32], [-76.45, 3.315]]]}}, {"type": "Feature", "properties": {"value": 8.5467, "sigma": 7.2235}, "geometry": {"type": "Polygon", "coordinates": [[[-76.445, 3.315], [-76.44, 3.315], [-76.44, 3.32], [-76.445, 3.32], [-76.445, 3.315]]]}}, {"type": "Feature", "properties": {"value": 8.0121, "sigma": 7.2235}, "geometry": {"type": "Polygon", "coordinates": [[[-76.44, 3.315], [-76.435, 3.315], [-76.435, 3.32], [-76.44, 3.32], [-76.44, 3.315]]]}}, {"type": "Feature", "properties": {"value": 7.2635, "sigma": 7.2235}, "geometry": {"type": "Polygon", "coordinates": [[[-76.435, 3.315], [-76.43, 3.315], [-76.43, 3.32], [-76.435, 3.32], [-76.435, 3.315]]]}}, {"type": "Feature", "properties": {"value": 6.9961, "sigma": 7.2235}, "geometry": {"type": "Polygon", "coordinates": [[[-76.43, 3.315], [-76.425, 3.315], [-76.425, 3.32], [-76.43, 3.32], [-76.43, 3.315]]]}}, {"type": "Feature", "properties": {"value": 6.9434, "sigma": 7.2235}, "geometry": {"type": "Polygon", "coordinates": [[[-76.425, 3.315], [-76.42, 3.315], [-76.42, 3.32], [-76.425, 3.32], [-76.425, 3.315]]]}}, {"type": "Feature", "properties": {"value": 6.9505, "sigma": 7.2235}, "geometry": {"type": "Polygon", "coordinates": [[[-76.42, 3.315], [-76.415, 3.315], [-76.415, 3.32], [-76.42, 3.32], [-76.42, 3.315]]]}}, {"type": "Feature", "properties": {"value": 6.9728, "sigma": 7.2235}, "geometry": {"type": "Polygon", "coordinates": [[[-76.415, 3.315], [-76.41, 3.315], [-76.41, 3.32], [-76.415, 3.32], [-76.415, 3.315]]]}}, {"type": "Feature", "properties": {"value": 6.9987, "sigma": 7.2235}, "geometry": {"type": "Polygon", "coordinates": [[[-76.41, 3.315], [-76.405, 3.315], [-76.405, 3.32], [-76.41, 3.32], [-76.41, 3.315]]]}}, {"type": "Feature", "properties": {"value": 7.0251, "sigma": 7.2235}, "geometry": {"type": "Polygon", "coordinates": [[[-76.405, 3.315], [-76.4, 3.315], [-76.4, 3.32], [-76.405, 3.32], [-76.405, 3.315]]]}}, {"type": "Feature", "properties": {"value": 7.4114, "sigma": 7.2235}, "geometry": {"type": "Polygon", "coordinates": [[[-76.6, 3.32], [-76.595, 3.32], [-76.595, 3.325], [-76.6, 3.325], [-76.6, 3.32]]]}}, {"type": "Feature", "properties": {"value": 7.3732, "sigma": 7.2235}, "geometry": {"type": "Polygon", "coordinates": [[[-76.595, 3.32], [-76.59, 3.32], [-76.59, 3.325], [-76.595, 3.325], [-76.595, 3.32]]]}}, {"type": "Feature", "properties": {"value": 7.3345, "sigma": 7.2235}, "geometry": {"type": "Polygon", "coordinates": [[[-76.59, 3.32], [-76.585, 3.32], [-76.585, 3.325], [-76.59, 3.325], [-76.59, 3.32]]]}}, {"type": "Feature", "properties": {"value": 7.2961, "sigma": 7.2235}, "geometry": {"type": "Polygon", "coordinates": [[[-76.585, 3.32], [-76.58, 3.32], [-76.58, 3.325], [-76.585, 3.325], [-76.585, 3.32]]]}}, {"type": "Feature", "properties": {"value": 7.2562, "sigma": 7.2235}, "geometry": {"type": "Polygon", "coordinates": [[[-76.58, 3.32], [-76.575, 3.32], [-76.575, 3.325], [-76.58, 3.325], [-76.58, 3.32]]]}}, {"type": "Feature", "properties": {"value": 7.2104, "sigma": 7.2235}, "geometry": {"type": "Polygon", "coordinates": [[[-76.575, 3.32], [-76.57, 3.32], [-76.57, 3.325], [-76.575, 3.325], [-76.575, 3.32]]]}}, {"type": "Feature", "properties": {"value": 7.1534, "sigma": 7.2235}, "geometry": {"type": "Polygon", "coordinates": [[[-76.57, 3.32], [-76.565, 3.32], [-76.565, 3.325], [-76.57, 3.325], [-76.57, 3.32]]]}}, {"type": "Feature", "properties": {"value": 7.0833, "sigma": 7.2235}, "geometry": {"type": "Polygon", "coordinates": [[[-76.565, 3.32], [-76.56, 3.32], [-76.56, 3.325], [-76.565, 3.325], [-76.565, 3.32]]]}}, {"type": "Feature", "properties": {"value": 7.0033, "sigma": 7.2235}, "geometry": {"type": "Polygon", "coordinates": [[[-76.56, 3.32], [-76.555, 3.32], [-76.555, 3.325], [-76.56, 3.325], [-76.56, 3.32]]]}}, {"type": "Feature", "properties": {"value": 6.9197, "sigma": 7.2235}, "geometry": {"type": "Polygon", "coordinates": [[[-76.555, 3.32], [-76.55, 3.32], [-76.55, 3.325], [-76.555, 3.325], [-76.555, 3.32]]]}}, {"type": "Feature", "properties": {"value": 6.8401, "sigma": 7.2235}, "geometry": {"type": "Polygon", "coordinates": [[[-76.55, 3.32], [-76.545, 3.32], [-76.545, 3.325], [-76.55, 3.325], [-76.55, 3.32]]]}}, {"type": "Feature", "properties": {"value": 6.7732, "sigma": 7.2235}, "geometry": {"type": "Polygon", "coordinates": [[[-76.545, 3.32], [-76.54, 3.32], [-76.54, 3.325], [-76.545, 3.325], [-76.545, 3.32]]]}}, {"type": "Feature", "properties": {"value": 6.7305, "sigma": 7.2235}, "geometry": {"type": "Polygon", "coordinates": [[[-76.54, 3.32], [-76.535, 3.32], [-76.535, 3.325], [-76.54, 3.325], [-76.54, 3.32]]]}}, {"type": "Feature", "properties": {"value": 6.7303, "sigma": 7.2235}, "geometry": {"type": "Polygon", "coordinates": [[[-76.535, 3.32], [-76.53, 3.32], [-76.53, 3.325], [-76.535, 3.325], [-76.535, 3.32]]]}}, {"type": "Feature", "properties": {"value": 6.8062, "sigma": 7.2235}, "geometry": {"type": "Polygon", "coordinates": [[[-76.53, 3.32], [-76.525, 3.32], [-76.525, 3.325], [-76.53, 3.325], [-76.53, 3.32]]]}}, {"type": "Feature", "properties": {"value": 7.0253, "sigma": 7.2235}, "geometry": {"type": "Polygon", "coordinates": [[[-76.525, 3.32], [-76.52, 3.32], [-76.52, 3.325], [-76.525, 3.325], [-76.525, 3.32]]]}}, {"type": "Feature", "properties": {"value": 7.5115, "sigma": 7.2235}, "geometry": {"type": "Polygon", "coordinates": [[[-76.52, 3.32], [-76.515, 3.32], [-76.515, 3.325], [-76.52, 3.325], [-76.52, 3.32]]]}}, {"type": "Feature", "properties": {"value": 8.2256, "sigma": 7.2235}, "geometry": {"type": "Polygon", "coordinates": [[[-76.515, 3.32], [-76.51, 3.32], [-76.51, 3.325], [-76.515, 3.325], [-76.515, 3.32]]]}}, {"type": "Feature", "properties": {"value": 8.2504, "sigma": 7.2235}, "geometry": {"type": "Polygon", "coordinates": [[[-76.51, 3.32], [-76.505, 3.32], [-76.505, 3.325], [-76.51, 3.325], [-76.51, 3.32]]]}}, {"type": "Feature", "properties": {"value": 7.5884, "sigma": 7.2235}, "geometry": {"type": "Polygon", "coordinates": [[[-76.505, 3.32], [-76.5, 3.32], [-76.5, 3.325], [-76.505, 3.325], [-76.505, 3.32]]]}}, {"type": "Feature", "properties": {"value": 7.0826, "sigma": 7.2235}, "geometry": {"type": "Polygon", "coordinates": [[[-76.5, 3.32], [-76.495, 3.32], [-76.495, 3.325], [-76.5, 3.325], [-76.5, 3.32]]]}}, {"type": "Feature", "properties": {"value": 6.785, "sigma": 7.2235}, "geometry": {"type": "Polygon", "coordinates": [[[-76.495, 3.32], [-76.49, 3.32], [-76.49, 3.325], [-76.495, 3.325], [-76.495, 3.32]]]}}, {"type": "Feature", "properties": {"value": 6.5955, "sigma": 7.2235}, "geometry": {"type": "Polygon", "coordinates": [[[-76.49, 3.32], [-76.485, 3.32], [-76.485, 3.325], [-76.49, 3.325], [-76.49, 3.32]]]}}, {"type": "Feature", "properties": {"value": 6.4691, "sigma": 7.2235}, "geometry": {"type": "Polygon", "coordinates": [[[-76.485, 3.32], [-76.48, 3.32], [-76.48, 3.325], [-76.485, 3.325], [-76.485, 3.32]]]}}, {"type": "Feature", "properties": {"value": 6.4054, "sigma": 7.2235}, "geometry": {"type": "Polygon", "coordinates": [[[-76.48, 3.32], [-76.475, 3.32], [-76.475, 3.325], [-76.48, 3.325], [-76.48, 3.32]]]}}, {"type": "Feature", "properties": {"value": 6.425, "sigma": 7.2235}, "geometry": {"type": "Polygon", "coordinates": [[[-76.475, 3.32], [-76.47, 3.32], [-76.47, 3.325], [-76.475, 3.325], [-76.475, 3.32]]]}}, {"type": "Feature", "properties": {"value": 6.5462, "sigma": 7.2235}, "geometry": {"type": "Polygon", "coordinates": [[[-76.47, 3.32], [-76.465, 3.32], [-76.465, 3.325], [-76.47, 3.325], [-76.47, 3.32]]]}}, {"type": "Feature", "properties": {"value": 6.7789, "sigma": 7.2235}, "geometry": {"type": "Polygon", "coordinates": [[[-76.465, 3.32], [-76.46, 3.32], [-76.46, 3.325], [-76.465, 3.325], [-76.465, 3.32]]]}}, {"type": "Feature", "properties": {"value": 7.1416, "sigma": 7.2235}, "geometry": {"type": "Polygon", "coordinates": [[[-76.46, 3.32], [-76.455, 3.32], [-76.455, 3.325], [-76.46, 3.325], [-76.46, 3.32]]]}}, {"type": "Feature", "properties": {"value": 7.688, "sigma": 7.2235}, "geometry": {"type": "Polygon", "coordinates": [[[-76.455, 3.32], [-76.45, 3.32], [-76.45, 3.325], [-76.455, 3.325], [-76.455, 3.32]]]}}, {"type": "Feature", "properties": {"value": 8.477, "sigma": 7.2235}, "geometry": {"type": "Polygon", "coordinates": [[[-76.45, 3.32], [-76.445, 3.32], [-76.445, 3.325], [-76.45, 3.325], [-76.45, 3.32]]]}}, {"type": "Feature", "properties": {"value": 9.1485, "sigma": 7.2235}, "geometry": {"type": "Polygon", "coordinates": [[[-76.445, 3.32], [-76.44, 3.32], [-76.44, 3.325], [-76.445, 3.325], [-76.445, 3.32]]]}}, {"type": "Feature", "properties": {"value": 8.6631, "sigma": 7.2235}, "geometry": {"type": "Polygon", "coordinates": [[[-76.44, 3.32], [-76.435, 3.32], [-76.435, 3.325], [-76.44, 3.325], [-76.44, 3.32]]]}}, {"type": "Feature", "properties": {"value": 7.7701, "sigma": 7.2235}, "geometry": {"type": "Polygon", "coordinates": [[[-76.435, 3.32], [-76.43, 3.32], [-76.43, 3.325], [-76.435, 3.325], [-76.435, 3.32]]]}}, {"type": "Feature", "properties": {"value": 7.3107, "sigma": 7.2235}, "geometry": {"type": "Polygon", "coordinates": [[[-76.43, 3.32], [-76.425, 3.32], [-76.425, 3.325], [-76.43, 3.325], [-76.43, 3.32]]]}}, {"type": "Feature", "properties": {"value": 7.1305, "sigma": 7.2235}, "geometry": {"type": "Polygon", "coordinates": [[[-76.425, 3.32], [-76.42, 3.32], [-76.42, 3.325], [-76.425, 3.325], [-76.425, 3.32]]]}}, {"type": "Feature", "properties": {"value": 7.0659, "sigma": 7.2235}, "geometry": {"type": "Polygon", "coordinates": [[[-76.42, 3.32], [-76.415, 3.32], [-76.415, 3.325], [-76.42, 3.325], [-76.42, 3.32]]]}}, {"type": "Feature", "properties": {"value": 7.0487, "sigma": 7.2235}, "geometry": {"type": "Polygon", "coordinates": [[[-76.415, 3.32], [-76.41, 3.32], [-76.41, 3.325], [-76.415, 3.325], [-76.415, 3.32]]]}}, {"type": "Feature", "properties": {"value": 7.0522, "sigma": 7.2235}, "geometry": {"type": "Polygon", "coordinates": [[[-76.41, 3.32], [-76.405, 3.32], [-76.405, 3.325], [-76.41, 3.325], [-76.41, 3.32]]]}}, {"type": "Feature", "properties": {"value": 7.0654, "sigma": 7.2235}, "geometry": {"type": "Polygon", "coordinates": [[[-76.405, 3.32], [-76.4, 3.32], [-76.4, 3.325], [-76.405, 3.325], [-76.405, 3.32]]]}}, {"type": "Feature", "properties": {"value": 7.444, "sigma": 7.2235}, "geometry": {"type": "Polygon", "coordinates": [[[-76.6, 3.325], [-76.595, 3.325], [-76.595, 3.33], [-76.6, 3.33], [-76.6, 3.325]]]}}, {"type": "Feature", "properties": {"value": 7.401, "sigma": 7.2235}, "geometry": {"type": "Polygon", "coordinates": [[[-76.595, 3.325], [-76.59, 3.325], [-76.59, 3.33], [-76.595, 3.33], [-76.595, 3.325]]]}}, {"type": "Feature", "properties": {"value": 7.3582, "sigma": 7.2235}, "geometry": {"type": "Polygon", "coordinates": [[[-76.59, 3.325], [-76.585, 3.325], [-76.585, 3.33], [-76.59, 3.33], [-76.59, 3.325]]]}}, {"type": "Feature", "properties": {"value": 7.3189, "sigma": 7.2235}, "geometry": {"type": "Polygon", "coordinates": [[[-76.585, 3.325], [-76.58, 3.325], [-76.58, 3.33], [-76.585, 3.33], [-76.585, 3.325]]]}}, {"type": "Feature", "properties": {"value": 7.2835, "sigma": 7.2235}, "geometry": {"type": "Polygon", "coordinates": [[[-76.58, 3.325], [-76.575, 3.325], [-76.575, 3.33], [-76.58, 3.33], [-76.58, 3.325]]]}}, {"type": "Feature", "properties": {"value": 7.2448, "sigma": 7.2235}, "geometry": {"type": "Polygon", "coordinates": [[[-76.575, 3.325], [-76.57, 3.325], [-76.57, 3.33], [-76.575, 3.33], [-76.575, 3.325]]]}}, {"type": "Feature", "properties": {"value": 7.1913, "sigma": 7.2235}, "geometry": {"type": "Polygon", "coordinates": [[[-76.57, 3.325], [-76.565, 3.325], [-76.565, 3.33], [-76.57, 3.33], [-76.57, 3.325]]]}}, {"type": "Feature", "properties": {"value": 7.1168, "sigma": 7.2235}, "geometry": {"type": "Polygon", "coordinates": [[[-76.565, 3.325], [-76.56, 3.325], [-76.56, 3.33], [-76.565, 3.33], [-76.565, 3.325]]]}}, {"type": "Feature", "properties": {"value": 7.0243, "sigma": 7.2235}, "geometry": {"type": "Polygon", "coordinates": [[[-76.56, 3.325], [-76.555, 3.325], [-76.555, 3.33], [-76.56, 3.33], [-76.56, 3.325]]]}}, {"type": "Feature", "properties": {"value": 6.9218, "sigma": 7.2235}, "geometry": {"type": "Polygon", "coordinates": [[[-76.555, 3.325], [-76.55, 3.325], [-76.55, 3.33], [-76.555, 3.33], [-76.555, 3.325]]]}}, {"type": "Feature", "properties": {"value": 6.8173, "sigma": 7.2235}, "geometry": {"type": "Polygon", "coordinates": [[[-76.55, 3.325], [-76.545, 3.325], [-76.545, 3.33], [-76.55, 3.33], [-76.55, 3.325]]]}}, {"type": "Feature", "properties": {"value": 6.7182, "sigma": 7.2235}, "geometry": {"type": "Polygon", "coordinates": [[[-76.545, 3.325], [-76.54, 3.325], [-76.54, 3.33], [-76.545, 3.33], [-76.545, 3.325]]]}}, {"type": "Feature", "properties": {"value": 6.6331, "sigma": 7.2235}, "geometry": {"type": "Polygon", "coordinates": [[[-76.54, 3.325], [-76.535, 3.325], [-76.535, 3.33], [-76.54, 3.33], [-76.54, 3.325]]]}}, {"type": "Feature", "properties": {"value": 6.5786, "sigma": 7.2235}, "geometry": {"type": "Polygon", "coordinates": [[[-76.535, 3.325], [-76.53, 3.325], [-76.53, 3.33], [-76.535, 3.33], [-76.535, 3.325]]]}}, {"type": "Feature", "properties": {"value": 6.5886, "sigma": 7.2235}, "geometry": {"type": "Polygon", "coordinates": [[[-76.53, 3.325], [-76.525, 3.325], [-76.525, 3.33], [-76.53, 3.33], [-76.53, 3.325]]]}}, {"type": "Feature", "properties": {"value": 6.7256, "sigma": 7.2235}, "geometry": {"type": "Polygon", "coordinates": [[[-76.525, 3.325], [-76.52, 3.325], [-76.52, 3.33], [-76.525, 3.33], [-76.525, 3.325]]]}}, {"type": "Feature", "properties": {"value": 7.0554, "sigma": 7.2235}, "geometry": {"type": "Polygon", "coordinates": [[[-76.52, 3.325], [-76.515, 3.325], [-76.515, 3.33], [-76.52, 3.33], [-76.52, 3.325]]]}}, {"type": "Feature", "properties": {"value": 7.4719, "sigma": 7.2235}, "geometry": {"type": "Polygon", "coordinates": [[[-76.515, 3.325], [-76.51, 3.325], [-76.51, 3.33], [-76.515, 3.33], [-76.515, 3.325]]]}}, {"type": "Feature", "properties": {"value": 7.553, "sigma": 7.2235}, "geometry": {"type": "Polygon", "coordinates": [[[-76.51, 3.325], [-76.505, 3.325], [-76.505, 3.33], [-76.51, 3.33], [-76.51, 3.325]]]}}, {"type": "Feature", "properties": {"value": 7.284, "sigma": 7.2235}, "geometry": {"type": "Polygon", "coordinates": [[[-76.505, 3.325], [-76.5, 3.325], [-76.5, 3.33], [-76.505, 3.33], [-76.505, 3.325]]]}}, {"type": "Feature", "properties": {"value": 7.004, "sigma": 7.2235}, "geometry": {"type": "Polygon", "coordinates": [[[-76.5, 3.325], [-76.495, 3.325], [-76.495, 3.33], [-76.5, 3.33], [-76.5, 3.325]]]}}, {"type": "Feature", "properties": {"value": 6.8078, "sigma": 7.2235}, "geometry": {"type": "Polygon", "coordinates": [[[-76.495, 3.325], [-76.49, 3.325], [-76.49, 3.33], [-76.495, 3.33], [-76.495, 3.325]]]}}, {"type": "Feature", "properties": {"value": 6.6778, "sigma": 7.2235}, "geometry": {"type": "Polygon", "coordinates": [[[-76.49, 3.325], [-76.485, 3.325], [-76.485, 3.33], [-76.49, 3.33], [-76.49, 3.325]]]}}, {"type": "Feature", "properties": {"value": 6.5981, "sigma": 7.2235}, "geometry": {"type": "Polygon", "coordinates": [[[-76.485, 3.325], [-76.48, 3.325], [-76.48, 3.33], [-76.485, 3.33], [-76.485, 3.325]]]}}, {"type": "Feature", "properties": {"value": 6.5688, "sigma": 7.2235}, "geometry": {"type": "Polygon", "coordinates": [[[-76.48, 3.325], [-76.475, 3.325], [-76.475, 3.33], [-76.48, 3.33], [-76.48, 3.325]]]}}, {"type": "Feature", "properties": {"value": 6.6, "sigma": 7.2235}, "geometry": {"type": "Polygon", "coordinates": [[[-76.475, 3.325], [-76.47, 3.325], [-76.47, 3.33], [-76.475, 3.33], [-76.475, 3.325]]]}}, {"type": "Feature", "properties": {"value": 6.7035, "sigma": 7.2235}, "geometry": {"type": "Polygon", "coordinates": [[[-76.47, 3.325], [-76.465, 3.325], [-76.465, 3.33], [-76.47, 3.33], [-76.47, 3.325]]]}}, {"type": "Feature", "properties": {"value": 6.8919, "sigma": 7.2235}, "geometry": {"type": "Polygon", "coordinates": [[[-76.465, 3.325], [-76.46, 3.325], [-76.46, 3.33], [-76.465, 3.33], [-76.465, 3.325]]]}}, {"type": "Feature", "properties": {"value": 7.1862, "sigma": 7.2235}, "geometry": {"type": "Polygon", "coordinates": [[[-76.46, 3.325], [-76.455, 3.325], [-76.455, 3.33], [-76.46, 3.33], [-76.46, 3.325]]]}}, {"type": "Feature", "properties": {"value": 7.6192, "sigma": 7.2235}, "geometry": {"type": "Polygon", "coordinates": [[[-76.455, 3.325], [-76.45, 3.325], [-76.45, 3.33], [-76.455, 3.33], [-76.455, 3.325]]]}}, {"type": "Feature", "properties": {"value": 8.1756, "sigma": 7.2235}, "geometry": {"type": "Polygon", "coordinates": [[[-76.45, 3.325], [-76.445, 3.325], [-76.445, 3.33], [-76.45, 3.33], [-76.45, 3.325]]]}}, {"type": "Feature", "properties": {"value": 8.5548, "sigma": 7.2235}, "geometry": {"type": "Polygon", "coordinates": [[[-76.445, 3.325], [-76.44, 3.325], [-76.44, 3.33], [-76.445, 3.33], [-76.445, 3.325]]]}}, {"type": "Feature", "properties": {"value": 8.3143, "sigma": 7.2235}, "geometry": {"type": "Polygon", "coordinates": [[[-76.44, 3.325], [-76.435, 3.325], [-76.435, 3.33], [-76.44, 3.33], [-76.44, 3.325]]]}}, {"type": "Feature", "properties": {"value": 7.7908, "sigma": 7.2235}, "geometry": {"type": "Polygon", "coordinates": [[[-76.435, 3.325], [-76.43, 3.325], [-76.43, 3.33], [-76.435, 3.33], [-76.435, 3.325]]]}}, {"type": "Feature", "properties": {"value": 7.4234, "sigma": 7.2235}, "geometry": {"type": "Polygon", "coordinates": [[[-76.43, 3.325], [-76.425, 3.325], [-76.425, 3.33], [-76.43, 3.33], [-76.43, 3.325]]]}}, {"type": "Feature", "properties": {"value": 7.2324, "sigma": 7.2235}, "geometry": {"type": "Polygon", "coordinates": [[[-76.425, 3.325], [-76.42, 3.325], [-76.42, 3.33], [-76.425, 3.33], [-76.425, 3.325]]]}}, {"type": "Feature", "properties": {"value": 7.1434, "sigma": 7.2235}, "geometry": {"type": "Polygon", "coordinates": [[[-76.42, 3.325], [-76.415, 3.325], [-76.415, 3.33], [-76.42, 3.33], [-76.42, 3.325]]]}}, {"type": "Feature", "properties": {"value": 7.1069, "sigma": 7.2235}, "geometry": {"type": "Polygon", "coordinates": [[[-76.415, 3.325], [-76.41, 3.325], [-76.41, 3.33], [-76.415, 3.33], [-76.415, 3.325]]]}}, {"type": "Feature", "properties": {"value": 7.0974, "sigma": 7.2235}, "geometry": {"type": "Polygon", "coordinates": [[[-76.41, 3.325], [-76.405, 3.325], [-76.405, 3.33], [-76.41, 3.33], [-76.41, 3.325]]]}}, {"type": "Feature", "properties": {"value": 7.102, "sigma": 7.2235}, "geometry": {"type": "Polygon", "coordinates": [[[-76.405, 3.325], [-76.4, 3.325], [-76.4, 3.33], [-76.405, 3.33], [-76.405, 3.325]]]}}, {"type": "Feature", "properties": {"value": 7.4804, "sigma": 7.2235}, "geometry": {"type": "Polygon", "coordinates": [[[-76.6, 3.33], [-76.595, 3.33], [-76.595, 3.335], [-76.6, 3.335], [-76.6, 3.33]]]}}, {"type": "Feature", "properties": {"value": 7.4281, "sigma": 7.2235}, "geometry": {"type": "Polygon", "coordinates": [[[-76.595, 3.33], [-76.59, 3.33], [-76.59, 3.335], [-76.595, 3.335], [-76.595, 3.33]]]}}, {"type": "Feature", "properties": {"value": 7.3744, "sigma": 7.2235}, "geometry": {"type": "Polygon", "coordinates": [[[-76.59, 3.33], [-76.585, 3.33], [-76.585, 3.335], [-76.59, 3.335], [-76.59, 3.33]]]}}, {"type": "Feature", "properties": {"value": 7.3281, "sigma": 7.2235}, "geometry": {"type": "Polygon", "coordinates": [[[-76.585, 3.33], [-76.58, 3.33], [-76.58, 3.335], [-76.585, 3.335], [-76.585, 3.33]]]}}, {"type": "Feature", "properties": {"value": 7.2964, "sigma": 7.2235}, "geometry": {"type": "Polygon", "coordinates": [[[-76.58, 3.33], [-76.575, 3.33], [-76.575, 3.335], [-76.58, 3.335], [-76.58, 3.33]]]}}, {"type": "Feature", "properties": {"value": 7.2714, "sigma": 7.2235}, "geometry": {"type": "Polygon", "coordinates": [[[-76.575, 3.33], [-76.57, 3.33], [-76.57, 3.335], [-76.575, 3.335], [-76.575, 3.33]]]}}, {"type": "Feature", "properties": {"value": 7.2299, "sigma": 7.2235}, "geometry": {"type": "Polygon", "coordinates": [[[-76.57, 3.33], [-76.565, 3.33], [-76.565, 3.335], [-76.57, 3.335], [-76.57, 3.33]]]}}, {"type": "Feature", "properties": {"value": 7.1557, "sigma": 7.2235}, "geometry": {"type": "Polygon", "coordinates": [[[-76.565, 3.33], [-76.56, 3.33], [-76.56, 3.335], [-76.565, 3.335], [-76.565, 3.33]]]}}, {"type": "Feature", "properties": {"value": 7.0514, "sigma": 7.2235}, "geometry": {"type": "Polygon", "coordinates": [[[-76.56, 3.33], [-76.555, 3.33], [-76.555, 3.335], [-76.56, 3.335], [-76.56, 3.33]]]}}, {"type": "Feature", "properties": {"value": 6.9281, "sigma": 7.2235}, "geometry": {"type": "Polygon", "coordinates": [[[-76.555, 3.33], [-76.55, 3.33], [-76.55, 3.335], [-76.555, 3.335], [-76.555, 3.33]]]}}, {"type": "Feature", "properties": {"value": 6.7944, "sigma": 7.2235}, "geometry": {"type": "Polygon", "coordinates": [[[-76.55, 3.33], [-76.545, 3.33], [-76.545, 3.335], [-76.55, 3.335], [-76.55, 3.33]]]}}, {"type": "Feature", "properties": {"value": 6.6546, "sigma": 7.2235}, "geometry": {"type": "Polygon", "coordinates": [[[-76.545, 3.33], [-76.54, 3.33], [-76.54, 3.335], [-76.545, 3.335], [-76.545, 3.33]]]}}, {"type": "Feature", "properties": {"value": 6.5106, "sigma": 7.2235}, "geometry": {"type": "Polygon", "coordinates": [[[-76.54, 3.33], [-76.535, 3.33], [-76.535, 3.335], [-76.54, 3.335], [-76.54, 3.33]]]}}, {"type": "Feature", "properties": {"value": 6.3701, "sigma": 7.2235}, "geometry": {"type": "Polygon", "coordinates": [[[-76.535, 3.33], [-76.53, 3.33], [-76.53, 3.335], [-76.535, 3.335], [-76.535, 3.33]]]}}, {"type": "Feature", "properties": {"value": 6.2628, "sigma": 7.2235}, "geometry": {"type": "Polygon", "coordinates": [[[-76.53, 3.33], [-76.525, 3.33], [-76.525, 3.335], [-76.53, 3.335], [-76.53, 3.33]]]}}, {"type": "Feature", "properties": {"value": 6.2632, "sigma": 7.2235}, "geometry": {"type": "Polygon", "coordinates": [[[-76.525, 3.33], [-76.52, 3.33], [-76.52, 3.335], [-76.525, 3.335], [-76.525, 3.33]]]}}, {"type": "Feature", "properties": {"value": 6.4518, "sigma": 7.2235}, "geometry": {"type": "Polygon", "coordinates": [[[-76.52, 3.33], [-76.515, 3.33], [-76.515, 3.335], [-76.52, 3.335], [-76.52, 3.33]]]}}, {"type": "Feature", "properties": {"value": 6.7528, "sigma": 7.2235}, "geometry": {"type": "Polygon", "coordinates": [[[-76.515, 3.33], [-76.51, 3.33], [-76.51, 3.335], [-76.515, 3.335], [-76.515, 3.33]]]}}, {"type": "Feature", "properties": {"value": 6.9408, "sigma": 7.2235}, "geometry": {"type": "Polygon", "coordinates": [[[-76.51, 3.33], [-76.505, 3.33], [-76.505, 3.335], [-76.51, 3.335], [-76.51, 3.33]]]}}, {"type": "Feature", "properties": {"value": 6.9471, "sigma": 7.2235}, "geometry": {"type": "Polygon", "coordinates": [[[-76.505, 3.33], [-76.5, 3.33], [-76.5, 3.335], [-76.505, 3.335], [-76.505, 3.33]]]}}, {"type": "Feature", "properties": {"value": 6.8676, "sigma": 7.2235}, "geometry": {"type": "Polygon", "coordinates": [[[-76.5, 3.33], [-76.495, 3.33], [-76.495, 3.335], [-76.5, 3.335], [-76.5, 3.33]]]}}, {"type": "Feature", "properties": {"value": 6.7784, "sigma": 7.2235}, "geometry": {"type": "Polygon", "coordinates": [[[-76.495, 3.33], [-76.49, 3.33], [-76.49, 3.335], [-76.495, 3.335], [-76.495, 3.33]]]}}, {"type": "Feature", "properties": {"value": 6.7082, "sigma": 7.2235}, "geometry": {"type": "Polygon", "coordinates": [[[-76.49, 3.33], [-76.485, 3.33], [-76.485, 3.335], [-76.49, 3.335], [-76.49, 3.33]]]}}, {"type": "Feature", "properties": {"value": 6.6666, "sigma": 7.2235}, "geometry": {"type": "Polygon", "coordinates": [[[-76.485, 3.33], [-76.48, 3.33], [-76.48, 3.335], [-76.485, 3.335], [-76.485, 3.33]]]}}, {"type": "Feature", "properties": {"value": 6.6602, "sigma": 7.2235}, "geometry": {"type": "Polygon", "coordinates": [[[-76.48, 3.33], [-76.475, 3.33], [-76.475, 3.335], [-76.48, 3.335], [-76.48, 3.33]]]}}, {"type": "Feature", "properties": {"value": 6.696, "sigma": 7.2235}, "geometry": {"type": "Polygon", "coordinates": [[[-76.475, 3.33], [-76.47, 3.33], [-76.47, 3.335], [-76.475, 3.335], [-76.475, 3.33]]]}}, {"type": "Feature", "properties": {"value": 6.7813, "sigma": 7.2235}, "geometry": {"type": "Polygon", "coordinates": [[[-76.47, 3.33], [-76.465, 3.33], [-76.465, 3.335], [-76.47, 3.335], [-76.47, 3.33]]]}}, {"type": "Feature", "properties": {"value": 6.924, "sigma": 7.2235}, "geometry": {"type": "Polygon", "coordinates": [[[-76.465, 3.33], [-76.46, 3.33], [-76.46, 3.335], [-76.465, 3.335], [-76.465, 3.33]]]}}, {"type": "Feature", "properties": {"value": 7.1328, "sigma": 7.2235}, "geometry": {"type": "Polygon", "coordinates": [[[-76.46, 3.33], [-76.455, 3.33], [-76.455, 3.335], [-76.46, 3.335], [-76.46, 3.33]]]}}, {"type": "Feature", "properties": {"value": 7.4094, "sigma": 7.2235}, "geometry": {"type": "Polygon", "coordinates": [[[-76.455, 3.33], [-76.45, 3.33], [-76.45, 3.335], [-76.455, 3.335], [-76.455, 3.33]]]}}, {"type": "Feature", "properties": {"value": 7.7093, "sigma": 7.2235}, "geometry": {"type": "Polygon", "coordinates": [[[-76.45, 3.33], [-76.445, 3.33], [-76.445, 3.335], [-76.45, 3.335], [-76.45, 3.33]]]}}, {"type": "Feature", "properties": {"value": 7.8868, "sigma": 7.2235}, "geometry": {"type": "Polygon", "coordinates": [[[-76.445, 3.33], [-76.44, 3.33], [-76.44, 3.335], [-76.445, 3.335], [-76.445, 3.33]]]}}, {"type": "Feature", "properties": {"value": 7.8118, "sigma": 7.2235}, "geometry": {"type": "Polygon", "coordinates": [[[-76.44, 3.33], [-76.435, 3.33], [-76.435, 3.335], [-76.44, 3.335], [-76.44, 3.33]]]}}, {"type": "Feature", "properties": {"value": 7.5873, "sigma": 7.2235}, "geometry": {"type": "Polygon", "coordinates": [[[-76.435, 3.33], [-76.43, 3.33], [-76.43, 3.335], [-76.435, 3.335], [-76.435, 3.33]]]}}, {"type": "Feature", "properties": {"value": 7.3818, "sigma": 7.2235}, "geometry": {"type": "Polygon", "coordinates": [[[-76.43, 3.33], [-76.425, 3.33], [-76.425, 3.335], [-76.43, 3.335], [-76.43, 3.33]]]}}, {"type": "Feature", "properties": {"value": 7.2488, "sigma": 7.2235}, "geometry": {"type": "Polygon", "coordinates": [[[-76.425, 3.33], [-76.42, 3.33], [-76.42, 3.335], [-76.425, 3.335], [-76.425, 3.33]]]}}, {"type": "Feature", "properties": {"value": 7.1759, "sigma": 7.2235}, "geometry": {"type": "Polygon", "coordinates": [[[-76.42, 3.33], [-76.415, 3.33], [-76.415, 3.335], [-76.42, 3.335], [-76.42, 3.33]]]}}, {"type": "Feature", "properties": {"value": 7.1417, "sigma": 7.2235}, "geometry": {"type": "Polygon", "coordinates": [[[-76.415, 3.33], [-76.41, 3.33], [-76.41, 3.335], [-76.415, 3.335], [-76.415, 3.33]]]}}, {"type": "Feature", "properties": {"value": 7.1304, "sigma": 7.2235}, "geometry": {"type": "Polygon", "coordinates": [[[-76.41, 3.33], [-76.405, 3.33], [-76.405, 3.335], [-76.41, 3.335], [-76.41, 3.33]]]}}, {"type": "Feature", "properties": {"value": 7.1325, "sigma": 7.2235}, "geometry": {"type": "Polygon", "coordinates": [[[-76.405, 3.33], [-76.4, 3.33], [-76.4, 3.335], [-76.405, 3.335], [-76.405, 3.33]]]}}, {"type": "Feature", "properties": {"value": 7.526, "sigma": 7.2235}, "geometry": {"type": "Polygon", "coordinates": [[[-76.6, 3.335], [-76.595, 3.335], [-76.595, 3.34], [-76.6, 3.34], [-76.6, 3.335]]]}}, {"type": "Feature", "properties": {"value": 7.46, "sigma": 7.2235}, "geometry": {"type": "Polygon", "coordinates": [[[-76.595, 3.335], [-76.59, 3.335], [-76.59, 3.34], [-76.595, 3.34], [-76.595, 3.335]]]}}, {"type": "Feature", "properties": {"value": 7.3857, "sigma": 7.2235}, "geometry": {"type": "Polygon", "coordinates": [[[-76.59, 3.335], [-76.585, 3.335], [-76.585, 3.34], [-76.59, 3.34], [-76.59, 3.335]]]}}, {"type": "Feature", "properties": {"value": 7.3193, "sigma": 7.2235}, "geometry": {"type": "Polygon", "coordinates": [[[-76.585, 3.335], [-76.58, 3.335], [-76.58, 3.34], [-76.585, 3.34], [-76.585, 3.335]]]}}, {"type": "Feature", "properties": {"value": 7.2839, "sigma": 7.2235}, "geometry": {"type": "Polygon", "coordinates": [[[-76.58, 3.335], [-76.575, 3.335], [-76.575, 3.34], [-76.58, 3.34], [-76.58, 3.335]]]}}, {"type": "Feature", "properties": {"value": 7.2789, "sigma": 7.2235}, "geometry": {"type": "Polygon", "coordinates": [[[-76.575, 3.335], [-76.57, 3.335], [-76.57, 3.34], [-76.575, 3.34], [-76.575, 3.335]]]}}, {"type": "Feature", "properties": {"value": 7.262, "sigma": 7.2235}, "geometry": {"type": "Polygon", "coordinates": [[[-76.57, 3.335], [-76.565, 3.335], [-76.565, 3.34], [-76.57, 3.34], [-76.57, 3.335]]]}}, {"type": "Feature", "properties": {"value": 7.197, "sigma": 7.2235}, "geometry": {"type": "Polygon", "coordinates": [[[-76.565, 3.335], [-76.56, 3.335], [-76.56, 3.34], [-76.565, 3.34], [-76.565, 3.335]]]}}, {"type": "Feature", "properties": {"value": 7.0855, "sigma": 7.2235}, "geometry": {"type": "Polygon", "coordinates": [[[-76.56, 3.335], [-76.555, 3.335], [-76.555, 3.34], [-76.56, 3.34], [-76.56, 3.335]]]}}, {"type": "Feature", "properties": {"value": 6.9437, "sigma": 7.2235}, "geometry": {"type": "Polygon", "coordinates": [[[-76.555, 3.335], [-76.55, 3.335], [-76.55, 3.34], [-76.555, 3.34], [-76.555, 3.335]]]}}, {"type": "Feature", "properties": {"value": 6.7823, "sigma": 7.2235}, "geometry": {"type": "Polygon", "coordinates": [[[-76.55, 3.335], [-76.545, 3.335], [-76.545, 3.34], [-76.55, 3.34], [-76.55, 3.335]]]}}, {"type": "Feature", "properties": {"value": 6.6024, "sigma": 7.2235}, "geometry": {"type": "Polygon", "coordinates": [[[-76.545, 3.335], [-76.54, 3.335], [-76.54, 3.34], [-76.545, 3.34], [-76.545, 3.335]]]}}, {"type": "Feature", "properties": {"value": 6.3975, "sigma": 7.2235}, "geometry": {"type": "Polygon", "coordinates": [[[-76.54, 3.335], [-76.535, 3.335], [-76.535, 3.34], [-76.54, 3.34], [-76.54, 3.335]]]}}, {"type": "Feature", "properties": {"value": 6.1602, "sigma": 7.2235}, "geometry": {"type": "Polygon", "coordinates": [[[-76.535, 3.335], [-76.53, 3.335], [-76.53, 3.34], [-76.535, 3.34], [-76.535, 3.335]]]}}, {"type": "Feature", "properties": {"value": 5.9098, "sigma": 7.2235}, "geometry": {"type": "Polygon", "coordinates": [[[-76.53, 3.335], [-76.525, 3.335], [-76.525, 3.34], [-76.53, 3.34], [-76.53, 3.335]]]}}, {"type": "Feature", "properties": {"value": 5.7631, "sigma": 7.2235}, "geometry": {"type": "Polygon", "coordinates": [[[-76.525, 3.335], [-76.52, 3.335], [-76.52, 3.34], [-76.525, 3.34], [-76.525, 3.335]]]}}, {"type": "Feature", "properties": {"value": 5.919, "sigma": 7.2235}, "geometry": {"type": "Polygon", "coordinates": [[[-76.52, 3.335], [-76.515, 3.335], [-76.515, 3.34], [-76.52, 3.34], [-76.52, 3.335]]]}}, {"type": "Feature", "properties": {"value": 6.3116, "sigma": 7.2235}, "geometry": {"type": "Polygon", "coordinates": [[[-76.515, 3.335], [-76.51, 3.335], [-76.51, 3.34], [-76.515, 3.34], [-76.515, 3.335]]]}}, {"type": "Feature", "properties": {"value": 6.619, "sigma": 7.2235}, "geometry": {"type": "Polygon", "coordinates": [[[-76.51, 3.335], [-76.505, 3.335], [-76.505, 3.34], [-76.51, 3.34], [-76.51, 3.335]]]}}, {"type": "Feature", "properties": {"value": 6.7467, "sigma": 7.2235}, "geometry": {"type": "Polygon", "coordinates": [[[-76.505, 3.335], [-76.5, 3.335], [-76.5, 3.34], [-76.505, 3.34], [-76.505, 3.335]]]}}, {"type": "Feature", "properties": {"value": 6.7619, "sigma": 7.2235}, "geometry": {"type": "Polygon", "coordinates": [[[-76.5, 3.335], [-76.495, 3.335], [-76.495, 3.34], [-76.5, 3.34], [-76.5, 3.335]]]}}, {"type": "Feature", "properties": {"value": 6.7345, "sigma": 7.2235}, "geometry": {"type": "Polygon", "coordinates": [[[-76.495, 3.335], [-76.49, 3.335], [-76.49, 3.34], [-76.495, 3.34], [-76.495, 3.335]]]}}, {"type": "Feature", "properties": {"value": 6.7043, "sigma": 7.2235}, "geometry": {"type": "Polygon", "coordinates": [[[-76.49, 3.335], [-76.485, 3.335], [-76.485, 3.34], [-76.49, 3.34], [-76.49, 3.335]]]}}, {"type": "Feature", "properties": {"value": 6.6892, "sigma": 7.2235}, "geometry": {"type": "Polygon", "coordinates": [[[-76.485, 3.335], [-76.48, 3.335], [-76.48, 3.34], [-76.485, 3.34], [-76.485, 3.335]]]}}, {"type": "Feature", "properties": {"value": 6.6976, "sigma": 7.2235}, "geometry": {"type": "Polygon", "coordinates": [[[-76.48, 3.335], [-76.475, 3.335], [-76.475, 3.34], [-76.48, 3.34], [-76.48, 3.335]]]}}, {"type": "Feature", "properties": {"value": 6.7341, "sigma": 7.2235}, "geometry": {"type": "Polygon", "coordinates": [[[-76.475, 3.335], [-76.47, 3.335], [-76.47, 3.34], [-76.475, 3.34], [-76.475, 3.335]]]}}, {"type": "Feature", "properties": {"value": 6.8022, "sigma": 7.2235}, "geometry": {"type": "Polygon", "coordinates": [[[-76.47, 3.335], [-76.465, 3.335], [-76.465, 3.34], [-76.47, 3.34], [-76.47, 3.335]]]}}, {"type": "Feature", "properties": {"value": 6.9044, "sigma": 7.2235}, "geometry": {"type": "Polygon", "coordinates": [[[-76.465, 3.335], [-76.46, 3.335], [-76.46, 3.34], [-76.465, 3.34], [-76.465, 3.335]]]}}, {"type": "Feature", "properties": {"value": 7.0409, "sigma": 7.2235}, "geometry": {"type": "Polygon", "coordinates": [[[-76.46, 3.335], [-76.455, 3.335], [-76.455, 3.34], [-76.46, 3.34], [-76.46, 3.335]]]}}, {"type": "Feature", "properties": {"value": 7.2031, "sigma": 7.2235}, "geometry": {"type": "Polygon", "coordinates": [[[-76.455, 3.335], [-76.45, 3.335], [-76.45, 3.34], [-76.455, 3.34], [-76.455, 3.335]]]}}, {"type": "Feature", "properties": {"value": 7.36, "sigma": 7.2235}, "geometry": {"type": "Polygon", "coordinates": [[[-76.45, 3.335], [-76.445, 3.335], [-76.445, 3.34], [-76.45, 3.34], [-76.45, 3.335]]]}}, {"type": "Feature", "properties": {"value": 7.4546, "sigma": 7.2235}, "geometry": {"type": "Polygon", "coordinates": [[[-76.445, 3.335], [-76.44, 3.335], [-76.44, 3.34], [-76.445, 3.34], [-76.445, 3.335]]]}}, {"type": "Feature", "properties": {"value": 7.4492, "sigma": 7.2235}, "geometry": {"type": "Polygon", "coordinates": [[[-76.44, 3.335], [-76.435, 3.335], [-76.435, 3.34], [-76.44, 3.34], [-76.44, 3.335]]]}}, {"type": "Feature", "properties": {"value": 7.373, "sigma": 7.2235}, "geometry": {"type": "Polygon", "coordinates": [[[-76.435, 3.335], [-76.43, 3.335], [-76.43, 3.34], [-76.435, 3.34], [-76.435, 3.335]]]}}, {"type": "Feature", "properties": {"value": 7.2847, "sigma": 7.2235}, "geometry": {"type": "Polygon", "coordinates": [[[-76.43, 3.335], [-76.425, 3.335], [-76.425, 3.34], [-76.43, 3.34], [-76.43, 3.335]]]}}, {"type": "Feature", "properties": {"value": 7.2174, "sigma": 7.2235}, "geometry": {"type": "Polygon", "coordinates": [[[-76.425, 3.335], [-76.42, 3.335], [-76.42, 3.34], [-76.425, 3.34], [-76.425, 3.335]]]}}, {"type": "Feature", "properties": {"value": 7.1769, "sigma": 7.2235}, "geometry": {"type": "Polygon", "coordinates": [[[-76.42, 3.335], [-76.415, 3.335], [-76.415, 3.34], [-76.42, 3.34], [-76.42, 3.335]]]}}, {"type": "Feature", "properties": {"value": 7.1576, "sigma": 7.2235}, "geometry": {"type": "Polygon", "coordinates": [[[-76.415, 3.335], [-76.41, 3.335], [-76.41, 3.34], [-76.415, 3.34], [-76.415, 3.335]]]}}, {"type": "Feature", "properties": {"value": 7.1529, "sigma": 7.2235}, "geometry": {"type": "Polygon", "coordinates": [[[-76.41, 3.335], [-76.405, 3.335], [-76.405, 3.34], [-76.41, 3.34], [-76.41, 3.335]]]}}, {"type": "Feature", "properties": {"value": 7.1573, "sigma": 7.2235}, "geometry": {"type": "Polygon", "coordinates": [[[-76.405, 3.335], [-76.4, 3.335], [-76.4, 3.34], [-76.405, 3.34], [-76.405, 3.335]]]}}, {"type": "Feature", "properties": {"value": 7.5916, "sigma": 7.2235}, "geometry": {"type": "Polygon", "coordinates": [[[-76.6, 3.34], [-76.595, 3.34], [-76.595, 3.345], [-76.6, 3.345], [-76.6, 3.34]]]}}, {"type": "Feature", "properties": {"value": 7.5123, "sigma": 7.2235}, "geometry": {"type": "Polygon", "coordinates": [[[-76.595, 3.34], [-76.59, 3.34], [-76.59, 3.345], [-76.595, 3.345], [-76.595, 3.34]]]}}, {"type": "Feature", "properties": {"value": 7.4124, "sigma": 7.2235}, "geometry": {"type": "Polygon", "coordinates": [[[-76.59, 3.34], [-76.585, 3.34], [-76.585, 3.345], [-76.59, 3.345], [-76.59, 3.34]]]}}, {"type": "Feature", "properties": {"value": 7.3133, "sigma": 7.2235}, "geometry": {"type": "Polygon", "coordinates": [[[-76.585, 3.34], [-76.58, 3.34], [-76.58, 3.345], [-76.585, 3.345], [-76.585, 3.34]]]}}, {"type": "Feature", "properties": {"value": 7.2607, "sigma": 7.2235}, "geometry": {"type": "Polygon", "coordinates": [[[-76.58, 3.34], [-76.575, 3.34], [-76.575, 3.345], [-76.58, 3.345], [-76.58, 3.34]]]}}, {"type": "Feature", "properties": {"value": 7.2737, "sigma": 7.2235}, "geometry": {"type": "Polygon", "coordinates": [[[-76.575, 3.34], [-76.57, 3.34], [-76.57, 3.345], [-76.575, 3.345], [-76.575, 3.34]]]}}, {"type": "Feature", "properties": {"value": 7.2885, "sigma": 7.2235}, "geometry": {"type": "Polygon", "coordinates": [[[-76.57, 3.34], [-76.565, 3.34], [-76.565, 3.345], [-76.57, 3.345], [-76.57, 3.34]]]}}, {"type": "Feature", "properties": {"value": 7.2403, "sigma": 7.2235}, "geometry": {"type": "Polygon", "coordinates": [[[-76.565, 3.34], [-76.56, 3.34], [-76.56, 3.345], [-76.565, 3.345], [-76.565, 3.34]]]}}, {"type": "Feature", "properties": {"value": 7.1278, "sigma": 7.2235}, "geometry": {"type": "Polygon", "coordinates": [[[-76.56, 3.34], [-76.555, 3.34], [-76.555, 3.345], [-76.56, 3.345], [-76.56, 3.34]]]}}, {"type": "Feature", "properties": {"value": 6.9737, "sigma": 7.2235}, "geometry": {"type": "Polygon", "coordinates": [[[-76.555, 3.34], [-76.55, 3.34], [-76.55, 3.345], [-76.555, 3.345], [-76.555, 3.34]]]}}, {"type": "Feature", "properties": {"value": 6.7926, "sigma": 7.2235}, "geometry": {"type": "Polygon", "coordinates": [[[-76.55, 3.34], [-76.545, 3.34], [-76.545, 3.345], [-76.55, 3.345], [-76.55, 3.34]]]}}, {"type": "Feature", "properties": {"value": 6.5856, "sigma": 7.2235}, "geometry": {"type": "Polygon", "coordinates": [[[-76.545, 3.34], [-76.54, 3.34], [-76.54, 3.345], [-76.545, 3.345], [-76.545, 3.34]]]}}, {"type": "Feature", "properties": {"value": 6.3414, "sigma": 7.2235}, "geometry": {"type": "Polygon", "coordinates": [[[-76.54, 3.34], [-76.535, 3.34], [-76.535, 3.345], [-76.54, 3.345], [-76.54, 3.34]]]}}, {"type": "Feature", "properties": {"value": 6.0399, "sigma": 7.2235}, "geometry": {"type": "Polygon", "coordinates": [[[-76.535, 3.34], [-76.53, 3.34], [-76.53, 3.345], [-76.535, 3.345], [-76.535, 3.34]]]}}, {"type": "Feature", "properties": {"value": 5.6776, "sigma": 7.2235}, "geometry": {"type": "Polygon", "coordinates": [[[-76.53, 3.34], [-76.525, 3.34], [-76.525, 3.345], [-76.53, 3.345], [-76.53, 3.34]]]}}, {"type": "Feature", "properties": {"value": 5.3953, "sigma": 7.2235}, "geometry": {"type": "Polygon", "coordinates": [[[-76.525, 3.34], [-76.52, 3.34], [-76.52, 3.345], [-76.525, 3.345], [-76.525, 3.34]]]}}, {"type": "Feature", "properties": {"value": 5.5821, "sigma": 7.2235}, "geometry": {"type": "Polygon", "coordinates": [[[-76.52, 3.34], [-76.515, 3.34], [-76.515, 3.345], [-76.52, 3.345], [-76.52, 3.34]]]}}, {"type": "Feature", "properties": {"value": 6.2156, "sigma": 7.2235}, "geometry": {"type": "Polygon", "coordinates": [[[-76.515, 3.34], [-76.51, 3.34], [-76.51, 3.345], [-76.515, 3.345], [-76.515, 3.34]]]}}, {"type": "Feature", "properties": {"value": 6.5975, "sigma": 7.2235}, "geometry": {"type": "Polygon", "coordinates": [[[-76.51, 3.34], [-76.505, 3.34], [-76.505, 3.345], [-76.51, 3.345], [-76.51, 3.34]]]}}, {"type": "Feature", "properties": {"value": 6.7074, "sigma": 7.2235}, "geometry": {"type": "Polygon", "coordinates": [[[-76.505, 3.34], [-76.5, 3.34], [-76.5, 3.345], [-76.505, 3.345], [-76.505, 3.34]]]}}, {"type": "Feature", "properties": {"value": 6.7127, "sigma": 7.2235}, "geometry": {"type": "Polygon", "coordinates": [[[-76.5, 3.34], [-76.495, 3.34], [-76.495, 3.345], [-76.5, 3.345], [-76.5, 3.34]]]}}, {"type": "Feature", "properties": {"value": 6.6926, "sigma": 7.2235}, "geometry": {"type": "Polygon", "coordinates": [[[-76.495, 3.34], [-76.49, 3.34], [-76.49, 3.345], [-76.495, 3.345], [-76.495, 3.34]]]}}, {"type": "Feature", "properties": {"value": 6.6777, "sigma": 7.2235}, "geometry": {"type": "Polygon", "coordinates": [[[-76.49, 3.34], [-76.485, 3.34], [-76.485, 3.345], [-76.49, 3.345], [-76.49, 3.34]]]}}, {"type": "Feature", "properties": {"value": 6.678, "sigma": 7.2235}, "geometry": {"type": "Polygon", "coordinates": [[[-76.485, 3.34], [-76.48, 3.34], [-76.48, 3.345], [-76.485, 3.345], [-76.485, 3.34]]]}}, {"type": "Feature", "properties": {"value": 6.6962, "sigma": 7.2235}, "geometry": {"type": "Polygon", "coordinates": [[[-76.48, 3.34], [-76.475, 3.34], [-76.475, 3.345], [-76.48, 3.345], [-76.48, 3.34]]]}}, {"type": "Feature", "properties": {"value": 6.7323, "sigma": 7.2235}, "geometry": {"type": "Polygon", "coordinates": [[[-76.475, 3.34], [-76.47, 3.34], [-76.47, 3.345], [-76.475, 3.345], [-76.475, 3.34]]]}}, {"type": "Feature", "properties": {"value": 6.7863, "sigma": 7.2235}, "geometry": {"type": "Polygon", "coordinates": [[[-76.47, 3.34], [-76.465, 3.34], [-76.465, 3.345], [-76.47, 3.345], [-76.47, 3.34]]]}}, {"type": "Feature", "properties": {"value": 6.8576, "sigma": 7.2235}, "geometry": {"type": "Polygon", "coordinates": [[[-76.465, 3.34], [-76.46, 3.34], [-76.46, 3.345], [-76.465, 3.345], [-76.465, 3.34]]]}}, {"type": "Feature", "properties": {"value": 6.9442, "sigma": 7.2235}, "geometry": {"type": "Polygon", "coordinates": [[[-76.46, 3.34], [-76.455, 3.34], [-76.455, 3.345], [-76.46, 3.345], [-76.46, 3.34]]]}}, {"type": "Feature", "properties": {"value": 7.0391, "sigma": 7.2235}, "geometry": {"type": "Polygon", "coordinates": [[[-76.455, 3.34], [-76.45, 3.34], [-76.45, 3.345], [-76.455, 3.345], [-76.455, 3.34]]]}}, {"type": "Feature", "properties": {"value": 7.1276, "sigma": 7.2235}, "geometry": {"type": "Polygon", "coordinates": [[[-76.45, 3.34], [-76.445, 3.34], [-76.445, 3.345], [-76.45, 3.345], [-76.45, 3.34]]]}}, {"type": "Feature", "properties": {"value": 7.1897, "sigma": 7.2235}, "geometry": {"type": "Polygon", "coordinates": [[[-76.445, 3.34], [-76.44, 3.34], [-76.44, 3.345], [-76.445, 3.345], [-76.445, 3.34]]]}}, {"type": "Feature", "properties": {"value": 7.2136, "sigma": 7.2235}, "geometry": {"type": "Polygon", "coordinates": [[[-76.44, 3.34], [-76.435, 3.34], [-76.435, 3.345], [-76.44, 3.345], [-76.44, 3.34]]]}}, {"type": "Feature", "properties": {"value": 7.2073, "sigma": 7.2235}, "geometry": {"type": "Polygon", "coordinates": [[[-76.435, 3.34], [-76.43, 3.34], [-76.43, 3.345], [-76.435, 3.345], [-76.435, 3.34]]]}}, {"type": "Feature", "properties": {"value": 7.1891, "sigma": 7.2235}, "geometry": {"type": "Polygon", "coordinates": [[[-76.43, 3.34], [-76.425, 3.34], [-76.425, 3.345], [-76.43, 3.345], [-76.43, 3.34]]]}}, {"type": "Feature", "properties": {"value": 7.1731, "sigma": 7.2235}, "geometry": {"type": "Polygon", "coordinates": [[[-76.425, 3.34], [-76.42, 3.34], [-76.42, 3.345], [-76.425, 3.345], [-76.425, 3.34]]]}}, {"type": "Feature", "properties": {"value": 7.1648, "sigma": 7.2235}, "geometry": {"type": "Polygon", "coordinates": [[[-76.42, 3.34], [-76.415, 3.34], [-76.415, 3.345], [-76.42, 3.345], [-76.42, 3.34]]]}}, {"type": "Feature", "properties": {"value": 7.1641, "sigma": 7.2235}, "geometry": {"type": "Polygon", "coordinates": [[[-76.415, 3.34], [-76.41, 3.34], [-76.41, 3.345], [-76.415, 3.345], [-76.415, 3.34]]]}}, {"type": "Feature", "properties": {"value": 7.1694, "sigma": 7.2235}, "geometry": {"type": "Polygon", "coordinates": [[[-76.41, 3.34], [-76.405, 3.34], [-76.405, 3.345], [-76.41, 3.345], [-76.41, 3.34]]]}}, {"type": "Feature", "properties": {"value": 7.1789, "sigma": 7.2235}, "geometry": {"type": "Polygon", "coordinates": [[[-76.405, 3.34], [-76.4, 3.34], [-76.4, 3.345], [-76.405, 3.345], [-76.405, 3.34]]]}}, {"type": "Feature", "properties": {"value": 7.6917, "sigma": 7.2235}, "geometry": {"type": "Polygon", "coordinates": [[[-76.6, 3.345], [-76.595, 3.345], [-76.595, 3.35], [-76.6, 3.35], [-76.6, 3.345]]]}}, {"type": "Feature", "properties": {"value": 7.6113, "sigma": 7.2235}, "geometry": {"type": "Polygon", "coordinates": [[[-76.595, 3.345], [-76.59, 3.345], [-76.59, 3.35], [-76.595, 3.35], [-76.595, 3.345]]]}}, {"type": "Feature", "properties": {"value": 7.4977, "sigma": 7.2235}, "geometry": {"type": "Polygon", "coordinates": [[[-76.59, 3.345], [-76.585, 3.345], [-76.585, 3.35], [-76.59, 3.35], [-76.59, 3.345]]]}}, {"type": "Feature", "properties": {"value": 7.3736, "sigma": 7.2235}, "geometry": {"type": "Polygon", "coordinates": [[[-76.585, 3.345], [-76.58, 3.345], [-76.58, 3.35], [-76.585, 3.35], [-76.585, 3.345]]]}}, {"type": "Feature", "properties": {"value": 7.3001, "sigma": 7.2235}, "geometry": {"type": "Polygon", "coordinates": [[[-76.58, 3.345], [-76.575, 3.345], [-76.575, 3.35], [-76.58, 3.35], [-76.58, 3.345]]]}}, {"type": "Feature", "properties": {"value": 7.3123, "sigma": 7.2235}, "geometry": {"type": "Polygon", "coordinates": [[[-76.575, 3.345], [-76.57, 3.345], [-76.57, 3.35], [-76.575, 3.35], [-76.575, 3.345]]]}}, {"type": "Feature", "properties": {"value": 7.3384, "sigma": 7.2235}, "geometry": {"type": "Polygon", "coordinates": [[[-76.57, 3.345], [-76.565, 3.345], [-76.565, 3.35], [-76.57, 3.35], [-76.57, 3.345]]]}}, {"type": "Feature", "properties": {"value": 7.2976, "sigma": 7.2235}, "geometry": {"type": "Polygon", "coordinates": [[[-76.565, 3.345], [-76.56, 3.345], [-76.56, 3.35], [-76.565, 3.35], [-76.565, 3.345]]]}}, {"type": "Feature", "properties": {"value": 7.1842, "sigma": 7.2235}, "geometry": {"type": "Polygon", "coordinates": [[[-76.56, 3.345], [-76.555, 3.345], [-76.555, 3.35], [-76.56, 3.35], [-76.56, 3.345]]]}}, {"type": "Feature", "properties": {"value": 7.0234, "sigma": 7.2235}, "geometry": {"type": "Polygon", "coordinates": [[[-76.555, 3.345], [-76.55, 3.345], [-76.55, 3.35], [-76.555, 3.35], [-76.555, 3.345]]]}}, {"type": "Feature", "properties": {"value": 6.834, "sigma": 7.2235}, "geometry": {"type": "Polygon", "coordinates": [[[-76.55, 3.345], [-76.545, 3.345], [-76.545, 3.35], [-76.55, 3.35], [-76.55, 3.345]]]}}, {"type": "Feature", "properties": {"value": 6.6207, "sigma": 7.2235}, "geometry": {"type": "Polygon", "coordinates": [[[-76.545, 3.345], [-76.54, 3.345], [-76.54, 3.35], [-76.545, 3.35], [-76.545, 3.345]]]}}, {"type": "Feature", "properties": {"value": 6.3773, "sigma": 7.2235}, "geometry": {"type": "Polygon", "coordinates": [[[-76.54, 3.345], [-76.535, 3.345], [-76.535, 3.35], [-76.54, 3.35], [-76.54, 3.345]]]}}, {"type": "Feature", "properties": {"value": 6.091, "sigma": 7.2235}, "geometry": {"type": "Polygon", "coordinates": [[[-76.535, 3.345], [-76.53, 3.345], [-76.53, 3.35], [-76.535, 3.35], [-76.535, 3.345]]]}}, {"type": "Feature", "properties": {"value": 5.7614, "sigma": 7.2235}, "geometry": {"type": "Polygon", "coordinates": [[[-76.53, 3.345], [-76.525, 3.345], [-76.525, 3.35], [-76.53, 3.35], [-76.53, 3.345]]]}}, {"type": "Feature", "properties": {"value": 5.515, "sigma": 7.2235}, "geometry": {"type": "Polygon", "coordinates": [[[-76.525, 3.345], [-76.52, 3.345], [-76.52, 3.35], [-76.525, 3.35], [-76.525, 3.345]]]}}, {"type": "Feature", "properties": {"value": 5.9067, "sigma": 7.2235}, "geometry": {"type": "Polygon", "coordinates": [[[-76.52, 3.345], [-76.515, 3.345], [-76.515, 3.35], [-76.52, 3.35], [-76.52, 3.345]]]}}, {"type": "Feature", "properties": {"value": 6.8099, "sigma": 7.2235}, "geometry": {"type": "Polygon", "coordinates": [[[-76.515, 3.345], [-76.51, 3.345], [-76.51, 3.35], [-76.515, 3.35], [-76.515, 3.345]]]}}, {"type": "Feature", "properties": {"value": 6.9316, "sigma": 7.2235}, "geometry": {"type": "Polygon", "coordinates": [[[-76.51, 3.345], [-76.505, 3.345], [-76.505, 3.35], [-76.51, 3.35], [-76.51, 3.345]]]}}, {"type": "Feature", "properties": {"value": 6.7992, "sigma": 7.2235}, "geometry": {"type": "Polygon", "coordinates": [[[-76.505, 3.345], [-76.5, 3.345], [-76.5, 3.35], [-76.505, 3.35], [-76.505, 3.345]]]}}, {"type": "Feature", "properties": {"value": 6.696, "sigma": 7.2235}, "geometry": {"type": "Polygon", "coordinates": [[[-76.5, 3.345], [-76.495, 3.345], [-76.495, 3.35], [-76.5, 3.35], [-76.5, 3.345]]]}}, {"type": "Feature", "properties": {"value": 6.6421, "sigma": 7.2235}, "geometry": {"type": "Polygon", "coordinates": [[[-76.495, 3.345], [-76.49, 3.345], [-76.49, 3.35], [-76.495, 3.35], [-76.495, 3.345]]]}}, {"type": "Feature", "properties": {"value": 6.627, "sigma": 7.2235}, "geometry": {"type": "Polygon", "coordinates": [[[-76.49, 3.345], [-76.485, 3.345], [-76.485, 3.35], [-76.49, 3.35], [-76.49, 3.345]]]}}, {"type": "Feature", "properties": {"value": 6.6383, "sigma": 7.2235}, "geometry": {"type": "Polygon", "coordinates": [[[-76.485, 3.345], [-76.48, 3.345], [-76.48, 3.35], [-76.485, 3.35], [-76.485, 3.345]]]}}, {"type": "Feature", "properties": {"value": 6.666, "sigma": 7.2235}, "geometry": {"type": "Polygon", "coordinates": [[[-76.48, 3.345], [-76.475, 3.345], [-76.475, 3.35], [-76.48, 3.35], [-76.48, 3.345]]]}}, {"type": "Feature", "properties": {"value": 6.7034, "sigma": 7.2235}, "geometry": {"type": "Polygon", "coordinates": [[[-76.475, 3.345], [-76.47, 3.345], [-76.47, 3.35], [-76.475, 3.35], [-76.475, 3.345]]]}}, {"type": "Feature", "properties": {"value": 6.7474, "sigma": 7.2235}, "geometry": {"type": "Polygon", "coordinates": [[[-76.47, 3.345], [-76.465, 3.345], [-76.465, 3.35], [-76.47, 3.35], [-76.47, 3.345]]]}}, {"type": "Feature", "properties": {"value": 6.7967, "sigma": 7.2235}, "geometry": {"type": "Polygon", "coordinates": [[[-76.465, 3.345], [-76.46, 3.345], [-76.46, 3.35], [-76.465, 3.35], [-76.465, 3.345]]]}}, {"type": "Feature", "properties": {"value": 6.8509, "sigma": 7.2235}, "geometry": {"type": "Polygon", "coordinates": [[[-76.46, 3.345], [-76.455, 3.345], [-76.455, 3.35], [-76.46, 3.35], [-76.46, 3.345]]]}}, {"type": "Feature", "properties": {"value": 6.9083, "sigma": 7.2235}, "geometry": {"type": "Polygon", "coordinates": [[[-76.455, 3.345], [-76.45, 3.345], [-76.45, 3.35], [-76.455, 3.35], [-76.455, 3.345]]]}}, {"type": "Feature", "properties": {"value": 6.9651, "sigma": 7.2235}, "geometry": {"type": "Polygon", "coordinates": [[[-76.45, 3.345], [-76.445, 3.345], [-76.445, 3.35], [-76.45, 3.35], [-76.45, 3.345]]]}}, {"type": "Feature", "properties": {"value": 7.0161, "sigma": 7.2235}, "geometry": {"type": "Polygon", "coordinates": [[[-76.445, 3.345], [-76.44, 3.345], [-76.44, 3.35], [-76.445, 3.35], [-76.445, 3.345]]]}}, {"type": "Feature", "properties": {"value": 7.0576, "sigma": 7.2235}, "geometry": {"type": "Polygon", "coordinates": [[[-76.44, 3.345], [-76.435, 3.345], [-76.435, 3.35], [-76.44, 3.35], [-76.44, 3.345]]]}}, {"type": "Feature", "properties": {"value": 7.0898, "sigma": 7.2235}, "geometry": {"type": "Polygon", "coordinates": [[[-76.435, 3.345], [-76.43, 3.345], [-76.43, 3.35], [-76.435, 3.35], [-76.435, 3.345]]]}}, {"type": "Feature", "properties": {"value": 7.1152, "sigma": 7.2235}, "geometry": {"type": "Polygon", "coordinates": [[[-76.43, 3.345], [-76.425, 3.345], [-76.425, 3.35], [-76.43, 3.35], [-76.43, 3.345]]]}}, {"type": "Feature", "properties": {"value": 7.1363, "sigma": 7.2235}, "geometry": {"type": "Polygon", "coordinates": [[[-76.425, 3.345], [-76.42, 3.345], [-76.42, 3.35], [-76.425, 3.35], [-76.425, 3.345]]]}}, {"type": "Feature", "properties": {"value": 7.1546, "sigma": 7.2235}, "geometry": {"type": "Polygon", "coordinates": [[[-76.42, 3.345], [-76.415, 3.345], [-76.415, 3.35], [-76.42, 3.35], [-76.42, 3.345]]]}}, {"type": "Feature", "properties": {"value": 7.1709, "sigma": 7.2235}, "geometry": {"type": "Polygon", "coordinates": [[[-76.415, 3.345], [-76.41, 3.345], [-76.41, 3.35], [-76.415, 3.35], [-76.415, 3.345]]]}}, {"type": "Feature", "properties": {"value": 7.186, "sigma": 7.2235}, "geometry": {"type": "Polygon", "coordinates": [[[-76.41, 3.345], [-76.405, 3.345], [-76.405, 3.35], [-76.41, 3.35], [-76.41, 3.345]]]}}, {"type": "Feature", "properties": {"value": 7.2006, "sigma": 7.2235}, "geometry": {"type": "Polygon", "coordinates": [[[-76.405, 3.345], [-76.4, 3.345], [-76.4, 3.35], [-76.405, 3.35], [-76.405, 3.345]]]}}, {"type": "Feature", "properties": {"value": 7.8392, "sigma": 7.2235}, "geometry": {"type": "Polygon", "coordinates": [[[-76.6, 3.35], [-76.595, 3.35], [-76.595, 3.355], [-76.6, 3.355], [-76.6, 3.35]]]}}, {"type": "Feature", "properties": {"value": 7.7824, "sigma": 7.2235}, "geometry": {"type": "Polygon", "coordinates": [[[-76.595, 3.35], [-76.59, 3.35], [-76.59, 3.355], [-76.595, 3.355], [-76.595, 3.35]]]}}, {"type": "Feature", "properties": {"value": 7.6873, "sigma": 7.2235}, "geometry": {"type": "Polygon", "coordinates": [[[-76.59, 3.35], [-76.585, 3.35], [-76.585, 3.355], [-76.59, 3.355], [-76.59, 3.35]]]}}, {"type": "Feature", "properties": {"value": 7.5703, "sigma": 7.2235}, "geometry": {"type": "Polygon", "coordinates": [[[-76.585, 3.35], [-76.58, 3.35], [-76.58, 3.355], [-76.585, 3.355], [-76.585, 3.35]]]}}, {"type": "Feature", "properties": {"value": 7.4856, "sigma": 7.2235}, "geometry": {"type": "Polygon", "coordinates": [[[-76.58, 3.35], [-76.575, 3.35], [-76.575, 3.355], [-76.58, 3.355], [-76.58, 3.35]]]}}, {"type": "Feature", "properties": {"value": 7.466, "sigma": 7.2235}, "geometry": {"type": "Polygon", "coordinates": [[[-76.575, 3.35], [-76.57, 3.35], [-76.57, 3.355], [-76.575, 3.355], [-76.575, 3.35]]]}}, {"type": "Feature", "properties": {"value": 7.4565, "sigma": 7.2235}, "geometry": {"type": "Polygon", "coordinates": [[[-76.57, 3.35], [-76.565, 3.35], [-76.565, 3.355], [-76.57, 3.355], [-76.57, 3.35]]]}}, {"type": "Feature", "properties": {"value": 7.3919, "sigma": 7.2235}, "geometry": {"type": "Polygon", "coordinates": [[[-76.565, 3.35], [-76.56, 3.35], [-76.56, 3.355], [-76.565, 3.355], [-76.565, 3.35]]]}}, {"type": "Feature", "properties": {"value": 7.2652, "sigma": 7.2235}, "geometry": {"type": "Polygon", "coordinates": [[[-76.56, 3.35], [-76.555, 3.35], [-76.555, 3.355], [-76.56, 3.355], [-76.56, 3.35]]]}}, {"type": "Feature", "properties": {"value": 7.0976, "sigma": 7.2235}, "geometry": {"type": "Polygon", "coordinates": [[[-76.555, 3.35], [-76.55, 3.35], [-76.55, 3.355], [-76.555, 3.355], [-76.555, 3.35]]]}}, {"type": "Feature", "properties": {"value": 6.9077, "sigma": 7.2235}, "geometry": {"type": "Polygon", "coordinates": [[[-76.55, 3.35], [-76.545, 3.35], [-76.545, 3.355], [-76.55, 3.355], [-76.55, 3.35]]]}}, {"type": "Feature", "properties": {"value": 6.7051, "sigma": 7.2235}, "geometry": {"type": "Polygon", "coordinates": [[[-76.545, 3.35], [-76.54, 3.35], [-76.54, 3.355], [-76.545, 3.355], [-76.545, 3.35]]]}}, {"type": "Feature", "properties": {"value": 6.4949, "sigma": 7.2235}, "geometry": {"type": "Polygon", "coordinates": [[[-76.54, 3.35], [-76.535, 3.35], [-76.535, 3.355], [-76.54, 3.355], [-76.54, 3.35]]]}}, {"type": "Feature", "properties": {"value": 6.2886, "sigma": 7.2235}, "geometry": {"type": "Polygon", "coordinates": [[[-76.535, 3.35], [-76.53, 3.35], [-76.53, 3.355], [-76.535, 3.355], [-76.535, 3.35]]]}}, {"type": "Feature", "properties": {"value": 6.1343, "sigma": 7.2235}, "geometry": {"type": "Polygon", "coordinates": [[[-76.53, 3.35], [-76.525, 3.35], [-76.525, 3.355], [-76.53, 3.355], [-76.53, 3.35]]]}}, {"type": "Feature", "properties": {"value": 6.2253, "sigma": 7.2235}, "geometry": {"type": "Polygon", "coordinates": [[[-76.525, 3.35], [-76.52, 3.35], [-76.52, 3.355], [-76.525, 3.355], [-76.525, 3.35]]]}}, {"type": "Feature", "properties": {"value": 7.1402, "sigma": 7.2235}, "geometry": {"type": "Polygon", "coordinates": [[[-76.52, 3.35], [-76.515, 3.35], [-76.515, 3.355], [-76.52, 3.355], [-76.52, 3.35]]]}}, {"type": "Feature", "properties": {"value": 8.0484, "sigma": 7.2235}, "geometry": {"type": "Polygon", "coordinates": [[[-76.515, 3.35], [-76.51, 3.35], [-76.51, 3.355], [-76.515, 3.355], [-76.515, 3.35]]]}}, {"type": "Feature", "properties": {"value": 7.3926, "sigma": 7.2235}, "geometry": {"type": "Polygon", "coordinates": [[[-76.51, 3.35], [-76.505, 3.35], [-76.505, 3.355], [-76.51, 3.355], [-76.51, 3.35]]]}}, {"type": "Feature", "properties": {"value": 6.8766, "sigma": 7.2235}, "geometry": {"type": "Polygon", "coordinates": [[[-76.505, 3.35], [-76.5, 3.35], [-76.5, 3.355], [-76.505, 3.355], [-76.505, 3.35]]]}}, {"type": "Feature", "properties": {"value": 6.6372, "sigma": 7.2235}, "geometry": {"type": "Polygon", "coordinates": [[[-76.5, 3.35], [-76.495, 3.35], [-76.495, 3.355], [-76.5, 3.355], [-76.5, 3.35]]]}}, {"type": "Feature", "properties": {"value": 6.5479, "sigma": 7.2235}, "geometry": {"type": "Polygon", "coordinates": [[[-76.495, 3.35], [-76.49, 3.35], [-76.49, 3.355], [-76.495, 3.355], [-76.495, 3.35]]]}}, {"type": "Feature", "properties": {"value": 6.5394, "sigma": 7.2235}, "geometry": {"type": "Polygon", "coordinates": [[[-76.49, 3.35], [-76.485, 3.35], [-76.485, 3.355], [-76.49, 3.355], [-76.49, 3.35]]]}}, {"type": "Feature", "properties": {"value": 6.5698, "sigma": 7.2235}, "geometry": {"type": "Polygon", "coordinates": [[[-76.485, 3.35], [-76.48, 3.35], [-76.48, 3.355], [-76.485, 3.355], [-76.485, 3.35]]]}}, {"type": "Feature", "properties": {"value": 6.6133, "sigma": 7.2235}, "geometry": {"type": "Polygon", "coordinates": [[[-76.48, 3.35], [-76.475, 3.35], [-76.475, 3.355], [-76.48, 3.355], [-76.48, 3.35]]]}}, {"type": "Feature", "properties": {"value": 6.6564, "sigma": 7.2235}, "geometry": {"type": "Polygon", "coordinates": [[[-76.475, 3.35], [-76.47, 3.35], [-76.47, 3.355], [-76.475, 3.355], [-76.475, 3.35]]]}}, {"type": "Feature", "properties": {"value": 6.6941, "sigma": 7.2235}, "geometry": {"type": "Polygon", "coordinates": [[[-76.47, 3.35], [-76.465, 3.35], [-76.465, 3.355], [-76.47, 3.355], [-76.47, 3.35]]]}}, {"type": "Feature", "properties": {"value": 6.7269, "sigma": 7.2235}, "geometry": {"type": "Polygon", "coordinates": [[[-76.465, 3.35], [-76.46, 3.35], [-76.46, 3.355], [-76.465, 3.355], [-76.465, 3.35]]]}}, {"type": "Feature", "properties": {"value": 6.7583, "sigma": 7.2235}, "geometry": {"type": "Polygon", "coordinates": [[[-76.46, 3.35], [-76.455, 3.35], [-76.455, 3.355], [-76.46, 3.355], [-76.46, 3.35]]]}}, {"type": "Feature", "properties": {"value": 6.793, "sigma": 7.2235}, "geometry": {"type": "Polygon", "coordinates": [[[-76.455, 3.35], [-76.45, 3.35], [-76.45, 3.355], [-76.455, 3.355], [-76.455, 3.35]]]}}, {"type": "Feature", "properties": {"value": 6.8352, "sigma": 7.2235}, "geometry": {"type": "Polygon", "coordinates": [[[-76.45, 3.35], [-76.445, 3.35], [-76.445, 3.355], [-76.45, 3.355], [-76.45, 3.35]]]}}, {"type": "Feature", "properties": {"value": 6.8867, "sigma": 7.2235}, "geometry": {"type": "Polygon", "coordinates": [[[-76.445, 3.35], [-76.44, 3.35], [-76.44, 3.355], [-76.445, 3.355], [-76.445, 3.35]]]}}, {"type": "Feature", "properties": {"value": 6.9464, "sigma": 7.2235}, "geometry": {"type": "Polygon", "coordinates": [[[-76.44, 3.35], [-76.435, 3.35], [-76.435, 3.355], [-76.44, 3.355], [-76.44, 3.35]]]}}, {"type": "Feature", "properties": {"value": 7.0092, "sigma": 7.2235}, "geometry": {"type": "Polygon", "coordinates": [[[-76.435, 3.35], [-76.43, 3.35], [-76.43, 3.355], [-76.435, 3.355], [-76.435, 3.35]]]}}, {"type": "Feature", "properties": {"value": 7.0683, "sigma": 7.2235}, "geometry": {"type": "Polygon", "coordinates": [[[-76.43, 3.35], [-76.425, 3.35], [-76.425, 3.355], [-76.43, 3.355], [-76.43, 3.35]]]}}, {"type": "Feature", "properties": {"value": 7.1182, "sigma": 7.2235}, "geometry": {"type": "Polygon", "coordinates": [[[-76.425, 3.35], [-76.42, 3.35], [-76.42, 3.355], [-76.425, 3.355], [-76.425, 3.35]]]}}, {"type": "Feature", "properties": {"value": 7.1571, "sigma": 7.2235}, "geometry": {"type": "Polygon", "coordinates": [[[-76.42, 3.35], [-76.415, 3.35], [-76.415, 3.355], [-76.42, 3.355], [-76.42, 3.35]]]}}, {"type": "Feature", "properties": {"value": 7.1862, "sigma": 7.2235}, "geometry": {"type": "Polygon", "coordinates": [[[-76.415, 3.35], [-76.41, 3.35], [-76.41, 3.355], [-76.415, 3.355], [-76.415, 3.35]]]}}, {"type": "Feature", "properties": {"value": 7.2082, "sigma": 7.2235}, "geometry": {"type": "Polygon", "coordinates": [[[-76.41, 3.35], [-76.405, 3.35], [-76.405, 3.355], [-76.41, 3.355], [-76.41, 3.35]]]}}, {"type": "Feature", "properties": {"value": 7.226, "sigma": 7.2235}, "geometry": {"type": "Polygon", "coordinates": [[[-76.405, 3.35], [-76.4, 3.35], [-76.4, 3.355], [-76.405, 3.355], [-76.405, 3.35]]]}}, {"type": "Feature", "properties": {"value": 8.0373, "sigma": 7.2235}, "geometry": {"type": "Polygon", "coordinates": [[[-76.6, 3.355], [-76.595, 3.355], [-76.595, 3.36], [-76.6, 3.36], [-76.6, 3.355]]]}}, {"type": "Feature", "properties": {"value": 8.0369, "sigma": 7.2235}, "geometry": {"type": "Polygon", "coordinates": [[[-76.595, 3.355], [-76.59, 3.355], [-76.59, 3.36], [-76.595, 3.36], [-76.595, 3.355]]]}}, {"type": "Feature", "properties": {"value": 8.0021, "sigma": 7.2235}, "geometry": {"type": "Polygon", "coordinates": [[[-76.59, 3.355], [-76.585, 3.355], [-76.585, 3.36], [-76.59, 3.36], [-76.59, 3.355]]]}}, {"type": "Feature", "properties": {"value": 7.9286, "sigma": 7.2235}, "geometry": {"type": "Polygon", "coordinates": [[[-76.585, 3.355], [-76.58, 3.355], [-76.58, 3.36], [-76.585, 3.36], [-76.585, 3.355]]]}}, {"type": "Feature", "properties": {"value": 7.8384, "sigma": 7.2235}, "geometry": {"type": "Polygon", "coordinates": [[[-76.58, 3.355], [-76.575, 3.355], [-76.575, 3.36], [-76.58, 3.36], [-76.58, 3.355]]]}}, {"type": "Feature", "properties": {"value": 7.7552, "sigma": 7.2235}, "geometry": {"type": "Polygon", "coordinates": [[[-76.575, 3.355], [-76.57, 3.355], [-76.57, 3.36], [-76.575, 3.36], [-76.575, 3.355]]]}}, {"type": "Feature", "properties": {"value": 7.6641, "sigma": 7.2235}, "geometry": {"type": "Polygon", "coordinates": [[[-76.57, 3.355], [-76.565, 3.355], [-76.565, 3.36], [-76.57, 3.36], [-76.57, 3.355]]]}}, {"type": "Feature", "properties": {"value": 7.5392, "sigma": 7.2235}, "geometry": {"type": "Polygon", "coordinates": [[[-76.565, 3.355], [-76.56, 3.355], [-76.56, 3.36], [-76.565, 3.36], [-76.565, 3.355]]]}}, {"type": "Feature", "properties": {"value": 7.3791, "sigma": 7.2235}, "geometry": {"type": "Polygon", "coordinates": [[[-76.56, 3.355], [-76.555, 3.355], [-76.555, 3.36], [-76.56, 3.36], [-76.56, 3.355]]]}}, {"type": "Feature", "properties": {"value": 7.1977, "sigma": 7.2235}, "geometry": {"type": "Polygon", "coordinates": [[[-76.555, 3.355], [-76.55, 3.355], [-76.55, 3.36], [-76.555, 3.36], [-76.555, 3.355]]]}}, {"type": "Feature", "properties": {"value": 7.0082, "sigma": 7.2235}, "geometry": {"type": "Polygon", "coordinates": [[[-76.55, 3.355], [-76.545, 3.355], [-76.545, 3.36], [-76.55, 3.36], [-76.55, 3.355]]]}}, {"type": "Feature", "properties": {"value": 6.821, "sigma": 7.2235}, "geometry": {"type": "Polygon", "coordinates": [[[-76.545, 3.355], [-76.54, 3.355], [-76.54, 3.36], [-76.545, 3.36], [-76.545, 3.355]]]}}, {"type": "Feature", "properties": {"value": 6.6477, "sigma": 7.2235}, "geometry": {"type": "Polygon", "coordinates": [[[-76.54, 3.355], [-76.535, 3.355], [-76.535, 3.36], [-76.54, 3.36], [-76.54, 3.355]]]}}, {"type": "Feature", "properties": {"value": 6.513, "sigma": 7.2235}, "geometry": {"type": "Polygon", "coordinates": [[[-76.535, 3.355], [-76.53, 3.355], [-76.53, 3.36], [-76.535, 3.36], [-76.535, 3.355]]]}}, {"type": "Feature", "properties": {"value": 6.477, "sigma": 7.2235}, "geometry": {"type": "Polygon", "coordinates": [[[-76.53, 3.355], [-76.525, 3.355], [-76.525, 3.36], [-76.53, 3.36], [-76.53, 3.355]]]}}, {"type": "Feature", "properties": {"value": 6.678, "sigma": 7.2235}, "geometry": {"type": "Polygon", "coordinates": [[[-76.525, 3.355], [-76.52, 3.355], [-76.52, 3.36], [-76.525, 3.36], [-76.525, 3.355]]]}}, {"type": "Feature", "properties": {"value": 7.2904, "sigma": 7.2235}, "geometry": {"type": "Polygon", "coordinates": [[[-76.52, 3.355], [-76.515, 3.355], [-76.515, 3.36], [-76.52, 3.36], [-76.52, 3.355]]]}}, {"type": "Feature", "properties": {"value": 7.737, "sigma": 7.2235}, "geometry": {"type": "Polygon", "coordinates": [[[-76.515, 3.355], [-76.51, 3.355], [-76.51, 3.36], [-76.515, 3.36], [-76.515, 3.355]]]}}, {"type": "Feature", "properties": {"value": 7.2466, "sigma": 7.2235}, "geometry": {"type": "Polygon", "coordinates": [[[-76.51, 3.355], [-76.505, 3.355], [-76.505, 3.36], [-76.51, 3.36], [-76.51, 3.355]]]}}, {"type": "Feature", "properties": {"value": 6.706, "sigma": 7.2235}, "geometry": {"type": "Polygon", "coordinates": [[[-76.505, 3.355], [-76.5, 3.355], [-76.5, 3.36], [-76.505, 3.36], [-76.505, 3.355]]]}}, {"type": "Feature", "properties": {"value": 6.4367, "sigma": 7.2235}, "geometry": {"type": "Polygon", "coordinates": [[[-76.5, 3.355], [-76.495, 3.355], [-76.495, 3.36], [-76.5, 3.36], [-76.5, 3.355]]]}}, {"type": "Feature", "properties": {"value": 6.3645, "sigma": 7.2235}, "geometry": {"type": "Polygon", "coordinates": [[[-76.495, 3.355], [-76.49, 3.355], [-76.49, 3.36], [-76.495, 3.36], [-76.495, 3.355]]]}}, {"type": "Feature", "properties": {"value": 6.3985, "sigma": 7.2235}, "geometry": {"type": "Polygon", "coordinates": [[[-76.49, 3.355], [-76.485, 3.355], [-76.485, 3.36], [-76.49, 3.36], [-76.49, 3.355]]]}}, {"type": "Feature", "properties": {"value": 6.4715, "sigma": 7.2235}, "geometry": {"type": "Polygon", "coordinates": [[[-76.485, 3.355], [-76.48, 3.355], [-76.48, 3.36], [-76.485, 3.36], [-76.485, 3.355]]]}}, {"type": "Feature", "properties": {"value": 6.5442, "sigma": 7.2235}, "geometry": {"type": "Polygon", "coordinates": [[[-76.48, 3.355], [-76.475, 3.355], [-76.475, 3.36], [-76.48, 3.36], [-76.48, 3.355]]]}}, {"type": "Feature", "properties": {"value": 6.5988, "sigma": 7.2235}, "geometry": {"type": "Polygon", "coordinates": [[[-76.475, 3.355], [-76.47, 3.355], [-76.47, 3.36], [-76.475, 3.36], [-76.475, 3.355]]]}}, {"type": "Feature", "properties": {"value": 6.6321, "sigma": 7.2235}, "geometry": {"type": "Polygon", "coordinates": [[[-76.47, 3.355], [-76.465, 3.355], [-76.465, 3.36], [-76.47, 3.36], [-76.47, 3.355]]]}}, {"type": "Feature", "properties": {"value": 6.6491, "sigma": 7.2235}, "geometry": {"type": "Polygon", "coordinates": [[[-76.465, 3.355], [-76.46, 3.355], [-76.46, 3.36], [-76.465, 3.36], [-76.465, 3.355]]]}}, {"type": "Feature", "properties": {"value": 6.6599, "sigma": 7.2235}, "geometry": {"type": "Polygon", "coordinates": [[[-76.46, 3.355], [-76.455, 3.355], [-76.455, 3.36], [-76.46, 3.36], [-76.46, 3.355]]]}}, {"type": "Feature", "properties": {"value": 6.6769, "sigma": 7.2235}, "geometry": {"type": "Polygon", "coordinates": [[[-76.455, 3.355], [-76.45, 3.355], [-76.45, 3.36], [-76.455, 3.36], [-76.455, 3.355]]]}}, {"type": "Feature", "properties": {"value": 6.712, "sigma": 7.2235}, "geometry": {"type": "Polygon", "coordinates": [[[-76.45, 3.355], [-76.445, 3.355], [-76.445, 3.36], [-76.45, 3.36], [-76.45, 3.355]]]}}, {"type": "Feature", "properties": {"value": 6.7726, "sigma": 7.2235}, "geometry": {"type": "Polygon", "coordinates": [[[-76.445, 3.355], [-76.44, 3.355], [-76.44, 3.36], [-76.445, 3.36], [-76.445, 3.355]]]}}, {"type": "Feature", "properties": {"value": 6.8583, "sigma": 7.2235}, "geometry": {"type": "Polygon", "coordinates": [[[-76.44, 3.355], [-76.435, 3.355], [-76.435, 3.36], [-76.44, 3.36], [-76.44, 3.355]]]}}, {"type": "Feature", "properties": {"value": 6.9574, "sigma": 7.2235}, "geometry": {"type": "Polygon", "coordinates": [[[-76.435, 3.355], [-76.43, 3.355], [-76.43, 3.36], [-76.435, 3.36], [-76.435, 3.355]]]}}, {"type": "Feature", "properties": {"value": 7.0519, "sigma": 7.2235}, "geometry": {"type": "Polygon", "coordinates": [[[-76.43, 3.355], [-76.425, 3.355], [-76.425, 3.36], [-76.43, 3.36], [-76.43, 3.355]]]}}, {"type": "Feature", "properties": {"value": 7.1278, "sigma": 7.2235}, "geometry": {"type": "Polygon", "coordinates": [[[-76.425, 3.355], [-76.42, 3.355], [-76.42, 3.36], [-76.425, 3.36], [-76.425, 3.355]]]}}, {"type": "Feature", "properties": {"value": 7.1815, "sigma": 7.2235}, "geometry": {"type": "Polygon", "coordinates": [[[-76.42, 3.355], [-76.415, 3.355], [-76.415, 3.36], [-76.42, 3.36], [-76.42, 3.355]]]}}, {"type": "Feature", "properties": {"value": 7.2171, "sigma": 7.2235}, "geometry": {"type": "Polygon", "coordinates": [[[-76.415, 3.355], [-76.41, 3.355], [-76.41, 3.36], [-76.415, 3.36], [-76.415, 3.355]]]}}, {"type": "Feature", "properties": {"value": 7.2408, "sigma": 7.2235}, "geometry": {"type": "Polygon", "coordinates": [[[-76.41, 3.355], [-76.405, 3.355], [-76.405, 3.36], [-76.41, 3.36], [-76.41, 3.355]]]}}, {"type": "Feature", "properties": {"value": 7.258, "sigma": 7.2235}, "geometry": {"type": "Polygon", "coordinates": [[[-76.405, 3.355], [-76.4, 3.355], [-76.4, 3.36], [-76.405, 3.36], [-76.405, 3.355]]]}}, {"type": "Feature", "properties": {"value": 8.2738, "sigma": 7.2235}, "geometry": {"type": "Polygon", "coordinates": [[[-76.6, 3.36], [-76.595, 3.36], [-76.595, 3.365], [-76.6, 3.365], [-76.6, 3.36]]]}}, {"type": "Feature", "properties": {"value": 8.3627, "sigma": 7.2235}, "geometry": {"type": "Polygon", "coordinates": [[[-76.595, 3.36], [-76.59, 3.36], [-76.59, 3.365], [-76.595, 3.365], [-76.595, 3.36]]]}}, {"type": "Feature", "properties": {"value": 8.4328, "sigma": 7.2235}, "geometry": {"type": "Polygon", "coordinates": [[[-76.59, 3.36], [-76.585, 3.36], [-76.585, 3.365], [-76.59, 3.365], [-76.59, 3.36]]]}}, {"type": "Feature", "properties": {"value": 8.4385, "sigma": 7.2235}, "geometry": {"type": "Polygon", "coordinates": [[[-76.585, 3.36], [-76.58, 3.36], [-76.58, 3.365], [-76.585, 3.365], [-76.585, 3.36]]]}}, {"type": "Feature", "properties": {"value": 8.3429, "sigma": 7.2235}, "geometry": {"type": "Polygon", "coordinates": [[[-76.58, 3.36], [-76.575, 3.36], [-76.575, 3.365], [-76.58, 3.365], [-76.58, 3.36]]]}}, {"type": "Feature", "properties": {"value": 8.1643, "sigma": 7.2235}, "geometry": {"type": "Polygon", "coordinates": [[[-76.575, 3.36], [-76.57, 3.36], [-76.57, 3.365], [-76.575, 3.365], [-76.575, 3.36]]]}}, {"type": "Feature", "properties": {"value": 7.9523, "sigma": 7.2235}, "geometry": {"type": "Polygon", "coordinates": [[[-76.57, 3.36], [-76.565, 3.36], [-76.565, 3.365], [-76.57, 3.365], [-76.57, 3.36]]]}}, {"type": "Feature", "properties": {"value": 7.7358, "sigma": 7.2235}, "geometry": {"type": "Polygon", "coordinates": [[[-76.565, 3.36], [-76.56, 3.36], [-76.56, 3.365], [-76.565, 3.365], [-76.565, 3.36]]]}}, {"type": "Feature", "properties": {"value": 7.5236, "sigma": 7.2235}, "geometry": {"type": "Polygon", "coordinates": [[[-76.56, 3.36], [-76.555, 3.36], [-76.555, 3.365], [-76.56, 3.365], [-76.56, 3.36]]]}}, {"type": "Feature", "properties": {"value": 7.3195, "sigma": 7.2235}, "geometry": {"type": "Polygon", "coordinates": [[[-76.555, 3.36], [-76.55, 3.36], [-76.55, 3.365], [-76.555, 3.365], [-76.555, 3.36]]]}}, {"type": "Feature", "properties": {"value": 7.1265, "sigma": 7.2235}, "geometry": {"type": "Polygon", "coordinates": [[[-76.55, 3.36], [-76.545, 3.36], [-76.545, 3.365], [-76.55, 3.365], [-76.55, 3.36]]]}}, {"type": "Feature", "properties": {"value": 6.949, "sigma": 7.2235}, "geometry": {"type": "Polygon", "coordinates": [[[-76.545, 3.36], [-76.54, 3.36], [-76.54, 3.365], [-76.545, 3.365], [-76.545, 3.36]]]}}, {"type": "Feature", "properties": {"value": 6.7961, "sigma": 7.2235}, "geometry": {"type": "Polygon", "coordinates": [[[-76.54, 3.36], [-76.535, 3.36], [-76.535, 3.365], [-76.54, 3.365], [-76.54, 3.36]]]}}, {"type": "Feature", "properties": {"value": 6.6869, "sigma": 7.2235}, "geometry": {"type": "Polygon", "coordinates": [[[-76.535, 3.36], [-76.53, 3.36], [-76.53, 3.365], [-76.535, 3.365], [-76.535, 3.36]]]}}, {"type": "Feature", "properties": {"value": 6.6543, "sigma": 7.2235}, "geometry": {"type": "Polygon", "coordinates": [[[-76.53, 3.36], [-76.525, 3.36], [-76.525, 3.365], [-76.53, 3.365], [-76.53, 3.36]]]}}, {"type": "Feature", "properties": {"value": 6.7373, "sigma": 7.2235}, "geometry": {"type": "Polygon", "coordinates": [[[-76.525, 3.36], [-76.52, 3.36], [-76.52, 3.365], [-76.525, 3.365], [-76.525, 3.36]]]}}, {"type": "Feature", "properties": {"value": 6.9127, "sigma": 7.2235}, "geometry": {"type": "Polygon", "coordinates": [[[-76.52, 3.36], [-76.515, 3.36], [-76.515, 3.365], [-76.52, 3.365], [-76.52, 3.36]]]}}, {"type": "Feature", "properties": {"value": 6.9475, "sigma": 7.2235}, "geometry": {"type": "Polygon", "coordinates": [[[-76.515, 3.36], [-76.51, 3.36], [-76.51, 3.365], [-76.515, 3.365], [-76.515, 3.36]]]}}, {"type": "Feature", "properties": {"value": 6.6295, "sigma": 7.2235}, "geometry": {"type": "Polygon", "coordinates": [[[-76.51, 3.36], [-76.505, 3.36], [-76.505, 3.365], [-76.51, 3.365], [-76.51, 3.36]]]}}, {"type": "Feature", "properties": {"value": 6.2293, "sigma": 7.2235}, "geometry": {"type": "Polygon", "coordinates": [[[-76.505, 3.36], [-76.5, 3.36], [-76.5, 3.365], [-76.505, 3.365], [-76.505, 3.36]]]}}, {"type": "Feature", "properties": {"value": 6.037, "sigma": 7.2235}, "geometry": {"type": "Polygon", "coordinates": [[[-76.5, 3.36], [-76.495, 3.36], [-76.495, 3.365], [-76.5, 3.365], [-76.5, 3.36]]]}}, {"type": "Feature", "properties": {"value": 6.0637, "sigma": 7.2235}, "geometry": {"type": "Polygon", "coordinates": [[[-76.495, 3.36], [-76.49, 3.36], [-76.49, 3.365], [-76.495, 3.365], [-76.495, 3.36]]]}}, {"type": "Feature", "properties": {"value": 6.1998, "sigma": 7.2235}, "geometry": {"type": "Polygon", "coordinates": [[[-76.49, 3.36], [-76.485, 3.36], [-76.485, 3.365], [-76.49, 3.365], [-76.49, 3.36]]]}}, {"type": "Feature", "properties": {"value": 6.3506, "sigma": 7.2235}, "geometry": {"type": "Polygon", "coordinates": [[[-76.485, 3.36], [-76.48, 3.36], [-76.48, 3.365], [-76.485, 3.365], [-76.485, 3.36]]]}}, {"type": "Feature", "properties": {"value": 6.4684, "sigma": 7.2235}, "geometry": {"type": "Polygon", "coordinates": [[[-76.48, 3.36], [-76.475, 3.36], [-76.475, 3.365], [-76.48, 3.365], [-76.48, 3.36]]]}}, {"type": "Feature", "properties": {"value": 6.5391, "sigma": 7.2235}, "geometry": {"type": "Polygon", "coordinates": [[[-76.475, 3.36], [-76.47, 3.36], [-76.47, 3.365], [-76.475, 3.365], [-76.475, 3.36]]]}}, {"type": "Feature", "properties": {"value": 6.5663, "sigma": 7.2235}, "geometry": {"type": "Polygon", "coordinates": [[[-76.47, 3.36], [-76.465, 3.36], [-76.465, 3.365], [-76.47, 3.365], [-76.47, 3.36]]]}}, {"type": "Feature", "properties": {"value": 6.5632, "sigma": 7.2235}, "geometry": {"type": "Polygon", "coordinates": [[[-76.465, 3.36], [-76.46, 3.36], [-76.46, 3.365], [-76.465, 3.365], [-76.465, 3.36]]]}}, {"type": "Feature", "properties": {"value": 6.5488, "sigma": 7.2235}, "geometry": {"type": "Polygon", "coordinates": [[[-76.46, 3.36], [-76.455, 3.36], [-76.455, 3.365], [-76.46, 3.365], [-76.46, 3.36]]]}}, {"type": "Feature", "properties": {"value": 6.5458, "sigma": 7.2235}, "geometry": {"type": "Polygon", "coordinates": [[[-76.455, 3.36], [-76.45, 3.36], [-76.45, 3.365], [-76.455, 3.365], [-76.455, 3.36]]]}}, {"type": "Feature", "properties": {"value": 6.5754, "sigma": 7.2235}, "geometry": {"type": "Polygon", "coordinates": [[[-76.45, 3.36], [-76.445, 3.36], [-76.445, 3.365], [-76.45, 3.365], [-76.45, 3.36]]]}}, {"type": "Feature", "properties": {"value": 6.6522, "sigma": 7.2235}, "geometry": {"type": "Polygon", "coordinates": [[[-76.445, 3.36], [-76.44, 3.36], [-76.44, 3.365], [-76.445, 3.365], [-76.445, 3.36]]]}}, {"type": "Feature", "properties": {"value": 6.7792, "sigma": 7.2235}, "geometry": {"type": "Polygon", "coordinates": [[[-76.44, 3.36], [-76.435, 3.36], [-76.435, 3.365], [-76.44, 3.365], [-76.44, 3.36]]]}}, {"type": "Feature", "properties": {"value": 6.9346, "sigma": 7.2235}, "geometry": {"type": "Polygon", "coordinates": [[[-76.435, 3.36], [-76.43, 3.36], [-76.43, 3.365], [-76.435, 3.365], [-76.435, 3.36]]]}}, {"type": "Feature", "properties": {"value": 7.0771, "sigma": 7.2235}, "geometry": {"type": "Polygon", "coordinates": [[[-76.43, 3.36], [-76.425, 3.36], [-76.425, 3.365], [-76.43, 3.365], [-76.43, 3.36]]]}}, {"type": "Feature", "properties": {"value": 7.1783, "sigma": 7.2235}, "geometry": {"type": "Polygon", "coordinates": [[[-76.425, 3.36], [-76.42, 3.36], [-76.42, 3.365], [-76.425, 3.365], [-76.425, 3.36]]]}}, {"type": "Feature", "properties": {"value": 7.238, "sigma": 7.2235}, "geometry": {"type": "Polygon", "coordinates": [[[-76.42, 3.36], [-76.415, 3.36], [-76.415, 3.365], [-76.42, 3.365], [-76.42, 3.36]]]}}, {"type": "Feature", "properties": {"value": 7.2697, "sigma": 7.2235}, "geometry": {"type": "Polygon", "coordinates": [[[-76.415, 3.36], [-76.41, 3.36], [-76.41, 3.365], [-76.415, 3.365], [-76.415, 3.36]]]}}, {"type": "Feature", "properties": {"value": 7.2869, "sigma": 7.2235}, "geometry": {"type": "Polygon", "coordinates": [[[-76.41, 3.36], [-76.405, 3.36], [-76.405, 3.365], [-76.41, 3.365], [-76.41, 3.36]]]}}, {"type": "Feature", "properties": {"value": 7.2982, "sigma": 7.2235}, "geometry": {"type": "Polygon", "coordinates": [[[-76.405, 3.36], [-76.4, 3.36], [-76.4, 3.365], [-76.405, 3.365], [-76.405, 3.36]]]}}, {"type": "Feature", "properties": {"value": 8.5166, "sigma": 7.2235}, "geometry": {"type": "Polygon", "coordinates": [[[-76.6, 3.365], [-76.595, 3.365], [-76.595, 3.37], [-76.6, 3.37], [-76.6, 3.365]]]}}, {"type": "Feature", "properties": {"value": 8.7158, "sigma": 7.2235}, "geometry": {"type": "Polygon", "coordinates": [[[-76.595, 3.365], [-76.59, 3.365], [-76.59, 3.37], [-76.595, 3.37], [-76.595, 3.365]]]}}, {"type": "Feature", "properties": {"value": 8.9282, "sigma": 7.2235}, "geometry": {"type": "Polygon", "coordinates": [[[-76.59, 3.365], [-76.585, 3.365], [-76.585, 3.37], [-76.59, 3.37], [-76.59, 3.365]]]}}, {"type": "Feature", "properties": {"value": 9.0524, "sigma": 7.2235}, "geometry": {"type": "Polygon", "coordinates": [[[-76.585, 3.365], [-76.58, 3.365], [-76.58, 3.37], [-76.585, 3.37], [-76.585, 3.365]]]}}, {"type": "Feature", "properties": {"value": 8.9561, "sigma": 7.2235}, "geometry": {"type": "Polygon", "coordinates": [[[-76.58, 3.365], [-76.575, 3.365], [-76.575, 3.37], [-76.58, 3.37], [-76.58, 3.365]]]}}, {"type": "Feature", "properties": {"value": 8.6504, "sigma": 7.2235}, "geometry": {"type": "Polygon", "coordinates": [[[-76.575, 3.365], [-76.57, 3.365], [-76.57, 3.37], [-76.575, 3.37], [-76.575, 3.365]]]}}, {"type": "Feature", "properties": {"value": 8.2845, "sigma": 7.2235}, "geometry": {"type": "Polygon", "coordinates": [[[-76.57, 3.365], [-76.565, 3.365], [-76.565, 3.37], [-76.57, 3.37], [-76.57, 3.365]]]}}, {"type": "Feature", "properties": {"value": 7.9569, "sigma": 7.2235}, "geometry": {"type": "Polygon", "coordinates": [[[-76.565, 3.365], [-76.56, 3.365], [-76.56, 3.37], [-76.565, 3.37], [-76.565, 3.365]]]}}, {"type": "Feature", "properties": {"value": 7.6839, "sigma": 7.2235}, "geometry": {"type": "Polygon", "coordinates": [[[-76.56, 3.365], [-76.555, 3.365], [-76.555, 3.37], [-76.56, 3.37], [-76.56, 3.365]]]}}, {"type": "Feature", "properties": {"value": 7.4535, "sigma": 7.2235}, "geometry": {"type": "Polygon", "coordinates": [[[-76.555, 3.365], [-76.55, 3.365], [-76.55, 3.37], [-76.555, 3.37], [-76.555, 3.365]]]}}, {"type": "Feature", "properties": {"value": 7.2537, "sigma": 7.2235}, "geometry": {"type": "Polygon", "coordinates": [[[-76.55, 3.365], [-76.545, 3.365], [-76.545, 3.37], [-76.55, 3.37], [-76.55, 3.365]]]}}, {"type": "Feature", "properties": {"value": 7.0786, "sigma": 7.2235}, "geometry": {"type": "Polygon", "coordinates": [[[-76.545, 3.365], [-76.54, 3.365], [-76.54, 3.37], [-76.545, 3.37], [-76.545, 3.365]]]}}, {"type": "Feature", "properties": {"value": 6.9291, "sigma": 7.2235}, "geometry": {"type": "Polygon", "coordinates": [[[-76.54, 3.365], [-76.535, 3.365], [-76.535, 3.37], [-76.54, 3.37], [-76.54, 3.365]]]}}, {"type": "Feature", "properties": {"value": 6.8116, "sigma": 7.2235}, "geometry": {"type": "Polygon", "coordinates": [[[-76.535, 3.365], [-76.53, 3.365], [-76.53, 3.37], [-76.535, 3.37], [-76.535, 3.365]]]}}, {"type": "Feature", "properties": {"value": 6.7327, "sigma": 7.2235}, "geometry": {"type": "Polygon", "coordinates": [[[-76.53, 3.365], [-76.525, 3.365], [-76.525, 3.37], [-76.53, 3.37], [-76.53, 3.365]]]}}, {"type": "Feature", "properties": {"value": 6.6844, "sigma": 7.2235}, "geometry": {"type": "Polygon", "coordinates": [[[-76.525, 3.365], [-76.52, 3.365], [-76.52, 3.37], [-76.525, 3.37], [-76.525, 3.365]]]}}, {"type": "Feature", "properties": {"value": 6.6127, "sigma": 7.2235}, "geometry": {"type": "Polygon", "coordinates": [[[-76.52, 3.365], [-76.515, 3.365], [-76.515, 3.37], [-76.52, 3.37], [-76.52, 3.365]]]}}, {"type": "Feature", "properties": {"value": 6.4041, "sigma": 7.2235}, "geometry": {"type": "Polygon", "coordinates": [[[-76.515, 3.365], [-76.51, 3.365], [-76.51, 3.37], [-76.515, 3.37], [-76.515, 3.365]]]}}, {"type": "Feature", "properties": {"value": 6.0008, "sigma": 7.2235}, "geometry": {"type": "Polygon", "coordinates": [[[-76.51, 3.365], [-76.505, 3.365], [-76.505, 3.37], [-76.51, 3.37], [-76.51, 3.365]]]}}, {"type": "Feature", "properties": {"value": 5.5996, "sigma": 7.2235}, "geometry": {"type": "Polygon", "coordinates": [[[-76.505, 3.365], [-76.5, 3.365], [-76.5, 3.37], [-76.505, 3.37], [-76.505, 3.365]]]}}, {"type": "Feature", "properties": {"value": 5.4912, "sigma": 7.2235}, "geometry": {"type": "Polygon", "coordinates": [[[-76.5, 3.365], [-76.495, 3.365], [-76.495, 3.37], [-76.5, 3.37], [-76.5, 3.365]]]}}, {"type": "Feature", "properties": {"value": 5.6806, "sigma": 7.2235}, "geometry": {"type": "Polygon", "coordinates": [[[-76.495, 3.365], [-76.49, 3.365], [-76.49, 3.37], [-76.495, 3.37], [-76.495, 3.365]]]}}, {"type": "Feature", "properties": {"value": 5.9742, "sigma": 7.2235}, "geometry": {"type": "Polygon", "coordinates": [[[-76.49, 3.365], [-76.485, 3.365], [-76.485, 3.37], [-76.49, 3.37], [-76.49, 3.365]]]}}, {"type": "Feature", "properties": {"value": 6.2309, "sigma": 7.2235}, "geometry": {"type": "Polygon", "coordinates": [[[-76.485, 3.365], [-76.48, 3.365], [-76.48, 3.37], [-76.485, 3.37], [-76.485, 3.365]]]}}, {"type": "Feature", "properties": {"value": 6.4025, "sigma": 7.2235}, "geometry": {"type": "Polygon", "coordinates": [[[-76.48, 3.365], [-76.475, 3.365], [-76.475, 3.37], [-76.48, 3.37], [-76.48, 3.365]]]}}, {"type": "Feature", "properties": {"value": 6.4878, "sigma": 7.2235}, "geometry": {"type": "Polygon", "coordinates": [[[-76.475, 3.365], [-76.47, 3.365], [-76.47, 3.37], [-76.475, 3.37], [-76.475, 3.365]]]}}, {"type": "Feature", "properties": {"value": 6.5025, "sigma": 7.2235}, "geometry": {"type": "Polygon", "coordinates": [[[-76.47, 3.365], [-76.465, 3.365], [-76.465, 3.37], [-76.47, 3.37], [-76.47, 3.365]]]}}, {"type": "Feature", "properties": {"value": 6.4695, "sigma": 7.2235}, "geometry": {"type": "Polygon", "coordinates": [[[-76.465, 3.365], [-76.46, 3.365], [-76.46, 3.37], [-76.465, 3.37], [-76.465, 3.365]]]}}, {"type": "Feature", "properties": {"value": 6.4187, "sigma": 7.2235}, "geometry": {"type": "Polygon", "coordinates": [[[-76.46, 3.365], [-76.455, 3.365], [-76.455, 3.37], [-76.46, 3.37], [-76.46, 3.365]]]}}, {"type": "Feature", "properties": {"value": 6.387, "sigma": 7.2235}, "geometry": {"type": "Polygon", "coordinates": [[[-76.455, 3.365], [-76.45, 3.365], [-76.45, 3.37], [-76.455, 3.37], [-76.455, 3.365]]]}}, {"type": "Feature", "properties": {"value": 6.4081, "sigma": 7.2235}, "geometry": {"type": "Polygon", "coordinates": [[[-76.45, 3.365], [-76.445, 3.365], [-76.445, 3.37], [-76.45, 3.37], [-76.45, 3.365]]]}}, {"type": "Feature", "properties": {"value": 6.5027, "sigma": 7.2235}, "geometry": {"type": "Polygon", "coordinates": [[[-76.445, 3.365], [-76.44, 3.365], [-76.44, 3.37], [-76.445, 3.37], [-76.445, 3.365]]]}}, {"type": "Feature", "properties": {"value": 6.6969, "sigma": 7.2235}, "geometry": {"type": "Polygon", "coordinates": [[[-76.44, 3.365], [-76.435, 3.365], [-76.435, 3.37], [-76.44, 3.37], [-76.44, 3.365]]]}}, {"type": "Feature", "properties": {"value": 6.9569, "sigma": 7.2235}, "geometry": {"type": "Polygon", "coordinates": [[[-76.435, 3.365], [-76.43, 3.365], [-76.43, 3.37], [-76.435, 3.37], [-76.435, 3.365]]]}}, {"type": "Feature", "properties": {"value": 7.1741, "sigma": 7.2235}, "geometry": {"type": "Polygon", "coordinates": [[[-76.43, 3.365], [-76.425, 3.365], [-76.425, 3.37], [-76.43, 3.37], [-76.43, 3.365]]]}}, {"type": "Feature", "properties": {"value": 7.2934, "sigma": 7.2235}, "geometry": {"type": "Polygon", "coordinates": [[[-76.425, 3.365], [-76.42, 3.365], [-76.42, 3.37], [-76.425, 3.37], [-76.425, 3.365]]]}}, {"type": "Feature", "properties": {"value": 7.3383, "sigma": 7.2235}, "geometry": {"type": "Polygon", "coordinates": [[[-76.42, 3.365], [-76.415, 3.365], [-76.415, 3.37], [-76.42, 3.37], [-76.42, 3.365]]]}}, {"type": "Feature", "properties": {"value": 7.3484, "sigma": 7.2235}, "geometry": {"type": "Polygon", "coordinates": [[[-76.415, 3.365], [-76.41, 3.365], [-76.41, 3.37], [-76.415, 3.37], [-76.415, 3.365]]]}}, {"type": "Feature", "properties": {"value": 7.3476, "sigma": 7.2235}, "geometry": {"type": "Polygon", "coordinates": [[[-76.41, 3.365], [-76.405, 3.365], [-76.405, 3.37], [-76.41, 3.37], [-76.41, 3.365]]]}}, {"type": "Feature", "properties": {"value": 7.3463, "sigma": 7.2235}, "geometry": {"type": "Polygon", "coordinates": [[[-76.405, 3.365], [-76.4, 3.365], [-76.4, 3.37], [-76.405, 3.37], [-76.405, 3.365]]]}}, {"type": "Feature", "properties": {"value": 8.7165, "sigma": 7.2235}, "geometry": {"type": "Polygon", "coordinates": [[[-76.6, 3.37], [-76.595, 3.37], [-76.595, 3.375], [-76.6, 3.375], [-76.6, 3.37]]]}}, {"type": "Feature", "properties": {"value": 9.0124, "sigma": 7.2235}, "geometry": {"type": "Polygon", "coordinates": [[[-76.595, 3.37], [-76.59, 3.37], [-76.59, 3.375], [-76.595, 3.375], [-76.595, 3.37]]]}}, {"type": "Feature", "properties": {"value": 9.3617, "sigma": 7.2235}, "geometry": {"type": "Polygon", "coordinates": [[[-76.59, 3.37], [-76.585, 3.37], [-76.585, 3.375], [-76.59, 3.375], [-76.59, 3.37]]]}}, {"type": "Feature", "properties": {"value": 9.615, "sigma": 7.2235}, "geometry": {"type": "Polygon", "coordinates": [[[-76.585, 3.37], [-76.58, 3.37], [-76.58, 3.375], [-76.585, 3.375], [-76.585, 3.37]]]}}, {"type": "Feature", "properties": {"value": 9.5287, "sigma": 7.2235}, "geometry": {"type": "Polygon", "coordinates": [[[-76.58, 3.37], [-76.575, 3.37], [-76.575, 3.375], [-76.58, 3.375], [-76.58, 3.37]]]}}, {"type": "Feature", "properties": {"value": 9.0959, "sigma": 7.2235}, "geometry": {"type": "Polygon", "coordinates": [[[-76.575, 3.37], [-76.57, 3.37], [-76.57, 3.375], [-76.575, 3.375], [-76.575, 3.37]]]}}, {"type": "Feature", "properties": {"value": 8.5823, "sigma": 7.2235}, "geometry": {"type": "Polygon", "coordinates": [[[-76.57, 3.37], [-76.565, 3.37], [-76.565, 3.375], [-76.57, 3.375], [-76.57, 3.37]]]}}, {"type": "Feature", "properties": {"value": 8.1572, "sigma": 7.2235}, "geometry": {"type": "Polygon", "coordinates": [[[-76.565, 3.37], [-76.56, 3.37], [-76.56, 3.375], [-76.565, 3.375], [-76.565, 3.37]]]}}, {"type": "Feature", "properties": {"value": 7.836, "sigma": 7.2235}, "geometry": {"type": "Polygon", "coordinates": [[[-76.56, 3.37], [-76.555, 3.37], [-76.555, 3.375], [-76.56, 3.375], [-76.56, 3.37]]]}}, {"type": "Feature", "properties": {"value": 7.5874, "sigma": 7.2235}, "geometry": {"type": "Polygon", "coordinates": [[[-76.555, 3.37], [-76.55, 3.37], [-76.55, 3.375], [-76.555, 3.375], [-76.555, 3.37]]]}}, {"type": "Feature", "properties": {"value": 7.3835, "sigma": 7.2235}, "geometry": {"type": "Polygon", "coordinates": [[[-76.55, 3.37], [-76.545, 3.37], [-76.545, 3.375], [-76.55, 3.375], [-76.55, 3.37]]]}}, {"type": "Feature", "properties": {"value": 7.2082, "sigma": 7.2235}, "geometry": {"type": "Polygon", "coordinates": [[[-76.545, 3.37], [-76.54, 3.37], [-76.54, 3.375], [-76.545, 3.375], [-76.545, 3.37]]]}}, {"type": "Feature", "properties": {"value": 7.0539, "sigma": 7.2235}, "geometry": {"type": "Polygon", "coordinates": [[[-76.54, 3.37], [-76.535, 3.37], [-76.535, 3.375], [-76.54, 3.375], [-76.54, 3.37]]]}}, {"type": "Feature", "properties": {"value": 6.917, "sigma": 7.2235}, "geometry": {"type": "Polygon", "coordinates": [[[-76.535, 3.37], [-76.53, 3.37], [-76.53, 3.375], [-76.535, 3.375], [-76.535, 3.37]]]}}, {"type": "Feature", "properties": {"value": 6.7893, "sigma": 7.2235}, "geometry": {"type": "Polygon", "coordinates": [[[-76.53, 3.37], [-76.525, 3.37], [-76.525, 3.375], [-76.53, 3.375], [-76.53, 3.37]]]}}, {"type": "Feature", "properties": {"value": 6.6475, "sigma": 7.2235}, "geometry": {"type": "Polygon", "coordinates": [[[-76.525, 3.37], [-76.52, 3.37], [-76.52, 3.375], [-76.525, 3.375], [-76.525, 3.37]]]}}, {"type": "Feature", "properties": {"value": 6.4393, "sigma": 7.2235}, "geometry": {"type": "Polygon", "coordinates": [[[-76.52, 3.37], [-76.515, 3.37], [-76.515, 3.375], [-76.52, 3.375], [-76.52, 3.37]]]}}, {"type": "Feature", "properties": {"value": 6.0893, "sigma": 7.2235}, "geometry": {"type": "Polygon", "coordinates": [[[-76.515, 3.37], [-76.51, 3.37], [-76.51, 3.375], [-76.515, 3.375], [-76.515, 3.37]]]}}, {"type": "Feature", "properties": {"value": 5.5793, "sigma": 7.2235}, "geometry": {"type": "Polygon", "coordinates": [[[-76.51, 3.37], [-76.505, 3.37], [-76.505, 3.375], [-76.51, 3.375], [-76.51, 3.37]]]}}, {"type": "Feature", "properties": {"value": 5.1136, "sigma": 7.2235}, "geometry": {"type": "Polygon", "coordinates": [[[-76.505, 3.37], [-76.5, 3.37], [-76.5, 3.375], [-76.505, 3.375], [-76.505, 3.37]]]}}, {"type": "Feature", "properties": {"value": 5.0402, "sigma": 7.2235}, "geometry": {"type": "Polygon", "coordinates": [[[-76.5, 3.37], [-76.495, 3.37], [-76.495, 3.375], [-76.5, 3.375], [-76.5, 3.37]]]}}, {"type": "Feature", "properties": {"value": 5.3694, "sigma": 7.2235}, "geometry": {"type": "Polygon", "coordinates": [[[-76.495, 3.37], [-76.49, 3.37], [-76.49, 3.375], [-76.495, 3.375], [-76.495, 3.37]]]}}, {"type": "Feature", "properties": {"value": 5.8074, "sigma": 7.2235}, "geometry": {"type": "Polygon", "coordinates": [[[-76.49, 3.37], [-76.485, 3.37], [-76.485, 3.375], [-76.49, 3.375], [-76.49, 3.37]]]}}, {"type": "Feature", "properties": {"value": 6.1561, "sigma": 7.2235}, "geometry": {"type": "Polygon", "coordinates": [[[-76.485, 3.37], [-76.48, 3.37], [-76.48, 3.375], [-76.485, 3.375], [-76.485, 3.37]]]}}, {"type": "Feature", "properties": {"value": 6.3681, "sigma": 7.2235}, "geometry": {"type": "Polygon", "coordinates": [[[-76.48, 3.37], [-76.475, 3.37], [-76.475, 3.375], [-76.48, 3.375], [-76.48, 3.37]]]}}, {"type": "Feature", "properties": {"value": 6.4567, "sigma": 7.2235}, "geometry": {"type": "Polygon", "coordinates": [[[-76.475, 3.37], [-76.47, 3.37], [-76.47, 3.375], [-76.475, 3.375], [-76.475, 3.37]]]}}, {"type": "Feature", "properties": {"value": 6.4482, "sigma": 7.2235}, "geometry": {"type": "Polygon", "coordinates": [[[-76.47, 3.37], [-76.465, 3.37], [-76.465, 3.375], [-76.47, 3.375], [-76.47, 3.37]]]}}, {"type": "Feature", "properties": {"value": 6.3723, "sigma": 7.2235}, "geometry": {"type": "Polygon", "coordinates": [[[-76.465, 3.37], [-76.46, 3.37], [-76.46, 3.375], [-76.465, 3.375], [-76.465, 3.37]]]}}, {"type": "Feature", "properties": {"value": 6.2668, "sigma": 7.2235}, "geometry": {"type": "Polygon", "coordinates": [[[-76.46, 3.37], [-76.455, 3.37], [-76.455, 3.375], [-76.46, 3.375], [-76.46, 3.37]]]}}, {"type": "Feature", "properties": {"value": 6.1874, "sigma": 7.2235}, "geometry": {"type": "Polygon", "coordinates": [[[-76.455, 3.37], [-76.45, 3.37], [-76.45, 3.375], [-76.455, 3.375], [-76.455, 3.37]]]}}, {"type": "Feature", "properties": {"value": 6.198, "sigma": 7.2235}, "geometry": {"type": "Polygon", "coordinates": [[[-76.45, 3.37], [-76.445, 3.37], [-76.445, 3.375], [-76.45, 3.375], [-76.45, 3.37]]]}}, {"type": "Feature", "properties": {"value": 6.2822, "sigma": 7.2235}, "geometry": {"type": "Polygon", "coordinates": [[[-76.445, 3.37], [-76.44, 3.37], [-76.44, 3.375], [-76.445, 3.375], [-76.445, 3.37]]]}}, {"type": "Feature", "properties": {"value": 6.5954, "sigma": 7.2235}, "geometry": {"type": "Polygon", "coordinates": [[[-76.44, 3.37], [-76.435, 3.37], [-76.435, 3.375], [-76.44, 3.375], [-76.44, 3.37]]]}}, {"type": "Feature", "properties": {"value": 7.088, "sigma": 7.2235}, "geometry": {"type": "Polygon", "coordinates": [[[-76.435, 3.37], [-76.43, 3.37], [-76.43, 3.375], [-76.435, 3.375], [-76.435, 3.37]]]}}, {"type": "Feature", "properties": {"value": 7.4187, "sigma": 7.2235}, "geometry": {"type": "Polygon", "coordinates": [[[-76.43, 3.37], [-76.425, 3.37], [-76.425, 3.375], [-76.43, 3.375], [-76.43, 3.37]]]}}, {"type": "Feature", "properties": {"value": 7.5087, "sigma": 7.2235}, "geometry": {"type": "Polygon", "coordinates": [[[-76.425, 3.37], [-76.42, 3.37], [-76.42, 3.375], [-76.425, 3.375], [-76.425, 3.37]]]}}, {"type": "Feature", "properties": {"value": 7.4901, "sigma": 7.2235}, "geometry": {"type": "Polygon", "coordinates": [[[-76.42, 3.37], [-76.415, 3.37], [-76.415, 3.375], [-76.42, 3.375], [-76.42, 3.37]]]}}, {"type": "Feature", "properties": {"value": 7.4507, "sigma": 7.2235}, "geometry": {"type": "Polygon", "coordinates": [[[-76.415, 3.37], [-76.41, 3.37], [-76.41, 3.375], [-76.415, 3.375], [-76.415, 3.37]]]}}, {"type": "Feature", "properties": {"value": 7.4189, "sigma": 7.2235}, "geometry": {"type": "Polygon", "coordinates": [[[-76.41, 3.37], [-76.405, 3.37], [-76.405, 3.375], [-76.41, 3.375], [-76.41, 3.37]]]}}, {"type": "Feature", "properties": {"value": 7.3995, "sigma": 7.2235}, "geometry": {"type": "Polygon", "coordinates": [[[-76.405, 3.37], [-76.4, 3.37], [-76.4, 3.375], [-76.405, 3.375], [-76.405, 3.37]]]}}, {"type": "Feature", "properties": {"value": 8.8257, "sigma": 7.2235}, "geometry": {"type": "Polygon", "coordinates": [[[-76.6, 3.375], [-76.595, 3.375], [-76.595, 3.38], [-76.6, 3.38], [-76.6, 3.375]]]}}, {"type": "Feature", "properties": {"value": 9.1575, "sigma": 7.2235}, "geometry": {"type": "Polygon", "coordinates": [[[-76.595, 3.375], [-76.59, 3.375], [-76.59, 3.38], [-76.595, 3.38], [-76.595, 3.375]]]}}, {"type": "Feature", "properties": {"value": 9.5568, "sigma": 7.2235}, "geometry": {"type": "Polygon", "coordinates": [[[-76.59, 3.375], [-76.585, 3.375], [-76.585, 3.38], [-76.59, 3.38], [-76.59, 3.375]]]}}, {"type": "Feature", "properties": {"value": 9.861, "sigma": 7.2235}, "geometry": {"type": "Polygon", "coordinates": [[[-76.585, 3.375], [-76.58, 3.375], [-76.58, 3.38], [-76.585, 3.38], [-76.585, 3.375]]]}}, {"type": "Feature", "properties": {"value": 9.7862, "sigma": 7.2235}, "geometry": {"type": "Polygon", "coordinates": [[[-76.58, 3.375], [-76.575, 3.375], [-76.575, 3.38], [-76.58, 3.38], [-76.58, 3.375]]]}}, {"type": "Feature", "properties": {"value": 9.3104, "sigma": 7.2235}, "geometry": {"type": "Polygon", "coordinates": [[[-76.575, 3.375], [-76.57, 3.375], [-76.57, 3.38], [-76.575, 3.38], [-76.575, 3.375]]]}}, {"type": "Feature", "properties": {"value": 8.7435, "sigma": 7.2235}, "geometry": {"type": "Polygon", "coordinates": [[[-76.57, 3.375], [-76.565, 3.375], [-76.565, 3.38], [-76.57, 3.38], [-76.57, 3.375]]]}}, {"type": "Feature", "properties": {"value": 8.2875, "sigma": 7.2235}, "geometry": {"type": "Polygon", "coordinates": [[[-76.565, 3.375], [-76.56, 3.375], [-76.56, 3.38], [-76.565, 3.38], [-76.565, 3.375]]]}}, {"type": "Feature", "properties": {"value": 7.9571, "sigma": 7.2235}, "geometry": {"type": "Polygon", "coordinates": [[[-76.56, 3.375], [-76.555, 3.375], [-76.555, 3.38], [-76.56, 3.38], [-76.56, 3.375]]]}}, {"type": "Feature", "properties": {"value": 7.7109, "sigma": 7.2235}, "geometry": {"type": "Polygon", "coordinates": [[[-76.555, 3.375], [-76.55, 3.375], [-76.55, 3.38], [-76.555, 3.38], [-76.555, 3.375]]]}}, {"type": "Feature", "properties": {"value": 7.5127, "sigma": 7.2235}, "geometry": {"type": "Polygon", "coordinates": [[[-76.55, 3.375], [-76.545, 3.375], [-76.545, 3.38], [-76.55, 3.38], [-76.55, 3.375]]]}}, {"type": "Feature", "properties": {"value": 7.3405, "sigma": 7.2235}, "geometry": {"type": "Polygon", "coordinates": [[[-76.545, 3.375], [-76.54, 3.375], [-76.54, 3.38], [-76.545, 3.38], [-76.545, 3.375]]]}}, {"type": "Feature", "properties": {"value": 7.1825, "sigma": 7.2235}, "geometry": {"type": "Polygon", "coordinates": [[[-76.54, 3.375], [-76.535, 3.375], [-76.535, 3.38], [-76.54, 3.38], [-76.54, 3.375]]]}}, {"type": "Feature", "properties": {"value": 7.0297, "sigma": 7.2235}, "geometry": {"type": "Polygon", "coordinates": [[[-76.535, 3.375], [-76.53, 3.375], [-76.53, 3.38], [-76.535, 3.38], [-76.535, 3.375]]]}}, {"type": "Feature", "properties": {"value": 6.8691, "sigma": 7.2235}, "geometry": {"type": "Polygon", "coordinates": [[[-76.53, 3.375], [-76.525, 3.375], [-76.525, 3.38], [-76.53, 3.38], [-76.53, 3.375]]]}}, {"type": "Feature", "properties": {"value": 6.6757, "sigma": 7.2235}, "geometry": {"type": "Polygon", "coordinates": [[[-76.525, 3.375], [-76.52, 3.375], [-76.52, 3.38], [-76.525, 3.38], [-76.525, 3.375]]]}}, {"type": "Feature", "properties": {"value": 6.4072, "sigma": 7.2235}, "geometry": {"type": "Polygon", "coordinates": [[[-76.52, 3.375], [-76.515, 3.375], [-76.515, 3.38], [-76.52, 3.38], [-76.52, 3.375]]]}}, {"type": "Feature", "properties": {"value": 6.0154, "sigma": 7.2235}, "geometry": {"type": "Polygon", "coordinates": [[[-76.515, 3.375], [-76.51, 3.375], [-76.51, 3.38], [-76.515, 3.38], [-76.515, 3.375]]]}}, {"type": "Feature", "properties": {"value": 5.5064, "sigma": 7.2235}, "geometry": {"type": "Polygon", "coordinates": [[[-76.51, 3.375], [-76.505, 3.375], [-76.505, 3.38], [-76.51, 3.38], [-76.51, 3.375]]]}}, {"type": "Feature", "properties": {"value": 5.0633, "sigma": 7.2235}, "geometry": {"type": "Polygon", "coordinates": [[[-76.505, 3.375], [-76.5, 3.375], [-76.5, 3.38], [-76.505, 3.38], [-76.505, 3.375]]]}}, {"type": "Feature", "properties": {"value": 4.997, "sigma": 7.2235}, "geometry": {"type": "Polygon", "coordinates": [[[-76.5, 3.375], [-76.495, 3.375], [-76.495, 3.38], [-76.5, 3.38], [-76.5, 3.375]]]}}, {"type": "Feature", "properties": {"value": 5.3394, "sigma": 7.2235}, "geometry": {"type": "Polygon", "coordinates": [[[-76.495, 3.375], [-76.49, 3.375], [-76.49, 3.38], [-76.495, 3.38], [-76.495, 3.375]]]}}, {"type": "Feature", "properties": {"value": 5.8034, "sigma": 7.2235}, "geometry": {"type": "Polygon", "coordinates": [[[-76.49, 3.375], [-76.485, 3.375], [-76.485, 3.38], [-76.49, 3.38], [-76.49, 3.375]]]}}, {"type": "Feature", "properties": {"value": 6.1708, "sigma": 7.2235}, "geometry": {"type": "Polygon", "coordinates": [[[-76.485, 3.375], [-76.48, 3.375], [-76.48, 3.38], [-76.485, 3.38], [-76.485, 3.375]]]}}, {"type": "Feature", "properties": {"value": 6.3844, "sigma": 7.2235}, "geometry": {"type": "Polygon", "coordinates": [[[-76.48, 3.375], [-76.475, 3.375], [-76.475, 3.38], [-76.48, 3.38], [-76.48, 3.375]]]}}, {"type": "Feature", "properties": {"value": 6.4571, "sigma": 7.2235}, "geometry": {"type": "Polygon", "coordinates": [[[-76.475, 3.375], [-76.47, 3.375], [-76.47, 3.38], [-76.475, 3.38], [-76.475, 3.375]]]}}, {"type": "Feature", "properties": {"value": 6.4155, "sigma": 7.2235}, "geometry": {"type": "Polygon", "coordinates": [[[-76.47, 3.375], [-76.465, 3.375], [-76.465, 3.38], [-76.47, 3.38], [-76.47, 3.375]]]}}, {"type": "Feature", "properties": {"value": 6.2869, "sigma": 7.2235}, "geometry": {"type": "Polygon", "coordinates": [[[-76.465, 3.375], [-76.46, 3.375], [-76.46, 3.38], [-76.465, 3.38], [-76.465, 3.375]]]}}, {"type": "Feature", "properties": {"value": 6.104, "sigma": 7.2235}, "geometry": {"type": "Polygon", "coordinates": [[[-76.46, 3.375], [-76.455, 3.375], [-76.455, 3.38], [-76.46, 3.38], [-76.46, 3.375]]]}}, {"type": "Feature", "properties": {"value": 5.926, "sigma": 7.2235}, "geometry": {"type": "Polygon", "coordinates": [[[-76.455, 3.375], [-76.45, 3.375], [-76.45, 3.38], [-76.455, 3.38], [-76.455, 3.375]]]}}, {"type": "Feature", "properties": {"value": 5.9136, "sigma": 7.2235}, "geometry": {"type": "Polygon", "coordinates": [[[-76.45, 3.375], [-76.445, 3.375], [-76.445, 3.38], [-76.45, 3.38], [-76.45, 3.375]]]}}, {"type": "Feature", "properties": {"value": 5.8354, "sigma": 7.2235}, "geometry": {"type": "Polygon", "coordinates": [[[-76.445, 3.375], [-76.44, 3.375], [-76.44, 3.38], [-76.445, 3.38], [-76.445, 3.375]]]}}, {"type": "Feature", "properties": {"value": 6.6556, "sigma": 7.2235}, "geometry": {"type": "Polygon", "coordinates": [[[-76.44, 3.375], [-76.435, 3.375], [-76.435, 3.38], [-76.44, 3.38], [-76.44, 3.375]]]}}, {"type": "Feature", "properties": {"value": 7.5781, "sigma": 7.2235}, "geometry": {"type": "Polygon", "coordinates": [[[-76.435, 3.375], [-76.43, 3.375], [-76.43, 3.38], [-76.435, 3.38], [-76.435, 3.375]]]}}, {"type": "Feature", "properties": {"value": 7.9585, "sigma": 7.2235}, "geometry": {"type": "Polygon", "coordinates": [[[-76.43, 3.375], [-76.425, 3.375], [-76.425, 3.38], [-76.43, 3.38], [-76.43, 3.375]]]}}, {"type": "Feature", "properties": {"value": 7.84, "sigma": 7.2235}, "geometry": {"type": "Polygon", "coordinates": [[[-76.425, 3.375], [-76.42, 3.375], [-76.42, 3.38], [-76.425, 3.38], [-76.425, 3.375]]]}}, {"type": "Feature", "properties": {"value": 7.6756, "sigma": 7.2235}, "geometry": {"type": "Polygon", "coordinates": [[[-76.42, 3.375], [-76.415, 3.375], [-76.415, 3.38], [-76.42, 3.38], [-76.42, 3.375]]]}}, {"type": "Feature", "properties": {"value": 7.5603, "sigma": 7.2235}, "geometry": {"type": "Polygon", "coordinates": [[[-76.415, 3.375], [-76.41, 3.375], [-76.41, 3.38], [-76.415, 3.38], [-76.415, 3.375]]]}}, {"type": "Feature", "properties": {"value": 7.4905, "sigma": 7.2235}, "geometry": {"type": "Polygon", "coordinates": [[[-76.41, 3.375], [-76.405, 3.375], [-76.405, 3.38], [-76.41, 3.38], [-76.41, 3.375]]]}}, {"type": "Feature", "properties": {"value": 7.4519, "sigma": 7.2235}, "geometry": {"type": "Polygon", "coordinates": [[[-76.405, 3.375], [-76.4, 3.375], [-76.4, 3.38], [-76.405, 3.38], [-76.405, 3.375]]]}}, {"type": "Feature", "properties": {"value": 8.8294, "sigma": 7.2235}, "geometry": {"type": "Polygon", "coordinates": [[[-76.6, 3.38], [-76.595, 3.38], [-76.595, 3.385], [-76.6, 3.385], [-76.6, 3.38]]]}}, {"type": "Feature", "properties": {"value": 9.1199, "sigma": 7.2235}, "geometry": {"type": "Polygon", "coordinates": [[[-76.595, 3.38], [-76.59, 3.38], [-76.59, 3.385], [-76.595, 3.385], [-76.595, 3.38]]]}}, {"type": "Feature", "properties": {"value": 9.4503, "sigma": 7.2235}, "geometry": {"type": "Polygon", "coordinates": [[[-76.59, 3.38], [-76.585, 3.38], [-76.585, 3.385], [-76.59, 3.385], [-76.59, 3.38]]]}}, {"type": "Feature", "properties": {"value": 9.6832, "sigma": 7.2235}, "geometry": {"type": "Polygon", "coordinates": [[[-76.585, 3.38], [-76.58, 3.38], [-76.58, 3.385], [-76.585, 3.385], [-76.585, 3.38]]]}}, {"type": "Feature", "properties": {"value": 9.608, "sigma": 7.2235}, "geometry": {"type": "Polygon", "coordinates": [[[-76.58, 3.38], [-76.575, 3.38], [-76.575, 3.385], [-76.58, 3.385], [-76.58, 3.38]]]}}, {"type": "Feature", "properties": {"value": 9.2108, "sigma": 7.2235}, "geometry": {"type": "Polygon", "coordinates": [[[-76.575, 3.38], [-76.57, 3.38], [-76.57, 3.385], [-76.575, 3.385], [-76.575, 3.38]]]}}, {"type": "Feature", "properties": {"value": 8.7275, "sigma": 7.2235}, "geometry": {"type": "Polygon", "coordinates": [[[-76.57, 3.38], [-76.565, 3.38], [-76.565, 3.385], [-76.57, 3.385], [-76.57, 3.38]]]}}, {"type": "Feature", "properties": {"value": 8.33, "sigma": 7.2235}, "geometry": {"type": "Polygon", "coordinates": [[[-76.565, 3.38], [-76.56, 3.38], [-76.56, 3.385], [-76.565, 3.385], [-76.565, 3.38]]]}}, {"type": "Feature", "properties": {"value": 8.0397, "sigma": 7.2235}, "geometry": {"type": "Polygon", "coordinates": [[[-76.56, 3.38], [-76.555, 3.38], [-76.555, 3.385], [-76.56, 3.385], [-76.56, 3.38]]]}}, {"type": "Feature", "properties": {"value": 7.8218, "sigma": 7.2235}, "geometry": {"type": "Polygon", "coordinates": [[[-76.555, 3.38], [-76.55, 3.38], [-76.55, 3.385], [-76.555, 3.385], [-76.555, 3.38]]]}}, {"type": "Feature", "properties": {"value": 7.6424, "sigma": 7.2235}, "geometry": {"type": "Polygon", "coordinates": [[[-76.55, 3.38], [-76.545, 3.38], [-76.545, 3.385], [-76.55, 3.385], [-76.55, 3.38]]]}}, {"type": "Feature", "properties": {"value": 7.4803, "sigma": 7.2235}, "geometry": {"type": "Polygon", "coordinates": [[[-76.545, 3.38], [-76.54, 3.38], [-76.54, 3.385], [-76.545, 3.385], [-76.545, 3.38]]]}}, {"type": "Feature", "properties": {"value": 7.3243, "sigma": 7.2235}, "geometry": {"type": "Polygon", "coordinates": [[[-76.54, 3.38], [-76.535, 3.38], [-76.535, 3.385], [-76.54, 3.385], [-76.54, 3.38]]]}}, {"type": "Feature", "properties": {"value": 7.1658, "sigma": 7.2235}, "geometry": {"type": "Polygon", "coordinates": [[[-76.535, 3.38], [-76.53, 3.38], [-76.53, 3.385], [-76.535, 3.385], [-76.535, 3.38]]]}}, {"type": "Feature", "properties": {"value": 6.9928, "sigma": 7.2235}, "geometry": {"type": "Polygon", "coordinates": [[[-76.53, 3.38], [-76.525, 3.38], [-76.525, 3.385], [-76.53, 3.385], [-76.53, 3.38]]]}}, {"type": "Feature", "properties": {"value": 6.7853, "sigma": 7.2235}, "geometry": {"type": "Polygon", "coordinates": [[[-76.525, 3.38], [-76.52, 3.38], [-76.52, 3.385], [-76.525, 3.385], [-76.525, 3.38]]]}}, {"type": "Feature", "properties": {"value": 6.5157, "sigma": 7.2235}, "geometry": {"type": "Polygon", "coordinates": [[[-76.52, 3.38], [-76.515, 3.38], [-76.515, 3.385], [-76.52, 3.385], [-76.52, 3.38]]]}}, {"type": "Feature", "properties": {"value": 6.162, "sigma": 7.2235}, "geometry": {"type": "Polygon", "coordinates": [[[-76.515, 3.38], [-76.51, 3.38], [-76.51, 3.385], [-76.515, 3.385], [-76.515, 3.38]]]}}, {"type": "Feature", "properties": {"value": 5.7509, "sigma": 7.2235}, "geometry": {"type": "Polygon", "coordinates": [[[-76.51, 3.38], [-76.505, 3.38], [-76.505, 3.385], [-76.51, 3.385], [-76.51, 3.38]]]}}, {"type": "Feature", "properties": {"value": 5.42, "sigma": 7.2235}, "geometry": {"type": "Polygon", "coordinates": [[[-76.505, 3.38], [-76.5, 3.38], [-76.5, 3.385], [-76.505, 3.385], [-76.505, 3.38]]]}}, {"type": "Feature", "properties": {"value": 5.3682, "sigma": 7.2235}, "geometry": {"type": "Polygon", "coordinates": [[[-76.5, 3.38], [-76.495, 3.38], [-76.495, 3.385], [-76.5, 3.385], [-76.5, 3.38]]]}}, {"type": "Feature", "properties": {"value": 5.6207, "sigma": 7.2235}, "geometry": {"type": "Polygon", "coordinates": [[[-76.495, 3.38], [-76.49, 3.38], [-76.49, 3.385], [-76.495, 3.385], [-76.495, 3.38]]]}}, {"type": "Feature", "properties": {"value": 5.9862, "sigma": 7.2235}, "geometry": {"type": "Polygon", "coordinates": [[[-76.49, 3.38], [-76.485, 3.38], [-76.485, 3.385], [-76.49, 3.385], [-76.49, 3.38]]]}}, {"type": "Feature", "properties": {"value": 6.2876, "sigma": 7.2235}, "geometry": {"type": "Polygon", "coordinates": [[[-76.485, 3.38], [-76.48, 3.38], [-76.48, 3.385], [-76.485, 3.385], [-76.485, 3.38]]]}}, {"type": "Feature", "properties": {"value": 6.4592, "sigma": 7.2235}, "geometry": {"type": "Polygon", "coordinates": [[[-76.48, 3.38], [-76.475, 3.38], [-76.475, 3.385], [-76.48, 3.385], [-76.48, 3.38]]]}}, {"type": "Feature", "properties": {"value": 6.4988, "sigma": 7.2235}, "geometry": {"type": "Polygon", "coordinates": [[[-76.475, 3.38], [-76.47, 3.38], [-76.47, 3.385], [-76.475, 3.385], [-76.475, 3.38]]]}}, {"type": "Feature", "properties": {"value": 6.4222, "sigma": 7.2235}, "geometry": {"type": "Polygon", "coordinates": [[[-76.47, 3.38], [-76.465, 3.38], [-76.465, 3.385], [-76.47, 3.385], [-76.47, 3.38]]]}}, {"type": "Feature", "properties": {"value": 6.2465, "sigma": 7.2235}, "geometry": {"type": "Polygon", "coordinates": [[[-76.465, 3.38], [-76.46, 3.38], [-76.46, 3.385], [-76.465, 3.385], [-76.465, 3.38]]]}}, {"type": "Feature", "properties": {"value": 5.9875, "sigma": 7.2235}, "geometry": {"type": "Polygon", "coordinates": [[[-76.46, 3.38], [-76.455, 3.38], [-76.455, 3.385], [-76.46, 3.385], [-76.46, 3.38]]]}}, {"type": "Feature", "properties": {"value": 5.6695, "sigma": 7.2235}, "geometry": {"type": "Polygon", "coordinates": [[[-76.455, 3.38], [-76.45, 3.38], [-76.45, 3.385], [-76.455, 3.385], [-76.455, 3.38]]]}}, {"type": "Feature", "properties": {"value": 5.4366, "sigma": 7.2235}, "geometry": {"type": "Polygon", "coordinates": [[[-76.45, 3.38], [-76.445, 3.38], [-76.445, 3.385], [-76.45, 3.385], [-76.45, 3.38]]]}}, {"type": "Feature", "properties": {"value": 6.0352, "sigma": 7.2235}, "geometry": {"type": "Polygon", "coordinates": [[[-76.445, 3.38], [-76.44, 3.38], [-76.44, 3.385], [-76.445, 3.385], [-76.445, 3.38]]]}}, {"type": "Feature", "properties": {"value": 7.0545, "sigma": 7.2235}, "geometry": {"type": "Polygon", "coordinates": [[[-76.44, 3.38], [-76.435, 3.38], [-76.435, 3.385], [-76.44, 3.385], [-76.44, 3.38]]]}}, {"type": "Feature", "properties": {"value": 8.7972, "sigma": 7.2235}, "geometry": {"type": "Polygon", "coordinates": [[[-76.435, 3.38], [-76.43, 3.38], [-76.43, 3.385], [-76.435, 3.385], [-76.435, 3.38]]]}}, {"type": "Feature", "properties": {"value": 8.6982, "sigma": 7.2235}, "geometry": {"type": "Polygon", "coordinates": [[[-76.43, 3.38], [-76.425, 3.38], [-76.425, 3.385], [-76.43, 3.385], [-76.43, 3.38]]]}}, {"type": "Feature", "properties": {"value": 8.1541, "sigma": 7.2235}, "geometry": {"type": "Polygon", "coordinates": [[[-76.425, 3.38], [-76.42, 3.38], [-76.42, 3.385], [-76.425, 3.385], [-76.425, 3.38]]]}}, {"type": "Feature", "properties": {"value": 7.8245, "sigma": 7.2235}, "geometry": {"type": "Polygon", "coordinates": [[[-76.42, 3.38], [-76.415, 3.38], [-76.415, 3.385], [-76.42, 3.385], [-76.42, 3.38]]]}}, {"type": "Feature", "properties": {"value": 7.6448, "sigma": 7.2235}, "geometry": {"type": "Polygon", "coordinates": [[[-76.415, 3.38], [-76.41, 3.38], [-76.41, 3.385], [-76.415, 3.385], [-76.415, 3.38]]]}}, {"type": "Feature", "properties": {"value": 7.5478, "sigma": 7.2235}, "geometry": {"type": "Polygon", "coordinates": [[[-76.41, 3.38], [-76.405, 3.38], [-76.405, 3.385], [-76.41, 3.385], [-76.41, 3.38]]]}}, {"type": "Feature", "properties": {"value": 7.4968, "sigma": 7.2235}, "geometry": {"type": "Polygon", "coordinates": [[[-76.405, 3.38], [-76.4, 3.38], [-76.4, 3.385], [-76.405, 3.385], [-76.405, 3.38]]]}}, {"type": "Feature", "properties": {"value": 8.7558, "sigma": 7.2235}, "geometry": {"type": "Polygon", "coordinates": [[[-76.6, 3.385], [-76.595, 3.385], [-76.595, 3.39], [-76.6, 3.39], [-76.6, 3.385]]]}}, {"type": "Feature", "properties": {"value": 8.9628, "sigma": 7.2235}, "geometry": {"type": "Polygon", "coordinates": [[[-76.595, 3.385], [-76.59, 3.385], [-76.59, 3.39], [-76.595, 3.39], [-76.595, 3.385]]]}}, {"type": "Feature", "properties": {"value": 9.1717, "sigma": 7.2235}, "geometry": {"type": "Polygon", "coordinates": [[[-76.59, 3.385], [-76.585, 3.385], [-76.585, 3.39], [-76.59, 3.39], [-76.59, 3.385]]]}}, {"type": "Feature", "properties": {"value": 9.2915, "sigma": 7.2235}, "geometry": {"type": "Polygon", "coordinates": [[[-76.585, 3.385], [-76.58, 3.385], [-76.58, 3.39], [-76.585, 3.39], [-76.585, 3.385]]]}}, {"type": "Feature", "properties": {"value": 9.2129, "sigma": 7.2235}, "geometry": {"type": "Polygon", "coordinates": [[[-76.58, 3.385], [-76.575, 3.385], [-76.575, 3.39], [-76.58, 3.39], [-76.58, 3.385]]]}}, {"type": "Feature", "properties": {"value": 8.9391, "sigma": 7.2235}, "geometry": {"type": "Polygon", "coordinates": [[[-76.575, 3.385], [-76.57, 3.385], [-76.57, 3.39], [-76.575, 3.39], [-76.575, 3.385]]]}}, {"type": "Feature", "properties": {"value": 8.6031, "sigma": 7.2235}, "geometry": {"type": "Polygon", "coordinates": [[[-76.57, 3.385], [-76.565, 3.385], [-76.565, 3.39], [-76.57, 3.39], [-76.57, 3.385]]]}}, {"type": "Feature", "properties": {"value": 8.3152, "sigma": 7.2235}, "geometry": {"type": "Polygon", "coordinates": [[[-76.565, 3.385], [-76.56, 3.385], [-76.56, 3.39], [-76.565, 3.39], [-76.565, 3.385]]]}}, {"type": "Feature", "properties": {"value": 8.098, "sigma": 7.2235}, "geometry": {"type": "Polygon", "coordinates": [[[-76.56, 3.385], [-76.555, 3.385], [-76.555, 3.39], [-76.56, 3.39], [-76.56, 3.385]]]}}, {"type": "Feature", "properties": {"value": 7.9281, "sigma": 7.2235}, "geometry": {"type": "Polygon", "coordinates": [[[-76.555, 3.385], [-76.55, 3.385], [-76.55, 3.39], [-76.555, 3.39], [-76.555, 3.385]]]}}, {"type": "Feature", "properties": {"value": 7.7779, "sigma": 7.2235}, "geometry": {"type": "Polygon", "coordinates": [[[-76.55, 3.385], [-76.545, 3.385], [-76.545, 3.39], [-76.55, 3.39], [-76.55, 3.385]]]}}, {"type": "Feature", "properties": {"value": 7.6318, "sigma": 7.2235}, "geometry": {"type": "Polygon", "coordinates": [[[-76.545, 3.385], [-76.54, 3.385], [-76.54, 3.39], [-76.545, 3.39], [-76.545, 3.385]]]}}, {"type": "Feature", "properties": {"value": 7.4838, "sigma": 7.2235}, "geometry": {"type": "Polygon", "coordinates": [[[-76.54, 3.385], [-76.535, 3.385], [-76.535, 3.39], [-76.54, 3.39], [-76.54, 3.385]]]}}, {"type": "Feature", "properties": {"value": 7.3303, "sigma": 7.2235}, "geometry": {"type": "Polygon", "coordinates": [[[-76.535, 3.385], [-76.53, 3.385], [-76.53, 3.39], [-76.535, 3.39], [-76.535, 3.385]]]}}, {"type": "Feature", "properties": {"value": 7.1635, "sigma": 7.2235}, "geometry": {"type": "Polygon", "coordinates": [[[-76.53, 3.385], [-76.525, 3.385], [-76.525, 3.39], [-76.53, 3.39], [-76.53, 3.385]]]}}, {"type": "Feature", "properties": {"value": 6.9703, "sigma": 7.2235}, "geometry": {"type": "Polygon", "coordinates": [[[-76.525, 3.385], [-76.52, 3.385], [-76.52, 3.39], [-76.525, 3.39], [-76.525, 3.385]]]}}, {"type": "Feature", "properties": {"value": 6.7362, "sigma": 7.2235}, "geometry": {"type": "Polygon", "coordinates": [[[-76.52, 3.385], [-76.515, 3.385], [-76.515, 3.39], [-76.52, 3.39], [-76.52, 3.385]]]}}, {"type": "Feature", "properties": {"value": 6.4571, "sigma": 7.2235}, "geometry": {"type": "Polygon", "coordinates": [[[-76.515, 3.385], [-76.51, 3.385], [-76.51, 3.39], [-76.515, 3.39], [-76.515, 3.385]]]}}, {"type": "Feature", "properties": {"value": 6.1648, "sigma": 7.2235}, "geometry": {"type": "Polygon", "coordinates": [[[-76.51, 3.385], [-76.505, 3.385], [-76.505, 3.39], [-76.51, 3.39], [-76.51, 3.385]]]}}, {"type": "Feature", "properties": {"value": 5.9476, "sigma": 7.2235}, "geometry": {"type": "Polygon", "coordinates": [[[-76.505, 3.385], [-76.5, 3.385], [-76.5, 3.39], [-76.505, 3.39], [-76.505, 3.385]]]}}, {"type": "Feature", "properties": {"value": 5.9083, "sigma": 7.2235}, "geometry": {"type": "Polygon", "coordinates": [[[-76.5, 3.385], [-76.495, 3.385], [-76.495, 3.39], [-76.5, 3.39], [-76.5, 3.385]]]}}, {"type": "Feature", "properties": {"value": 6.0556, "sigma": 7.2235}, "geometry": {"type": "Polygon", "coordinates": [[[-76.495, 3.385], [-76.49, 3.385], [-76.49, 3.39], [-76.495, 3.39], [-76.495, 3.385]]]}}, {"type": "Feature", "properties": {"value": 6.285, "sigma": 7.2235}, "geometry": {"type": "Polygon", "coordinates": [[[-76.49, 3.385], [-76.485, 3.385], [-76.485, 3.39], [-76.49, 3.39], [-76.49, 3.385]]]}}, {"type": "Feature", "properties": {"value": 6.4823, "sigma": 7.2235}, "geometry": {"type": "Polygon", "coordinates": [[[-76.485, 3.385], [-76.48, 3.385], [-76.48, 3.39], [-76.485, 3.39], [-76.485, 3.385]]]}}, {"type": "Feature", "properties": {"value": 6.5887, "sigma": 7.2235}, "geometry": {"type": "Polygon", "coordinates": [[[-76.48, 3.385], [-76.475, 3.385], [-76.475, 3.39], [-76.48, 3.39], [-76.48, 3.385]]]}}, {"type": "Feature", "properties": {"value": 6.5892, "sigma": 7.2235}, "geometry": {"type": "Polygon", "coordinates": [[[-76.475, 3.385], [-76.47, 3.385], [-76.47, 3.39], [-76.475, 3.39], [-76.475, 3.385]]]}}, {"type": "Feature", "properties": {"value": 6.4874, "sigma": 7.2235}, "geometry": {"type": "Polygon", "coordinates": [[[-76.47, 3.385], [-76.465, 3.385], [-76.465, 3.39], [-76.47, 3.39], [-76.47, 3.385]]]}}, {"type": "Feature", "properties": {"value": 6.2913, "sigma": 7.2235}, "geometry": {"type": "Polygon", "coordinates": [[[-76.465, 3.385], [-76.46, 3.385], [-76.46, 3.39], [-76.465, 3.39], [-76.465, 3.385]]]}}, {"type": "Feature", "properties": {"value": 6.0095, "sigma": 7.2235}, "geometry": {"type": "Polygon", "coordinates": [[[-76.46, 3.385], [-76.455, 3.385], [-76.455, 3.39], [-76.46, 3.39], [-76.46, 3.385]]]}}, {"type": "Feature", "properties": {"value": 5.6523, "sigma": 7.2235}, "geometry": {"type": "Polygon", "coordinates": [[[-76.455, 3.385], [-76.45, 3.385], [-76.45, 3.39], [-76.455, 3.39], [-76.455, 3.385]]]}}, {"type": "Feature", "properties": {"value": 5.1212, "sigma": 7.2235}, "geometry": {"type": "Polygon", "coordinates": [[[-76.45, 3.385], [-76.445, 3.385], [-76.445, 3.39], [-76.45, 3.39], [-76.45, 3.385]]]}}, {"type": "Feature", "properties": {"value": 5.4649, "sigma": 7.2235}, "geometry": {"type": "Polygon", "coordinates": [[[-76.445, 3.385], [-76.44, 3.385], [-76.44, 3.39], [-76.445, 3.39], [-76.445, 3.385]]]}}, {"type": "Feature", "properties": {"value": 7.1393, "sigma": 7.2235}, "geometry": {"type": "Polygon", "coordinates": [[[-76.44, 3.385], [-76.435, 3.385], [-76.435, 3.39], [-76.44, 3.39], [-76.44, 3.385]]]}}, {"type": "Feature", "properties": {"value": 8.7237, "sigma": 7.2235}, "geometry": {"type": "Polygon", "coordinates": [[[-76.435, 3.385], [-76.43, 3.385], [-76.43, 3.39], [-76.435, 3.39], [-76.435, 3.385]]]}}, {"type": "Feature", "properties": {"value": 8.6668, "sigma": 7.2235}, "geometry": {"type": "Polygon", "coordinates": [[[-76.43, 3.385], [-76.425, 3.385], [-76.425, 3.39], [-76.43, 3.39], [-76.43, 3.385]]]}}, {"type": "Feature", "properties": {"value": 8.1731, "sigma": 7.2235}, "geometry": {"type": "Polygon", "coordinates": [[[-76.425, 3.385], [-76.42, 3.385], [-76.42, 3.39], [-76.425, 3.39], [-76.425, 3.385]]]}}, {"type": "Feature", "properties": {"value": 7.8531, "sigma": 7.2235}, "geometry": {"type": "Polygon", "coordinates": [[[-76.42, 3.385], [-76.415, 3.385], [-76.415, 3.39], [-76.42, 3.39], [-76.42, 3.385]]]}}, {"type": "Feature", "properties": {"value": 7.6759, "sigma": 7.2235}, "geometry": {"type": "Polygon", "coordinates": [[[-76.415, 3.385], [-76.41, 3.385], [-76.41, 3.39], [-76.415, 3.39], [-76.415, 3.385]]]}}, {"type": "Feature", "properties": {"value": 7.5801, "sigma": 7.2235}, "geometry": {"type": "Polygon", "coordinates": [[[-76.41, 3.385], [-76.405, 3.385], [-76.405, 3.39], [-76.41, 3.39], [-76.41, 3.385]]]}}, {"type": "Feature", "properties": {"value": 7.53, "sigma": 7.2235}, "geometry": {"type": "Polygon", "coordinates": [[[-76.405, 3.385], [-76.4, 3.385], [-76.4, 3.39], [-76.405, 3.39], [-76.405, 3.385]]]}}, {"type": "Feature", "properties": {"value": 8.6528, "sigma": 7.2235}, "geometry": {"type": "Polygon", "coordinates": [[[-76.6, 3.39], [-76.595, 3.39], [-76.595, 3.395], [-76.6, 3.395], [-76.6, 3.39]]]}}, {"type": "Feature", "properties": {"value": 8.7786, "sigma": 7.2235}, "geometry": {"type": "Polygon", "coordinates": [[[-76.595, 3.39], [-76.59, 3.39], [-76.59, 3.395], [-76.595, 3.395], [-76.595, 3.39]]]}}, {"type": "Feature", "properties": {"value": 8.8861, "sigma": 7.2235}, "geometry": {"type": "Polygon", "coordinates": [[[-76.59, 3.39], [-76.585, 3.39], [-76.585, 3.395], [-76.59, 3.395], [-76.59, 3.39]]]}}, {"type": "Feature", "properties": {"value": 8.9253, "sigma": 7.2235}, "geometry": {"type": "Polygon", "coordinates": [[[-76.585, 3.39], [-76.58, 3.39], [-76.58, 3.395], [-76.585, 3.395], [-76.585, 3.39]]]}}, {"type": "Feature", "properties": {"value": 8.8522, "sigma": 7.2235}, "geometry": {"type": "Polygon", "coordinates": [[[-76.58, 3.39], [-76.575, 3.39], [-76.575, 3.395], [-76.58, 3.395], [-76.58, 3.39]]]}}, {"type": "Feature", "properties": {"value": 8.6785, "sigma": 7.2235}, "geometry": {"type": "Polygon", "coordinates": [[[-76.575, 3.39], [-76.57, 3.39], [-76.57, 3.395], [-76.575, 3.395], [-76.575, 3.39]]]}}, {"type": "Feature", "properties": {"value": 8.472, "sigma": 7.2235}, "geometry": {"type": "Polygon", "coordinates": [[[-76.57, 3.39], [-76.565, 3.39], [-76.565, 3.395], [-76.57, 3.395], [-76.57, 3.39]]]}}, {"type": "Feature", "properties": {"value": 8.2935, "sigma": 7.2235}, "geometry": {"type": "Polygon", "coordinates": [[[-76.565, 3.39], [-76.56, 3.39], [-76.56, 3.395], [-76.565, 3.395], [-76.565, 3.39]]]}}, {"type": "Feature", "properties": {"value": 8.1573, "sigma": 7.2235}, "geometry": {"type": "Polygon", "coordinates": [[[-76.56, 3.39], [-76.555, 3.39], [-76.555, 3.395], [-76.56, 3.395], [-76.56, 3.39]]]}}, {"type": "Feature", "properties": {"value": 8.0429, "sigma": 7.2235}, "geometry": {"type": "Polygon", "coordinates": [[[-76.555, 3.39], [-76.55, 3.39], [-76.55, 3.395], [-76.555, 3.395], [-76.555, 3.39]]]}}, {"type": "Feature", "properties": {"value": 7.9256, "sigma": 7.2235}, "geometry": {"type": "Polygon", "coordinates": [[[-76.55, 3.39], [-76.545, 3.39], [-76.545, 3.395], [-76.55, 3.395], [-76.55, 3.39]]]}}, {"type": "Feature", "properties": {"value": 7.7965, "sigma": 7.2235}, "geometry": {"type": "Polygon", "coordinates": [[[-76.545, 3.39], [-76.54, 3.39], [-76.54, 3.395], [-76.545, 3.395], [-76.545, 3.39]]]}}, {"type": "Feature", "properties": {"value": 7.6596, "sigma": 7.2235}, "geometry": {"type": "Polygon", "coordinates": [[[-76.54, 3.39], [-76.535, 3.39], [-76.535, 3.395], [-76.54, 3.395], [-76.54, 3.39]]]}}, {"type": "Feature", "properties": {"value": 7.5191, "sigma": 7.2235}, "geometry": {"type": "Polygon", "coordinates": [[[-76.535, 3.39], [-76.53, 3.39], [-76.53, 3.395], [-76.535, 3.395], [-76.535, 3.39]]]}}, {"type": "Feature", "properties": {"value": 7.3723, "sigma": 7.2235}, "geometry": {"type": "Polygon", "coordinates": [[[-76.53, 3.39], [-76.525, 3.39], [-76.525, 3.395], [-76.53, 3.395], [-76.53, 3.39]]]}}, {"type": "Feature", "properties": {"value": 7.2115, "sigma": 7.2235}, "geometry": {"type": "Polygon", "coordinates": [[[-76.525, 3.39], [-76.52, 3.39], [-76.52, 3.395], [-76.525, 3.395], [-76.525, 3.39]]]}}, {"type": "Feature", "properties": {"value": 7.0292, "sigma": 7.2235}, "geometry": {"type": "Polygon", "coordinates": [[[-76.52, 3.39], [-76.515, 3.39], [-76.515, 3.395], [-76.52, 3.395], [-76.52, 3.39]]]}}, {"type": "Feature", "properties": {"value": 6.8277, "sigma": 7.2235}, "geometry": {"type": "Polygon", "coordinates": [[[-76.515, 3.39], [-76.51, 3.39], [-76.51, 3.395], [-76.515, 3.395], [-76.515, 3.39]]]}}, {"type": "Feature", "properties": {"value": 6.6312, "sigma": 7.2235}, "geometry": {"type": "Polygon", "coordinates": [[[-76.51, 3.39], [-76.505, 3.39], [-76.505, 3.395], [-76.51, 3.395], [-76.51, 3.39]]]}}, {"type": "Feature", "properties": {"value": 6.4891, "sigma": 7.2235}, "geometry": {"type": "Polygon", "coordinates": [[[-76.505, 3.39], [-76.5, 3.39], [-76.5, 3.395], [-76.505, 3.395], [-76.505, 3.39]]]}}, {"type": "Feature", "properties": {"value": 6.4491, "sigma": 7.2235}, "geometry": {"type": "Polygon", "coordinates": [[[-76.5, 3.39], [-76.495, 3.39], [-76.495, 3.395], [-76.5, 3.395], [-76.5, 3.39]]]}}, {"type": "Feature", "properties": {"value": 6.512, "sigma": 7.2235}, "geometry": {"type": "Polygon", "coordinates": [[[-76.495, 3.39], [-76.49, 3.39], [-76.49, 3.395], [-76.495, 3.395], [-76.495, 3.39]]]}}, {"type": "Feature", "properties": {"value": 6.625, "sigma": 7.2235}, "geometry": {"type": "Polygon", "coordinates": [[[-76.49, 3.39], [-76.485, 3.39], [-76.485, 3.395], [-76.49, 3.395], [-76.49, 3.39]]]}}, {"type": "Feature", "properties": {"value": 6.7235, "sigma": 7.2235}, "geometry": {"type": "Polygon", "coordinates": [[[-76.485, 3.39], [-76.48, 3.39], [-76.48, 3.395], [-76.485, 3.395], [-76.485, 3.39]]]}}, {"type": "Feature", "properties": {"value": 6.7654, "sigma": 7.2235}, "geometry": {"type": "Polygon", "coordinates": [[[-76.48, 3.39], [-76.475, 3.39], [-76.475, 3.395], [-76.48, 3.395], [-76.48, 3.39]]]}}, {"type": "Feature", "properties": {"value": 6.7327, "sigma": 7.2235}, "geometry": {"type": "Polygon", "coordinates": [[[-76.475, 3.39], [-76.47, 3.39], [-76.47, 3.395], [-76.475, 3.395], [-76.475, 3.39]]]}}, {"type": "Feature", "properties": {"value": 6.6222, "sigma": 7.2235}, "geometry": {"type": "Polygon", "coordinates": [[[-76.47, 3.39], [-76.465, 3.39], [-76.465, 3.395], [-76.47, 3.395], [-76.47, 3.39]]]}}, {"type": "Feature", "properties": {"value": 6.4392, "sigma": 7.2235}, "geometry": {"type": "Polygon", "coordinates": [[[-76.465, 3.39], [-76.46, 3.39], [-76.46, 3.395], [-76.465, 3.395], [-76.465, 3.39]]]}}, {"type": "Feature", "properties": {"value": 6.1988, "sigma": 7.2235}, "geometry": {"type": "Polygon", "coordinates": [[[-76.46, 3.39], [-76.455, 3.39], [-76.455, 3.395], [-76.46, 3.395], [-76.46, 3.39]]]}}, {"type": "Feature", "properties": {"value": 5.9373, "sigma": 7.2235}, "geometry": {"type": "Polygon", "coordinates": [[[-76.455, 3.39], [-76.45, 3.39], [-76.45, 3.395], [-76.455, 3.395], [-76.455, 3.39]]]}}, {"type": "Feature", "properties": {"value": 5.7665, "sigma": 7.2235}, "geometry": {"type": "Polygon", "coordinates": [[[-76.45, 3.39], [-76.445, 3.39], [-76.445, 3.395], [-76.45, 3.395], [-76.45, 3.39]]]}}, {"type": "Feature", "properties": {"value": 6.0803, "sigma": 7.2235}, "geometry": {"type": "Polygon", "coordinates": [[[-76.445, 3.39], [-76.44, 3.39], [-76.44, 3.395], [-76.445, 3.395], [-76.445, 3.39]]]}}, {"type": "Feature", "properties": {"value": 6.9842, "sigma": 7.2235}, "geometry": {"type": "Polygon", "coordinates": [[[-76.44, 3.39], [-76.435, 3.39], [-76.435, 3.395], [-76.44, 3.395], [-76.44, 3.39]]]}}, {"type": "Feature", "properties": {"value": 7.8341, "sigma": 7.2235}, "geometry": {"type": "Polygon", "coordinates": [[[-76.435, 3.39], [-76.43, 3.39], [-76.43, 3.395], [-76.435, 3.395], [-76.435, 3.39]]]}}, {"type": "Feature", "properties": {"value": 8.0656, "sigma": 7.2235}, "geometry": {"type": "Polygon", "coordinates": [[[-76.43, 3.39], [-76.425, 3.39], [-76.425, 3.395], [-76.43, 3.395], [-76.43, 3.39]]]}}, {"type": "Feature", "properties": {"value": 7.9339, "sigma": 7.2235}, "geometry": {"type": "Polygon", "coordinates": [[[-76.425, 3.39], [-76.42, 3.39], [-76.42, 3.395], [-76.425, 3.395], [-76.425, 3.39]]]}}, {"type": "Feature", "properties": {"value": 7.7708, "sigma": 7.2235}, "geometry": {"type": "Polygon", "coordinates": [[[-76.42, 3.39], [-76.415, 3.39], [-76.415, 3.395], [-76.42, 3.395], [-76.42, 3.39]]]}}, {"type": "Feature", "properties": {"value": 7.6576, "sigma": 7.2235}, "geometry": {"type": "Polygon", "coordinates": [[[-76.415, 3.39], [-76.41, 3.39], [-76.41, 3.395], [-76.415, 3.395], [-76.415, 3.39]]]}}, {"type": "Feature", "properties": {"value": 7.59, "sigma": 7.2235}, "geometry": {"type": "Polygon", "coordinates": [[[-76.41, 3.39], [-76.405, 3.39], [-76.405, 3.395], [-76.41, 3.395], [-76.41, 3.39]]]}}, {"type": "Feature", "properties": {"value": 7.5535, "sigma": 7.2235}, "geometry": {"type": "Polygon", "coordinates": [[[-76.405, 3.39], [-76.4, 3.39], [-76.4, 3.395], [-76.405, 3.395], [-76.405, 3.39]]]}}, {"type": "Feature", "properties": {"value": 8.5576, "sigma": 7.2235}, "geometry": {"type": "Polygon", "coordinates": [[[-76.6, 3.395], [-76.595, 3.395], [-76.595, 3.4], [-76.6, 3.4], [-76.6, 3.395]]]}}, {"type": "Feature", "properties": {"value": 8.6253, "sigma": 7.2235}, "geometry": {"type": "Polygon", "coordinates": [[[-76.595, 3.395], [-76.59, 3.395], [-76.59, 3.4], [-76.595, 3.4], [-76.595, 3.395]]]}}, {"type": "Feature", "properties": {"value": 8.6712, "sigma": 7.2235}, "geometry": {"type": "Polygon", "coordinates": [[[-76.59, 3.395], [-76.585, 3.395], [-76.585, 3.4], [-76.59, 3.4], [-76.59, 3.395]]]}}, {"type": "Feature", "properties": {"value": 8.6714, "sigma": 7.2235}, "geometry": {"type": "Polygon", "coordinates": [[[-76.585, 3.395], [-76.58, 3.395], [-76.58, 3.4], [-76.585, 3.4], [-76.585, 3.395]]]}}, {"type": "Feature", "properties": {"value": 8.6119, "sigma": 7.2235}, "geometry": {"type": "Polygon", "coordinates": [[[-76.58, 3.395], [-76.575, 3.395], [-76.575, 3.4], [-76.58, 3.4], [-76.58, 3.395]]]}}, {"type": "Feature", "properties": {"value": 8.5056, "sigma": 7.2235}, "geometry": {"type": "Polygon", "coordinates": [[[-76.575, 3.395], [-76.57, 3.395], [-76.57, 3.4], [-76.575, 3.4], [-76.575, 3.395]]]}}, {"type": "Feature", "properties": {"value": 8.3899, "sigma": 7.2235}, "geometry": {"type": "Polygon", "coordinates": [[[-76.57, 3.395], [-76.565, 3.395], [-76.565, 3.4], [-76.57, 3.4], [-76.57, 3.395]]]}}, {"type": "Feature", "properties": {"value": 8.2988, "sigma": 7.2235}, "geometry": {"type": "Polygon", "coordinates": [[[-76.565, 3.395], [-76.56, 3.395], [-76.56, 3.4], [-76.565, 3.4], [-76.565, 3.395]]]}}, {"type": "Feature", "properties": {"value": 8.2366, "sigma": 7.2235}, "geometry": {"type": "Polygon", "coordinates": [[[-76.56, 3.395], [-76.555, 3.395], [-76.555, 3.4], [-76.56, 3.4], [-76.56, 3.395]]]}}, {"type": "Feature", "properties": {"value": 8.1759, "sigma": 7.2235}, "geometry": {"type": "Polygon", "coordinates": [[[-76.555, 3.395], [-76.55, 3.395], [-76.55, 3.4], [-76.555, 3.4], [-76.555, 3.395]]]}}, {"type": "Feature", "properties": {"value": 8.0868, "sigma": 7.2235}, "geometry": {"type": "Polygon", "coordinates": [[[-76.55, 3.395], [-76.545, 3.395], [-76.545, 3.4], [-76.55, 3.4], [-76.55, 3.395]]]}}, {"type": "Feature", "properties": {"value": 7.969, "sigma": 7.2235}, "geometry": {"type": "Polygon", "coordinates": [[[-76.545, 3.395], [-76.54, 3.395], [-76.54, 3.4], [-76.545, 3.4], [-76.545, 3.395]]]}}, {"type": "Feature", "properties": {"value": 7.8425, "sigma": 7.2235}, "geometry": {"type": "Polygon", "coordinates": [[[-76.54, 3.395], [-76.535, 3.395], [-76.535, 3.4], [-76.54, 3.4], [-76.54, 3.395]]]}}, {"type": "Feature", "properties": {"value": 7.7208, "sigma": 7.2235}, "geometry": {"type": "Polygon", "coordinates": [[[-76.535, 3.395], [-76.53, 3.395], [-76.53, 3.4], [-76.535, 3.4], [-76.535, 3.395]]]}}, {"type": "Feature", "properties": {"value": 7.6045, "sigma": 7.2235}, "geometry": {"type": "Polygon", "coordinates": [[[-76.53, 3.395], [-76.525, 3.395], [-76.525, 3.4], [-76.53, 3.4], [-76.53, 3.395]]]}}, {"type": "Feature", "properties": {"value": 7.487, "sigma": 7.2235}, "geometry": {"type": "Polygon", "coordinates": [[[-76.525, 3.395], [-76.52, 3.395], [-76.52, 3.4], [-76.525, 3.4], [-76.525, 3.395]]]}}, {"type": "Feature", "properties": {"value": 7.362, "sigma": 7.2235}, "geometry": {"type": "Polygon", "coordinates": [[[-76.52, 3.395], [-76.515, 3.395], [-76.515, 3.4], [-76.52, 3.4], [-76.52, 3.395]]]}}, {"type": "Feature", "properties": {"value": 7.2297, "sigma": 7.2235}, "geometry": {"type": "Polygon", "coordinates": [[[-76.515, 3.395], [-76.51, 3.395], [-76.51, 3.4], [-76.515, 3.4], [-76.515, 3.395]]]}}, {"type": "Feature", "properties": {"value": 7.102, "sigma": 7.2235}, "geometry": {"type": "Polygon", "coordinates": [[[-76.51, 3.395], [-76.505, 3.395], [-76.505, 3.4], [-76.51, 3.4], [-76.51, 3.395]]]}}, {"type": "Feature", "properties": {"value": 7.0018, "sigma": 7.2235}, "geometry": {"type": "Polygon", "coordinates": [[[-76.505, 3.395], [-76.5, 3.395], [-76.5, 3.4], [-76.505, 3.4], [-76.505, 3.395]]]}}, {"type": "Feature", "properties": {"value": 6.9504, "sigma": 7.2235}, "geometry": {"type": "Polygon", "coordinates": [[[-76.5, 3.395], [-76.495, 3.395], [-76.495, 3.4], [-76.5, 3.4], [-76.5, 3.395]]]}}, {"type": "Feature", "properties": {"value": 6.9484, "sigma": 7.2235}, "geometry": {"type": "Polygon", "coordinates": [[[-76.495, 3.395], [-76.49, 3.395], [-76.49, 3.4], [-76.495, 3.4], [-76.495, 3.395]]]}}, {"type": "Feature", "properties": {"value": 6.9731, "sigma": 7.2235}, "geometry": {"type": "Polygon", "coordinates": [[[-76.49, 3.395], [-76.485, 3.395], [-76.485, 3.4], [-76.49, 3.4], [-76.49, 3.395]]]}}, {"type": "Feature", "properties": {"value": 6.9929, "sigma": 7.2235}, "geometry": {"type": "Polygon", "coordinates": [[[-76.485, 3.395], [-76.48, 3.395], [-76.48, 3.4], [-76.485, 3.4], [-76.485, 3.395]]]}}, {"type": "Feature", "properties": {"value": 6.9827, "sigma": 7.2235}, "geometry": {"type": "Polygon", "coordinates": [[[-76.48, 3.395], [-76.475, 3.395], [-76.475, 3.4], [-76.48, 3.4], [-76.48, 3.395]]]}}, {"type": "Feature", "properties": {"value": 6.9283, "sigma": 7.2235}, "geometry": {"type": "Polygon", "coordinates": [[[-76.475, 3.395], [-76.47, 3.395], [-76.47, 3.4], [-76.475, 3.4], [-76.475, 3.395]]]}}, {"type": "Feature", "properties": {"value": 6.8251, "sigma": 7.2235}, "geometry": {"type": "Polygon", "coordinates": [[[-76.47, 3.395], [-76.465, 3.395], [-76.465, 3.4], [-76.47, 3.4], [-76.47, 3.395]]]}}, {"type": "Feature", "properties": {"value": 6.6776, "sigma": 7.2235}, "geometry": {"type": "Polygon", "coordinates": [[[-76.465, 3.395], [-76.46, 3.395], [-76.46, 3.4], [-76.465, 3.4], [-76.465, 3.395]]]}}, {"type": "Feature", "properties": {"value": 6.505, "sigma": 7.2235}, "geometry": {"type": "Polygon", "coordinates": [[[-76.46, 3.395], [-76.455, 3.395], [-76.455, 3.4], [-76.46, 3.4], [-76.46, 3.395]]]}}, {"type": "Feature", "properties": {"value": 6.3555, "sigma": 7.2235}, "geometry": {"type": "Polygon", "coordinates": [[[-76.455, 3.395], [-76.45, 3.395], [-76.45, 3.4], [-76.455, 3.4], [-76.455, 3.395]]]}}, {"type": "Feature", "properties": {"value": 6.3269, "sigma": 7.2235}, "geometry": {"type": "Polygon", "coordinates": [[[-76.45, 3.395], [-76.445, 3.395], [-76.445, 3.4], [-76.45, 3.4], [-76.45, 3.395]]]}}, {"type": "Feature", "properties": {"value": 6.5429, "sigma": 7.2235}, "geometry": {"type": "Polygon", "coordinates": [[[-76.445, 3.395], [-76.44, 3.395], [-76.44, 3.4], [-76.445, 3.4], [-76.445, 3.395]]]}}, {"type": "Feature", "properties": {"value": 6.9855, "sigma": 7.2235}, "geometry": {"type": "Polygon", "coordinates": [[[-76.44, 3.395], [-76.435, 3.395], [-76.435, 3.4], [-76.44, 3.4], [-76.44, 3.395]]]}}, {"type": "Feature", "properties": {"value": 7.4254, "sigma": 7.2235}, "geometry": {"type": "Polygon", "coordinates": [[[-76.435, 3.395], [-76.43, 3.395], [-76.43, 3.4], [-76.435, 3.4], [-76.435, 3.395]]]}}, {"type": "Feature", "properties": {"value": 7.6576, "sigma": 7.2235}, "geometry": {"type": "Polygon", "coordinates": [[[-76.43, 3.395], [-76.425, 3.395], [-76.425, 3.4], [-76.43, 3.4], [-76.43, 3.395]]]}}, {"type": "Feature", "properties": {"value": 7.7002, "sigma": 7.2235}, "geometry": {"type": "Polygon", "coordinates": [[[-76.425, 3.395], [-76.42, 3.395], [-76.42, 3.4], [-76.425, 3.4], [-76.425, 3.395]]]}}, {"type": "Feature", "properties": {"value": 7.6665, "sigma": 7.2235}, "geometry": {"type": "Polygon", "coordinates": [[[-76.42, 3.395], [-76.415, 3.395], [-76.415, 3.4], [-76.42, 3.4], [-76.42, 3.395]]]}}, {"type": "Feature", "properties": {"value": 7.6236, "sigma": 7.2235}, "geometry": {"type": "Polygon", "coordinates": [[[-76.415, 3.395], [-76.41, 3.395], [-76.41, 3.4], [-76.415, 3.4], [-76.415, 3.395]]]}}, {"type": "Feature", "properties": {"value": 7.5922, "sigma": 7.2235}, "geometry": {"type": "Polygon", "coordinates": [[[-76.41, 3.395], [-76.405, 3.395], [-76.405, 3.4], [-76.41, 3.4], [-76.41, 3.395]]]}}, {"type": "Feature", "properties": {"value": 7.5743, "sigma": 7.2235}, "geometry": {"type": "Polygon", "coordinates": [[[-76.405, 3.395], [-76.4, 3.395], [-76.4, 3.4], [-76.405, 3.4], [-76.405, 3.395]]]}}, {"type": "Feature", "properties": {"value": 8.4879, "sigma": 7.2235}, "geometry": {"type": "Polygon", "coordinates": [[[-76.6, 3.4], [-76.595, 3.4], [-76.595, 3.405], [-76.6, 3.405], [-76.6, 3.4]]]}}, {"type": "Feature", "properties": {"value": 8.5205, "sigma": 7.2235}, "geometry": {"type": "Polygon", "coordinates": [[[-76.595, 3.4], [-76.59, 3.4], [-76.59, 3.405], [-76.595, 3.405], [-76.595, 3.4]]]}}, {"type": "Feature", "properties": {"value": 8.5351, "sigma": 7.2235}, "geometry": {"type": "Polygon", "coordinates": [[[-76.59, 3.4], [-76.585, 3.4], [-76.585, 3.405], [-76.59, 3.405], [-76.59, 3.4]]]}}, {"type": "Feature", "properties": {"value": 8.5219, "sigma": 7.2235}, "geometry": {"type": "Polygon", "coordinates": [[[-76.585, 3.4], [-76.58, 3.4], [-76.58, 3.405], [-76.585, 3.405], [-76.585, 3.4]]]}}, {"type": "Feature", "properties": {"value": 8.4786, "sigma": 7.2235}, "geometry": {"type": "Polygon", "coordinates": [[[-76.58, 3.4], [-76.575, 3.4], [-76.575, 3.405], [-76.58, 3.405], [-76.58, 3.4]]]}}, {"type": "Feature", "properties": {"value": 8.4172, "sigma": 7.2235}, "geometry": {"type": "Polygon", "coordinates": [[[-76.575, 3.4], [-76.57, 3.4], [-76.57, 3.405], [-76.575, 3.405], [-76.575, 3.4]]]}}, {"type": "Feature", "properties": {"value": 8.3615, "sigma": 7.2235}, "geometry": {"type": "Polygon", "coordinates": [[[-76.57, 3.4], [-76.565, 3.4], [-76.565, 3.405], [-76.57, 3.405], [-76.57, 3.4]]]}}, {"type": "Feature", "properties": {"value": 8.3341, "sigma": 7.2235}, "geometry": {"type": "Polygon", "coordinates": [[[-76.565, 3.4], [-76.56, 3.4], [-76.56, 3.405], [-76.565, 3.405], [-76.565, 3.4]]]}}, {"type": "Feature", "properties": {"value": 8.3335, "sigma": 7.2235}, "geometry": {"type": "Polygon", "coordinates": [[[-76.56, 3.4], [-76.555, 3.4], [-76.555, 3.405], [-76.56, 3.405], [-76.56, 3.4]]]}}, {"type": "Feature", "properties": {"value": 8.3186, "sigma": 7.2235}, "geometry": {"type": "Polygon", "coordinates": [[[-76.555, 3.4], [-76.55, 3.4], [-76.55, 3.405], [-76.555, 3.405], [-76.555, 3.4]]]}}, {"type": "Feature", "properties": {"value": 8.2467, "sigma": 7.2235}, "geometry": {"type": "Polygon", "coordinates": [[[-76.55, 3.4], [-76.545, 3.4], [-76.545, 3.405], [-76.55, 3.405], [-76.55, 3.4]]]}}, {"type": "Feature", "properties": {"value": 8.132, "sigma": 7.2235}, "geometry": {"type": "Polygon", "coordinates": [[[-76.545, 3.4], [-76.54, 3.4], [-76.54, 3.405], [-76.545, 3.405], [-76.545, 3.4]]]}}, {"type": "Feature", "properties": {"value": 8.0166, "sigma": 7.2235}, "geometry": {"type": "Polygon", "coordinates": [[[-76.54, 3.4], [-76.535, 3.4], [-76.535, 3.405], [-76.54, 3.405], [-76.54, 3.4]]]}}, {"type": "Feature", "properties": {"value": 7.9211, "sigma": 7.2235}, "geometry": {"type": "Polygon", "coordinates": [[[-76.535, 3.4], [-76.53, 3.4], [-76.53, 3.405], [-76.535, 3.405], [-76.535, 3.4]]]}}, {"type": "Feature", "properties": {"value": 7.8447, "sigma": 7.2235}, "geometry": {"type": "Polygon", "coordinates": [[[-76.53, 3.4], [-76.525, 3.4], [-76.525, 3.405], [-76.53, 3.405], [-76.53, 3.4]]]}}, {"type": "Feature", "properties": {"value": 7.7789, "sigma": 7.2235}, "geometry": {"type": "Polygon", "coordinates": [[[-76.525, 3.4], [-76.52, 3.4], [-76.52, 3.405], [-76.525, 3.405], [-76.525, 3.4]]]}}, {"type": "Feature", "properties": {"value": 7.7146, "sigma": 7.2235}, "geometry": {"type": "Polygon", "coordinates": [[[-76.52, 3.4], [-76.515, 3.4], [-76.515, 3.405], [-76.52, 3.405], [-76.52, 3.4]]]}}, {"type": "Feature", "properties": {"value": 7.6459, "sigma": 7.2235}, "geometry": {"type": "Polygon", "coordinates": [[[-76.515, 3.4], [-76.51, 3.4], [-76.51, 3.405], [-76.515, 3.405], [-76.515, 3.4]]]}}, {"type": "Feature", "properties": {"value": 7.5713, "sigma": 7.2235}, "geometry": {"type": "Polygon", "coordinates": [[[-76.51, 3.4], [-76.505, 3.4], [-76.505, 3.405], [-76.51, 3.405], [-76.51, 3.4]]]}}, {"type": "Feature", "properties": {"value": 7.4952, "sigma": 7.2235}, "geometry": {"type": "Polygon", "coordinates": [[[-76.505, 3.4], [-76.5, 3.4], [-76.5, 3.405], [-76.505, 3.405], [-76.505, 3.4]]]}}, {"type": "Feature", "properties": {"value": 7.4259, "sigma": 7.2235}, "geometry": {"type": "Polygon", "coordinates": [[[-76.5, 3.4], [-76.495, 3.4], [-76.495, 3.405], [-76.5, 3.405], [-76.5, 3.4]]]}}, {"type": "Feature", "properties": {"value": 7.3693, "sigma": 7.2235}, "geometry": {"type": "Polygon", "coordinates": [[[-76.495, 3.4], [-76.49, 3.4], [-76.49, 3.405], [-76.495, 3.405], [-76.495, 3.4]]]}}, {"type": "Feature", "properties": {"value": 7.3242, "sigma": 7.2235}, "geometry": {"type": "Polygon", "coordinates": [[[-76.49, 3.4], [-76.485, 3.4], [-76.485, 3.405], [-76.49, 3.405], [-76.49, 3.4]]]}}, {"type": "Feature", "properties": {"value": 7.2823, "sigma": 7.2235}, "geometry": {"type": "Polygon", "coordinates": [[[-76.485, 3.4], [-76.48, 3.4], [-76.48, 3.405], [-76.485, 3.405], [-76.485, 3.4]]]}}, {"type": "Feature", "properties": {"value": 7.2333, "sigma": 7.2235}, "geometry": {"type": "Polygon", "coordinates": [[[-76.48, 3.4], [-76.475, 3.4], [-76.475, 3.405], [-76.48, 3.405], [-76.48, 3.4]]]}}, {"type": "Feature", "properties": {"value": 7.1694, "sigma": 7.2235}, "geometry": {"type": "Polygon", "coordinates": [[[-76.475, 3.4], [-76.47, 3.4], [-76.47, 3.405], [-76.475, 3.405], [-76.475, 3.4]]]}}, {"type": "Feature", "properties": {"value": 7.0864, "sigma": 7.2235}, "geometry": {"type": "Polygon", "coordinates": [[[-76.47, 3.4], [-76.465, 3.4], [-76.465, 3.405], [-76.47, 3.405], [-76.47, 3.4]]]}}, {"type": "Feature", "properties": {"value": 6.986, "sigma": 7.2235}, "geometry": {"type": "Polygon", "coordinates": [[[-76.465, 3.4], [-76.46, 3.4], [-76.46, 3.405], [-76.465, 3.405], [-76.465, 3.4]]]}}, {"type": "Feature", "properties": {"value": 6.88, "sigma": 7.2235}, "geometry": {"type": "Polygon", "coordinates": [[[-76.46, 3.4], [-76.455, 3.4], [-76.455, 3.405], [-76.46, 3.405], [-76.46, 3.4]]]}}, {"type": "Feature", "properties": {"value": 6.7989, "sigma": 7.2235}, "geometry": {"type": "Polygon", "coordinates": [[[-76.455, 3.4], [-76.45, 3.4], [-76.45, 3.405], [-76.455, 3.405], [-76.455, 3.4]]]}}, {"type": "Feature", "properties": {"value": 6.7932, "sigma": 7.2235}, "geometry": {"type": "Polygon", "coordinates": [[[-76.45, 3.4], [-76.445, 3.4], [-76.445, 3.405], [-76.45, 3.405], [-76.45, 3.4]]]}}, {"type": "Feature", "properties": {"value": 6.9055, "sigma": 7.2235}, "geometry": {"type": "Polygon", "coordinates": [[[-76.445, 3.4], [-76.44, 3.4], [-76.44, 3.405], [-76.445, 3.405], [-76.445, 3.4]]]}}, {"type": "Feature", "properties": {"value": 7.1176, "sigma": 7.2235}, "geometry": {"type": "Polygon", "coordinates": [[[-76.44, 3.4], [-76.435, 3.4], [-76.435, 3.405], [-76.44, 3.405], [-76.44, 3.4]]]}}, {"type": "Feature", "properties": {"value": 7.3449, "sigma": 7.2235}, "geometry": {"type": "Polygon", "coordinates": [[[-76.435, 3.4], [-76.43, 3.4], [-76.43, 3.405], [-76.435, 3.405], [-76.435, 3.4]]]}}, {"type": "Feature", "properties": {"value": 7.5062, "sigma": 7.2235}, "geometry": {"type": "Polygon", "coordinates": [[[-76.43, 3.4], [-76.425, 3.4], [-76.425, 3.405], [-76.43, 3.405], [-76.43, 3.4]]]}}, {"type": "Feature", "properties": {"value": 7.5839, "sigma": 7.2235}, "geometry": {"type": "Polygon", "coordinates": [[[-76.425, 3.4], [-76.42, 3.4], [-76.42, 3.405], [-76.425, 3.405], [-76.425, 3.4]]]}}, {"type": "Feature", "properties": {"value": 7.6071, "sigma": 7.2235}, "geometry": {"type": "Polygon", "coordinates": [[[-76.42, 3.4], [-76.415, 3.4], [-76.415, 3.405], [-76.42, 3.405], [-76.42, 3.4]]]}}, {"type": "Feature", "properties": {"value": 7.6076, "sigma": 7.2235}, "geometry": {"type": "Polygon", "coordinates": [[[-76.415, 3.4], [-76.41, 3.4], [-76.41, 3.405], [-76.415, 3.405], [-76.415, 3.4]]]}}, {"type": "Feature", "properties": {"value": 7.6033, "sigma": 7.2235}, "geometry": {"type": "Polygon", "coordinates": [[[-76.41, 3.4], [-76.405, 3.4], [-76.405, 3.405], [-76.41, 3.405], [-76.41, 3.4]]]}}, {"type": "Feature", "properties": {"value": 7.6012, "sigma": 7.2235}, "geometry": {"type": "Polygon", "coordinates": [[[-76.405, 3.4], [-76.4, 3.4], [-76.4, 3.405], [-76.405, 3.405], [-76.405, 3.4]]]}}, {"type": "Feature", "properties": {"value": 8.4477, "sigma": 7.2235}, "geometry": {"type": "Polygon", "coordinates": [[[-76.6, 3.405], [-76.595, 3.405], [-76.595, 3.41], [-76.6, 3.41], [-76.6, 3.405]]]}}, {"type": "Feature", "properties": {"value": 8.4608, "sigma": 7.2235}, "geometry": {"type": "Polygon", "coordinates": [[[-76.595, 3.405], [-76.59, 3.405], [-76.59, 3.41], [-76.595, 3.41], [-76.595, 3.405]]]}}, {"type": "Feature", "properties": {"value": 8.4613, "sigma": 7.2235}, "geometry": {"type": "Polygon", "coordinates": [[[-76.59, 3.405], [-76.585, 3.405], [-76.585, 3.41], [-76.59, 3.41], [-76.59, 3.405]]]}}, {"type": "Feature", "properties": {"value": 8.4461, "sigma": 7.2235}, "geometry": {"type": "Polygon", "coordinates": [[[-76.585, 3.405], [-76.58, 3.405], [-76.58, 3.41], [-76.585, 3.41], [-76.585, 3.405]]]}}, {"type": "Feature", "properties": {"value": 8.4171, "sigma": 7.2235}, "geometry": {"type": "Polygon", "coordinates": [[[-76.58, 3.405], [-76.575, 3.405], [-76.575, 3.41], [-76.58, 3.41], [-76.58, 3.405]]]}}, {"type": "Feature", "properties": {"value": 8.3842, "sigma": 7.2235}, "geometry": {"type": "Polygon", "coordinates": [[[-76.575, 3.405], [-76.57, 3.405], [-76.57, 3.41], [-76.575, 3.41], [-76.575, 3.405]]]}}, {"type": "Feature", "properties": {"value": 8.3648, "sigma": 7.2235}, "geometry": {"type": "Polygon", "coordinates": [[[-76.57, 3.405], [-76.565, 3.405], [-76.565, 3.41], [-76.57, 3.41], [-76.57, 3.405]]]}}, {"type": "Feature", "properties": {"value": 8.3758, "sigma": 7.2235}, "geometry": {"type": "Polygon", "coordinates": [[[-76.565, 3.405], [-76.56, 3.405], [-76.56, 3.41], [-76.565, 3.41], [-76.565, 3.405]]]}}, {"type": "Feature", "properties": {"value": 8.4136, "sigma": 7.2235}, "geometry": {"type": "Polygon", "coordinates": [[[-76.56, 3.405], [-76.555, 3.405], [-76.555, 3.41], [-76.56, 3.41], [-76.56, 3.405]]]}}, {"type": "Feature", "properties": {"value": 8.4276, "sigma": 7.2235}, "geometry": {"type": "Polygon", "coordinates": [[[-76.555, 3.405], [-76.55, 3.405], [-76.55, 3.41], [-76.555, 3.41], [-76.555, 3.405]]]}}, {"type": "Feature", "properties": {"value": 8.365, "sigma": 7.2235}, "geometry": {"type": "Polygon", "coordinates": [[[-76.55, 3.405], [-76.545, 3.405], [-76.545, 3.41], [-76.55, 3.41], [-76.55, 3.405]]]}}, {"type": "Feature", "properties": {"value": 8.2575, "sigma": 7.2235}, "geometry": {"type": "Polygon", "coordinates": [[[-76.545, 3.405], [-76.54, 3.405], [-76.54, 3.41], [-76.545, 3.41], [-76.545, 3.405]]]}}, {"type": "Feature", "properties": {"value": 8.1649, "sigma": 7.2235}, "geometry": {"type": "Polygon", "coordinates": [[[-76.54, 3.405], [-76.535, 3.405], [-76.535, 3.41], [-76.54, 3.41], [-76.54, 3.405]]]}}, {"type": "Feature", "properties": {"value": 8.1081, "sigma": 7.2235}, "geometry": {"type": "Polygon", "coordinates": [[[-76.535, 3.405], [-76.53, 3.405], [-76.53, 3.41], [-76.535, 3.41], [-76.535, 3.405]]]}}, {"type": "Feature", "properties": {"value": 8.0818, "sigma": 7.2235}, "geometry": {"type": "Polygon", "coordinates": [[[-76.53, 3.405], [-76.525, 3.405], [-76.525, 3.41], [-76.53, 3.41], [-76.53, 3.405]]]}}, {"type": "Feature", "properties": {"value": 8.0749, "sigma": 7.2235}, "geometry": {"type": "Polygon", "coordinates": [[[-76.525, 3.405], [-76.52, 3.405], [-76.52, 3.41], [-76.525, 3.41], [-76.525, 3.405]]]}}, {"type": "Feature", "properties": {"value": 8.076, "sigma": 7.2235}, "geometry": {"type": "Polygon", "coordinates": [[[-76.52, 3.405], [-76.515, 3.405], [-76.515, 3.41], [-76.52, 3.41], [-76.52, 3.405]]]}}, {"type": "Feature", "properties": {"value": 8.0728, "sigma": 7.2235}, "geometry": {"type": "Polygon", "coordinates": [[[-76.515, 3.405], [-76.51, 3.405], [-76.51, 3.41], [-76.515, 3.41], [-76.515, 3.405]]]}}, {"type": "Feature", "properties": {"value": 8.0503, "sigma": 7.2235}, "geometry": {"type": "Polygon", "coordinates": [[[-76.51, 3.405], [-76.505, 3.405], [-76.505, 3.41], [-76.51, 3.41], [-76.51, 3.405]]]}}, {"type": "Feature", "properties": {"value": 7.9937, "sigma": 7.2235}, "geometry": {"type": "Polygon", "coordinates": [[[-76.505, 3.405], [-76.5, 3.405], [-76.5, 3.41], [-76.505, 3.41], [-76.505, 3.405]]]}}, {"type": "Feature", "properties": {"value": 7.9012, "sigma": 7.2235}, "geometry": {"type": "Polygon", "coordinates": [[[-76.5, 3.405], [-76.495, 3.405], [-76.495, 3.41], [-76.5, 3.41], [-76.5, 3.405]]]}}, {"type": "Feature", "properties": {"value": 7.7891, "sigma": 7.2235}, "geometry": {"type": "Polygon", "coordinates": [[[-76.495, 3.405], [-76.49, 3.405], [-76.49, 3.41], [-76.495, 3.41], [-76.495, 3.405]]]}}, {"type": "Feature", "properties": {"value": 7.6792, "sigma": 7.2235}, "geometry": {"type": "Polygon", "coordinates": [[[-76.49, 3.405], [-76.485, 3.405], [-76.485, 3.41], [-76.49, 3.41], [-76.49, 3.405]]]}}, {"type": "Feature", "properties": {"value": 7.584, "sigma": 7.2235}, "geometry": {"type": "Polygon", "coordinates": [[[-76.485, 3.405], [-76.48, 3.405], [-76.48, 3.41], [-76.485, 3.41], [-76.485, 3.405]]]}}, {"type": "Feature", "properties": {"value": 7.5058, "sigma": 7.2235}, "geometry": {"type": "Polygon", "coordinates": [[[-76.48, 3.405], [-76.475, 3.405], [-76.475, 3.41], [-76.48, 3.41], [-76.48, 3.405]]]}}, {"type": "Feature", "properties": {"value": 7.4429, "sigma": 7.2235}, "geometry": {"type": "Polygon", "coordinates": [[[-76.475, 3.405], [-76.47, 3.405], [-76.47, 3.41], [-76.475, 3.41], [-76.475, 3.405]]]}}, {"type": "Feature", "properties": {"value": 7.3929, "sigma": 7.2235}, "geometry": {"type": "Polygon", "coordinates": [[[-76.47, 3.405], [-76.465, 3.405], [-76.465, 3.41], [-76.47, 3.41], [-76.47, 3.405]]]}}, {"type": "Feature", "properties": {"value": 7.3537, "sigma": 7.2235}, "geometry": {"type": "Polygon", "coordinates": [[[-76.465, 3.405], [-76.46, 3.405], [-76.46, 3.41], [-76.465, 3.41], [-76.465, 3.405]]]}}, {"type": "Feature", "properties": {"value": 7.3216, "sigma": 7.2235}, "geometry": {"type": "Polygon", "coordinates": [[[-76.46, 3.405], [-76.455, 3.405], [-76.455, 3.41], [-76.46, 3.41], [-76.46, 3.405]]]}}, {"type": "Feature", "properties": {"value": 7.2937, "sigma": 7.2235}, "geometry": {"type": "Polygon", "coordinates": [[[-76.455, 3.405], [-76.45, 3.405], [-76.45, 3.41], [-76.455, 3.41], [-76.455, 3.405]]]}}, {"type": "Feature", "properties": {"value": 7.2782, "sigma": 7.2235}, "geometry": {"type": "Polygon", "coordinates": [[[-76.45, 3.405], [-76.445, 3.405], [-76.445, 3.41], [-76.45, 3.41], [-76.45, 3.405]]]}}, {"type": "Feature", "properties": {"value": 7.2964, "sigma": 7.2235}, "geometry": {"type": "Polygon", "coordinates": [[[-76.445, 3.405], [-76.44, 3.405], [-76.44, 3.41], [-76.445, 3.41], [-76.445, 3.405]]]}}, {"type": "Feature", "properties": {"value": 7.3589, "sigma": 7.2235}, "geometry": {"type": "Polygon", "coordinates": [[[-76.44, 3.405], [-76.435, 3.405], [-76.435, 3.41], [-76.44, 3.41], [-76.44, 3.405]]]}}, {"type": "Feature", "properties": {"value": 7.4463, "sigma": 7.2235}, "geometry": {"type": "Polygon", "coordinates": [[[-76.435, 3.405], [-76.43, 3.405], [-76.43, 3.41], [-76.435, 3.41], [-76.435, 3.405]]]}}, {"type": "Feature", "properties": {"value": 7.5267, "sigma": 7.2235}, "geometry": {"type": "Polygon", "coordinates": [[[-76.43, 3.405], [-76.425, 3.405], [-76.425, 3.41], [-76.43, 3.41], [-76.43, 3.405]]]}}, {"type": "Feature", "properties": {"value": 7.5814, "sigma": 7.2235}, "geometry": {"type": "Polygon", "coordinates": [[[-76.425, 3.405], [-76.42, 3.405], [-76.42, 3.41], [-76.425, 3.41], [-76.425, 3.405]]]}}, {"type": "Feature", "properties": {"value": 7.6115, "sigma": 7.2235}, "geometry": {"type": "Polygon", "coordinates": [[[-76.42, 3.405], [-76.415, 3.405], [-76.415, 3.41], [-76.42, 3.41], [-76.42, 3.405]]]}}, {"type": "Feature", "properties": {"value": 7.6263, "sigma": 7.2235}, "geometry": {"type": "Polygon", "coordinates": [[[-76.415, 3.405], [-76.41, 3.405], [-76.41, 3.41], [-76.415, 3.41], [-76.415, 3.405]]]}}, {"type": "Feature", "properties": {"value": 7.6344, "sigma": 7.2235}, "geometry": {"type": "Polygon", "coordinates": [[[-76.41, 3.405], [-76.405, 3.405], [-76.405, 3.41], [-76.41, 3.41], [-76.41, 3.405]]]}}, {"type": "Feature", "properties": {"value": 7.6408, "sigma": 7.2235}, "geometry": {"type": "Polygon", "coordinates": [[[-76.405, 3.405], [-76.4, 3.405], [-76.4, 3.41], [-76.405, 3.41], [-76.405, 3.405]]]}}, {"type": "Feature", "properties": {"value": 8.4344, "sigma": 7.2235}, "geometry": {"type": "Polygon", "coordinates": [[[-76.6, 3.41], [-76.595, 3.41], [-76.595, 3.415], [-76.6, 3.415], [-76.6, 3.41]]]}}, {"type": "Feature", "properties": {"value": 8.4371, "sigma": 7.2235}, "geometry": {"type": "Polygon", "coordinates": [[[-76.595, 3.41], [-76.59, 3.41], [-76.59, 3.415], [-76.595, 3.415], [-76.595, 3.41]]]}}, {"type": "Feature", "properties": {"value": 8.4316, "sigma": 7.2235}, "geometry": {"type": "Polygon", "coordinates": [[[-76.59, 3.41], [-76.585, 3.41], [-76.585, 3.415], [-76.59, 3.415], [-76.59, 3.41]]]}}, {"type": "Feature", "properties": {"value": 8.4175, "sigma": 7.2235}, "geometry": {"type": "Polygon", "coordinates": [[[-76.585, 3.41], [-76.58, 3.41], [-76.58, 3.415], [-76.585, 3.415], [-76.585, 3.41]]]}}, {"type": "Feature", "properties": {"value": 8.398, "sigma": 7.2235}, "geometry": {"type": "Polygon", "coordinates": [[[-76.58, 3.41], [-76.575, 3.41], [-76.575, 3.415], [-76.58, 3.415], [-76.58, 3.41]]]}}, {"type": "Feature", "properties": {"value": 8.3804, "sigma": 7.2235}, "geometry": {"type": "Polygon", "coordinates": [[[-76.575, 3.41], [-76.57, 3.41], [-76.57, 3.415], [-76.575, 3.415], [-76.575, 3.41]]]}}, {"type": "Feature", "properties": {"value": 8.3764, "sigma": 7.2235}, "geometry": {"type": "Polygon", "coordinates": [[[-76.57, 3.41], [-76.565, 3.41], [-76.565, 3.415], [-76.57, 3.415], [-76.57, 3.41]]]}}, {"type": "Feature", "properties": {"value": 8.3968, "sigma": 7.2235}, "geometry": {"type": "Polygon", "coordinates": [[[-76.565, 3.41], [-76.56, 3.41], [-76.56, 3.415], [-76.565, 3.415], [-76.565, 3.41]]]}}, {"type": "Feature", "properties": {"value": 8.4363, "sigma": 7.2235}, "geometry": {"type": "Polygon", "coordinates": [[[-76.56, 3.41], [-76.555, 3.41], [-76.555, 3.415], [-76.56, 3.415], [-76.56, 3.41]]]}}, {"type": "Feature", "properties": {"value": 8.4525, "sigma": 7.2235}, "geometry": {"type": "Polygon", "coordinates": [[[-76.555, 3.41], [-76.55, 3.41], [-76.55, 3.415], [-76.555, 3.415], [-76.555, 3.41]]]}}, {"type": "Feature", "properties": {"value": 8.4057, "sigma": 7.2235}, "geometry": {"type": "Polygon", "coordinates": [[[-76.55, 3.41], [-76.545, 3.41], [-76.545, 3.415], [-76.55, 3.415], [-76.55, 3.41]]]}}, {"type": "Feature", "properties": {"value": 8.3315, "sigma": 7.2235}, "geometry": {"type": "Polygon", "coordinates": [[[-76.545, 3.41], [-76.54, 3.41], [-76.54, 3.415], [-76.545, 3.415], [-76.545, 3.41]]]}}, {"type": "Feature", "properties": {"value": 8.2842, "sigma": 7.2235}, "geometry": {"type": "Polygon", "coordinates": [[[-76.54, 3.41], [-76.535, 3.41], [-76.535, 3.415], [-76.54, 3.415], [-76.54, 3.41]]]}}, {"type": "Feature", "properties": {"value": 8.279, "sigma": 7.2235}, "geometry": {"type": "Polygon", "coordinates": [[[-76.535, 3.41], [-76.53, 3.41], [-76.53, 3.415], [-76.535, 3.415], [-76.535, 3.41]]]}}, {"type": "Feature", "properties": {"value": 8.3095, "sigma": 7.2235}, "geometry": {"type": "Polygon", "coordinates": [[[-76.53, 3.41], [-76.525, 3.41], [-76.525, 3.415], [-76.53, 3.415], [-76.53, 3.41]]]}}, {"type": "Feature", "properties": {"value": 8.365, "sigma": 7.2235}, "geometry": {"type": "Polygon", "coordinates": [[[-76.525, 3.41], [-76.52, 3.41], [-76.52, 3.415], [-76.525, 3.415], [-76.525, 3.41]]]}}, {"type": "Feature", "properties": {"value": 8.4352, "sigma": 7.2235}, "geometry": {"type": "Polygon", "coordinates": [[[-76.52, 3.41], [-76.515, 3.41], [-76.515, 3.415], [-76.52, 3.415], [-76.52, 3.41]]]}}, {"type": "Feature", "properties": {"value": 8.5073, "sigma": 7.2235}, "geometry": {"type": "Polygon", "coordinates": [[[-76.515, 3.41], [-76.51, 3.41], [-76.51, 3.415], [-76.515, 3.415], [-76.515, 3.41]]]}}, {"type": "Feature", "properties": {"value": 8.553, "sigma": 7.2235}, "geometry": {"type": "Polygon", "coordinates": [[[-76.51, 3.41], [-76.505, 3.41], [-76.505, 3.415], [-76.51, 3.415], [-76.51, 3.41]]]}}, {"type": "Feature", "properties": {"value": 8.5248, "sigma": 7.2235}, "geometry": {"type": "Polygon", "coordinates": [[[-76.505, 3.41], [-76.5, 3.41], [-76.5, 3.415], [-76.505, 3.415], [-76.505, 3.41]]]}}, {"type": "Feature", "properties": {"value": 8.4, "sigma": 7.2235}, "geometry": {"type": "Polygon", "coordinates": [[[-76.5, 3.41], [-76.495, 3.41], [-76.495, 3.415], [-76.5, 3.415], [-76.5, 3.41]]]}}, {"type": "Feature", "properties": {"value": 8.217, "sigma": 7.2235}, "geometry": {"type": "Polygon", "coordinates": [[[-76.495, 3.41], [-76.49, 3.41], [-76.49, 3.415], [-76.495, 3.415], [-76.495, 3.41]]]}}, {"type": "Feature", "properties": {"value": 8.0339, "sigma": 7.2235}, "geometry": {"type": "Polygon", "coordinates": [[[-76.49, 3.41], [-76.485, 3.41], [-76.485, 3.415], [-76.49, 3.415], [-76.49, 3.41]]]}}, {"type": "Feature", "properties": {"value": 7.8855, "sigma": 7.2235}, "geometry": {"type": "Polygon", "coordinates": [[[-76.485, 3.41], [-76.48, 3.41], [-76.48, 3.415], [-76.485, 3.415], [-76.485, 3.41]]]}}, {"type": "Feature", "properties": {"value": 7.7828, "sigma": 7.2235}, "geometry": {"type": "Polygon", "coordinates": [[[-76.48, 3.41], [-76.475, 3.41], [-76.475, 3.415], [-76.48, 3.415], [-76.48, 3.41]]]}}, {"type": "Feature", "properties": {"value": 7.729, "sigma": 7.2235}, "geometry": {"type": "Polygon", "coordinates": [[[-76.475, 3.41], [-76.47, 3.41], [-76.47, 3.415], [-76.475, 3.415], [-76.475, 3.41]]]}}, {"type": "Feature", "properties": {"value": 7.7265, "sigma": 7.2235}, "geometry": {"type": "Polygon", "coordinates": [[[-76.47, 3.41], [-76.465, 3.41], [-76.465, 3.415], [-76.47, 3.415], [-76.47, 3.41]]]}}, {"type": "Feature", "properties": {"value": 7.7756, "sigma": 7.2235}, "geometry": {"type": "Polygon", "coordinates": [[[-76.465, 3.41], [-76.46, 3.41], [-76.46, 3.415], [-76.465, 3.415], [-76.465, 3.41]]]}}, {"type": "Feature", "properties": {"value": 7.8578, "sigma": 7.2235}, "geometry": {"type": "Polygon", "coordinates": [[[-76.46, 3.41], [-76.455, 3.41], [-76.455, 3.415], [-76.46, 3.415], [-76.46, 3.41]]]}}, {"type": "Feature", "properties": {"value": 7.9168, "sigma": 7.2235}, "geometry": {"type": "Polygon", "coordinates": [[[-76.455, 3.41], [-76.45, 3.41], [-76.45, 3.415], [-76.455, 3.415], [-76.455, 3.41]]]}}, {"type": "Feature", "properties": {"value": 7.8898, "sigma": 7.2235}, "geometry": {"type": "Polygon", "coordinates": [[[-76.45, 3.41], [-76.445, 3.41], [-76.445, 3.415], [-76.45, 3.415], [-76.45, 3.41]]]}}, {"type": "Feature", "properties": {"value": 7.7942, "sigma": 7.2235}, "geometry": {"type": "Polygon", "coordinates": [[[-76.445, 3.41], [-76.44, 3.41], [-76.44, 3.415], [-76.445, 3.415], [-76.445, 3.41]]]}}, {"type": "Feature", "properties": {"value": 7.7056, "sigma": 7.2235}, "geometry": {"type": "Polygon", "coordinates": [[[-76.44, 3.41], [-76.435, 3.41], [-76.435, 3.415], [-76.44, 3.415], [-76.44, 3.41]]]}}, {"type": "Feature", "properties": {"value": 7.6619, "sigma": 7.2235}, "geometry": {"type": "Polygon", "coordinates": [[[-76.435, 3.41], [-76.43, 3.41], [-76.43, 3.415], [-76.435, 3.415], [-76.435, 3.41]]]}}, {"type": "Feature", "properties": {"value": 7.6539, "sigma": 7.2235}, "geometry": {"type": "Polygon", "coordinates": [[[-76.43, 3.41], [-76.425, 3.41], [-76.425, 3.415], [-76.43, 3.415], [-76.43, 3.41]]]}}, {"type": "Feature", "properties": {"value": 7.6612, "sigma": 7.2235}, "geometry": {"type": "Polygon", "coordinates": [[[-76.425, 3.41], [-76.42, 3.41], [-76.42, 3.415], [-76.425, 3.415], [-76.425, 3.41]]]}}, {"type": "Feature", "properties": {"value": 7.6714, "sigma": 7.2235}, "geometry": {"type": "Polygon", "coordinates": [[[-76.42, 3.41], [-76.415, 3.41], [-76.415, 3.415], [-76.42, 3.415], [-76.42, 3.41]]]}}, {"type": "Feature", "properties": {"value": 7.6804, "sigma": 7.2235}, "geometry": {"type": "Polygon", "coordinates": [[[-76.415, 3.41], [-76.41, 3.41], [-76.41, 3.415], [-76.415, 3.415], [-76.415, 3.41]]]}}, {"type": "Feature", "properties": {"value": 7.6884, "sigma": 7.2235}, "geometry": {"type": "Polygon", "coordinates": [[[-76.41, 3.41], [-76.405, 3.41], [-76.405, 3.415], [-76.41, 3.415], [-76.41, 3.41]]]}}, {"type": "Feature", "properties": {"value": 7.6961, "sigma": 7.2235}, "geometry": {"type": "Polygon", "coordinates": [[[-76.405, 3.41], [-76.4, 3.41], [-76.4, 3.415], [-76.405, 3.415], [-76.405, 3.41]]]}}, {"type": "Feature", "properties": {"value": 8.4442, "sigma": 7.2235}, "geometry": {"type": "Polygon", "coordinates": [[[-76.6, 3.415], [-76.595, 3.415], [-76.595, 3.42], [-76.6, 3.42], [-76.6, 3.415]]]}}, {"type": "Feature", "properties": {"value": 8.4411, "sigma": 7.2235}, "geometry": {"type": "Polygon", "coordinates": [[[-76.595, 3.415], [-76.59, 3.415], [-76.59, 3.42], [-76.595, 3.42], [-76.595, 3.415]]]}}, {"type": "Feature", "properties": {"value": 8.4327, "sigma": 7.2235}, "geometry": {"type": "Polygon", "coordinates": [[[-76.59, 3.415], [-76.585, 3.415], [-76.585, 3.42], [-76.59, 3.42], [-76.59, 3.415]]]}}, {"type": "Feature", "properties": {"value": 8.4196, "sigma": 7.2235}, "geometry": {"type": "Polygon", "coordinates": [[[-76.585, 3.415], [-76.58, 3.415], [-76.58, 3.42], [-76.585, 3.42], [-76.585, 3.415]]]}}, {"type": "Feature", "properties": {"value": 8.4045, "sigma": 7.2235}, "geometry": {"type": "Polygon", "coordinates": [[[-76.58, 3.415], [-76.575, 3.415], [-76.575, 3.42], [-76.58, 3.42], [-76.58, 3.415]]]}}, {"type": "Feature", "properties": {"value": 8.3922, "sigma": 7.2235}, "geometry": {"type": "Polygon", "coordinates": [[[-76.575, 3.415], [-76.57, 3.415], [-76.57, 3.42], [-76.575, 3.42], [-76.575, 3.415]]]}}, {"type": "Feature", "properties": {"value": 8.3893, "sigma": 7.2235}, "geometry": {"type": "Polygon", "coordinates": [[[-76.57, 3.415], [-76.565, 3.415], [-76.565, 3.42], [-76.57, 3.42], [-76.57, 3.415]]]}}, {"type": "Feature", "properties": {"value": 8.4002, "sigma": 7.2235}, "geometry": {"type": "Polygon", "coordinates": [[[-76.565, 3.415], [-76.56, 3.415], [-76.56, 3.42], [-76.565, 3.42], [-76.565, 3.415]]]}}, {"type": "Feature", "properties": {"value": 8.4194, "sigma": 7.2235}, "geometry": {"type": "Polygon", "coordinates": [[[-76.56, 3.415], [-76.555, 3.415], [-76.555, 3.42], [-76.56, 3.42], [-76.56, 3.415]]]}}, {"type": "Feature", "properties": {"value": 8.4251, "sigma": 7.2235}, "geometry": {"type": "Polygon", "coordinates": [[[-76.555, 3.415], [-76.55, 3.415], [-76.55, 3.42], [-76.555, 3.42], [-76.555, 3.415]]]}}, {"type": "Feature", "properties": {"value": 8.404, "sigma": 7.2235}, "geometry": {"type": "Polygon", "coordinates": [[[-76.55, 3.415], [-76.545, 3.415], [-76.545, 3.42], [-76.55, 3.42], [-76.55, 3.415]]]}}, {"type": "Feature", "properties": {"value": 8.3814, "sigma": 7.2235}, "geometry": {"type": "Polygon", "coordinates": [[[-76.545, 3.415], [-76.54, 3.415], [-76.54, 3.42], [-76.545, 3.42], [-76.545, 3.415]]]}}, {"type": "Feature", "properties": {"value": 8.3896, "sigma": 7.2235}, "geometry": {"type": "Polygon", "coordinates": [[[-76.54, 3.415], [-76.535, 3.415], [-76.535, 3.42], [-76.54, 3.42], [-76.54, 3.415]]]}}, {"type": "Feature", "properties": {"value": 8.4383, "sigma": 7.2235}, "geometry": {"type": "Polygon", "coordinates": [[[-76.535, 3.415], [-76.53, 3.415], [-76.53, 3.42], [-76.535, 3.42], [-76.535, 3.415]]]}}, {"type": "Feature", "properties": {"value": 8.5226, "sigma": 7.2235}, "geometry": {"type": "Polygon", "coordinates": [[[-76.53, 3.415], [-76.525, 3.415], [-76.525, 3.42], [-76.53, 3.42], [-76.53, 3.415]]]}}, {"type": "Feature", "properties": {"value": 8.6342, "sigma": 7.2235}, "geometry": {"type": "Polygon", "coordinates": [[[-76.525, 3.415], [-76.52, 3.415], [-76.52, 3.42], [-76.525, 3.42], [-76.525, 3.415]]]}}, {"type": "Feature", "properties": {"value": 8.7686, "sigma": 7.2235}, "geometry": {"type": "Polygon", "coordinates": [[[-76.52, 3.415], [-76.515, 3.415], [-76.515, 3.42], [-76.52, 3.42], [-76.52, 3.415]]]}}, {"type": "Feature", "properties": {"value": 8.9288, "sigma": 7.2235}, "geometry": {"type": "Polygon", "coordinates": [[[-76.515, 3.415], [-76.51, 3.415], [-76.51, 3.42], [-76.515, 3.42], [-76.515, 3.415]]]}}, {"type": "Feature", "properties": {"value": 9.0868, "sigma": 7.2235}, "geometry": {"type": "Polygon", "coordinates": [[[-76.51, 3.415], [-76.505, 3.415], [-76.505, 3.42], [-76.51, 3.42], [-76.51, 3.415]]]}}, {"type": "Feature", "properties": {"value": 9.1189, "sigma": 7.2235}, "geometry": {"type": "Polygon", "coordinates": [[[-76.505, 3.415], [-76.5, 3.415], [-76.5, 3.42], [-76.505, 3.42], [-76.505, 3.415]]]}}, {"type": "Feature", "properties": {"value": 8.9381, "sigma": 7.2235}, "geometry": {"type": "Polygon", "coordinates": [[[-76.5, 3.415], [-76.495, 3.415], [-76.495, 3.42], [-76.5, 3.42], [-76.5, 3.415]]]}}, {"type": "Feature", "properties": {"value": 8.6462, "sigma": 7.2235}, "geometry": {"type": "Polygon", "coordinates": [[[-76.495, 3.415], [-76.49, 3.415], [-76.49, 3.42], [-76.495, 3.42], [-76.495, 3.415]]]}}, {"type": "Feature", "properties": {"value": 8.3717, "sigma": 7.2235}, "geometry": {"type": "Polygon", "coordinates": [[[-76.49, 3.415], [-76.485, 3.415], [-76.485, 3.42], [-76.49, 3.42], [-76.49, 3.415]]]}}, {"type": "Feature", "properties": {"value": 8.1668, "sigma": 7.2235}, "geometry": {"type": "Polygon", "coordinates": [[[-76.485, 3.415], [-76.48, 3.415], [-76.48, 3.42], [-76.485, 3.42], [-76.485, 3.415]]]}}, {"type": "Feature", "properties": {"value": 8.0419, "sigma": 7.2235}, "geometry": {"type": "Polygon", "coordinates": [[[-76.48, 3.415], [-76.475, 3.415], [-76.475, 3.42], [-76.48, 3.42], [-76.48, 3.415]]]}}, {"type": "Feature", "properties": {"value": 8.001, "sigma": 7.2235}, "geometry": {"type": "Polygon", "coordinates": [[[-76.475, 3.415], [-76.47, 3.415], [-76.47, 3.42], [-76.475, 3.42], [-76.475, 3.415]]]}}, {"type": "Feature", "properties": {"value": 8.0571, "sigma": 7.2235}, "geometry": {"type": "Polygon", "coordinates": [[[-76.47, 3.415], [-76.465, 3.415], [-76.465, 3.42], [-76.47, 3.42], [-76.47, 3.415]]]}}, {"type": "Feature", "properties": {"value": 8.2299, "sigma": 7.2235}, "geometry": {"type": "Polygon", "coordinates": [[[-76.465, 3.415], [-76.46, 3.415], [-76.46, 3.42], [-76.465, 3.42], [-76.465, 3.415]]]}}, {"type": "Feature", "properties": {"value": 8.5086, "sigma": 7.2235}, "geometry": {"type": "Polygon", "coordinates": [[[-76.46, 3.415], [-76.455, 3.415], [-76.455, 3.42], [-76.46, 3.42], [-76.46, 3.415]]]}}, {"type": "Feature", "properties": {"value": 8.7534, "sigma": 7.2235}, "geometry": {"type": "Polygon", "coordinates": [[[-76.455, 3.415], [-76.45, 3.415], [-76.45, 3.42], [-76.455, 3.42], [-76.455, 3.415]]]}}, {"type": "Feature", "properties": {"value": 8.7205, "sigma": 7.2235}, "geometry": {"type": "Polygon", "coordinates": [[[-76.45, 3.415], [-76.445, 3.415], [-76.445, 3.42], [-76.45, 3.42], [-76.45, 3.415]]]}}, {"type": "Feature", "properties": {"value": 8.4309, "sigma": 7.2235}, "geometry": {"type": "Polygon", "coordinates": [[[-76.445, 3.415], [-76.44, 3.415], [-76.44, 3.42], [-76.445, 3.42], [-76.445, 3.415]]]}}, {"type": "Feature", "properties": {"value": 8.1331, "sigma": 7.2235}, "geometry": {"type": "Polygon", "coordinates": [[[-76.44, 3.415], [-76.435, 3.415], [-76.435, 3.42], [-76.44, 3.42], [-76.44, 3.415]]]}}, {"type": "Feature", "properties": {"value": 7.9396, "sigma": 7.2235}, "geometry": {"type": "Polygon", "coordinates": [[[-76.435, 3.415], [-76.43, 3.415], [-76.43, 3.42], [-76.435, 3.42], [-76.435, 3.415]]]}}, {"type": "Feature", "properties": {"value": 7.8371, "sigma": 7.2235}, "geometry": {"type": "Polygon", "coordinates": [[[-76.43, 3.415], [-76.425, 3.415], [-76.425, 3.42], [-76.43, 3.42], [-76.43, 3.415]]]}}, {"type": "Feature", "properties": {"value": 7.7889, "sigma": 7.2235}, "geometry": {"type": "Polygon", "coordinates": [[[-76.425, 3.415], [-76.42, 3.415], [-76.42, 3.42], [-76.425, 3.42], [-76.425, 3.415]]]}}, {"type": "Feature", "properties": {"value": 7.7688, "sigma": 7.2235}, "geometry": {"type": "Polygon", "coordinates": [[[-76.42, 3.415], [-76.415, 3.415], [-76.415, 3.42], [-76.42, 3.42], [-76.42, 3.415]]]}}, {"type": "Feature", "properties": {"value": 7.7624, "sigma": 7.2235}, "geometry": {"type": "Polygon", "coordinates": [[[-76.415, 3.415], [-76.41, 3.415], [-76.41, 3.42], [-76.415, 3.42], [-76.415, 3.415]]]}}, {"type": "Feature", "properties": {"value": 7.7628, "sigma": 7.2235}, "geometry": {"type": "Polygon", "coordinates": [[[-76.41, 3.415], [-76.405, 3.415], [-76.405, 3.42], [-76.41, 3.42], [-76.41, 3.415]]]}}, {"type": "Feature", "properties": {"value": 7.7666, "sigma": 7.2235}, "geometry": {"type": "Polygon", "coordinates": [[[-76.405, 3.415], [-76.4, 3.415], [-76.4, 3.42], [-76.405, 3.42], [-76.405, 3.415]]]}}, {"type": "Feature", "properties": {"value": 8.4737, "sigma": 7.2235}, "geometry": {"type": "Polygon", "coordinates": [[[-76.6, 3.42], [-76.595, 3.42], [-76.595, 3.425], [-76.6, 3.425], [-76.6, 3.42]]]}}, {"type": "Feature", "properties": {"value": 8.4674, "sigma": 7.2235}, "geometry": {"type": "Polygon", "coordinates": [[[-76.595, 3.42], [-76.59, 3.42], [-76.59, 3.425], [-76.595, 3.425], [-76.595, 3.42]]]}}, {"type": "Feature", "properties": {"value": 8.4571, "sigma": 7.2235}, "geometry": {"type": "Polygon", "coordinates": [[[-76.59, 3.42], [-76.585, 3.42], [-76.585, 3.425], [-76.59, 3.425], [-76.59, 3.42]]]}}, {"type": "Feature", "properties": {"value": 8.4439, "sigma": 7.2235}, "geometry": {"type": "Polygon", "coordinates": [[[-76.585, 3.42], [-76.58, 3.42], [-76.58, 3.425], [-76.585, 3.425], [-76.585, 3.42]]]}}, {"type": "Feature", "properties": {"value": 8.4297, "sigma": 7.2235}, "geometry": {"type": "Polygon", "coordinates": [[[-76.58, 3.42], [-76.575, 3.42], [-76.575, 3.425], [-76.58, 3.425], [-76.58, 3.42]]]}}, {"type": "Feature", "properties": {"value": 8.4175, "sigma": 7.2235}, "geometry": {"type": "Polygon", "coordinates": [[[-76.575, 3.42], [-76.57, 3.42], [-76.57, 3.425], [-76.575, 3.425], [-76.575, 3.42]]]}}, {"type": "Feature", "properties": {"value": 8.4107, "sigma": 7.2235}, "geometry": {"type": "Polygon", "coordinates": [[[-76.57, 3.42], [-76.565, 3.42], [-76.565, 3.425], [-76.57, 3.425], [-76.57, 3.42]]]}}, {"type": "Feature", "properties": {"value": 8.411, "sigma": 7.2235}, "geometry": {"type": "Polygon", "coordinates": [[[-76.565, 3.42], [-76.56, 3.42], [-76.56, 3.425], [-76.565, 3.425], [-76.565, 3.42]]]}}, {"type": "Feature", "properties": {"value": 8.4158, "sigma": 7.2235}, "geometry": {"type": "Polygon", "coordinates": [[[-76.56, 3.42], [-76.555, 3.42], [-76.555, 3.425], [-76.56, 3.425], [-76.56, 3.42]]]}}, {"type": "Feature", "properties": {"value": 8.4193, "sigma": 7.2235}, "geometry": {"type": "Polygon", "coordinates": [[[-76.555, 3.42], [-76.55, 3.42], [-76.55, 3.425], [-76.555, 3.425], [-76.555, 3.42]]]}}, {"type": "Feature", "properties": {"value": 8.4233, "sigma": 7.2235}, "geometry": {"type": "Polygon", "coordinates": [[[-76.55, 3.42], [-76.545, 3.42], [-76.545, 3.425], [-76.55, 3.425], [-76.55, 3.42]]]}}, {"type": "Feature", "properties": {"value": 8.4432, "sigma": 7.2235}, "geometry": {"type": "Polygon", "coordinates": [[[-76.545, 3.42], [-76.54, 3.42], [-76.54, 3.425], [-76.545, 3.425], [-76.545, 3.42]]]}}, {"type": "Feature", "properties": {"value": 8.4958, "sigma": 7.2235}, "geometry": {"type": "Polygon", "coordinates": [[[-76.54, 3.42], [-76.535, 3.42], [-76.535, 3.425], [-76.54, 3.425], [-76.54, 3.42]]]}}, {"type": "Feature", "properties": {"value": 8.5864, "sigma": 7.2235}, "geometry": {"type": "Polygon", "coordinates": [[[-76.535, 3.42], [-76.53, 3.42], [-76.53, 3.425], [-76.535, 3.425], [-76.535, 3.42]]]}}, {"type": "Feature", "properties": {"value": 8.7106, "sigma": 7.2235}, "geometry": {"type": "Polygon", "coordinates": [[[-76.53, 3.42], [-76.525, 3.42], [-76.525, 3.425], [-76.53, 3.425], [-76.53, 3.42]]]}}, {"type": "Feature", "properties": {"value": 8.8584, "sigma": 7.2235}, "geometry": {"type": "Polygon", "coordinates": [[[-76.525, 3.42], [-76.52, 3.42], [-76.52, 3.425], [-76.525, 3.425], [-76.525, 3.42]]]}}, {"type": "Feature", "properties": {"value": 9.0298, "sigma": 7.2235}, "geometry": {"type": "Polygon", "coordinates": [[[-76.52, 3.42], [-76.515, 3.42], [-76.515, 3.425], [-76.52, 3.425], [-76.52, 3.42]]]}}, {"type": "Feature", "properties": {"value": 9.2719, "sigma": 7.2235}, "geometry": {"type": "Polygon", "coordinates": [[[-76.515, 3.42], [-76.51, 3.42], [-76.51, 3.425], [-76.515, 3.425], [-76.515, 3.42]]]}}, {"type": "Feature", "properties": {"value": 9.6335, "sigma": 7.2235}, "geometry": {"type": "Polygon", "coordinates": [[[-76.51, 3.42], [-76.505, 3.42], [-76.505, 3.425], [-76.51, 3.425], [-76.51, 3.42]]]}}, {"type": "Feature", "properties": {"value": 9.8014, "sigma": 7.2235}, "geometry": {"type": "Polygon", "coordinates": [[[-76.505, 3.42], [-76.5, 3.42], [-76.5, 3.425], [-76.505, 3.425], [-76.505, 3.42]]]}}, {"type": "Feature", "properties": {"value": 9.4897, "sigma": 7.2235}, "geometry": {"type": "Polygon", "coordinates": [[[-76.5, 3.42], [-76.495, 3.42], [-76.495, 3.425], [-76.5, 3.425], [-76.5, 3.42]]]}}, {"type": "Feature", "properties": {"value": 9.0318, "sigma": 7.2235}, "geometry": {"type": "Polygon", "coordinates": [[[-76.495, 3.42], [-76.49, 3.42], [-76.49, 3.425], [-76.495, 3.425], [-76.495, 3.42]]]}}, {"type": "Feature", "properties": {"value": 8.658, "sigma": 7.2235}, "geometry": {"type": "Polygon", "coordinates": [[[-76.49, 3.42], [-76.485, 3.42], [-76.485, 3.425], [-76.49, 3.425], [-76.49, 3.42]]]}}, {"type": "Feature", "properties": {"value": 8.4035, "sigma": 7.2235}, "geometry": {"type": "Polygon", "coordinates": [[[-76.485, 3.42], [-76.48, 3.42], [-76.48, 3.425], [-76.485, 3.425], [-76.485, 3.42]]]}}, {"type": "Feature", "properties": {"value": 8.26, "sigma": 7.2235}, "geometry": {"type": "Polygon", "coordinates": [[[-76.48, 3.42], [-76.475, 3.42], [-76.475, 3.425], [-76.48, 3.425], [-76.48, 3.42]]]}}, {"type": "Feature", "properties": {"value": 8.2284, "sigma": 7.2235}, "geometry": {"type": "Polygon", "coordinates": [[[-76.475, 3.42], [-76.47, 3.42], [-76.47, 3.425], [-76.475, 3.425], [-76.475, 3.42]]]}}, {"type": "Feature", "properties": {"value": 8.3353, "sigma": 7.2235}, "geometry": {"type": "Polygon", "coordinates": [[[-76.47, 3.42], [-76.465, 3.42], [-76.465, 3.425], [-76.47, 3.425], [-76.47, 3.42]]]}}, {"type": "Feature", "properties": {"value": 8.638, "sigma": 7.2235}, "geometry": {"type": "Polygon", "coordinates": [[[-76.465, 3.42], [-76.46, 3.42], [-76.46, 3.425], [-76.465, 3.425], [-76.465, 3.42]]]}}, {"type": "Feature", "properties": {"value": 9.1795, "sigma": 7.2235}, "geometry": {"type": "Polygon", "coordinates": [[[-76.46, 3.42], [-76.455, 3.42], [-76.455, 3.425], [-76.46, 3.425], [-76.46, 3.42]]]}}, {"type": "Feature", "properties": {"value": 9.7378, "sigma": 7.2235}, "geometry": {"type": "Polygon", "coordinates": [[[-76.455, 3.42], [-76.45, 3.42], [-76.45, 3.425], [-76.455, 3.425], [-76.455, 3.42]]]}}, {"type": "Feature", "properties": {"value": 9.6949, "sigma": 7.2235}, "geometry": {"type": "Polygon", "coordinates": [[[-76.45, 3.42], [-76.445, 3.42], [-76.445, 3.425], [-76.45, 3.425], [-76.45, 3.42]]]}}, {"type": "Feature", "properties": {"value": 9.0997, "sigma": 7.2235}, "geometry": {"type": "Polygon", "coordinates": [[[-76.445, 3.42], [-76.44, 3.42], [-76.44, 3.425], [-76.445, 3.425], [-76.445, 3.42]]]}}, {"type": "Feature", "properties": {"value": 8.5486, "sigma": 7.2235}, "geometry": {"type": "Polygon", "coordinates": [[[-76.44, 3.42], [-76.435, 3.42], [-76.435, 3.425], [-76.44, 3.425], [-76.44, 3.42]]]}}, {"type": "Feature", "properties": {"value": 8.2108, "sigma": 7.2235}, "geometry": {"type": "Polygon", "coordinates": [[[-76.435, 3.42], [-76.43, 3.42], [-76.43, 3.425], [-76.435, 3.425], [-76.435, 3.42]]]}}, {"type": "Feature", "properties": {"value": 8.0274, "sigma": 7.2235}, "geometry": {"type": "Polygon", "coordinates": [[[-76.43, 3.42], [-76.425, 3.42], [-76.425, 3.425], [-76.43, 3.425], [-76.43, 3.42]]]}}, {"type": "Feature", "properties": {"value": 7.9321, "sigma": 7.2235}, "geometry": {"type": "Polygon", "coordinates": [[[-76.425, 3.42], [-76.42, 3.42], [-76.42, 3.425], [-76.425, 3.425], [-76.425, 3.42]]]}}, {"type": "Feature", "properties": {"value": 7.8842, "sigma": 7.2235}, "geometry": {"type": "Polygon", "coordinates": [[[-76.42, 3.42], [-76.415, 3.42], [-76.415, 3.425], [-76.42, 3.425], [-76.42, 3.42]]]}}, {"type": "Feature", "properties": {"value": 7.8615, "sigma": 7.2235}, "geometry": {"type": "Polygon", "coordinates": [[[-76.415, 3.42], [-76.41, 3.42], [-76.41, 3.425], [-76.415, 3.425], [-76.415, 3.42]]]}}, {"type": "Feature", "properties": {"value": 7.8522, "sigma": 7.2235}, "geometry": {"type": "Polygon", "coordinates": [[[-76.41, 3.42], [-76.405, 3.42], [-76.405, 3.425], [-76.41, 3.425], [-76.41, 3.42]]]}}, {"type": "Feature", "properties": {"value": 7.8501, "sigma": 7.2235}, "geometry": {"type": "Polygon", "coordinates": [[[-76.405, 3.42], [-76.4, 3.42], [-76.4, 3.425], [-76.405, 3.425], [-76.405, 3.42]]]}}, {"type": "Feature", "properties": {"value": 8.5212, "sigma": 7.2235}, "geometry": {"type": "Polygon", "coordinates": [[[-76.6, 3.425], [-76.595, 3.425], [-76.595, 3.43], [-76.6, 3.43], [-76.6, 3.425]]]}}, {"type": "Feature", "properties": {"value": 8.5129, "sigma": 7.2235}, "geometry": {"type": "Polygon", "coordinates": [[[-76.595, 3.425], [-76.59, 3.425], [-76.59, 3.43], [-76.595, 3.43], [-76.595, 3.425]]]}}, {"type": "Feature", "properties": {"value": 8.5012, "sigma": 7.2235}, "geometry": {"type": "Polygon", "coordinates": [[[-76.59, 3.425], [-76.585, 3.425], [-76.585, 3.43], [-76.59, 3.43], [-76.59, 3.425]]]}}, {"type": "Feature", "properties": {"value": 8.4871, "sigma": 7.2235}, "geometry": {"type": "Polygon", "coordinates": [[[-76.585, 3.425], [-76.58, 3.425], [-76.58, 3.43], [-76.585, 3.43], [-76.585, 3.425]]]}}, {"type": "Feature", "properties": {"value": 8.4721, "sigma": 7.2235}, "geometry": {"type": "Polygon", "coordinates": [[[-76.58, 3.425], [-76.575, 3.425], [-76.575, 3.43], [-76.58, 3.43], [-76.58, 3.425]]]}}, {"type": "Feature", "properties": {"value": 8.4584, "sigma": 7.2235}, "geometry": {"type": "Polygon", "coordinates": [[[-76.575, 3.425], [-76.57, 3.425], [-76.57, 3.43], [-76.575, 3.43], [-76.575, 3.425]]]}}, {"type": "Feature", "properties": {"value": 8.4484, "sigma": 7.2235}, "geometry": {"type": "Polygon", "coordinates": [[[-76.57, 3.425], [-76.565, 3.425], [-76.565, 3.43], [-76.57, 3.43], [-76.57, 3.425]]]}}, {"type": "Feature", "properties": {"value": 8.4436, "sigma": 7.2235}, "geometry": {"type": "Polygon", "coordinates": [[[-76.565, 3.425], [-76.56, 3.425], [-76.56, 3.43], [-76.565, 3.43], [-76.565, 3.425]]]}}, {"type": "Feature", "properties": {"value": 8.4449, "sigma": 7.2235}, "geometry": {"type": "Polygon", "coordinates": [[[-76.56, 3.425], [-76.555, 3.425], [-76.555, 3.43], [-76.56, 3.43], [-76.56, 3.425]]]}}, {"type": "Feature", "properties": {"value": 8.4537, "sigma": 7.2235}, "geometry": {"type": "Polygon", "coordinates": [[[-76.555, 3.425], [-76.55, 3.425], [-76.55, 3.43], [-76.555, 3.43], [-76.555, 3.425]]]}}, {"type": "Feature", "properties": {"value": 8.4756, "sigma": 7.2235}, "geometry": {"type": "Polygon", "coordinates": [[[-76.55, 3.425], [-76.545, 3.425], [-76.545, 3.43], [-76.55, 3.43], [-76.55, 3.425]]]}}, {"type": "Feature", "properties": {"value": 8.5209, "sigma": 7.2235}, "geometry": {"type": "Polygon", "coordinates": [[[-76.545, 3.425], [-76.54, 3.425], [-76.54, 3.43], [-76.545, 3.43], [-76.545, 3.425]]]}}, {"type": "Feature", "properties": {"value": 8.5993, "sigma": 7.2235}, "geometry": {"type": "Polygon", "coordinates": [[[-76.54, 3.425], [-76.535, 3.425], [-76.535, 3.43], [-76.54, 3.43], [-76.54, 3.425]]]}}, {"type": "Feature", "properties": {"value": 8.714, "sigma": 7.2235}, "geometry": {"type": "Polygon", "coordinates": [[[-76.535, 3.425], [-76.53, 3.425], [-76.53, 3.43], [-76.535, 3.43], [-76.535, 3.425]]]}}, {"type": "Feature", "properties": {"value": 8.8584, "sigma": 7.2235}, "geometry": {"type": "Polygon", "coordinates": [[[-76.53, 3.425], [-76.525, 3.425], [-76.525, 3.43], [-76.53, 3.43], [-76.53, 3.425]]]}}, {"type": "Feature", "properties": {"value": 9.0148, "sigma": 7.2235}, "geometry": {"type": "Polygon", "coordinates": [[[-76.525, 3.425], [-76.52, 3.425], [-76.52, 3.43], [-76.525, 3.43], [-76.525, 3.425]]]}}, {"type": "Feature", "properties": {"value": 9.1681, "sigma": 7.2235}, "geometry": {"type": "Polygon", "coordinates": [[[-76.52, 3.425], [-76.515, 3.425], [-76.515, 3.43], [-76.52, 3.43], [-76.52, 3.425]]]}}, {"type": "Feature", "properties": {"value": 9.3992, "sigma": 7.2235}, "geometry": {"type": "Polygon", "coordinates": [[[-76.515, 3.425], [-76.51, 3.425], [-76.51, 3.43], [-76.515, 3.43], [-76.515, 3.425]]]}}, {"type": "Feature", "properties": {"value": 10.0244, "sigma": 7.2235}, "geometry": {"type": "Polygon", "coordinates": [[[-76.51, 3.425], [-76.505, 3.425], [-76.505, 3.43], [-76.51, 3.43], [-76.51, 3.425]]]}}, {"type": "Feature", "properties": {"value": 10.4037, "sigma": 7.2235}, "geometry": {"type": "Polygon", "coordinates": [[[-76.505, 3.425], [-76.5, 3.425], [-76.5, 3.43], [-76.505, 3.43], [-76.505, 3.425]]]}}, {"type": "Feature", "properties": {"value": 9.8601, "sigma": 7.2235}, "geometry": {"type": "Polygon", "coordinates": [[[-76.5, 3.425], [-76.495, 3.425], [-76.495, 3.43], [-76.5, 3.43], [-76.5, 3.425]]]}}, {"type": "Feature", "properties": {"value": 9.2691, "sigma": 7.2235}, "geometry": {"type": "Polygon", "coordinates": [[[-76.495, 3.425], [-76.49, 3.425], [-76.49, 3.43], [-76.495, 3.43], [-76.495, 3.425]]]}}, {"type": "Feature", "properties": {"value": 8.8483, "sigma": 7.2235}, "geometry": {"type": "Polygon", "coordinates": [[[-76.49, 3.425], [-76.485, 3.425], [-76.485, 3.43], [-76.49, 3.43], [-76.49, 3.425]]]}}, {"type": "Feature", "properties": {"value": 8.5749, "sigma": 7.2235}, "geometry": {"type": "Polygon", "coordinates": [[[-76.485, 3.425], [-76.48, 3.425], [-76.48, 3.43], [-76.485, 3.43], [-76.485, 3.425]]]}}, {"type": "Feature", "properties": {"value": 8.4214, "sigma": 7.2235}, "geometry": {"type": "Polygon", "coordinates": [[[-76.48, 3.425], [-76.475, 3.425], [-76.475, 3.43], [-76.48, 3.43], [-76.48, 3.425]]]}}, {"type": "Feature", "properties": {"value": 8.3867, "sigma": 7.2235}, "geometry": {"type": "Polygon", "coordinates": [[[-76.475, 3.425], [-76.47, 3.425], [-76.47, 3.43], [-76.475, 3.43], [-76.475, 3.425]]]}}, {"type": "Feature", "properties": {"value": 8.5053, "sigma": 7.2235}, "geometry": {"type": "Polygon", "coordinates": [[[-76.47, 3.425], [-76.465, 3.425], [-76.465, 3.43], [-76.47, 3.43], [-76.47, 3.425]]]}}, {"type": "Feature", "properties": {"value": 8.8583, "sigma": 7.2235}, "geometry": {"type": "Polygon", "coordinates": [[[-76.465, 3.425], [-76.46, 3.425], [-76.46, 3.43], [-76.465, 3.43], [-76.465, 3.425]]]}}, {"type": "Feature", "properties": {"value": 9.5341, "sigma": 7.2235}, "geometry": {"type": "Polygon", "coordinates": [[[-76.46, 3.425], [-76.455, 3.425], [-76.455, 3.43], [-76.46, 3.43], [-76.46, 3.425]]]}}, {"type": "Feature", "properties": {"value": 10.2839, "sigma": 7.2235}, "geometry": {"type": "Polygon", "coordinates": [[[-76.455, 3.425], [-76.45, 3.425], [-76.45, 3.43], [-76.455, 3.43], [-76.455, 3.425]]]}}, {"type": "Feature", "properties": {"value": 10.229, "sigma": 7.2235}, "geometry": {"type": "Polygon", "coordinates": [[[-76.45, 3.425], [-76.445, 3.425], [-76.445, 3.43], [-76.45, 3.43], [-76.45, 3.425]]]}}, {"type": "Feature", "properties": {"value": 9.461, "sigma": 7.2235}, "geometry": {"type": "Polygon", "coordinates": [[[-76.445, 3.425], [-76.44, 3.425], [-76.44, 3.43], [-76.445, 3.43], [-76.445, 3.425]]]}}, {"type": "Feature", "properties": {"value": 8.7953, "sigma": 7.2235}, "geometry": {"type": "Polygon", "coordinates": [[[-76.44, 3.425], [-76.435, 3.425], [-76.435, 3.43], [-76.44, 3.43], [-76.44, 3.425]]]}}, {"type": "Feature", "properties": {"value": 8.3992, "sigma": 7.2235}, "geometry": {"type": "Polygon", "coordinates": [[[-76.435, 3.425], [-76.43, 3.425], [-76.43, 3.43], [-76.435, 3.43], [-76.435, 3.425]]]}}, {"type": "Feature", "properties": {"value": 8.1822, "sigma": 7.2235}, "geometry": {"type": "Polygon", "coordinates": [[[-76.43, 3.425], [-76.425, 3.425], [-76.425, 3.43], [-76.43, 3.43], [-76.43, 3.425]]]}}, {"type": "Feature", "properties": {"value": 8.0648, "sigma": 7.2235}, "geometry": {"type": "Polygon", "coordinates": [[[-76.425, 3.425], [-76.42, 3.425], [-76.42, 3.43], [-76.425, 3.43], [-76.425, 3.425]]]}}, {"type": "Feature", "properties": {"value": 8.0016, "sigma": 7.2235}, "geometry": {"type": "Polygon", "coordinates": [[[-76.42, 3.425], [-76.415, 3.425], [-76.415, 3.43], [-76.42, 3.43], [-76.42, 3.425]]]}}, {"type": "Feature", "properties": {"value": 7.9683, "sigma": 7.2235}, "geometry": {"type": "Polygon", "coordinates": [[[-76.415, 3.425], [-76.41, 3.425], [-76.41, 3.43], [-76.415, 3.43], [-76.415, 3.425]]]}}, {"type": "Feature", "properties": {"value": 7.9516, "sigma": 7.2235}, "geometry": {"type": "Polygon", "coordinates": [[[-76.41, 3.425], [-76.405, 3.425], [-76.405, 3.43], [-76.41, 3.43], [-76.41, 3.425]]]}}, {"type": "Feature", "properties": {"value": 7.9439, "sigma": 7.2235}, "geometry": {"type": "Polygon", "coordinates": [[[-76.405, 3.425], [-76.4, 3.425], [-76.4, 3.43], [-76.405, 3.43], [-76.405, 3.425]]]}}, {"type": "Feature", "properties": {"value": 8.586, "sigma": 7.2235}, "geometry": {"type": "Polygon", "coordinates": [[[-76.6, 3.43], [-76.595, 3.43], [-76.595, 3.435], [-76.6, 3.435], [-76.6, 3.43]]]}}, {"type": "Feature", "properties": {"value": 8.5766, "sigma": 7.2235}, "geometry": {"type": "Polygon", "coordinates": [[[-76.595, 3.43], [-76.59, 3.43], [-76.59, 3.435], [-76.595, 3.435], [-76.595, 3.43]]]}}, {"type": "Feature", "properties": {"value": 8.5637, "sigma": 7.2235}, "geometry": {"type": "Polygon", "coordinates": [[[-76.59, 3.43], [-76.585, 3.43], [-76.585, 3.435], [-76.59, 3.435], [-76.59, 3.43]]]}}, {"type": "Feature", "properties": {"value": 8.5484, "sigma": 7.2235}, "geometry": {"type": "Polygon", "coordinates": [[[-76.585, 3.43], [-76.58, 3.43], [-76.58, 3.435], [-76.585, 3.435], [-76.585, 3.43]]]}}, {"type": "Feature", "properties": {"value": 8.5319, "sigma": 7.2235}, "geometry": {"type": "Polygon", "coordinates": [[[-76.58, 3.43], [-76.575, 3.43], [-76.575, 3.435], [-76.58, 3.435], [-76.58, 3.43]]]}}, {"type": "Feature", "properties": {"value": 8.5164, "sigma": 7.2235}, "geometry": {"type": "Polygon", "coordinates": [[[-76.575, 3.43], [-76.57, 3.43], [-76.57, 3.435], [-76.575, 3.435], [-76.575, 3.43]]]}}, {"type": "Feature", "properties": {"value": 8.5041, "sigma": 7.2235}, "geometry": {"type": "Polygon", "coordinates": [[[-76.57, 3.43], [-76.565, 3.43], [-76.565, 3.435], [-76.57, 3.435], [-76.57, 3.43]]]}}, {"type": "Feature", "properties": {"value": 8.4974, "sigma": 7.2235}, "geometry": {"type": "Polygon", "coordinates": [[[-76.565, 3.43], [-76.56, 3.43], [-76.56, 3.435], [-76.565, 3.435], [-76.565, 3.43]]]}}, {"type": "Feature", "properties": {"value": 8.499, "sigma": 7.2235}, "geometry": {"type": "Polygon", "coordinates": [[[-76.56, 3.43], [-76.555, 3.43], [-76.555, 3.435], [-76.56, 3.435], [-76.56, 3.43]]]}}, {"type": "Feature", "properties": {"value": 8.5125, "sigma": 7.2235}, "geometry": {"type": "Polygon", "coordinates": [[[-76.555, 3.43], [-76.55, 3.43], [-76.55, 3.435], [-76.555, 3.435], [-76.555, 3.43]]]}}, {"type": "Feature", "properties": {"value": 8.5436, "sigma": 7.2235}, "geometry": {"type": "Polygon", "coordinates": [[[-76.55, 3.43], [-76.545, 3.43], [-76.545, 3.435], [-76.55, 3.435], [-76.55, 3.43]]]}}, {"type": "Feature", "properties": {"value": 8.5997, "sigma": 7.2235}, "geometry": {"type": "Polygon", "coordinates": [[[-76.545, 3.43], [-76.54, 3.43], [-76.54, 3.435], [-76.545, 3.435], [-76.545, 3.43]]]}}, {"type": "Feature", "properties": {"value": 8.6873, "sigma": 7.2235}, "geometry": {"type": "Polygon", "coordinates": [[[-76.54, 3.43], [-76.535, 3.43], [-76.535, 3.435], [-76.54, 3.435], [-76.54, 3.43]]]}}, {"type": "Feature", "properties": {"value": 8.8084, "sigma": 7.2235}, "geometry": {"type": "Polygon", "coordinates": [[[-76.535, 3.43], [-76.53, 3.43], [-76.53, 3.435], [-76.535, 3.435], [-76.535, 3.43]]]}}, {"type": "Feature", "properties": {"value": 8.9546, "sigma": 7.2235}, "geometry": {"type": "Polygon", "coordinates": [[[-76.53, 3.43], [-76.525, 3.43], [-76.525, 3.435], [-76.53, 3.435], [-76.53, 3.43]]]}}, {"type": "Feature", "properties": {"value": 9.0997, "sigma": 7.2235}, "geometry": {"type": "Polygon", "coordinates": [[[-76.525, 3.43], [-76.52, 3.43], [-76.52, 3.435], [-76.525, 3.435], [-76.525, 3.43]]]}}, {"type": "Feature", "properties": {"value": 9.1996, "sigma": 7.2235}, "geometry": {"type": "Polygon", "coordinates": [[[-76.52, 3.43], [-76.515, 3.43], [-76.515, 3.435], [-76.52, 3.435], [-76.52, 3.43]]]}}, {"type": "Feature", "properties": {"value": 9.2704, "sigma": 7.2235}, "geometry": {"type": "Polygon", "coordinates": [[[-76.515, 3.43], [-76.51, 3.43], [-76.51, 3.435], [-76.515, 3.435], [-76.515, 3.43]]]}}, {"type": "Feature", "properties": {"value": 9.6868, "sigma": 7.2235}, "geometry": {"type": "Polygon", "coordinates": [[[-76.51, 3.43], [-76.505, 3.43], [-76.505, 3.435], [-76.51, 3.435], [-76.51, 3.43]]]}}, {"type": "Feature", "properties": {"value": 10.0988, "sigma": 7.2235}, "geometry": {"type": "Polygon", "coordinates": [[[-76.505, 3.43], [-76.5, 3.43], [-76.5, 3.435], [-76.505, 3.435], [-76.505, 3.43]]]}}, {"type": "Feature", "properties": {"value": 9.7416, "sigma": 7.2235}, "geometry": {"type": "Polygon", "coordinates": [[[-76.5, 3.43], [-76.495, 3.43], [-76.495, 3.435], [-76.5, 3.435], [-76.5, 3.43]]]}}, {"type": "Feature", "properties": {"value": 9.2823, "sigma": 7.2235}, "geometry": {"type": "Polygon", "coordinates": [[[-76.495, 3.43], [-76.49, 3.43], [-76.49, 3.435], [-76.495, 3.435], [-76.495, 3.43]]]}}, {"type": "Feature", "properties": {"value": 8.9259, "sigma": 7.2235}, "geometry": {"type": "Polygon", "coordinates": [[[-76.49, 3.43], [-76.485, 3.43], [-76.485, 3.435], [-76.49, 3.435], [-76.49, 3.43]]]}}, {"type": "Feature", "properties": {"value": 8.6782, "sigma": 7.2235}, "geometry": {"type": "Polygon", "coordinates": [[[-76.485, 3.43], [-76.48, 3.43], [-76.48, 3.435], [-76.485, 3.435], [-76.485, 3.43]]]}}, {"type": "Feature", "properties": {"value": 8.5247, "sigma": 7.2235}, "geometry": {"type": "Polygon", "coordinates": [[[-76.48, 3.43], [-76.475, 3.43], [-76.475, 3.435], [-76.48, 3.435], [-76.48, 3.43]]]}}, {"type": "Feature", "properties": {"value": 8.4687, "sigma": 7.2235}, "geometry": {"type": "Polygon", "coordinates": [[[-76.475, 3.43], [-76.47, 3.43], [-76.47, 3.435], [-76.475, 3.435], [-76.475, 3.43]]]}}, {"type": "Feature", "properties": {"value": 8.5426, "sigma": 7.2235}, "geometry": {"type": "Polygon", "coordinates": [[[-76.47, 3.43], [-76.465, 3.43], [-76.465, 3.435], [-76.47, 3.435], [-76.47, 3.43]]]}}, {"type": "Feature", "properties": {"value": 8.8114, "sigma": 7.2235}, "geometry": {"type": "Polygon", "coordinates": [[[-76.465, 3.43], [-76.46, 3.43], [-76.46, 3.435], [-76.465, 3.435], [-76.465, 3.43]]]}}, {"type": "Feature", "properties": {"value": 9.3271, "sigma": 7.2235}, "geometry": {"type": "Polygon", "coordinates": [[[-76.46, 3.43], [-76.455, 3.43], [-76.455, 3.435], [-76.46, 3.435], [-76.46, 3.43]]]}}, {"type": "Feature", "properties": {"value": 9.8717, "sigma": 7.2235}, "geometry": {"type": "Polygon", "coordinates": [[[-76.455, 3.43], [-76.45, 3.43], [-76.45, 3.435], [-76.455, 3.435], [-76.455, 3.43]]]}}, {"type": "Feature", "properties": {"value": 9.8431, "sigma": 7.2235}, "geometry": {"type": "Polygon", "coordinates": [[[-76.45, 3.43], [-76.445, 3.43], [-76.445, 3.435], [-76.45, 3.435], [-76.45, 3.43]]]}}, {"type": "Feature", "properties": {"value": 9.3011, "sigma": 7.2235}, "geometry": {"type": "Polygon", "coordinates": [[[-76.445, 3.43], [-76.44, 3.43], [-76.44, 3.435], [-76.445, 3.435], [-76.445, 3.43]]]}}, {"type": "Feature", "properties": {"value": 8.793, "sigma": 7.2235}, "geometry": {"type": "Polygon", "coordinates": [[[-76.44, 3.43], [-76.435, 3.43], [-76.435, 3.435], [-76.44, 3.435], [-76.44, 3.43]]]}}, {"type": "Feature", "properties": {"value": 8.4693, "sigma": 7.2235}, "geometry": {"type": "Polygon", "coordinates": [[[-76.435, 3.43], [-76.43, 3.43], [-76.43, 3.435], [-76.435, 3.435], [-76.435, 3.43]]]}}, {"type": "Feature", "properties": {"value": 8.2816, "sigma": 7.2235}, "geometry": {"type": "Polygon", "coordinates": [[[-76.43, 3.43], [-76.425, 3.43], [-76.425, 3.435], [-76.43, 3.435], [-76.43, 3.43]]]}}, {"type": "Feature", "properties": {"value": 8.1741, "sigma": 7.2235}, "geometry": {"type": "Polygon", "coordinates": [[[-76.425, 3.43], [-76.42, 3.43], [-76.42, 3.435], [-76.425, 3.435], [-76.425, 3.43]]]}}, {"type": "Feature", "properties": {"value": 8.1126, "sigma": 7.2235}, "geometry": {"type": "Polygon", "coordinates": [[[-76.42, 3.43], [-76.415, 3.43], [-76.415, 3.435], [-76.42, 3.435], [-76.42, 3.43]]]}}, {"type": "Feature", "properties": {"value": 8.0774, "sigma": 7.2235}, "geometry": {"type": "Polygon", "coordinates": [[[-76.415, 3.43], [-76.41, 3.43], [-76.41, 3.435], [-76.415, 3.435], [-76.415, 3.43]]]}}, {"type": "Feature", "properties": {"value": 8.0576, "sigma": 7.2235}, "geometry": {"type": "Polygon", "coordinates": [[[-76.41, 3.43], [-76.405, 3.43], [-76.405, 3.435], [-76.41, 3.435], [-76.41, 3.43]]]}}, {"type": "Feature", "properties": {"value": 8.0465, "sigma": 7.2235}, "geometry": {"type": "Polygon", "coordinates": [[[-76.405, 3.43], [-76.4, 3.43], [-76.4, 3.435], [-76.405, 3.435], [-76.405, 3.43]]]}}, {"type": "Feature", "properties": {"value": 8.6686, "sigma": 7.2235}, "geometry": {"type": "Polygon", "coordinates": [[[-76.6, 3.435], [-76.595, 3.435], [-76.595, 3.44], [-76.6, 3.44], [-76.6, 3.435]]]}}, {"type": "Feature", "properties": {"value": 8.6589, "sigma": 7.2235}, "geometry": {"type": "Polygon", "coordinates": [[[-76.595, 3.435], [-76.59, 3.435], [-76.59, 3.44], [-76.595, 3.44], [-76.595, 3.435]]]}}, {"type": "Feature", "properties": {"value": 8.6452, "sigma": 7.2235}, "geometry": {"type": "Polygon", "coordinates": [[[-76.59, 3.435], [-76.585, 3.435], [-76.585, 3.44], [-76.59, 3.44], [-76.59, 3.435]]]}}, {"type": "Feature", "properties": {"value": 8.6284, "sigma": 7.2235}, "geometry": {"type": "Polygon", "coordinates": [[[-76.585, 3.435], [-76.58, 3.435], [-76.58, 3.44], [-76.585, 3.44], [-76.585, 3.435]]]}}, {"type": "Feature", "properties": {"value": 8.6099, "sigma": 7.2235}, "geometry": {"type": "Polygon", "coordinates": [[[-76.58, 3.435], [-76.575, 3.435], [-76.575, 3.44], [-76.58, 3.44], [-76.58, 3.435]]]}}, {"type": "Feature", "properties": {"value": 8.5919, "sigma": 7.2235}, "geometry": {"type": "Polygon", "coordinates": [[[-76.575, 3.435], [-76.57, 3.435], [-76.57, 3.44], [-76.575, 3.44], [-76.575, 3.435]]]}}, {"type": "Feature", "properties": {"value": 8.5768, "sigma": 7.2235}, "geometry": {"type": "Polygon", "coordinates": [[[-76.57, 3.435], [-76.565, 3.435], [-76.565, 3.44], [-76.57, 3.44], [-76.57, 3.435]]]}}, {"type": "Feature", "properties": {"value": 8.5677, "sigma": 7.2235}, "geometry": {"type": "Polygon", "coordinates": [[[-76.565, 3.435], [-76.56, 3.435], [-76.56, 3.44], [-76.565, 3.44], [-76.565, 3.435]]]}}, {"type": "Feature", "properties": {"value": 8.5678, "sigma": 7.2235}, "geometry": {"type": "Polygon", "coordinates": [[[-76.56, 3.435], [-76.555, 3.435], [-76.555, 3.44], [-76.56, 3.44], [-76.56, 3.435]]]}}, {"type": "Feature", "properties": {"value": 8.5812, "sigma": 7.2235}, "geometry": {"type": "Polygon", "coordinates": [[[-76.555, 3.435], [-76.55, 3.435], [-76.55, 3.44], [-76.555, 3.44], [-76.555, 3.435]]]}}, {"type": "Feature", "properties": {"value": 8.6127, "sigma": 7.2235}, "geometry": {"type": "Polygon", "coordinates": [[[-76.55, 3.435], [-76.545, 3.435], [-76.545, 3.44], [-76.55, 3.44], [-76.55, 3.435]]]}}, {"type": "Feature", "properties": {"value": 8.6679, "sigma": 7.2235}, "geometry": {"type": "Polygon", "coordinates": [[[-76.545, 3.435], [-76.54, 3.435], [-76.54, 3.44], [-76.545, 3.44], [-76.545, 3.435]]]}}, {"type": "Feature", "properties": {"value": 8.7515, "sigma": 7.2235}, "geometry": {"type": "Polygon", "coordinates": [[[-76.54, 3.435], [-76.535, 3.435], [-76.535, 3.44], [-76.54, 3.44], [-76.54, 3.435]]]}}, {"type": "Feature", "properties": {"value": 8.8642, "sigma": 7.2235}, "geometry": {"type": "Polygon", "coordinates": [[[-76.535, 3.435], [-76.53, 3.435], [-76.53, 3.44], [-76.535, 3.44], [-76.535, 3.435]]]}}, {"type": "Feature", "properties": {"value": 8.9973, "sigma": 7.2235}, "geometry": {"type": "Polygon", "coordinates": [[[-76.53, 3.435], [-76.525, 3.435], [-76.525, 3.44], [-76.53, 3.44], [-76.53, 3.435]]]}}, {"type": "Feature", "properties": {"value": 9.1251, "sigma": 7.2235}, "geometry": {"type": "Polygon", "coordinates": [[[-76.525, 3.435], [-76.52, 3.435], [-76.52, 3.44], [-76.525, 3.44], [-76.525, 3.435]]]}}, {"type": "Feature", "properties": {"value": 9.2013, "sigma": 7.2235}, "geometry": {"type": "Polygon", "coordinates": [[[-76.52, 3.435], [-76.515, 3.435], [-76.515, 3.44], [-76.52, 3.44], [-76.52, 3.435]]]}}, {"type": "Feature", "properties": {"value": 9.2173, "sigma": 7.2235}, "geometry": {"type": "Polygon", "coordinates": [[[-76.515, 3.435], [-76.51, 3.435], [-76.51, 3.44], [-76.515, 3.44], [-76.515, 3.435]]]}}, {"type": "Feature", "properties": {"value": 9.3173, "sigma": 7.2235}, "geometry": {"type": "Polygon", "coordinates": [[[-76.51, 3.435], [-76.505, 3.435], [-76.505, 3.44], [-76.51, 3.44], [-76.51, 3.435]]]}}, {"type": "Feature", "properties": {"value": 9.4923, "sigma": 7.2235}, "geometry": {"type": "Polygon", "coordinates": [[[-76.505, 3.435], [-76.5, 3.435], [-76.5, 3.44], [-76.505, 3.44], [-76.505, 3.435]]]}}, {"type": "Feature", "properties": {"value": 9.4092, "sigma": 7.2235}, "geometry": {"type": "Polygon", "coordinates": [[[-76.5, 3.435], [-76.495, 3.435], [-76.495, 3.44], [-76.5, 3.44], [-76.5, 3.435]]]}}, {"type": "Feature", "properties": {"value": 9.1726, "sigma": 7.2235}, "geometry": {"type": "Polygon", "coordinates": [[[-76.495, 3.435], [-76.49, 3.435], [-76.49, 3.44], [-76.495, 3.44], [-76.495, 3.435]]]}}, {"type": "Feature", "properties": {"value": 8.9338, "sigma": 7.2235}, "geometry": {"type": "Polygon", "coordinates": [[[-76.49, 3.435], [-76.485, 3.435], [-76.485, 3.44], [-76.49, 3.44], [-76.49, 3.435]]]}}, {"type": "Feature", "properties": {"value": 8.7371, "sigma": 7.2235}, "geometry": {"type": "Polygon", "coordinates": [[[-76.485, 3.435], [-76.48, 3.435], [-76.48, 3.44], [-76.485, 3.44], [-76.485, 3.435]]]}}, {"type": "Feature", "properties": {"value": 8.5859, "sigma": 7.2235}, "geometry": {"type": "Polygon", "coordinates": [[[-76.48, 3.435], [-76.475, 3.435], [-76.475, 3.44], [-76.48, 3.44], [-76.48, 3.435]]]}}, {"type": "Feature", "properties": {"value": 8.4888, "sigma": 7.2235}, "geometry": {"type": "Polygon", "coordinates": [[[-76.475, 3.435], [-76.47, 3.435], [-76.47, 3.44], [-76.475, 3.44], [-76.475, 3.435]]]}}, {"type": "Feature", "properties": {"value": 8.4718, "sigma": 7.2235}, "geometry": {"type": "Polygon", "coordinates": [[[-76.47, 3.435], [-76.465, 3.435], [-76.465, 3.44], [-76.47, 3.44], [-76.47, 3.435]]]}}, {"type": "Feature", "properties": {"value": 8.5737, "sigma": 7.2235}, "geometry": {"type": "Polygon", "coordinates": [[[-76.465, 3.435], [-76.46, 3.435], [-76.46, 3.44], [-76.465, 3.44], [-76.465, 3.435]]]}}, {"type": "Feature", "properties": {"value": 8.8105, "sigma": 7.2235}, "geometry": {"type": "Polygon", "coordinates": [[[-76.46, 3.435], [-76.455, 3.435], [-76.455, 3.44], [-76.46, 3.44], [-76.46, 3.435]]]}}, {"type": "Feature", "properties": {"value": 9.0633, "sigma": 7.2235}, "geometry": {"type": "Polygon", "coordinates": [[[-76.455, 3.435], [-76.45, 3.435], [-76.45, 3.44], [-76.455, 3.44], [-76.455, 3.435]]]}}, {"type": "Feature", "properties": {"value": 9.0844, "sigma": 7.2235}, "geometry": {"type": "Polygon", "coordinates": [[[-76.45, 3.435], [-76.445, 3.435], [-76.445, 3.44], [-76.45, 3.44], [-76.45, 3.435]]]}}, {"type": "Feature", "properties": {"value": 8.8717, "sigma": 7.2235}, "geometry": {"type": "Polygon", "coordinates": [[[-76.445, 3.435], [-76.44, 3.435], [-76.44, 3.44], [-76.445, 3.44], [-76.445, 3.435]]]}}, {"type": "Feature", "properties": {"value": 8.6297, "sigma": 7.2235}, "geometry": {"type": "Polygon", "coordinates": [[[-76.44, 3.435], [-76.435, 3.435], [-76.435, 3.44], [-76.44, 3.44], [-76.44, 3.435]]]}}, {"type": "Feature", "properties": {"value": 8.4518, "sigma": 7.2235}, "geometry": {"type": "Polygon", "coordinates": [[[-76.435, 3.435], [-76.43, 3.435], [-76.43, 3.44], [-76.435, 3.44], [-76.435, 3.435]]]}}, {"type": "Feature", "properties": {"value": 8.3362, "sigma": 7.2235}, "geometry": {"type": "Polygon", "coordinates": [[[-76.43, 3.435], [-76.425, 3.435], [-76.425, 3.44], [-76.43, 3.44], [-76.43, 3.435]]]}}, {"type": "Feature", "properties": {"value": 8.2632, "sigma": 7.2235}, "geometry": {"type": "Polygon", "coordinates": [[[-76.425, 3.435], [-76.42, 3.435], [-76.42, 3.44], [-76.425, 3.44], [-76.425, 3.435]]]}}, {"type": "Feature", "properties": {"value": 8.2172, "sigma": 7.2235}, "geometry": {"type": "Polygon", "coordinates": [[[-76.42, 3.435], [-76.415, 3.435], [-76.415, 3.44], [-76.42, 3.44], [-76.42, 3.435]]]}}, {"type": "Feature", "properties": {"value": 8.1883, "sigma": 7.2235}, "geometry": {"type": "Polygon", "coordinates": [[[-76.415, 3.435], [-76.41, 3.435], [-76.41, 3.44], [-76.415, 3.44], [-76.415, 3.435]]]}}, {"type": "Feature", "properties": {"value": 8.17, "sigma": 7.2235}, "geometry": {"type": "Polygon", "coordinates": [[[-76.41, 3.435], [-76.405, 3.435], [-76.405, 3.44], [-76.41, 3.44], [-76.41, 3.435]]]}}, {"type": "Feature", "properties": {"value": 8.1579, "sigma": 7.2235}, "geometry": {"type": "Polygon", "coordinates": [[[-76.405, 3.435], [-76.4, 3.435], [-76.4, 3.44], [-76.405, 3.44], [-76.405, 3.435]]]}}, {"type": "Feature", "properties": {"value": 8.7702, "sigma": 7.2235}, "geometry": {"type": "Polygon", "coordinates": [[[-76.6, 3.44], [-76.595, 3.44], [-76.595, 3.445], [-76.6, 3.445], [-76.6, 3.44]]]}}, {"type": "Feature", "properties": {"value": 8.7612, "sigma": 7.2235}, "geometry": {"type": "Polygon", "coordinates": [[[-76.595, 3.44], [-76.59, 3.44], [-76.59, 3.445], [-76.595, 3.445], [-76.595, 3.44]]]}}, {"type": "Feature", "properties": {"value": 8.7471, "sigma": 7.2235}, "geometry": {"type": "Polygon", "coordinates": [[[-76.59, 3.44], [-76.585, 3.44], [-76.585, 3.445], [-76.59, 3.445], [-76.59, 3.44]]]}}, {"type": "Feature", "properties": {"value": 8.7286, "sigma": 7.2235}, "geometry": {"type": "Polygon", "coordinates": [[[-76.585, 3.44], [-76.58, 3.44], [-76.58, 3.445], [-76.585, 3.445], [-76.585, 3.44]]]}}, {"type": "Feature", "properties": {"value": 8.7074, "sigma": 7.2235}, "geometry": {"type": "Polygon", "coordinates": [[[-76.58, 3.44], [-76.575, 3.44], [-76.575, 3.445], [-76.58, 3.445], [-76.58, 3.44]]]}}, {"type": "Feature", "properties": {"value": 8.6855, "sigma": 7.2235}, "geometry": {"type": "Polygon", "coordinates": [[[-76.575, 3.44], [-76.57, 3.44], [-76.57, 3.445], [-76.575, 3.445], [-76.575, 3.44]]]}}, {"type": "Feature", "properties": {"value": 8.6657, "sigma": 7.2235}, "geometry": {"type": "Polygon", "coordinates": [[[-76.57, 3.44], [-76.565, 3.44], [-76.565, 3.445], [-76.57, 3.445], [-76.57, 3.44]]]}}, {"type": "Feature", "properties": {"value": 8.6514, "sigma": 7.2235}, "geometry": {"type": "Polygon", "coordinates": [[[-76.565, 3.44], [-76.56, 3.44], [-76.56, 3.445], [-76.565, 3.445], [-76.565, 3.44]]]}}, {"type": "Feature", "properties": {"value": 8.6459, "sigma": 7.2235}, "geometry": {"type": "Polygon", "coordinates": [[[-76.56, 3.44], [-76.555, 3.44], [-76.555, 3.445], [-76.56, 3.445], [-76.56, 3.44]]]}}, {"type": "Feature", "properties": {"value": 8.6531, "sigma": 7.2235}, "geometry": {"type": "Polygon", "coordinates": [[[-76.555, 3.44], [-76.55, 3.44], [-76.55, 3.445], [-76.555, 3.445], [-76.555, 3.44]]]}}, {"type": "Feature", "properties": {"value": 8.6773, "sigma": 7.2235}, "geometry": {"type": "Polygon", "coordinates": [[[-76.55, 3.44], [-76.545, 3.44], [-76.545, 3.445], [-76.55, 3.445], [-76.55, 3.44]]]}}, {"type": "Feature", "properties": {"value": 8.7228, "sigma": 7.2235}, "geometry": {"type": "Polygon", "coordinates": [[[-76.545, 3.44], [-76.54, 3.44], [-76.54, 3.445], [-76.545, 3.445], [-76.545, 3.44]]]}}, {"type": "Feature", "properties": {"value": 8.7925, "sigma": 7.2235}, "geometry": {"type": "Polygon", "coordinates": [[[-76.54, 3.44], [-76.535, 3.44], [-76.535, 3.445], [-76.54, 3.445], [-76.54, 3.44]]]}}, {"type": "Feature", "properties": {"value": 8.8863, "sigma": 7.2235}, "geometry": {"type": "Polygon", "coordinates": [[[-76.535, 3.44], [-76.53, 3.44], [-76.53, 3.445], [-76.535, 3.445], [-76.535, 3.44]]]}}, {"type": "Feature", "properties": {"value": 8.9962, "sigma": 7.2235}, "geometry": {"type": "Polygon", "coordinates": [[[-76.53, 3.44], [-76.525, 3.44], [-76.525, 3.445], [-76.53, 3.445], [-76.53, 3.44]]]}}, {"type": "Feature", "properties": {"value": 9.1025, "sigma": 7.2235}, "geometry": {"type": "Polygon", "coordinates": [[[-76.525, 3.44], [-76.52, 3.44], [-76.52, 3.445], [-76.525, 3.445], [-76.525, 3.44]]]}}, {"type": "Feature", "properties": {"value": 9.1752, "sigma": 7.2235}, "geometry": {"type": "Polygon", "coordinates": [[[-76.52, 3.44], [-76.515, 3.44], [-76.515, 3.445], [-76.52, 3.445], [-76.52, 3.44]]]}}, {"type": "Feature", "properties": {"value": 9.2027, "sigma": 7.2235}, "geometry": {"type": "Polygon", "coordinates": [[[-76.515, 3.44], [-76.51, 3.44], [-76.51, 3.445], [-76.515, 3.445], [-76.515, 3.44]]]}}, {"type": "Feature", "properties": {"value": 9.2276, "sigma": 7.2235}, "geometry": {"type": "Polygon", "coordinates": [[[-76.51, 3.44], [-76.505, 3.44], [-76.505, 3.445], [-76.51, 3.445], [-76.51, 3.44]]]}}, {"type": "Feature", "properties": {"value": 9.2534, "sigma": 7.2235}, "geometry": {"type": "Polygon", "coordinates": [[[-76.505, 3.44], [-76.5, 3.44], [-76.5, 3.445], [-76.505, 3.445], [-76.505, 3.44]]]}}, {"type": "Feature", "properties": {"value": 9.2044, "sigma": 7.2235}, "geometry": {"type": "Polygon", "coordinates": [[[-76.5, 3.44], [-76.495, 3.44], [-76.495, 3.445], [-76.5, 3.445], [-76.5, 3.44]]]}}, {"type": "Feature", "properties": {"value": 9.086, "sigma": 7.2235}, "geometry": {"type": "Polygon", "coordinates": [[[-76.495, 3.44], [-76.49, 3.44], [-76.49, 3.445], [-76.495, 3.445], [-76.495, 3.44]]]}}, {"type": "Feature", "properties": {"value": 8.9454, "sigma": 7.2235}, "geometry": {"type": "Polygon", "coordinates": [[[-76.49, 3.44], [-76.485, 3.44], [-76.485, 3.445], [-76.49, 3.445], [-76.49, 3.44]]]}}, {"type": "Feature", "properties": {"value": 8.7962, "sigma": 7.2235}, "geometry": {"type": "Polygon", "coordinates": [[[-76.485, 3.44], [-76.48, 3.44], [-76.48, 3.445], [-76.485, 3.445], [-76.485, 3.44]]]}}, {"type": "Feature", "properties": {"value": 8.6363, "sigma": 7.2235}, "geometry": {"type": "Polygon", "coordinates": [[[-76.48, 3.44], [-76.475, 3.44], [-76.475, 3.445], [-76.48, 3.445], [-76.48, 3.44]]]}}, {"type": "Feature", "properties": {"value": 8.4753, "sigma": 7.2235}, "geometry": {"type": "Polygon", "coordinates": [[[-76.475, 3.44], [-76.47, 3.44], [-76.47, 3.445], [-76.475, 3.445], [-76.475, 3.44]]]}}, {"type": "Feature", "properties": {"value": 8.3336, "sigma": 7.2235}, "geometry": {"type": "Polygon", "coordinates": [[[-76.47, 3.44], [-76.465, 3.44], [-76.465, 3.445], [-76.47, 3.445], [-76.47, 3.44]]]}}, {"type": "Feature", "properties": {"value": 8.2383, "sigma": 7.2235}, "geometry": {"type": "Polygon", "coordinates": [[[-76.465, 3.44], [-76.46, 3.44], [-76.46, 3.445], [-76.465, 3.445], [-76.465, 3.44]]]}}, {"type": "Feature", "properties": {"value": 8.2248, "sigma": 7.2235}, "geometry": {"type": "Polygon", "coordinates": [[[-76.46, 3.44], [-76.455, 3.44], [-76.455, 3.445], [-76.46, 3.445], [-76.46, 3.44]]]}}, {"type": "Feature", "properties": {"value": 8.3039, "sigma": 7.2235}, "geometry": {"type": "Polygon", "coordinates": [[[-76.455, 3.44], [-76.45, 3.44], [-76.45, 3.445], [-76.455, 3.445], [-76.455, 3.44]]]}}, {"type": "Feature", "properties": {"value": 8.4032, "sigma": 7.2235}, "geometry": {"type": "Polygon", "coordinates": [[[-76.45, 3.44], [-76.445, 3.44], [-76.445, 3.445], [-76.45, 3.445], [-76.45, 3.44]]]}}, {"type": "Feature", "properties": {"value": 8.4463, "sigma": 7.2235}, "geometry": {"type": "Polygon", "coordinates": [[[-76.445, 3.44], [-76.44, 3.44], [-76.44, 3.445], [-76.445, 3.445], [-76.445, 3.44]]]}}, {"type": "Feature", "properties": {"value": 8.4381, "sigma": 7.2235}, "geometry": {"type": "Polygon", "coordinates": [[[-76.44, 3.44], [-76.435, 3.44], [-76.435, 3.445], [-76.44, 3.445], [-76.44, 3.44]]]}}, {"type": "Feature", "properties": {"value": 8.4092, "sigma": 7.2235}, "geometry": {"type": "Polygon", "coordinates": [[[-76.435, 3.44], [-76.43, 3.44], [-76.43, 3.445], [-76.435, 3.445], [-76.435, 3.44]]]}}, {"type": "Feature", "properties": {"value": 8.3765, "sigma": 7.2235}, "geometry": {"type": "Polygon", "coordinates": [[[-76.43, 3.44], [-76.425, 3.44], [-76.425, 3.445], [-76.43, 3.445], [-76.43, 3.44]]]}}, {"type": "Feature", "properties": {"value": 8.3469, "sigma": 7.2235}, "geometry": {"type": "Polygon", "coordinates": [[[-76.425, 3.44], [-76.42, 3.44], [-76.42, 3.445], [-76.425, 3.445], [-76.425, 3.44]]]}}, {"type": "Feature", "properties": {"value": 8.323, "sigma": 7.2235}, "geometry": {"type": "Polygon", "coordinates": [[[-76.42, 3.44], [-76.415, 3.44], [-76.415, 3.445], [-76.42, 3.445], [-76.42, 3.44]]]}}, {"type": "Feature", "properties": {"value": 8.3048, "sigma": 7.2235}, "geometry": {"type": "Polygon", "coordinates": [[[-76.415, 3.44], [-76.41, 3.44], [-76.41, 3.445], [-76.415, 3.445], [-76.415, 3.44]]]}}, {"type": "Feature", "properties": {"value": 8.2912, "sigma": 7.2235}, "geometry": {"type": "Polygon", "coordinates": [[[-76.41, 3.44], [-76.405, 3.44], [-76.405, 3.445], [-76.41, 3.445], [-76.41, 3.44]]]}}, {"type": "Feature", "properties": {"value": 8.2799, "sigma": 7.2235}, "geometry": {"type": "Polygon", "coordinates": [[[-76.405, 3.44], [-76.4, 3.44], [-76.4, 3.445], [-76.405, 3.445], [-76.405, 3.44]]]}}, {"type": "Feature", "properties": {"value": 8.8928, "sigma": 7.2235}, "geometry": {"type": "Polygon", "coordinates": [[[-76.6, 3.445], [-76.595, 3.445], [-76.595, 3.45], [-76.6, 3.45], [-76.6, 3.445]]]}}, {"type": "Feature", "properties": {"value": 8.8859, "sigma": 7.2235}, "geometry": {"type": "Polygon", "coordinates": [[[-76.595, 3.445], [-76.59, 3.445], [-76.59, 3.45], [-76.595, 3.45], [-76.595, 3.445]]]}}, {"type": "Feature", "properties": {"value": 8.872, "sigma": 7.2235}, "geometry": {"type": "Polygon", "coordinates": [[[-76.59, 3.445], [-76.585, 3.445], [-76.585, 3.45], [-76.59, 3.45], [-76.59, 3.445]]]}}, {"type": "Feature", "properties": {"value": 8.8518, "sigma": 7.2235}, "geometry": {"type": "Polygon", "coordinates": [[[-76.585, 3.445], [-76.58, 3.445], [-76.58, 3.45], [-76.585, 3.45], [-76.585, 3.445]]]}}, {"type": "Feature", "properties": {"value": 8.8268, "sigma": 7.2235}, "geometry": {"type": "Polygon", "coordinates": [[[-76.58, 3.445], [-76.575, 3.445], [-76.575, 3.45], [-76.58, 3.45], [-76.58, 3.445]]]}}, {"type": "Feature", "properties": {"value": 8.7992, "sigma": 7.2235}, "geometry": {"type": "Polygon", "coordinates": [[[-76.575, 3.445], [-76.57, 3.445], [-76.57, 3.45], [-76.575, 3.45], [-76.575, 3.445]]]}}, {"type": "Feature", "properties": {"value": 8.7719, "sigma": 7.2235}, "geometry": {"type": "Polygon", "coordinates": [[[-76.57, 3.445], [-76.565, 3.445], [-76.565, 3.45], [-76.57, 3.45], [-76.57, 3.445]]]}}, {"type": "Feature", "properties": {"value": 8.7484, "sigma": 7.2235}, "geometry": {"type": "Polygon", "coordinates": [[[-76.565, 3.445], [-76.56, 3.445], [-76.56, 3.45], [-76.565, 3.45], [-76.565, 3.445]]]}}, {"type": "Feature", "properties": {"value": 8.7325, "sigma": 7.2235}, "geometry": {"type": "Polygon", "coordinates": [[[-76.56, 3.445], [-76.555, 3.445], [-76.555, 3.45], [-76.56, 3.45], [-76.56, 3.445]]]}}, {"type": "Feature", "properties": {"value": 8.7279, "sigma": 7.2235}, "geometry": {"type": "Polygon", "coordinates": [[[-76.555, 3.445], [-76.55, 3.445], [-76.55, 3.45], [-76.555, 3.45], [-76.555, 3.445]]]}}, {"type": "Feature", "properties": {"value": 8.7385, "sigma": 7.2235}, "geometry": {"type": "Polygon", "coordinates": [[[-76.55, 3.445], [-76.545, 3.445], [-76.545, 3.45], [-76.55, 3.45], [-76.55, 3.445]]]}}, {"type": "Feature", "properties": {"value": 8.7678, "sigma": 7.2235}, "geometry": {"type": "Polygon", "coordinates": [[[-76.545, 3.445], [-76.54, 3.445], [-76.54, 3.45], [-76.545, 3.45], [-76.545, 3.445]]]}}, {"type": "Feature", "properties": {"value": 8.8176, "sigma": 7.2235}, "geometry": {"type": "Polygon", "coordinates": [[[-76.54, 3.445], [-76.535, 3.445], [-76.535, 3.45], [-76.54, 3.45], [-76.54, 3.445]]]}}, {"type": "Feature", "properties": {"value": 8.887, "sigma": 7.2235}, "geometry": {"type": "Polygon", "coordinates": [[[-76.535, 3.445], [-76.53, 3.445], [-76.53, 3.45], [-76.535, 3.45], [-76.535, 3.445]]]}}, {"type": "Feature", "properties": {"value": 8.9692, "sigma": 7.2235}, "geometry": {"type": "Polygon", "coordinates": [[[-76.53, 3.445], [-76.525, 3.445], [-76.525, 3.45], [-76.53, 3.45], [-76.53, 3.445]]]}}, {"type": "Feature", "properties": {"value": 9.0501, "sigma": 7.2235}, "geometry": {"type": "Polygon", "coordinates": [[[-76.525, 3.445], [-76.52, 3.445], [-76.52, 3.45], [-76.525, 3.45], [-76.525, 3.445]]]}}, {"type": "Feature", "properties": {"value": 9.1111, "sigma": 7.2235}, "geometry": {"type": "Polygon", "coordinates": [[[-76.52, 3.445], [-76.515, 3.445], [-76.515, 3.45], [-76.52, 3.45], [-76.52, 3.445]]]}}, {"type": "Feature", "properties": {"value": 9.1418, "sigma": 7.2235}, "geometry": {"type": "Polygon", "coordinates": [[[-76.515, 3.445], [-76.51, 3.445], [-76.51, 3.45], [-76.515, 3.45], [-76.515, 3.445]]]}}, {"type": "Feature", "properties": {"value": 9.1511, "sigma": 7.2235}, "geometry": {"type": "Polygon", "coordinates": [[[-76.51, 3.445], [-76.505, 3.445], [-76.505, 3.45], [-76.51, 3.45], [-76.51, 3.445]]]}}, {"type": "Feature", "properties": {"value": 9.1464, "sigma": 7.2235}, "geometry": {"type": "Polygon", "coordinates": [[[-76.505, 3.445], [-76.5, 3.445], [-76.5, 3.45], [-76.505, 3.45], [-76.505, 3.445]]]}}, {"type": "Feature", "properties": {"value": 9.1236, "sigma": 7.2235}, "geometry": {"type": "Polygon", "coordinates": [[[-76.5, 3.445], [-76.495, 3.445], [-76.495, 3.45], [-76.5, 3.45], [-76.5, 3.445]]]}}, {"type": "Feature", "properties": {"value": 9.0873, "sigma": 7.2235}, "geometry": {"type": "Polygon", "coordinates": [[[-76.495, 3.445], [-76.49, 3.445], [-76.49, 3.45], [-76.495, 3.45], [-76.495, 3.445]]]}}, {"type": "Feature", "properties": {"value": 9.0296, "sigma": 7.2235}, "geometry": {"type": "Polygon", "coordinates": [[[-76.49, 3.445], [-76.485, 3.445], [-76.485, 3.45], [-76.49, 3.45], [-76.49, 3.445]]]}}, {"type": "Feature", "properties": {"value": 8.9134, "sigma": 7.2235}, "geometry": {"type": "Polygon", "coordinates": [[[-76.485, 3.445], [-76.48, 3.445], [-76.48, 3.45], [-76.485, 3.45], [-76.485, 3.445]]]}}, {"type": "Feature", "properties": {"value": 8.7201, "sigma": 7.2235}, "geometry": {"type": "Polygon", "coordinates": [[[-76.48, 3.445], [-76.475, 3.445], [-76.475, 3.45], [-76.48, 3.45], [-76.48, 3.445]]]}}, {"type": "Feature", "properties": {"value": 8.4651, "sigma": 7.2235}, "geometry": {"type": "Polygon", "coordinates": [[[-76.475, 3.445], [-76.47, 3.445], [-76.47, 3.45], [-76.475, 3.45], [-76.475, 3.445]]]}}, {"type": "Feature", "properties": {"value": 8.1621, "sigma": 7.2235}, "geometry": {"type": "Polygon", "coordinates": [[[-76.47, 3.445], [-76.465, 3.445], [-76.465, 3.45], [-76.47, 3.45], [-76.47, 3.445]]]}}, {"type": "Feature", "properties": {"value": 7.8235, "sigma": 7.2235}, "geometry": {"type": "Polygon", "coordinates": [[[-76.465, 3.445], [-76.46, 3.445], [-76.46, 3.45], [-76.465, 3.45], [-76.465, 3.445]]]}}, {"type": "Feature", "properties": {"value": 7.5425, "sigma": 7.2235}, "geometry": {"type": "Polygon", "coordinates": [[[-76.46, 3.445], [-76.455, 3.445], [-76.455, 3.45], [-76.46, 3.45], [-76.46, 3.445]]]}}, {"type": "Feature", "properties": {"value": 7.5305, "sigma": 7.2235}, "geometry": {"type": "Polygon", "coordinates": [[[-76.455, 3.445], [-76.45, 3.445], [-76.45, 3.45], [-76.455, 3.45], [-76.455, 3.445]]]}}, {"type": "Feature", "properties": {"value": 7.8038, "sigma": 7.2235}, "geometry": {"type": "Polygon", "coordinates": [[[-76.45, 3.445], [-76.445, 3.445], [-76.445, 3.45], [-76.45, 3.45], [-76.45, 3.445]]]}}, {"type": "Feature", "properties": {"value": 8.1075, "sigma": 7.2235}, "geometry": {"type": "Polygon", "coordinates": [[[-76.445, 3.445], [-76.44, 3.445], [-76.44, 3.45], [-76.445, 3.45], [-76.445, 3.445]]]}}, {"type": "Feature", "properties": {"value": 8.3036, "sigma": 7.2235}, "geometry": {"type": "Polygon", "coordinates": [[[-76.44, 3.445], [-76.435, 3.445], [-76.435, 3.45], [-76.44, 3.45], [-76.44, 3.445]]]}}, {"type": "Feature", "properties": {"value": 8.4004, "sigma": 7.2235}, "geometry": {"type": "Polygon", "coordinates": [[[-76.435, 3.445], [-76.43, 3.445], [-76.43, 3.45], [-76.435, 3.45], [-76.435, 3.445]]]}}, {"type": "Feature", "properties": {"value": 8.4371, "sigma": 7.2235}, "geometry": {"type": "Polygon", "coordinates": [[[-76.43, 3.445], [-76.425, 3.445], [-76.425, 3.45], [-76.43, 3.45], [-76.43, 3.445]]]}}, {"type": "Feature", "properties": {"value": 8.4443, "sigma": 7.2235}, "geometry": {"type": "Polygon", "coordinates": [[[-76.425, 3.445], [-76.42, 3.445], [-76.42, 3.45], [-76.425, 3.45], [-76.425, 3.445]]]}}, {"type": "Feature", "properties": {"value": 8.4401, "sigma": 7.2235}, "geometry": {"type": "Polygon", "coordinates": [[[-76.42, 3.445], [-76.415, 3.445], [-76.415, 3.45], [-76.42, 3.45], [-76.42, 3.445]]]}}, {"type": "Feature", "properties": {"value": 8.4331, "sigma": 7.2235}, "geometry": {"type": "Polygon", "coordinates": [[[-76.415, 3.445], [-76.41, 3.445], [-76.41, 3.45], [-76.415, 3.45], [-76.415, 3.445]]]}}, {"type": "Feature", "properties": {"value": 8.4255, "sigma": 7.2235}, "geometry": {"type": "Polygon", "coordinates": [[[-76.41, 3.445], [-76.405, 3.445], [-76.405, 3.45], [-76.41, 3.45], [-76.41, 3.445]]]}}, {"type": "Feature", "properties": {"value": 8.4163, "sigma": 7.2235}, "geometry": {"type": "Polygon", "coordinates": [[[-76.405, 3.445], [-76.4, 3.445], [-76.4, 3.45], [-76.405, 3.45], [-76.405, 3.445]]]}}, {"type": "Feature", "properties": {"value": 9.0392, "sigma": 7.2235}, "geometry": {"type": "Polygon", "coordinates": [[[-76.6, 3.45], [-76.595, 3.45], [-76.595, 3.455], [-76.6, 3.455], [-76.6, 3.45]]]}}, {"type": "Feature", "properties": {"value": 9.0361, "sigma": 7.2235}, "geometry": {"type": "Polygon", "coordinates": [[[-76.595, 3.45], [-76.59, 3.45], [-76.59, 3.455], [-76.595, 3.455], [-76.595, 3.45]]]}}, {"type": "Feature", "properties": {"value": 9.0236, "sigma": 7.2235}, "geometry": {"type": "Polygon", "coordinates": [[[-76.59, 3.45], [-76.585, 3.45], [-76.585, 3.455], [-76.59, 3.455], [-76.59, 3.45]]]}}, {"type": "Feature", "properties": {"value": 9.0019, "sigma": 7.2235}, "geometry": {"type": "Polygon", "coordinates": [[[-76.585, 3.45], [-76.58, 3.45], [-76.58, 3.455], [-76.585, 3.455], [-76.585, 3.45]]]}}, {"type": "Feature", "properties": {"value": 8.9722, "sigma": 7.2235}, "geometry": {"type": "Polygon", "coordinates": [[[-76.58, 3.45], [-76.575, 3.45], [-76.575, 3.455], [-76.58, 3.455], [-76.58, 3.45]]]}}, {"type": "Feature", "properties": {"value": 8.9367, "sigma": 7.2235}, "geometry": {"type": "Polygon", "coordinates": [[[-76.575, 3.45], [-76.57, 3.45], [-76.57, 3.455], [-76.575, 3.455], [-76.575, 3.45]]]}}, {"type": "Feature", "properties": {"value": 8.8985, "sigma": 7.2235}, "geometry": {"type": "Polygon", "coordinates": [[[-76.57, 3.45], [-76.565, 3.45], [-76.565, 3.455], [-76.57, 3.455], [-76.57, 3.45]]]}}, {"type": "Feature", "properties": {"value": 8.8616, "sigma": 7.2235}, "geometry": {"type": "Polygon", "coordinates": [[[-76.565, 3.45], [-76.56, 3.45], [-76.56, 3.455], [-76.565, 3.455], [-76.565, 3.45]]]}}, {"type": "Feature", "properties": {"value": 8.8301, "sigma": 7.2235}, "geometry": {"type": "Polygon", "coordinates": [[[-76.56, 3.45], [-76.555, 3.45], [-76.555, 3.455], [-76.56, 3.455], [-76.56, 3.45]]]}}, {"type": "Feature", "properties": {"value": 8.8084, "sigma": 7.2235}, "geometry": {"type": "Polygon", "coordinates": [[[-76.555, 3.45], [-76.55, 3.45], [-76.55, 3.455], [-76.555, 3.455], [-76.555, 3.45]]]}}, {"type": "Feature", "properties": {"value": 8.8002, "sigma": 7.2235}, "geometry": {"type": "Polygon", "coordinates": [[[-76.55, 3.45], [-76.545, 3.45], [-76.545, 3.455], [-76.55, 3.455], [-76.55, 3.45]]]}}, {"type": "Feature", "properties": {"value": 8.8088, "sigma": 7.2235}, "geometry": {"type": "Polygon", "coordinates": [[[-76.545, 3.45], [-76.54, 3.45], [-76.54, 3.455], [-76.545, 3.455], [-76.545, 3.45]]]}}, {"type": "Feature", "properties": {"value": 8.8355, "sigma": 7.2235}, "geometry": {"type": "Polygon", "coordinates": [[[-76.54, 3.45], [-76.535, 3.45], [-76.535, 3.455], [-76.54, 3.455], [-76.54, 3.45]]]}}, {"type": "Feature", "properties": {"value": 8.8792, "sigma": 7.2235}, "geometry": {"type": "Polygon", "coordinates": [[[-76.535, 3.45], [-76.53, 3.45], [-76.53, 3.455], [-76.535, 3.455], [-76.535, 3.45]]]}}, {"type": "Feature", "properties": {"value": 8.9344, "sigma": 7.2235}, "geometry": {"type": "Polygon", "coordinates": [[[-76.53, 3.45], [-76.525, 3.45], [-76.525, 3.455], [-76.53, 3.455], [-76.53, 3.45]]]}}, {"type": "Feature", "properties": {"value": 8.991, "sigma": 7.2235}, "geometry": {"type": "Polygon", "coordinates": [[[-76.525, 3.45], [-76.52, 3.45], [-76.52, 3.455], [-76.525, 3.455], [-76.525, 3.45]]]}}, {"type": "Feature", "properties": {"value": 9.0373, "sigma": 7.2235}, "geometry": {"type": "Polygon", "coordinates": [[[-76.52, 3.45], [-76.515, 3.45], [-76.515, 3.455], [-76.52, 3.455], [-76.52, 3.45]]]}}, {"type": "Feature", "properties": {"value": 9.0664, "sigma": 7.2235}, "geometry": {"type": "Polygon", "coordinates": [[[-76.515, 3.45], [-76.51, 3.45], [-76.51, 3.455], [-76.515, 3.455], [-76.515, 3.45]]]}}, {"type": "Feature", "properties": {"value": 9.0823, "sigma": 7.2235}, "geometry": {"type": "Polygon", "coordinates": [[[-76.51, 3.45], [-76.505, 3.45], [-76.505, 3.455], [-76.51, 3.455], [-76.51, 3.45]]]}}, {"type": "Feature", "properties": {"value": 9.0989, "sigma": 7.2235}, "geometry": {"type": "Polygon", "coordinates": [[[-76.505, 3.45], [-76.5, 3.45], [-76.5, 3.455], [-76.505, 3.455], [-76.505, 3.45]]]}}, {"type": "Feature", "properties": {"value": 9.1364, "sigma": 7.2235}, "geometry": {"type": "Polygon", "coordinates": [[[-76.5, 3.45], [-76.495, 3.45], [-76.495, 3.455], [-76.5, 3.455], [-76.5, 3.45]]]}}, {"type": "Feature", "properties": {"value": 9.2047, "sigma": 7.2235}, "geometry": {"type": "Polygon", "coordinates": [[[-76.495, 3.45], [-76.49, 3.45], [-76.49, 3.455], [-76.495, 3.455], [-76.495, 3.45]]]}}, {"type": "Feature", "properties": {"value": 9.2475, "sigma": 7.2235}, "geometry": {"type": "Polygon", "coordinates": [[[-76.49, 3.45], [-76.485, 3.45], [-76.485, 3.455], [-76.49, 3.455], [-76.49, 3.45]]]}}, {"type": "Feature", "properties": {"value": 9.1479, "sigma": 7.2235}, "geometry": {"type": "Polygon", "coordinates": [[[-76.485, 3.45], [-76.48, 3.45], [-76.48, 3.455], [-76.485, 3.455], [-76.485, 3.45]]]}}, {"type": "Feature", "properties": {"value": 8.8799, "sigma": 7.2235}, "geometry": {"type": "Polygon", "coordinates": [[[-76.48, 3.45], [-76.475, 3.45], [-76.475, 3.455], [-76.48, 3.455], [-76.48, 3.45]]]}}, {"type": "Feature", "properties": {"value": 8.4999, "sigma": 7.2235}, "geometry": {"type": "Polygon", "coordinates": [[[-76.475, 3.45], [-76.47, 3.45], [-76.47, 3.455], [-76.475, 3.455], [-76.475, 3.45]]]}}, {"type": "Feature", "properties": {"value": 8.0147, "sigma": 7.2235}, "geometry": {"type": "Polygon", "coordinates": [[[-76.47, 3.45], [-76.465, 3.45], [-76.465, 3.455], [-76.47, 3.455], [-76.47, 3.45]]]}}, {"type": "Feature", "properties": {"value": 7.387, "sigma": 7.2235}, "geometry": {"type": "Polygon", "coordinates": [[[-76.465, 3.45], [-76.46, 3.45], [-76.46, 3.455], [-76.465, 3.455], [-76.465, 3.45]]]}}, {"type": "Feature", "properties": {"value": 6.7534, "sigma": 7.2235}, "geometry": {"type": "Polygon", "coordinates": [[[-76.46, 3.45], [-76.455, 3.45], [-76.455, 3.455], [-76.46, 3.455], [-76.46, 3.45]]]}}, {"type": "Feature", "properties": {"value": 6.6772, "sigma": 7.2235}, "geometry": {"type": "Polygon", "coordinates": [[[-76.455, 3.45], [-76.45, 3.45], [-76.45, 3.455], [-76.455, 3.455], [-76.455, 3.45]]]}}, {"type": "Feature", "properties": {"value": 7.2844, "sigma": 7.2235}, "geometry": {"type": "Polygon", "coordinates": [[[-76.45, 3.45], [-76.445, 3.45], [-76.445, 3.455], [-76.45, 3.455], [-76.45, 3.45]]]}}, {"type": "Feature", "properties": {"value": 7.9187, "sigma": 7.2235}, "geometry": {"type": "Polygon", "coordinates": [[[-76.445, 3.45], [-76.44, 3.45], [-76.44, 3.455], [-76.445, 3.455], [-76.445, 3.45]]]}}, {"type": "Feature", "properties": {"value": 8.2975, "sigma": 7.2235}, "geometry": {"type": "Polygon", "coordinates": [[[-76.44, 3.45], [-76.435, 3.45], [-76.435, 3.455], [-76.44, 3.455], [-76.44, 3.45]]]}}, {"type": "Feature", "properties": {"value": 8.4764, "sigma": 7.2235}, "geometry": {"type": "Polygon", "coordinates": [[[-76.435, 3.45], [-76.43, 3.45], [-76.43, 3.455], [-76.435, 3.455], [-76.435, 3.45]]]}}, {"type": "Feature", "properties": {"value": 8.5475, "sigma": 7.2235}, "geometry": {"type": "Polygon", "coordinates": [[[-76.43, 3.45], [-76.425, 3.45], [-76.425, 3.455], [-76.43, 3.455], [-76.43, 3.45]]]}}, {"type": "Feature", "properties": {"value": 8.5711, "sigma": 7.2235}, "geometry": {"type": "Polygon", "coordinates": [[[-76.425, 3.45], [-76.42, 3.45], [-76.42, 3.455], [-76.425, 3.455], [-76.425, 3.45]]]}}, {"type": "Feature", "properties": {"value": 8.5778, "sigma": 7.2235}, "geometry": {"type": "Polygon", "coordinates": [[[-76.42, 3.45], [-76.415, 3.45], [-76.415, 3.455], [-76.42, 3.455], [-76.42, 3.45]]]}}, {"type": "Feature", "properties": {"value": 8.5797, "sigma": 7.2235}, "geometry": {"type": "Polygon", "coordinates": [[[-76.415, 3.45], [-76.41, 3.45], [-76.41, 3.455], [-76.415, 3.455], [-76.415, 3.45]]]}}, {"type": "Feature", "properties": {"value": 8.5786, "sigma": 7.2235}, "geometry": {"type": "Polygon", "coordinates": [[[-76.41, 3.45], [-76.405, 3.45], [-76.405, 3.455], [-76.41, 3.455], [-76.41, 3.45]]]}}, {"type": "Feature", "properties": {"value": 8.5723, "sigma": 7.2235}, "geometry": {"type": "Polygon", "coordinates": [[[-76.405, 3.45], [-76.4, 3.45], [-76.4, 3.455], [-76.405, 3.455], [-76.405, 3.45]]]}}, {"type": "Feature", "properties": {"value": 9.2126, "sigma": 7.2235}, "geometry": {"type": "Polygon", "coordinates": [[[-76.6, 3.455], [-76.595, 3.455], [-76.595, 3.46], [-76.6, 3.46], [-76.6, 3.455]]]}}, {"type": "Feature", "properties": {"value": 9.2161, "sigma": 7.2235}, "geometry": {"type": "Polygon", "coordinates": [[[-76.595, 3.455], [-76.59, 3.455], [-76.59, 3.46], [-76.595, 3.46], [-76.595, 3.455]]]}}, {"type": "Feature", "properties": {"value": 9.2069, "sigma": 7.2235}, "geometry": {"type": "Polygon", "coordinates": [[[-76.59, 3.455], [-76.585, 3.455], [-76.585, 3.46], [-76.59, 3.46], [-76.59, 3.455]]]}}, {"type": "Feature", "properties": {"value": 9.1844, "sigma": 7.2235}, "geometry": {"type": "Polygon", "coordinates": [[[-76.585, 3.455], [-76.58, 3.455], [-76.58, 3.46], [-76.585, 3.46], [-76.585, 3.455]]]}}, {"type": "Feature", "properties": {"value": 9.1493, "sigma": 7.2235}, "geometry": {"type": "Polygon", "coordinates": [[[-76.58, 3.455], [-76.575, 3.455], [-76.575, 3.46], [-76.58, 3.46], [-76.58, 3.455]]]}}, {"type": "Feature", "properties": {"value": 9.1036, "sigma": 7.2235}, "geometry": {"type": "Polygon", "coordinates": [[[-76.575, 3.455], [-76.57, 3.455], [-76.57, 3.46], [-76.575, 3.46], [-76.575, 3.455]]]}}, {"type": "Feature", "properties": {"value": 9.0509, "sigma": 7.2235}, "geometry": {"type": "Polygon", "coordinates": [[[-76.57, 3.455], [-76.565, 3.455], [-76.565, 3.46], [-76.57, 3.46], [-76.57, 3.455]]]}}, {"type": "Feature", "properties": {"value": 8.9957, "sigma": 7.2235}, "geometry": {"type": "Polygon", "coordinates": [[[-76.565, 3.455], [-76.56, 3.455], [-76.56, 3.46], [-76.565, 3.46], [-76.565, 3.455]]]}}, {"type": "Feature", "properties": {"value": 8.9433, "sigma": 7.2235}, "geometry": {"type": "Polygon", "coordinates": [[[-76.56, 3.455], [-76.555, 3.455], [-76.555, 3.46], [-76.56, 3.46], [-76.56, 3.455]]]}}, {"type": "Feature", "properties": {"value": 8.8988, "sigma": 7.2235}, "geometry": {"type": "Polygon", "coordinates": [[[-76.555, 3.455], [-76.55, 3.455], [-76.55, 3.46], [-76.555, 3.46], [-76.555, 3.455]]]}}, {"type": "Feature", "properties": {"value": 8.8669, "sigma": 7.2235}, "geometry": {"type": "Polygon", "coordinates": [[[-76.55, 3.455], [-76.545, 3.455], [-76.545, 3.46], [-76.55, 3.46], [-76.55, 3.455]]]}}, {"type": "Feature", "properties": {"value": 8.8511, "sigma": 7.2235}, "geometry": {"type": "Polygon", "coordinates": [[[-76.545, 3.455], [-76.54, 3.455], [-76.54, 3.46], [-76.545, 3.46], [-76.545, 3.455]]]}}, {"type": "Feature", "properties": {"value": 8.8529, "sigma": 7.2235}, "geometry": {"type": "Polygon", "coordinates": [[[-76.54, 3.455], [-76.535, 3.455], [-76.535, 3.46], [-76.54, 3.46], [-76.54, 3.455]]]}}, {"type": "Feature", "properties": {"value": 8.8714, "sigma": 7.2235}, "geometry": {"type": "Polygon", "coordinates": [[[-76.535, 3.455], [-76.53, 3.455], [-76.53, 3.46], [-76.535, 3.46], [-76.535, 3.455]]]}}, {"type": "Feature", "properties": {"value": 8.9025, "sigma": 7.2235}, "geometry": {"type": "Polygon", "coordinates": [[[-76.53, 3.455], [-76.525, 3.455], [-76.525, 3.46], [-76.53, 3.46], [-76.53, 3.455]]]}}, {"type": "Feature", "properties": {"value": 8.9393, "sigma": 7.2235}, "geometry": {"type": "Polygon", "coordinates": [[[-76.525, 3.455], [-76.52, 3.455], [-76.52, 3.46], [-76.525, 3.46], [-76.525, 3.455]]]}}, {"type": "Feature", "properties": {"value": 8.9744, "sigma": 7.2235}, "geometry": {"type": "Polygon", "coordinates": [[[-76.52, 3.455], [-76.515, 3.455], [-76.515, 3.46], [-76.52, 3.46], [-76.52, 3.455]]]}}, {"type": "Feature", "properties": {"value": 9.0049, "sigma": 7.2235}, "geometry": {"type": "Polygon", "coordinates": [[[-76.515, 3.455], [-76.51, 3.455], [-76.51, 3.46], [-76.515, 3.46], [-76.515, 3.455]]]}}, {"type": "Feature", "properties": {"value": 9.0377, "sigma": 7.2235}, "geometry": {"type": "Polygon", "coordinates": [[[-76.51, 3.455], [-76.505, 3.455], [-76.505, 3.46], [-76.51, 3.46], [-76.51, 3.455]]]}}, {"type": "Feature", "properties": {"value": 9.0932, "sigma": 7.2235}, "geometry": {"type": "Polygon", "coordinates": [[[-76.505, 3.455], [-76.5, 3.455], [-76.5, 3.46], [-76.505, 3.46], [-76.505, 3.455]]]}}, {"type": "Feature", "properties": {"value": 9.2075, "sigma": 7.2235}, "geometry": {"type": "Polygon", "coordinates": [[[-76.5, 3.455], [-76.495, 3.455], [-76.495, 3.46], [-76.5, 3.46], [-76.5, 3.455]]]}}, {"type": "Feature", "properties": {"value": 9.403, "sigma": 7.2235}, "geometry": {"type": "Polygon", "coordinates": [[[-76.495, 3.455], [-76.49, 3.455], [-76.49, 3.46], [-76.495, 3.46], [-76.495, 3.455]]]}}, {"type": "Feature", "properties": {"value": 9.5733, "sigma": 7.2235}, "geometry": {"type": "Polygon", "coordinates": [[[-76.49, 3.455], [-76.485, 3.455], [-76.485, 3.46], [-76.49, 3.46], [-76.49, 3.455]]]}}, {"type": "Feature", "properties": {"value": 9.4735, "sigma": 7.2235}, "geometry": {"type": "Polygon", "coordinates": [[[-76.485, 3.455], [-76.48, 3.455], [-76.48, 3.46], [-76.485, 3.46], [-76.485, 3.455]]]}}, {"type": "Feature", "properties": {"value": 9.0956, "sigma": 7.2235}, "geometry": {"type": "Polygon", "coordinates": [[[-76.48, 3.455], [-76.475, 3.455], [-76.475, 3.46], [-76.48, 3.46], [-76.48, 3.455]]]}}, {"type": "Feature", "properties": {"value": 8.5986, "sigma": 7.2235}, "geometry": {"type": "Polygon", "coordinates": [[[-76.475, 3.455], [-76.47, 3.455], [-76.47, 3.46], [-76.475, 3.46], [-76.475, 3.455]]]}}, {"type": "Feature", "properties": {"value": 7.9964, "sigma": 7.2235}, "geometry": {"type": "Polygon", "coordinates": [[[-76.47, 3.455], [-76.465, 3.455], [-76.465, 3.46], [-76.47, 3.46], [-76.47, 3.455]]]}}, {"type": "Feature", "properties": {"value": 7.2059, "sigma": 7.2235}, "geometry": {"type": "Polygon", "coordinates": [[[-76.465, 3.455], [-76.46, 3.455], [-76.46, 3.46], [-76.465, 3.46], [-76.465, 3.455]]]}}, {"type": "Feature", "properties": {"value": 6.3506, "sigma": 7.2235}, "geometry": {"type": "Polygon", "coordinates": [[[-76.46, 3.455], [-76.455, 3.455], [-76.455, 3.46], [-76.46, 3.46], [-76.46, 3.455]]]}}, {"type": "Feature", "properties": {"value": 6.2301, "sigma": 7.2235}, "geometry": {"type": "Polygon", "coordinates": [[[-76.455, 3.455], [-76.45, 3.455], [-76.45, 3.46], [-76.455, 3.46], [-76.455, 3.455]]]}}, {"type": "Feature", "properties": {"value": 7.148, "sigma": 7.2235}, "geometry": {"type": "Polygon", "coordinates": [[[-76.45, 3.455], [-76.445, 3.455], [-76.445, 3.46], [-76.45, 3.46], [-76.45, 3.455]]]}}, {"type": "Feature", "properties": {"value": 8.0542, "sigma": 7.2235}, "geometry": {"type": "Polygon", "coordinates": [[[-76.445, 3.455], [-76.44, 3.455], [-76.44, 3.46], [-76.445, 3.46], [-76.445, 3.455]]]}}, {"type": "Feature", "properties": {"value": 8.514, "sigma": 7.2235}, "geometry": {"type": "Polygon", "coordinates": [[[-76.44, 3.455], [-76.435, 3.455], [-76.435, 3.46], [-76.44, 3.46], [-76.44, 3.455]]]}}, {"type": "Feature", "properties": {"value": 8.6798, "sigma": 7.2235}, "geometry": {"type": "Polygon", "coordinates": [[[-76.435, 3.455], [-76.43, 3.455], [-76.43, 3.46], [-76.435, 3.46], [-76.435, 3.455]]]}}, {"type": "Feature", "properties": {"value": 8.7241, "sigma": 7.2235}, "geometry": {"type": "Polygon", "coordinates": [[[-76.43, 3.455], [-76.425, 3.455], [-76.425, 3.46], [-76.43, 3.46], [-76.43, 3.455]]]}}, {"type": "Feature", "properties": {"value": 8.7337, "sigma": 7.2235}, "geometry": {"type": "Polygon", "coordinates": [[[-76.425, 3.455], [-76.42, 3.455], [-76.42, 3.46], [-76.425, 3.46], [-76.425, 3.455]]]}}, {"type": "Feature", "properties": {"value": 8.7403, "sigma": 7.2235}, "geometry": {"type": "Polygon", "coordinates": [[[-76.42, 3.455], [-76.415, 3.455], [-76.415, 3.46], [-76.42, 3.46], [-76.42, 3.455]]]}}, {"type": "Feature", "properties": {"value": 8.7497, "sigma": 7.2235}, "geometry": {"type": "Polygon", "coordinates": [[[-76.415, 3.455], [-76.41, 3.455], [-76.41, 3.46], [-76.415, 3.46], [-76.415, 3.455]]]}}, {"type": "Feature", "properties": {"value": 8.7573, "sigma": 7.2235}, "geometry": {"type": "Polygon", "coordinates": [[[-76.41, 3.455], [-76.405, 3.455], [-76.405, 3.46], [-76.41, 3.46], [-76.41, 3.455]]]}}, {"type": "Feature", "properties": {"value": 8.7555, "sigma": 7.2235}, "geometry": {"type": "Polygon", "coordinates": [[[-76.405, 3.455], [-76.4, 3.455], [-76.4, 3.46], [-76.405, 3.46], [-76.405, 3.455]]]}}, {"type": "Feature", "properties": {"value": 9.4166, "sigma": 7.2235}, "geometry": {"type": "Polygon", "coordinates": [[[-76.6, 3.46], [-76.595, 3.46], [-76.595, 3.465], [-76.6, 3.465], [-76.6, 3.46]]]}}, {"type": "Feature", "properties": {"value": 9.4306, "sigma": 7.2235}, "geometry": {"type": "Polygon", "coordinates": [[[-76.595, 3.46], [-76.59, 3.46], [-76.59, 3.465], [-76.595, 3.465], [-76.595, 3.46]]]}}, {"type": "Feature", "properties": {"value": 9.4278, "sigma": 7.2235}, "geometry": {"type": "Polygon", "coordinates": [[[-76.59, 3.46], [-76.585, 3.46], [-76.585, 3.465], [-76.59, 3.465], [-76.59, 3.46]]]}}, {"type": "Feature", "properties": {"value": 9.4063, "sigma": 7.2235}, "geometry": {"type": "Polygon", "coordinates": [[[-76.585, 3.46], [-76.58, 3.46], [-76.58, 3.465], [-76.585, 3.465], [-76.585, 3.46]]]}}, {"type": "Feature", "properties": {"value": 9.3657, "sigma": 7.2235}, "geometry": {"type": "Polygon", "coordinates": [[[-76.58, 3.46], [-76.575, 3.46], [-76.575, 3.465], [-76.58, 3.465], [-76.58, 3.46]]]}}, {"type": "Feature", "properties": {"value": 9.3077, "sigma": 7.2235}, "geometry": {"type": "Polygon", "coordinates": [[[-76.575, 3.46], [-76.57, 3.46], [-76.57, 3.465], [-76.575, 3.465], [-76.575, 3.46]]]}}, {"type": "Feature", "properties": {"value": 9.2363, "sigma": 7.2235}, "geometry": {"type": "Polygon", "coordinates": [[[-76.57, 3.46], [-76.565, 3.46], [-76.565, 3.465], [-76.57, 3.465], [-76.57, 3.46]]]}}, {"type": "Feature", "properties": {"value": 9.1572, "sigma": 7.2235}, "geometry": {"type": "Polygon", "coordinates": [[[-76.565, 3.46], [-76.56, 3.46], [-76.56, 3.465], [-76.565, 3.465], [-76.565, 3.46]]]}}, {"type": "Feature", "properties": {"value": 9.0774, "sigma": 7.2235}, "geometry": {"type": "Polygon", "coordinates": [[[-76.56, 3.46], [-76.555, 3.46], [-76.555, 3.465], [-76.56, 3.465], [-76.56, 3.46]]]}}, {"type": "Feature", "properties": {"value": 9.0037, "sigma": 7.2235}, "geometry": {"type": "Polygon", "coordinates": [[[-76.555, 3.46], [-76.55, 3.46], [-76.55, 3.465], [-76.555, 3.465], [-76.555, 3.46]]]}}, {"type": "Feature", "properties": {"value": 8.9423, "sigma": 7.2235}, "geometry": {"type": "Polygon", "coordinates": [[[-76.55, 3.46], [-76.545, 3.46], [-76.545, 3.465], [-76.55, 3.465], [-76.55, 3.46]]]}}, {"type": "Feature", "properties": {"value": 8.8977, "sigma": 7.2235}, "geometry": {"type": "Polygon", "coordinates": [[[-76.545, 3.46], [-76.54, 3.46], [-76.54, 3.465], [-76.545, 3.465], [-76.545, 3.46]]]}}, {"type": "Feature", "properties": {"value": 8.8724, "sigma": 7.2235}, "geometry": {"type": "Polygon", "coordinates": [[[-76.54, 3.46], [-76.535, 3.46], [-76.535, 3.465], [-76.54, 3.465], [-76.54, 3.46]]]}}, {"type": "Feature", "properties": {"value": 8.866, "sigma": 7.2235}, "geometry": {"type": "Polygon", "coordinates": [[[-76.535, 3.46], [-76.53, 3.46], [-76.53, 3.465], [-76.535, 3.465], [-76.535, 3.46]]]}}, {"type": "Feature", "properties": {"value": 8.8757, "sigma": 7.2235}, "geometry": {"type": "Polygon", "coordinates": [[[-76.53, 3.46], [-76.525, 3.46], [-76.525, 3.465], [-76.53, 3.465], [-76.53, 3.46]]]}}, {"type": "Feature", "properties": {"value": 8.8965, "sigma": 7.2235}, "geometry": {"type": "Polygon", "coordinates": [[[-76.525, 3.46], [-76.52, 3.46], [-76.52, 3.465], [-76.525, 3.465], [-76.525, 3.46]]]}}, {"type": "Feature", "properties": {"value": 8.9243, "sigma": 7.2235}, "geometry": {"type": "Polygon", "coordinates": [[[-76.52, 3.46], [-76.515, 3.46], [-76.515, 3.465], [-76.52, 3.465], [-76.52, 3.46]]]}}, {"type": "Feature", "properties": {"value": 8.9585, "sigma": 7.2235}, "geometry": {"type": "Polygon", "coordinates": [[[-76.515, 3.46], [-76.51, 3.46], [-76.51, 3.465], [-76.515, 3.465], [-76.515, 3.46]]]}}, {"type": "Feature", "properties": {"value": 9.0076, "sigma": 7.2235}, "geometry": {"type": "Polygon", "coordinates": [[[-76.51, 3.46], [-76.505, 3.46], [-76.505, 3.465], [-76.51, 3.465], [-76.51, 3.46]]]}}, {"type": "Feature", "properties": {"value": 9.0935, "sigma": 7.2235}, "geometry": {"type": "Polygon", "coordinates": [[[-76.505, 3.46], [-76.5, 3.46], [-76.5, 3.465], [-76.505, 3.465], [-76.505, 3.46]]]}}, {"type": "Feature", "properties": {"value": 9.2528, "sigma": 7.2235}, "geometry": {"type": "Polygon", "coordinates": [[[-76.5, 3.46], [-76.495, 3.46], [-76.495, 3.465], [-76.5, 3.465], [-76.5, 3.46]]]}}, {"type": "Feature", "properties": {"value": 9.5065, "sigma": 7.2235}, "geometry": {"type": "Polygon", "coordinates": [[[-76.495, 3.46], [-76.49, 3.46], [-76.49, 3.465], [-76.495, 3.465], [-76.495, 3.46]]]}}, {"type": "Feature", "properties": {"value": 9.729, "sigma": 7.2235}, "geometry": {"type": "Polygon", "coordinates": [[[-76.49, 3.46], [-76.485, 3.46], [-76.485, 3.465], [-76.49, 3.465], [-76.49, 3.46]]]}}, {"type": "Feature", "properties": {"value": 9.6314, "sigma": 7.2235}, "geometry": {"type": "Polygon", "coordinates": [[[-76.485, 3.46], [-76.48, 3.46], [-76.48, 3.465], [-76.485, 3.465], [-76.485, 3.46]]]}}, {"type": "Feature", "properties": {"value": 9.2224, "sigma": 7.2235}, "geometry": {"type": "Polygon", "coordinates": [[[-76.48, 3.46], [-76.475, 3.46], [-76.475, 3.465], [-76.48, 3.465], [-76.48, 3.46]]]}}, {"type": "Feature", "properties": {"value": 8.7184, "sigma": 7.2235}, "geometry": {"type": "Polygon", "coordinates": [[[-76.475, 3.46], [-76.47, 3.46], [-76.47, 3.465], [-76.475, 3.465], [-76.475, 3.46]]]}}, {"type": "Feature", "properties": {"value": 8.1622, "sigma": 7.2235}, "geometry": {"type": "Polygon", "coordinates": [[[-76.47, 3.46], [-76.465, 3.46], [-76.465, 3.465], [-76.47, 3.465], [-76.47, 3.46]]]}}, {"type": "Feature", "properties": {"value": 7.5144, "sigma": 7.2235}, "geometry": {"type": "Polygon", "coordinates": [[[-76.465, 3.46], [-76.46, 3.46], [-76.46, 3.465], [-76.465, 3.465], [-76.465, 3.46]]]}}, {"type": "Feature", "properties": {"value": 6.9116, "sigma": 7.2235}, "geometry": {"type": "Polygon", "coordinates": [[[-76.46, 3.46], [-76.455, 3.46], [-76.455, 3.465], [-76.46, 3.465], [-76.46, 3.46]]]}}, {"type": "Feature", "properties": {"value": 6.9218, "sigma": 7.2235}, "geometry": {"type": "Polygon", "coordinates": [[[-76.455, 3.46], [-76.45, 3.46], [-76.45, 3.465], [-76.455, 3.465], [-76.455, 3.46]]]}}, {"type": "Feature", "properties": {"value": 7.8171, "sigma": 7.2235}, "geometry": {"type": "Polygon", "coordinates": [[[-76.45, 3.46], [-76.445, 3.46], [-76.445, 3.465], [-76.45, 3.465], [-76.45, 3.46]]]}}, {"type": "Feature", "properties": {"value": 8.6966, "sigma": 7.2235}, "geometry": {"type": "Polygon", "coordinates": [[[-76.445, 3.46], [-76.44, 3.46], [-76.44, 3.465], [-76.445, 3.465], [-76.445, 3.46]]]}}, {"type": "Feature", "properties": {"value": 9.0082, "sigma": 7.2235}, "geometry": {"type": "Polygon", "coordinates": [[[-76.44, 3.46], [-76.435, 3.46], [-76.435, 3.465], [-76.44, 3.465], [-76.44, 3.46]]]}}, {"type": "Feature", "properties": {"value": 9.0079, "sigma": 7.2235}, "geometry": {"type": "Polygon", "coordinates": [[[-76.435, 3.46], [-76.43, 3.46], [-76.43, 3.465], [-76.435, 3.465], [-76.435, 3.46]]]}}, {"type": "Feature", "properties": {"value": 8.9522, "sigma": 7.2235}, "geometry": {"type": "Polygon", "coordinates": [[[-76.43, 3.46], [-76.425, 3.46], [-76.425, 3.465], [-76.43, 3.465], [-76.43, 3.46]]]}}, {"type": "Feature", "properties": {"value": 8.9221, "sigma": 7.2235}, "geometry": {"type": "Polygon", "coordinates": [[[-76.425, 3.46], [-76.42, 3.46], [-76.42, 3.465], [-76.425, 3.465], [-76.425, 3.46]]]}}, {"type": "Feature", "properties": {"value": 8.9253, "sigma": 7.2235}, "geometry": {"type": "Polygon", "coordinates": [[[-76.42, 3.46], [-76.415, 3.46], [-76.415, 3.465], [-76.42, 3.465], [-76.42, 3.46]]]}}, {"type": "Feature", "properties": {"value": 8.9481, "sigma": 7.2235}, "geometry": {"type": "Polygon", "coordinates": [[[-76.415, 3.46], [-76.41, 3.46], [-76.41, 3.465], [-76.415, 3.465], [-76.415, 3.46]]]}}, {"type": "Feature", "properties": {"value": 8.971, "sigma": 7.2235}, "geometry": {"type": "Polygon", "coordinates": [[[-76.41, 3.46], [-76.405, 3.46], [-76.405, 3.465], [-76.41, 3.465], [-76.41, 3.46]]]}}, {"type": "Feature", "properties": {"value": 8.9765, "sigma": 7.2235}, "geometry": {"type": "Polygon", "coordinates": [[[-76.405, 3.46], [-76.4, 3.46], [-76.4, 3.465], [-76.405, 3.465], [-76.405, 3.46]]]}}, {"type": "Feature", "properties": {"value": 9.6544, "sigma": 7.2235}, "geometry": {"type": "Polygon", "coordinates": [[[-76.6, 3.465], [-76.595, 3.465], [-76.595, 3.47], [-76.6, 3.47], [-76.6, 3.465]]]}}, {"type": "Feature", "properties": {"value": 9.6846, "sigma": 7.2235}, "geometry": {"type": "Polygon", "coordinates": [[[-76.595, 3.465], [-76.59, 3.465], [-76.59, 3.47], [-76.595, 3.47], [-76.595, 3.465]]]}}, {"type": "Feature", "properties": {"value": 9.6932, "sigma": 7.2235}, "geometry": {"type": "Polygon", "coordinates": [[[-76.59, 3.465], [-76.585, 3.465], [-76.585, 3.47], [-76.59, 3.47], [-76.59, 3.465]]]}}, {"type": "Feature", "properties": {"value": 9.676, "sigma": 7.2235}, "geometry": {"type": "Polygon", "coordinates": [[[-76.585, 3.465], [-76.58, 3.465], [-76.58, 3.47], [-76.585, 3.47], [-76.585, 3.465]]]}}, {"type": "Feature", "properties": {"value": 9.6307, "sigma": 7.2235}, "geometry": {"type": "Polygon", "coordinates": [[[-76.58, 3.465], [-76.575, 3.465], [-76.575, 3.47], [-76.58, 3.47], [-76.58, 3.465]]]}}, {"type": "Feature", "properties": {"value": 9.5585, "sigma": 7.2235}, "geometry": {"type": "Polygon", "coordinates": [[[-76.575, 3.465], [-76.57, 3.465], [-76.57, 3.47], [-76.575, 3.47], [-76.575, 3.465]]]}}, {"type": "Feature", "properties": {"value": 9.4636, "sigma": 7.2235}, "geometry": {"type": "Polygon", "coordinates": [[[-76.57, 3.465], [-76.565, 3.465], [-76.565, 3.47], [-76.57, 3.47], [-76.57, 3.465]]]}}, {"type": "Feature", "properties": {"value": 9.3536, "sigma": 7.2235}, "geometry": {"type": "Polygon", "coordinates": [[[-76.565, 3.465], [-76.56, 3.465], [-76.56, 3.47], [-76.565, 3.47], [-76.565, 3.465]]]}}, {"type": "Feature", "properties": {"value": 9.2381, "sigma": 7.2235}, "geometry": {"type": "Polygon", "coordinates": [[[-76.56, 3.465], [-76.555, 3.465], [-76.555, 3.47], [-76.56, 3.47], [-76.56, 3.465]]]}}, {"type": "Feature", "properties": {"value": 9.1267, "sigma": 7.2235}, "geometry": {"type": "Polygon", "coordinates": [[[-76.555, 3.465], [-76.55, 3.465], [-76.55, 3.47], [-76.555, 3.47], [-76.555, 3.465]]]}}, {"type": "Feature", "properties": {"value": 9.0281, "sigma": 7.2235}, "geometry": {"type": "Polygon", "coordinates": [[[-76.55, 3.465], [-76.545, 3.465], [-76.545, 3.47], [-76.55, 3.47], [-76.55, 3.465]]]}}, {"type": "Feature", "properties": {"value": 8.9487, "sigma": 7.2235}, "geometry": {"type": "Polygon", "coordinates": [[[-76.545, 3.465], [-76.54, 3.465], [-76.54, 3.47], [-76.545, 3.47], [-76.545, 3.465]]]}}, {"type": "Feature", "properties": {"value": 8.8922, "sigma": 7.2235}, "geometry": {"type": "Polygon", "coordinates": [[[-76.54, 3.465], [-76.535, 3.465], [-76.535, 3.47], [-76.54, 3.47], [-76.54, 3.465]]]}}, {"type": "Feature", "properties": {"value": 8.8594, "sigma": 7.2235}, "geometry": {"type": "Polygon", "coordinates": [[[-76.535, 3.465], [-76.53, 3.465], [-76.53, 3.47], [-76.535, 3.47], [-76.535, 3.465]]]}}, {"type": "Feature", "properties": {"value": 8.8485, "sigma": 7.2235}, "geometry": {"type": "Polygon", "coordinates": [[[-76.53, 3.465], [-76.525, 3.465], [-76.525, 3.47], [-76.53, 3.47], [-76.53, 3.465]]]}}, {"type": "Feature", "properties": {"value": 8.8558, "sigma": 7.2235}, "geometry": {"type": "Polygon", "coordinates": [[[-76.525, 3.465], [-76.52, 3.465], [-76.52, 3.47], [-76.525, 3.47], [-76.525, 3.465]]]}}, {"type": "Feature", "properties": {"value": 8.8781, "sigma": 7.2235}, "geometry": {"type": "Polygon", "coordinates": [[[-76.52, 3.465], [-76.515, 3.465], [-76.515, 3.47], [-76.52, 3.47], [-76.52, 3.465]]]}}, {"type": "Feature", "properties": {"value": 8.9153, "sigma": 7.2235}, "geometry": {"type": "Polygon", "coordinates": [[[-76.515, 3.465], [-76.51, 3.465], [-76.51, 3.47], [-76.515, 3.47], [-76.515, 3.465]]]}}, {"type": "Feature", "properties": {"value": 8.9735, "sigma": 7.2235}, "geometry": {"type": "Polygon", "coordinates": [[[-76.51, 3.465], [-76.505, 3.465], [-76.505, 3.47], [-76.51, 3.47], [-76.51, 3.465]]]}}, {"type": "Feature", "properties": {"value": 9.0671, "sigma": 7.2235}, "geometry": {"type": "Polygon", "coordinates": [[[-76.505, 3.465], [-76.5, 3.465], [-76.5, 3.47], [-76.505, 3.47], [-76.505, 3.465]]]}}, {"type": "Feature", "properties": {"value": 9.2148, "sigma": 7.2235}, "geometry": {"type": "Polygon", "coordinates": [[[-76.5, 3.465], [-76.495, 3.465], [-76.495, 3.47], [-76.5, 3.47], [-76.5, 3.465]]]}}, {"type": "Feature", "properties": {"value": 9.4112, "sigma": 7.2235}, "geometry": {"type": "Polygon", "coordinates": [[[-76.495, 3.465], [-76.49, 3.465], [-76.49, 3.47], [-76.495, 3.47], [-76.495, 3.465]]]}}, {"type": "Feature", "properties": {"value": 9.555, "sigma": 7.2235}, "geometry": {"type": "Polygon", "coordinates": [[[-76.49, 3.465], [-76.485, 3.465], [-76.485, 3.47], [-76.49, 3.47], [-76.49, 3.465]]]}}, {"type": "Feature", "properties": {"value": 9.4762, "sigma": 7.2235}, "geometry": {"type": "Polygon", "coordinates": [[[-76.485, 3.465], [-76.48, 3.465], [-76.48, 3.47], [-76.485, 3.47], [-76.485, 3.465]]]}}, {"type": "Feature", "properties": {"value": 9.1828, "sigma": 7.2235}, "geometry": {"type": "Polygon", "coordinates": [[[-76.48, 3.465], [-76.475, 3.465], [-76.475, 3.47], [-76.48, 3.47], [-76.48, 3.465]]]}}, {"type": "Feature", "properties": {"value": 8.8146, "sigma": 7.2235}, "geometry": {"type": "Polygon", "coordinates": [[[-76.475, 3.465], [-76.47, 3.465], [-76.47, 3.47], [-76.475, 3.47], [-76.475, 3.465]]]}}, {"type": "Feature", "properties": {"value": 8.4307, "sigma": 7.2235}, "geometry": {"type": "Polygon", "coordinates": [[[-76.47, 3.465], [-76.465, 3.465], [-76.465, 3.47], [-76.47, 3.47], [-76.47, 3.465]]]}}, {"type": "Feature", "properties": {"value": 8.0591, "sigma": 7.2235}, "geometry": {"type": "Polygon", "coordinates": [[[-76.465, 3.465], [-76.46, 3.465], [-76.46, 3.47], [-76.465, 3.47], [-76.465, 3.465]]]}}, {"type": "Feature", "properties": {"value": 7.8392, "sigma": 7.2235}, "geometry": {"type": "Polygon", "coordinates": [[[-76.46, 3.465], [-76.455, 3.465], [-76.455, 3.47], [-76.46, 3.47], [-76.46, 3.465]]]}}, {"type": "Feature", "properties": {"value": 8.0706, "sigma": 7.2235}, "geometry": {"type": "Polygon", "coordinates": [[[-76.455, 3.465], [-76.45, 3.465], [-76.45, 3.47], [-76.455, 3.47], [-76.455, 3.465]]]}}, {"type": "Feature", "properties": {"value": 8.8627, "sigma": 7.2235}, "geometry": {"type": "Polygon", "coordinates": [[[-76.45, 3.465], [-76.445, 3.465], [-76.445, 3.47], [-76.45, 3.47], [-76.45, 3.465]]]}}, {"type": "Feature", "properties": {"value": 9.5595, "sigma": 7.2235}, "geometry": {"type": "Polygon", "coordinates": [[[-76.445, 3.465], [-76.44, 3.465], [-76.44, 3.47], [-76.445, 3.47], [-76.445, 3.465]]]}}, {"type": "Feature", "properties": {"value": 9.5849, "sigma": 7.2235}, "geometry": {"type": "Polygon", "coordinates": [[[-76.44, 3.465], [-76.435, 3.465], [-76.435, 3.47], [-76.44, 3.47], [-76.44, 3.465]]]}}, {"type": "Feature", "properties": {"value": 9.3454, "sigma": 7.2235}, "geometry": {"type": "Polygon", "coordinates": [[[-76.435, 3.465], [-76.43, 3.465], [-76.43, 3.47], [-76.435, 3.47], [-76.435, 3.465]]]}}, {"type": "Feature", "properties": {"value": 9.1746, "sigma": 7.2235}, "geometry": {"type": "Polygon", "coordinates": [[[-76.43, 3.465], [-76.425, 3.465], [-76.425, 3.47], [-76.43, 3.47], [-76.43, 3.465]]]}}, {"type": "Feature", "properties": {"value": 9.1125, "sigma": 7.2235}, "geometry": {"type": "Polygon", "coordinates": [[[-76.425, 3.465], [-76.42, 3.465], [-76.42, 3.47], [-76.425, 3.47], [-76.425, 3.465]]]}}, {"type": "Feature", "properties": {"value": 9.128, "sigma": 7.2235}, "geometry": {"type": "Polygon", "coordinates": [[[-76.42, 3.465], [-76.415, 3.465], [-76.415, 3.47], [-76.42, 3.47], [-76.42, 3.465]]]}}, {"type": "Feature", "properties": {"value": 9.1822, "sigma": 7.2235}, "geometry": {"type": "Polygon", "coordinates": [[[-76.415, 3.465], [-76.41, 3.465], [-76.41, 3.47], [-76.415, 3.47], [-76.415, 3.465]]]}}, {"type": "Feature", "properties": {"value": 9.2341, "sigma": 7.2235}, "geometry": {"type": "Polygon", "coordinates": [[[-76.41, 3.465], [-76.405, 3.465], [-76.405, 3.47], [-76.41, 3.47], [-76.41, 3.465]]]}}, {"type": "Feature", "properties": {"value": 9.2505, "sigma": 7.2235}, "geometry": {"type": "Polygon", "coordinates": [[[-76.405, 3.465], [-76.4, 3.465], [-76.4, 3.47], [-76.405, 3.47], [-76.405, 3.465]]]}}, {"type": "Feature", "properties": {"value": 9.9281, "sigma": 7.2235}, "geometry": {"type": "Polygon", "coordinates": [[[-76.6, 3.47], [-76.595, 3.47], [-76.595, 3.475], [-76.6, 3.475], [-76.6, 3.47]]]}}, {"type": "Feature", "properties": {"value": 9.9823, "sigma": 7.2235}, "geometry": {"type": "Polygon", "coordinates": [[[-76.595, 3.47], [-76.59, 3.47], [-76.59, 3.475], [-76.595, 3.475], [-76.595, 3.47]]]}}, {"type": "Feature", "properties": {"value": 10.0095, "sigma": 7.2235}, "geometry": {"type": "Polygon", "coordinates": [[[-76.59, 3.47], [-76.585, 3.47], [-76.585, 3.475], [-76.59, 3.475], [-76.59, 3.47]]]}}, {"type": "Feature", "properties": {"value": 10.0021, "sigma": 7.2235}, "geometry": {"type": "Polygon", "coordinates": [[[-76.585, 3.47], [-76.58, 3.47], [-76.58, 3.475], [-76.585, 3.475], [-76.585, 3.47]]]}}, {"type": "Feature", "properties": {"value": 9.9548, "sigma": 7.2235}, "geometry": {"type": "Polygon", "coordinates": [[[-76.58, 3.47], [-76.575, 3.47], [-76.575, 3.475], [-76.58, 3.475], [-76.58, 3.47]]]}}, {"type": "Feature", "properties": {"value": 9.8669, "sigma": 7.2235}, "geometry": {"type": "Polygon", "coordinates": [[[-76.575, 3.47], [-76.57, 3.47], [-76.57, 3.475], [-76.575, 3.475], [-76.575, 3.47]]]}}, {"type": "Feature", "properties": {"value": 9.7431, "sigma": 7.2235}, "geometry": {"type": "Polygon", "coordinates": [[[-76.57, 3.47], [-76.565, 3.47], [-76.565, 3.475], [-76.57, 3.475], [-76.57, 3.47]]]}}, {"type": "Feature", "properties": {"value": 9.5934, "sigma": 7.2235}, "geometry": {"type": "Polygon", "coordinates": [[[-76.565, 3.47], [-76.56, 3.47], [-76.56, 3.475], [-76.565, 3.475], [-76.565, 3.47]]]}}, {"type": "Feature", "properties": {"value": 9.4312, "sigma": 7.2235}, "geometry": {"type": "Polygon", "coordinates": [[[-76.56, 3.47], [-76.555, 3.47], [-76.555, 3.475], [-76.56, 3.475], [-76.56, 3.47]]]}}, {"type": "Feature", "properties": {"value": 9.2705, "sigma": 7.2235}, "geometry": {"type": "Polygon", "coordinates": [[[-76.555, 3.47], [-76.55, 3.47], [-76.55, 3.475], [-76.555, 3.475], [-76.555, 3.47]]]}}, {"type": "Feature", "properties": {"value": 9.1237, "sigma": 7.2235}, "geometry": {"type": "Polygon", "coordinates": [[[-76.55, 3.47], [-76.545, 3.47], [-76.545, 3.475], [-76.55, 3.475], [-76.55, 3.47]]]}}, {"type": "Feature", "properties": {"value": 9.0002, "sigma": 7.2235}, "geometry": {"type": "Polygon", "coordinates": [[[-76.545, 3.47], [-76.54, 3.47], [-76.54, 3.475], [-76.545, 3.475], [-76.545, 3.47]]]}}, {"type": "Feature", "properties": {"value": 8.9057, "sigma": 7.2235}, "geometry": {"type": "Polygon", "coordinates": [[[-76.54, 3.47], [-76.535, 3.47], [-76.535, 3.475], [-76.54, 3.475], [-76.54, 3.47]]]}}, {"type": "Feature", "properties": {"value": 8.8425, "sigma": 7.2235}, "geometry": {"type": "Polygon", "coordinates": [[[-76.535, 3.47], [-76.53, 3.47], [-76.53, 3.475], [-76.535, 3.475], [-76.535, 3.47]]]}}, {"type": "Feature", "properties": {"value": 8.8098, "sigma": 7.2235}, "geometry": {"type": "Polygon", "coordinates": [[[-76.53, 3.47], [-76.525, 3.47], [-76.525, 3.475], [-76.53, 3.475], [-76.53, 3.47]]]}}, {"type": "Feature", "properties": {"value": 8.8047, "sigma": 7.2235}, "geometry": {"type": "Polygon", "coordinates": [[[-76.525, 3.47], [-76.52, 3.47], [-76.52, 3.475], [-76.525, 3.475], [-76.525, 3.47]]]}}, {"type": "Feature", "properties": {"value": 8.8231, "sigma": 7.2235}, "geometry": {"type": "Polygon", "coordinates": [[[-76.52, 3.47], [-76.515, 3.47], [-76.515, 3.475], [-76.52, 3.475], [-76.52, 3.47]]]}}, {"type": "Feature", "properties": {"value": 8.8628, "sigma": 7.2235}, "geometry": {"type": "Polygon", "coordinates": [[[-76.515, 3.47], [-76.51, 3.47], [-76.51, 3.475], [-76.515, 3.475], [-76.515, 3.47]]]}}, {"type": "Feature", "properties": {"value": 8.9245, "sigma": 7.2235}, "geometry": {"type": "Polygon", "coordinates": [[[-76.51, 3.47], [-76.505, 3.47], [-76.505, 3.475], [-76.51, 3.475], [-76.51, 3.47]]]}}, {"type": "Feature", "properties": {"value": 9.0118, "sigma": 7.2235}, "geometry": {"type": "Polygon", "coordinates": [[[-76.505, 3.47], [-76.5, 3.47], [-76.5, 3.475], [-76.505, 3.475], [-76.505, 3.47]]]}}, {"type": "Feature", "properties": {"value": 9.1254, "sigma": 7.2235}, "geometry": {"type": "Polygon", "coordinates": [[[-76.5, 3.47], [-76.495, 3.47], [-76.495, 3.475], [-76.5, 3.475], [-76.5, 3.47]]]}}, {"type": "Feature", "properties": {"value": 9.2455, "sigma": 7.2235}, "geometry": {"type": "Polygon", "coordinates": [[[-76.495, 3.47], [-76.49, 3.47], [-76.49, 3.475], [-76.495, 3.475], [-76.495, 3.47]]]}}, {"type": "Feature", "properties": {"value": 9.3139, "sigma": 7.2235}, "geometry": {"type": "Polygon", "coordinates": [[[-76.49, 3.47], [-76.485, 3.47], [-76.485, 3.475], [-76.49, 3.475], [-76.49, 3.47]]]}}, {"type": "Feature", "properties": {"value": 9.2667, "sigma": 7.2235}, "geometry": {"type": "Polygon", "coordinates": [[[-76.485, 3.47], [-76.48, 3.47], [-76.48, 3.475], [-76.485, 3.475], [-76.485, 3.47]]]}}, {"type": "Feature", "properties": {"value": 9.1137, "sigma": 7.2235}, "geometry": {"type": "Polygon", "coordinates": [[[-76.48, 3.47], [-76.475, 3.47], [-76.475, 3.475], [-76.48, 3.475], [-76.48, 3.47]]]}}, {"type": "Feature", "properties": {"value": 8.9166, "sigma": 7.2235}, "geometry": {"type": "Polygon", "coordinates": [[[-76.475, 3.47], [-76.47, 3.47], [-76.47, 3.475], [-76.475, 3.475], [-76.475, 3.47]]]}}, {"type": "Feature", "properties": {"value": 8.7183, "sigma": 7.2235}, "geometry": {"type": "Polygon", "coordinates": [[[-76.47, 3.47], [-76.465, 3.47], [-76.465, 3.475], [-76.47, 3.475], [-76.47, 3.47]]]}}, {"type": "Feature", "properties": {"value": 8.5596, "sigma": 7.2235}, "geometry": {"type": "Polygon", "coordinates": [[[-76.465, 3.47], [-76.46, 3.47], [-76.46, 3.475], [-76.465, 3.475], [-76.465, 3.47]]]}}, {"type": "Feature", "properties": {"value": 8.5364, "sigma": 7.2235}, "geometry": {"type": "Polygon", "coordinates": [[[-76.46, 3.47], [-76.455, 3.47], [-76.455, 3.475], [-76.46, 3.475], [-76.46, 3.47]]]}}, {"type": "Feature", "properties": {"value": 8.7954, "sigma": 7.2235}, "geometry": {"type": "Polygon", "coordinates": [[[-76.455, 3.47], [-76.45, 3.47], [-76.45, 3.475], [-76.455, 3.475], [-76.455, 3.47]]]}}, {"type": "Feature", "properties": {"value": 9.3681, "sigma": 7.2235}, "geometry": {"type": "Polygon", "coordinates": [[[-76.45, 3.47], [-76.445, 3.47], [-76.445, 3.475], [-76.45, 3.475], [-76.45, 3.47]]]}}, {"type": "Feature", "properties": {"value": 9.8506, "sigma": 7.2235}, "geometry": {"type": "Polygon", "coordinates": [[[-76.445, 3.47], [-76.44, 3.47], [-76.44, 3.475], [-76.445, 3.475], [-76.445, 3.47]]]}}, {"type": "Feature", "properties": {"value": 9.7948, "sigma": 7.2235}, "geometry": {"type": "Polygon", "coordinates": [[[-76.44, 3.47], [-76.435, 3.47], [-76.435, 3.475], [-76.44, 3.475], [-76.44, 3.47]]]}}, {"type": "Feature", "properties": {"value": 9.5132, "sigma": 7.2235}, "geometry": {"type": "Polygon", "coordinates": [[[-76.435, 3.47], [-76.43, 3.47], [-76.43, 3.475], [-76.435, 3.475], [-76.435, 3.47]]]}}, {"type": "Feature", "properties": {"value": 9.3292, "sigma": 7.2235}, "geometry": {"type": "Polygon", "coordinates": [[[-76.43, 3.47], [-76.425, 3.47], [-76.425, 3.475], [-76.43, 3.475], [-76.43, 3.47]]]}}, {"type": "Feature", "properties": {"value": 9.2861, "sigma": 7.2235}, "geometry": {"type": "Polygon", "coordinates": [[[-76.425, 3.47], [-76.42, 3.47], [-76.42, 3.475], [-76.425, 3.475], [-76.425, 3.47]]]}}, {"type": "Feature", "properties": {"value": 9.3491, "sigma": 7.2235}, "geometry": {"type": "Polygon", "coordinates": [[[-76.42, 3.47], [-76.415, 3.47], [-76.415, 3.475], [-76.42, 3.475], [-76.42, 3.47]]]}}, {"type": "Feature", "properties": {"value": 9.4649, "sigma": 7.2235}, "geometry": {"type": "Polygon", "coordinates": [[[-76.415, 3.47], [-76.41, 3.47], [-76.41, 3.475], [-76.415, 3.475], [-76.415, 3.47]]]}}, {"type": "Feature", "properties": {"value": 9.5656, "sigma": 7.2235}, "geometry": {"type": "Polygon", "coordinates": [[[-76.41, 3.47], [-76.405, 3.47], [-76.405, 3.475], [-76.41, 3.475], [-76.41, 3.47]]]}}, {"type": "Feature", "properties": {"value": 9.5939, "sigma": 7.2235}, "geometry": {"type": "Polygon", "coordinates": [[[-76.405, 3.47], [-76.4, 3.47], [-76.4, 3.475], [-76.405, 3.475], [-76.405, 3.47]]]}}, {"type": "Feature", "properties": {"value": 10.2373, "sigma": 7.2235}, "geometry": {"type": "Polygon", "coordinates": [[[-76.6, 3.475], [-76.595, 3.475], [-76.595, 3.48], [-76.6, 3.48], [-76.6, 3.475]]]}}, {"type": "Feature", "properties": {"value": 10.3254, "sigma": 7.2235}, "geometry": {"type": "Polygon", "coordinates": [[[-76.595, 3.475], [-76.59, 3.475], [-76.59, 3.48], [-76.595, 3.48], [-76.595, 3.475]]]}}, {"type": "Feature", "properties": {"value": 10.3813, "sigma": 7.2235}, "geometry": {"type": "Polygon", "coordinates": [[[-76.59, 3.475], [-76.585, 3.475], [-76.585, 3.48], [-76.59, 3.48], [-76.59, 3.475]]]}}, {"type": "Feature", "properties": {"value": 10.3922, "sigma": 7.2235}, "geometry": {"type": "Polygon", "coordinates": [[[-76.585, 3.475], [-76.58, 3.475], [-76.58, 3.48], [-76.585, 3.48], [-76.585, 3.475]]]}}, {"type": "Feature", "properties": {"value": 10.3479, "sigma": 7.2235}, "geometry": {"type": "Polygon", "coordinates": [[[-76.58, 3.475], [-76.575, 3.475], [-76.575, 3.48], [-76.58, 3.48], [-76.58, 3.475]]]}}, {"type": "Feature", "properties": {"value": 10.2441, "sigma": 7.2235}, "geometry": {"type": "Polygon", "coordinates": [[[-76.575, 3.475], [-76.57, 3.475], [-76.57, 3.48], [-76.575, 3.48], [-76.575, 3.475]]]}}, {"type": "Feature", "properties": {"value": 10.0853, "sigma": 7.2235}, "geometry": {"type": "Polygon", "coordinates": [[[-76.57, 3.475], [-76.565, 3.475], [-76.565, 3.48], [-76.57, 3.48], [-76.57, 3.475]]]}}, {"type": "Feature", "properties": {"value": 9.8847, "sigma": 7.2235}, "geometry": {"type": "Polygon", "coordinates": [[[-76.565, 3.475], [-76.56, 3.475], [-76.56, 3.48], [-76.565, 3.48], [-76.565, 3.475]]]}}, {"type": "Feature", "properties": {"value": 9.6614, "sigma": 7.2235}, "geometry": {"type": "Polygon", "coordinates": [[[-76.56, 3.475], [-76.555, 3.475], [-76.555, 3.48], [-76.56, 3.48], [-76.56, 3.475]]]}}, {"type": "Feature", "properties": {"value": 9.4355, "sigma": 7.2235}, "geometry": {"type": "Polygon", "coordinates": [[[-76.555, 3.475], [-76.55, 3.475], [-76.55, 3.48], [-76.555, 3.48], [-76.555, 3.475]]]}}, {"type": "Feature", "properties": {"value": 9.2251, "sigma": 7.2235}, "geometry": {"type": "Polygon", "coordinates": [[[-76.55, 3.475], [-76.545, 3.475], [-76.545, 3.48], [-76.55, 3.48], [-76.55, 3.475]]]}}, {"type": "Feature", "properties": {"value": 9.0437, "sigma": 7.2235}, "geometry": {"type": "Polygon", "coordinates": [[[-76.545, 3.475], [-76.54, 3.475], [-76.54, 3.48], [-76.545, 3.48], [-76.545, 3.475]]]}}, {"type": "Feature", "properties": {"value": 8.9002, "sigma": 7.2235}, "geometry": {"type": "Polygon", "coordinates": [[[-76.54, 3.475], [-76.535, 3.475], [-76.535, 3.48], [-76.54, 3.48], [-76.54, 3.475]]]}}, {"type": "Feature", "properties": {"value": 8.7994, "sigma": 7.2235}, "geometry": {"type": "Polygon", "coordinates": [[[-76.535, 3.475], [-76.53, 3.475], [-76.53, 3.48], [-76.535, 3.48], [-76.535, 3.475]]]}}, {"type": "Feature", "properties": {"value": 8.7422, "sigma": 7.2235}, "geometry": {"type": "Polygon", "coordinates": [[[-76.53, 3.475], [-76.525, 3.475], [-76.525, 3.48], [-76.53, 3.48], [-76.53, 3.475]]]}}, {"type": "Feature", "properties": {"value": 8.7257, "sigma": 7.2235}, "geometry": {"type": "Polygon", "coordinates": [[[-76.525, 3.475], [-76.52, 3.475], [-76.52, 3.48], [-76.525, 3.48], [-76.525, 3.475]]]}}, {"type": "Feature", "properties": {"value": 8.7438, "sigma": 7.2235}, "geometry": {"type": "Polygon", "coordinates": [[[-76.52, 3.475], [-76.515, 3.475], [-76.515, 3.48], [-76.52, 3.48], [-76.52, 3.475]]]}}, {"type": "Feature", "properties": {"value": 8.7896, "sigma": 7.2235}, "geometry": {"type": "Polygon", "coordinates": [[[-76.515, 3.475], [-76.51, 3.475], [-76.51, 3.48], [-76.515, 3.48], [-76.515, 3.475]]]}}, {"type": "Feature", "properties": {"value": 8.8572, "sigma": 7.2235}, "geometry": {"type": "Polygon", "coordinates": [[[-76.51, 3.475], [-76.505, 3.475], [-76.505, 3.48], [-76.51, 3.48], [-76.51, 3.475]]]}}, {"type": "Feature", "properties": {"value": 8.9415, "sigma": 7.2235}, "geometry": {"type": "Polygon", "coordinates": [[[-76.505, 3.475], [-76.5, 3.475], [-76.5, 3.48], [-76.505, 3.48], [-76.505, 3.475]]]}}, {"type": "Feature", "properties": {"value": 9.0346, "sigma": 7.2235}, "geometry": {"type": "Polygon", "coordinates": [[[-76.5, 3.475], [-76.495, 3.475], [-76.495, 3.48], [-76.5, 3.48], [-76.5, 3.475]]]}}, {"type": "Feature", "properties": {"value": 9.1194, "sigma": 7.2235}, "geometry": {"type": "Polygon", "coordinates": [[[-76.495, 3.475], [-76.49, 3.475], [-76.49, 3.48], [-76.495, 3.48], [-76.495, 3.475]]]}}, {"type": "Feature", "properties": {"value": 9.1698, "sigma": 7.2235}, "geometry": {"type": "Polygon", "coordinates": [[[-76.49, 3.475], [-76.485, 3.475], [-76.485, 3.48], [-76.49, 3.48], [-76.49, 3.475]]]}}, {"type": "Feature", "properties": {"value": 9.1689, "sigma": 7.2235}, "geometry": {"type": "Polygon", "coordinates": [[[-76.485, 3.475], [-76.48, 3.475], [-76.48, 3.48], [-76.485, 3.48], [-76.485, 3.475]]]}}, {"type": "Feature", "properties": {"value": 9.1283, "sigma": 7.2235}, "geometry": {"type": "Polygon", "coordinates": [[[-76.48, 3.475], [-76.475, 3.475], [-76.475, 3.48], [-76.48, 3.48], [-76.48, 3.475]]]}}, {"type": "Feature", "properties": {"value": 9.0748, "sigma": 7.2235}, "geometry": {"type": "Polygon", "coordinates": [[[-76.475, 3.475], [-76.47, 3.475], [-76.47, 3.48], [-76.475, 3.48], [-76.475, 3.475]]]}}, {"type": "Feature", "properties": {"value": 9.0262, "sigma": 7.2235}, "geometry": {"type": "Polygon", "coordinates": [[[-76.47, 3.475], [-76.465, 3.475], [-76.465, 3.48], [-76.47, 3.48], [-76.47, 3.475]]]}}, {"type": "Feature", "properties": {"value": 8.9969, "sigma": 7.2235}, "geometry": {"type": "Polygon", "coordinates": [[[-76.465, 3.475], [-76.46, 3.475], [-76.46, 3.48], [-76.465, 3.48], [-76.465, 3.475]]]}}, {"type": "Feature", "properties": {"value": 9.0229, "sigma": 7.2235}, "geometry": {"type": "Polygon", "coordinates": [[[-76.46, 3.475], [-76.455, 3.475], [-76.455, 3.48], [-76.46, 3.48], [-76.46, 3.475]]]}}, {"type": "Feature", "properties": {"value": 9.1622, "sigma": 7.2235}, "geometry": {"type": "Polygon", "coordinates": [[[-76.455, 3.475], [-76.45, 3.475], [-76.45, 3.48], [-76.455, 3.48], [-76.455, 3.475]]]}}, {"type": "Feature", "properties": {"value": 9.4258, "sigma": 7.2235}, "geometry": {"type": "Polygon", "coordinates": [[[-76.45, 3.475], [-76.445, 3.475], [-76.445, 3.48], [-76.45, 3.48], [-76.45, 3.475]]]}}, {"type": "Feature", "properties": {"value": 9.6551, "sigma": 7.2235}, "geometry": {"type": "Polygon", "coordinates": [[[-76.445, 3.475], [-76.44, 3.475], [-76.44, 3.48], [-76.445, 3.48], [-76.445, 3.475]]]}}, {"type": "Feature", "properties": {"value": 9.6526, "sigma": 7.2235}, "geometry": {"type": "Polygon", "coordinates": [[[-76.44, 3.475], [-76.435, 3.475], [-76.435, 3.48], [-76.44, 3.48], [-76.44, 3.475]]]}}, {"type": "Feature", "properties": {"value": 9.5128, "sigma": 7.2235}, "geometry": {"type": "Polygon", "coordinates": [[[-76.435, 3.475], [-76.43, 3.475], [-76.43, 3.48], [-76.435, 3.48], [-76.435, 3.475]]]}}, {"type": "Feature", "properties": {"value": 9.4201, "sigma": 7.2235}, "geometry": {"type": "Polygon", "coordinates": [[[-76.43, 3.475], [-76.425, 3.475], [-76.425, 3.48], [-76.43, 3.48], [-76.43, 3.475]]]}}, {"type": "Feature", "properties": {"value": 9.447, "sigma": 7.2235}, "geometry": {"type": "Polygon", "coordinates": [[[-76.425, 3.475], [-76.42, 3.475], [-76.42, 3.48], [-76.425, 3.48], [-76.425, 3.475]]]}}, {"type": "Feature", "properties": {"value": 9.5932, "sigma": 7.2235}, "geometry": {"type": "Polygon", "coordinates": [[[-76.42, 3.475], [-76.415, 3.475], [-76.415, 3.48], [-76.42, 3.48], [-76.42, 3.475]]]}}, {"type": "Feature", "properties": {"value": 9.8044, "sigma": 7.2235}, "geometry": {"type": "Polygon", "coordinates": [[[-76.415, 3.475], [-76.41, 3.475], [-76.41, 3.48], [-76.415, 3.48], [-76.415, 3.475]]]}}, {"type": "Feature", "properties": {"value": 9.9738, "sigma": 7.2235}, "geometry": {"type": "Polygon", "coordinates": [[[-76.41, 3.475], [-76.405, 3.475], [-76.405, 3.48], [-76.41, 3.48], [-76.41, 3.475]]]}}, {"type": "Feature", "properties": {"value": 10.0068, "sigma": 7.2235}, "geometry": {"type": "Polygon", "coordinates": [[[-76.405, 3.475], [-76.4, 3.475], [-76.4, 3.48], [-76.405, 3.48], [-76.405, 3.475]]]}}, {"type": "Feature", "properties": {"value": 10.5769, "sigma": 7.2235}, "geometry": {"type": "Polygon", "coordinates": [[[-76.6, 3.48], [-76.595, 3.48], [-76.595, 3.485], [-76.6, 3.485], [-76.6, 3.48]]]}}, {"type": "Feature", "properties": {"value": 10.7106, "sigma": 7.2235}, "geometry": {"type": "Polygon", "coordinates": [[[-76.595, 3.48], [-76.59, 3.48], [-76.59, 3.485], [-76.595, 3.485], [-76.595, 3.48]]]}}, {"type": "Feature", "properties": {"value": 10.8078, "sigma": 7.2235}, "geometry": {"type": "Polygon", "coordinates": [[[-76.59, 3.48], [-76.585, 3.48], [-76.585, 3.485], [-76.59, 3.485], [-76.59, 3.48]]]}}, {"type": "Feature", "properties": {"value": 10.849, "sigma": 7.2235}, "geometry": {"type": "Polygon", "coordinates": [[[-76.585, 3.48], [-76.58, 3.48], [-76.58, 3.485], [-76.585, 3.485], [-76.585, 3.48]]]}}, {"type": "Feature", "properties": {"value": 10.8159, "sigma": 7.2235}, "geometry": {"type": "Polygon", "coordinates": [[[-76.58, 3.48], [-76.575, 3.48], [-76.575, 3.485], [-76.58, 3.485], [-76.58, 3.48]]]}}, {"type": "Feature", "properties": {"value": 10.6982, "sigma": 7.2235}, "geometry": {"type": "Polygon", "coordinates": [[[-76.575, 3.48], [-76.57, 3.48], [-76.57, 3.485], [-76.575, 3.485], [-76.575, 3.48]]]}}, {"type": "Feature", "properties": {"value": 10.4986, "sigma": 7.2235}, "geometry": {"type": "Polygon", "coordinates": [[[-76.57, 3.48], [-76.565, 3.48], [-76.565, 3.485], [-76.57, 3.485], [-76.57, 3.48]]]}}, {"type": "Feature", "properties": {"value": 10.2341, "sigma": 7.2235}, "geometry": {"type": "Polygon", "coordinates": [[[-76.565, 3.48], [-76.56, 3.48], [-76.56, 3.485], [-76.565, 3.485], [-76.565, 3.48]]]}}, {"type": "Feature", "properties": {"value": 9.9313, "sigma": 7.2235}, "geometry": {"type": "Polygon", "coordinates": [[[-76.56, 3.48], [-76.555, 3.48], [-76.555, 3.485], [-76.56, 3.485], [-76.56, 3.48]]]}}, {"type": "Feature", "properties": {"value": 9.6197, "sigma": 7.2235}, "geometry": {"type": "Polygon", "coordinates": [[[-76.555, 3.48], [-76.55, 3.48], [-76.55, 3.485], [-76.555, 3.485], [-76.555, 3.48]]]}}, {"type": "Feature", "properties": {"value": 9.3246, "sigma": 7.2235}, "geometry": {"type": "Polygon", "coordinates": [[[-76.55, 3.48], [-76.545, 3.48], [-76.545, 3.485], [-76.55, 3.485], [-76.55, 3.48]]]}}, {"type": "Feature", "properties": {"value": 9.0655, "sigma": 7.2235}, "geometry": {"type": "Polygon", "coordinates": [[[-76.545, 3.48], [-76.54, 3.48], [-76.54, 3.485], [-76.545, 3.485], [-76.545, 3.48]]]}}, {"type": "Feature", "properties": {"value": 8.856, "sigma": 7.2235}, "geometry": {"type": "Polygon", "coordinates": [[[-76.54, 3.48], [-76.535, 3.48], [-76.535, 3.485], [-76.54, 3.485], [-76.54, 3.48]]]}}, {"type": "Feature", "properties": {"value": 8.7056, "sigma": 7.2235}, "geometry": {"type": "Polygon", "coordinates": [[[-76.535, 3.48], [-76.53, 3.48], [-76.53, 3.485], [-76.535, 3.485], [-76.535, 3.48]]]}}, {"type": "Feature", "properties": {"value": 8.6189, "sigma": 7.2235}, "geometry": {"type": "Polygon", "coordinates": [[[-76.53, 3.48], [-76.525, 3.48], [-76.525, 3.485], [-76.53, 3.485], [-76.53, 3.48]]]}}, {"type": "Feature", "properties": {"value": 8.5936, "sigma": 7.2235}, "geometry": {"type": "Polygon", "coordinates": [[[-76.525, 3.48], [-76.52, 3.48], [-76.52, 3.485], [-76.525, 3.485], [-76.525, 3.48]]]}}, {"type": "Feature", "properties": {"value": 8.6197, "sigma": 7.2235}, "geometry": {"type": "Polygon", "coordinates": [[[-76.52, 3.48], [-76.515, 3.48], [-76.515, 3.485], [-76.52, 3.485], [-76.52, 3.48]]]}}, {"type": "Feature", "properties": {"value": 8.6825, "sigma": 7.2235}, "geometry": {"type": "Polygon", "coordinates": [[[-76.515, 3.48], [-76.51, 3.48], [-76.51, 3.485], [-76.515, 3.485], [-76.515, 3.48]]]}}, {"type": "Feature", "properties": {"value": 8.7677, "sigma": 7.2235}, "geometry": {"type": "Polygon", "coordinates": [[[-76.51, 3.48], [-76.505, 3.48], [-76.505, 3.485], [-76.51, 3.485], [-76.51, 3.48]]]}}, {"type": "Feature", "properties": {"value": 8.8639, "sigma": 7.2235}, "geometry": {"type": "Polygon", "coordinates": [[[-76.505, 3.48], [-76.5, 3.48], [-76.5, 3.485], [-76.505, 3.485], [-76.505, 3.48]]]}}, {"type": "Feature", "properties": {"value": 8.9613, "sigma": 7.2235}, "geometry": {"type": "Polygon", "coordinates": [[[-76.5, 3.48], [-76.495, 3.48], [-76.495, 3.485], [-76.5, 3.485], [-76.5, 3.48]]]}}, {"type": "Feature", "properties": {"value": 9.0503, "sigma": 7.2235}, "geometry": {"type": "Polygon", "coordinates": [[[-76.495, 3.48], [-76.49, 3.48], [-76.49, 3.485], [-76.495, 3.485], [-76.495, 3.48]]]}}, {"type": "Feature", "properties": {"value": 9.1236, "sigma": 7.2235}, "geometry": {"type": "Polygon", "coordinates": [[[-76.49, 3.48], [-76.485, 3.48], [-76.485, 3.485], [-76.49, 3.485], [-76.49, 3.48]]]}}, {"type": "Feature", "properties": {"value": 9.1834, "sigma": 7.2235}, "geometry": {"type": "Polygon", "coordinates": [[[-76.485, 3.48], [-76.48, 3.48], [-76.48, 3.485], [-76.485, 3.485], [-76.485, 3.48]]]}}, {"type": "Feature", "properties": {"value": 9.2436, "sigma": 7.2235}, "geometry": {"type": "Polygon", "coordinates": [[[-76.48, 3.48], [-76.475, 3.48], [-76.475, 3.485], [-76.48, 3.485], [-76.48, 3.48]]]}}, {"type": "Feature", "properties": {"value": 9.3183, "sigma": 7.2235}, "geometry": {"type": "Polygon", "coordinates": [[[-76.475, 3.48], [-76.47, 3.48], [-76.47, 3.485], [-76.475, 3.485], [-76.475, 3.48]]]}}, {"type": "Feature", "properties": {"value": 9.4035, "sigma": 7.2235}, "geometry": {"type": "Polygon", "coordinates": [[[-76.47, 3.48], [-76.465, 3.48], [-76.465, 3.485], [-76.47, 3.485], [-76.47, 3.48]]]}}, {"type": "Feature", "properties": {"value": 9.473, "sigma": 7.2235}, "geometry": {"type": "Polygon", "coordinates": [[[-76.465, 3.48], [-76.46, 3.48], [-76.46, 3.485], [-76.465, 3.485], [-76.465, 3.48]]]}}, {"type": "Feature", "properties": {"value": 9.5016, "sigma": 7.2235}, "geometry": {"type": "Polygon", "coordinates": [[[-76.46, 3.48], [-76.455, 3.48], [-76.455, 3.485], [-76.46, 3.485], [-76.46, 3.48]]]}}, {"type": "Feature", "properties": {"value": 9.5043, "sigma": 7.2235}, "geometry": {"type": "Polygon", "coordinates": [[[-76.455, 3.48], [-76.45, 3.48], [-76.45, 3.485], [-76.455, 3.485], [-76.455, 3.48]]]}}, {"type": "Feature", "properties": {"value": 9.5251, "sigma": 7.2235}, "geometry": {"type": "Polygon", "coordinates": [[[-76.45, 3.48], [-76.445, 3.48], [-76.445, 3.485], [-76.45, 3.485], [-76.45, 3.48]]]}}, {"type": "Feature", "properties": {"value": 9.5589, "sigma": 7.2235}, "geometry": {"type": "Polygon", "coordinates": [[[-76.445, 3.48], [-76.44, 3.48], [-76.44, 3.485], [-76.445, 3.485], [-76.445, 3.48]]]}}, {"type": "Feature", "properties": {"value": 9.5503, "sigma": 7.2235}, "geometry": {"type": "Polygon", "coordinates": [[[-76.44, 3.48], [-76.435, 3.48], [-76.435, 3.485], [-76.44, 3.485], [-76.44, 3.48]]]}}, {"type": "Feature", "properties": {"value": 9.506, "sigma": 7.2235}, "geometry": {"type": "Polygon", "coordinates": [[[-76.435, 3.48], [-76.43, 3.48], [-76.43, 3.485], [-76.435, 3.485], [-76.435, 3.48]]]}}, {"type": "Feature", "properties": {"value": 9.5009, "sigma": 7.2235}, "geometry": {"type": "Polygon", "coordinates": [[[-76.43, 3.48], [-76.425, 3.48], [-76.425, 3.485], [-76.43, 3.485], [-76.43, 3.48]]]}}, {"type": "Feature", "properties": {"value": 9.6042, "sigma": 7.2235}, "geometry": {"type": "Polygon", "coordinates": [[[-76.425, 3.48], [-76.42, 3.48], [-76.42, 3.485], [-76.425, 3.485], [-76.425, 3.48]]]}}, {"type": "Feature", "properties": {"value": 9.8432, "sigma": 7.2235}, "geometry": {"type": "Polygon", "coordinates": [[[-76.42, 3.48], [-76.415, 3.48], [-76.415, 3.485], [-76.42, 3.485], [-76.42, 3.48]]]}}, {"type": "Feature", "properties": {"value": 10.1635, "sigma": 7.2235}, "geometry": {"type": "Polygon", "coordinates": [[[-76.415, 3.48], [-76.41, 3.48], [-76.41, 3.485], [-76.415, 3.485], [-76.415, 3.48]]]}}, {"type": "Feature", "properties": {"value": 10.407, "sigma": 7.2235}, "geometry": {"type": "Polygon", "coordinates": [[[-76.41, 3.48], [-76.405, 3.48], [-76.405, 3.485], [-76.41, 3.485], [-76.41, 3.48]]]}}, {"type": "Feature", "properties": {"value": 10.4296, "sigma": 7.2235}, "geometry": {"type": "Polygon", "coordinates": [[[-76.405, 3.48], [-76.4, 3.48], [-76.4, 3.485], [-76.405, 3.485], [-76.405, 3.48]]]}}, {"type": "Feature", "properties": {"value": 10.9352, "sigma": 7.2235}, "geometry": {"type": "Polygon", "coordinates": [[[-76.6, 3.485], [-76.595, 3.485], [-76.595, 3.49], [-76.6, 3.49], [-76.6, 3.485]]]}}, {"type": "Feature", "properties": {"value": 11.1259, "sigma": 7.2235}, "geometry": {"type": "Polygon", "coordinates": [[[-76.595, 3.485], [-76.59, 3.485], [-76.59, 3.49], [-76.595, 3.49], [-76.595, 3.485]]]}}, {"type": "Feature", "properties": {"value": 11.2786, "sigma": 7.2235}, "geometry": {"type": "Polygon", "coordinates": [[[-76.59, 3.485], [-76.585, 3.485], [-76.585, 3.49], [-76.59, 3.49], [-76.59, 3.485]]]}}, {"type": "Feature", "properties": {"value": 11.3645, "sigma": 7.2235}, "geometry": {"type": "Polygon", "coordinates": [[[-76.585, 3.485], [-76.58, 3.485], [-76.58, 3.49], [-76.585, 3.49], [-76.585, 3.485]]]}}, {"type": "Feature", "properties": {"value": 11.3546, "sigma": 7.2235}, "geometry": {"type": "Polygon", "coordinates": [[[-76.58, 3.485], [-76.575, 3.485], [-76.575, 3.49], [-76.58, 3.49], [-76.58, 3.485]]]}}, {"type": "Feature", "properties": {"value": 11.2284, "sigma": 7.2235}, "geometry": {"type": "Polygon", "coordinates": [[[-76.575, 3.485], [-76.57, 3.485], [-76.57, 3.49], [-76.575, 3.49], [-76.575, 3.485]]]}}, {"type": "Feature", "properties": {"value": 10.984, "sigma": 7.2235}, "geometry": {"type": "Polygon", "coordinates": [[[-76.57, 3.485], [-76.565, 3.485], [-76.565, 3.49], [-76.57, 3.49], [-76.57, 3.485]]]}}, {"type": "Feature", "properties": {"value": 10.6421, "sigma": 7.2235}, "geometry": {"type": "Polygon", "coordinates": [[[-76.565, 3.485], [-76.56, 3.485], [-76.56, 3.49], [-76.565, 3.49], [-76.565, 3.485]]]}}, {"type": "Feature", "properties": {"value": 10.2396, "sigma": 7.2235}, "geometry": {"type": "Polygon", "coordinates": [[[-76.56, 3.485], [-76.555, 3.485], [-76.555, 3.49], [-76.56, 3.49], [-76.56, 3.485]]]}}, {"type": "Feature", "properties": {"value": 9.8175, "sigma": 7.2235}, "geometry": {"type": "Polygon", "coordinates": [[[-76.555, 3.485], [-76.55, 3.485], [-76.55, 3.49], [-76.555, 3.49], [-76.555, 3.485]]]}}, {"type": "Feature", "properties": {"value": 9.411, "sigma": 7.2235}, "geometry": {"type": "Polygon", "coordinates": [[[-76.55, 3.485], [-76.545, 3.485], [-76.545, 3.49], [-76.55, 3.49], [-76.55, 3.485]]]}}, {"type": "Feature", "properties": {"value": 9.0467, "sigma": 7.2235}, "geometry": {"type": "Polygon", "coordinates": [[[-76.545, 3.485], [-76.54, 3.485], [-76.54, 3.49], [-76.545, 3.49], [-76.545, 3.485]]]}}, {"type": "Feature", "properties": {"value": 8.7453, "sigma": 7.2235}, "geometry": {"type": "Polygon", "coordinates": [[[-76.54, 3.485], [-76.535, 3.485], [-76.535, 3.49], [-76.54, 3.49], [-76.54, 3.485]]]}}, {"type": "Feature", "properties": {"value": 8.5253, "sigma": 7.2235}, "geometry": {"type": "Polygon", "coordinates": [[[-76.535, 3.485], [-76.53, 3.485], [-76.53, 3.49], [-76.535, 3.49], [-76.535, 3.485]]]}}, {"type": "Feature", "properties": {"value": 8.4008, "sigma": 7.2235}, "geometry": {"type": "Polygon", "coordinates": [[[-76.53, 3.485], [-76.525, 3.485], [-76.525, 3.49], [-76.53, 3.49], [-76.53, 3.485]]]}}, {"type": "Feature", "properties": {"value": 8.3727, "sigma": 7.2235}, "geometry": {"type": "Polygon", "coordinates": [[[-76.525, 3.485], [-76.52, 3.485], [-76.52, 3.49], [-76.525, 3.49], [-76.525, 3.485]]]}}, {"type": "Feature", "properties": {"value": 8.4237, "sigma": 7.2235}, "geometry": {"type": "Polygon", "coordinates": [[[-76.52, 3.485], [-76.515, 3.485], [-76.515, 3.49], [-76.52, 3.49], [-76.52, 3.485]]]}}, {"type": "Feature", "properties": {"value": 8.5247, "sigma": 7.2235}, "geometry": {"type": "Polygon", "coordinates": [[[-76.515, 3.485], [-76.51, 3.485], [-76.51, 3.49], [-76.515, 3.49], [-76.515, 3.485]]]}}, {"type": "Feature", "properties": {"value": 8.6484, "sigma": 7.2235}, "geometry": {"type": "Polygon", "coordinates": [[[-76.51, 3.485], [-76.505, 3.485], [-76.505, 3.49], [-76.51, 3.49], [-76.51, 3.485]]]}}, {"type": "Feature", "properties": {"value": 8.7769, "sigma": 7.2235}, "geometry": {"type": "Polygon", "coordinates": [[[-76.505, 3.485], [-76.5, 3.485], [-76.5, 3.49], [-76.505, 3.49], [-76.505, 3.485]]]}}, {"type": "Feature", "properties": {"value": 8.9016, "sigma": 7.2235}, "geometry": {"type": "Polygon", "coordinates": [[[-76.5, 3.485], [-76.495, 3.485], [-76.495, 3.49], [-76.5, 3.49], [-76.5, 3.485]]]}}, {"type": "Feature", "properties": {"value": 9.021, "sigma": 7.2235}, "geometry": {"type": "Polygon", "coordinates": [[[-76.495, 3.485], [-76.49, 3.485], [-76.49, 3.49], [-76.495, 3.49], [-76.495, 3.485]]]}}, {"type": "Feature", "properties": {"value": 9.1403, "sigma": 7.2235}, "geometry": {"type": "Polygon", "coordinates": [[[-76.49, 3.485], [-76.485, 3.485], [-76.485, 3.49], [-76.49, 3.49], [-76.49, 3.485]]]}}, {"type": "Feature", "properties": {"value": 9.2731, "sigma": 7.2235}, "geometry": {"type": "Polygon", "coordinates": [[[-76.485, 3.485], [-76.48, 3.485], [-76.48, 3.49], [-76.485, 3.49], [-76.485, 3.485]]]}}, {"type": "Feature", "properties": {"value": 9.4401, "sigma": 7.2235}, "geometry": {"type": "Polygon", "coordinates": [[[-76.48, 3.485], [-76.475, 3.485], [-76.475, 3.49], [-76.48, 3.49], [-76.48, 3.485]]]}}, {"type": "Feature", "properties": {"value": 9.6559, "sigma": 7.2235}, "geometry": {"type": "Polygon", "coordinates": [[[-76.475, 3.485], [-76.47, 3.485], [-76.47, 3.49], [-76.475, 3.49], [-76.475, 3.485]]]}}, {"type": "Feature", "properties": {"value": 9.9035, "sigma": 7.2235}, "geometry": {"type": "Polygon", "coordinates": [[[-76.47, 3.485], [-76.465, 3.485], [-76.465, 3.49], [-76.47, 3.49], [-76.47, 3.485]]]}}, {"type": "Feature", "properties": {"value": 10.1066, "sigma": 7.2235}, "geometry": {"type": "Polygon", "coordinates": [[[-76.465, 3.485], [-76.46, 3.485], [-76.46, 3.49], [-76.465, 3.49], [-76.465, 3.485]]]}}, {"type": "Feature", "properties": {"value": 10.1567, "sigma": 7.2235}, "geometry": {"type": "Polygon", "coordinates": [[[-76.46, 3.485], [-76.455, 3.485], [-76.455, 3.49], [-76.46, 3.49], [-76.46, 3.485]]]}}, {"type": "Feature", "properties": {"value": 10.0318, "sigma": 7.2235}, "geometry": {"type": "Polygon", "coordinates": [[[-76.455, 3.485], [-76.45, 3.485], [-76.45, 3.49], [-76.455, 3.49], [-76.455, 3.485]]]}}, {"type": "Feature", "properties": {"value": 9.8441, "sigma": 7.2235}, "geometry": {"type": "Polygon", "coordinates": [[[-76.45, 3.485], [-76.445, 3.485], [-76.445, 3.49], [-76.45, 3.49], [-76.45, 3.485]]]}}, {"type": "Feature", "properties": {"value": 9.6997, "sigma": 7.2235}, "geometry": {"type": "Polygon", "coordinates": [[[-76.445, 3.485], [-76.44, 3.485], [-76.44, 3.49], [-76.445, 3.49], [-76.445, 3.485]]]}}, {"type": "Feature", "properties": {"value": 9.6112, "sigma": 7.2235}, "geometry": {"type": "Polygon", "coordinates": [[[-76.44, 3.485], [-76.435, 3.485], [-76.435, 3.49], [-76.44, 3.49], [-76.44, 3.485]]]}}, {"type": "Feature", "properties": {"value": 9.5676, "sigma": 7.2235}, "geometry": {"type": "Polygon", "coordinates": [[[-76.435, 3.485], [-76.43, 3.485], [-76.43, 3.49], [-76.435, 3.49], [-76.435, 3.485]]]}}, {"type": "Feature", "properties": {"value": 9.5936, "sigma": 7.2235}, "geometry": {"type": "Polygon", "coordinates": [[[-76.43, 3.485], [-76.425, 3.485], [-76.425, 3.49], [-76.43, 3.49], [-76.43, 3.485]]]}}, {"type": "Feature", "properties": {"value": 9.7382, "sigma": 7.2235}, "geometry": {"type": "Polygon", "coordinates": [[[-76.425, 3.485], [-76.42, 3.485], [-76.42, 3.49], [-76.425, 3.49], [-76.425, 3.485]]]}}, {"type": "Feature", "properties": {"value": 10.0335, "sigma": 7.2235}, "geometry": {"type": "Polygon", "coordinates": [[[-76.42, 3.485], [-76.415, 3.485], [-76.415, 3.49], [-76.42, 3.49], [-76.42, 3.485]]]}}, {"type": "Feature", "properties": {"value": 10.4214, "sigma": 7.2235}, "geometry": {"type": "Polygon", "coordinates": [[[-76.415, 3.485], [-76.41, 3.485], [-76.41, 3.49], [-76.415, 3.49], [-76.415, 3.485]]]}}, {"type": "Feature", "properties": {"value": 10.7075, "sigma": 7.2235}, "geometry": {"type": "Polygon", "coordinates": [[[-76.41, 3.485], [-76.405, 3.485], [-76.405, 3.49], [-76.41, 3.49], [-76.41, 3.485]]]}}, {"type": "Feature", "properties": {"value": 10.7141, "sigma": 7.2235}, "geometry": {"type": "Polygon", "coordinates": [[[-76.405, 3.485], [-76.4, 3.485], [-76.4, 3.49], [-76.405, 3.49], [-76.405, 3.485]]]}}, {"type": "Feature", "properties": {"value": 11.292, "sigma": 7.2235}, "geometry": {"type": "Polygon", "coordinates": [[[-76.6, 3.49], [-76.595, 3.49], [-76.595, 3.495], [-76.6, 3.495], [-76.6, 3.49]]]}}, {"type": "Feature", "properties": {"value": 11.5479, "sigma": 7.2235}, "geometry": {"type": "Polygon", "coordinates": [[[-76.595, 3.49], [-76.59, 3.49], [-76.59, 3.495], [-76.595, 3.495], [-76.595, 3.49]]]}}, {"type": "Feature", "properties": {"value": 11.7676, "sigma": 7.2235}, "geometry": {"type": "Polygon", "coordinates": [[[-76.59, 3.49], [-76.585, 3.49], [-76.585, 3.495], [-76.59, 3.495], [-76.59, 3.49]]]}}, {"type": "Feature", "properties": {"value": 11.9128, "sigma": 7.2235}, "geometry": {"type": "Polygon", "coordinates": [[[-76.585, 3.49], [-76.58, 3.49], [-76.58, 3.495], [-76.585, 3.495], [-76.585, 3.49]]]}}, {"type": "Feature", "properties": {"value": 11.9402, "sigma": 7.2235}, "geometry": {"type": "Polygon", "coordinates": [[[-76.58, 3.49], [-76.575, 3.49], [-76.575, 3.495], [-76.58, 3.495], [-76.58, 3.49]]]}}, {"type": "Feature", "properties": {"value": 11.8148, "sigma": 7.2235}, "geometry": {"type": "Polygon", "coordinates": [[[-76.575, 3.49], [-76.57, 3.49], [-76.57, 3.495], [-76.575, 3.495], [-76.575, 3.49]]]}}, {"type": "Feature", "properties": {"value": 11.5263, "sigma": 7.2235}, "geometry": {"type": "Polygon", "coordinates": [[[-76.57, 3.49], [-76.565, 3.49], [-76.565, 3.495], [-76.57, 3.495], [-76.57, 3.49]]]}}, {"type": "Feature", "properties": {"value": 11.0975, "sigma": 7.2235}, "geometry": {"type": "Polygon", "coordinates": [[[-76.565, 3.49], [-76.56, 3.49], [-76.56, 3.495], [-76.565, 3.495], [-76.565, 3.49]]]}}, {"type": "Feature", "properties": {"value": 10.577, "sigma": 7.2235}, "geometry": {"type": "Polygon", "coordinates": [[[-76.56, 3.49], [-76.555, 3.49], [-76.555, 3.495], [-76.56, 3.495], [-76.56, 3.49]]]}}, {"type": "Feature", "properties": {"value": 10.0196, "sigma": 7.2235}, "geometry": {"type": "Polygon", "coordinates": [[[-76.555, 3.49], [-76.55, 3.49], [-76.55, 3.495], [-76.555, 3.495], [-76.555, 3.49]]]}}, {"type": "Feature", "properties": {"value": 9.4716, "sigma": 7.2235}, "geometry": {"type": "Polygon", "coordinates": [[[-76.55, 3.49], [-76.545, 3.49], [-76.545, 3.495], [-76.55, 3.495], [-76.55, 3.49]]]}}, {"type": "Feature", "properties": {"value": 8.967, "sigma": 7.2235}, "geometry": {"type": "Polygon", "coordinates": [[[-76.545, 3.49], [-76.54, 3.49], [-76.54, 3.495], [-76.545, 3.495], [-76.545, 3.49]]]}}, {"type": "Feature", "properties": {"value": 8.5361, "sigma": 7.2235}, "geometry": {"type": "Polygon", "coordinates": [[[-76.54, 3.49], [-76.535, 3.49], [-76.535, 3.495], [-76.54, 3.495], [-76.54, 3.49]]]}}, {"type": "Feature", "properties": {"value": 8.2143, "sigma": 7.2235}, "geometry": {"type": "Polygon", "coordinates": [[[-76.535, 3.49], [-76.53, 3.49], [-76.53, 3.495], [-76.535, 3.495], [-76.535, 3.49]]]}}, {"type": "Feature", "properties": {"value": 8.0377, "sigma": 7.2235}, "geometry": {"type": "Polygon", "coordinates": [[[-76.53, 3.49], [-76.525, 3.49], [-76.525, 3.495], [-76.53, 3.495], [-76.53, 3.49]]]}}, {"type": "Feature", "properties": {"value": 8.0185, "sigma": 7.2235}, "geometry": {"type": "Polygon", "coordinates": [[[-76.525, 3.49], [-76.52, 3.49], [-76.52, 3.495], [-76.525, 3.495], [-76.525, 3.49]]]}}, {"type": "Feature", "properties": {"value": 8.1254, "sigma": 7.2235}, "geometry": {"type": "Polygon", "coordinates": [[[-76.52, 3.49], [-76.515, 3.49], [-76.515, 3.495], [-76.52, 3.495], [-76.52, 3.49]]]}}, {"type": "Feature", "properties": {"value": 8.2998, "sigma": 7.2235}, "geometry": {"type": "Polygon", "coordinates": [[[-76.515, 3.49], [-76.51, 3.49], [-76.51, 3.495], [-76.515, 3.495], [-76.515, 3.49]]]}}, {"type": "Feature", "properties": {"value": 8.4915, "sigma": 7.2235}, "geometry": {"type": "Polygon", "coordinates": [[[-76.51, 3.49], [-76.505, 3.49], [-76.505, 3.495], [-76.51, 3.495], [-76.51, 3.49]]]}}, {"type": "Feature", "properties": {"value": 8.6751, "sigma": 7.2235}, "geometry": {"type": "Polygon", "coordinates": [[[-76.505, 3.49], [-76.5, 3.49], [-76.5, 3.495], [-76.505, 3.495], [-76.505, 3.49]]]}}, {"type": "Feature", "properties": {"value": 8.8456, "sigma": 7.2235}, "geometry": {"type": "Polygon", "coordinates": [[[-76.5, 3.49], [-76.495, 3.49], [-76.495, 3.495], [-76.5, 3.495], [-76.5, 3.49]]]}}, {"type": "Feature", "properties": {"value": 9.0106, "sigma": 7.2235}, "geometry": {"type": "Polygon", "coordinates": [[[-76.495, 3.49], [-76.49, 3.49], [-76.49, 3.495], [-76.495, 3.495], [-76.495, 3.49]]]}}, {"type": "Feature", "properties": {"value": 9.1864, "sigma": 7.2235}, "geometry": {"type": "Polygon", "coordinates": [[[-76.49, 3.49], [-76.485, 3.49], [-76.485, 3.495], [-76.49, 3.495], [-76.49, 3.49]]]}}, {"type": "Feature", "properties": {"value": 9.398, "sigma": 7.2235}, "geometry": {"type": "Polygon", "coordinates": [[[-76.485, 3.49], [-76.48, 3.49], [-76.48, 3.495], [-76.485, 3.495], [-76.485, 3.49]]]}}, {"type": "Feature", "properties": {"value": 9.6783, "sigma": 7.2235}, "geometry": {"type": "Polygon", "coordinates": [[[-76.48, 3.49], [-76.475, 3.49], [-76.475, 3.495], [-76.48, 3.495], [-76.48, 3.49]]]}}, {"type": "Feature", "properties": {"value": 10.0563, "sigma": 7.2235}, "geometry": {"type": "Polygon", "coordinates": [[[-76.475, 3.49], [-76.47, 3.49], [-76.47, 3.495], [-76.475, 3.495], [-76.475, 3.49]]]}}, {"type": "Feature", "properties": {"value": 10.518, "sigma": 7.2235}, "geometry": {"type": "Polygon", "coordinates": [[[-76.47, 3.49], [-76.465, 3.49], [-76.465, 3.495], [-76.47, 3.495], [-76.47, 3.49]]]}}, {"type": "Feature", "properties": {"value": 10.9324, "sigma": 7.2235}, "geometry": {"type": "Polygon", "coordinates": [[[-76.465, 3.49], [-76.46, 3.49], [-76.46, 3.495], [-76.465, 3.495], [-76.465, 3.49]]]}}, {"type": "Feature", "properties": {"value": 11.0505, "sigma": 7.2235}, "geometry": {"type": "Polygon", "coordinates": [[[-76.46, 3.49], [-76.455, 3.49], [-76.455, 3.495], [-76.46, 3.495], [-76.46, 3.49]]]}}, {"type": "Feature", "properties": {"value": 10.7763, "sigma": 7.2235}, "geometry": {"type": "Polygon", "coordinates": [[[-76.455, 3.49], [-76.45, 3.49], [-76.45, 3.495], [-76.455, 3.495], [-76.455, 3.49]]]}}, {"type": "Feature", "properties": {"value": 10.3422, "sigma": 7.2235}, "geometry": {"type": "Polygon", "coordinates": [[[-76.45, 3.49], [-76.445, 3.49], [-76.445, 3.495], [-76.45, 3.495], [-76.45, 3.49]]]}}, {"type": "Feature", "properties": {"value": 9.9892, "sigma": 7.2235}, "geometry": {"type": "Polygon", "coordinates": [[[-76.445, 3.49], [-76.44, 3.49], [-76.44, 3.495], [-76.445, 3.495], [-76.445, 3.49]]]}}, {"type": "Feature", "properties": {"value": 9.7738, "sigma": 7.2235}, "geometry": {"type": "Polygon", "coordinates": [[[-76.44, 3.49], [-76.435, 3.49], [-76.435, 3.495], [-76.44, 3.495], [-76.44, 3.49]]]}}, {"type": "Feature", "properties": {"value": 9.6728, "sigma": 7.2235}, "geometry": {"type": "Polygon", "coordinates": [[[-76.435, 3.49], [-76.43, 3.49], [-76.43, 3.495], [-76.435, 3.495], [-76.435, 3.49]]]}}, {"type": "Feature", "properties": {"value": 9.6797, "sigma": 7.2235}, "geometry": {"type": "Polygon", "coordinates": [[[-76.43, 3.49], [-76.425, 3.49], [-76.425, 3.495], [-76.43, 3.495], [-76.43, 3.49]]]}}, {"type": "Feature", "properties": {"value": 9.8157, "sigma": 7.2235}, "geometry": {"type": "Polygon", "coordinates": [[[-76.425, 3.49], [-76.42, 3.49], [-76.42, 3.495], [-76.425, 3.495], [-76.425, 3.49]]]}}, {"type": "Feature", "properties": {"value": 10.096, "sigma": 7.2235}, "geometry": {"type": "Polygon", "coordinates": [[[-76.42, 3.49], [-76.415, 3.49], [-76.415, 3.495], [-76.42, 3.495], [-76.42, 3.49]]]}}, {"type": "Feature", "properties": {"value": 10.4588, "sigma": 7.2235}, "geometry": {"type": "Polygon", "coordinates": [[[-76.415, 3.49], [-76.41, 3.49], [-76.41, 3.495], [-76.415, 3.495], [-76.415, 3.49]]]}}, {"type": "Feature", "properties": {"value": 10.7236, "sigma": 7.2235}, "geometry": {"type": "Polygon", "coordinates": [[[-76.41, 3.49], [-76.405, 3.49], [-76.405, 3.495], [-76.41, 3.495], [-76.41, 3.49]]]}}, {"type": "Feature", "properties": {"value": 10.7286, "sigma": 7.2235}, "geometry": {"type": "Polygon", "coordinates": [[[-76.405, 3.49], [-76.4, 3.49], [-76.4, 3.495], [-76.405, 3.495], [-76.405, 3.49]]]}}, {"type": "Feature", "properties": {"value": 11.6191, "sigma": 7.2235}, "geometry": {"type": "Polygon", "coordinates": [[[-76.6, 3.495], [-76.595, 3.495], [-76.595, 3.5], [-76.6, 3.5], [-76.6, 3.495]]]}}, {"type": "Feature", "properties": {"value": 11.9405, "sigma": 7.2235}, "geometry": {"type": "Polygon", "coordinates": [[[-76.595, 3.495], [-76.59, 3.495], [-76.59, 3.5], [-76.595, 3.5], [-76.595, 3.495]]]}}, {"type": "Feature", "properties": {"value": 12.2312, "sigma": 7.2235}, "geometry": {"type": "Polygon", "coordinates": [[[-76.59, 3.495], [-76.585, 3.495], [-76.585, 3.5], [-76.59, 3.5], [-76.59, 3.495]]]}}, {"type": "Feature", "properties": {"value": 12.4436, "sigma": 7.2235}, "geometry": {"type": "Polygon", "coordinates": [[[-76.585, 3.495], [-76.58, 3.495], [-76.58, 3.5], [-76.585, 3.5], [-76.585, 3.495]]]}}, {"type": "Feature", "properties": {"value": 12.5197, "sigma": 7.2235}, "geometry": {"type": "Polygon", "coordinates": [[[-76.58, 3.495], [-76.575, 3.495], [-76.575, 3.5], [-76.58, 3.5], [-76.58, 3.495]]]}}, {"type": "Feature", "properties": {"value": 12.4068, "sigma": 7.2235}, "geometry": {"type": "Polygon", "coordinates": [[[-76.575, 3.495], [-76.57, 3.495], [-76.57, 3.5], [-76.575, 3.5], [-76.575, 3.495]]]}}, {"type": "Feature", "properties": {"value": 12.0819, "sigma": 7.2235}, "geometry": {"type": "Polygon", "coordinates": [[[-76.57, 3.495], [-76.565, 3.495], [-76.565, 3.5], [-76.57, 3.5], [-76.57, 3.495]]]}}, {"type": "Feature", "properties": {"value": 11.5671, "sigma": 7.2235}, "geometry": {"type": "Polygon", "coordinates": [[[-76.565, 3.495], [-76.56, 3.495], [-76.56, 3.5], [-76.565, 3.5], [-76.565, 3.495]]]}}, {"type": "Feature", "properties": {"value": 10.921, "sigma": 7.2235}, "geometry": {"type": "Polygon", "coordinates": [[[-76.56, 3.495], [-76.555, 3.495], [-76.555, 3.5], [-76.56, 3.5], [-76.56, 3.495]]]}}, {"type": "Feature", "properties": {"value": 10.2127, "sigma": 7.2235}, "geometry": {"type": "Polygon", "coordinates": [[[-76.555, 3.495], [-76.55, 3.495], [-76.55, 3.5], [-76.555, 3.5], [-76.555, 3.495]]]}}, {"type": "Feature", "properties": {"value": 9.4981, "sigma": 7.2235}, "geometry": {"type": "Polygon", "coordinates": [[[-76.55, 3.495], [-76.545, 3.495], [-76.545, 3.5], [-76.55, 3.5], [-76.55, 3.495]]]}}, {"type": "Feature", "properties": {"value": 8.8171, "sigma": 7.2235}, "geometry": {"type": "Polygon", "coordinates": [[[-76.545, 3.495], [-76.54, 3.495], [-76.54, 3.5], [-76.545, 3.5], [-76.545, 3.495]]]}}, {"type": "Feature", "properties": {"value": 8.2099, "sigma": 7.2235}, "geometry": {"type": "Polygon", "coordinates": [[[-76.54, 3.495], [-76.535, 3.495], [-76.535, 3.5], [-76.54, 3.5], [-76.54, 3.495]]]}}, {"type": "Feature", "properties": {"value": 7.7402, "sigma": 7.2235}, "geometry": {"type": "Polygon", "coordinates": [[[-76.535, 3.495], [-76.53, 3.495], [-76.53, 3.5], [-76.535, 3.5], [-76.535, 3.495]]]}}, {"type": "Feature", "properties": {"value": 7.4903, "sigma": 7.2235}, "geometry": {"type": "Polygon", "coordinates": [[[-76.53, 3.495], [-76.525, 3.495], [-76.525, 3.5], [-76.53, 3.5], [-76.53, 3.495]]]}}, {"type": "Feature", "properties": {"value": 7.5004, "sigma": 7.2235}, "geometry": {"type": "Polygon", "coordinates": [[[-76.525, 3.495], [-76.52, 3.495], [-76.52, 3.5], [-76.525, 3.5], [-76.525, 3.495]]]}}, {"type": "Feature", "properties": {"value": 7.711, "sigma": 7.2235}, "geometry": {"type": "Polygon", "coordinates": [[[-76.52, 3.495], [-76.515, 3.495], [-76.515, 3.5], [-76.52, 3.5], [-76.52, 3.495]]]}}, {"type": "Feature", "properties": {"value": 8.0065, "sigma": 7.2235}, "geometry": {"type": "Polygon", "coordinates": [[[-76.515, 3.495], [-76.51, 3.495], [-76.51, 3.5], [-76.515, 3.5], [-76.515, 3.495]]]}}, {"type": "Feature", "properties": {"value": 8.2998, "sigma": 7.2235}, "geometry": {"type": "Polygon", "coordinates": [[[-76.51, 3.495], [-76.505, 3.495], [-76.505, 3.5], [-76.51, 3.5], [-76.51, 3.495]]]}}, {"type": "Feature", "properties": {"value": 8.5587, "sigma": 7.2235}, "geometry": {"type": "Polygon", "coordinates": [[[-76.505, 3.495], [-76.5, 3.495], [-76.5, 3.5], [-76.505, 3.5], [-76.505, 3.495]]]}}, {"type": "Feature", "properties": {"value": 8.7865, "sigma": 7.2235}, "geometry": {"type": "Polygon", "coordinates": [[[-76.5, 3.495], [-76.495, 3.495], [-76.495, 3.5], [-76.5, 3.5], [-76.5, 3.495]]]}}, {"type": "Feature", "properties": {"value": 9.0024, "sigma": 7.2235}, "geometry": {"type": "Polygon", "coordinates": [[[-76.495, 3.495], [-76.49, 3.495], [-76.49, 3.5], [-76.495, 3.5], [-76.495, 3.495]]]}}, {"type": "Feature", "properties": {"value": 9.2335, "sigma": 7.2235}, "geometry": {"type": "Polygon", "coordinates": [[[-76.49, 3.495], [-76.485, 3.495], [-76.485, 3.5], [-76.49, 3.5], [-76.49, 3.495]]]}}, {"type": "Feature", "properties": {"value": 9.5157, "sigma": 7.2235}, "geometry": {"type": "Polygon", "coordinates": [[[-76.485, 3.495], [-76.48, 3.495], [-76.48, 3.5], [-76.485, 3.5], [-76.485, 3.495]]]}}, {"type": "Feature", "properties": {"value": 9.8945, "sigma": 7.2235}, "geometry": {"type": "Polygon", "coordinates": [[[-76.48, 3.495], [-76.475, 3.495], [-76.475, 3.5], [-76.48, 3.5], [-76.48, 3.495]]]}}, {"type": "Feature", "properties": {"value": 10.4165, "sigma": 7.2235}, "geometry": {"type": "Polygon", "coordinates": [[[-76.475, 3.495], [-76.47, 3.495], [-76.47, 3.5], [-76.475, 3.5], [-76.475, 3.495]]]}}, {"type": "Feature", "properties": {"value": 11.0812, "sigma": 7.2235}, "geometry": {"type": "Polygon", "coordinates": [[[-76.47, 3.495], [-76.465, 3.495], [-76.465, 3.5], [-76.47, 3.5], [-76.47, 3.495]]]}}, {"type": "Feature", "properties": {"value": 11.7147, "sigma": 7.2235}, "geometry": {"type": "Polygon", "coordinates": [[[-76.465, 3.495], [-76.46, 3.495], [-76.46, 3.5], [-76.465, 3.5], [-76.465, 3.495]]]}}, {"type": "Feature", "properties": {"value": 11.9143, "sigma": 7.2235}, "geometry": {"type": "Polygon", "coordinates": [[[-76.46, 3.495], [-76.455, 3.495], [-76.455, 3.5], [-76.46, 3.5], [-76.46, 3.495]]]}}, {"type": "Feature", "properties": {"value": 11.4964, "sigma": 7.2235}, "geometry": {"type": "Polygon", "coordinates": [[[-76.455, 3.495], [-76.45, 3.495], [-76.45, 3.5], [-76.455, 3.5], [-76.455, 3.495]]]}}, {"type": "Feature", "properties": {"value": 10.8314, "sigma": 7.2235}, "geometry": {"type": "Polygon", "coordinates": [[[-76.45, 3.495], [-76.445, 3.495], [-76.445, 3.5], [-76.45, 3.5], [-76.45, 3.495]]]}}, {"type": "Feature", "properties": {"value": 10.2888, "sigma": 7.2235}, "geometry": {"type": "Polygon", "coordinates": [[[-76.445, 3.495], [-76.44, 3.495], [-76.44, 3.5], [-76.445, 3.5], [-76.445, 3.495]]]}}, {"type": "Feature", "properties": {"value": 9.9499, "sigma": 7.2235}, "geometry": {"type": "Polygon", "coordinates": [[[-76.44, 3.495], [-76.435, 3.495], [-76.435, 3.5], [-76.44, 3.5], [-76.44, 3.495]]]}}, {"type": "Feature", "properties": {"value": 9.7773, "sigma": 7.2235}, "geometry": {"type": "Polygon", "coordinates": [[[-76.435, 3.495], [-76.43, 3.495], [-76.43, 3.5], [-76.435, 3.5], [-76.435, 3.495]]]}}, {"type": "Feature", "properties": {"value": 9.7394, "sigma": 7.2235}, "geometry": {"type": "Polygon", "coordinates": [[[-76.43, 3.495], [-76.425, 3.495], [-76.425, 3.5], [-76.43, 3.5], [-76.43, 3.495]]]}}, {"type": "Feature", "properties": {"value": 9.8294, "sigma": 7.2235}, "geometry": {"type": "Polygon", "coordinates": [[[-76.425, 3.495], [-76.42, 3.495], [-76.42, 3.5], [-76.425, 3.5], [-76.425, 3.495]]]}}, {"type": "Feature", "properties": {"value": 10.0387, "sigma": 7.2235}, "geometry": {"type": "Polygon", "coordinates": [[[-76.42, 3.495], [-76.415, 3.495], [-76.415, 3.5], [-76.42, 3.5], [-76.42, 3.495]]]}}, {"type": "Feature", "properties": {"value": 10.307, "sigma": 7.2235}, "geometry": {"type": "Polygon", "coordinates": [[[-76.415, 3.495], [-76.41, 3.495], [-76.41, 3.5], [-76.415, 3.5], [-76.415, 3.495]]]}}, {"type": "Feature", "properties": {"value": 10.5039, "sigma": 7.2235}, "geometry": {"type": "Polygon", "coordinates": [[[-76.41, 3.495], [-76.405, 3.495], [-76.405, 3.5], [-76.41, 3.5], [-76.41, 3.495]]]}}, {"type": "Feature", "properties": {"value": 10.5156, "sigma": 7.2235}, "geometry": {"type": "Polygon", "coordinates": [[[-76.405, 3.495], [-76.4, 3.495], [-76.4, 3.5], [-76.405, 3.5], [-76.405, 3.495]]]}}, {"type": "Feature", "properties": {"value": 11.8845, "sigma": 7.2235}, "geometry": {"type": "Polygon", "coordinates": [[[-76.6, 3.5], [-76.595, 3.5], [-76.595, 3.505], [-76.6, 3.505], [-76.6, 3.5]]]}}, {"type": "Feature", "properties": {"value": 12.2602, "sigma": 7.2235}, "geometry": {"type": "Polygon", "coordinates": [[[-76.595, 3.5], [-76.59, 3.5], [-76.59, 3.505], [-76.595, 3.505], [-76.595, 3.5]]]}}, {"type": "Feature", "properties": {"value": 12.6118, "sigma": 7.2235}, "geometry": {"type": "Polygon", "coordinates": [[[-76.59, 3.5], [-76.585, 3.5], [-76.585, 3.505], [-76.59, 3.505], [-76.59, 3.5]]]}}, {"type": "Feature", "properties": {"value": 12.8573, "sigma": 7.2235}, "geometry": {"type": "Polygon", "coordinates": [[[-76.585, 3.5], [-76.58, 3.5], [-76.58, 3.505], [-76.585, 3.505], [-76.585, 3.5]]]}}, {"type": "Feature", "properties": {"value": 12.8573, "sigma": 7.2235}, "geometry": {"type": "Polygon", "coordinates": [[[-76.58, 3.5], [-76.575, 3.5], [-76.575, 3.505], [-76.58, 3.505], [-76.58, 3.5]]]}}, {"type": "Feature", "properties": {"value": 12.8573, "sigma": 7.2235}, "geometry": {"type": "Polygon", "coordinates": [[[-76.575, 3.5], [-76.57, 3.5], [-76.57, 3.505], [-76.575, 3.505], [-76.575, 3.5]]]}}, {"type": "Feature", "properties": {"value": 12.5728, "sigma": 7.2235}, "geometry": {"type": "Polygon", "coordinates": [[[-76.57, 3.5], [-76.565, 3.5], [-76.565, 3.505], [-76.57, 3.505], [-76.57, 3.5]]]}}, {"type": "Feature", "properties": {"value": 11.9887, "sigma": 7.2235}, "geometry": {"type": "Polygon", "coordinates": [[[-76.565, 3.5], [-76.56, 3.5], [-76.56, 3.505], [-76.565, 3.505], [-76.565, 3.5]]]}}, {"type": "Feature", "properties": {"value": 11.2314, "sigma": 7.2235}, "geometry": {"type": "Polygon", "coordinates": [[[-76.56, 3.5], [-76.555, 3.5], [-76.555, 3.505], [-76.56, 3.505], [-76.56, 3.5]]]}}, {"type": "Feature", "properties": {"value": 10.3798, "sigma": 7.2235}, "geometry": {"type": "Polygon", "coordinates": [[[-76.555, 3.5], [-76.55, 3.5], [-76.55, 3.505], [-76.555, 3.505], [-76.555, 3.5]]]}}, {"type": "Feature", "properties": {"value": 9.4963, "sigma": 7.2235}, "geometry": {"type": "Polygon", "coordinates": [[[-76.55, 3.5], [-76.545, 3.5], [-76.545, 3.505], [-76.55, 3.505], [-76.55, 3.5]]]}}, {"type": "Feature", "properties": {"value": 8.6222, "sigma": 7.2235}, "geometry": {"type": "Polygon", "coordinates": [[[-76.545, 3.5], [-76.54, 3.5], [-76.54, 3.505], [-76.545, 3.505], [-76.545, 3.5]]]}}, {"type": "Feature", "properties": {"value": 7.8059, "sigma": 7.2235}, "geometry": {"type": "Polygon", "coordinates": [[[-76.54, 3.5], [-76.535, 3.5], [-76.535, 3.505], [-76.54, 3.505], [-76.54, 3.5]]]}}, {"type": "Feature", "properties": {"value": 7.1486, "sigma": 7.2235}, "geometry": {"type": "Polygon", "coordinates": [[[-76.535, 3.5], [-76.53, 3.5], [-76.53, 3.505], [-76.535, 3.505], [-76.535, 3.5]]]}}, {"type": "Feature", "properties": {"value": 6.8075, "sigma": 7.2235}, "geometry": {"type": "Polygon", "coordinates": [[[-76.53, 3.5], [-76.525, 3.5], [-76.525, 3.505], [-76.53, 3.505], [-76.53, 3.5]]]}}, {"type": "Feature", "properties": {"value": 6.8716, "sigma": 7.2235}, "geometry": {"type": "Polygon", "coordinates": [[[-76.525, 3.5], [-76.52, 3.5], [-76.52, 3.505], [-76.525, 3.505], [-76.525, 3.5]]]}}, {"type": "Feature", "properties": {"value": 7.2328, "sigma": 7.2235}, "geometry": {"type": "Polygon", "coordinates": [[[-76.52, 3.5], [-76.515, 3.5], [-76.515, 3.505], [-76.52, 3.505], [-76.52, 3.5]]]}}, {"type": "Feature", "properties": {"value": 7.686, "sigma": 7.2235}, "geometry": {"type": "Polygon", "coordinates": [[[-76.515, 3.5], [-76.51, 3.5], [-76.51, 3.505], [-76.515, 3.505], [-76.515, 3.5]]]}}, {"type": "Feature", "properties": {"value": 8.0994, "sigma": 7.2235}, "geometry": {"type": "Polygon", "coordinates": [[[-76.51, 3.5], [-76.505, 3.5], [-76.505, 3.505], [-76.51, 3.505], [-76.51, 3.5]]]}}, {"type": "Feature", "properties": {"value": 8.4402, "sigma": 7.2235}, "geometry": {"type": "Polygon", "coordinates": [[[-76.505, 3.5], [-76.5, 3.5], [-76.5, 3.505], [-76.505, 3.505], [-76.505, 3.5]]]}}, {"type": "Feature", "properties": {"value": 8.7253, "sigma": 7.2235}, "geometry": {"type": "Polygon", "coordinates": [[[-76.5, 3.5], [-76.495, 3.5], [-76.495, 3.505], [-76.5, 3.505], [-76.5, 3.5]]]}}, {"type": "Feature", "properties": {"value": 8.9865, "sigma": 7.2235}, "geometry": {"type": "Polygon", "coordinates": [[[-76.495, 3.5], [-76.49, 3.5], [-76.49, 3.505], [-76.495, 3.505], [-76.495, 3.5]]]}}, {"type": "Feature", "properties": {"value": 9.2603, "sigma": 7.2235}, "geometry": {"type": "Polygon", "coordinates": [[[-76.49, 3.5], [-76.485, 3.5], [-76.485, 3.505], [-76.49, 3.505], [-76.49, 3.5]]]}}, {"type": "Feature", "properties": {"value": 9.5881, "sigma": 7.2235}, "geometry": {"type": "Polygon", "coordinates": [[[-76.485, 3.5], [-76.48, 3.5], [-76.48, 3.505], [-76.485, 3.505], [-76.485, 3.5]]]}}, {"type": "Feature", "properties": {"value": 10.019, "sigma": 7.2235}, "geometry": {"type": "Polygon", "coordinates": [[[-76.48, 3.5], [-76.475, 3.5], [-76.475, 3.505], [-76.48, 3.505], [-76.48, 3.5]]]}}, {"type": "Feature", "properties": {"value": 10.5998, "sigma": 7.2235}, "geometry": {"type": "Polygon", "coordinates": [[[-76.475, 3.5], [-76.47, 3.5], [-76.47, 3.505], [-76.475, 3.505], [-76.475, 3.5]]]}}, {"type": "Feature", "properties": {"value": 11.3241, "sigma": 7.2235}, "geometry": {"type": "Polygon", "coordinates": [[[-76.47, 3.5], [-76.465, 3.5], [-76.465, 3.505], [-76.47, 3.505], [-76.47, 3.5]]]}}, {"type": "Feature", "properties": {"value": 12.0008, "sigma": 7.2235}, "geometry": {"type": "Polygon", "coordinates": [[[-76.465, 3.5], [-76.46, 3.5], [-76.46, 3.505], [-76.465, 3.505], [-76.465, 3.5]]]}}, {"type": "Feature", "properties": {"value": 12.2125, "sigma": 7.2235}, "geometry": {"type": "Polygon", "coordinates": [[[-76.46, 3.5], [-76.455, 3.5], [-76.455, 3.505], [-76.46, 3.505], [-76.46, 3.5]]]}}, {"type": "Feature", "properties": {"value": 11.7785, "sigma": 7.2235}, "geometry": {"type": "Polygon", "coordinates": [[[-76.455, 3.5], [-76.45, 3.5], [-76.45, 3.505], [-76.455, 3.505], [-76.455, 3.5]]]}}, {"type": "Feature", "properties": {"value": 11.0701, "sigma": 7.2235}, "geometry": {"type": "Polygon", "coordinates": [[[-76.45, 3.5], [-76.445, 3.5], [-76.445, 3.505], [-76.45, 3.505], [-76.45, 3.5]]]}}, {"type": "Feature", "properties": {"value": 10.4669, "sigma": 7.2235}, "geometry": {"type": "Polygon", "coordinates": [[[-76.445, 3.5], [-76.44, 3.5], [-76.44, 3.505], [-76.445, 3.505], [-76.445, 3.5]]]}}, {"type": "Feature", "properties": {"value": 10.0692, "sigma": 7.2235}, "geometry": {"type": "Polygon", "coordinates": [[[-76.44, 3.5], [-76.435, 3.5], [-76.435, 3.505], [-76.44, 3.505], [-76.44, 3.5]]]}}, {"type": "Feature", "properties": {"value": 9.8485, "sigma": 7.2235}, "geometry": {"type": "Polygon", "coordinates": [[[-76.435, 3.5], [-76.43, 3.5], [-76.43, 3.505], [-76.435, 3.505], [-76.435, 3.5]]]}}, {"type": "Feature", "properties": {"value": 9.7664, "sigma": 7.2235}, "geometry": {"type": "Polygon", "coordinates": [[[-76.43, 3.5], [-76.425, 3.5], [-76.425, 3.505], [-76.43, 3.505], [-76.43, 3.5]]]}}, {"type": "Feature", "properties": {"value": 9.7997, "sigma": 7.2235}, "geometry": {"type": "Polygon", "coordinates": [[[-76.425, 3.5], [-76.42, 3.5], [-76.42, 3.505], [-76.425, 3.505], [-76.425, 3.5]]]}}, {"type": "Feature", "properties": {"value": 9.9246, "sigma": 7.2235}, "geometry": {"type": "Polygon", "coordinates": [[[-76.42, 3.5], [-76.415, 3.5], [-76.415, 3.505], [-76.42, 3.505], [-76.42, 3.5]]]}}, {"type": "Feature", "properties": {"value": 10.0899, "sigma": 7.2235}, "geometry": {"type": "Polygon", "coordinates": [[[-76.415, 3.5], [-76.41, 3.5], [-76.41, 3.505], [-76.415, 3.505], [-76.415, 3.5]]]}}, {"type": "Feature", "properties": {"value": 10.213, "sigma": 7.2235}, "geometry": {"type": "Polygon", "coordinates": [[[-76.41, 3.5], [-76.405, 3.5], [-76.405, 3.505], [-76.41, 3.505], [-76.41, 3.5]]]}}, {"type": "Feature", "properties": {"value": 10.2239, "sigma": 7.2235}, "geometry": {"type": "Polygon", "coordinates": [[[-76.405, 3.5], [-76.4, 3.5], [-76.4, 3.505], [-76.405, 3.505], [-76.405, 3.5]]]}}, {"type": "Feature", "properties": {"value": 12.0599, "sigma": 7.2235}, "geometry": {"type": "Polygon", "coordinates": [[[-76.6, 3.505], [-76.595, 3.505], [-76.595, 3.51], [-76.6, 3.51], [-76.6, 3.505]]]}}, {"type": "Feature", "properties": {"value": 12.4667, "sigma": 7.2235}, "geometry": {"type": "Polygon", "coordinates": [[[-76.595, 3.505], [-76.59, 3.505], [-76.59, 3.51], [-76.595, 3.51], [-76.595, 3.505]]]}}, {"type": "Feature", "properties": {"value": 12.854, "sigma": 7.2235}, "geometry": {"type": "Polygon", "coordinates": [[[-76.59, 3.505], [-76.585, 3.505], [-76.585, 3.51], [-76.59, 3.51], [-76.59, 3.505]]]}}, {"type": "Feature", "properties": {"value": 12.8573, "sigma": 7.2235}, "geometry": {"type": "Polygon", "coordinates": [[[-76.585, 3.505], [-76.58, 3.505], [-76.58, 3.51], [-76.585, 3.51], [-76.585, 3.505]]]}}, {"type": "Feature", "properties": {"value": 12.8573, "sigma": 7.2235}, "geometry": {"type": "Polygon", "coordinates": [[[-76.58, 3.505], [-76.575, 3.505], [-76.575, 3.51], [-76.58, 3.51], [-76.58, 3.505]]]}}, {"type": "Feature", "properties": {"value": 12.8573, "sigma": 7.2235}, "geometry": {"type": "Polygon", "coordinates": [[[-76.575, 3.505], [-76.57, 3.505], [-76.57, 3.51], [-76.575, 3.51], [-76.575, 3.505]]]}}, {"type": "Feature", "properties": {"value": 12.8573, "sigma": 7.2235}, "geometry": {"type": "Polygon", "coordinates": [[[-76.57, 3.505], [-76.565, 3.505], [-76.565, 3.51], [-76.57, 3.51], [-76.57, 3.505]]]}}, {"type": "Feature", "properties": {"value": 12.2804, "sigma": 7.2235}, "geometry": {"type": "Polygon", "coordinates": [[[-76.565, 3.505], [-76.56, 3.505], [-76.56, 3.51], [-76.565, 3.51], [-76.565, 3.505]]]}}, {"type": "Feature", "properties": {"value": 11.4536, "sigma": 7.2235}, "geometry": {"type": "Polygon", "coordinates": [[[-76.56, 3.505], [-76.555, 3.505], [-76.555, 3.51], [-76.56, 3.51], [-76.56, 3.505]]]}}, {"type": "Feature", "properties": {"value": 10.5022, "sigma": 7.2235}, "geometry": {"type": "Polygon", "coordinates": [[[-76.555, 3.505], [-76.55, 3.505], [-76.55, 3.51], [-76.555, 3.51], [-76.555, 3.505]]]}}, {"type": "Feature", "properties": {"value": 9.4909, "sigma": 7.2235}, "geometry": {"type": "Polygon", "coordinates": [[[-76.55, 3.505], [-76.545, 3.505], [-76.545, 3.51], [-76.55, 3.51], [-76.55, 3.505]]]}}, {"type": "Feature", "properties": {"value": 8.4617, "sigma": 7.2235}, "geometry": {"type": "Polygon", "coordinates": [[[-76.545, 3.505], [-76.54, 3.505], [-76.54, 3.51], [-76.545, 3.51], [-76.545, 3.505]]]}}, {"type": "Feature", "properties": {"value": 7.47, "sigma": 7.2235}, "geometry": {"type": "Polygon", "coordinates": [[[-76.54, 3.505], [-76.535, 3.505], [-76.535, 3.51], [-76.54, 3.51], [-76.54, 3.505]]]}}, {"type": "Feature", "properties": {"value": 6.6526, "sigma": 7.2235}, "geometry": {"type": "Polygon", "coordinates": [[[-76.535, 3.505], [-76.53, 3.505], [-76.53, 3.51], [-76.535, 3.51], [-76.535, 3.505]]]}}, {"type": "Feature", "properties": {"value": 6.2383, "sigma": 7.2235}, "geometry": {"type": "Polygon", "coordinates": [[[-76.53, 3.505], [-76.525, 3.505], [-76.525, 3.51], [-76.53, 3.51], [-76.53, 3.505]]]}}, {"type": "Feature", "properties": {"value": 6.359, "sigma": 7.2235}, "geometry": {"type": "Polygon", "coordinates": [[[-76.525, 3.505], [-76.52, 3.505], [-76.52, 3.51], [-76.525, 3.51], [-76.525, 3.505]]]}}, {"type": "Feature", "properties": {"value": 6.8533, "sigma": 7.2235}, "geometry": {"type": "Polygon", "coordinates": [[[-76.52, 3.505], [-76.515, 3.505], [-76.515, 3.51], [-76.52, 3.51], [-76.52, 3.505]]]}}, {"type": "Feature", "properties": {"value": 7.4356, "sigma": 7.2235}, "geometry": {"type": "Polygon", "coordinates": [[[-76.515, 3.505], [-76.51, 3.505], [-76.51, 3.51], [-76.515, 3.51], [-76.515, 3.505]]]}}, {"type": "Feature", "properties": {"value": 7.9424, "sigma": 7.2235}, "geometry": {"type": "Polygon", "coordinates": [[[-76.51, 3.505], [-76.505, 3.505], [-76.505, 3.51], [-76.51, 3.51], [-76.51, 3.505]]]}}, {"type": "Feature", "properties": {"value": 8.3448, "sigma": 7.2235}, "geometry": {"type": "Polygon", "coordinates": [[[-76.505, 3.505], [-76.5, 3.505], [-76.5, 3.51], [-76.505, 3.51], [-76.505, 3.505]]]}}, {"type": "Feature", "properties": {"value": 8.6712, "sigma": 7.2235}, "geometry": {"type": "Polygon", "coordinates": [[[-76.5, 3.505], [-76.495, 3.505], [-76.495, 3.51], [-76.5, 3.51], [-76.5, 3.505]]]}}, {"type": "Feature", "properties": {"value": 8.9619, "sigma": 7.2235}, "geometry": {"type": "Polygon", "coordinates": [[[-76.495, 3.505], [-76.49, 3.505], [-76.49, 3.51], [-76.495, 3.51], [-76.495, 3.505]]]}}, {"type": "Feature", "properties": {"value": 9.257, "sigma": 7.2235}, "geometry": {"type": "Polygon", "coordinates": [[[-76.49, 3.505], [-76.485, 3.505], [-76.485, 3.51], [-76.49, 3.51], [-76.49, 3.505]]]}}, {"type": "Feature", "properties": {"value": 9.5964, "sigma": 7.2235}, "geometry": {"type": "Polygon", "coordinates": [[[-76.485, 3.505], [-76.48, 3.505], [-76.48, 3.51], [-76.485, 3.51], [-76.485, 3.505]]]}}, {"type": "Feature", "properties": {"value": 10.02, "sigma": 7.2235}, "geometry": {"type": "Polygon", "coordinates": [[[-76.48, 3.505], [-76.475, 3.505], [-76.475, 3.51], [-76.48, 3.51], [-76.48, 3.505]]]}}, {"type": "Feature", "properties": {"value": 10.5554, "sigma": 7.2235}, "geometry": {"type": "Polygon", "coordinates": [[[-76.475, 3.505], [-76.47, 3.505], [-76.47, 3.51], [-76.475, 3.51], [-76.475, 3.505]]]}}, {"type": "Feature", "properties": {"value": 11.1728, "sigma": 7.2235}, "geometry": {"type": "Polygon", "coordinates": [[[-76.47, 3.505], [-76.465, 3.505], [-76.465, 3.51], [-76.47, 3.51], [-76.47, 3.505]]]}}, {"type": "Feature", "properties": {"value": 11.7042, "sigma": 7.2235}, "geometry": {"type": "Polygon", "coordinates": [[[-76.465, 3.505], [-76.46, 3.505], [-76.46, 3.51], [-76.465, 3.51], [-76.465, 3.505]]]}}, {"type": "Feature", "properties": {"value": 11.8631, "sigma": 7.2235}, "geometry": {"type": "Polygon", "coordinates": [[[-76.46, 3.505], [-76.455, 3.505], [-76.455, 3.51], [-76.46, 3.51], [-76.46, 3.505]]]}}, {"type": "Feature", "properties": {"value": 11.545, "sigma": 7.2235}, "geometry": {"type": "Polygon", "coordinates": [[[-76.455, 3.505], [-76.45, 3.505], [-76.45, 3.51], [-76.455, 3.51], [-76.455, 3.505]]]}}, {"type": "Feature", "properties": {"value": 10.9897, "sigma": 7.2235}, "geometry": {"type": "Polygon", "coordinates": [[[-76.45, 3.505], [-76.445, 3.505], [-76.445, 3.51], [-76.45, 3.51], [-76.45, 3.505]]]}}, {"type": "Feature", "properties": {"value": 10.4719, "sigma": 7.2235}, "geometry": {"type": "Polygon", "coordinates": [[[-76.445, 3.505], [-76.44, 3.505], [-76.44, 3.51], [-76.445, 3.51], [-76.445, 3.505]]]}}, {"type": "Feature", "properties": {"value": 10.0986, "sigma": 7.2235}, "geometry": {"type": "Polygon", "coordinates": [[[-76.44, 3.505], [-76.435, 3.505], [-76.435, 3.51], [-76.44, 3.51], [-76.44, 3.505]]]}}, {"type": "Feature", "properties": {"value": 9.8702, "sigma": 7.2235}, "geometry": {"type": "Polygon", "coordinates": [[[-76.435, 3.505], [-76.43, 3.505], [-76.43, 3.51], [-76.435, 3.51], [-76.435, 3.505]]]}}, {"type": "Feature", "properties": {"value": 9.7614, "sigma": 7.2235}, "geometry": {"type": "Polygon", "coordinates": [[[-76.43, 3.505], [-76.425, 3.505], [-76.425, 3.51], [-76.43, 3.51], [-76.43, 3.505]]]}}, {"type": "Feature", "properties": {"value": 9.748, "sigma": 7.2235}, "geometry": {"type": "Polygon", "coordinates": [[[-76.425, 3.505], [-76.42, 3.505], [-76.42, 3.51], [-76.425, 3.51], [-76.425, 3.505]]]}}, {"type": "Feature", "properties": {"value": 9.8035, "sigma": 7.2235}, "geometry": {"type": "Polygon", "coordinates": [[[-76.42, 3.505], [-76.415, 3.505], [-76.415, 3.51], [-76.42, 3.51], [-76.42, 3.505]]]}}, {"type": "Feature", "properties": {"value": 9.8888, "sigma": 7.2235}, "geometry": {"type": "Polygon", "coordinates": [[[-76.415, 3.505], [-76.41, 3.505], [-76.41, 3.51], [-76.415, 3.51], [-76.415, 3.505]]]}}, {"type": "Feature", "properties": {"value": 9.9533, "sigma": 7.2235}, "geometry": {"type": "Polygon", "coordinates": [[[-76.41, 3.505], [-76.405, 3.505], [-76.405, 3.51], [-76.41, 3.51], [-76.41, 3.505]]]}}, {"type": "Feature", "properties": {"value": 9.9552, "sigma": 7.2235}, "geometry": {"type": "Polygon", "coordinates": [[[-76.405, 3.505], [-76.4, 3.505], [-76.4, 3.51], [-76.405, 3.51], [-76.405, 3.505]]]}}, {"type": "Feature", "properties": {"value": 12.1288, "sigma": 7.2235}, "geometry": {"type": "Polygon", "coordinates": [[[-76.6, 3.51], [-76.595, 3.51], [-76.595, 3.515], [-76.6, 3.515], [-76.6, 3.51]]]}}, {"type": "Feature", "properties": {"value": 12.5369, "sigma": 7.2235}, "geometry": {"type": "Polygon", "coordinates": [[[-76.595, 3.51], [-76.59, 3.51], [-76.59, 3.515], [-76.595, 3.515], [-76.595, 3.51]]]}}, {"type": "Feature", "properties": {"value": 12.8573, "sigma": 7.2235}, "geometry": {"type": "Polygon", "coordinates": [[[-76.59, 3.51], [-76.585, 3.51], [-76.585, 3.515], [-76.59, 3.515], [-76.59, 3.51]]]}}, {"type": "Feature", "properties": {"value": 12.8573, "sigma": 7.2235}, "geometry": {"type": "Polygon", "coordinates": [[[-76.585, 3.51], [-76.58, 3.51], [-76.58, 3.515], [-76.585, 3.515], [-76.585, 3.51]]]}}, {"type": "Feature", "properties": {"value": 12.8573, "sigma": 7.2235}, "geometry": {"type": "Polygon", "coordinates": [[[-76.58, 3.51], [-76.575, 3.51], [-76.575, 3.515], [-76.58, 3.515], [-76.58, 3.51]]]}}, {"type": "Feature", "properties": {"value": 12.8573, "sigma": 7.2235}, "geometry": {"type": "Polygon", "coordinates": [[[-76.575, 3.51], [-76.57, 3.51], [-76.57, 3.515], [-76.575, 3.515], [-76.575, 3.51]]]}}, {"type": "Feature", "properties": {"value": 12.8573, "sigma": 7.2235}, "geometry": {"type": "Polygon", "coordinates": [[[-76.57, 3.51], [-76.565, 3.51], [-76.565, 3.515], [-76.57, 3.515], [-76.57, 3.51]]]}}, {"type": "Feature", "properties": {"value": 12.376, "sigma": 7.2235}, "geometry": {"type": "Polygon", "coordinates": [[[-76.565, 3.51], [-76.56, 3.51], [-76.56, 3.515], [-76.565, 3.515], [-76.565, 3.51]]]}}, {"type": "Feature", "properties": {"value": 11.5404, "sigma": 7.2235}, "geometry": {"type": "Polygon", "coordinates": [[[-76.56, 3.51], [-76.555, 3.51], [-76.555, 3.515], [-76.56, 3.515], [-76.56, 3.51]]]}}, {"type": "Feature", "properties": {"value": 10.5642, "sigma": 7.2235}, "geometry": {"type": "Polygon", "coordinates": [[[-76.555, 3.51], [-76.55, 3.51], [-76.55, 3.515], [-76.555, 3.515], [-76.555, 3.51]]]}}, {"type": "Feature", "properties": {"value": 9.513, "sigma": 7.2235}, "geometry": {"type": "Polygon", "coordinates": [[[-76.55, 3.51], [-76.545, 3.51], [-76.545, 3.515], [-76.55, 3.515], [-76.55, 3.51]]]}}, {"type": "Feature", "properties": {"value": 8.4347, "sigma": 7.2235}, "geometry": {"type": "Polygon", "coordinates": [[[-76.545, 3.51], [-76.54, 3.51], [-76.54, 3.515], [-76.545, 3.515], [-76.545, 3.51]]]}}, {"type": "Feature", "properties": {"value": 7.3963, "sigma": 7.2235}, "geometry": {"type": "Polygon", "coordinates": [[[-76.54, 3.51], [-76.535, 3.51], [-76.535, 3.515], [-76.54, 3.515], [-76.54, 3.51]]]}}, {"type": "Feature", "properties": {"value": 6.5495, "sigma": 7.2235}, "geometry": {"type": "Polygon", "coordinates": [[[-76.535, 3.51], [-76.53, 3.51], [-76.53, 3.515], [-76.535, 3.515], [-76.535, 3.51]]]}}, {"type": "Feature", "properties": {"value": 6.1295, "sigma": 7.2235}, "geometry": {"type": "Polygon", "coordinates": [[[-76.53, 3.51], [-76.525, 3.51], [-76.525, 3.515], [-76.53, 3.515], [-76.53, 3.51]]]}}, {"type": "Feature", "properties": {"value": 6.258, "sigma": 7.2235}, "geometry": {"type": "Polygon", "coordinates": [[[-76.525, 3.51], [-76.52, 3.51], [-76.52, 3.515], [-76.525, 3.515], [-76.525, 3.51]]]}}, {"type": "Feature", "properties": {"value": 6.7633, "sigma": 7.2235}, "geometry": {"type": "Polygon", "coordinates": [[[-76.52, 3.51], [-76.515, 3.51], [-76.515, 3.515], [-76.52, 3.515], [-76.52, 3.51]]]}}, {"type": "Feature", "properties": {"value": 7.3592, "sigma": 7.2235}, "geometry": {"type": "Polygon", "coordinates": [[[-76.515, 3.51], [-76.51, 3.51], [-76.51, 3.515], [-76.515, 3.515], [-76.515, 3.51]]]}}, {"type": "Feature", "properties": {"value": 7.8813, "sigma": 7.2235}, "geometry": {"type": "Polygon", "coordinates": [[[-76.51, 3.51], [-76.505, 3.51], [-76.505, 3.515], [-76.51, 3.515], [-76.51, 3.51]]]}}, {"type": "Feature", "properties": {"value": 8.2983, "sigma": 7.2235}, "geometry": {"type": "Polygon", "coordinates": [[[-76.505, 3.51], [-76.5, 3.51], [-76.5, 3.515], [-76.505, 3.515], [-76.505, 3.51]]]}}, {"type": "Feature", "properties": {"value": 8.6363, "sigma": 7.2235}, "geometry": {"type": "Polygon", "coordinates": [[[-76.5, 3.51], [-76.495, 3.51], [-76.495, 3.515], [-76.5, 3.515], [-76.5, 3.51]]]}}, {"type": "Feature", "properties": {"value": 8.9337, "sigma": 7.2235}, "geometry": {"type": "Polygon", "coordinates": [[[-76.495, 3.51], [-76.49, 3.51], [-76.49, 3.515], [-76.495, 3.515], [-76.495, 3.51]]]}}, {"type": "Feature", "properties": {"value": 9.2266, "sigma": 7.2235}, "geometry": {"type": "Polygon", "coordinates": [[[-76.49, 3.51], [-76.485, 3.51], [-76.485, 3.515], [-76.49, 3.515], [-76.49, 3.51]]]}}, {"type": "Feature", "properties": {"value": 9.5475, "sigma": 7.2235}, "geometry": {"type": "Polygon", "coordinates": [[[-76.485, 3.51], [-76.48, 3.51], [-76.48, 3.515], [-76.485, 3.515], [-76.485, 3.51]]]}}, {"type": "Feature", "properties": {"value": 9.9215, "sigma": 7.2235}, "geometry": {"type": "Polygon", "coordinates": [[[-76.48, 3.51], [-76.475, 3.51], [-76.475, 3.515], [-76.48, 3.515], [-76.48, 3.51]]]}}, {"type": "Feature", "properties": {"value": 10.3552, "sigma": 7.2235}, "geometry": {"type": "Polygon", "coordinates": [[[-76.475, 3.51], [-76.47, 3.51], [-76.47, 3.515], [-76.475, 3.515], [-76.475, 3.51]]]}}, {"type": "Feature", "properties": {"value": 10.8083, "sigma": 7.2235}, "geometry": {"type": "Polygon", "coordinates": [[[-76.47, 3.51], [-76.465, 3.51], [-76.465, 3.515], [-76.47, 3.515], [-76.47, 3.51]]]}}, {"type": "Feature", "properties": {"value": 11.1642, "sigma": 7.2235}, "geometry": {"type": "Polygon", "coordinates": [[[-76.465, 3.51], [-76.46, 3.51], [-76.46, 3.515], [-76.465, 3.515], [-76.465, 3.51]]]}}, {"type": "Feature", "properties": {"value": 11.2707, "sigma": 7.2235}, "geometry": {"type": "Polygon", "coordinates": [[[-76.46, 3.51], [-76.455, 3.51], [-76.455, 3.515], [-76.46, 3.515], [-76.46, 3.51]]]}}, {"type": "Feature", "properties": {"value": 11.0826, "sigma": 7.2235}, "geometry": {"type": "Polygon", "coordinates": [[[-76.455, 3.51], [-76.45, 3.51], [-76.45, 3.515], [-76.455, 3.515], [-76.455, 3.51]]]}}, {"type": "Feature", "properties": {"value": 10.7211, "sigma": 7.2235}, "geometry": {"type": "Polygon", "coordinates": [[[-76.45, 3.51], [-76.445, 3.51], [-76.445, 3.515], [-76.45, 3.515], [-76.45, 3.51]]]}}, {"type": "Feature", "properties": {"value": 10.3463, "sigma": 7.2235}, "geometry": {"type": "Polygon", "coordinates": [[[-76.445, 3.51], [-76.44, 3.51], [-76.44, 3.515], [-76.445, 3.515], [-76.445, 3.51]]]}}, {"type": "Feature", "properties": {"value": 10.0464, "sigma": 7.2235}, "geometry": {"type": "Polygon", "coordinates": [[[-76.44, 3.51], [-76.435, 3.51], [-76.435, 3.515], [-76.44, 3.515], [-76.44, 3.51]]]}}, {"type": "Feature", "properties": {"value": 9.843, "sigma": 7.2235}, "geometry": {"type": "Polygon", "coordinates": [[[-76.435, 3.51], [-76.43, 3.51], [-76.43, 3.515], [-76.435, 3.515], [-76.435, 3.51]]]}}, {"type": "Feature", "properties": {"value": 9.7282, "sigma": 7.2235}, "geometry": {"type": "Polygon", "coordinates": [[[-76.43, 3.51], [-76.425, 3.51], [-76.425, 3.515], [-76.43, 3.515], [-76.43, 3.51]]]}}, {"type": "Feature", "properties": {"value": 9.6855, "sigma": 7.2235}, "geometry": {"type": "Polygon", "coordinates": [[[-76.425, 3.51], [-76.42, 3.51], [-76.42, 3.515], [-76.425, 3.515], [-76.425, 3.51]]]}}, {"type": "Feature", "properties": {"value": 9.6938, "sigma": 7.2235}, "geometry": {"type": "Polygon", "coordinates": [[[-76.42, 3.51], [-76.415, 3.51], [-76.415, 3.515], [-76.42, 3.515], [-76.42, 3.51]]]}}, {"type": "Feature", "properties": {"value": 9.7256, "sigma": 7.2235}, "geometry": {"type": "Polygon", "coordinates": [[[-76.415, 3.51], [-76.41, 3.51], [-76.41, 3.515], [-76.415, 3.515], [-76.415, 3.51]]]}}, {"type": "Feature", "properties": {"value": 9.7493, "sigma": 7.2235}, "geometry": {"type": "Polygon", "coordinates": [[[-76.41, 3.51], [-76.405, 3.51], [-76.405, 3.515], [-76.41, 3.515], [-76.41, 3.51]]]}}, {"type": "Feature", "properties": {"value": 9.7396, "sigma": 7.2235}, "geometry": {"type": "Polygon", "coordinates": [[[-76.405, 3.51], [-76.4, 3.51], [-76.4, 3.515], [-76.405, 3.515], [-76.405, 3.51]]]}}, {"type": "Feature", "properties": {"value": 12.0919, "sigma": 7.2235}, "geometry": {"type": "Polygon", "coordinates": [[[-76.6, 3.515], [-76.595, 3.515], [-76.595, 3.52], [-76.6, 3.52], [-76.6, 3.515]]]}}, {"type": "Feature", "properties": {"value": 12.4724, "sigma": 7.2235}, "geometry": {"type": "Polygon", "coordinates": [[[-76.595, 3.515], [-76.59, 3.515], [-76.59, 3.52], [-76.595, 3.52], [-76.595, 3.515]]]}}, {"type": "Feature", "properties": {"value": 12.828, "sigma": 7.2235}, "geometry": {"type": "Polygon", "coordinates": [[[-76.59, 3.515], [-76.585, 3.515], [-76.585, 3.52], [-76.59, 3.52], [-76.59, 3.515]]]}}, {"type": "Feature", "properties": {"value": 12.8573, "sigma": 7.2235}, "geometry": {"type": "Polygon", "coordinates": [[[-76.585, 3.515], [-76.58, 3.515], [-76.58, 3.52], [-76.585, 3.52], [-76.585, 3.515]]]}}, {"type": "Feature", "properties": {"value": 12.8573, "sigma": 7.2235}, "geometry": {"type": "Polygon", "coordinates": [[[-76.58, 3.515], [-76.575, 3.515], [-76.575, 3.52], [-76.58, 3.52], [-76.58, 3.515]]]}}, {"type": "Feature", "properties": {"value": 12.8573, "sigma": 7.2235}, "geometry": {"type": "Polygon", "coordinates": [[[-76.575, 3.515], [-76.57, 3.515], [-76.57, 3.52], [-76.575, 3.52], [-76.575, 3.515]]]}}, {"type": "Feature", "properties": {"value": 12.8461, "sigma": 7.2235}, "geometry": {"type": "Polygon", "coordinates": [[[-76.57, 3.515], [-76.565, 3.515], [-76.565, 3.52], [-76.57, 3.52], [-76.57, 3.515]]]}}, {"type": "Feature", "properties": {"value": 12.267, "sigma": 7.2235}, "geometry": {"type": "Polygon", "coordinates": [[[-76.565, 3.515], [-76.56, 3.515], [-76.56, 3.52], [-76.565, 3.52], [-76.565, 3.515]]]}}, {"type": "Feature", "properties": {"value": 11.4826, "sigma": 7.2235}, "geometry": {"type": "Polygon", "coordinates": [[[-76.56, 3.515], [-76.555, 3.515], [-76.555, 3.52], [-76.56, 3.52], [-76.56, 3.515]]]}}, {"type": "Feature", "properties": {"value": 10.5623, "sigma": 7.2235}, "geometry": {"type": "Polygon", "coordinates": [[[-76.555, 3.515], [-76.55, 3.515], [-76.55, 3.52], [-76.555, 3.52], [-76.555, 3.515]]]}}, {"type": "Feature", "properties": {"value": 9.572, "sigma": 7.2235}, "geometry": {"type": "Polygon", "coordinates": [[[-76.55, 3.515], [-76.545, 3.515], [-76.545, 3.52], [-76.55, 3.52], [-76.55, 3.515]]]}}, {"type": "Feature", "properties": {"value": 8.5695, "sigma": 7.2235}, "geometry": {"type": "Polygon", "coordinates": [[[-76.545, 3.515], [-76.54, 3.515], [-76.54, 3.52], [-76.545, 3.52], [-76.545, 3.515]]]}}, {"type": "Feature", "properties": {"value": 7.6312, "sigma": 7.2235}, "geometry": {"type": "Polygon", "coordinates": [[[-76.54, 3.515], [-76.535, 3.515], [-76.535, 3.52], [-76.54, 3.52], [-76.54, 3.515]]]}}, {"type": "Feature", "properties": {"value": 6.8919, "sigma": 7.2235}, "geometry": {"type": "Polygon", "coordinates": [[[-76.535, 3.515], [-76.53, 3.515], [-76.53, 3.52], [-76.535, 3.52], [-76.535, 3.515]]]}}, {"type": "Feature", "properties": {"value": 6.524, "sigma": 7.2235}, "geometry": {"type": "Polygon", "coordinates": [[[-76.53, 3.515], [-76.525, 3.515], [-76.525, 3.52], [-76.53, 3.52], [-76.53, 3.515]]]}}, {"type": "Feature", "properties": {"value": 6.5991, "sigma": 7.2235}, "geometry": {"type": "Polygon", "coordinates": [[[-76.525, 3.515], [-76.52, 3.515], [-76.52, 3.52], [-76.525, 3.52], [-76.525, 3.515]]]}}, {"type": "Feature", "properties": {"value": 6.9875, "sigma": 7.2235}, "geometry": {"type": "Polygon", "coordinates": [[[-76.52, 3.515], [-76.515, 3.515], [-76.515, 3.52], [-76.52, 3.52], [-76.52, 3.515]]]}}, {"type": "Feature", "properties": {"value": 7.477, "sigma": 7.2235}, "geometry": {"type": "Polygon", "coordinates": [[[-76.515, 3.515], [-76.51, 3.515], [-76.51, 3.52], [-76.515, 3.52], [-76.515, 3.515]]]}}, {"type": "Feature", "properties": {"value": 7.9312, "sigma": 7.2235}, "geometry": {"type": "Polygon", "coordinates": [[[-76.51, 3.515], [-76.505, 3.515], [-76.505, 3.52], [-76.51, 3.52], [-76.51, 3.515]]]}}, {"type": "Feature", "properties": {"value": 8.3111, "sigma": 7.2235}, "geometry": {"type": "Polygon", "coordinates": [[[-76.505, 3.515], [-76.5, 3.515], [-76.5, 3.52], [-76.505, 3.52], [-76.505, 3.515]]]}}, {"type": "Feature", "properties": {"value": 8.6283, "sigma": 7.2235}, "geometry": {"type": "Polygon", "coordinates": [[[-76.5, 3.515], [-76.495, 3.515], [-76.495, 3.52], [-76.5, 3.52], [-76.5, 3.515]]]}}, {"type": "Feature", "properties": {"value": 8.9092, "sigma": 7.2235}, "geometry": {"type": "Polygon", "coordinates": [[[-76.495, 3.515], [-76.49, 3.515], [-76.49, 3.52], [-76.495, 3.52], [-76.495, 3.515]]]}}, {"type": "Feature", "properties": {"value": 9.1805, "sigma": 7.2235}, "geometry": {"type": "Polygon", "coordinates": [[[-76.49, 3.515], [-76.485, 3.515], [-76.485, 3.52], [-76.49, 3.52], [-76.49, 3.515]]]}}, {"type": "Feature", "properties": {"value": 9.4642, "sigma": 7.2235}, "geometry": {"type": "Polygon", "coordinates": [[[-76.485, 3.515], [-76.48, 3.515], [-76.48, 3.52], [-76.485, 3.52], [-76.485, 3.515]]]}}, {"type": "Feature", "properties": {"value": 9.7731, "sigma": 7.2235}, "geometry": {"type": "Polygon", "coordinates": [[[-76.48, 3.515], [-76.475, 3.515], [-76.475, 3.52], [-76.48, 3.52], [-76.48, 3.515]]]}}, {"type": "Feature", "properties": {"value": 10.1024, "sigma": 7.2235}, "geometry": {"type": "Polygon", "coordinates": [[[-76.475, 3.515], [-76.47, 3.515], [-76.47, 3.52], [-76.475, 3.52], [-76.475, 3.515]]]}}, {"type": "Feature", "properties": {"value": 10.4173, "sigma": 7.2235}, "geometry": {"type": "Polygon", "coordinates": [[[-76.47, 3.515], [-76.465, 3.515], [-76.465, 3.52], [-76.47, 3.52], [-76.47, 3.515]]]}}, {"type": "Feature", "properties": {"value": 10.6486, "sigma": 7.2235}, "geometry": {"type": "Polygon", "coordinates": [[[-76.465, 3.515], [-76.46, 3.515], [-76.46, 3.52], [-76.465, 3.52], [-76.465, 3.515]]]}}, {"type": "Feature", "properties": {"value": 10.7238, "sigma": 7.2235}, "geometry": {"type": "Polygon", "coordinates": [[[-76.46, 3.515], [-76.455, 3.515], [-76.455, 3.52], [-76.46, 3.52], [-76.46, 3.515]]]}}, {"type": "Feature", "properties": {"value": 10.6249, "sigma": 7.2235}, "geometry": {"type": "Polygon", "coordinates": [[[-76.455, 3.515], [-76.45, 3.515], [-76.45, 3.52], [-76.455, 3.52], [-76.455, 3.515]]]}}, {"type": "Feature", "properties": {"value": 10.4092, "sigma": 7.2235}, "geometry": {"type": "Polygon", "coordinates": [[[-76.45, 3.515], [-76.445, 3.515], [-76.445, 3.52], [-76.45, 3.52], [-76.45, 3.515]]]}}, {"type": "Feature", "properties": {"value": 10.1616, "sigma": 7.2235}, "geometry": {"type": "Polygon", "coordinates": [[[-76.445, 3.515], [-76.44, 3.515], [-76.44, 3.52], [-76.445, 3.52], [-76.445, 3.515]]]}}, {"type": "Feature", "properties": {"value": 9.9427, "sigma": 7.2235}, "geometry": {"type": "Polygon", "coordinates": [[[-76.44, 3.515], [-76.435, 3.515], [-76.435, 3.52], [-76.44, 3.52], [-76.44, 3.515]]]}}, {"type": "Feature", "properties": {"value": 9.7784, "sigma": 7.2235}, "geometry": {"type": "Polygon", "coordinates": [[[-76.435, 3.515], [-76.43, 3.515], [-76.43, 3.52], [-76.435, 3.52], [-76.435, 3.515]]]}}, {"type": "Feature", "properties": {"value": 9.6722, "sigma": 7.2235}, "geometry": {"type": "Polygon", "coordinates": [[[-76.43, 3.515], [-76.425, 3.515], [-76.425, 3.52], [-76.43, 3.52], [-76.43, 3.515]]]}}, {"type": "Feature", "properties": {"value": 9.6164, "sigma": 7.2235}, "geometry": {"type": "Polygon", "coordinates": [[[-76.425, 3.515], [-76.42, 3.515], [-76.42, 3.52], [-76.425, 3.52], [-76.425, 3.515]]]}}, {"type": "Feature", "properties": {"value": 9.5969, "sigma": 7.2235}, "geometry": {"type": "Polygon", "coordinates": [[[-76.42, 3.515], [-76.415, 3.515], [-76.415, 3.52], [-76.42, 3.52], [-76.42, 3.515]]]}}, {"type": "Feature", "properties": {"value": 9.5957, "sigma": 7.2235}, "geometry": {"type": "Polygon", "coordinates": [[[-76.415, 3.515], [-76.41, 3.515], [-76.41, 3.52], [-76.415, 3.52], [-76.415, 3.515]]]}}, {"type": "Feature", "properties": {"value": 9.5931, "sigma": 7.2235}, "geometry": {"type": "Polygon", "coordinates": [[[-76.41, 3.515], [-76.405, 3.515], [-76.405, 3.52], [-76.41, 3.52], [-76.41, 3.515]]]}}, {"type": "Feature", "properties": {"value": 9.5733, "sigma": 7.2235}, "geometry": {"type": "Polygon", "coordinates": [[[-76.405, 3.515], [-76.4, 3.515], [-76.4, 3.52], [-76.405, 3.52], [-76.405, 3.515]]]}}, {"type": "Feature", "properties": {"value": 11.9651, "sigma": 7.2235}, "geometry": {"type": "Polygon", "coordinates": [[[-76.6, 3.52], [-76.595, 3.52], [-76.595, 3.525], [-76.6, 3.525], [-76.6, 3.52]]]}}, {"type": "Feature", "properties": {"value": 12.2977, "sigma": 7.2235}, "geometry": {"type": "Polygon", "coordinates": [[[-76.595, 3.52], [-76.59, 3.52], [-76.59, 3.525], [-76.595, 3.525], [-76.595, 3.52]]]}}, {"type": "Feature", "properties": {"value": 12.5986, "sigma": 7.2235}, "geometry": {"type": "Polygon", "coordinates": [[[-76.59, 3.52], [-76.585, 3.52], [-76.585, 3.525], [-76.59, 3.525], [-76.59, 3.52]]]}}, {"type": "Feature", "properties": {"value": 12.8237, "sigma": 7.2235}, "geometry": {"type": "Polygon", "coordinates": [[[-76.585, 3.52], [-76.58, 3.52], [-76.58, 3.525], [-76.585, 3.525], [-76.585, 3.52]]]}}, {"type": "Feature", "properties": {"value": 12.8573, "sigma": 7.2235}, "geometry": {"type": "Polygon", "coordinates": [[[-76.58, 3.52], [-76.575, 3.52], [-76.575, 3.525], [-76.58, 3.525], [-76.58, 3.52]]]}}, {"type": "Feature", "properties": {"value": 12.83, "sigma": 7.2235}, "geometry": {"type": "Polygon", "coordinates": [[[-76.575, 3.52], [-76.57, 3.52], [-76.57, 3.525], [-76.575, 3.525], [-76.575, 3.52]]]}}, {"type": "Feature", "properties": {"value": 12.5254, "sigma": 7.2235}, "geometry": {"type": "Polygon", "coordinates": [[[-76.57, 3.52], [-76.565, 3.52], [-76.565, 3.525], [-76.57, 3.525], [-76.57, 3.52]]]}}, {"type": "Feature", "properties": {"value": 12.0073, "sigma": 7.2235}, "geometry": {"type": "Polygon", "coordinates": [[[-76.565, 3.52], [-76.56, 3.52], [-76.56, 3.525], [-76.565, 3.525], [-76.565, 3.52]]]}}, {"type": "Feature", "properties": {"value": 11.3147, "sigma": 7.2235}, "geometry": {"type": "Polygon", "coordinates": [[[-76.56, 3.52], [-76.555, 3.52], [-76.555, 3.525], [-76.56, 3.525], [-76.56, 3.52]]]}}, {"type": "Feature", "properties": {"value": 10.5071, "sigma": 7.2235}, "geometry": {"type": "Polygon", "coordinates": [[[-76.555, 3.52], [-76.55, 3.52], [-76.55, 3.525], [-76.555, 3.525], [-76.555, 3.52]]]}}, {"type": "Feature", "properties": {"value": 9.6471, "sigma": 7.2235}, "geometry": {"type": "Polygon", "coordinates": [[[-76.55, 3.52], [-76.545, 3.52], [-76.545, 3.525], [-76.55, 3.525], [-76.55, 3.52]]]}}, {"type": "Feature", "properties": {"value": 8.7963, "sigma": 7.2235}, "geometry": {"type": "Polygon", "coordinates": [[[-76.545, 3.52], [-76.54, 3.52], [-76.54, 3.525], [-76.545, 3.525], [-76.545, 3.52]]]}}, {"type": "Feature", "properties": {"value": 8.028, "sigma": 7.2235}, "geometry": {"type": "Polygon", "coordinates": [[[-76.54, 3.52], [-76.535, 3.52], [-76.535, 3.525], [-76.54, 3.525], [-76.54, 3.52]]]}}, {"type": "Feature", "properties": {"value": 7.4407, "sigma": 7.2235}, "geometry": {"type": "Polygon", "coordinates": [[[-76.535, 3.52], [-76.53, 3.52], [-76.53, 3.525], [-76.535, 3.525], [-76.535, 3.52]]]}}, {"type": "Feature", "properties": {"value": 7.1345, "sigma": 7.2235}, "geometry": {"type": "Polygon", "coordinates": [[[-76.53, 3.52], [-76.525, 3.52], [-76.525, 3.525], [-76.53, 3.525], [-76.53, 3.52]]]}}, {"type": "Feature", "properties": {"value": 7.1395, "sigma": 7.2235}, "geometry": {"type": "Polygon", "coordinates": [[[-76.525, 3.52], [-76.52, 3.52], [-76.52, 3.525], [-76.525, 3.525], [-76.525, 3.52]]]}}, {"type": "Feature", "properties": {"value": 7.3766, "sigma": 7.2235}, "geometry": {"type": "Polygon", "coordinates": [[[-76.52, 3.52], [-76.515, 3.52], [-76.515, 3.525], [-76.52, 3.525], [-76.52, 3.52]]]}}, {"type": "Feature", "properties": {"value": 7.7163, "sigma": 7.2235}, "geometry": {"type": "Polygon", "coordinates": [[[-76.515, 3.52], [-76.51, 3.52], [-76.51, 3.525], [-76.515, 3.525], [-76.515, 3.52]]]}}, {"type": "Feature", "properties": {"value": 8.062, "sigma": 7.2235}, "geometry": {"type": "Polygon", "coordinates": [[[-76.51, 3.52], [-76.505, 3.52], [-76.505, 3.525], [-76.51, 3.525], [-76.51, 3.52]]]}}, {"type": "Feature", "properties": {"value": 8.3729, "sigma": 7.2235}, "geometry": {"type": "Polygon", "coordinates": [[[-76.505, 3.52], [-76.5, 3.52], [-76.5, 3.525], [-76.505, 3.525], [-76.505, 3.52]]]}}, {"type": "Feature", "properties": {"value": 8.6459, "sigma": 7.2235}, "geometry": {"type": "Polygon", "coordinates": [[[-76.5, 3.52], [-76.495, 3.52], [-76.495, 3.525], [-76.5, 3.525], [-76.5, 3.52]]]}}, {"type": "Feature", "properties": {"value": 8.8935, "sigma": 7.2235}, "geometry": {"type": "Polygon", "coordinates": [[[-76.495, 3.52], [-76.49, 3.52], [-76.49, 3.525], [-76.495, 3.525], [-76.495, 3.52]]]}}, {"type": "Feature", "properties": {"value": 9.1309, "sigma": 7.2235}, "geometry": {"type": "Polygon", "coordinates": [[[-76.49, 3.52], [-76.485, 3.52], [-76.485, 3.525], [-76.49, 3.525], [-76.49, 3.52]]]}}, {"type": "Feature", "properties": {"value": 9.3704, "sigma": 7.2235}, "geometry": {"type": "Polygon", "coordinates": [[[-76.485, 3.52], [-76.48, 3.52], [-76.48, 3.525], [-76.485, 3.525], [-76.485, 3.52]]]}}, {"type": "Feature", "properties": {"value": 9.6167, "sigma": 7.2235}, "geometry": {"type": "Polygon", "coordinates": [[[-76.48, 3.52], [-76.475, 3.52], [-76.475, 3.525], [-76.48, 3.525], [-76.48, 3.52]]]}}, {"type": "Feature", "properties": {"value": 9.8619, "sigma": 7.2235}, "geometry": {"type": "Polygon", "coordinates": [[[-76.475, 3.52], [-76.47, 3.52], [-76.47, 3.525], [-76.475, 3.525], [-76.475, 3.52]]]}}, {"type": "Feature", "properties": {"value": 10.0816, "sigma": 7.2235}, "geometry": {"type": "Polygon", "coordinates": [[[-76.47, 3.52], [-76.465, 3.52], [-76.465, 3.525], [-76.47, 3.525], [-76.47, 3.52]]]}}, {"type": "Feature", "properties": {"value": 10.2376, "sigma": 7.2235}, "geometry": {"type": "Polygon", "coordinates": [[[-76.465, 3.52], [-76.46, 3.52], [-76.46, 3.525], [-76.465, 3.525], [-76.465, 3.52]]]}}, {"type": "Feature", "properties": {"value": 10.2957, "sigma": 7.2235}, "geometry": {"type": "Polygon", "coordinates": [[[-76.46, 3.52], [-76.455, 3.52], [-76.455, 3.525], [-76.46, 3.525], [-76.46, 3.52]]]}}, {"type": "Feature", "properties": {"value": 10.249, "sigma": 7.2235}, "geometry": {"type": "Polygon", "coordinates": [[[-76.455, 3.52], [-76.45, 3.52], [-76.45, 3.525], [-76.455, 3.525], [-76.455, 3.52]]]}}, {"type": "Feature", "properties": {"value": 10.1252, "sigma": 7.2235}, "geometry": {"type": "Polygon", "coordinates": [[[-76.45, 3.52], [-76.445, 3.52], [-76.445, 3.525], [-76.45, 3.525], [-76.45, 3.52]]]}}, {"type": "Feature", "properties": {"value": 9.9684, "sigma": 7.2235}, "geometry": {"type": "Polygon", "coordinates": [[[-76.445, 3.52], [-76.44, 3.52], [-76.44, 3.525], [-76.445, 3.525], [-76.445, 3.52]]]}}, {"type": "Feature", "properties": {"value": 9.8165, "sigma": 7.2235}, "geometry": {"type": "Polygon", "coordinates": [[[-76.44, 3.52], [-76.435, 3.52], [-76.435, 3.525], [-76.44, 3.525], [-76.44, 3.52]]]}}, {"type": "Feature", "properties": {"value": 9.6916, "sigma": 7.2235}, "geometry": {"type": "Polygon", "coordinates": [[[-76.435, 3.52], [-76.43, 3.52], [-76.43, 3.525], [-76.435, 3.525], [-76.435, 3.52]]]}}, {"type": "Feature", "properties": {"value": 9.601, "sigma": 7.2235}, "geometry": {"type": "Polygon", "coordinates": [[[-76.43, 3.52], [-76.425, 3.52], [-76.425, 3.525], [-76.43, 3.525], [-76.43, 3.52]]]}}, {"type": "Feature", "properties": {"value": 9.5429, "sigma": 7.2235}, "geometry": {"type": "Polygon", "coordinates": [[[-76.425, 3.52], [-76.42, 3.52], [-76.42, 3.525], [-76.425, 3.525], [-76.425, 3.52]]]}}, {"type": "Feature", "properties": {"value": 9.5095, "sigma": 7.2235}, "geometry": {"type": "Polygon", "coordinates": [[[-76.42, 3.52], [-76.415, 3.52], [-76.415, 3.525], [-76.42, 3.525], [-76.42, 3.52]]]}}, {"type": "Feature", "properties": {"value": 9.4897, "sigma": 7.2235}, "geometry": {"type": "Polygon", "coordinates": [[[-76.415, 3.52], [-76.41, 3.52], [-76.41, 3.525], [-76.415, 3.525], [-76.415, 3.52]]]}}, {"type": "Feature", "properties": {"value": 9.4713, "sigma": 7.2235}, "geometry": {"type": "Polygon", "coordinates": [[[-76.41, 3.52], [-76.405, 3.52], [-76.405, 3.525], [-76.41, 3.525], [-76.41, 3.52]]]}}, {"type": "Feature", "properties": {"value": 9.4442, "sigma": 7.2235}, "geometry": {"type": "Polygon", "coordinates": [[[-76.405, 3.52], [-76.4, 3.52], [-76.4, 3.525], [-76.405, 3.525], [-76.405, 3.52]]]}}, {"type": "Feature", "properties": {"value": 11.7736, "sigma": 7.2235}, "geometry": {"type": "Polygon", "coordinates": [[[-76.6, 3.525], [-76.595, 3.525], [-76.595, 3.53], [-76.6, 3.53], [-76.6, 3.525]]]}}, {"type": "Feature", "properties": {"value": 12.0489, "sigma": 7.2235}, "geometry": {"type": "Polygon", "coordinates": [[[-76.595, 3.525], [-76.59, 3.525], [-76.59, 3.53], [-76.595, 3.53], [-76.595, 3.525]]]}}, {"type": "Feature", "properties": {"value": 12.287, "sigma": 7.2235}, "geometry": {"type": "Polygon", "coordinates": [[[-76.59, 3.525], [-76.585, 3.525], [-76.585, 3.53], [-76.59, 3.53], [-76.59, 3.525]]]}}, {"type": "Feature", "properties": {"value": 12.4518, "sigma": 7.2235}, "geometry": {"type": "Polygon", "coordinates": [[[-76.585, 3.525], [-76.58, 3.525], [-76.58, 3.53], [-76.585, 3.53], [-76.585, 3.525]]]}}, {"type": "Feature", "properties": {"value": 12.5017, "sigma": 7.2235}, "geometry": {"type": "Polygon", "coordinates": [[[-76.58, 3.525], [-76.575, 3.525], [-76.575, 3.53], [-76.58, 3.53], [-76.58, 3.525]]]}}, {"type": "Feature", "properties": {"value": 12.3987, "sigma": 7.2235}, "geometry": {"type": "Polygon", "coordinates": [[[-76.575, 3.525], [-76.57, 3.525], [-76.57, 3.53], [-76.575, 3.53], [-76.575, 3.525]]]}}, {"type": "Feature", "properties": {"value": 12.1213, "sigma": 7.2235}, "geometry": {"type": "Polygon", "coordinates": [[[-76.57, 3.525], [-76.565, 3.525], [-76.565, 3.53], [-76.57, 3.53], [-76.57, 3.525]]]}}, {"type": "Feature", "properties": {"value": 11.6744, "sigma": 7.2235}, "geometry": {"type": "Polygon", "coordinates": [[[-76.565, 3.525], [-76.56, 3.525], [-76.56, 3.53], [-76.565, 3.53], [-76.565, 3.525]]]}}, {"type": "Feature", "properties": {"value": 11.0899, "sigma": 7.2235}, "geometry": {"type": "Polygon", "coordinates": [[[-76.56, 3.525], [-76.555, 3.525], [-76.555, 3.53], [-76.56, 3.53], [-76.56, 3.525]]]}}, {"type": "Feature", "properties": {"value": 10.4167, "sigma": 7.2235}, "geometry": {"type": "Polygon", "coordinates": [[[-76.555, 3.525], [-76.55, 3.525], [-76.55, 3.53], [-76.555, 3.53], [-76.555, 3.525]]]}}, {"type": "Feature", "properties": {"value": 9.7097, "sigma": 7.2235}, "geometry": {"type": "Polygon", "coordinates": [[[-76.55, 3.525], [-76.545, 3.525], [-76.545, 3.53], [-76.55, 3.53], [-76.55, 3.525]]]}}, {"type": "Feature", "properties": {"value": 9.0249, "sigma": 7.2235}, "geometry": {"type": "Polygon", "coordinates": [[[-76.545, 3.525], [-76.54, 3.525], [-76.54, 3.53], [-76.545, 3.53], [-76.545, 3.525]]]}}, {"type": "Feature", "properties": {"value": 8.4222, "sigma": 7.2235}, "geometry": {"type": "Polygon", "coordinates": [[[-76.54, 3.525], [-76.535, 3.525], [-76.535, 3.53], [-76.54, 3.53], [-76.54, 3.525]]]}}, {"type": "Feature", "properties": {"value": 7.9662, "sigma": 7.2235}, "geometry": {"type": "Polygon", "coordinates": [[[-76.535, 3.525], [-76.53, 3.525], [-76.53, 3.53], [-76.535, 3.53], [-76.535, 3.525]]]}}, {"type": "Feature", "properties": {"value": 7.7092, "sigma": 7.2235}, "geometry": {"type": "Polygon", "coordinates": [[[-76.53, 3.525], [-76.525, 3.525], [-76.525, 3.53], [-76.53, 3.53], [-76.53, 3.525]]]}}, {"type": "Feature", "properties": {"value": 7.6615, "sigma": 7.2235}, "geometry": {"type": "Polygon", "coordinates": [[[-76.525, 3.525], [-76.52, 3.525], [-76.52, 3.53], [-76.525, 3.53], [-76.525, 3.525]]]}}, {"type": "Feature", "properties": {"value": 7.7786, "sigma": 7.2235}, "geometry": {"type": "Polygon", "coordinates": [[[-76.52, 3.525], [-76.515, 3.525], [-76.515, 3.53], [-76.52, 3.53], [-76.52, 3.525]]]}}, {"type": "Feature", "properties": {"value": 7.988, "sigma": 7.2235}, "geometry": {"type": "Polygon", "coordinates": [[[-76.515, 3.525], [-76.51, 3.525], [-76.51, 3.53], [-76.515, 3.53], [-76.515, 3.525]]]}}, {"type": "Feature", "properties": {"value": 8.2274, "sigma": 7.2235}, "geometry": {"type": "Polygon", "coordinates": [[[-76.51, 3.525], [-76.505, 3.525], [-76.505, 3.53], [-76.51, 3.53], [-76.51, 3.525]]]}}, {"type": "Feature", "properties": {"value": 8.4623, "sigma": 7.2235}, "geometry": {"type": "Polygon", "coordinates": [[[-76.505, 3.525], [-76.5, 3.525], [-76.5, 3.53], [-76.505, 3.53], [-76.505, 3.525]]]}}, {"type": "Feature", "properties": {"value": 8.6818, "sigma": 7.2235}, "geometry": {"type": "Polygon", "coordinates": [[[-76.5, 3.525], [-76.495, 3.525], [-76.495, 3.53], [-76.5, 3.53], [-76.5, 3.525]]]}}, {"type": "Feature", "properties": {"value": 8.8877, "sigma": 7.2235}, "geometry": {"type": "Polygon", "coordinates": [[[-76.495, 3.525], [-76.49, 3.525], [-76.49, 3.53], [-76.495, 3.53], [-76.495, 3.525]]]}}, {"type": "Feature", "properties": {"value": 9.0861, "sigma": 7.2235}, "geometry": {"type": "Polygon", "coordinates": [[[-76.49, 3.525], [-76.485, 3.525], [-76.485, 3.53], [-76.49, 3.53], [-76.49, 3.525]]]}}, {"type": "Feature", "properties": {"value": 9.2819, "sigma": 7.2235}, "geometry": {"type": "Polygon", "coordinates": [[[-76.485, 3.525], [-76.48, 3.525], [-76.48, 3.53], [-76.485, 3.53], [-76.485, 3.525]]]}}, {"type": "Feature", "properties": {"value": 9.4751, "sigma": 7.2235}, "geometry": {"type": "Polygon", "coordinates": [[[-76.48, 3.525], [-76.475, 3.525], [-76.475, 3.53], [-76.48, 3.53], [-76.48, 3.525]]]}}, {"type": "Feature", "properties": {"value": 9.6584, "sigma": 7.2235}, "geometry": {"type": "Polygon", "coordinates": [[[-76.475, 3.525], [-76.47, 3.525], [-76.47, 3.53], [-76.475, 3.53], [-76.475, 3.525]]]}}, {"type": "Feature", "properties": {"value": 9.8159, "sigma": 7.2235}, "geometry": {"type": "Polygon", "coordinates": [[[-76.47, 3.525], [-76.465, 3.525], [-76.465, 3.53], [-76.47, 3.53], [-76.47, 3.525]]]}}, {"type": "Feature", "properties": {"value": 9.9269, "sigma": 7.2235}, "geometry": {"type": "Polygon", "coordinates": [[[-76.465, 3.525], [-76.46, 3.525], [-76.46, 3.53], [-76.465, 3.53], [-76.465, 3.525]]]}}, {"type": "Feature", "properties": {"value": 9.9749, "sigma": 7.2235}, "geometry": {"type": "Polygon", "coordinates": [[[-76.46, 3.525], [-76.455, 3.525], [-76.455, 3.53], [-76.46, 3.53], [-76.46, 3.525]]]}}, {"type": "Feature", "properties": {"value": 9.9572, "sigma": 7.2235}, "geometry": {"type": "Polygon", "coordinates": [[[-76.455, 3.525], [-76.45, 3.525], [-76.45, 3.53], [-76.455, 3.53], [-76.455, 3.525]]]}}, {"type": "Feature", "properties": {"value": 9.8878, "sigma": 7.2235}, "geometry": {"type": "Polygon", "coordinates": [[[-76.45, 3.525], [-76.445, 3.525], [-76.445, 3.53], [-76.45, 3.53], [-76.45, 3.525]]]}}, {"type": "Feature", "properties": {"value": 9.7902, "sigma": 7.2235}, "geometry": {"type": "Polygon", "coordinates": [[[-76.445, 3.525], [-76.44, 3.525], [-76.44, 3.53], [-76.445, 3.53], [-76.445, 3.525]]]}}, {"type": "Feature", "properties": {"value": 9.6875, "sigma": 7.2235}, "geometry": {"type": "Polygon", "coordinates": [[[-76.44, 3.525], [-76.435, 3.525], [-76.435, 3.53], [-76.44, 3.53], [-76.44, 3.525]]]}}, {"type": "Feature", "properties": {"value": 9.5954, "sigma": 7.2235}, "geometry": {"type": "Polygon", "coordinates": [[[-76.435, 3.525], [-76.43, 3.525], [-76.43, 3.53], [-76.435, 3.53], [-76.435, 3.525]]]}}, {"type": "Feature", "properties": {"value": 9.5217, "sigma": 7.2235}, "geometry": {"type": "Polygon", "coordinates": [[[-76.43, 3.525], [-76.425, 3.525], [-76.425, 3.53], [-76.43, 3.53], [-76.43, 3.525]]]}}, {"type": "Feature", "properties": {"value": 9.4673, "sigma": 7.2235}, "geometry": {"type": "Polygon", "coordinates": [[[-76.425, 3.525], [-76.42, 3.525], [-76.42, 3.53], [-76.425, 3.53], [-76.425, 3.525]]]}}, {"type": "Feature", "properties": {"value": 9.4288, "sigma": 7.2235}, "geometry": {"type": "Polygon", "coordinates": [[[-76.42, 3.525], [-76.415, 3.525], [-76.415, 3.53], [-76.42, 3.53], [-76.42, 3.525]]]}}, {"type": "Feature", "properties": {"value": 9.3997, "sigma": 7.2235}, "geometry": {"type": "Polygon", "coordinates": [[[-76.415, 3.525], [-76.41, 3.525], [-76.41, 3.53], [-76.415, 3.53], [-76.415, 3.525]]]}}, {"type": "Feature", "properties": {"value": 9.3728, "sigma": 7.2235}, "geometry": {"type": "Polygon", "coordinates": [[[-76.41, 3.525], [-76.405, 3.525], [-76.405, 3.53], [-76.41, 3.53], [-76.41, 3.525]]]}}, {"type": "Feature", "properties": {"value": 9.3415, "sigma": 7.2235}, "geometry": {"type": "Polygon", "coordinates": [[[-76.405, 3.525], [-76.4, 3.525], [-76.4, 3.53], [-76.405, 3.53], [-76.405, 3.525]]]}}, {"type": "Feature", "properties": {"value": 11.544, "sigma": 7.2235}, "geometry": {"type": "Polygon", "coordinates": [[[-76.6, 3.53], [-76.595, 3.53], [-76.595, 3.535], [-76.6, 3.535], [-76.6, 3.53]]]}}, {"type": "Feature", "properties": {"value": 11.7621, "sigma": 7.2235}, "geometry": {"type": "Polygon", "coordinates": [[[-76.595, 3.53], [-76.59, 3.53], [-76.59, 3.535], [-76.595, 3.535], [-76.595, 3.53]]]}}, {"type": "Feature", "properties": {"value": 11.9404, "sigma": 7.2235}, "geometry": {"type": "Polygon", "coordinates": [[[-76.59, 3.53], [-76.585, 3.53], [-76.585, 3.535], [-76.59, 3.535], [-76.59, 3.53]]]}}, {"type": "Feature", "properties": {"value": 12.0509, "sigma": 7.2235}, "geometry": {"type": "Polygon", "coordinates": [[[-76.585, 3.53], [-76.58, 3.53], [-76.58, 3.535], [-76.585, 3.535], [-76.585, 3.53]]]}}, {"type": "Feature", "properties": {"value": 12.0635, "sigma": 7.2235}, "geometry": {"type": "Polygon", "coordinates": [[[-76.58, 3.53], [-76.575, 3.53], [-76.575, 3.535], [-76.58, 3.535], [-76.58, 3.53]]]}}, {"type": "Feature", "properties": {"value": 11.9528, "sigma": 7.2235}, "geometry": {"type": "Polygon", "coordinates": [[[-76.575, 3.53], [-76.57, 3.53], [-76.57, 3.535], [-76.575, 3.535], [-76.575, 3.53]]]}}, {"type": "Feature", "properties": {"value": 11.7065, "sigma": 7.2235}, "geometry": {"type": "Polygon", "coordinates": [[[-76.57, 3.53], [-76.565, 3.53], [-76.565, 3.535], [-76.57, 3.535], [-76.57, 3.53]]]}}, {"type": "Feature", "properties": {"value": 11.331, "sigma": 7.2235}, "geometry": {"type": "Polygon", "coordinates": [[[-76.565, 3.53], [-76.56, 3.53], [-76.56, 3.535], [-76.565, 3.535], [-76.565, 3.53]]]}}, {"type": "Feature", "properties": {"value": 10.852, "sigma": 7.2235}, "geometry": {"type": "Polygon", "coordinates": [[[-76.56, 3.53], [-76.555, 3.53], [-76.555, 3.535], [-76.56, 3.535], [-76.56, 3.53]]]}}, {"type": "Feature", "properties": {"value": 10.3083, "sigma": 7.2235}, "geometry": {"type": "Polygon", "coordinates": [[[-76.555, 3.53], [-76.55, 3.53], [-76.55, 3.535], [-76.555, 3.535], [-76.555, 3.53]]]}}, {"type": "Feature", "properties": {"value": 9.7442, "sigma": 7.2235}, "geometry": {"type": "Polygon", "coordinates": [[[-76.55, 3.53], [-76.545, 3.53], [-76.545, 3.535], [-76.55, 3.535], [-76.55, 3.53]]]}}, {"type": "Feature", "properties": {"value": 9.2054, "sigma": 7.2235}, "geometry": {"type": "Polygon", "coordinates": [[[-76.545, 3.53], [-76.54, 3.53], [-76.54, 3.535], [-76.545, 3.535], [-76.545, 3.53]]]}}, {"type": "Feature", "properties": {"value": 8.7366, "sigma": 7.2235}, "geometry": {"type": "Polygon", "coordinates": [[[-76.54, 3.53], [-76.535, 3.53], [-76.535, 3.535], [-76.54, 3.535], [-76.54, 3.53]]]}}, {"type": "Feature", "properties": {"value": 8.3786, "sigma": 7.2235}, "geometry": {"type": "Polygon", "coordinates": [[[-76.535, 3.53], [-76.53, 3.53], [-76.53, 3.535], [-76.535, 3.535], [-76.535, 3.53]]]}}, {"type": "Feature", "properties": {"value": 8.1591, "sigma": 7.2235}, "geometry": {"type": "Polygon", "coordinates": [[[-76.53, 3.53], [-76.525, 3.53], [-76.525, 3.535], [-76.53, 3.535], [-76.53, 3.53]]]}}, {"type": "Feature", "properties": {"value": 8.0813, "sigma": 7.2235}, "geometry": {"type": "Polygon", "coordinates": [[[-76.525, 3.53], [-76.52, 3.53], [-76.52, 3.535], [-76.525, 3.535], [-76.525, 3.53]]]}}, {"type": "Feature", "properties": {"value": 8.1206, "sigma": 7.2235}, "geometry": {"type": "Polygon", "coordinates": [[[-76.52, 3.53], [-76.515, 3.53], [-76.515, 3.535], [-76.52, 3.535], [-76.52, 3.53]]]}}, {"type": "Feature", "properties": {"value": 8.2368, "sigma": 7.2235}, "geometry": {"type": "Polygon", "coordinates": [[[-76.515, 3.53], [-76.51, 3.53], [-76.51, 3.535], [-76.515, 3.535], [-76.515, 3.53]]]}}, {"type": "Feature", "properties": {"value": 8.3916, "sigma": 7.2235}, "geometry": {"type": "Polygon", "coordinates": [[[-76.51, 3.53], [-76.505, 3.53], [-76.505, 3.535], [-76.51, 3.535], [-76.51, 3.53]]]}}, {"type": "Feature", "properties": {"value": 8.559, "sigma": 7.2235}, "geometry": {"type": "Polygon", "coordinates": [[[-76.505, 3.53], [-76.5, 3.53], [-76.5, 3.535], [-76.505, 3.535], [-76.505, 3.53]]]}}, {"type": "Feature", "properties": {"value": 8.7265, "sigma": 7.2235}, "geometry": {"type": "Polygon", "coordinates": [[[-76.5, 3.53], [-76.495, 3.53], [-76.495, 3.535], [-76.5, 3.535], [-76.5, 3.53]]]}}, {"type": "Feature", "properties": {"value": 8.8901, "sigma": 7.2235}, "geometry": {"type": "Polygon", "coordinates": [[[-76.495, 3.53], [-76.49, 3.53], [-76.49, 3.535], [-76.495, 3.535], [-76.495, 3.53]]]}}, {"type": "Feature", "properties": {"value": 9.0498, "sigma": 7.2235}, "geometry": {"type": "Polygon", "coordinates": [[[-76.49, 3.53], [-76.485, 3.53], [-76.485, 3.535], [-76.49, 3.535], [-76.49, 3.53]]]}}, {"type": "Feature", "properties": {"value": 9.206, "sigma": 7.2235}, "geometry": {"type": "Polygon", "coordinates": [[[-76.485, 3.53], [-76.48, 3.53], [-76.48, 3.535], [-76.485, 3.535], [-76.485, 3.53]]]}}, {"type": "Feature", "properties": {"value": 9.3564, "sigma": 7.2235}, "geometry": {"type": "Polygon", "coordinates": [[[-76.48, 3.53], [-76.475, 3.53], [-76.475, 3.535], [-76.48, 3.535], [-76.48, 3.53]]]}}, {"type": "Feature", "properties": {"value": 9.4948, "sigma": 7.2235}, "geometry": {"type": "Polygon", "coordinates": [[[-76.475, 3.53], [-76.47, 3.53], [-76.47, 3.535], [-76.475, 3.535], [-76.475, 3.53]]]}}, {"type": "Feature", "properties": {"value": 9.6112, "sigma": 7.2235}, "geometry": {"type": "Polygon", "coordinates": [[[-76.47, 3.53], [-76.465, 3.53], [-76.465, 3.535], [-76.47, 3.535], [-76.47, 3.53]]]}}, {"type": "Feature", "properties": {"value": 9.694, "sigma": 7.2235}, "geometry": {"type": "Polygon", "coordinates": [[[-76.465, 3.53], [-76.46, 3.53], [-76.46, 3.535], [-76.465, 3.535], [-76.465, 3.53]]]}}, {"type": "Feature", "properties": {"value": 9.7348, "sigma": 7.2235}, "geometry": {"type": "Polygon", "coordinates": [[[-76.46, 3.53], [-76.455, 3.53], [-76.455, 3.535], [-76.46, 3.535], [-76.46, 3.53]]]}}, {"type": "Feature", "properties": {"value": 9.7326, "sigma": 7.2235}, "geometry": {"type": "Polygon", "coordinates": [[[-76.455, 3.53], [-76.45, 3.53], [-76.45, 3.535], [-76.455, 3.535], [-76.455, 3.53]]]}}, {"type": "Feature", "properties": {"value": 9.6949, "sigma": 7.2235}, "geometry": {"type": "Polygon", "coordinates": [[[-76.45, 3.53], [-76.445, 3.53], [-76.445, 3.535], [-76.45, 3.535], [-76.45, 3.53]]]}}, {"type": "Feature", "properties": {"value": 9.6347, "sigma": 7.2235}, "geometry": {"type": "Polygon", "coordinates": [[[-76.445, 3.53], [-76.44, 3.53], [-76.44, 3.535], [-76.445, 3.535], [-76.445, 3.53]]]}}, {"type": "Feature", "properties": {"value": 9.5656, "sigma": 7.2235}, "geometry": {"type": "Polygon", "coordinates": [[[-76.44, 3.53], [-76.435, 3.53], [-76.435, 3.535], [-76.44, 3.535], [-76.44, 3.53]]]}}, {"type": "Feature", "properties": {"value": 9.4986, "sigma": 7.2235}, "geometry": {"type": "Polygon", "coordinates": [[[-76.435, 3.53], [-76.43, 3.53], [-76.43, 3.535], [-76.435, 3.535], [-76.435, 3.53]]]}}, {"type": "Feature", "properties": {"value": 9.4401, "sigma": 7.2235}, "geometry": {"type": "Polygon", "coordinates": [[[-76.43, 3.53], [-76.425, 3.53], [-76.425, 3.535], [-76.43, 3.535], [-76.43, 3.53]]]}}, {"type": "Feature", "properties": {"value": 9.3922, "sigma": 7.2235}, "geometry": {"type": "Polygon", "coordinates": [[[-76.425, 3.53], [-76.42, 3.53], [-76.42, 3.535], [-76.425, 3.535], [-76.425, 3.53]]]}}, {"type": "Feature", "properties": {"value": 9.3536, "sigma": 7.2235}, "geometry": {"type": "Polygon", "coordinates": [[[-76.42, 3.53], [-76.415, 3.53], [-76.415, 3.535], [-76.42, 3.535], [-76.42, 3.53]]]}}, {"type": "Feature", "properties": {"value": 9.321, "sigma": 7.2235}, "geometry": {"type": "Polygon", "coordinates": [[[-76.415, 3.53], [-76.41, 3.53], [-76.41, 3.535], [-76.415, 3.535], [-76.415, 3.53]]]}}, {"type": "Feature", "properties": {"value": 9.2901, "sigma": 7.2235}, "geometry": {"type": "Polygon", "coordinates": [[[-76.41, 3.53], [-76.405, 3.53], [-76.405, 3.535], [-76.41, 3.535], [-76.41, 3.53]]]}}, {"type": "Feature", "properties": {"value": 9.257, "sigma": 7.2235}, "geometry": {"type": "Polygon", "coordinates": [[[-76.405, 3.53], [-76.4, 3.53], [-76.4, 3.535], [-76.405, 3.535], [-76.405, 3.53]]]}}, {"type": "Feature", "properties": {"value": 11.299, "sigma": 7.2235}, "geometry": {"type": "Polygon", "coordinates": [[[-76.6, 3.535], [-76.595, 3.535], [-76.595, 3.54], [-76.6, 3.54], [-76.6, 3.535]]]}}, {"type": "Feature", "properties": {"value": 11.466, "sigma": 7.2235}, "geometry": {"type": "Polygon", "coordinates": [[[-76.595, 3.535], [-76.59, 3.535], [-76.59, 3.54], [-76.595, 3.54], [-76.595, 3.535]]]}}, {"type": "Feature", "properties": {"value": 11.5936, "sigma": 7.2235}, "geometry": {"type": "Polygon", "coordinates": [[[-76.59, 3.535], [-76.585, 3.535], [-76.585, 3.54], [-76.59, 3.54], [-76.59, 3.535]]]}}, {"type": "Feature", "properties": {"value": 11.661, "sigma": 7.2235}, "geometry": {"type": "Polygon", "coordinates": [[[-76.585, 3.535], [-76.58, 3.535], [-76.58, 3.54], [-76.585, 3.54], [-76.585, 3.535]]]}}, {"type": "Feature", "properties": {"value": 11.6473, "sigma": 7.2235}, "geometry": {"type": "Polygon", "coordinates": [[[-76.58, 3.535], [-76.575, 3.535], [-76.575, 3.54], [-76.58, 3.54], [-76.58, 3.535]]]}}, {"type": "Feature", "properties": {"value": 11.5365, "sigma": 7.2235}, "geometry": {"type": "Polygon", "coordinates": [[[-76.575, 3.535], [-76.57, 3.535], [-76.57, 3.54], [-76.575, 3.54], [-76.575, 3.535]]]}}, {"type": "Feature", "properties": {"value": 11.3224, "sigma": 7.2235}, "geometry": {"type": "Polygon", "coordinates": [[[-76.57, 3.535], [-76.565, 3.535], [-76.565, 3.54], [-76.57, 3.54], [-76.57, 3.535]]]}}, {"type": "Feature", "properties": {"value": 11.0122, "sigma": 7.2235}, "geometry": {"type": "Polygon", "coordinates": [[[-76.565, 3.535], [-76.56, 3.535], [-76.56, 3.54], [-76.565, 3.54], [-76.565, 3.535]]]}}, {"type": "Feature", "properties": {"value": 10.6261, "sigma": 7.2235}, "geometry": {"type": "Polygon", "coordinates": [[[-76.56, 3.535], [-76.555, 3.535], [-76.555, 3.54], [-76.56, 3.54], [-76.56, 3.535]]]}}, {"type": "Feature", "properties": {"value": 10.1937, "sigma": 7.2235}, "geometry": {"type": "Polygon", "coordinates": [[[-76.555, 3.535], [-76.55, 3.535], [-76.55, 3.54], [-76.555, 3.54], [-76.555, 3.535]]]}}, {"type": "Feature", "properties": {"value": 9.7493, "sigma": 7.2235}, "geometry": {"type": "Polygon", "coordinates": [[[-76.55, 3.535], [-76.545, 3.535], [-76.545, 3.54], [-76.55, 3.54], [-76.55, 3.535]]]}}, {"type": "Feature", "properties": {"value": 9.3275, "sigma": 7.2235}, "geometry": {"type": "Polygon", "coordinates": [[[-76.545, 3.535], [-76.54, 3.535], [-76.54, 3.54], [-76.545, 3.54], [-76.545, 3.535]]]}}, {"type": "Feature", "properties": {"value": 8.9603, "sigma": 7.2235}, "geometry": {"type": "Polygon", "coordinates": [[[-76.54, 3.535], [-76.535, 3.535], [-76.535, 3.54], [-76.54, 3.54], [-76.54, 3.535]]]}}, {"type": "Feature", "properties": {"value": 8.674, "sigma": 7.2235}, "geometry": {"type": "Polygon", "coordinates": [[[-76.535, 3.535], [-76.53, 3.535], [-76.53, 3.54], [-76.535, 3.54], [-76.535, 3.535]]]}}, {"type": "Feature", "properties": {"value": 8.4847, "sigma": 7.2235}, "geometry": {"type": "Polygon", "coordinates": [[[-76.53, 3.535], [-76.525, 3.535], [-76.525, 3.54], [-76.53, 3.54], [-76.53, 3.535]]]}}, {"type": "Feature", "properties": {"value": 8.3936, "sigma": 7.2235}, "geometry": {"type": "Polygon", "coordinates": [[[-76.525, 3.535], [-76.52, 3.535], [-76.52, 3.54], [-76.525, 3.54], [-76.525, 3.535]]]}}, {"type": "Feature", "properties": {"value": 8.387, "sigma": 7.2235}, "geometry": {"type": "Polygon", "coordinates": [[[-76.52, 3.535], [-76.515, 3.535], [-76.515, 3.54], [-76.52, 3.54], [-76.52, 3.535]]]}}, {"type": "Feature", "properties": {"value": 8.4423, "sigma": 7.2235}, "geometry": {"type": "Polygon", "coordinates": [[[-76.515, 3.535], [-76.51, 3.535], [-76.51, 3.54], [-76.515, 3.54], [-76.515, 3.535]]]}}, {"type": "Feature", "properties": {"value": 8.5361, "sigma": 7.2235}, "geometry": {"type": "Polygon", "coordinates": [[[-76.51, 3.535], [-76.505, 3.535], [-76.505, 3.54], [-76.51, 3.54], [-76.51, 3.535]]]}}, {"type": "Feature", "properties": {"value": 8.6499, "sigma": 7.2235}, "geometry": {"type": "Polygon", "coordinates": [[[-76.505, 3.535], [-76.5, 3.535], [-76.5, 3.54], [-76.505, 3.54], [-76.505, 3.535]]]}}, {"type": "Feature", "properties": {"value": 8.7724, "sigma": 7.2235}, "geometry": {"type": "Polygon", "coordinates": [[[-76.5, 3.535], [-76.495, 3.535], [-76.495, 3.54], [-76.5, 3.54], [-76.5, 3.535]]]}}, {"type": "Feature", "properties": {"value": 8.8975, "sigma": 7.2235}, "geometry": {"type": "Polygon", "coordinates": [[[-76.495, 3.535], [-76.49, 3.535], [-76.49, 3.54], [-76.495, 3.54], [-76.495, 3.535]]]}}, {"type": "Feature", "properties": {"value": 9.0223, "sigma": 7.2235}, "geometry": {"type": "Polygon", "coordinates": [[[-76.49, 3.535], [-76.485, 3.535], [-76.485, 3.54], [-76.49, 3.54], [-76.49, 3.535]]]}}, {"type": "Feature", "properties": {"value": 9.1445, "sigma": 7.2235}, "geometry": {"type": "Polygon", "coordinates": [[[-76.485, 3.535], [-76.48, 3.535], [-76.48, 3.54], [-76.485, 3.54], [-76.485, 3.535]]]}}, {"type": "Feature", "properties": {"value": 9.2608, "sigma": 7.2235}, "geometry": {"type": "Polygon", "coordinates": [[[-76.48, 3.535], [-76.475, 3.535], [-76.475, 3.54], [-76.48, 3.54], [-76.48, 3.535]]]}}, {"type": "Feature", "properties": {"value": 9.3662, "sigma": 7.2235}, "geometry": {"type": "Polygon", "coordinates": [[[-76.475, 3.535], [-76.47, 3.535], [-76.47, 3.54], [-76.475, 3.54], [-76.475, 3.535]]]}}, {"type": "Feature", "properties": {"value": 9.4541, "sigma": 7.2235}, "geometry": {"type": "Polygon", "coordinates": [[[-76.47, 3.535], [-76.465, 3.535], [-76.465, 3.54], [-76.47, 3.54], [-76.47, 3.535]]]}}, {"type": "Feature", "properties": {"value": 9.5178, "sigma": 7.2235}, "geometry": {"type": "Polygon", "coordinates": [[[-76.465, 3.535], [-76.46, 3.535], [-76.46, 3.54], [-76.465, 3.54], [-76.465, 3.535]]]}}, {"type": "Feature", "properties": {"value": 9.5527, "sigma": 7.2235}, "geometry": {"type": "Polygon", "coordinates": [[[-76.46, 3.535], [-76.455, 3.535], [-76.455, 3.54], [-76.46, 3.54], [-76.46, 3.535]]]}}, {"type": "Feature", "properties": {"value": 9.5583, "sigma": 7.2235}, "geometry": {"type": "Polygon", "coordinates": [[[-76.455, 3.535], [-76.45, 3.535], [-76.45, 3.54], [-76.455, 3.54], [-76.455, 3.535]]]}}, {"type": "Feature", "properties": {"value": 9.5389, "sigma": 7.2235}, "geometry": {"type": "Polygon", "coordinates": [[[-76.45, 3.535], [-76.445, 3.535], [-76.445, 3.54], [-76.45, 3.54], [-76.45, 3.535]]]}}, {"type": "Feature", "properties": {"value": 9.5017, "sigma": 7.2235}, "geometry": {"type": "Polygon", "coordinates": [[[-76.445, 3.535], [-76.44, 3.535], [-76.44, 3.54], [-76.445, 3.54], [-76.445, 3.535]]]}}, {"type": "Feature", "properties": {"value": 9.4552, "sigma": 7.2235}, "geometry": {"type": "Polygon", "coordinates": [[[-76.44, 3.535], [-76.435, 3.535], [-76.435, 3.54], [-76.44, 3.54], [-76.44, 3.535]]]}}, {"type": "Feature", "properties": {"value": 9.4065, "sigma": 7.2235}, "geometry": {"type": "Polygon", "coordinates": [[[-76.435, 3.535], [-76.43, 3.535], [-76.43, 3.54], [-76.435, 3.54], [-76.435, 3.535]]]}}, {"type": "Feature", "properties": {"value": 9.3605, "sigma": 7.2235}, "geometry": {"type": "Polygon", "coordinates": [[[-76.43, 3.535], [-76.425, 3.535], [-76.425, 3.54], [-76.43, 3.54], [-76.43, 3.535]]]}}, {"type": "Feature", "properties": {"value": 9.3194, "sigma": 7.2235}, "geometry": {"type": "Polygon", "coordinates": [[[-76.425, 3.535], [-76.42, 3.535], [-76.42, 3.54], [-76.425, 3.54], [-76.425, 3.535]]]}}, {"type": "Feature", "properties": {"value": 9.2833, "sigma": 7.2235}, "geometry": {"type": "Polygon", "coordinates": [[[-76.42, 3.535], [-76.415, 3.535], [-76.415, 3.54], [-76.42, 3.54], [-76.42, 3.535]]]}}, {"type": "Feature", "properties": {"value": 9.2504, "sigma": 7.2235}, "geometry": {"type": "Polygon", "coordinates": [[[-76.415, 3.535], [-76.41, 3.535], [-76.41, 3.54], [-76.415, 3.54], [-76.415, 3.535]]]}}, {"type": "Feature", "properties": {"value": 9.2186, "sigma": 7.2235}, "geometry": {"type": "Polygon", "coordinates": [[[-76.41, 3.535], [-76.405, 3.535], [-76.405, 3.54], [-76.41, 3.54], [-76.41, 3.535]]]}}, {"type": "Feature", "properties": {"value": 9.1853, "sigma": 7.2235}, "geometry": {"type": "Polygon", "coordinates": [[[-76.405, 3.535], [-76.4, 3.535], [-76.4, 3.54], [-76.405, 3.54], [-76.405, 3.535]]]}}, {"type": "Feature", "properties": {"value": 11.0552, "sigma": 7.2235}, "geometry": {"type": "Polygon", "coordinates": [[[-76.6, 3.54], [-76.595, 3.54], [-76.595, 3.545], [-76.6, 3.545], [-76.6, 3.54]]]}}, {"type": "Feature", "properties": {"value": 11.1798, "sigma": 7.2235}, "geometry": {"type": "Polygon", "coordinates": [[[-76.595, 3.54], [-76.59, 3.54], [-76.59, 3.545], [-76.595, 3.545], [-76.595, 3.54]]]}}, {"type": "Feature", "properties": {"value": 11.2676, "sigma": 7.2235}, "geometry": {"type": "Polygon", "coordinates": [[[-76.59, 3.54], [-76.585, 3.54], [-76.585, 3.545], [-76.59, 3.545], [-76.59, 3.54]]]}}, {"type": "Feature", "properties": {"value": 11.3035, "sigma": 7.2235}, "geometry": {"type": "Polygon", "coordinates": [[[-76.585, 3.54], [-76.58, 3.54], [-76.58, 3.545], [-76.585, 3.545], [-76.585, 3.54]]]}}, {"type": "Feature", "properties": {"value": 11.2737, "sigma": 7.2235}, "geometry": {"type": "Polygon", "coordinates": [[[-76.58, 3.54], [-76.575, 3.54], [-76.575, 3.545], [-76.58, 3.545], [-76.58, 3.54]]]}}, {"type": "Feature", "properties": {"value": 11.1685, "sigma": 7.2235}, "geometry": {"type": "Polygon", "coordinates": [[[-76.575, 3.54], [-76.57, 3.54], [-76.57, 3.545], [-76.575, 3.545], [-76.575, 3.54]]]}}, {"type": "Feature", "properties": {"value": 10.9855, "sigma": 7.2235}, "geometry": {"type": "Polygon", "coordinates": [[[-76.57, 3.54], [-76.565, 3.54], [-76.565, 3.545], [-76.57, 3.545], [-76.57, 3.54]]]}}, {"type": "Feature", "properties": {"value": 10.7315, "sigma": 7.2235}, "geometry": {"type": "Polygon", "coordinates": [[[-76.565, 3.54], [-76.56, 3.54], [-76.56, 3.545], [-76.565, 3.545], [-76.565, 3.54]]]}}, {"type": "Feature", "properties": {"value": 10.4224, "sigma": 7.2235}, "geometry": {"type": "Polygon", "coordinates": [[[-76.56, 3.54], [-76.555, 3.54], [-76.555, 3.545], [-76.56, 3.545], [-76.56, 3.54]]]}}, {"type": "Feature", "properties": {"value": 10.0803, "sigma": 7.2235}, "geometry": {"type": "Polygon", "coordinates": [[[-76.555, 3.54], [-76.55, 3.54], [-76.55, 3.545], [-76.555, 3.545], [-76.555, 3.54]]]}}, {"type": "Feature", "properties": {"value": 9.7307, "sigma": 7.2235}, "geometry": {"type": "Polygon", "coordinates": [[[-76.55, 3.54], [-76.545, 3.54], [-76.545, 3.545], [-76.55, 3.545], [-76.55, 3.54]]]}}, {"type": "Feature", "properties": {"value": 9.399, "sigma": 7.2235}, "geometry": {"type": "Polygon", "coordinates": [[[-76.545, 3.54], [-76.54, 3.54], [-76.54, 3.545], [-76.545, 3.545], [-76.545, 3.54]]]}}, {"type": "Feature", "properties": {"value": 9.1082, "sigma": 7.2235}, "geometry": {"type": "Polygon", "coordinates": [[[-76.54, 3.54], [-76.535, 3.54], [-76.535, 3.545], [-76.54, 3.545], [-76.54, 3.54]]]}}, {"type": "Feature", "properties": {"value": 8.8757, "sigma": 7.2235}, "geometry": {"type": "Polygon", "coordinates": [[[-76.535, 3.54], [-76.53, 3.54], [-76.53, 3.545], [-76.535, 3.545], [-76.535, 3.54]]]}}, {"type": "Feature", "properties": {"value": 8.7119, "sigma": 7.2235}, "geometry": {"type": "Polygon", "coordinates": [[[-76.53, 3.54], [-76.525, 3.54], [-76.525, 3.545], [-76.53, 3.545], [-76.53, 3.54]]]}}, {"type": "Feature", "properties": {"value": 8.6178, "sigma": 7.2235}, "geometry": {"type": "Polygon", "coordinates": [[[-76.525, 3.54], [-76.52, 3.54], [-76.52, 3.545], [-76.525, 3.545], [-76.525, 3.54]]]}}, {"type": "Feature", "properties": {"value": 8.5859, "sigma": 7.2235}, "geometry": {"type": "Polygon", "coordinates": [[[-76.52, 3.54], [-76.515, 3.54], [-76.515, 3.545], [-76.52, 3.545], [-76.52, 3.54]]]}}, {"type": "Feature", "properties": {"value": 8.603, "sigma": 7.2235}, "geometry": {"type": "Polygon", "coordinates": [[[-76.515, 3.54], [-76.51, 3.54], [-76.51, 3.545], [-76.515, 3.545], [-76.515, 3.54]]]}}, {"type": "Feature", "properties": {"value": 8.6547, "sigma": 7.2235}, "geometry": {"type": "Polygon", "coordinates": [[[-76.51, 3.54], [-76.505, 3.54], [-76.505, 3.545], [-76.51, 3.545], [-76.51, 3.54]]]}}, {"type": "Feature", "properties": {"value": 8.7283, "sigma": 7.2235}, "geometry": {"type": "Polygon", "coordinates": [[[-76.505, 3.54], [-76.5, 3.54], [-76.5, 3.545], [-76.505, 3.545], [-76.505, 3.54]]]}}, {"type": "Feature", "properties": {"value": 8.8145, "sigma": 7.2235}, "geometry": {"type": "Polygon", "coordinates": [[[-76.5, 3.54], [-76.495, 3.54], [-76.495, 3.545], [-76.5, 3.545], [-76.5, 3.54]]]}}, {"type": "Feature", "properties": {"value": 8.9071, "sigma": 7.2235}, "geometry": {"type": "Polygon", "coordinates": [[[-76.495, 3.54], [-76.49, 3.54], [-76.49, 3.545], [-76.495, 3.545], [-76.495, 3.54]]]}}, {"type": "Feature", "properties": {"value": 9.002, "sigma": 7.2235}, "geometry": {"type": "Polygon", "coordinates": [[[-76.49, 3.54], [-76.485, 3.54], [-76.485, 3.545], [-76.49, 3.545], [-76.49, 3.54]]]}}, {"type": "Feature", "properties": {"value": 9.0958, "sigma": 7.2235}, "geometry": {"type": "Polygon", "coordinates": [[[-76.485, 3.54], [-76.48, 3.54], [-76.48, 3.545], [-76.485, 3.545], [-76.485, 3.54]]]}}, {"type": "Feature", "properties": {"value": 9.1851, "sigma": 7.2235}, "geometry": {"type": "Polygon", "coordinates": [[[-76.48, 3.54], [-76.475, 3.54], [-76.475, 3.545], [-76.48, 3.545], [-76.48, 3.54]]]}}, {"type": "Feature", "properties": {"value": 9.2656, "sigma": 7.2235}, "geometry": {"type": "Polygon", "coordinates": [[[-76.475, 3.54], [-76.47, 3.54], [-76.47, 3.545], [-76.475, 3.545], [-76.475, 3.54]]]}}, {"type": "Feature", "properties": {"value": 9.3328, "sigma": 7.2235}, "geometry": {"type": "Polygon", "coordinates": [[[-76.47, 3.54], [-76.465, 3.54], [-76.465, 3.545], [-76.47, 3.545], [-76.47, 3.54]]]}}, {"type": "Feature", "properties": {"value": 9.3826, "sigma": 7.2235}, "geometry": {"type": "Polygon", "coordinates": [[[-76.465, 3.54], [-76.46, 3.54], [-76.46, 3.545], [-76.465, 3.545], [-76.465, 3.54]]]}}, {"type": "Feature", "properties": {"value": 9.4121, "sigma": 7.2235}, "geometry": {"type": "Polygon", "coordinates": [[[-76.46, 3.54], [-76.455, 3.54], [-76.455, 3.545], [-76.46, 3.545], [-76.46, 3.54]]]}}, {"type": "Feature", "properties": {"value": 9.4212, "sigma": 7.2235}, "geometry": {"type": "Polygon", "coordinates": [[[-76.455, 3.54], [-76.45, 3.54], [-76.45, 3.545], [-76.455, 3.545], [-76.455, 3.54]]]}}, {"type": "Feature", "properties": {"value": 9.412, "sigma": 7.2235}, "geometry": {"type": "Polygon", "coordinates": [[[-76.45, 3.54], [-76.445, 3.54], [-76.445, 3.545], [-76.45, 3.545], [-76.45, 3.54]]]}}, {"type": "Feature", "properties": {"value": 9.389, "sigma": 7.2235}, "geometry": {"type": "Polygon", "coordinates": [[[-76.445, 3.54], [-76.44, 3.54], [-76.44, 3.545], [-76.445, 3.545], [-76.445, 3.54]]]}}, {"type": "Feature", "properties": {"value": 9.3573, "sigma": 7.2235}, "geometry": {"type": "Polygon", "coordinates": [[[-76.44, 3.54], [-76.435, 3.54], [-76.435, 3.545], [-76.44, 3.545], [-76.44, 3.54]]]}}, {"type": "Feature", "properties": {"value": 9.3215, "sigma": 7.2235}, "geometry": {"type": "Polygon", "coordinates": [[[-76.435, 3.54], [-76.43, 3.54], [-76.43, 3.545], [-76.435, 3.545], [-76.435, 3.54]]]}}, {"type": "Feature", "properties": {"value": 9.2853, "sigma": 7.2235}, "geometry": {"type": "Polygon", "coordinates": [[[-76.43, 3.54], [-76.425, 3.54], [-76.425, 3.545], [-76.43, 3.545], [-76.43, 3.54]]]}}, {"type": "Feature", "properties": {"value": 9.2506, "sigma": 7.2235}, "geometry": {"type": "Polygon", "coordinates": [[[-76.425, 3.54], [-76.42, 3.54], [-76.42, 3.545], [-76.425, 3.545], [-76.425, 3.54]]]}}, {"type": "Feature", "properties": {"value": 9.2178, "sigma": 7.2235}, "geometry": {"type": "Polygon", "coordinates": [[[-76.42, 3.54], [-76.415, 3.54], [-76.415, 3.545], [-76.42, 3.545], [-76.42, 3.54]]]}}, {"type": "Feature", "properties": {"value": 9.1865, "sigma": 7.2235}, "geometry": {"type": "Polygon", "coordinates": [[[-76.415, 3.54], [-76.41, 3.54], [-76.41, 3.545], [-76.415, 3.545], [-76.415, 3.54]]]}}, {"type": "Feature", "properties": {"value": 9.1554, "sigma": 7.2235}, "geometry": {"type": "Polygon", "coordinates": [[[-76.41, 3.54], [-76.405, 3.54], [-76.405, 3.545], [-76.41, 3.545], [-76.41, 3.54]]]}}, {"type": "Feature", "properties": {"value": 9.1232, "sigma": 7.2235}, "geometry": {"type": "Polygon", "coordinates": [[[-76.405, 3.54], [-76.4, 3.54], [-76.4, 3.545], [-76.405, 3.545], [-76.405, 3.54]]]}}, {"type": "Feature", "properties": {"value": 10.8232, "sigma": 7.2235}, "geometry": {"type": "Polygon", "coordinates": [[[-76.6, 3.545], [-76.595, 3.545], [-76.595, 3.55], [-76.6, 3.55], [-76.6, 3.545]]]}}, {"type": "Feature", "properties": {"value": 10.9143, "sigma": 7.2235}, "geometry": {"type": "Polygon", "coordinates": [[[-76.595, 3.545], [-76.59, 3.545], [-76.59, 3.55], [-76.595, 3.55], [-76.595, 3.545]]]}}, {"type": "Feature", "properties": {"value": 10.9724, "sigma": 7.2235}, "geometry": {"type": "Polygon", "coordinates": [[[-76.59, 3.545], [-76.585, 3.545], [-76.585, 3.55], [-76.59, 3.55], [-76.59, 3.545]]]}}, {"type": "Feature", "properties": {"value": 10.9868, "sigma": 7.2235}, "geometry": {"type": "Polygon", "coordinates": [[[-76.585, 3.545], [-76.58, 3.545], [-76.58, 3.55], [-76.585, 3.55], [-76.585, 3.545]]]}}, {"type": "Feature", "properties": {"value": 10.9487, "sigma": 7.2235}, "geometry": {"type": "Polygon", "coordinates": [[[-76.58, 3.545], [-76.575, 3.545], [-76.575, 3.55], [-76.58, 3.55], [-76.58, 3.545]]]}}, {"type": "Feature", "properties": {"value": 10.8523, "sigma": 7.2235}, "geometry": {"type": "Polygon", "coordinates": [[[-76.575, 3.545], [-76.57, 3.545], [-76.57, 3.55], [-76.575, 3.55], [-76.575, 3.545]]]}}, {"type": "Feature", "properties": {"value": 10.6975, "sigma": 7.2235}, "geometry": {"type": "Polygon", "coordinates": [[[-76.57, 3.545], [-76.565, 3.545], [-76.565, 3.55], [-76.57, 3.55], [-76.57, 3.545]]]}}, {"type": "Feature", "properties": {"value": 10.4903, "sigma": 7.2235}, "geometry": {"type": "Polygon", "coordinates": [[[-76.565, 3.545], [-76.56, 3.545], [-76.56, 3.55], [-76.565, 3.55], [-76.565, 3.545]]]}}, {"type": "Feature", "properties": {"value": 10.2429, "sigma": 7.2235}, "geometry": {"type": "Polygon", "coordinates": [[[-76.56, 3.545], [-76.555, 3.545], [-76.555, 3.55], [-76.56, 3.55], [-76.56, 3.545]]]}}, {"type": "Feature", "properties": {"value": 9.9717, "sigma": 7.2235}, "geometry": {"type": "Polygon", "coordinates": [[[-76.555, 3.545], [-76.55, 3.545], [-76.55, 3.55], [-76.555, 3.55], [-76.555, 3.545]]]}}, {"type": "Feature", "properties": {"value": 9.6955, "sigma": 7.2235}, "geometry": {"type": "Polygon", "coordinates": [[[-76.55, 3.545], [-76.545, 3.545], [-76.545, 3.55], [-76.55, 3.55], [-76.55, 3.545]]]}}, {"type": "Feature", "properties": {"value": 9.4327, "sigma": 7.2235}, "geometry": {"type": "Polygon", "coordinates": [[[-76.545, 3.545], [-76.54, 3.545], [-76.54, 3.55], [-76.545, 3.55], [-76.545, 3.545]]]}}, {"type": "Feature", "properties": {"value": 9.1996, "sigma": 7.2235}, "geometry": {"type": "Polygon", "coordinates": [[[-76.54, 3.545], [-76.535, 3.545], [-76.535, 3.55], [-76.54, 3.55], [-76.54, 3.545]]]}}, {"type": "Feature", "properties": {"value": 9.0085, "sigma": 7.2235}, "geometry": {"type": "Polygon", "coordinates": [[[-76.535, 3.545], [-76.53, 3.545], [-76.53, 3.55], [-76.535, 3.55], [-76.535, 3.545]]]}}, {"type": "Feature", "properties": {"value": 8.8667, "sigma": 7.2235}, "geometry": {"type": "Polygon", "coordinates": [[[-76.53, 3.545], [-76.525, 3.545], [-76.525, 3.55], [-76.53, 3.55], [-76.53, 3.545]]]}}, {"type": "Feature", "properties": {"value": 8.7754, "sigma": 7.2235}, "geometry": {"type": "Polygon", "coordinates": [[[-76.525, 3.545], [-76.52, 3.545], [-76.52, 3.55], [-76.525, 3.55], [-76.525, 3.545]]]}}, {"type": "Feature", "properties": {"value": 8.7305, "sigma": 7.2235}, "geometry": {"type": "Polygon", "coordinates": [[[-76.52, 3.545], [-76.515, 3.545], [-76.515, 3.55], [-76.52, 3.55], [-76.52, 3.545]]]}}, {"type": "Feature", "properties": {"value": 8.7244, "sigma": 7.2235}, "geometry": {"type": "Polygon", "coordinates": [[[-76.515, 3.545], [-76.51, 3.545], [-76.51, 3.55], [-76.515, 3.55], [-76.515, 3.545]]]}}, {"type": "Feature", "properties": {"value": 8.7479, "sigma": 7.2235}, "geometry": {"type": "Polygon", "coordinates": [[[-76.51, 3.545], [-76.505, 3.545], [-76.505, 3.55], [-76.51, 3.55], [-76.51, 3.545]]]}}, {"type": "Feature", "properties": {"value": 8.7923, "sigma": 7.2235}, "geometry": {"type": "Polygon", "coordinates": [[[-76.505, 3.545], [-76.5, 3.545], [-76.5, 3.55], [-76.505, 3.55], [-76.505, 3.545]]]}}, {"type": "Feature", "properties": {"value": 8.8504, "sigma": 7.2235}, "geometry": {"type": "Polygon", "coordinates": [[[-76.5, 3.545], [-76.495, 3.545], [-76.495, 3.55], [-76.5, 3.55], [-76.5, 3.545]]]}}, {"type": "Feature", "properties": {"value": 8.9167, "sigma": 7.2235}, "geometry": {"type": "Polygon", "coordinates": [[[-76.495, 3.545], [-76.49, 3.545], [-76.49, 3.55], [-76.495, 3.55], [-76.495, 3.545]]]}}, {"type": "Feature", "properties": {"value": 8.987, "sigma": 7.2235}, "geometry": {"type": "Polygon", "coordinates": [[[-76.49, 3.545], [-76.485, 3.545], [-76.485, 3.55], [-76.49, 3.55], [-76.49, 3.545]]]}}, {"type": "Feature", "properties": {"value": 9.0577, "sigma": 7.2235}, "geometry": {"type": "Polygon", "coordinates": [[[-76.485, 3.545], [-76.48, 3.545], [-76.48, 3.55], [-76.485, 3.55], [-76.485, 3.545]]]}}, {"type": "Feature", "properties": {"value": 9.1254, "sigma": 7.2235}, "geometry": {"type": "Polygon", "coordinates": [[[-76.48, 3.545], [-76.475, 3.545], [-76.475, 3.55], [-76.48, 3.55], [-76.48, 3.545]]]}}, {"type": "Feature", "properties": {"value": 9.1867, "sigma": 7.2235}, "geometry": {"type": "Polygon", "coordinates": [[[-76.475, 3.545], [-76.47, 3.545], [-76.47, 3.55], [-76.475, 3.55], [-76.475, 3.545]]]}}, {"type": "Feature", "properties": {"value": 9.2383, "sigma": 7.2235}, "geometry": {"type": "Polygon", "coordinates": [[[-76.47, 3.545], [-76.465, 3.545], [-76.465, 3.55], [-76.47, 3.55], [-76.47, 3.545]]]}}, {"type": "Feature", "properties": {"value": 9.2772, "sigma": 7.2235}, "geometry": {"type": "Polygon", "coordinates": [[[-76.465, 3.545], [-76.46, 3.545], [-76.46, 3.55], [-76.465, 3.55], [-76.465, 3.545]]]}}, {"type": "Feature", "properties": {"value": 9.3017, "sigma": 7.2235}, "geometry": {"type": "Polygon", "coordinates": [[[-76.46, 3.545], [-76.455, 3.545], [-76.455, 3.55], [-76.46, 3.55], [-76.46, 3.545]]]}}, {"type": "Feature", "properties": {"value": 9.3115, "sigma": 7.2235}, "geometry": {"type": "Polygon", "coordinates": [[[-76.455, 3.545], [-76.45, 3.545], [-76.45, 3.55], [-76.455, 3.55], [-76.455, 3.545]]]}}, {"type": "Feature", "properties": {"value": 9.3079, "sigma": 7.2235}, "geometry": {"type": "Polygon", "coordinates": [[[-76.45, 3.545], [-76.445, 3.545], [-76.445, 3.55], [-76.45, 3.55], [-76.45, 3.545]]]}}, {"type": "Feature", "properties": {"value": 9.2935, "sigma": 7.2235}, "geometry": {"type": "Polygon", "coordinates": [[[-76.445, 3.545], [-76.44, 3.545], [-76.44, 3.55], [-76.445, 3.55], [-76.445, 3.545]]]}}, {"type": "Feature", "properties": {"value": 9.2713, "sigma": 7.2235}, "geometry": {"type": "Polygon", "coordinates": [[[-76.44, 3.545], [-76.435, 3.545], [-76.435, 3.55], [-76.44, 3.55], [-76.44, 3.545]]]}}, {"type": "Feature", "properties": {"value": 9.2446, "sigma": 7.2235}, "geometry": {"type": "Polygon", "coordinates": [[[-76.435, 3.545], [-76.43, 3.545], [-76.43, 3.55], [-76.435, 3.55], [-76.435, 3.545]]]}}, {"type": "Feature", "properties": {"value": 9.2158, "sigma": 7.2235}, "geometry": {"type": "Polygon", "coordinates": [[[-76.43, 3.545], [-76.425, 3.545], [-76.425, 3.55], [-76.43, 3.55], [-76.43, 3.545]]]}}, {"type": "Feature", "properties": {"value": 9.1864, "sigma": 7.2235}, "geometry": {"type": "Polygon", "coordinates": [[[-76.425, 3.545], [-76.42, 3.545], [-76.42, 3.55], [-76.425, 3.55], [-76.425, 3.545]]]}}, {"type": "Feature", "properties": {"value": 9.1573, "sigma": 7.2235}, "geometry": {"type": "Polygon", "coordinates": [[[-76.42, 3.545], [-76.415, 3.545], [-76.415, 3.55], [-76.42, 3.55], [-76.42, 3.545]]]}}, {"type": "Feature", "properties": {"value": 9.1282, "sigma": 7.2235}, "geometry": {"type": "Polygon", "coordinates": [[[-76.415, 3.545], [-76.41, 3.545], [-76.41, 3.55], [-76.415, 3.55], [-76.415, 3.545]]]}}, {"type": "Feature", "properties": {"value": 9.0988, "sigma": 7.2235}, "geometry": {"type": "Polygon", "coordinates": [[[-76.41, 3.545], [-76.405, 3.545], [-76.405, 3.55], [-76.41, 3.55], [-76.41, 3.545]]]}}, {"type": "Feature", "properties": {"value": 9.0682, "sigma": 7.2235}, "geometry": {"type": "Polygon", "coordinates": [[[-76.405, 3.545], [-76.4, 3.545], [-76.4, 3.55], [-76.405, 3.55], [-76.405, 3.545]]]}}]}