{"type": "FeatureCollection", "properties": {"valueMin": 3.1666, "valueMax": 12.3331, "sigmaMin": 7.8102, "sigmaMax": 8.6005}, "features": [{"type": "Feature", "properties": {"value": 6.5071, "sigma": 8.6005}, "geometry": {"type": "Polygon", "coordinates": [[[-76.6, 3.3], [-76.595, 3.3], [-76.595, 3.305], [-76.6, 3.305], [-76.6, 3.3]]]}}, {"type": "Feature", "properties": {"value": 6.5071, "sigma": 8.6005}, "geometry": {"type": "Polygon", "coordinates": [[[-76.595, 3.3], [-76.59, 3.3], [-76.59, 3.305], [-76.595, 3.305], [-76.595, 3.3]]]}}, {"type": "Feature", "properties": {"value": 6.5071, "sigma": 8.6005}, "geometry": {"type": "Polygon", "coordinates": [[[-76.59, 3.3], [-76.585, 3.3], [-76.585, 3.305], [-76.59, 3.305], [-76.59, 3.3]]]}}, {"type": "Feature", "properties": {"value": 6.5071, "sigma": 8.6005}, "geometry": {"type": "Polygon", "coordinates": [[[-76.585, 3.3], [-76.58, 3.3], [-76.58, 3.305], [-76.585, 3.305], [-76.585, 3.3]]]}}, {"type": "Feature", "properties": {"value": 6.5071, "sigma": 8.6005}, "geometry": {"type": "Polygon", "coordinates": [[[-76.58, 3.3], [-76.575, 3.3], [-76.575, 3.305], [-76.58, 3.305], [-76.58, 3.3]]]}}, {"type": "Feature", "properties": {"value": 6.5071, "sigma": 8.6005}, "geometry": {"type": "Polygon", "coordinates": [[[-76.575, 3.3], [-76.57, 3.3], [-76.57, 3.305], [-76.575, 3.305], [-76.575, 3.3]]]}}, {"type": "Feature", "properties": {"value": 6.5071, "sigma": 8.6005}, "geometry": {"type": "Polygon", "coordinates": [[[-76.57, 3.3], [-76.565, 3.3], [-76.565, 3.305], [-76.57, 3.305], [-76.57, 3.3]]]}}, {"type": "Feature", "properties": {"value": 6.5071, "sigma": 8.6005}, "geometry": {"type": "Polygon", "coordinates": [[[-76.565, 3.3], [-76.56, 3.3], [-76.56, 3.305], [-76.565, 3.305], [-76.565, 3.3]]]}}, {"type": "Feature", "properties": {"value": 6.5071, "sigma": 8.6005}, "geometry": {"type": "Polygon", "coordinates": [[[-76.56, 3.3], [-76.555, 3.3], [-76.555, 3.305], [-76.56, 3.305], [-76.56, 3.3]]]}}, {"type": "Feature", "properties": {"value": 6.5071, "sigma": 8.6005}, "geometry": {"type": "Polygon", "coordinates": [[[-76.555, 3.3], [-76.55, 3.3], [-76.55, 3.305], [-76.555, 3.305], [-76.555, 3.3]]]}}, {"type": "Feature", "properties": {"value": 6.5071, "sigma": 8.6005}, "geometry": {"type": "Polygon", "coordinates": [[[-76.55, 3.3], [-76.545, 3.3], [-76.545, 3.305], [-76.55, 3.305], [-76.55, 3.3]]]}}, {"type": "Feature", "properties": {"value": 6.5071, "sigma": 8.6005}, "geometry": {"type": "Polygon", "coordinates": [[[-76.545, 3.3], [-76.54, 3.3], [-76.54, 3.305], [-76.545, 3.305], [-76.545, 3.3]]]}}, {"type": "Feature", "properties": {"value": 6.5071, "sigma": 8.6005}, "geometry": {"type": "Polygon", "coordinates": [[[-76.54, 3.3], [-76.535, 3.3], [-76.535, 3.305], [-76.54, 3.305], [-76.54, 3.3]]]}}, {"type": "Feature", "properties": {"value": 6.5071, "sigma": 8.6005}, "geometry": {"type": "Polygon", "coordinates": [[[-76.535, 3.3], [-76.53, 3.3], [-76.53, 3.305], [-76.535, 3.305], [-76.535, 3.3]]]}}, {"type": "Feature", "properties": {"value": 6.5071, "sigma": 8.6005}, "geometry": {"type": "Polygon", "coordinates": [[[-76.53, 3.3], [-76.525, 3.3], [-76.525, 3.305], [-76.53, 3.305], [-76.53, 3.3]]]}}, {"type": "Feature", "properties": {"value": 6.5071, "sigma": 8.6005}, "geometry": {"type": "Polygon", "coordinates": [[[-76.525, 3.3], [-76.52, 3.3], [-76.52, 3.305], [-76.525, 3.305], [-76.525, 3.3]]]}}, {"type": "Feature", "properties": {"value": 6.5071, "sigma": 8.6005}, "geometry": {"type": "Polygon", "coordinates": [[[-76.52, 3.3], [-76.515, 3.3], [-76.515, 3.305], [-76.52, 3.305], [-76.52, 3.3]]]}}, {"type": "Feature", "properties": {"value": 6.5071, "sigma": 8.6005}, "geometry": {"type": "Polygon", "coordinates": [[[-76.515, 3.3], [-76.51, 3.3], [-76.51, 3.305], [-76.515, 3.305], [-76.515, 3.3]]]}}, {"type": "Feature", "properties": {"value": 6.5071, "sigma": 8.6005}, "geometry": {"type": "Polygon", "coordinates": [[[-76.51, 3.3], [-76.505, 3.3], [-76.505, 3.305], [-76.51, 3.305], [-76.51, 3.3]]]}}, {"type": "Feature", "properties": {"value": 6.5071, "sigma": 8.6005}, "geometry": {"type": "Polygon", "coordinates": [[[-76.505, 3.3], [-76.5, 3.3], [-76.5, 3.305], [-76.505, 3.305], [-76.505, 3.3]]]}}, {"type": "Feature", "properties": {"value": 6.5071, "sigma": 8.6005}, "geometry": {"type": "Polygon", "coordinates": [[[-76.5, 3.3], [-76.495, 3.3], [-76.495, 3.305], [-76.5, 3.305], [-76.5, 3.3]]]}}, {"type": "Feature", "properties": {"value": 6.5071, "sigma": 8.6005}, "geometry": {"type": "Polygon", "coordinates": [[[-76.495, 3.3], [-76.49, 3.3], [-76.49, 3.305], [-76.495, 3.305], [-76.495, 3.3]]]}}, {"type": "Feature", "properties": {"value": 6.5071, "sigma": 8.6005}, "geometry": {"type": "Polygon", "coordinates": [[[-76.49, 3.3], [-76.485, 3.3], [-76.485, 3.305], [-76.49, 3.305], [-76.49, 3.3]]]}}, {"type": "Feature", "properties": {"value": 6.5071, "sigma": 8.6005}, "geometry": {"type": "Polygon", "coordinates": [[[-76.485, 3.3], [-76.48, 3.3], [-76.48, 3.305], [-76.485, 3.305], [-76.485, 3.3]]]}}, {"type": "Feature", "properties": {"value": 6.5071, "sigma": 8.6005}, "geometry": {"type": "Polygon", "coordinates": [[[-76.48, 3.3], [-76.475, 3.3], [-76.475, 3.305], [-76.48, 3.305], [-76.48, 3.3]]]}}, {"type": "Feature", "properties": {"value": 6.5071, "sigma": 8.6005}, "geometry": {"type": "Polygon", "coordinates": [[[-76.475, 3.3], [-76.47, 3.3], [-76.47, 3.305], [-76.475, 3.305], [-76.475, 3.3]]]}}, {"type": "Feature", "properties": {"value": 6.5071, "sigma": 8.6005}, "geometry": {"type": "Polygon", "coordinates": [[[-76.47, 3.3], [-76.465, 3.3], [-76.465, 3.305], [-76.47, 3.305], [-76.47, 3.3]]]}}, {"type": "Feature", "properties": {"value": 6.5071, "sigma": 8.6005}, "geometry": {"type": "Polygon", "coordinates": [[[-76.465, 3.3], [-76.46, 3.3], [-76.46, 3.305], [-76.465, 3.305], [-76.465, 3.3]]]}}, {"type": "Feature", "properties": {"value": 6.5071, "sigma": 8.6005}, "geometry": {"type": "Polygon", "coordinates": [[[-76.46, 3.3], [-76.455, 3.3], [-76.455, 3.305], [-76.46, 3.305], [-76.46, 3.3]]]}}, {"type": "Feature", "properties": {"value": 6.5071, "sigma": 8.6005}, "geometry": {"type": "Polygon", "coordinates": [[[-76.455, 3.3], [-76.45, 3.3], [-76.45, 3.305], [-76.455, 3.305], [-76.455, 3.3]]]}}, {"type": "Feature", "properties": {"value": 6.5071, "sigma": 8.6005}, "geometry": {"type": "Polygon", "coordinates": [[[-76.45, 3.3], [-76.445, 3.3], [-76.445, 3.305], [-76.45, 3.305], [-76.45, 3.3]]]}}, {"type": "Feature", "properties": {"value": 6.5071, "sigma": 8.6005}, "geometry": {"type": "Polygon", "coordinates": [[[-76.445, 3.3], [-76.44, 3.3], [-76.44, 3.305], [-76.445, 3.305], [-76.445, 3.3]]]}}, {"type": "Feature", "properties": {"value": 6.5071, "sigma": 8.6005}, "geometry": {"type": "Polygon", "coordinates": [[[-76.44, 3.3], [-76.435, 3.3], [-76.435, 3.305], [-76.44, 3.305], [-76.44, 3.3]]]}}, {"type": "Feature", "properties": {"value": 6.5071, "sigma": 8.6005}, "geometry": {"type": "Polygon", "coordinates": [[[-76.435, 3.3], [-76.43, 3.3], [-76.43, 3.305], [-76.435, 3.305], [-76.435, 3.3]]]}}, {"type": "Feature", "properties": {"value": 6.5071, "sigma": 8.6005}, "geometry": {"type": "Polygon", "coordinates": [[[-76.43, 3.3], [-76.425, 3.3], [-76.425, 3.305], [-76.43, 3.305], [-76.43, 3.3]]]}}, {"type": "Feature", "properties": {"value": 6.5071, "sigma": 8.6005}, "geometry": {"type": "Polygon", "coordinates": [[[-76.425, 3.3], [-76.42, 3.3], [-76.42, 3.305], [-76.425, 3.305], [-76.425, 3.3]]]}}, {"type": "Feature", "properties": {"value": 6.5071, "sigma": 8.6005}, "geometry": {"type": "Polygon", "coordinates": [[[-76.42, 3.3], [-76.415, 3.3], [-76.415, 3.305], [-76.42, 3.305], [-76.42, 3.3]]]}}, {"type": "Feature", "properties": {"value": 6.5071, "sigma": 8.6005}, "geometry": {"type": "Polygon", "coordinates": [[[-76.415, 3.3], [-76.41, 3.3], [-76.41, 3.305], [-76.415, 3.305], [-76.415, 3.3]]]}}, {"type": "Feature", "properties": {"value": 6.5071, "sigma": 8.6005}, "geometry": {"type": "Polygon", "coordinates": [[[-76.41, 3.3], [-76.405, 3.3], [-76.405, 3.305], [-76.41, 3.305], [-76.41, 3.3]]]}}, {"type": "Feature", "properties": {"value": 6.5071, "sigma": 8.6005}, "geometry": {"type": "Polygon", "coordinates": [[[-76.405, 3.3], [-76.4, 3.3], [-76.4, 3.305], [-76.405, 3.305], [-76.405, 3.3]]]}}, {"type": "Feature", "properties": {"value": 6.5071, "sigma": 8.6005}, "geometry": {"type": "Polygon", "coordinates": [[[-76.6, 3.305], [-76.595, 3.305], [-76.595, 3.31], [-76.6, 3.31], [-76.6, 3.305]]]}}, {"type": "Feature", "properties": {"value": 6.5071, "sigma": 8.6005}, "geometry": {"type": "Polygon", "coordinates": [[[-76.595, 3.305], [-76.59, 3.305], [-76.59, 3.31], [-76.595, 3.31], [-76.595, 3.305]]]}}, {"type": "Feature", "properties": {"value": 6.5071, "sigma": 8.6005}, "geometry": {"type": "Polygon", "coordinates": [[[-76.59, 3.305], [-76.585, 3.305], [-76.585, 3.31], [-76.59, 3.31], [-76.59, 3.305]]]}}, {"type": "Feature", "properties": {"value": 6.5071, "sigma": 8.6005}, "geometry": {"type": "Polygon", "coordinates": [[[-76.585, 3.305], [-76.58, 3.305], [-76.58, 3.31], [-76.585, 3.31], [-76.585, 3.305]]]}}, {"type": "Feature", "properties": {"value": 6.5071, "sigma": 8.6005}, "geometry": {"type": "Polygon", "coordinates": [[[-76.58, 3.305], [-76.575, 3.305], [-76.575, 3.31], [-76.58, 3.31], [-76.58, 3.305]]]}}, {"type": "Feature", "properties": {"value": 6.5071, "sigma": 8.6005}, "geometry": {"type": "Polygon", "coordinates": [[[-76.575, 3.305], [-76.57, 3.305], [-76.57, 3.31], [-76.575, 3.31], [-76.575, 3.305]]]}}, {"type": "Feature", "properties": {"value": 6.5071, "sigma": 8.6005}, "geometry": {"type": "Polygon", "coordinates": [[[-76.57, 3.305], [-76.565, 3.305], [-76.565, 3.31], [-76.57, 3.31], [-76.57, 3.305]]]}}, {"type": "Feature", "properties": {"value": 6.5071, "sigma": 8.6005}, "geometry": {"type": "Polygon", "coordinates": [[[-76.565, 3.305], [-76.56, 3.305], [-76.56, 3.31], [-76.565, 3.31], [-76.565, 3.305]]]}}, {"type": "Feature", "properties": {"value": 6.5071, "sigma": 8.6005}, "geometry": {"type": "Polygon", "coordinates": [[[-76.56, 3.305], [-76.555, 3.305], [-76.555, 3.31], [-76.56, 3.31], [-76.56, 3.305]]]}}, {"type": "Feature", "properties": {"value": 6.5071, "sigma": 8.6005}, "geometry": {"type": "Polygon", "coordinates": [[[-76.555, 3.305], [-76.55, 3.305], [-76.55, 3.31], [-76.555, 3.31], [-76.555, 3.305]]]}}, {"type": "Feature", "properties": {"value": 6.5071, "sigma": 8.6005}, "geometry": {"type": "Polygon", "coordinates": [[[-76.55, 3.305], [-76.545, 3.305], [-76.545, 3.31], [-76.55, 3.31], [-76.55, 3.305]]]}}, {"type": "Feature", "properties": {"value": 6.5071, "sigma": 8.6005}, "geometry": {"type": "Polygon", "coordinates": [[[-76.545, 3.305], [-76.54, 3.305], [-76.54, 3.31], [-76.545, 3.31], [-76.545, 3.305]]]}}, {"type": "Feature", "properties": {"value": 6.5071, "sigma": 8.6005}, "geometry": {"type": "Polygon", "coordinates": [[[-76.54, 3.305], [-76.535, 3.305], [-76.535, 3.31], [-76.54, 3.31], [-76.54, 3.305]]]}}, {"type": "Feature", "properties": {"value": 6.5071, "sigma": 8.6005}, "geometry": {"type": "Polygon", "coordinates": [[[-76.535, 3.305], [-76.53, 3.305], [-76.53, 3.31], [-76.535, 3.31], [-76.535, 3.305]]]}}, {"type": "Feature", "properties": {"value": 6.5071, "sigma": 8.6005}, "geometry": {"type": "Polygon", "coordinates": [[[-76.53, 3.305], [-76.525, 3.305], [-76.525, 3.31], [-76.53, 3.31], [-76.53, 3.305]]]}}, {"type": "Feature", "properties": {"value": 6.5071, "sigma": 8.6005}, "geometry": {"type": "Polygon", "coordinates": [[[-76.525, 3.305], [-76.52, 3.305], [-76.52, 3.31], [-76.525, 3.31], [-76.525, 3.305]]]}}, {"type": "Feature", "properties": {"value": 6.5071, "sigma": 8.6005}, "geometry": {"type": "Polygon", "coordinates": [[[-76.52, 3.305], [-76.515, 3.305], [-76.515, 3.31], [-76.52, 3.31], [-76.52, 3.305]]]}}, {"type": "Feature", "properties": {"value": 6.5071, "sigma": 8.6005}, "geometry": {"type": "Polygon", "coordinates": [[[-76.515, 3.305], [-76.51, 3.305], [-76.51, 3.31], [-76.515, 3.31], [-76.515, 3.305]]]}}, {"type": "Feature", "properties": {"value": 6.5071, "sigma": 8.6005}, "geometry": {"type": "Polygon", "coordinates": [[[-76.51, 3.305], [-76.505, 3.305], [-76.505, 3.31], [-76.51, 3.31], [-76.51, 3.305]]]}}, {"type": "Feature", "properties": {"value": 6.5071, "sigma": 8.6005}, "geometry": {"type": "Polygon", "coordinates": [[[-76.505, 3.305], [-76.5, 3.305], [-76.5, 3.31], [-76.505, 3.31], [-76.505, 3.305]]]}}, {"type": "Feature", "properties": {"value": 6.5071, "sigma": 8.6005}, "geometry": {"type": "Polygon", "coordinates": [[[-76.5, 3.305], [-76.495, 3.305], [-76.495, 3.31], [-76.5, 3.31], [-76.5, 3.305]]]}}, {"type": "Feature", "properties": {"value": 6.5071, "sigma": 8.6005}, "geometry": {"type": "Polygon", "coordinates": [[[-76.495, 3.305], [-76.49, 3.305], [-76.49, 3.31], [-76.495, 3.31], [-76.495, 3.305]]]}}, {"type": "Feature", "properties": {"value": 6.5071, "sigma": 8.6005}, "geometry": {"type": "Polygon", "coordinates": [[[-76.49, 3.305], [-76.485, 3.305], [-76.485, 3.31], [-76.49, 3.31], [-76.49, 3.305]]]}}, {"type": "Feature", "properties": {"value": 6.5071, "sigma": 8.6005}, "geometry": {"type": "Polygon", "coordinates": [[[-76.485, 3.305], [-76.48, 3.305], [-76.48, 3.31], [-76.485, 3.31], [-76.485, 3.305]]]}}, {"type": "Feature", "properties": {"value": 6.5071, "sigma": 8.6005}, "geometry": {"type": "Polygon", "coordinates": [[[-76.48, 3.305], [-76.475, 3.305], [-76.475, 3.31], [-76.48, 3.31], [-76.48, 3.305]]]}}, {"type": "Feature", "properties": {"value": 6.5071, "sigma": 8.6005}, "geometry": {"type": "Polygon", "coordinates": [[[-76.475, 3.305], [-76.47, 3.305], [-76.47, 3.31], [-76.475, 3.31], [-76.475, 3.305]]]}}, {"type": "Feature", "properties": {"value": 6.5071, "sigma": 8.6005}, "geometry": {"type": "Polygon", "coordinates": [[[-76.47, 3.305], [-76.465, 3.305], [-76.465, 3.31], [-76.47, 3.31], [-76.47, 3.305]]]}}, {"type": "Feature", "properties": {"value": 6.5071, "sigma": 8.6005}, "geometry": {"type": "Polygon", "coordinates": [[[-76.465, 3.305], [-76.46, 3.305], [-76.46, 3.31], [-76.465, 3.31], [-76.465, 3.305]]]}}, {"type": "Feature", "properties": {"value": 6.5071, "sigma": 8.6005}, "geometry": {"type": "Polygon", "coordinates": [[[-76.46, 3.305], [-76.455, 3.305], [-76.455, 3.31], [-76.46, 3.31], [-76.46, 3.305]]]}}, {"type": "Feature", "properties": {"value": 6.5071, "sigma": 8.6005}, "geometry": {"type": "Polygon", "coordinates": [[[-76.455, 3.305], [-76.45, 3.305], [-76.45, 3.31], [-76.455, 3.31], [-76.455, 3.305]]]}}, {"type": "Feature", "properties": {"value": 6.5071, "sigma": 8.6005}, "geometry": {"type": "Polygon", "coordinates": [[[-76.45, 3.305], [-76.445, 3.305], [-76.445, 3.31], [-76.45, 3.31], [-76.45, 3.305]]]}}, {"type": "Feature", "properties": {"value": 6.5071, "sigma": 8.6005}, "geometry": {"type": "Polygon", "coordinates": [[[-76.445, 3.305], [-76.44, 3.305], [-76.44, 3.31], [-76.445, 3.31], [-76.445, 3.305]]]}}, {"type": "Feature", "properties": {"value": 6.5071, "sigma": 8.6005}, "geometry": {"type": "Polygon", "coordinates": [[[-76.44, 3.305], [-76.435, 3.305], [-76.435, 3.31], [-76.44, 3.31], [-76.44, 3.305]]]}}, {"type": "Feature", "properties": {"value": 6.5071, "sigma": 8.6005}, "geometry": {"type": "Polygon", "coordinates": [[[-76.435, 3.305], [-76.43, 3.305], [-76.43, 3.31], [-76.435, 3.31], [-76.435, 3.305]]]}}, {"type": "Feature", "properties": {"value": 6.5071, "sigma": 8.6005}, "geometry": {"type": "Polygon", "coordinates": [[[-76.43, 3.305], [-76.425, 3.305], [-76.425, 3.31], [-76.43, 3.31], [-76.43, 3.305]]]}}, {"type": "Feature", "properties": {"value": 6.5071, "sigma": 8.6005}, "geometry": {"type": "Polygon", "coordinates": [[[-76.425, 3.305], [-76.42, 3.305], [-76.42, 3.31], [-76.425, 3.31], [-76.425, 3.305]]]}}, {"type": "Feature", "properties": {"value": 6.5071, "sigma": 8.6005}, "geometry": {"type": "Polygon", "coordinates": [[[-76.42, 3.305], [-76.415, 3.305], [-76.415, 3.31], [-76.42, 3.31], [-76.42, 3.305]]]}}, {"type": "Feature", "properties": {"value": 6.5071, "sigma": 8.6005}, "geometry": {"type": "Polygon", "coordinates": [[[-76.415, 3.305], [-76.41, 3.305], [-76.41, 3.31], [-76.415, 3.31], [-76.415, 3.305]]]}}, {"type": "Feature", "properties": {"value": 6.5071, "sigma": 8.6005}, "geometry": {"type": "Polygon", "coordinates": [[[-76.41, 3.305], [-76.405, 3.305], [-76.405, 3.31], [-76.41, 3.31], [-76.41, 3.305]]]}}, {"type": "Feature", "properties": {"value": 6.5071, "sigma": 8.6005}, "geometry": {"type": "Polygon", "coordinates": [[[-76.405, 3.305], [-76.4, 3.305], [-76.4, 3.31], [-76.405, 3.31], [-76.405, 3.305]]]}}, {"type": "Feature", "properties": {"value": 6.5071, "sigma": 8.6005}, "geometry": {"type": "Polygon", "coordinates": [[[-76.6, 3.31], [-76.595, 3.31], [-76.595, 3.315], [-76.6, 3.315], [-76.6, 3.31]]]}}, {"type": "Feature", "properties": {"value": 6.5071, "sigma": 8.6005}, "geometry": {"type": "Polygon", "coordinates": [[[-76.595, 3.31], [-76.59, 3.31], [-76.59, 3.315], [-76.595, 3.315], [-76.595, 3.31]]]}}, {"type": "Feature", "properties": {"value": 6.5071, "sigma": 8.6005}, "geometry": {"type": "Polygon", "coordinates": [[[-76.59, 3.31], [-76.585, 3.31], [-76.585, 3.315], [-76.59, 3.315], [-76.59, 3.31]]]}}, {"type": "Feature", "properties": {"value": 6.5071, "sigma": 8.6005}, "geometry": {"type": "Polygon", "coordinates": [[[-76.585, 3.31], [-76.58, 3.31], [-76.58, 3.315], [-76.585, 3.315], [-76.585, 3.31]]]}}, {"type": "Feature", "properties": {"value": 6.5071, "sigma": 8.6005}, "geometry": {"type": "Polygon", "coordinates": [[[-76.58, 3.31], [-76.575, 3.31], [-76.575, 3.315], [-76.58, 3.315], [-76.58, 3.31]]]}}, {"type": "Feature", "properties": {"value": 6.5071, "sigma": 8.6005}, "geometry": {"type": "Polygon", "coordinates": [[[-76.575, 3.31], [-76.57, 3.31], [-76.57, 3.315], [-76.575, 3.315], [-76.575, 3.31]]]}}, {"type": "Feature", "properties": {"value": 6.5071, "sigma": 8.6005}, "geometry": {"type": "Polygon", "coordinates": [[[-76.57, 3.31], [-76.565, 3.31], [-76.565, 3.315], [-76.57, 3.315], [-76.57, 3.31]]]}}, {"type": "Feature", "properties": {"value": 6.5071, "sigma": 8.6005}, "geometry": {"type": "Polygon", "coordinates": [[[-76.565, 3.31], [-76.56, 3.31], [-76.56, 3.315], [-76.565, 3.315], [-76.565, 3.31]]]}}, {"type": "Feature", "properties": {"value": 6.5071, "sigma": 8.6005}, "geometry": {"type": "Polygon", "coordinates": [[[-76.56, 3.31], [-76.555, 3.31], [-76.555, 3.315], [-76.56, 3.315], [-76.56, 3.31]]]}}, {"type": "Feature", "properties": {"value": 6.5071, "sigma": 8.6005}, "geometry": {"type": "Polygon", "coordinates": [[[-76.555, 3.31], [-76.55, 3.31], [-76.55, 3.315], [-76.555, 3.315], [-76.555, 3.31]]]}}, {"type": "Feature", "properties": {"value": 6.5071, "sigma": 8.6005}, "geometry": {"type": "Polygon", "coordinates": [[[-76.55, 3.31], [-76.545, 3.31], [-76.545, 3.315], [-76.55, 3.315], [-76.55, 3.31]]]}}, {"type": "Feature", "properties": {"value": 6.5071, "sigma": 8.6005}, "geometry": {"type": "Polygon", "coordinates": [[[-76.545, 3.31], [-76.54, 3.31], [-76.54, 3.315], [-76.545, 3.315], [-76.545, 3.31]]]}}, {"type": "Feature", "properties": {"value": 6.5071, "sigma": 8.6005}, "geometry": {"type": "Polygon", "coordinates": [[[-76.54, 3.31], [-76.535, 3.31], [-76.535, 3.315], [-76.54, 3.315], [-76.54, 3.31]]]}}, {"type": "Feature", "properties": {"value": 6.5071, "sigma": 8.6005}, "geometry": {"type": "Polygon", "coordinates": [[[-76.535, 3.31], [-76.53, 3.31], [-76.53, 3.315], [-76.535, 3.315], [-76.535, 3.31]]]}}, {"type": "Feature", "properties": {"value": 6.5071, "sigma": 8.6005}, "geometry": {"type": "Polygon", "coordinates": [[[-76.53, 3.31], [-76.525, 3.31], [-76.525, 3.315], [-76.53, 3.315], [-76.53, 3.31]]]}}, {"type": "Feature", "properties": {"value": 6.5071, "sigma": 8.6005}, "geometry": {"type": "Polygon", "coordinates": [[[-76.525, 3.31], [-76.52, 3.31], [-76.52, 3.315], [-76.525, 3.315], [-76.525, 3.31]]]}}, {"type": "Feature", "properties": {"value": 6.5071, "sigma": 8.6005}, "geometry": {"type": "Polygon", "coordinates": [[[-76.52, 3.31], [-76.515, 3.31], [-76.515, 3.315], [-76.52, 3.315], [-76.52, 3.31]]]}}, {"type": "Feature", "properties": {"value": 6.5071, "sigma": 8.6005}, "geometry": {"type": "Polygon", "coordinates": [[[-76.515, 3.31], [-76.51, 3.31], [-76.51, 3.315], [-76.515, 3.315], [-76.515, 3.31]]]}}, {"type": "Feature", "properties": {"value": 6.5071, "sigma": 8.6005}, "geometry": {"type": "Polygon", "coordinates": [[[-76.51, 3.31], [-76.505, 3.31], [-76.505, 3.315], [-76.51, 3.315], [-76.51, 3.31]]]}}, {"type": "Feature", "properties": {"value": 6.5071, "sigma": 8.6005}, "geometry": {"type": "Polygon", "coordinates": [[[-76.505, 3.31], [-76.5, 3.31], [-76.5, 3.315], [-76.505, 3.315], [-76.505, 3.31]]]}}, {"type": "Feature", "properties": {"value": 6.5071, "sigma": 8.6005}, "geometry": {"type": "Polygon", "coordinates": [[[-76.5, 3.31], [-76.495, 3.31], [-76.495, 3.315], [-76.5, 3.315], [-76.5, 3.31]]]}}, {"type": "Feature", "properties": {"value": 6.5071, "sigma": 8.6005}, "geometry": {"type": "Polygon", "coordinates": [[[-76.495, 3.31], [-76.49, 3.31], [-76.49, 3.315], [-76.495, 3.315], [-76.495, 3.31]]]}}, {"type": "Feature", "properties": {"value": 6.5071, "sigma": 8.6005}, "geometry": {"type": "Polygon", "coordinates": [[[-76.49, 3.31], [-76.485, 3.31], [-76.485, 3.315], [-76.49, 3.315], [-76.49, 3.31]]]}}, {"type": "Feature", "properties": {"value": 6.5071, "sigma": 8.6005}, "geometry": {"type": "Polygon", "coordinates": [[[-76.485, 3.31], [-76.48, 3.31], [-76.48, 3.315], [-76.485, 3.315], [-76.485, 3.31]]]}}, {"type": "Feature", "properties": {"value": 6.5071, "sigma": 8.6005}, "geometry": {"type": "Polygon", "coordinates": [[[-76.48, 3.31], [-76.475, 3.31], [-76.475, 3.315], [-76.48, 3.315], [-76.48, 3.31]]]}}, {"type": "Feature", "properties": {"value": 6.5071, "sigma": 8.6005}, "geometry": {"type": "Polygon", "coordinates": [[[-76.475, 3.31], [-76.47, 3.31], [-76.47, 3.315], [-76.475, 3.315], [-76.475, 3.31]]]}}, {"type": "Feature", "properties": {"value": 6.5071, "sigma": 8.6005}, "geometry": {"type": "Polygon", "coordinates": [[[-76.47, 3.31], [-76.465, 3.31], [-76.465, 3.315], [-76.47, 3.315], [-76.47, 3.31]]]}}, {"type": "Feature", "properties": {"value": 6.5071, "sigma": 8.6005}, "geometry": {"type": "Polygon", "coordinates": [[[-76.465, 3.31], [-76.46, 3.31], [-76.46, 3.315], [-76.465, 3.315], [-76.465, 3.31]]]}}, {"type": "Feature", "properties": {"value": 6.5071, "sigma": 8.6005}, "geometry": {"type": "Polygon", "coordinates": [[[-76.46, 3.31], [-76.455, 3.31], [-76.455, 3.315], [-76.46, 3.315], [-76.46, 3.31]]]}}, {"type": "Feature", "properties": {"value": 6.5071, "sigma": 8.6005}, "geometry": {"type": "Polygon", "coordinates": [[[-76.455, 3.31], [-76.45, 3.31], [-76.45, 3.315], [-76.455, 3.315], [-76.455, 3.31]]]}}, {"type": "Feature", "properties": {"value": 6.5071, "sigma": 8.6005}, "geometry": {"type": "Polygon", "coordinates": [[[-76.45, 3.31], [-76.445, 3.31], [-76.445, 3.315], [-76.45, 3.315], [-76.45, 3.31]]]}}, {"type": "Feature", "properties": {"value": 6.5071, "sigma": 8.6005}, "geometry": {"type": "Polygon", "coordinates": [[[-76.445, 3.31], [-76.44, 3.31], [-76.44, 3.315], [-76.445, 3.315], [-76.445, 3.31]]]}}, {"type": "Feature", "properties": {"value": 6.5071, "sigma": 8.6005}, "geometry": {"type": "Polygon", "coordinates": [[[-76.44, 3.31], [-76.435, 3.31], [-76.435, 3.315], [-76.44, 3.315], [-76.44, 3.31]]]}}, {"type": "Feature", "properties": {"value": 6.5071, "sigma": 8.6005}, "geometry": {"type": "Polygon", "coordinates": [[[-76.435, 3.31], [-76.43, 3.31], [-76.43, 3.315], [-76.435, 3.315], [-76.435, 3.31]]]}}, {"type": "Feature", "properties": {"value": 6.5071, "sigma": 8.6005}, "geometry": {"type": "Polygon", "coordinates": [[[-76.43, 3.31], [-76.425, 3.31], [-76.425, 3.315], [-76.43, 3.315], [-76.43, 3.31]]]}}, {"type": "Feature", "properties": {"value": 6.5071, "sigma": 8.6005}, "geometry": {"type": "Polygon", "coordinates": [[[-76.425, 3.31], [-76.42, 3.31], [-76.42, 3.315], [-76.425, 3.315], [-76.425, 3.31]]]}}, {"type": "Feature", "properties": {"value": 6.5071, "sigma": 8.6005}, "geometry": {"type": "Polygon", "coordinates": [[[-76.42, 3.31], [-76.415, 3.31], [-76.415, 3.315], [-76.42, 3.315], [-76.42, 3.31]]]}}, {"type": "Feature", "properties": {"value": 6.5071, "sigma": 8.6005}, "geometry": {"type": "Polygon", "coordinates": [[[-76.415, 3.31], [-76.41, 3.31], [-76.41, 3.315], [-76.415, 3.315], [-76.415, 3.31]]]}}, {"type": "Feature", "properties": {"value": 6.5071, "sigma": 8.6005}, "geometry": {"type": "Polygon", "coordinates": [[[-76.41, 3.31], [-76.405, 3.31], [-76.405, 3.315], [-76.41, 3.315], [-76.41, 3.31]]]}}, {"type": "Feature", "properties": {"value": 6.5071, "sigma": 8.6005}, "geometry": {"type": "Polygon", "coordinates": [[[-76.405, 3.31], [-76.4, 3.31], [-76.4, 3.315], [-76.405, 3.315], [-76.405, 3.31]]]}}, {"type": "Feature", "properties": {"value": 6.5071, "sigma": 8.6005}, "geometry": {"type": "Polygon", "coordinates": [[[-76.6, 3.315], [-76.595, 3.315], [-76.595, 3.32], [-76.6, 3.32], [-76.6, 3.315]]]}}, {"type": "Feature", "properties": {"value": 6.5071, "sigma": 8.6005}, "geometry": {"type": "Polygon", "coordinates": [[[-76.595, 3.315], [-76.59, 3.315], [-76.59, 3.32], [-76.595, 3.32], [-76.595, 3.315]]]}}, {"type": "Feature", "properties": {"value": 6.5071, "sigma": 8.6005}, "geometry": {"type": "Polygon", "coordinates": [[[-76.59, 3.315], [-76.585, 3.315], [-76.585, 3.32], [-76.59, 3.32], [-76.59, 3.315]]]}}, {"type": "Feature", "properties": {"value": 6.5071, "sigma": 8.6005}, "geometry": {"type": "Polygon", "coordinates": [[[-76.585, 3.315], [-76.58, 3.315], [-76.58, 3.32], [-76.585, 3.32], [-76.585, 3.315]]]}}, {"type": "Feature", "properties": {"value": 6.5071, "sigma": 8.6005}, "geometry": {"type": "Polygon", "coordinates": [[[-76.58, 3.315], [-76.575, 3.315], [-76.575, 3.32], [-76.58, 3.32], [-76.58, 3.315]]]}}, {"type": "Feature", "properties": {"value": 6.5071, "sigma": 8.6005}, "geometry": {"type": "Polygon", "coordinates": [[[-76.575, 3.315], [-76.57, 3.315], [-76.57, 3.32], [-76.575, 3.32], [-76.575, 3.315]]]}}, {"type": "Feature", "properties": {"value": 6.5071, "sigma": 8.6005}, "geometry": {"type": "Polygon", "coordinates": [[[-76.57, 3.315], [-76.565, 3.315], [-76.565, 3.32], [-76.57, 3.32], [-76.57, 3.315]]]}}, {"type": "Feature", "properties": {"value": 6.5071, "sigma": 8.6005}, "geometry": {"type": "Polygon", "coordinates": [[[-76.565, 3.315], [-76.56, 3.315], [-76.56, 3.32], [-76.565, 3.32], [-76.565, 3.315]]]}}, {"type": "Feature", "properties": {"value": 6.5071, "sigma": 8.6005}, "geometry": {"type": "Polygon", "coordinates": [[[-76.56, 3.315], [-76.555, 3.315], [-76.555, 3.32], [-76.56, 3.32], [-76.56, 3.315]]]}}, {"type": "Feature", "properties": {"value": 6.5071, "sigma": 8.6005}, "geometry": {"type": "Polygon", "coordinates": [[[-76.555, 3.315], [-76.55, 3.315], [-76.55, 3.32], [-76.555, 3.32], [-76.555, 3.315]]]}}, {"type": "Feature", "properties": {"value": 6.5071, "sigma": 8.6005}, "geometry": {"type": "Polygon", "coordinates": [[[-76.55, 3.315], [-76.545, 3.315], [-76.545, 3.32], [-76.55, 3.32], [-76.55, 3.315]]]}}, {"type": "Feature", "properties": {"value": 6.5071, "sigma": 8.6005}, "geometry": {"type": "Polygon", "coordinates": [[[-76.545, 3.315], [-76.54, 3.315], [-76.54, 3.32], [-76.545, 3.32], [-76.545, 3.315]]]}}, {"type": "Feature", "properties": {"value": 6.5071, "sigma": 8.6005}, "geometry": {"type": "Polygon", "coordinates": [[[-76.54, 3.315], [-76.535, 3.315], [-76.535, 3.32], [-76.54, 3.32], [-76.54, 3.315]]]}}, {"type": "Feature", "properties": {"value": 6.5071, "sigma": 8.6005}, "geometry": {"type": "Polygon", "coordinates": [[[-76.535, 3.315], [-76.53, 3.315], [-76.53, 3.32], [-76.535, 3.32], [-76.535, 3.315]]]}}, {"type": "Feature", "properties": {"value": 6.5071, "sigma": 8.6005}, "geometry": {"type": "Polygon", "coordinates": [[[-76.53, 3.315], [-76.525, 3.315], [-76.525, 3.32], [-76.53, 3.32], [-76.53, 3.315]]]}}, {"type": "Feature", "properties": {"value": 6.5071, "sigma": 8.6005}, "geometry": {"type": "Polygon", "coordinates": [[[-76.525, 3.315], [-76.52, 3.315], [-76.52, 3.32], [-76.525, 3.32], [-76.525, 3.315]]]}}, {"type": "Feature", "properties": {"value": 6.5071, "sigma": 8.6005}, "geometry": {"type": "Polygon", "coordinates": [[[-76.52, 3.315], [-76.515, 3.315], [-76.515, 3.32], [-76.52, 3.32], [-76.52, 3.315]]]}}, {"type": "Feature", "properties": {"value": 6.5071, "sigma": 8.6005}, "geometry": {"type": "Polygon", "coordinates": [[[-76.515, 3.315], [-76.51, 3.315], [-76.51, 3.32], [-76.515, 3.32], [-76.515, 3.315]]]}}, {"type": "Feature", "properties": {"value": 6.5071, "sigma": 8.6005}, "geometry": {"type": "Polygon", "coordinates": [[[-76.51, 3.315], [-76.505, 3.315], [-76.505, 3.32], [-76.51, 3.32], [-76.51, 3.315]]]}}, {"type": "Feature", "properties": {"value": 6.5071, "sigma": 8.6005}, "geometry": {"type": "Polygon", "coordinates": [[[-76.505, 3.315], [-76.5, 3.315], [-76.5, 3.32], [-76.505, 3.32], [-76.505, 3.315]]]}}, {"type": "Feature", "properties": {"value": 6.5071, "sigma": 8.6005}, "geometry": {"type": "Polygon", "coordinates": [[[-76.5, 3.315], [-76.495, 3.315], [-76.495, 3.32], [-76.5, 3.32], [-76.5, 3.315]]]}}, {"type": "Feature", "properties": {"value": 6.5071, "sigma": 8.6005}, "geometry": {"type": "Polygon", "coordinates": [[[-76.495, 3.315], [-76.49, 3.315], [-76.49, 3.32], [-76.495, 3.32], [-76.495, 3.315]]]}}, {"type": "Feature", "properties": {"value": 6.5071, "sigma": 8.6005}, "geometry": {"type": "Polygon", "coordinates": [[[-76.49, 3.315], [-76.485, 3.315], [-76.485, 3.32], [-76.49, 3.32], [-76.49, 3.315]]]}}, {"type": "Feature", "properties": {"value": 6.5071, "sigma": 8.6005}, "geometry": {"type": "Polygon", "coordinates": [[[-76.485, 3.315], [-76.48, 3.315], [-76.48, 3.32], [-76.485, 3.32], [-76.485, 3.315]]]}}, {"type": "Feature", "properties": {"value": 6.5071, "sigma": 8.6005}, "geometry": {"type": "Polygon", "coordinates": [[[-76.48, 3.315], [-76.475, 3.315], [-76.475, 3.32], [-76.48, 3.32], [-76.48, 3.315]]]}}, {"type": "Feature", "properties": {"value": 6.5071, "sigma": 8.6005}, "geometry": {"type": "Polygon", "coordinates": [[[-76.475, 3.315], [-76.47, 3.315], [-76.47, 3.32], [-76.475, 3.32], [-76.475, 3.315]]]}}, {"type": "Feature", "properties": {"value": 6.5071, "sigma": 8.6005}, "geometry": {"type": "Polygon", "coordinates": [[[-76.47, 3.315], [-76.465, 3.315], [-76.465, 3.32], [-76.47, 3.32], [-76.47, 3.315]]]}}, {"type": "Feature", "properties": {"value": 6.5071, "sigma": 8.6005}, "geometry": {"type": "Polygon", "coordinates": [[[-76.465, 3.315], [-76.46, 3.315], [-76.46, 3.32], [-76.465, 3.32], [-76.465, 3.315]]]}}, {"type": "Feature", "properties": {"value": 6.5071, "sigma": 8.6005}, "geometry": {"type": "Polygon", "coordinates": [[[-76.46, 3.315], [-76.455, 3.315], [-76.455, 3.32], [-76.46, 3.32], [-76.46, 3.315]]]}}, {"type": "Feature", "properties": {"value": 6.5071, "sigma": 8.6005}, "geometry": {"type": "Polygon", "coordinates": [[[-76.455, 3.315], [-76.45, 3.315], [-76.45, 3.32], [-76.455, 3.32], [-76.455, 3.315]]]}}, {"type": "Feature", "properties": {"value": 6.5071, "sigma": 8.6005}, "geometry": {"type": "Polygon", "coordinates": [[[-76.45, 3.315], [-76.445, 3.315], [-76.445, 3.32], [-76.45, 3.32], [-76.45, 3.315]]]}}, {"type": "Feature", "properties": {"value": 6.5071, "sigma": 8.6005}, "geometry": {"type": "Polygon", "coordinates": [[[-76.445, 3.315], [-76.44, 3.315], [-76.44, 3.32], [-76.445, 3.32], [-76.445, 3.315]]]}}, {"type": "Feature", "properties": {"value": 6.5071, "sigma": 8.6005}, "geometry": {"type": "Polygon", "coordinates": [[[-76.44, 3.315], [-76.435, 3.315], [-76.435, 3.32], [-76.44, 3.32], [-76.44, 3.315]]]}}, {"type": "Feature", "properties": {"value": 6.5071, "sigma": 8.6005}, "geometry": {"type": "Polygon", "coordinates": [[[-76.435, 3.315], [-76.43, 3.315], [-76.43, 3.32], [-76.435, 3.32], [-76.435, 3.315]]]}}, {"type": "Feature", "properties": {"value": 6.5071, "sigma": 8.6005}, "geometry": {"type": "Polygon", "coordinates": [[[-76.43, 3.315], [-76.425, 3.315], [-76.425, 3.32], [-76.43, 3.32], [-76.43, 3.315]]]}}, {"type": "Feature", "properties": {"value": 6.5071, "sigma": 8.6005}, "geometry": {"type": "Polygon", "coordinates": [[[-76.425, 3.315], [-76.42, 3.315], [-76.42, 3.32], [-76.425, 3.32], [-76.425, 3.315]]]}}, {"type": "Feature", "properties": {"value": 6.5071, "sigma": 8.6005}, "geometry": {"type": "Polygon", "coordinates": [[[-76.42, 3.315], [-76.415, 3.315], [-76.415, 3.32], [-76.42, 3.32], [-76.42, 3.315]]]}}, {"type": "Feature", "properties": {"value": 6.5071, "sigma": 8.6005}, "geometry": {"type": "Polygon", "coordinates": [[[-76.415, 3.315], [-76.41, 3.315], [-76.41, 3.32], [-76.415, 3.32], [-76.415, 3.315]]]}}, {"type": "Feature", "properties": {"value": 6.5071, "sigma": 8.6005}, "geometry": {"type": "Polygon", "coordinates": [[[-76.41, 3.315], [-76.405, 3.315], [-76.405, 3.32], [-76.41, 3.32], [-76.41, 3.315]]]}}, {"type": "Feature", "properties": {"value": 6.5071, "sigma": 8.6005}, "geometry": {"type": "Polygon", "coordinates": [[[-76.405, 3.315], [-76.4, 3.315], [-76.4, 3.32], [-76.405, 3.32], [-76.405, 3.315]]]}}, {"type": "Feature", "properties": {"value": 6.5071, "sigma": 8.6005}, "geometry": {"type": "Polygon", "coordinates": [[[-76.6, 3.32], [-76.595, 3.32], [-76.595, 3.325], [-76.6, 3.325], [-76.6, 3.32]]]}}, {"type": "Feature", "properties": {"value": 6.5071, "sigma": 8.6005}, "geometry": {"type": "Polygon", "coordinates": [[[-76.595, 3.32], [-76.59, 3.32], [-76.59, 3.325], [-76.595, 3.325], [-76.595, 3.32]]]}}, {"type": "Feature", "properties": {"value": 6.5071, "sigma": 8.6005}, "geometry": {"type": "Polygon", "coordinates": [[[-76.59, 3.32], [-76.585, 3.32], [-76.585, 3.325], [-76.59, 3.325], [-76.59, 3.32]]]}}, {"type": "Feature", "properties": {"value": 6.5071, "sigma": 8.6005}, "geometry": {"type": "Polygon", "coordinates": [[[-76.585, 3.32], [-76.58, 3.32], [-76.58, 3.325], [-76.585, 3.325], [-76.585, 3.32]]]}}, {"type": "Feature", "properties": {"value": 6.5071, "sigma": 8.6005}, "geometry": {"type": "Polygon", "coordinates": [[[-76.58, 3.32], [-76.575, 3.32], [-76.575, 3.325], [-76.58, 3.325], [-76.58, 3.32]]]}}, {"type": "Feature", "properties": {"value": 6.5071, "sigma": 8.6005}, "geometry": {"type": "Polygon", "coordinates": [[[-76.575, 3.32], [-76.57, 3.32], [-76.57, 3.325], [-76.575, 3.325], [-76.575, 3.32]]]}}, {"type": "Feature", "properties": {"value": 6.5071, "sigma": 8.6005}, "geometry": {"type": "Polygon", "coordinates": [[[-76.57, 3.32], [-76.565, 3.32], [-76.565, 3.325], [-76.57, 3.325], [-76.57, 3.32]]]}}, {"type": "Feature", "properties": {"value": 6.5071, "sigma": 8.6005}, "geometry": {"type": "Polygon", "coordinates": [[[-76.565, 3.32], [-76.56, 3.32], [-76.56, 3.325], [-76.565, 3.325], [-76.565, 3.32]]]}}, {"type": "Feature", "properties": {"value": 6.5071, "sigma": 8.6005}, "geometry": {"type": "Polygon", "coordinates": [[[-76.56, 3.32], [-76.555, 3.32], [-76.555, 3.325], [-76.56, 3.325], [-76.56, 3.32]]]}}, {"type": "Feature", "properties": {"value": 6.5071, "sigma": 8.6005}, "geometry": {"type": "Polygon", "coordinates": [[[-76.555, 3.32], [-76.55, 3.32], [-76.55, 3.325], [-76.555, 3.325], [-76.555, 3.32]]]}}, {"type": "Feature", "properties": {"value": 6.5071, "sigma": 8.6005}, "geometry": {"type": "Polygon", "coordinates": [[[-76.55, 3.32], [-76.545, 3.32], [-76.545, 3.325], [-76.55, 3.325], [-76.55, 3.32]]]}}, {"type": "Feature", "properties": {"value": 6.5071, "sigma": 8.6005}, "geometry": {"type": "Polygon", "coordinates": [[[-76.545, 3.32], [-76.54, 3.32], [-76.54, 3.325], [-76.545, 3.325], [-76.545, 3.32]]]}}, {"type": "Feature", "properties": {"value": 6.5071, "sigma": 8.6005}, "geometry": {"type": "Polygon", "coordinates": [[[-76.54, 3.32], [-76.535, 3.32], [-76.535, 3.325], [-76.54, 3.325], [-76.54, 3.32]]]}}, {"type": "Feature", "properties": {"value": 6.5071, "sigma": 8.6005}, "geometry": {"type": "Polygon", "coordinates": [[[-76.535, 3.32], [-76.53, 3.32], [-76.53, 3.325], [-76.535, 3.325], [-76.535, 3.32]]]}}, {"type": "Feature", "properties": {"value": 6.5071, "sigma": 8.6005}, "geometry": {"type": "Polygon", "coordinates": [[[-76.53, 3.32], [-76.525, 3.32], [-76.525, 3.325], [-76.53, 3.325], [-76.53, 3.32]]]}}, {"type": "Feature", "properties": {"value": 6.5071, "sigma": 8.6005}, "geometry": {"type": "Polygon", "coordinates": [[[-76.525, 3.32], [-76.52, 3.32], [-76.52, 3.325], [-76.525, 3.325], [-76.525, 3.32]]]}}, {"type": "Feature", "properties": {"value": 6.5071, "sigma": 8.6005}, "geometry": {"type": "Polygon", "coordinates": [[[-76.52, 3.32], [-76.515, 3.32], [-76.515, 3.325], [-76.52, 3.325], [-76.52, 3.32]]]}}, {"type": "Feature", "properties": {"value": 6.5071, "sigma": 8.6005}, "geometry": {"type": "Polygon", "coordinates": [[[-76.515, 3.32], [-76.51, 3.32], [-76.51, 3.325], [-76.515, 3.325], [-76.515, 3.32]]]}}, {"type": "Feature", "properties": {"value": 6.5071, "sigma": 8.6005}, "geometry": {"type": "Polygon", "coordinates": [[[-76.51, 3.32], [-76.505, 3.32], [-76.505, 3.325], [-76.51, 3.325], [-76.51, 3.32]]]}}, {"type": "Feature", "properties": {"value": 6.5071, "sigma": 8.6005}, "geometry": {"type": "Polygon", "coordinates": [[[-76.505, 3.32], [-76.5, 3.32], [-76.5, 3.325], [-76.505, 3.325], [-76.505, 3.32]]]}}, {"type": "Feature", "properties": {"value": 6.5071, "sigma": 8.6005}, "geometry": {"type": "Polygon", "coordinates": [[[-76.5, 3.32], [-76.495, 3.32], [-76.495, 3.325], [-76.5, 3.325], [-76.5, 3.32]]]}}, {"type": "Feature", "properties": {"value": 6.5071, "sigma": 8.6005}, "geometry": {"type": "Polygon", "coordinates": [[[-76.495, 3.32], [-76.49, 3.32], [-76.49, 3.325], [-76.495, 3.325], [-76.495, 3.32]]]}}, {"type": "Feature", "properties": {"value": 6.5071, "sigma": 8.6005}, "geometry": {"type": "Polygon", "coordinates": [[[-76.49, 3.32], [-76.485, 3.32], [-76.485, 3.325], [-76.49, 3.325], [-76.49, 3.32]]]}}, {"type": "Feature", "properties": {"value": 6.5071, "sigma": 8.6005}, "geometry": {"type": "Polygon", "coordinates": [[[-76.485, 3.32], [-76.48, 3.32], [-76.48, 3.325], [-76.485, 3.325], [-76.485, 3.32]]]}}, {"type": "Feature", "properties": {"value": 6.5071, "sigma": 8.6005}, "geometry": {"type": "Polygon", "coordinates": [[[-76.48, 3.32], [-76.475, 3.32], [-76.475, 3.325], [-76.48, 3.325], [-76.48, 3.32]]]}}, {"type": "Feature", "properties": {"value": 6.5071, "sigma": 8.6005}, "geometry": {"type": "Polygon", "coordinates": [[[-76.475, 3.32], [-76.47, 3.32], [-76.47, 3.325], [-76.475, 3.325], [-76.475, 3.32]]]}}, {"type": "Feature", "properties": {"value": 6.5071, "sigma": 8.6005}, "geometry": {"type": "Polygon", "coordinates": [[[-76.47, 3.32], [-76.465, 3.32], [-76.465, 3.325], [-76.47, 3.325], [-76.47, 3.32]]]}}, {"type": "Feature", "properties": {"value": 6.5071, "sigma": 8.6005}, "geometry": {"type": "Polygon", "coordinates": [[[-76.465, 3.32], [-76.46, 3.32], [-76.46, 3.325], [-76.465, 3.325], [-76.465, 3.32]]]}}, {"type": "Feature", "properties": {"value": 6.5071, "sigma": 8.6005}, "geometry": {"type": "Polygon", "coordinates": [[[-76.46, 3.32], [-76.455, 3.32], [-76.455, 3.325], [-76.46, 3.325], [-76.46, 3.32]]]}}, {"type": "Feature", "properties": {"value": 6.5071, "sigma": 8.6005}, "geometry": {"type": "Polygon", "coordinates": [[[-76.455, 3.32], [-76.45, 3.32], [-76.45, 3.325], [-76.455, 3.325], [-76.455, 3.32]]]}}, {"type": "Feature", "properties": {"value": 6.5071, "sigma": 8.6005}, "geometry": {"type": "Polygon", "coordinates": [[[-76.45, 3.32], [-76.445, 3.32], [-76.445, 3.325], [-76.45, 3.325], [-76.45, 3.32]]]}}, {"type": "Feature", "properties": {"value": 6.5071, "sigma": 8.6005}, "geometry": {"type": "Polygon", "coordinates": [[[-76.445, 3.32], [-76.44, 3.32], [-76.44, 3.325], [-76.445, 3.325], [-76.445, 3.32]]]}}, {"type": "Feature", "properties": {"value": 6.5071, "sigma": 8.6005}, "geometry": {"type": "Polygon", "coordinates": [[[-76.44, 3.32], [-76.435, 3.32], [-76.435, 3.325], [-76.44, 3.325], [-76.44, 3.32]]]}}, {"type": "Feature", "properties": {"value": 6.5071, "sigma": 8.6005}, "geometry": {"type": "Polygon", "coordinates": [[[-76.435, 3.32], [-76.43, 3.32], [-76.43, 3.325], [-76.435, 3.325], [-76.435, 3.32]]]}}, {"type": "Feature", "properties": {"value": 6.5071, "sigma": 8.6005}, "geometry": {"type": "Polygon", "coordinates": [[[-76.43, 3.32], [-76.425, 3.32], [-76.425, 3.325], [-76.43, 3.325], [-76.43, 3.32]]]}}, {"type": "Feature", "properties": {"value": 6.5071, "sigma": 8.6005}, "geometry": {"type": "Polygon", "coordinates": [[[-76.425, 3.32], [-76.42, 3.32], [-76.42, 3.325], [-76.425, 3.325], [-76.425, 3.32]]]}}, {"type": "Feature", "properties": {"value": 6.5071, "sigma": 8.6005}, "geometry": {"type": "Polygon", "coordinates": [[[-76.42, 3.32], [-76.415, 3.32], [-76.415, 3.325], [-76.42, 3.325], [-76.42, 3.32]]]}}, {"type": "Feature", "properties": {"value": 6.5071, "sigma": 8.6005}, "geometry": {"type": "Polygon", "coordinates": [[[-76.415, 3.32], [-76.41, 3.32], [-76.41, 3.325], [-76.415, 3.325], [-76.415, 3.32]]]}}, {"type": "Feature", "properties": {"value": 6.5071, "sigma": 8.6005}, "geometry": {"type": "Polygon", "coordinates": [[[-76.41, 3.32], [-76.405, 3.32], [-76.405, 3.325], [-76.41, 3.325], [-76.41, 3.32]]]}}, {"type": "Feature", "properties": {"value": 6.5071, "sigma": 8.6005}, "geometry": {"type": "Polygon", "coordinates": [[[-76.405, 3.32], [-76.4, 3.32], [-76.4, 3.325], [-76.405, 3.325], [-76.405, 3.32]]]}}, {"type": "Feature", "properties": {"value": 6.5071, "sigma": 8.6005}, "geometry": {"type": "Polygon", "coordinates": [[[-76.6, 3.325], [-76.595, 3.325], [-76.595, 3.33], [-76.6, 3.33], [-76.6, 3.325]]]}}, {"type": "Feature", "properties": {"value": 6.5071, "sigma": 8.6005}, "geometry": {"type": "Polygon", "coordinates": [[[-76.595, 3.325], [-76.59, 3.325], [-76.59, 3.33], [-76.595, 3.33], [-76.595, 3.325]]]}}, {"type": "Feature", "properties": {"value": 6.5071, "sigma": 8.6005}, "geometry": {"type": "Polygon", "coordinates": [[[-76.59, 3.325], [-76.585, 3.325], [-76.585, 3.33], [-76.59, 3.33], [-76.59, 3.325]]]}}, {"type": "Feature", "properties": {"value": 6.5071, "sigma": 8.6005}, "geometry": {"type": "Polygon", "coordinates": [[[-76.585, 3.325], [-76.58, 3.325], [-76.58, 3.33], [-76.585, 3.33], [-76.585, 3.325]]]}}, {"type": "Feature", "properties": {"value": 6.5071, "sigma": 8.6005}, "geometry": {"type": "Polygon", "coordinates": [[[-76.58, 3.325], [-76.575, 3.325], [-76.575, 3.33], [-76.58, 3.33], [-76.58, 3.325]]]}}, {"type": "Feature", "properties": {"value": 6.5071, "sigma": 8.6005}, "geometry": {"type": "Polygon", "coordinates": [[[-76.575, 3.325], [-76.57, 3.325], [-76.57, 3.33], [-76.575, 3.33], [-76.575, 3.325]]]}}, {"type": "Feature", "properties": {"value": 6.5071, "sigma": 8.6005}, "geometry": {"type": "Polygon", "coordinates": [[[-76.57, 3.325], [-76.565, 3.325], [-76.565, 3.33], [-76.57, 3.33], [-76.57, 3.325]]]}}, {"type": "Feature", "properties": {"value": 6.5071, "sigma": 8.6005}, "geometry": {"type": "Polygon", "coordinates": [[[-76.565, 3.325], [-76.56, 3.325], [-76.56, 3.33], [-76.565, 3.33], [-76.565, 3.325]]]}}, {"type": "Feature", "properties": {"value": 6.5071, "sigma": 8.6005}, "geometry": {"type": "Polygon", "coordinates": [[[-76.56, 3.325], [-76.555, 3.325], [-76.555, 3.33], [-76.56, 3.33], [-76.56, 3.325]]]}}, {"type": "Feature", "properties": {"value": 6.5071, "sigma": 8.6005}, "geometry": {"type": "Polygon", "coordinates": [[[-76.555, 3.325], [-76.55, 3.325], [-76.55, 3.33], [-76.555, 3.33], [-76.555, 3.325]]]}}, {"type": "Feature", "properties": {"value": 6.5071, "sigma": 8.6005}, "geometry": {"type": "Polygon", "coordinates": [[[-76.55, 3.325], [-76.545, 3.325], [-76.545, 3.33], [-76.55, 3.33], [-76.55, 3.325]]]}}, {"type": "Feature", "properties": {"value": 6.5071, "sigma": 8.6005}, "geometry": {"type": "Polygon", "coordinates": [[[-76.545, 3.325], [-76.54, 3.325], [-76.54, 3.33], [-76.545, 3.33], [-76.545, 3.325]]]}}, {"type": "Feature", "properties": {"value": 6.5071, "sigma": 8.6005}, "geometry": {"type": "Polygon", "coordinates": [[[-76.54, 3.325], [-76.535, 3.325], [-76.535, 3.33], [-76.54, 3.33], [-76.54, 3.325]]]}}, {"type": "Feature", "properties": {"value": 6.5071, "sigma": 8.6005}, "geometry": {"type": "Polygon", "coordinates": [[[-76.535, 3.325], [-76.53, 3.325], [-76.53, 3.33], [-76.535, 3.33], [-76.535, 3.325]]]}}, {"type": "Feature", "properties": {"value": 6.5071, "sigma": 8.6005}, "geometry": {"type": "Polygon", "coordinates": [[[-76.53, 3.325], [-76.525, 3.325], [-76.525, 3.33], [-76.53, 3.33], [-76.53, 3.325]]]}}, {"type": "Feature", "properties": {"value": 6.5071, "sigma": 8.6005}, "geometry": {"type": "Polygon", "coordinates": [[[-76.525, 3.325], [-76.52, 3.325], [-76.52, 3.33], [-76.525, 3.33], [-76.525, 3.325]]]}}, {"type": "Feature", "properties": {"value": 6.5071, "sigma": 8.6005}, "geometry": {"type": "Polygon", "coordinates": [[[-76.52, 3.325], [-76.515, 3.325], [-76.515, 3.33], [-76.52, 3.33], [-76.52, 3.325]]]}}, {"type": "Feature", "properties": {"value": 6.5071, "sigma": 8.6005}, "geometry": {"type": "Polygon", "coordinates": [[[-76.515, 3.325], [-76.51, 3.325], [-76.51, 3.33], [-76.515, 3.33], [-76.515, 3.325]]]}}, {"type": "Feature", "properties": {"value": 6.5071, "sigma": 8.6005}, "geometry": {"type": "Polygon", "coordinates": [[[-76.51, 3.325], [-76.505, 3.325], [-76.505, 3.33], [-76.51, 3.33], [-76.51, 3.325]]]}}, {"type": "Feature", "properties": {"value": 6.5071, "sigma": 8.6005}, "geometry": {"type": "Polygon", "coordinates": [[[-76.505, 3.325], [-76.5, 3.325], [-76.5, 3.33], [-76.505, 3.33], [-76.505, 3.325]]]}}, {"type": "Feature", "properties": {"value": 6.5071, "sigma": 8.6005}, "geometry": {"type": "Polygon", "coordinates": [[[-76.5, 3.325], [-76.495, 3.325], [-76.495, 3.33], [-76.5, 3.33], [-76.5, 3.325]]]}}, {"type": "Feature", "properties": {"value": 6.5071, "sigma": 8.6005}, "geometry": {"type": "Polygon", "coordinates": [[[-76.495, 3.325], [-76.49, 3.325], [-76.49, 3.33], [-76.495, 3.33], [-76.495, 3.325]]]}}, {"type": "Feature", "properties": {"value": 6.5071, "sigma": 8.6005}, "geometry": {"type": "Polygon", "coordinates": [[[-76.49, 3.325], [-76.485, 3.325], [-76.485, 3.33], [-76.49, 3.33], [-76.49, 3.325]]]}}, {"type": "Feature", "properties": {"value": 6.5071, "sigma": 8.6005}, "geometry": {"type": "Polygon", "coordinates": [[[-76.485, 3.325], [-76.48, 3.325], [-76.48, 3.33], [-76.485, 3.33], [-76.485, 3.325]]]}}, {"type": "Feature", "properties": {"value": 6.5071, "sigma": 8.6005}, "geometry": {"type": "Polygon", "coordinates": [[[-76.48, 3.325], [-76.475, 3.325], [-76.475, 3.33], [-76.48, 3.33], [-76.48, 3.325]]]}}, {"type": "Feature", "properties": {"value": 6.5071, "sigma": 8.6005}, "geometry": {"type": "Polygon", "coordinates": [[[-76.475, 3.325], [-76.47, 3.325], [-76.47, 3.33], [-76.475, 3.33], [-76.475, 3.325]]]}}, {"type": "Feature", "properties": {"value": 6.5071, "sigma": 8.6005}, "geometry": {"type": "Polygon", "coordinates": [[[-76.47, 3.325], [-76.465, 3.325], [-76.465, 3.33], [-76.47, 3.33], [-76.47, 3.325]]]}}, {"type": "Feature", "properties": {"value": 6.5071, "sigma": 8.6005}, "geometry": {"type": "Polygon", "coordinates": [[[-76.465, 3.325], [-76.46, 3.325], [-76.46, 3.33], [-76.465, 3.33], [-76.465, 3.325]]]}}, {"type": "Feature", "properties": {"value": 6.5071, "sigma": 8.6005}, "geometry": {"type": "Polygon", "coordinates": [[[-76.46, 3.325], [-76.455, 3.325], [-76.455, 3.33], [-76.46, 3.33], [-76.46, 3.325]]]}}, {"type": "Feature", "properties": {"value": 6.5071, "sigma": 8.6005}, "geometry": {"type": "Polygon", "coordinates": [[[-76.455, 3.325], [-76.45, 3.325], [-76.45, 3.33], [-76.455, 3.33], [-76.455, 3.325]]]}}, {"type": "Feature", "properties": {"value": 6.5071, "sigma": 8.6005}, "geometry": {"type": "Polygon", "coordinates": [[[-76.45, 3.325], [-76.445, 3.325], [-76.445, 3.33], [-76.45, 3.33], [-76.45, 3.325]]]}}, {"type": "Feature", "properties": {"value": 6.5071, "sigma": 8.6005}, "geometry": {"type": "Polygon", "coordinates": [[[-76.445, 3.325], [-76.44, 3.325], [-76.44, 3.33], [-76.445, 3.33], [-76.445, 3.325]]]}}, {"type": "Feature", "properties": {"value": 6.5071, "sigma": 8.6005}, "geometry": {"type": "Polygon", "coordinates": [[[-76.44, 3.325], [-76.435, 3.325], [-76.435, 3.33], [-76.44, 3.33], [-76.44, 3.325]]]}}, {"type": "Feature", "properties": {"value": 6.5071, "sigma": 8.6005}, "geometry": {"type": "Polygon", "coordinates": [[[-76.435, 3.325], [-76.43, 3.325], [-76.43, 3.33], [-76.435, 3.33], [-76.435, 3.325]]]}}, {"type": "Feature", "properties": {"value": 6.5071, "sigma": 8.6005}, "geometry": {"type": "Polygon", "coordinates": [[[-76.43, 3.325], [-76.425, 3.325], [-76.425, 3.33], [-76.43, 3.33], [-76.43, 3.325]]]}}, {"type": "Feature", "properties": {"value": 6.5071, "sigma": 8.6005}, "geometry": {"type": "Polygon", "coordinates": [[[-76.425, 3.325], [-76.42, 3.325], [-76.42, 3.33], [-76.425, 3.33], [-76.425, 3.325]]]}}, {"type": "Feature", "properties": {"value": 6.5071, "sigma": 8.6005}, "geometry": {"type": "Polygon", "coordinates": [[[-76.42, 3.325], [-76.415, 3.325], [-76.415, 3.33], [-76.42, 3.33], [-76.42, 3.325]]]}}, {"type": "Feature", "properties": {"value": 6.5071, "sigma": 8.6005}, "geometry": {"type": "Polygon", "coordinates": [[[-76.415, 3.325], [-76.41, 3.325], [-76.41, 3.33], [-76.415, 3.33], [-76.415, 3.325]]]}}, {"type": "Feature", "properties": {"value": 6.5071, "sigma": 8.6005}, "geometry": {"type": "Polygon", "coordinates": [[[-76.41, 3.325], [-76.405, 3.325], [-76.405, 3.33], [-76.41, 3.33], [-76.41, 3.325]]]}}, {"type": "Feature", "properties": {"value": 6.5071, "sigma": 8.6005}, "geometry": {"type": "Polygon", "coordinates": [[[-76.405, 3.325], [-76.4, 3.325], [-76.4, 3.33], [-76.405, 3.33], [-76.405, 3.325]]]}}, {"type": "Feature", "properties": {"value": 6.5071, "sigma": 8.6005}, "geometry": {"type": "Polygon", "coordinates": [[[-76.6, 3.33], [-76.595, 3.33], [-76.595, 3.335], [-76.6, 3.335], [-76.6, 3.33]]]}}, {"type": "Feature", "properties": {"value": 6.5071, "sigma": 8.6005}, "geometry": {"type": "Polygon", "coordinates": [[[-76.595, 3.33], [-76.59, 3.33], [-76.59, 3.335], [-76.595, 3.335], [-76.595, 3.33]]]}}, {"type": "Feature", "properties": {"value": 6.5071, "sigma": 8.6005}, "geometry": {"type": "Polygon", "coordinates": [[[-76.59, 3.33], [-76.585, 3.33], [-76.585, 3.335], [-76.59, 3.335], [-76.59, 3.33]]]}}, {"type": "Feature", "properties": {"value": 6.5071, "sigma": 8.6005}, "geometry": {"type": "Polygon", "coordinates": [[[-76.585, 3.33], [-76.58, 3.33], [-76.58, 3.335], [-76.585, 3.335], [-76.585, 3.33]]]}}, {"type": "Feature", "properties": {"value": 6.5071, "sigma": 8.6005}, "geometry": {"type": "Polygon", "coordinates": [[[-76.58, 3.33], [-76.575, 3.33], [-76.575, 3.335], [-76.58, 3.335], [-76.58, 3.33]]]}}, {"type": "Feature", "properties": {"value": 6.5071, "sigma": 8.6005}, "geometry": {"type": "Polygon", "coordinates": [[[-76.575, 3.33], [-76.57, 3.33], [-76.57, 3.335], [-76.575, 3.335], [-76.575, 3.33]]]}}, {"type": "Feature", "properties": {"value": 6.5071, "sigma": 8.6005}, "geometry": {"type": "Polygon", "coordinates": [[[-76.57, 3.33], [-76.565, 3.33], [-76.565, 3.335], [-76.57, 3.335], [-76.57, 3.33]]]}}, {"type": "Feature", "properties": {"value": 6.5071, "sigma": 8.6005}, "geometry": {"type": "Polygon", "coordinates": [[[-76.565, 3.33], [-76.56, 3.33], [-76.56, 3.335], [-76.565, 3.335], [-76.565, 3.33]]]}}, {"type": "Feature", "properties": {"value": 6.5071, "sigma": 8.6005}, "geometry": {"type": "Polygon", "coordinates": [[[-76.56, 3.33], [-76.555, 3.33], [-76.555, 3.335], [-76.56, 3.335], [-76.56, 3.33]]]}}, {"type": "Feature", "properties": {"value": 6.5071, "sigma": 8.6005}, "geometry": {"type": "Polygon", "coordinates": [[[-76.555, 3.33], [-76.55, 3.33], [-76.55, 3.335], [-76.555, 3.335], [-76.555, 3.33]]]}}, {"type": "Feature", "properties": {"value": 6.5071, "sigma": 8.6005}, "geometry": {"type": "Polygon", "coordinates": [[[-76.55, 3.33], [-76.545, 3.33], [-76.545, 3.335], [-76.55, 3.335], [-76.55, 3.33]]]}}, {"type": "Feature", "properties": {"value": 6.5071, "sigma": 8.6005}, "geometry": {"type": "Polygon", "coordinates": [[[-76.545, 3.33], [-76.54, 3.33], [-76.54, 3.335], [-76.545, 3.335], [-76.545, 3.33]]]}}, {"type": "Feature", "properties": {"value": 6.5071, "sigma": 8.6005}, "geometry": {"type": "Polygon", "coordinates": [[[-76.54, 3.33], [-76.535, 3.33], [-76.535, 3.335], [-76.54, 3.335], [-76.54, 3.33]]]}}, {"type": "Feature", "properties": {"value": 6.5071, "sigma": 8.6005}, "geometry": {"type": "Polygon", "coordinates": [[[-76.535, 3.33], [-76.53, 3.33], [-76.53, 3.335], [-76.535, 3.335], [-76.535, 3.33]]]}}, {"type": "Feature", "properties": {"value": 6.5071, "sigma": 8.6005}, "geometry": {"type": "Polygon", "coordinates": [[[-76.53, 3.33], [-76.525, 3.33], [-76.525, 3.335], [-76.53, 3.335], [-76.53, 3.33]]]}}, {"type": "Feature", "properties": {"value": 6.5071, "sigma": 8.6005}, "geometry": {"type": "Polygon", "coordinates": [[[-76.525, 3.33], [-76.52, 3.33], [-76.52, 3.335], [-76.525, 3.335], [-76.525, 3.33]]]}}, {"type": "Feature", "properties": {"value": 6.5071, "sigma": 8.6005}, "geometry": {"type": "Polygon", "coordinates": [[[-76.52, 3.33], [-76.515, 3.33], [-76.515, 3.335], [-76.52, 3.335], [-76.52, 3.33]]]}}, {"type": "Feature", "properties": {"value": 6.5071, "sigma": 8.6005}, "geometry": {"type": "Polygon", "coordinates": [[[-76.515, 3.33], [-76.51, 3.33], [-76.51, 3.335], [-76.515, 3.335], [-76.515, 3.33]]]}}, {"type": "Feature", "properties": {"value": 6.5071, "sigma": 8.6005}, "geometry": {"type": "Polygon", "coordinates": [[[-76.51, 3.33], [-76.505, 3.33], [-76.505, 3.335], [-76.51, 3.335], [-76.51, 3.33]]]}}, {"type": "Feature", "properties": {"value": 6.5071, "sigma": 8.6005}, "geometry": {"type": "Polygon", "coordinates": [[[-76.505, 3.33], [-76.5, 3.33], [-76.5, 3.335], [-76.505, 3.335], [-76.505, 3.33]]]}}, {"type": "Feature", "properties": {"value": 6.5071, "sigma": 8.6005}, "geometry": {"type": "Polygon", "coordinates": [[[-76.5, 3.33], [-76.495, 3.33], [-76.495, 3.335], [-76.5, 3.335], [-76.5, 3.33]]]}}, {"type": "Feature", "properties": {"value": 6.5071, "sigma": 8.6005}, "geometry": {"type": "Polygon", "coordinates": [[[-76.495, 3.33], [-76.49, 3.33], [-76.49, 3.335], [-76.495, 3.335], [-76.495, 3.33]]]}}, {"type": "Feature", "properties": {"value": 6.5071, "sigma": 8.6005}, "geometry": {"type": "Polygon", "coordinates": [[[-76.49, 3.33], [-76.485, 3.33], [-76.485, 3.335], [-76.49, 3.335], [-76.49, 3.33]]]}}, {"type": "Feature", "properties": {"value": 6.5071, "sigma": 8.6005}, "geometry": {"type": "Polygon", "coordinates": [[[-76.485, 3.33], [-76.48, 3.33], [-76.48, 3.335], [-76.485, 3.335], [-76.485, 3.33]]]}}, {"type": "Feature", "properties": {"value": 6.5071, "sigma": 8.6005}, "geometry": {"type": "Polygon", "coordinates": [[[-76.48, 3.33], [-76.475, 3.33], [-76.475, 3.335], [-76.48, 3.335], [-76.48, 3.33]]]}}, {"type": "Feature", "properties": {"value": 6.5071, "sigma": 8.6005}, "geometry": {"type": "Polygon", "coordinates": [[[-76.475, 3.33], [-76.47, 3.33], [-76.47, 3.335], [-76.475, 3.335], [-76.475, 3.33]]]}}, {"type": "Feature", "properties": {"value": 6.5071, "sigma": 8.6005}, "geometry": {"type": "Polygon", "coordinates": [[[-76.47, 3.33], [-76.465, 3.33], [-76.465, 3.335], [-76.47, 3.335], [-76.47, 3.33]]]}}, {"type": "Feature", "properties": {"value": 6.5071, "sigma": 8.6005}, "geometry": {"type": "Polygon", "coordinates": [[[-76.465, 3.33], [-76.46, 3.33], [-76.46, 3.335], [-76.465, 3.335], [-76.465, 3.33]]]}}, {"type": "Feature", "properties": {"value": 6.5071, "sigma": 8.6005}, "geometry": {"type": "Polygon", "coordinates": [[[-76.46, 3.33], [-76.455, 3.33], [-76.455, 3.335], [-76.46, 3.335], [-76.46, 3.33]]]}}, {"type": "Feature", "properties": {"value": 6.5071, "sigma": 8.6005}, "geometry": {"type": "Polygon", "coordinates": [[[-76.455, 3.33], [-76.45, 3.33], [-76.45, 3.335], [-76.455, 3.335], [-76.455, 3.33]]]}}, {"type": "Feature", "properties": {"value": 6.5071, "sigma": 8.6005}, "geometry": {"type": "Polygon", "coordinates": [[[-76.45, 3.33], [-76.445, 3.33], [-76.445, 3.335], [-76.45, 3.335], [-76.45, 3.33]]]}}, {"type": "Feature", "properties": {"value": 6.5071, "sigma": 8.6005}, "geometry": {"type": "Polygon", "coordinates": [[[-76.445, 3.33], [-76.44, 3.33], [-76.44, 3.335], [-76.445, 3.335], [-76.445, 3.33]]]}}, {"type": "Feature", "properties": {"value": 6.5071, "sigma": 8.6005}, "geometry": {"type": "Polygon", "coordinates": [[[-76.44, 3.33], [-76.435, 3.33], [-76.435, 3.335], [-76.44, 3.335], [-76.44, 3.33]]]}}, {"type": "Feature", "properties": {"value": 6.5071, "sigma": 8.6005}, "geometry": {"type": "Polygon", "coordinates": [[[-76.435, 3.33], [-76.43, 3.33], [-76.43, 3.335], [-76.435, 3.335], [-76.435, 3.33]]]}}, {"type": "Feature", "properties": {"value": 6.5071, "sigma": 8.6005}, "geometry": {"type": "Polygon", "coordinates": [[[-76.43, 3.33], [-76.425, 3.33], [-76.425, 3.335], [-76.43, 3.335], [-76.43, 3.33]]]}}, {"type": "Feature", "properties": {"value": 6.5071, "sigma": 8.6005}, "geometry": {"type": "Polygon", "coordinates": [[[-76.425, 3.33], [-76.42, 3.33], [-76.42, 3.335], [-76.425, 3.335], [-76.425, 3.33]]]}}, {"type": "Feature", "properties": {"value": 6.5071, "sigma": 8.6005}, "geometry": {"type": "Polygon", "coordinates": [[[-76.42, 3.33], [-76.415, 3.33], [-76.415, 3.335], [-76.42, 3.335], [-76.42, 3.33]]]}}, {"type": "Feature", "properties": {"value": 6.5071, "sigma": 8.6005}, "geometry": {"type": "Polygon", "coordinates": [[[-76.415, 3.33], [-76.41, 3.33], [-76.41, 3.335], [-76.415, 3.335], [-76.415, 3.33]]]}}, {"type": "Feature", "properties": {"value": 6.5071, "sigma": 8.6005}, "geometry": {"type": "Polygon", "coordinates": [[[-76.41, 3.33], [-76.405, 3.33], [-76.405, 3.335], [-76.41, 3.335], [-76.41, 3.33]]]}}, {"type": "Feature", "properties": {"value": 6.5071, "sigma": 8.6005}, "geometry": {"type": "Polygon", "coordinates": [[[-76.405, 3.33], [-76.4, 3.33], [-76.4, 3.335], [-76.405, 3.335], [-76.405, 3.33]]]}}, {"type": "Feature", "properties": {"value": 6.5071, "sigma": 8.6005}, "geometry": {"type": "Polygon", "coordinates": [[[-76.6, 3.335], [-76.595, 3.335], [-76.595, 3.34], [-76.6, 3.34], [-76.6, 3.335]]]}}, {"type": "Feature", "properties": {"value": 6.5071, "sigma": 8.6005}, "geometry": {"type": "Polygon", "coordinates": [[[-76.595, 3.335], [-76.59, 3.335], [-76.59, 3.34], [-76.595, 3.34], [-76.595, 3.335]]]}}, {"type": "Feature", "properties": {"value": 6.5071, "sigma": 8.6005}, "geometry": {"type": "Polygon", "coordinates": [[[-76.59, 3.335], [-76.585, 3.335], [-76.585, 3.34], [-76.59, 3.34], [-76.59, 3.335]]]}}, {"type": "Feature", "properties": {"value": 6.5071, "sigma": 8.6005}, "geometry": {"type": "Polygon", "coordinates": [[[-76.585, 3.335], [-76.58, 3.335], [-76.58, 3.34], [-76.585, 3.34], [-76.585, 3.335]]]}}, {"type": "Feature", "properties": {"value": 6.5071, "sigma": 8.6005}, "geometry": {"type": "Polygon", "coordinates": [[[-76.58, 3.335], [-76.575, 3.335], [-76.575, 3.34], [-76.58, 3.34], [-76.58, 3.335]]]}}, {"type": "Feature", "properties": {"value": 6.5071, "sigma": 8.6005}, "geometry": {"type": "Polygon", "coordinates": [[[-76.575, 3.335], [-76.57, 3.335], [-76.57, 3.34], [-76.575, 3.34], [-76.575, 3.335]]]}}, {"type": "Feature", "properties": {"value": 6.5071, "sigma": 8.6005}, "geometry": {"type": "Polygon", "coordinates": [[[-76.57, 3.335], [-76.565, 3.335], [-76.565, 3.34], [-76.57, 3.34], [-76.57, 3.335]]]}}, {"type": "Feature", "properties": {"value": 6.5071, "sigma": 8.6005}, "geometry": {"type": "Polygon", "coordinates": [[[-76.565, 3.335], [-76.56, 3.335], [-76.56, 3.34], [-76.565, 3.34], [-76.565, 3.335]]]}}, {"type": "Feature", "properties": {"value": 6.5071, "sigma": 8.6005}, "geometry": {"type": "Polygon", "coordinates": [[[-76.56, 3.335], [-76.555, 3.335], [-76.555, 3.34], [-76.56, 3.34], [-76.56, 3.335]]]}}, {"type": "Feature", "properties": {"value": 6.5071, "sigma": 8.6005}, "geometry": {"type": "Polygon", "coordinates": [[[-76.555, 3.335], [-76.55, 3.335], [-76.55, 3.34], [-76.555, 3.34], [-76.555, 3.335]]]}}, {"type": "Feature", "properties": {"value": 6.5071, "sigma": 8.6005}, "geometry": {"type": "Polygon", "coordinates": [[[-76.55, 3.335], [-76.545, 3.335], [-76.545, 3.34], [-76.55, 3.34], [-76.55, 3.335]]]}}, {"type": "Feature", "properties": {"value": 6.5071, "sigma": 8.6005}, "geometry": {"type": "Polygon", "coordinates": [[[-76.545, 3.335], [-76.54, 3.335], [-76.54, 3.34], [-76.545, 3.34], [-76.545, 3.335]]]}}, {"type": "Feature", "properties": {"value": 6.5071, "sigma": 8.6005}, "geometry": {"type": "Polygon", "coordinates": [[[-76.54, 3.335], [-76.535, 3.335], [-76.535, 3.34], [-76.54, 3.34], [-76.54, 3.335]]]}}, {"type": "Feature", "properties": {"value": 6.5071, "sigma": 8.6005}, "geometry": {"type": "Polygon", "coordinates": [[[-76.535, 3.335], [-76.53, 3.335], [-76.53, 3.34], [-76.535, 3.34], [-76.535, 3.335]]]}}, {"type": "Feature", "properties": {"value": 6.5071, "sigma": 8.6005}, "geometry": {"type": "Polygon", "coordinates": [[[-76.53, 3.335], [-76.525, 3.335], [-76.525, 3.34], [-76.53, 3.34], [-76.53, 3.335]]]}}, {"type": "Feature", "properties": {"value": 6.5071, "sigma": 8.6005}, "geometry": {"type": "Polygon", "coordinates": [[[-76.525, 3.335], [-76.52, 3.335], [-76.52, 3.34], [-76.525, 3.34], [-76.525, 3.335]]]}}, {"type": "Feature", "properties": {"value": 6.5071, "sigma": 8.6005}, "geometry": {"type": "Polygon", "coordinates": [[[-76.52, 3.335], [-76.515, 3.335], [-76.515, 3.34], [-76.52, 3.34], [-76.52, 3.335]]]}}, {"type": "Feature", "properties": {"value": 6.5071, "sigma": 8.6005}, "geometry": {"type": "Polygon", "coordinates": [[[-76.515, 3.335], [-76.51, 3.335], [-76.51, 3.34], [-76.515, 3.34], [-76.515, 3.335]]]}}, {"type": "Feature", "properties": {"value": 6.5071, "sigma": 8.6005}, "geometry": {"type": "Polygon", "coordinates": [[[-76.51, 3.335], [-76.505, 3.335], [-76.505, 3.34], [-76.51, 3.34], [-76.51, 3.335]]]}}, {"type": "Feature", "properties": {"value": 6.5071, "sigma": 8.6005}, "geometry": {"type": "Polygon", "coordinates": [[[-76.505, 3.335], [-76.5, 3.335], [-76.5, 3.34], [-76.505, 3.34], [-76.505, 3.335]]]}}, {"type": "Feature", "properties": {"value": 6.5071, "sigma": 8.6005}, "geometry": {"type": "Polygon", "coordinates": [[[-76.5, 3.335], [-76.495, 3.335], [-76.495, 3.34], [-76.5, 3.34], [-76.5, 3.335]]]}}, {"type": "Feature", "properties": {"value": 6.5071, "sigma": 8.6005}, "geometry": {"type": "Polygon", "coordinates": [[[-76.495, 3.335], [-76.49, 3.335], [-76.49, 3.34], [-76.495, 3.34], [-76.495, 3.335]]]}}, {"type": "Feature", "properties": {"value": 6.5071, "sigma": 8.6005}, "geometry": {"type": "Polygon", "coordinates": [[[-76.49, 3.335], [-76.485, 3.335], [-76.485, 3.34], [-76.49, 3.34], [-76.49, 3.335]]]}}, {"type": "Feature", "properties": {"value": 6.5071, "sigma": 8.6005}, "geometry": {"type": "Polygon", "coordinates": [[[-76.485, 3.335], [-76.48, 3.335], [-76.48, 3.34], [-76.485, 3.34], [-76.485, 3.335]]]}}, {"type": "Feature", "properties": {"value": 6.5071, "sigma": 8.6005}, "geometry": {"type": "Polygon", "coordinates": [[[-76.48, 3.335], [-76.475, 3.335], [-76.475, 3.34], [-76.48, 3.34], [-76.48, 3.335]]]}}, {"type": "Feature", "properties": {"value": 6.5071, "sigma": 8.6005}, "geometry": {"type": "Polygon", "coordinates": [[[-76.475, 3.335], [-76.47, 3.335], [-76.47, 3.34], [-76.475, 3.34], [-76.475, 3.335]]]}}, {"type": "Feature", "properties": {"value": 6.5071, "sigma": 8.6005}, "geometry": {"type": "Polygon", "coordinates": [[[-76.47, 3.335], [-76.465, 3.335], [-76.465, 3.34], [-76.47, 3.34], [-76.47, 3.335]]]}}, {"type": "Feature", "properties": {"value": 6.5071, "sigma": 8.6005}, "geometry": {"type": "Polygon", "coordinates": [[[-76.465, 3.335], [-76.46, 3.335], [-76.46, 3.34], [-76.465, 3.34], [-76.465, 3.335]]]}}, {"type": "Feature", "properties": {"value": 6.5071, "sigma": 8.6005}, "geometry": {"type": "Polygon", "coordinates": [[[-76.46, 3.335], [-76.455, 3.335], [-76.455, 3.34], [-76.46, 3.34], [-76.46, 3.335]]]}}, {"type": "Feature", "properties": {"value": 6.5071, "sigma": 8.6005}, "geometry": {"type": "Polygon", "coordinates": [[[-76.455, 3.335], [-76.45, 3.335], [-76.45, 3.34], [-76.455, 3.34], [-76.455, 3.335]]]}}, {"type": "Feature", "properties": {"value": 6.5071, "sigma": 8.6005}, "geometry": {"type": "Polygon", "coordinates": [[[-76.45, 3.335], [-76.445, 3.335], [-76.445, 3.34], [-76.45, 3.34], [-76.45, 3.335]]]}}, {"type": "Feature", "properties": {"value": 6.5071, "sigma": 8.6005}, "geometry": {"type": "Polygon", "coordinates": [[[-76.445, 3.335], [-76.44, 3.335], [-76.44, 3.34], [-76.445, 3.34], [-76.445, 3.335]]]}}, {"type": "Feature", "properties": {"value": 6.5071, "sigma": 8.6005}, "geometry": {"type": "Polygon", "coordinates": [[[-76.44, 3.335], [-76.435, 3.335], [-76.435, 3.34], [-76.44, 3.34], [-76.44, 3.335]]]}}, {"type": "Feature", "properties": {"value": 6.5071, "sigma": 8.6005}, "geometry": {"type": "Polygon", "coordinates": [[[-76.435, 3.335], [-76.43, 3.335], [-76.43, 3.34], [-76.435, 3.34], [-76.435, 3.335]]]}}, {"type": "Feature", "properties": {"value": 6.5071, "sigma": 8.6005}, "geometry": {"type": "Polygon", "coordinates": [[[-76.43, 3.335], [-76.425, 3.335], [-76.425, 3.34], [-76.43, 3.34], [-76.43, 3.335]]]}}, {"type": "Feature", "properties": {"value": 6.5071, "sigma": 8.6005}, "geometry": {"type": "Polygon", "coordinates": [[[-76.425, 3.335], [-76.42, 3.335], [-76.42, 3.34], [-76.425, 3.34], [-76.425, 3.335]]]}}, {"type": "Feature", "properties": {"value": 6.5071, "sigma": 8.6005}, "geometry": {"type": "Polygon", "coordinates": [[[-76.42, 3.335], [-76.415, 3.335], [-76.415, 3.34], [-76.42, 3.34], [-76.42, 3.335]]]}}, {"type": "Feature", "properties": {"value": 6.5071, "sigma": 8.6005}, "geometry": {"type": "Polygon", "coordinates": [[[-76.415, 3.335], [-76.41, 3.335], [-76.41, 3.34], [-76.415, 3.34], [-76.415, 3.335]]]}}, {"type": "Feature", "properties": {"value": 6.5071, "sigma": 8.6005}, "geometry": {"type": "Polygon", "coordinates": [[[-76.41, 3.335], [-76.405, 3.335], [-76.405, 3.34], [-76.41, 3.34], [-76.41, 3.335]]]}}, {"type": "Feature", "properties": {"value": 6.5071, "sigma": 8.6005}, "geometry": {"type": "Polygon", "coordinates": [[[-76.405, 3.335], [-76.4, 3.335], [-76.4, 3.34], [-76.405, 3.34], [-76.405, 3.335]]]}}, {"type": "Feature", "properties": {"value": 6.5071, "sigma": 8.6005}, "geometry": {"type": "Polygon", "coordinates": [[[-76.6, 3.34], [-76.595, 3.34], [-76.595, 3.345], [-76.6, 3.345], [-76.6, 3.34]]]}}, {"type": "Feature", "properties": {"value": 6.5071, "sigma": 8.6005}, "geometry": {"type": "Polygon", "coordinates": [[[-76.595, 3.34], [-76.59, 3.34], [-76.59, 3.345], [-76.595, 3.345], [-76.595, 3.34]]]}}, {"type": "Feature", "properties": {"value": 6.5071, "sigma": 8.6005}, "geometry": {"type": "Polygon", "coordinates": [[[-76.59, 3.34], [-76.585, 3.34], [-76.585, 3.345], [-76.59, 3.345], [-76.59, 3.34]]]}}, {"type": "Feature", "properties": {"value": 6.5071, "sigma": 8.6005}, "geometry": {"type": "Polygon", "coordinates": [[[-76.585, 3.34], [-76.58, 3.34], [-76.58, 3.345], [-76.585, 3.345], [-76.585, 3.34]]]}}, {"type": "Feature", "properties": {"value": 6.5071, "sigma": 8.6005}, "geometry": {"type": "Polygon", "coordinates": [[[-76.58, 3.34], [-76.575, 3.34], [-76.575, 3.345], [-76.58, 3.345], [-76.58, 3.34]]]}}, {"type": "Feature", "properties": {"value": 6.5071, "sigma": 8.6005}, "geometry": {"type": "Polygon", "coordinates": [[[-76.575, 3.34], [-76.57, 3.34], [-76.57, 3.345], [-76.575, 3.345], [-76.575, 3.34]]]}}, {"type": "Feature", "properties": {"value": 6.5071, "sigma": 8.6005}, "geometry": {"type": "Polygon", "coordinates": [[[-76.57, 3.34], [-76.565, 3.34], [-76.565, 3.345], [-76.57, 3.345], [-76.57, 3.34]]]}}, {"type": "Feature", "properties": {"value": 6.5071, "sigma": 8.6005}, "geometry": {"type": "Polygon", "coordinates": [[[-76.565, 3.34], [-76.56, 3.34], [-76.56, 3.345], [-76.565, 3.345], [-76.565, 3.34]]]}}, {"type": "Feature", "properties": {"value": 6.5071, "sigma": 8.6005}, "geometry": {"type": "Polygon", "coordinates": [[[-76.56, 3.34], [-76.555, 3.34], [-76.555, 3.345], [-76.56, 3.345], [-76.56, 3.34]]]}}, {"type": "Feature", "properties": {"value": 6.5071, "sigma": 8.6005}, "geometry": {"type": "Polygon", "coordinates": [[[-76.555, 3.34], [-76.55, 3.34], [-76.55, 3.345], [-76.555, 3.345], [-76.555, 3.34]]]}}, {"type": "Feature", "properties": {"value": 6.5071, "sigma": 8.6005}, "geometry": {"type": "Polygon", "coordinates": [[[-76.55, 3.34], [-76.545, 3.34], [-76.545, 3.345], [-76.55, 3.345], [-76.55, 3.34]]]}}, {"type": "Feature", "properties": {"value": 6.5071, "sigma": 8.6005}, "geometry": {"type": "Polygon", "coordinates": [[[-76.545, 3.34], [-76.54, 3.34], [-76.54, 3.345], [-76.545, 3.345], [-76.545, 3.34]]]}}, {"type": "Feature", "properties": {"value": 6.5071, "sigma": 8.6005}, "geometry": {"type": "Polygon", "coordinates": [[[-76.54, 3.34], [-76.535, 3.34], [-76.535, 3.345], [-76.54, 3.345], [-76.54, 3.34]]]}}, {"type": "Feature", "properties": {"value": 6.5071, "sigma": 8.6005}, "geometry": {"type": "Polygon", "coordinates": [[[-76.535, 3.34], [-76.53, 3.34], [-76.53, 3.345], [-76.535, 3.345], [-76.535, 3.34]]]}}, {"type": "Feature", "properties": {"value": 6.5071, "sigma": 8.6005}, "geometry": {"type": "Polygon", "coordinates": [[[-76.53, 3.34], [-76.525, 3.34], [-76.525, 3.345], [-76.53, 3.345], [-76.53, 3.34]]]}}, {"type": "Feature", "properties": {"value": 6.5071, "sigma": 8.6005}, "geometry": {"type": "Polygon", "coordinates": [[[-76.525, 3.34], [-76.52, 3.34], [-76.52, 3.345], [-76.525, 3.345], [-76.525, 3.34]]]}}, {"type": "Feature", "properties": {"value": 6.5071, "sigma": 8.6005}, "geometry": {"type": "Polygon", "coordinates": [[[-76.52, 3.34], [-76.515, 3.34], [-76.515, 3.345], [-76.52, 3.345], [-76.52, 3.34]]]}}, {"type": "Feature", "properties": {"value": 6.5071, "sigma": 8.6005}, "geometry": {"type": "Polygon", "coordinates": [[[-76.515, 3.34], [-76.51, 3.34], [-76.51, 3.345], [-76.515, 3.345], [-76.515, 3.34]]]}}, {"type": "Feature", "properties": {"value": 6.5071, "sigma": 8.6005}, "geometry": {"type": "Polygon", "coordinates": [[[-76.51, 3.34], [-76.505, 3.34], [-76.505, 3.345], [-76.51, 3.345], [-76.51, 3.34]]]}}, {"type": "Feature", "properties": {"value": 6.5071, "sigma": 8.6005}, "geometry": {"type": "Polygon", "coordinates": [[[-76.505, 3.34], [-76.5, 3.34], [-76.5, 3.345], [-76.505, 3.345], [-76.505, 3.34]]]}}, {"type": "Feature", "properties": {"value": 6.5071, "sigma": 8.6005}, "geometry": {"type": "Polygon", "coordinates": [[[-76.5, 3.34], [-76.495, 3.34], [-76.495, 3.345], [-76.5, 3.345], [-76.5, 3.34]]]}}, {"type": "Feature", "properties": {"value": 6.5071, "sigma": 8.6005}, "geometry": {"type": "Polygon", "coordinates": [[[-76.495, 3.34], [-76.49, 3.34], [-76.49, 3.345], [-76.495, 3.345], [-76.495, 3.34]]]}}, {"type": "Feature", "properties": {"value": 6.5071, "sigma": 8.6005}, "geometry": {"type": "Polygon", "coordinates": [[[-76.49, 3.34], [-76.485, 3.34], [-76.485, 3.345], [-76.49, 3.345], [-76.49, 3.34]]]}}, {"type": "Feature", "properties": {"value": 6.5071, "sigma": 8.6005}, "geometry": {"type": "Polygon", "coordinates": [[[-76.485, 3.34], [-76.48, 3.34], [-76.48, 3.345], [-76.485, 3.345], [-76.485, 3.34]]]}}, {"type": "Feature", "properties": {"value": 6.5071, "sigma": 8.6005}, "geometry": {"type": "Polygon", "coordinates": [[[-76.48, 3.34], [-76.475, 3.34], [-76.475, 3.345], [-76.48, 3.345], [-76.48, 3.34]]]}}, {"type": "Feature", "properties": {"value": 6.5071, "sigma": 8.6005}, "geometry": {"type": "Polygon", "coordinates": [[[-76.475, 3.34], [-76.47, 3.34], [-76.47, 3.345], [-76.475, 3.345], [-76.475, 3.34]]]}}, {"type": "Feature", "properties": {"value": 6.5071, "sigma": 8.6005}, "geometry": {"type": "Polygon", "coordinates": [[[-76.47, 3.34], [-76.465, 3.34], [-76.465, 3.345], [-76.47, 3.345], [-76.47, 3.34]]]}}, {"type": "Feature", "properties": {"value": 6.5071, "sigma": 8.6005}, "geometry": {"type": "Polygon", "coordinates": [[[-76.465, 3.34], [-76.46, 3.34], [-76.46, 3.345], [-76.465, 3.345], [-76.465, 3.34]]]}}, {"type": "Feature", "properties": {"value": 6.5071, "sigma": 8.6005}, "geometry": {"type": "Polygon", "coordinates": [[[-76.46, 3.34], [-76.455, 3.34], [-76.455, 3.345], [-76.46, 3.345], [-76.46, 3.34]]]}}, {"type": "Feature", "properties": {"value": 6.5071, "sigma": 8.6005}, "geometry": {"type": "Polygon", "coordinates": [[[-76.455, 3.34], [-76.45, 3.34], [-76.45, 3.345], [-76.455, 3.345], [-76.455, 3.34]]]}}, {"type": "Feature", "properties": {"value": 6.5071, "sigma": 8.6005}, "geometry": {"type": "Polygon", "coordinates": [[[-76.45, 3.34], [-76.445, 3.34], [-76.445, 3.345], [-76.45, 3.345], [-76.45, 3.34]]]}}, {"type": "Feature", "properties": {"value": 6.5071, "sigma": 8.6005}, "geometry": {"type": "Polygon", "coordinates": [[[-76.445, 3.34], [-76.44, 3.34], [-76.44, 3.345], [-76.445, 3.345], [-76.445, 3.34]]]}}, {"type": "Feature", "properties": {"value": 6.5071, "sigma": 8.6005}, "geometry": {"type": "Polygon", "coordinates": [[[-76.44, 3.34], [-76.435, 3.34], [-76.435, 3.345], [-76.44, 3.345], [-76.44, 3.34]]]}}, {"type": "Feature", "properties": {"value": 6.5071, "sigma": 8.6005}, "geometry": {"type": "Polygon", "coordinates": [[[-76.435, 3.34], [-76.43, 3.34], [-76.43, 3.345], [-76.435, 3.345], [-76.435, 3.34]]]}}, {"type": "Feature", "properties": {"value": 6.5071, "sigma": 8.6005}, "geometry": {"type": "Polygon", "coordinates": [[[-76.43, 3.34], [-76.425, 3.34], [-76.425, 3.345], [-76.43, 3.345], [-76.43, 3.34]]]}}, {"type": "Feature", "properties": {"value": 6.5071, "sigma": 8.6005}, "geometry": {"type": "Polygon", "coordinates": [[[-76.425, 3.34], [-76.42, 3.34], [-76.42, 3.345], [-76.425, 3.345], [-76.425, 3.34]]]}}, {"type": "Feature", "properties": {"value": 6.5071, "sigma": 8.6005}, "geometry": {"type": "Polygon", "coordinates": [[[-76.42, 3.34], [-76.415, 3.34], [-76.415, 3.345], [-76.42, 3.345], [-76.42, 3.34]]]}}, {"type": "Feature", "properties": {"value": 6.5071, "sigma": 8.6005}, "geometry": {"type": "Polygon", "coordinates": [[[-76.415, 3.34], [-76.41, 3.34], [-76.41, 3.345], [-76.415, 3.345], [-76.415, 3.34]]]}}, {"type": "Feature", "properties": {"value": 6.5071, "sigma": 8.6005}, "geometry": {"type": "Polygon", "coordinates": [[[-76.41, 3.34], [-76.405, 3.34], [-76.405, 3.345], [-76.41, 3.345], [-76.41, 3.34]]]}}, {"type": "Feature", "properties": {"value": 6.5071, "sigma": 8.6005}, "geometry": {"type": "Polygon", "coordinates": [[[-76.405, 3.34], [-76.4, 3.34], [-76.4, 3.345], [-76.405, 3.345], [-76.405, 3.34]]]}}, {"type": "Feature", "properties": {"value": 6.5071, "sigma": 8.6005}, "geometry": {"type": "Polygon", "coordinates": [[[-76.6, 3.345], [-76.595, 3.345], [-76.595, 3.35], [-76.6, 3.35], [-76.6, 3.345]]]}}, {"type": "Feature", "properties": {"value": 6.5071, "sigma": 8.6005}, "geometry": {"type": "Polygon", "coordinates": [[[-76.595, 3.345], [-76.59, 3.345], [-76.59, 3.35], [-76.595, 3.35], [-76.595, 3.345]]]}}, {"type": "Feature", "properties": {"value": 6.5071, "sigma": 8.6005}, "geometry": {"type": "Polygon", "coordinates": [[[-76.59, 3.345], [-76.585, 3.345], [-76.585, 3.35], [-76.59, 3.35], [-76.59, 3.345]]]}}, {"type": "Feature", "properties": {"value": 6.5071, "sigma": 8.6005}, "geometry": {"type": "Polygon", "coordinates": [[[-76.585, 3.345], [-76.58, 3.345], [-76.58, 3.35], [-76.585, 3.35], [-76.585, 3.345]]]}}, {"type": "Feature", "properties": {"value": 6.5071, "sigma": 8.6005}, "geometry": {"type": "Polygon", "coordinates": [[[-76.58, 3.345], [-76.575, 3.345], [-76.575, 3.35], [-76.58, 3.35], [-76.58, 3.345]]]}}, {"type": "Feature", "properties": {"value": 6.5071, "sigma": 8.6005}, "geometry": {"type": "Polygon", "coordinates": [[[-76.575, 3.345], [-76.57, 3.345], [-76.57, 3.35], [-76.575, 3.35], [-76.575, 3.345]]]}}, {"type": "Feature", "properties": {"value": 6.5071, "sigma": 8.6005}, "geometry": {"type": "Polygon", "coordinates": [[[-76.57, 3.345], [-76.565, 3.345], [-76.565, 3.35], [-76.57, 3.35], [-76.57, 3.345]]]}}, {"type": "Feature", "properties": {"value": 6.5071, "sigma": 8.6005}, "geometry": {"type": "Polygon", "coordinates": [[[-76.565, 3.345], [-76.56, 3.345], [-76.56, 3.35], [-76.565, 3.35], [-76.565, 3.345]]]}}, {"type": "Feature", "properties": {"value": 6.5071, "sigma": 8.6005}, "geometry": {"type": "Polygon", "coordinates": [[[-76.56, 3.345], [-76.555, 3.345], [-76.555, 3.35], [-76.56, 3.35], [-76.56, 3.345]]]}}, {"type": "Feature", "properties": {"value": 6.5071, "sigma": 8.6005}, "geometry": {"type": "Polygon", "coordinates": [[[-76.555, 3.345], [-76.55, 3.345], [-76.55, 3.35], [-76.555, 3.35], [-76.555, 3.345]]]}}, {"type": "Feature", "properties": {"value": 6.5071, "sigma": 8.6005}, "geometry": {"type": "Polygon", "coordinates": [[[-76.55, 3.345], [-76.545, 3.345], [-76.545, 3.35], [-76.55, 3.35], [-76.55, 3.345]]]}}, {"type": "Feature", "properties": {"value": 6.5071, "sigma": 8.6005}, "geometry": {"type": "Polygon", "coordinates": [[[-76.545, 3.345], [-76.54, 3.345], [-76.54, 3.35], [-76.545, 3.35], [-76.545, 3.345]]]}}, {"type": "Feature", "properties": {"value": 6.5071, "sigma": 8.6005}, "geometry": {"type": "Polygon", "coordinates": [[[-76.54, 3.345], [-76.535, 3.345], [-76.535, 3.35], [-76.54, 3.35], [-76.54, 3.345]]]}}, {"type": "Feature", "properties": {"value": 6.5071, "sigma": 8.6005}, "geometry": {"type": "Polygon", "coordinates": [[[-76.535, 3.345], [-76.53, 3.345], [-76.53, 3.35], [-76.535, 3.35], [-76.535, 3.345]]]}}, {"type": "Feature", "properties": {"value": 6.5071, "sigma": 8.6005}, "geometry": {"type": "Polygon", "coordinates": [[[-76.53, 3.345], [-76.525, 3.345], [-76.525, 3.35], [-76.53, 3.35], [-76.53, 3.345]]]}}, {"type": "Feature", "properties": {"value": 6.5071, "sigma": 8.6005}, "geometry": {"type": "Polygon", "coordinates": [[[-76.525, 3.345], [-76.52, 3.345], [-76.52, 3.35], [-76.525, 3.35], [-76.525, 3.345]]]}}, {"type": "Feature", "properties": {"value": 6.5071, "sigma": 8.6005}, "geometry": {"type": "Polygon", "coordinates": [[[-76.52, 3.345], [-76.515, 3.345], [-76.515, 3.35], [-76.52, 3.35], [-76.52, 3.345]]]}}, {"type": "Feature", "properties": {"value": 6.5071, "sigma": 8.6005}, "geometry": {"type": "Polygon", "coordinates": [[[-76.515, 3.345], [-76.51, 3.345], [-76.51, 3.35], [-76.515, 3.35], [-76.515, 3.345]]]}}, {"type": "Feature", "properties": {"value": 6.5071, "sigma": 8.6005}, "geometry": {"type": "Polygon", "coordinates": [[[-76.51, 3.345], [-76.505, 3.345], [-76.505, 3.35], [-76.51, 3.35], [-76.51, 3.345]]]}}, {"type": "Feature", "properties": {"value": 6.5071, "sigma": 8.6005}, "geometry": {"type": "Polygon", "coordinates": [[[-76.505, 3.345], [-76.5, 3.345], [-76.5, 3.35], [-76.505, 3.35], [-76.505, 3.345]]]}}, {"type": "Feature", "properties": {"value": 6.5071, "sigma": 8.6005}, "geometry": {"type": "Polygon", "coordinates": [[[-76.5, 3.345], [-76.495, 3.345], [-76.495, 3.35], [-76.5, 3.35], [-76.5, 3.345]]]}}, {"type": "Feature", "properties": {"value": 6.5071, "sigma": 8.6005}, "geometry": {"type": "Polygon", "coordinates": [[[-76.495, 3.345], [-76.49, 3.345], [-76.49, 3.35], [-76.495, 3.35], [-76.495, 3.345]]]}}, {"type": "Feature", "properties": {"value": 6.5071, "sigma": 8.6005}, "geometry": {"type": "Polygon", "coordinates": [[[-76.49, 3.345], [-76.485, 3.345], [-76.485, 3.35], [-76.49, 3.35], [-76.49, 3.345]]]}}, {"type": "Feature", "properties": {"value": 6.5071, "sigma": 8.6005}, "geometry": {"type": "Polygon", "coordinates": [[[-76.485, 3.345], [-76.48, 3.345], [-76.48, 3.35], [-76.485, 3.35], [-76.485, 3.345]]]}}, {"type": "Feature", "properties": {"value": 6.5071, "sigma": 8.6005}, "geometry": {"type": "Polygon", "coordinates": [[[-76.48, 3.345], [-76.475, 3.345], [-76.475, 3.35], [-76.48, 3.35], [-76.48, 3.345]]]}}, {"type": "Feature", "properties": {"value": 6.5071, "sigma": 8.6005}, "geometry": {"type": "Polygon", "coordinates": [[[-76.475, 3.345], [-76.47, 3.345], [-76.47, 3.35], [-76.475, 3.35], [-76.475, 3.345]]]}}, {"type": "Feature", "properties": {"value": 6.5071, "sigma": 8.6005}, "geometry": {"type": "Polygon", "coordinates": [[[-76.47, 3.345], [-76.465, 3.345], [-76.465, 3.35], [-76.47, 3.35], [-76.47, 3.345]]]}}, {"type": "Feature", "properties": {"value": 6.5071, "sigma": 8.6005}, "geometry": {"type": "Polygon", "coordinates": [[[-76.465, 3.345], [-76.46, 3.345], [-76.46, 3.35], [-76.465, 3.35], [-76.465, 3.345]]]}}, {"type": "Feature", "properties": {"value": 6.5071, "sigma": 8.6005}, "geometry": {"type": "Polygon", "coordinates": [[[-76.46, 3.345], [-76.455, 3.345], [-76.455, 3.35], [-76.46, 3.35], [-76.46, 3.345]]]}}, {"type": "Feature", "properties": {"value": 6.5071, "sigma": 8.6005}, "geometry": {"type": "Polygon", "coordinates": [[[-76.455, 3.345], [-76.45, 3.345], [-76.45, 3.35], [-76.455, 3.35], [-76.455, 3.345]]]}}, {"type": "Feature", "properties": {"value": 6.5071, "sigma": 8.6005}, "geometry": {"type": "Polygon", "coordinates": [[[-76.45, 3.345], [-76.445, 3.345], [-76.445, 3.35], [-76.45, 3.35], [-76.45, 3.345]]]}}, {"type": "Feature", "properties": {"value": 6.5071, "sigma": 8.6005}, "geometry": {"type": "Polygon", "coordinates": [[[-76.445, 3.345], [-76.44, 3.345], [-76.44, 3.35], [-76.445, 3.35], [-76.445, 3.345]]]}}, {"type": "Feature", "properties": {"value": 6.5071, "sigma": 8.6005}, "geometry": {"type": "Polygon", "coordinates": [[[-76.44, 3.345], [-76.435, 3.345], [-76.435, 3.35], [-76.44, 3.35], [-76.44, 3.345]]]}}, {"type": "Feature", "properties": {"value": 6.5071, "sigma": 8.6005}, "geometry": {"type": "Polygon", "coordinates": [[[-76.435, 3.345], [-76.43, 3.345], [-76.43, 3.35], [-76.435, 3.35], [-76.435, 3.345]]]}}, {"type": "Feature", "properties": {"value": 6.5071, "sigma": 8.6005}, "geometry": {"type": "Polygon", "coordinates": [[[-76.43, 3.345], [-76.425, 3.345], [-76.425, 3.35], [-76.43, 3.35], [-76.43, 3.345]]]}}, {"type": "Feature", "properties": {"value": 6.5071, "sigma": 8.6005}, "geometry": {"type": "Polygon", "coordinates": [[[-76.425, 3.345], [-76.42, 3.345], [-76.42, 3.35], [-76.425, 3.35], [-76.425, 3.345]]]}}, {"type": "Feature", "properties": {"value": 6.5071, "sigma": 8.6005}, "geometry": {"type": "Polygon", "coordinates": [[[-76.42, 3.345], [-76.415, 3.345], [-76.415, 3.35], [-76.42, 3.35], [-76.42, 3.345]]]}}, {"type": "Feature", "properties": {"value": 6.5071, "sigma": 8.6005}, "geometry": {"type": "Polygon", "coordinates": [[[-76.415, 3.345], [-76.41, 3.345], [-76.41, 3.35], [-76.415, 3.35], [-76.415, 3.345]]]}}, {"type": "Feature", "properties": {"value": 6.5071, "sigma": 8.6005}, "geometry": {"type": "Polygon", "coordinates": [[[-76.41, 3.345], [-76.405, 3.345], [-76.405, 3.35], [-76.41, 3.35], [-76.41, 3.345]]]}}, {"type": "Feature", "properties": {"value": 6.5071, "sigma": 8.6005}, "geometry": {"type": "Polygon", "coordinates": [[[-76.405, 3.345], [-76.4, 3.345], [-76.4, 3.35], [-76.405, 3.35], [-76.405, 3.345]]]}}, {"type": "Feature", "properties": {"value": 6.5071, "sigma": 8.6005}, "geometry": {"type": "Polygon", "coordinates": [[[-76.6, 3.35], [-76.595, 3.35], [-76.595, 3.355], [-76.6, 3.355], [-76.6, 3.35]]]}}, {"type": "Feature", "properties": {"value": 6.5071, "sigma": 8.6005}, "geometry": {"type": "Polygon", "coordinates": [[[-76.595, 3.35], [-76.59, 3.35], [-76.59, 3.355], [-76.595, 3.355], [-76.595, 3.35]]]}}, {"type": "Feature", "properties": {"value": 6.5071, "sigma": 8.6005}, "geometry": {"type": "Polygon", "coordinates": [[[-76.59, 3.35], [-76.585, 3.35], [-76.585, 3.355], [-76.59, 3.355], [-76.59, 3.35]]]}}, {"type": "Feature", "properties": {"value": 6.5071, "sigma": 8.6005}, "geometry": {"type": "Polygon", "coordinates": [[[-76.585, 3.35], [-76.58, 3.35], [-76.58, 3.355], [-76.585, 3.355], [-76.585, 3.35]]]}}, {"type": "Feature", "properties": {"value": 6.5071, "sigma": 8.6005}, "geometry": {"type": "Polygon", "coordinates": [[[-76.58, 3.35], [-76.575, 3.35], [-76.575, 3.355], [-76.58, 3.355], [-76.58, 3.35]]]}}, {"type": "Feature", "properties": {"value": 6.5071, "sigma": 8.6005}, "geometry": {"type": "Polygon", "coordinates": [[[-76.575, 3.35], [-76.57, 3.35], [-76.57, 3.355], [-76.575, 3.355], [-76.575, 3.35]]]}}, {"type": "Feature", "properties": {"value": 6.5071, "sigma": 8.6005}, "geometry": {"type": "Polygon", "coordinates": [[[-76.57, 3.35], [-76.565, 3.35], [-76.565, 3.355], [-76.57, 3.355], [-76.57, 3.35]]]}}, {"type": "Feature", "properties": {"value": 6.5071, "sigma": 8.6005}, "geometry": {"type": "Polygon", "coordinates": [[[-76.565, 3.35], [-76.56, 3.35], [-76.56, 3.355], [-76.565, 3.355], [-76.565, 3.35]]]}}, {"type": "Feature", "properties": {"value": 6.5071, "sigma": 8.6005}, "geometry": {"type": "Polygon", "coordinates": [[[-76.56, 3.35], [-76.555, 3.35], [-76.555, 3.355], [-76.56, 3.355], [-76.56, 3.35]]]}}, {"type": "Feature", "properties": {"value": 6.5071, "sigma": 8.6005}, "geometry": {"type": "Polygon", "coordinates": [[[-76.555, 3.35], [-76.55, 3.35], [-76.55, 3.355], [-76.555, 3.355], [-76.555, 3.35]]]}}, {"type": "Feature", "properties": {"value": 6.5071, "sigma": 8.6005}, "geometry": {"type": "Polygon", "coordinates": [[[-76.55, 3.35], [-76.545, 3.35], [-76.545, 3.355], [-76.55, 3.355], [-76.55, 3.35]]]}}, {"type": "Feature", "properties": {"value": 6.5071, "sigma": 8.6005}, "geometry": {"type": "Polygon", "coordinates": [[[-76.545, 3.35], [-76.54, 3.35], [-76.54, 3.355], [-76.545, 3.355], [-76.545, 3.35]]]}}, {"type": "Feature", "properties": {"value": 6.5071, "sigma": 8.6005}, "geometry": {"type": "Polygon", "coordinates": [[[-76.54, 3.35], [-76.535, 3.35], [-76.535, 3.355], [-76.54, 3.355], [-76.54, 3.35]]]}}, {"type": "Feature", "properties": {"value": 6.5071, "sigma": 8.6005}, "geometry": {"type": "Polygon", "coordinates": [[[-76.535, 3.35], [-76.53, 3.35], [-76.53, 3.355], [-76.535, 3.355], [-76.535, 3.35]]]}}, {"type": "Feature", "properties": {"value": 6.5071, "sigma": 8.6005}, "geometry": {"type": "Polygon", "coordinates": [[[-76.53, 3.35], [-76.525, 3.35], [-76.525, 3.355], [-76.53, 3.355], [-76.53, 3.35]]]}}, {"type": "Feature", "properties": {"value": 6.5071, "sigma": 8.6005}, "geometry": {"type": "Polygon", "coordinates": [[[-76.525, 3.35], [-76.52, 3.35], [-76.52, 3.355], [-76.525, 3.355], [-76.525, 3.35]]]}}, {"type": "Feature", "properties": {"value": 6.5071, "sigma": 8.6005}, "geometry": {"type": "Polygon", "coordinates": [[[-76.52, 3.35], [-76.515, 3.35], [-76.515, 3.355], [-76.52, 3.355], [-76.52, 3.35]]]}}, {"type": "Feature", "properties": {"value": 6.5071, "sigma": 8.6005}, "geometry": {"type": "Polygon", "coordinates": [[[-76.515, 3.35], [-76.51, 3.35], [-76.51, 3.355], [-76.515, 3.355], [-76.515, 3.35]]]}}, {"type": "Feature", "properties": {"value": 6.5071, "sigma": 8.6005}, "geometry": {"type": "Polygon", "coordinates": [[[-76.51, 3.35], [-76.505, 3.35], [-76.505, 3.355], [-76.51, 3.355], [-76.51, 3.35]]]}}, {"type": "Feature", "properties": {"value": 6.5071, "sigma": 8.6005}, "geometry": {"type": "Polygon", "coordinates": [[[-76.505, 3.35], [-76.5, 3.35], [-76.5, 3.355], [-76.505, 3.355], [-76.505, 3.35]]]}}, {"type": "Feature", "properties": {"value": 6.5071, "sigma": 8.6005}, "geometry": {"type": "Polygon", "coordinates": [[[-76.5, 3.35], [-76.495, 3.35], [-76.495, 3.355], [-76.5, 3.355], [-76.5, 3.35]]]}}, {"type": "Feature", "properties": {"value": 6.5071, "sigma": 8.6005}, "geometry": {"type": "Polygon", "coordinates": [[[-76.495, 3.35], [-76.49, 3.35], [-76.49, 3.355], [-76.495, 3.355], [-76.495, 3.35]]]}}, {"type": "Feature", "properties": {"value": 6.5071, "sigma": 8.6005}, "geometry": {"type": "Polygon", "coordinates": [[[-76.49, 3.35], [-76.485, 3.35], [-76.485, 3.355], [-76.49, 3.355], [-76.49, 3.35]]]}}, {"type": "Feature", "properties": {"value": 6.5071, "sigma": 8.6005}, "geometry": {"type": "Polygon", "coordinates": [[[-76.485, 3.35], [-76.48, 3.35], [-76.48, 3.355], [-76.485, 3.355], [-76.485, 3.35]]]}}, {"type": "Feature", "properties": {"value": 6.5071, "sigma": 8.6005}, "geometry": {"type": "Polygon", "coordinates": [[[-76.48, 3.35], [-76.475, 3.35], [-76.475, 3.355], [-76.48, 3.355], [-76.48, 3.35]]]}}, {"type": "Feature", "properties": {"value": 6.5071, "sigma": 8.6005}, "geometry": {"type": "Polygon", "coordinates": [[[-76.475, 3.35], [-76.47, 3.35], [-76.47, 3.355], [-76.475, 3.355], [-76.475, 3.35]]]}}, {"type": "Feature", "properties": {"value": 6.5071, "sigma": 8.6005}, "geometry": {"type": "Polygon", "coordinates": [[[-76.47, 3.35], [-76.465, 3.35], [-76.465, 3.355], [-76.47, 3.355], [-76.47, 3.35]]]}}, {"type": "Feature", "properties": {"value": 6.5071, "sigma": 8.6005}, "geometry": {"type": "Polygon", "coordinates": [[[-76.465, 3.35], [-76.46, 3.35], [-76.46, 3.355], [-76.465, 3.355], [-76.465, 3.35]]]}}, {"type": "Feature", "properties": {"value": 6.5071, "sigma": 8.6005}, "geometry": {"type": "Polygon", "coordinates": [[[-76.46, 3.35], [-76.455, 3.35], [-76.455, 3.355], [-76.46, 3.355], [-76.46, 3.35]]]}}, {"type": "Feature", "properties": {"value": 6.5071, "sigma": 8.6005}, "geometry": {"type": "Polygon", "coordinates": [[[-76.455, 3.35], [-76.45, 3.35], [-76.45, 3.355], [-76.455, 3.355], [-76.455, 3.35]]]}}, {"type": "Feature", "properties": {"value": 6.5071, "sigma": 8.6005}, "geometry": {"type": "Polygon", "coordinates": [[[-76.45, 3.35], [-76.445, 3.35], [-76.445, 3.355], [-76.45, 3.355], [-76.45, 3.35]]]}}, {"type": "Feature", "properties": {"value": 6.5071, "sigma": 8.6005}, "geometry": {"type": "Polygon", "coordinates": [[[-76.445, 3.35], [-76.44, 3.35], [-76.44, 3.355], [-76.445, 3.355], [-76.445, 3.35]]]}}, {"type": "Feature", "properties": {"value": 6.5071, "sigma": 8.6005}, "geometry": {"type": "Polygon", "coordinates": [[[-76.44, 3.35], [-76.435, 3.35], [-76.435, 3.355], [-76.44, 3.355], [-76.44, 3.35]]]}}, {"type": "Feature", "properties": {"value": 6.5071, "sigma": 8.6005}, "geometry": {"type": "Polygon", "coordinates": [[[-76.435, 3.35], [-76.43, 3.35], [-76.43, 3.355], [-76.435, 3.355], [-76.435, 3.35]]]}}, {"type": "Feature", "properties": {"value": 6.5071, "sigma": 8.6005}, "geometry": {"type": "Polygon", "coordinates": [[[-76.43, 3.35], [-76.425, 3.35], [-76.425, 3.355], [-76.43, 3.355], [-76.43, 3.35]]]}}, {"type": "Feature", "properties": {"value": 6.5071, "sigma": 8.6005}, "geometry": {"type": "Polygon", "coordinates": [[[-76.425, 3.35], [-76.42, 3.35], [-76.42, 3.355], [-76.425, 3.355], [-76.425, 3.35]]]}}, {"type": "Feature", "properties": {"value": 6.5071, "sigma": 8.6005}, "geometry": {"type": "Polygon", "coordinates": [[[-76.42, 3.35], [-76.415, 3.35], [-76.415, 3.355], [-76.42, 3.355], [-76.42, 3.35]]]}}, {"type": "Feature", "properties": {"value": 6.5071, "sigma": 8.6005}, "geometry": {"type": "Polygon", "coordinates": [[[-76.415, 3.35], [-76.41, 3.35], [-76.41, 3.355], [-76.415, 3.355], [-76.415, 3.35]]]}}, {"type": "Feature", "properties": {"value": 6.5071, "sigma": 8.6005}, "geometry": {"type": "Polygon", "coordinates": [[[-76.41, 3.35], [-76.405, 3.35], [-76.405, 3.355], [-76.41, 3.355], [-76.41, 3.35]]]}}, {"type": "Feature", "properties": {"value": 6.5071, "sigma": 8.6005}, "geometry": {"type": "Polygon", "coordinates": [[[-76.405, 3.35], [-76.4, 3.35], [-76.4, 3.355], [-76.405, 3.355], [-76.405, 3.35]]]}}, {"type": "Feature", "properties": {"value": 6.5071, "sigma": 8.6005}, "geometry": {"type": "Polygon", "coordinates": [[[-76.6, 3.355], [-76.595, 3.355], [-76.595, 3.36], [-76.6, 3.36], [-76.6, 3.355]]]}}, {"type": "Feature", "properties": {"value": 6.5071, "sigma": 8.6005}, "geometry": {"type": "Polygon", "coordinates": [[[-76.595, 3.355], [-76.59, 3.355], [-76.59, 3.36], [-76.595, 3.36], [-76.595, 3.355]]]}}, {"type": "Feature", "properties": {"value": 6.5071, "sigma": 8.6005}, "geometry": {"type": "Polygon", "coordinates": [[[-76.59, 3.355], [-76.585, 3.355], [-76.585, 3.36], [-76.59, 3.36], [-76.59, 3.355]]]}}, {"type": "Feature", "properties": {"value": 6.5071, "sigma": 8.6005}, "geometry": {"type": "Polygon", "coordinates": [[[-76.585, 3.355], [-76.58, 3.355], [-76.58, 3.36], [-76.585, 3.36], [-76.585, 3.355]]]}}, {"type": "Feature", "properties": {"value": 6.5071, "sigma": 8.6005}, "geometry": {"type": "Polygon", "coordinates": [[[-76.58, 3.355], [-76.575, 3.355], [-76.575, 3.36], [-76.58, 3.36], [-76.58, 3.355]]]}}, {"type": "Feature", "properties": {"value": 6.5071, "sigma": 8.6005}, "geometry": {"type": "Polygon", "coordinates": [[[-76.575, 3.355], [-76.57, 3.355], [-76.57, 3.36], [-76.575, 3.36], [-76.575, 3.355]]]}}, {"type": "Feature", "properties": {"value": 6.5071, "sigma": 8.6005}, "geometry": {"type": "Polygon", "coordinates": [[[-76.57, 3.355], [-76.565, 3.355], [-76.565, 3.36], [-76.57, 3.36], [-76.57, 3.355]]]}}, {"type": "Feature", "properties": {"value": 6.5071, "sigma": 8.6005}, "geometry": {"type": "Polygon", "coordinates": [[[-76.565, 3.355], [-76.56, 3.355], [-76.56, 3.36], [-76.565, 3.36], [-76.565, 3.355]]]}}, {"type": "Feature", "properties": {"value": 6.5071, "sigma": 8.6005}, "geometry": {"type": "Polygon", "coordinates": [[[-76.56, 3.355], [-76.555, 3.355], [-76.555, 3.36], [-76.56, 3.36], [-76.56, 3.355]]]}}, {"type": "Feature", "properties": {"value": 6.5071, "sigma": 8.6005}, "geometry": {"type": "Polygon", "coordinates": [[[-76.555, 3.355], [-76.55, 3.355], [-76.55, 3.36], [-76.555, 3.36], [-76.555, 3.355]]]}}, {"type": "Feature", "properties": {"value": 6.5071, "sigma": 8.6005}, "geometry": {"type": "Polygon", "coordinates": [[[-76.55, 3.355], [-76.545, 3.355], [-76.545, 3.36], [-76.55, 3.36], [-76.55, 3.355]]]}}, {"type": "Feature", "properties": {"value": 6.5071, "sigma": 8.6005}, "geometry": {"type": "Polygon", "coordinates": [[[-76.545, 3.355], [-76.54, 3.355], [-76.54, 3.36], [-76.545, 3.36], [-76.545, 3.355]]]}}, {"type": "Feature", "properties": {"value": 6.5071, "sigma": 8.6005}, "geometry": {"type": "Polygon", "coordinates": [[[-76.54, 3.355], [-76.535, 3.355], [-76.535, 3.36], [-76.54, 3.36], [-76.54, 3.355]]]}}, {"type": "Feature", "properties": {"value": 6.5071, "sigma": 8.6005}, "geometry": {"type": "Polygon", "coordinates": [[[-76.535, 3.355], [-76.53, 3.355], [-76.53, 3.36], [-76.535, 3.36], [-76.535, 3.355]]]}}, {"type": "Feature", "properties": {"value": 6.5071, "sigma": 8.6005}, "geometry": {"type": "Polygon", "coordinates": [[[-76.53, 3.355], [-76.525, 3.355], [-76.525, 3.36], [-76.53, 3.36], [-76.53, 3.355]]]}}, {"type": "Feature", "properties": {"value": 6.5071, "sigma": 8.6005}, "geometry": {"type": "Polygon", "coordinates": [[[-76.525, 3.355], [-76.52, 3.355], [-76.52, 3.36], [-76.525, 3.36], [-76.525, 3.355]]]}}, {"type": "Feature", "properties": {"value": 6.5071, "sigma": 8.6005}, "geometry": {"type": "Polygon", "coordinates": [[[-76.52, 3.355], [-76.515, 3.355], [-76.515, 3.36], [-76.52, 3.36], [-76.52, 3.355]]]}}, {"type": "Feature", "properties": {"value": 6.5071, "sigma": 8.6005}, "geometry": {"type": "Polygon", "coordinates": [[[-76.515, 3.355], [-76.51, 3.355], [-76.51, 3.36], [-76.515, 3.36], [-76.515, 3.355]]]}}, {"type": "Feature", "properties": {"value": 6.5071, "sigma": 8.6005}, "geometry": {"type": "Polygon", "coordinates": [[[-76.51, 3.355], [-76.505, 3.355], [-76.505, 3.36], [-76.51, 3.36], [-76.51, 3.355]]]}}, {"type": "Feature", "properties": {"value": 6.5071, "sigma": 8.6005}, "geometry": {"type": "Polygon", "coordinates": [[[-76.505, 3.355], [-76.5, 3.355], [-76.5, 3.36], [-76.505, 3.36], [-76.505, 3.355]]]}}, {"type": "Feature", "properties": {"value": 6.5071, "sigma": 8.6005}, "geometry": {"type": "Polygon", "coordinates": [[[-76.5, 3.355], [-76.495, 3.355], [-76.495, 3.36], [-76.5, 3.36], [-76.5, 3.355]]]}}, {"type": "Feature", "properties": {"value": 6.5071, "sigma": 8.6005}, "geometry": {"type": "Polygon", "coordinates": [[[-76.495, 3.355], [-76.49, 3.355], [-76.49, 3.36], [-76.495, 3.36], [-76.495, 3.355]]]}}, {"type": "Feature", "properties": {"value": 6.5071, "sigma": 8.6005}, "geometry": {"type": "Polygon", "coordinates": [[[-76.49, 3.355], [-76.485, 3.355], [-76.485, 3.36], [-76.49, 3.36], [-76.49, 3.355]]]}}, {"type": "Feature", "properties": {"value": 6.5071, "sigma": 8.6005}, "geometry": {"type": "Polygon", "coordinates": [[[-76.485, 3.355], [-76.48, 3.355], [-76.48, 3.36], [-76.485, 3.36], [-76.485, 3.355]]]}}, {"type": "Feature", "properties": {"value": 6.5071, "sigma": 8.6005}, "geometry": {"type": "Polygon", "coordinates": [[[-76.48, 3.355], [-76.475, 3.355], [-76.475, 3.36], [-76.48, 3.36], [-76.48, 3.355]]]}}, {"type": "Feature", "properties": {"value": 6.5071, "sigma": 8.6005}, "geometry": {"type": "Polygon", "coordinates": [[[-76.475, 3.355], [-76.47, 3.355], [-76.47, 3.36], [-76.475, 3.36], [-76.475, 3.355]]]}}, {"type": "Feature", "properties": {"value": 6.5071, "sigma": 8.6005}, "geometry": {"type": "Polygon", "coordinates": [[[-76.47, 3.355], [-76.465, 3.355], [-76.465, 3.36], [-76.47, 3.36], [-76.47, 3.355]]]}}, {"type": "Feature", "properties": {"value": 6.5071, "sigma": 8.6005}, "geometry": {"type": "Polygon", "coordinates": [[[-76.465, 3.355], [-76.46, 3.355], [-76.46, 3.36], [-76.465, 3.36], [-76.465, 3.355]]]}}, {"type": "Feature", "properties": {"value": 6.5071, "sigma": 8.6005}, "geometry": {"type": "Polygon", "coordinates": [[[-76.46, 3.355], [-76.455, 3.355], [-76.455, 3.36], [-76.46, 3.36], [-76.46, 3.355]]]}}, {"type": "Feature", "properties": {"value": 6.5071, "sigma": 8.6005}, "geometry": {"type": "Polygon", "coordinates": [[[-76.455, 3.355], [-76.45, 3.355], [-76.45, 3.36], [-76.455, 3.36], [-76.455, 3.355]]]}}, {"type": "Feature", "properties": {"value": 6.5071, "sigma": 8.6005}, "geometry": {"type": "Polygon", "coordinates": [[[-76.45, 3.355], [-76.445, 3.355], [-76.445, 3.36], [-76.45, 3.36], [-76.45, 3.355]]]}}, {"type": "Feature", "properties": {"value": 6.5071, "sigma": 8.6005}, "geometry": {"type": "Polygon", "coordinates": [[[-76.445, 3.355], [-76.44, 3.355], [-76.44, 3.36], [-76.445, 3.36], [-76.445, 3.355]]]}}, {"type": "Feature", "properties": {"value": 6.5071, "sigma": 8.6005}, "geometry": {"type": "Polygon", "coordinates": [[[-76.44, 3.355], [-76.435, 3.355], [-76.435, 3.36], [-76.44, 3.36], [-76.44, 3.355]]]}}, {"type": "Feature", "properties": {"value": 6.5071, "sigma": 8.6005}, "geometry": {"type": "Polygon", "coordinates": [[[-76.435, 3.355], [-76.43, 3.355], [-76.43, 3.36], [-76.435, 3.36], [-76.435, 3.355]]]}}, {"type": "Feature", "properties": {"value": 6.5071, "sigma": 8.6005}, "geometry": {"type": "Polygon", "coordinates": [[[-76.43, 3.355], [-76.425, 3.355], [-76.425, 3.36], [-76.43, 3.36], [-76.43, 3.355]]]}}, {"type": "Feature", "properties": {"value": 6.5071, "sigma": 8.6005}, "geometry": {"type": "Polygon", "coordinates": [[[-76.425, 3.355], [-76.42, 3.355], [-76.42, 3.36], [-76.425, 3.36], [-76.425, 3.355]]]}}, {"type": "Feature", "properties": {"value": 6.5071, "sigma": 8.6005}, "geometry": {"type": "Polygon", "coordinates": [[[-76.42, 3.355], [-76.415, 3.355], [-76.415, 3.36], [-76.42, 3.36], [-76.42, 3.355]]]}}, {"type": "Feature", "properties": {"value": 6.5071, "sigma": 8.6005}, "geometry": {"type": "Polygon", "coordinates": [[[-76.415, 3.355], [-76.41, 3.355], [-76.41, 3.36], [-76.415, 3.36], [-76.415, 3.355]]]}}, {"type": "Feature", "properties": {"value": 6.5071, "sigma": 8.6005}, "geometry": {"type": "Polygon", "coordinates": [[[-76.41, 3.355], [-76.405, 3.355], [-76.405, 3.36], [-76.41, 3.36], [-76.41, 3.355]]]}}, {"type": "Feature", "properties": {"value": 6.5071, "sigma": 8.6005}, "geometry": {"type": "Polygon", "coordinates": [[[-76.405, 3.355], [-76.4, 3.355], [-76.4, 3.36], [-76.405, 3.36], [-76.405, 3.355]]]}}, {"type": "Feature", "properties": {"value": 6.5071, "sigma": 8.6005}, "geometry": {"type": "Polygon", "coordinates": [[[-76.6, 3.36], [-76.595, 3.36], [-76.595, 3.365], [-76.6, 3.365], [-76.6, 3.36]]]}}, {"type": "Feature", "properties": {"value": 6.5071, "sigma": 8.6005}, "geometry": {"type": "Polygon", "coordinates": [[[-76.595, 3.36], [-76.59, 3.36], [-76.59, 3.365], [-76.595, 3.365], [-76.595, 3.36]]]}}, {"type": "Feature", "properties": {"value": 6.5071, "sigma": 8.6005}, "geometry": {"type": "Polygon", "coordinates": [[[-76.59, 3.36], [-76.585, 3.36], [-76.585, 3.365], [-76.59, 3.365], [-76.59, 3.36]]]}}, {"type": "Feature", "properties": {"value": 6.5071, "sigma": 8.6005}, "geometry": {"type": "Polygon", "coordinates": [[[-76.585, 3.36], [-76.58, 3.36], [-76.58, 3.365], [-76.585, 3.365], [-76.585, 3.36]]]}}, {"type": "Feature", "properties": {"value": 6.5071, "sigma": 8.6005}, "geometry": {"type": "Polygon", "coordinates": [[[-76.58, 3.36], [-76.575, 3.36], [-76.575, 3.365], [-76.58, 3.365], [-76.58, 3.36]]]}}, {"type": "Feature", "properties": {"value": 6.5071, "sigma": 8.6005}, "geometry": {"type": "Polygon", "coordinates": [[[-76.575, 3.36], [-76.57, 3.36], [-76.57, 3.365], [-76.575, 3.365], [-76.575, 3.36]]]}}, {"type": "Feature", "properties": {"value": 6.5071, "sigma": 8.6005}, "geometry": {"type": "Polygon", "coordinates": [[[-76.57, 3.36], [-76.565, 3.36], [-76.565, 3.365], [-76.57, 3.365], [-76.57, 3.36]]]}}, {"type": "Feature", "properties": {"value": 6.5071, "sigma": 8.6005}, "geometry": {"type": "Polygon", "coordinates": [[[-76.565, 3.36], [-76.56, 3.36], [-76.56, 3.365], [-76.565, 3.365], [-76.565, 3.36]]]}}, {"type": "Feature", "properties": {"value": 6.5071, "sigma": 8.6005}, "geometry": {"type": "Polygon", "coordinates": [[[-76.56, 3.36], [-76.555, 3.36], [-76.555, 3.365], [-76.56, 3.365], [-76.56, 3.36]]]}}, {"type": "Feature", "properties": {"value": 6.5071, "sigma": 8.6005}, "geometry": {"type": "Polygon", "coordinates": [[[-76.555, 3.36], [-76.55, 3.36], [-76.55, 3.365], [-76.555, 3.365], [-76.555, 3.36]]]}}, {"type": "Feature", "properties": {"value": 6.5071, "sigma": 8.6005}, "geometry": {"type": "Polygon", "coordinates": [[[-76.55, 3.36], [-76.545, 3.36], [-76.545, 3.365], [-76.55, 3.365], [-76.55, 3.36]]]}}, {"type": "Feature", "properties": {"value": 6.5071, "sigma": 8.6005}, "geometry": {"type": "Polygon", "coordinates": [[[-76.545, 3.36], [-76.54, 3.36], [-76.54, 3.365], [-76.545, 3.365], [-76.545, 3.36]]]}}, {"type": "Feature", "properties": {"value": 6.5071, "sigma": 8.6005}, "geometry": {"type": "Polygon", "coordinates": [[[-76.54, 3.36], [-76.535, 3.36], [-76.535, 3.365], [-76.54, 3.365], [-76.54, 3.36]]]}}, {"type": "Feature", "properties": {"value": 6.5071, "sigma": 8.6005}, "geometry": {"type": "Polygon", "coordinates": [[[-76.535, 3.36], [-76.53, 3.36], [-76.53, 3.365], [-76.535, 3.365], [-76.535, 3.36]]]}}, {"type": "Feature", "properties": {"value": 6.5071, "sigma": 8.6005}, "geometry": {"type": "Polygon", "coordinates": [[[-76.53, 3.36], [-76.525, 3.36], [-76.525, 3.365], [-76.53, 3.365], [-76.53, 3.36]]]}}, {"type": "Feature", "properties": {"value": 6.5071, "sigma": 8.6005}, "geometry": {"type": "Polygon", "coordinates": [[[-76.525, 3.36], [-76.52, 3.36], [-76.52, 3.365], [-76.525, 3.365], [-76.525, 3.36]]]}}, {"type": "Feature", "properties": {"value": 6.5071, "sigma": 8.6005}, "geometry": {"type": "Polygon", "coordinates": [[[-76.52, 3.36], [-76.515, 3.36], [-76.515, 3.365], [-76.52, 3.365], [-76.52, 3.36]]]}}, {"type": "Feature", "properties": {"value": 6.5071, "sigma": 8.6005}, "geometry": {"type": "Polygon", "coordinates": [[[-76.515, 3.36], [-76.51, 3.36], [-76.51, 3.365], [-76.515, 3.365], [-76.515, 3.36]]]}}, {"type": "Feature", "properties": {"value": 6.5071, "sigma": 8.6005}, "geometry": {"type": "Polygon", "coordinates": [[[-76.51, 3.36], [-76.505, 3.36], [-76.505, 3.365], [-76.51, 3.365], [-76.51, 3.36]]]}}, {"type": "Feature", "properties": {"value": 6.5071, "sigma": 8.6005}, "geometry": {"type": "Polygon", "coordinates": [[[-76.505, 3.36], [-76.5, 3.36], [-76.5, 3.365], [-76.505, 3.365], [-76.505, 3.36]]]}}, {"type": "Feature", "properties": {"value": 6.5071, "sigma": 8.6005}, "geometry": {"type": "Polygon", "coordinates": [[[-76.5, 3.36], [-76.495, 3.36], [-76.495, 3.365], [-76.5, 3.365], [-76.5, 3.36]]]}}, {"type": "Feature", "properties": {"value": 6.5071, "sigma": 8.6005}, "geometry": {"type": "Polygon", "coordinates": [[[-76.495, 3.36], [-76.49, 3.36], [-76.49, 3.365], [-76.495, 3.365], [-76.495, 3.36]]]}}, {"type": "Feature", "properties": {"value": 6.5071, "sigma": 8.6005}, "geometry": {"type": "Polygon", "coordinates": [[[-76.49, 3.36], [-76.485, 3.36], [-76.485, 3.365], [-76.49, 3.365], [-76.49, 3.36]]]}}, {"type": "Feature", "properties": {"value": 6.5071, "sigma": 8.6005}, "geometry": {"type": "Polygon", "coordinates": [[[-76.485, 3.36], [-76.48, 3.36], [-76.48, 3.365], [-76.485, 3.365], [-76.485, 3.36]]]}}, {"type": "Feature", "properties": {"value": 6.5071, "sigma": 8.6005}, "geometry": {"type": "Polygon", "coordinates": [[[-76.48, 3.36], [-76.475, 3.36], [-76.475, 3.365], [-76.48, 3.365], [-76.48, 3.36]]]}}, {"type": "Feature", "properties": {"value": 6.5071, "sigma": 8.6005}, "geometry": {"type": "Polygon", "coordinates": [[[-76.475, 3.36], [-76.47, 3.36], [-76.47, 3.365], [-76.475, 3.365], [-76.475, 3.36]]]}}, {"type": "Feature", "properties": {"value": 6.5071, "sigma": 8.6005}, "geometry": {"type": "Polygon", "coordinates": [[[-76.47, 3.36], [-76.465, 3.36], [-76.465, 3.365], [-76.47, 3.365], [-76.47, 3.36]]]}}, {"type": "Feature", "properties": {"value": 6.5071, "sigma": 8.6005}, "geometry": {"type": "Polygon", "coordinates": [[[-76.465, 3.36], [-76.46, 3.36], [-76.46, 3.365], [-76.465, 3.365], [-76.465, 3.36]]]}}, {"type": "Feature", "properties": {"value": 6.5071, "sigma": 8.6005}, "geometry": {"type": "Polygon", "coordinates": [[[-76.46, 3.36], [-76.455, 3.36], [-76.455, 3.365], [-76.46, 3.365], [-76.46, 3.36]]]}}, {"type": "Feature", "properties": {"value": 6.5071, "sigma": 8.6005}, "geometry": {"type": "Polygon", "coordinates": [[[-76.455, 3.36], [-76.45, 3.36], [-76.45, 3.365], [-76.455, 3.365], [-76.455, 3.36]]]}}, {"type": "Feature", "properties": {"value": 6.5071, "sigma": 8.6005}, "geometry": {"type": "Polygon", "coordinates": [[[-76.45, 3.36], [-76.445, 3.36], [-76.445, 3.365], [-76.45, 3.365], [-76.45, 3.36]]]}}, {"type": "Feature", "properties": {"value": 6.5071, "sigma": 8.6005}, "geometry": {"type": "Polygon", "coordinates": [[[-76.445, 3.36], [-76.44, 3.36], [-76.44, 3.365], [-76.445, 3.365], [-76.445, 3.36]]]}}, {"type": "Feature", "properties": {"value": 6.5071, "sigma": 8.6005}, "geometry": {"type": "Polygon", "coordinates": [[[-76.44, 3.36], [-76.435, 3.36], [-76.435, 3.365], [-76.44, 3.365], [-76.44, 3.36]]]}}, {"type": "Feature", "properties": {"value": 6.5071, "sigma": 8.6005}, "geometry": {"type": "Polygon", "coordinates": [[[-76.435, 3.36], [-76.43, 3.36], [-76.43, 3.365], [-76.435, 3.365], [-76.435, 3.36]]]}}, {"type": "Feature", "properties": {"value": 6.5071, "sigma": 8.6005}, "geometry": {"type": "Polygon", "coordinates": [[[-76.43, 3.36], [-76.425, 3.36], [-76.425, 3.365], [-76.43, 3.365], [-76.43, 3.36]]]}}, {"type": "Feature", "properties": {"value": 6.5071, "sigma": 8.6005}, "geometry": {"type": "Polygon", "coordinates": [[[-76.425, 3.36], [-76.42, 3.36], [-76.42, 3.365], [-76.425, 3.365], [-76.425, 3.36]]]}}, {"type": "Feature", "properties": {"value": 6.5071, "sigma": 8.6005}, "geometry": {"type": "Polygon", "coordinates": [[[-76.42, 3.36], [-76.415, 3.36], [-76.415, 3.365], [-76.42, 3.365], [-76.42, 3.36]]]}}, {"type": "Feature", "properties": {"value": 6.5071, "sigma": 8.6005}, "geometry": {"type": "Polygon", "coordinates": [[[-76.415, 3.36], [-76.41, 3.36], [-76.41, 3.365], [-76.415, 3.365], [-76.415, 3.36]]]}}, {"type": "Feature", "properties": {"value": 6.5071, "sigma": 8.6005}, "geometry": {"type": "Polygon", "coordinates": [[[-76.41, 3.36], [-76.405, 3.36], [-76.405, 3.365], [-76.41, 3.365], [-76.41, 3.36]]]}}, {"type": "Feature", "properties": {"value": 6.5071, "sigma": 8.6005}, "geometry": {"type": "Polygon", "coordinates": [[[-76.405, 3.36], [-76.4, 3.36], [-76.4, 3.365], [-76.405, 3.365], [-76.405, 3.36]]]}}, {"type": "Feature", "properties": {"value": 6.5071, "sigma": 8.6005}, "geometry": {"type": "Polygon", "coordinates": [[[-76.6, 3.365], [-76.595, 3.365], [-76.595, 3.37], [-76.6, 3.37], [-76.6, 3.365]]]}}, {"type": "Feature", "properties": {"value": 6.5071, "sigma": 8.6005}, "geometry": {"type": "Polygon", "coordinates": [[[-76.595, 3.365], [-76.59, 3.365], [-76.59, 3.37], [-76.595, 3.37], [-76.595, 3.365]]]}}, {"type": "Feature", "properties": {"value": 6.5071, "sigma": 8.6005}, "geometry": {"type": "Polygon", "coordinates": [[[-76.59, 3.365], [-76.585, 3.365], [-76.585, 3.37], [-76.59, 3.37], [-76.59, 3.365]]]}}, {"type": "Feature", "properties": {"value": 6.5071, "sigma": 8.6005}, "geometry": {"type": "Polygon", "coordinates": [[[-76.585, 3.365], [-76.58, 3.365], [-76.58, 3.37], [-76.585, 3.37], [-76.585, 3.365]]]}}, {"type": "Feature", "properties": {"value": 6.5071, "sigma": 8.6005}, "geometry": {"type": "Polygon", "coordinates": [[[-76.58, 3.365], [-76.575, 3.365], [-76.575, 3.37], [-76.58, 3.37], [-76.58, 3.365]]]}}, {"type": "Feature", "properties": {"value": 6.5071, "sigma": 8.6005}, "geometry": {"type": "Polygon", "coordinates": [[[-76.575, 3.365], [-76.57, 3.365], [-76.57, 3.37], [-76.575, 3.37], [-76.575, 3.365]]]}}, {"type": "Feature", "properties": {"value": 6.5071, "sigma": 8.6005}, "geometry": {"type": "Polygon", "coordinates": [[[-76.57, 3.365], [-76.565, 3.365], [-76.565, 3.37], [-76.57, 3.37], [-76.57, 3.365]]]}}, {"type": "Feature", "properties": {"value": 6.5071, "sigma": 8.6005}, "geometry": {"type": "Polygon", "coordinates": [[[-76.565, 3.365], [-76.56, 3.365], [-76.56, 3.37], [-76.565, 3.37], [-76.565, 3.365]]]}}, {"type": "Feature", "properties": {"value": 6.5071, "sigma": 8.6005}, "geometry": {"type": "Polygon", "coordinates": [[[-76.56, 3.365], [-76.555, 3.365], [-76.555, 3.37], [-76.56, 3.37], [-76.56, 3.365]]]}}, {"type": "Feature", "properties": {"value": 6.5068, "sigma": 8.6005}, "geometry": {"type": "Polygon", "coordinates": [[[-76.555, 3.365], [-76.55, 3.365], [-76.55, 3.37], [-76.555, 3.37], [-76.555, 3.365]]]}}, {"type": "Feature", "properties": {"value": 6.5067, "sigma": 8.6005}, "geometry": {"type": "Polygon", "coordinates": [[[-76.55, 3.365], [-76.545, 3.365], [-76.545, 3.37], [-76.55, 3.37], [-76.55, 3.365]]]}}, {"type": "Feature", "properties": {"value": 6.5071, "sigma": 8.6005}, "geometry": {"type": "Polygon", "coordinates": [[[-76.545, 3.365], [-76.54, 3.365], [-76.54, 3.37], [-76.545, 3.37], [-76.545, 3.365]]]}}, {"type": "Feature", "properties": {"value": 6.5071, "sigma": 8.6005}, "geometry": {"type": "Polygon", "coordinates": [[[-76.54, 3.365], [-76.535, 3.365], [-76.535, 3.37], [-76.54, 3.37], [-76.54, 3.365]]]}}, {"type": "Feature", "properties": {"value": 6.5071, "sigma": 8.6005}, "geometry": {"type": "Polygon", "coordinates": [[[-76.535, 3.365], [-76.53, 3.365], [-76.53, 3.37], [-76.535, 3.37], [-76.535, 3.365]]]}}, {"type": "Feature", "properties": {"value": 6.5071, "sigma": 8.6005}, "geometry": {"type": "Polygon", "coordinates": [[[-76.53, 3.365], [-76.525, 3.365], [-76.525, 3.37], [-76.53, 3.37], [-76.53, 3.365]]]}}, {"type": "Feature", "properties": {"value": 6.5071, "sigma": 8.6005}, "geometry": {"type": "Polygon", "coordinates": [[[-76.525, 3.365], [-76.52, 3.365], [-76.52, 3.37], [-76.525, 3.37], [-76.525, 3.365]]]}}, {"type": "Feature", "properties": {"value": 6.5071, "sigma": 8.6005}, "geometry": {"type": "Polygon", "coordinates": [[[-76.52, 3.365], [-76.515, 3.365], [-76.515, 3.37], [-76.52, 3.37], [-76.52, 3.365]]]}}, {"type": "Feature", "properties": {"value": 6.5071, "sigma": 8.6005}, "geometry": {"type": "Polygon", "coordinates": [[[-76.515, 3.365], [-76.51, 3.365], [-76.51, 3.37], [-76.515, 3.37], [-76.515, 3.365]]]}}, {"type": "Feature", "properties": {"value": 6.5071, "sigma": 8.6005}, "geometry": {"type": "Polygon", "coordinates": [[[-76.51, 3.365], [-76.505, 3.365], [-76.505, 3.37], [-76.51, 3.37], [-76.51, 3.365]]]}}, {"type": "Feature", "properties": {"value": 6.5071, "sigma": 8.6005}, "geometry": {"type": "Polygon", "coordinates": [[[-76.505, 3.365], [-76.5, 3.365], [-76.5, 3.37], [-76.505, 3.37], [-76.505, 3.365]]]}}, {"type": "Feature", "properties": {"value": 6.5071, "sigma": 8.6005}, "geometry": {"type": "Polygon", "coordinates": [[[-76.5, 3.365], [-76.495, 3.365], [-76.495, 3.37], [-76.5, 3.37], [-76.5, 3.365]]]}}, {"type": "Feature", "properties": {"value": 6.5071, "sigma": 8.6005}, "geometry": {"type": "Polygon", "coordinates": [[[-76.495, 3.365], [-76.49, 3.365], [-76.49, 3.37], [-76.495, 3.37], [-76.495, 3.365]]]}}, {"type": "Feature", "properties": {"value": 6.5071, "sigma": 8.6005}, "geometry": {"type": "Polygon", "coordinates": [[[-76.49, 3.365], [-76.485, 3.365], [-76.485, 3.37], [-76.49, 3.37], [-76.49, 3.365]]]}}, {"type": "Feature", "properties": {"value": 6.5071, "sigma": 8.6005}, "geometry": {"type": "Polygon", "coordinates": [[[-76.485, 3.365], [-76.48, 3.365], [-76.48, 3.37], [-76.485, 3.37], [-76.485, 3.365]]]}}, {"type": "Feature", "properties": {"value": 6.5071, "sigma": 8.6005}, "geometry": {"type": "Polygon", "coordinates": [[[-76.48, 3.365], [-76.475, 3.365], [-76.475, 3.37], [-76.48, 3.37], [-76.48, 3.365]]]}}, {"type": "Feature", "properties": {"value": 6.5071, "sigma": 8.6005}, "geometry": {"type": "Polygon", "coordinates": [[[-76.475, 3.365], [-76.47, 3.365], [-76.47, 3.37], [-76.475, 3.37], [-76.475, 3.365]]]}}, {"type": "Feature", "properties": {"value": 6.5071, "sigma": 8.6005}, "geometry": {"type": "Polygon", "coordinates": [[[-76.47, 3.365], [-76.465, 3.365], [-76.465, 3.37], [-76.47, 3.37], [-76.47, 3.365]]]}}, {"type": "Feature", "properties": {"value": 6.5071, "sigma": 8.6005}, "geometry": {"type": "Polygon", "coordinates": [[[-76.465, 3.365], [-76.46, 3.365], [-76.46, 3.37], [-76.465, 3.37], [-76.465, 3.365]]]}}, {"type": "Feature", "properties": {"value": 6.5071, "sigma": 8.6005}, "geometry": {"type": "Polygon", "coordinates": [[[-76.46, 3.365], [-76.455, 3.365], [-76.455, 3.37], [-76.46, 3.37], [-76.46, 3.365]]]}}, {"type": "Feature", "properties": {"value": 6.5071, "sigma": 8.6005}, "geometry": {"type": "Polygon", "coordinates": [[[-76.455, 3.365], [-76.45, 3.365], [-76.45, 3.37], [-76.455, 3.37], [-76.455, 3.365]]]}}, {"type": "Feature", "properties": {"value": 6.5071, "sigma": 8.6005}, "geometry": {"type": "Polygon", "coordinates": [[[-76.45, 3.365], [-76.445, 3.365], [-76.445, 3.37], [-76.45, 3.37], [-76.45, 3.365]]]}}, {"type": "Feature", "properties": {"value": 6.5071, "sigma": 8.6005}, "geometry": {"type": "Polygon", "coordinates": [[[-76.445, 3.365], [-76.44, 3.365], [-76.44, 3.37], [-76.445, 3.37], [-76.445, 3.365]]]}}, {"type": "Feature", "properties": {"value": 6.5071, "sigma": 8.6005}, "geometry": {"type": "Polygon", "coordinates": [[[-76.44, 3.365], [-76.435, 3.365], [-76.435, 3.37], [-76.44, 3.37], [-76.44, 3.365]]]}}, {"type": "Feature", "properties": {"value": 6.5071, "sigma": 8.6005}, "geometry": {"type": "Polygon", "coordinates": [[[-76.435, 3.365], [-76.43, 3.365], [-76.43, 3.37], [-76.435, 3.37], [-76.435, 3.365]]]}}, {"type": "Feature", "properties": {"value": 6.5071, "sigma": 8.6005}, "geometry": {"type": "Polygon", "coordinates": [[[-76.43, 3.365], [-76.425, 3.365], [-76.425, 3.37], [-76.43, 3.37], [-76.43, 3.365]]]}}, {"type": "Feature", "properties": {"value": 6.5071, "sigma": 8.6005}, "geometry": {"type": "Polygon", "coordinates": [[[-76.425, 3.365], [-76.42, 3.365], [-76.42, 3.37], [-76.425, 3.37], [-76.425, 3.365]]]}}, {"type": "Feature", "properties": {"value": 6.5071, "sigma": 8.6005}, "geometry": {"type": "Polygon", "coordinates": [[[-76.42, 3.365], [-76.415, 3.365], [-76.415, 3.37], [-76.42, 3.37], [-76.42, 3.365]]]}}, {"type": "Feature", "properties": {"value": 6.5071, "sigma": 8.6005}, "geometry": {"type": "Polygon", "coordinates": [[[-76.415, 3.365], [-76.41, 3.365], [-76.41, 3.37], [-76.415, 3.37], [-76.415, 3.365]]]}}, {"type": "Feature", "properties": {"value": 6.5071, "sigma": 8.6005}, "geometry": {"type": "Polygon", "coordinates": [[[-76.41, 3.365], [-76.405, 3.365], [-76.405, 3.37], [-76.41, 3.37], [-76.41, 3.365]]]}}, {"type": "Feature", "properties": {"value": 6.5071, "sigma": 8.6005}, "geometry": {"type": "Polygon", "coordinates": [[[-76.405, 3.365], [-76.4, 3.365], [-76.4, 3.37], [-76.405, 3.37], [-76.405, 3.365]]]}}, {"type": "Feature", "properties": {"value": 6.5071, "sigma": 8.6005}, "geometry": {"type": "Polygon", "coordinates": [[[-76.6, 3.37], [-76.595, 3.37], [-76.595, 3.375], [-76.6, 3.375], [-76.6, 3.37]]]}}, {"type": "Feature", "properties": {"value": 6.5071, "sigma": 8.6005}, "geometry": {"type": "Polygon", "coordinates": [[[-76.595, 3.37], [-76.59, 3.37], [-76.59, 3.375], [-76.595, 3.375], [-76.595, 3.37]]]}}, {"type": "Feature", "properties": {"value": 6.5071, "sigma": 8.6005}, "geometry": {"type": "Polygon", "coordinates": [[[-76.59, 3.37], [-76.585, 3.37], [-76.585, 3.375], [-76.59, 3.375], [-76.59, 3.37]]]}}, {"type": "Feature", "properties": {"value": 6.5071, "sigma": 8.6005}, "geometry": {"type": "Polygon", "coordinates": [[[-76.585, 3.37], [-76.58, 3.37], [-76.58, 3.375], [-76.585, 3.375], [-76.585, 3.37]]]}}, {"type": "Feature", "properties": {"value": 6.5071, "sigma": 8.6005}, "geometry": {"type": "Polygon", "coordinates": [[[-76.58, 3.37], [-76.575, 3.37], [-76.575, 3.375], [-76.58, 3.375], [-76.58, 3.37]]]}}, {"type": "Feature", "properties": {"value": 6.5071, "sigma": 8.6005}, "geometry": {"type": "Polygon", "coordinates": [[[-76.575, 3.37], [-76.57, 3.37], [-76.57, 3.375], [-76.575, 3.375], [-76.575, 3.37]]]}}, {"type": "Feature", "properties": {"value": 6.499, "sigma": 8.5998}, "geometry": {"type": "Polygon", "coordinates": [[[-76.57, 3.37], [-76.565, 3.37], [-76.565, 3.375], [-76.57, 3.375], [-76.57, 3.37]]]}}, {"type": "Feature", "properties": {"value": 6.4783, "sigma": 8.5979}, "geometry": {"type": "Polygon", "coordinates": [[[-76.565, 3.37], [-76.56, 3.37], [-76.56, 3.375], [-76.565, 3.375], [-76.565, 3.37]]]}}, {"type": "Feature", "properties": {"value": 6.4568, "sigma": 8.5959}, "geometry": {"type": "Polygon", "coordinates": [[[-76.56, 3.37], [-76.555, 3.37], [-76.555, 3.375], [-76.56, 3.375], [-76.56, 3.37]]]}}, {"type": "Feature", "properties": {"value": 6.443, "sigma": 8.5946}, "geometry": {"type": "Polygon", "coordinates": [[[-76.555, 3.37], [-76.55, 3.37], [-76.55, 3.375], [-76.555, 3.375], [-76.555, 3.37]]]}}, {"type": "Feature", "properties": {"value": 6.4419, "sigma": 8.5945}, "geometry": {"type": "Polygon", "coordinates": [[[-76.55, 3.37], [-76.545, 3.37], [-76.545, 3.375], [-76.55, 3.375], [-76.55, 3.37]]]}}, {"type": "Feature", "properties": {"value": 6.454, "sigma": 8.5957}, "geometry": {"type": "Polygon", "coordinates": [[[-76.545, 3.37], [-76.54, 3.37], [-76.54, 3.375], [-76.545, 3.375], [-76.545, 3.37]]]}}, {"type": "Feature", "properties": {"value": 6.4748, "sigma": 8.5976}, "geometry": {"type": "Polygon", "coordinates": [[[-76.54, 3.37], [-76.535, 3.37], [-76.535, 3.375], [-76.54, 3.375], [-76.54, 3.37]]]}}, {"type": "Feature", "properties": {"value": 6.4963, "sigma": 8.5995}, "geometry": {"type": "Polygon", "coordinates": [[[-76.535, 3.37], [-76.53, 3.37], [-76.53, 3.375], [-76.535, 3.375], [-76.535, 3.37]]]}}, {"type": "Feature", "properties": {"value": 6.5071, "sigma": 8.6005}, "geometry": {"type": "Polygon", "coordinates": [[[-76.53, 3.37], [-76.525, 3.37], [-76.525, 3.375], [-76.53, 3.375], [-76.53, 3.37]]]}}, {"type": "Feature", "properties": {"value": 6.5071, "sigma": 8.6005}, "geometry": {"type": "Polygon", "coordinates": [[[-76.525, 3.37], [-76.52, 3.37], [-76.52, 3.375], [-76.525, 3.375], [-76.525, 3.37]]]}}, {"type": "Feature", "properties": {"value": 6.5071, "sigma": 8.6005}, "geometry": {"type": "Polygon", "coordinates": [[[-76.52, 3.37], [-76.515, 3.37], [-76.515, 3.375], [-76.52, 3.375], [-76.52, 3.37]]]}}, {"type": "Feature", "properties": {"value": 6.507, "sigma": 8.6005}, "geometry": {"type": "Polygon", "coordinates": [[[-76.515, 3.37], [-76.51, 3.37], [-76.51, 3.375], [-76.515, 3.375], [-76.515, 3.37]]]}}, {"type": "Feature", "properties": {"value": 6.5044, "sigma": 8.5997}, "geometry": {"type": "Polygon", "coordinates": [[[-76.51, 3.37], [-76.505, 3.37], [-76.505, 3.375], [-76.51, 3.375], [-76.51, 3.37]]]}}, {"type": "Feature", "properties": {"value": 6.5007, "sigma": 8.5986}, "geometry": {"type": "Polygon", "coordinates": [[[-76.505, 3.37], [-76.5, 3.37], [-76.5, 3.375], [-76.505, 3.375], [-76.505, 3.37]]]}}, {"type": "Feature", "properties": {"value": 6.4982, "sigma": 8.5978}, "geometry": {"type": "Polygon", "coordinates": [[[-76.5, 3.37], [-76.495, 3.37], [-76.495, 3.375], [-76.5, 3.375], [-76.5, 3.37]]]}}, {"type": "Feature", "properties": {"value": 6.4982, "sigma": 8.5978}, "geometry": {"type": "Polygon", "coordinates": [[[-76.495, 3.37], [-76.49, 3.37], [-76.49, 3.375], [-76.495, 3.375], [-76.495, 3.37]]]}}, {"type": "Feature", "properties": {"value": 6.5006, "sigma": 8.5985}, "geometry": {"type": "Polygon", "coordinates": [[[-76.49, 3.37], [-76.485, 3.37], [-76.485, 3.375], [-76.49, 3.375], [-76.49, 3.37]]]}}, {"type": "Feature", "properties": {"value": 6.5043, "sigma": 8.5997}, "geometry": {"type": "Polygon", "coordinates": [[[-76.485, 3.37], [-76.48, 3.37], [-76.48, 3.375], [-76.485, 3.375], [-76.485, 3.37]]]}}, {"type": "Feature", "properties": {"value": 6.5069, "sigma": 8.6005}, "geometry": {"type": "Polygon", "coordinates": [[[-76.48, 3.37], [-76.475, 3.37], [-76.475, 3.375], [-76.48, 3.375], [-76.48, 3.37]]]}}, {"type": "Feature", "properties": {"value": 6.5071, "sigma": 8.6005}, "geometry": {"type": "Polygon", "coordinates": [[[-76.475, 3.37], [-76.47, 3.37], [-76.47, 3.375], [-76.475, 3.375], [-76.475, 3.37]]]}}, {"type": "Feature", "properties": {"value": 6.5071, "sigma": 8.6005}, "geometry": {"type": "Polygon", "coordinates": [[[-76.47, 3.37], [-76.465, 3.37], [-76.465, 3.375], [-76.47, 3.375], [-76.47, 3.37]]]}}, {"type": "Feature", "properties": {"value": 6.5071, "sigma": 8.6005}, "geometry": {"type": "Polygon", "coordinates": [[[-76.465, 3.37], [-76.46, 3.37], [-76.46, 3.375], [-76.465, 3.375], [-76.465, 3.37]]]}}, {"type": "Feature", "properties": {"value": 6.5071, "sigma": 8.6005}, "geometry": {"type": "Polygon", "coordinates": [[[-76.46, 3.37], [-76.455, 3.37], [-76.455, 3.375], [-76.46, 3.375], [-76.46, 3.37]]]}}, {"type": "Feature", "properties": {"value": 6.5071, "sigma": 8.6005}, "geometry": {"type": "Polygon", "coordinates": [[[-76.455, 3.37], [-76.45, 3.37], [-76.45, 3.375], [-76.455, 3.375], [-76.455, 3.37]]]}}, {"type": "Feature", "properties": {"value": 6.5071, "sigma": 8.6005}, "geometry": {"type": "Polygon", "coordinates": [[[-76.45, 3.37], [-76.445, 3.37], [-76.445, 3.375], [-76.45, 3.375], [-76.45, 3.37]]]}}, {"type": "Feature", "properties": {"value": 6.5071, "sigma": 8.6005}, "geometry": {"type": "Polygon", "coordinates": [[[-76.445, 3.37], [-76.44, 3.37], [-76.44, 3.375], [-76.445, 3.375], [-76.445, 3.37]]]}}, {"type": "Feature", "properties": {"value": 6.5071, "sigma": 8.6005}, "geometry": {"type": "Polygon", "coordinates": [[[-76.44, 3.37], [-76.435, 3.37], [-76.435, 3.375], [-76.44, 3.375], [-76.44, 3.37]]]}}, {"type": "Feature", "properties": {"value": 6.5071, "sigma": 8.6005}, "geometry": {"type": "Polygon", "coordinates": [[[-76.435, 3.37], [-76.43, 3.37], [-76.43, 3.375], [-76.435, 3.375], [-76.435, 3.37]]]}}, {"type": "Feature", "properties": {"value": 6.5071, "sigma": 8.6005}, "geometry": {"type": "Polygon", "coordinates": [[[-76.43, 3.37], [-76.425, 3.37], [-76.425, 3.375], [-76.43, 3.375], [-76.43, 3.37]]]}}, {"type": "Feature", "properties": {"value": 6.5071, "sigma": 8.6005}, "geometry": {"type": "Polygon", "coordinates": [[[-76.425, 3.37], [-76.42, 3.37], [-76.42, 3.375], [-76.425, 3.375], [-76.425, 3.37]]]}}, {"type": "Feature", "properties": {"value": 6.5071, "sigma": 8.6005}, "geometry": {"type": "Polygon", "coordinates": [[[-76.42, 3.37], [-76.415, 3.37], [-76.415, 3.375], [-76.42, 3.375], [-76.42, 3.37]]]}}, {"type": "Feature", "properties": {"value": 6.5071, "sigma": 8.6005}, "geometry": {"type": "Polygon", "coordinates": [[[-76.415, 3.37], [-76.41, 3.37], [-76.41, 3.375], [-76.415, 3.375], [-76.415, 3.37]]]}}, {"type": "Feature", "properties": {"value": 6.5071, "sigma": 8.6005}, "geometry": {"type": "Polygon", "coordinates": [[[-76.41, 3.37], [-76.405, 3.37], [-76.405, 3.375], [-76.41, 3.375], [-76.41, 3.37]]]}}, {"type": "Feature", "properties": {"value": 6.5071, "sigma": 8.6005}, "geometry": {"type": "Polygon", "coordinates": [[[-76.405, 3.37], [-76.4, 3.37], [-76.4, 3.375], [-76.405, 3.375], [-76.405, 3.37]]]}}, {"type": "Feature", "properties": {"value": 6.5071, "sigma": 8.6005}, "geometry": {"type": "Polygon", "coordinates": [[[-76.6, 3.375], [-76.595, 3.375], [-76.595, 3.38], [-76.6, 3.38], [-76.6, 3.375]]]}}, {"type": "Feature", "properties": {"value": 6.5071, "sigma": 8.6005}, "geometry": {"type": "Polygon", "coordinates": [[[-76.595, 3.375], [-76.59, 3.375], [-76.59, 3.38], [-76.595, 3.38], [-76.595, 3.375]]]}}, {"type": "Feature", "properties": {"value": 6.5071, "sigma": 8.6005}, "geometry": {"type": "Polygon", "coordinates": [[[-76.59, 3.375], [-76.585, 3.375], [-76.585, 3.38], [-76.59, 3.38], [-76.59, 3.375]]]}}, {"type": "Feature", "properties": {"value": 6.5071, "sigma": 8.6005}, "geometry": {"type": "Polygon", "coordinates": [[[-76.585, 3.375], [-76.58, 3.375], [-76.58, 3.38], [-76.585, 3.38], [-76.585, 3.375]]]}}, {"type": "Feature", "properties": {"value": 6.503, "sigma": 8.6001}, "geometry": {"type": "Polygon", "coordinates": [[[-76.58, 3.375], [-76.575, 3.375], [-76.575, 3.38], [-76.58, 3.38], [-76.58, 3.375]]]}}, {"type": "Feature", "properties": {"value": 6.4691, "sigma": 8.5971}, "geometry": {"type": "Polygon", "coordinates": [[[-76.575, 3.375], [-76.57, 3.375], [-76.57, 3.38], [-76.575, 3.38], [-76.575, 3.375]]]}}, {"type": "Feature", "properties": {"value": 6.4144, "sigma": 8.5919}, "geometry": {"type": "Polygon", "coordinates": [[[-76.57, 3.375], [-76.565, 3.375], [-76.565, 3.38], [-76.57, 3.38], [-76.57, 3.375]]]}}, {"type": "Feature", "properties": {"value": 6.3549, "sigma": 8.5861}, "geometry": {"type": "Polygon", "coordinates": [[[-76.565, 3.375], [-76.56, 3.375], [-76.56, 3.38], [-76.565, 3.38], [-76.565, 3.375]]]}}, {"type": "Feature", "properties": {"value": 6.3051, "sigma": 8.581}, "geometry": {"type": "Polygon", "coordinates": [[[-76.56, 3.375], [-76.555, 3.375], [-76.555, 3.38], [-76.56, 3.38], [-76.56, 3.375]]]}}, {"type": "Feature", "properties": {"value": 6.276, "sigma": 8.5779}, "geometry": {"type": "Polygon", "coordinates": [[[-76.555, 3.375], [-76.55, 3.375], [-76.55, 3.38], [-76.555, 3.38], [-76.555, 3.375]]]}}, {"type": "Feature", "properties": {"value": 6.2738, "sigma": 8.5777}, "geometry": {"type": "Polygon", "coordinates": [[[-76.55, 3.375], [-76.545, 3.375], [-76.545, 3.38], [-76.55, 3.38], [-76.55, 3.375]]]}}, {"type": "Feature", "properties": {"value": 6.2991, "sigma": 8.5804}, "geometry": {"type": "Polygon", "coordinates": [[[-76.545, 3.375], [-76.54, 3.375], [-76.54, 3.38], [-76.545, 3.38], [-76.545, 3.375]]]}}, {"type": "Feature", "properties": {"value": 6.3464, "sigma": 8.5852}, "geometry": {"type": "Polygon", "coordinates": [[[-76.54, 3.375], [-76.535, 3.375], [-76.535, 3.38], [-76.54, 3.38], [-76.54, 3.375]]]}}, {"type": "Feature", "properties": {"value": 6.4052, "sigma": 8.591}, "geometry": {"type": "Polygon", "coordinates": [[[-76.535, 3.375], [-76.53, 3.375], [-76.53, 3.38], [-76.535, 3.38], [-76.535, 3.375]]]}}, {"type": "Feature", "properties": {"value": 6.4617, "sigma": 8.5964}, "geometry": {"type": "Polygon", "coordinates": [[[-76.53, 3.375], [-76.525, 3.375], [-76.525, 3.38], [-76.53, 3.38], [-76.53, 3.375]]]}}, {"type": "Feature", "properties": {"value": 6.4998, "sigma": 8.5999}, "geometry": {"type": "Polygon", "coordinates": [[[-76.525, 3.375], [-76.52, 3.375], [-76.52, 3.38], [-76.525, 3.38], [-76.525, 3.375]]]}}, {"type": "Feature", "properties": {"value": 6.5019, "sigma": 8.5989}, "geometry": {"type": "Polygon", "coordinates": [[[-76.52, 3.375], [-76.515, 3.375], [-76.515, 3.38], [-76.52, 3.38], [-76.52, 3.375]]]}}, {"type": "Feature", "properties": {"value": 6.4903, "sigma": 8.5953}, "geometry": {"type": "Polygon", "coordinates": [[[-76.515, 3.375], [-76.51, 3.375], [-76.51, 3.38], [-76.515, 3.38], [-76.515, 3.375]]]}}, {"type": "Feature", "properties": {"value": 6.4769, "sigma": 8.591}, "geometry": {"type": "Polygon", "coordinates": [[[-76.51, 3.375], [-76.505, 3.375], [-76.505, 3.38], [-76.51, 3.38], [-76.51, 3.375]]]}}, {"type": "Feature", "properties": {"value": 6.4655, "sigma": 8.5873}, "geometry": {"type": "Polygon", "coordinates": [[[-76.505, 3.375], [-76.5, 3.375], [-76.5, 3.38], [-76.505, 3.38], [-76.505, 3.375]]]}}, {"type": "Feature", "properties": {"value": 6.4589, "sigma": 8.585}, "geometry": {"type": "Polygon", "coordinates": [[[-76.5, 3.375], [-76.495, 3.375], [-76.495, 3.38], [-76.5, 3.38], [-76.5, 3.375]]]}}, {"type": "Feature", "properties": {"value": 6.4589, "sigma": 8.585}, "geometry": {"type": "Polygon", "coordinates": [[[-76.495, 3.375], [-76.49, 3.375], [-76.49, 3.38], [-76.495, 3.38], [-76.495, 3.375]]]}}, {"type": "Feature", "properties": {"value": 6.4653, "sigma": 8.5872}, "geometry": {"type": "Polygon", "coordinates": [[[-76.49, 3.375], [-76.485, 3.375], [-76.485, 3.38], [-76.49, 3.38], [-76.49, 3.375]]]}}, {"type": "Feature", "properties": {"value": 6.4767, "sigma": 8.591}, "geometry": {"type": "Polygon", "coordinates": [[[-76.485, 3.375], [-76.48, 3.375], [-76.48, 3.38], [-76.485, 3.38], [-76.485, 3.375]]]}}, {"type": "Feature", "properties": {"value": 6.4901, "sigma": 8.5953}, "geometry": {"type": "Polygon", "coordinates": [[[-76.48, 3.375], [-76.475, 3.375], [-76.475, 3.38], [-76.48, 3.38], [-76.48, 3.375]]]}}, {"type": "Feature", "properties": {"value": 6.5017, "sigma": 8.5989}, "geometry": {"type": "Polygon", "coordinates": [[[-76.475, 3.375], [-76.47, 3.375], [-76.47, 3.38], [-76.475, 3.38], [-76.475, 3.375]]]}}, {"type": "Feature", "properties": {"value": 6.5071, "sigma": 8.6005}, "geometry": {"type": "Polygon", "coordinates": [[[-76.47, 3.375], [-76.465, 3.375], [-76.465, 3.38], [-76.47, 3.38], [-76.47, 3.375]]]}}, {"type": "Feature", "properties": {"value": 6.5071, "sigma": 8.6005}, "geometry": {"type": "Polygon", "coordinates": [[[-76.465, 3.375], [-76.46, 3.375], [-76.46, 3.38], [-76.465, 3.38], [-76.465, 3.375]]]}}, {"type": "Feature", "properties": {"value": 6.5071, "sigma": 8.6005}, "geometry": {"type": "Polygon", "coordinates": [[[-76.46, 3.375], [-76.455, 3.375], [-76.455, 3.38], [-76.46, 3.38], [-76.46, 3.375]]]}}, {"type": "Feature", "properties": {"value": 6.5071, "sigma": 8.6005}, "geometry": {"type": "Polygon", "coordinates": [[[-76.455, 3.375], [-76.45, 3.375], [-76.45, 3.38], [-76.455, 3.38], [-76.455, 3.375]]]}}, {"type": "Feature", "properties": {"value": 6.5071, "sigma": 8.6005}, "geometry": {"type": "Polygon", "coordinates": [[[-76.45, 3.375], [-76.445, 3.375], [-76.445, 3.38], [-76.45, 3.38], [-76.45, 3.375]]]}}, {"type": "Feature", "properties": {"value": 6.5071, "sigma": 8.6005}, "geometry": {"type": "Polygon", "coordinates": [[[-76.445, 3.375], [-76.44, 3.375], [-76.44, 3.38], [-76.445, 3.38], [-76.445, 3.375]]]}}, {"type": "Feature", "properties": {"value": 6.5071, "sigma": 8.6005}, "geometry": {"type": "Polygon", "coordinates": [[[-76.44, 3.375], [-76.435, 3.375], [-76.435, 3.38], [-76.44, 3.38], [-76.44, 3.375]]]}}, {"type": "Feature", "properties": {"value": 6.5071, "sigma": 8.6005}, "geometry": {"type": "Polygon", "coordinates": [[[-76.435, 3.375], [-76.43, 3.375], [-76.43, 3.38], [-76.435, 3.38], [-76.435, 3.375]]]}}, {"type": "Feature", "properties": {"value": 6.5071, "sigma": 8.6005}, "geometry": {"type": "Polygon", "coordinates": [[[-76.43, 3.375], [-76.425, 3.375], [-76.425, 3.38], [-76.43, 3.38], [-76.43, 3.375]]]}}, {"type": "Feature", "properties": {"value": 6.5071, "sigma": 8.6005}, "geometry": {"type": "Polygon", "coordinates": [[[-76.425, 3.375], [-76.42, 3.375], [-76.42, 3.38], [-76.425, 3.38], [-76.425, 3.375]]]}}, {"type": "Feature", "properties": {"value": 6.5071, "sigma": 8.6005}, "geometry": {"type": "Polygon", "coordinates": [[[-76.42, 3.375], [-76.415, 3.375], [-76.415, 3.38], [-76.42, 3.38], [-76.42, 3.375]]]}}, {"type": "Feature", "properties": {"value": 6.5071, "sigma": 8.6005}, "geometry": {"type": "Polygon", "coordinates": [[[-76.415, 3.375], [-76.41, 3.375], [-76.41, 3.38], [-76.415, 3.38], [-76.415, 3.375]]]}}, {"type": "Feature", "properties": {"value": 6.5071, "sigma": 8.6005}, "geometry": {"type": "Polygon", "coordinates": [[[-76.41, 3.375], [-76.405, 3.375], [-76.405, 3.38], [-76.41, 3.38], [-76.41, 3.375]]]}}, {"type": "Feature", "properties": {"value": 6.5071, "sigma": 8.6005}, "geometry": {"type": "Polygon", "coordinates": [[[-76.405, 3.375], [-76.4, 3.375], [-76.4, 3.38], [-76.405, 3.38], [-76.405, 3.375]]]}}, {"type": "Feature", "properties": {"value": 6.5071, "sigma": 8.6005}, "geometry": {"type": "Polygon", "coordinates": [[[-76.6, 3.38], [-76.595, 3.38], [-76.595, 3.385], [-76.6, 3.385], [-76.6, 3.38]]]}}, {"type": "Feature", "properties": {"value": 6.5071, "sigma": 8.6005}, "geometry": {"type": "Polygon", "coordinates": [[[-76.595, 3.38], [-76.59, 3.38], [-76.59, 3.385], [-76.595, 3.385], [-76.595, 3.38]]]}}, {"type": "Feature", "properties": {"value": 6.5071, "sigma": 8.6005}, "geometry": {"type": "Polygon", "coordinates": [[[-76.59, 3.38], [-76.585, 3.38], [-76.585, 3.385], [-76.59, 3.385], [-76.59, 3.38]]]}}, {"type": "Feature", "properties": {"value": 6.4989, "sigma": 8.5998}, "geometry": {"type": "Polygon", "coordinates": [[[-76.585, 3.38], [-76.58, 3.38], [-76.58, 3.385], [-76.585, 3.385], [-76.585, 3.38]]]}}, {"type": "Feature", "properties": {"value": 6.445, "sigma": 8.5948}, "geometry": {"type": "Polygon", "coordinates": [[[-76.58, 3.38], [-76.575, 3.38], [-76.575, 3.385], [-76.58, 3.385], [-76.58, 3.38]]]}}, {"type": "Feature", "properties": {"value": 6.3557, "sigma": 8.5862}, "geometry": {"type": "Polygon", "coordinates": [[[-76.575, 3.38], [-76.57, 3.38], [-76.57, 3.385], [-76.575, 3.385], [-76.575, 3.38]]]}}, {"type": "Feature", "properties": {"value": 6.2501, "sigma": 8.5752}, "geometry": {"type": "Polygon", "coordinates": [[[-76.57, 3.38], [-76.565, 3.38], [-76.565, 3.385], [-76.57, 3.385], [-76.57, 3.38]]]}}, {"type": "Feature", "properties": {"value": 6.1473, "sigma": 8.5638}, "geometry": {"type": "Polygon", "coordinates": [[[-76.565, 3.38], [-76.56, 3.38], [-76.56, 3.385], [-76.565, 3.385], [-76.565, 3.38]]]}}, {"type": "Feature", "properties": {"value": 6.065, "sigma": 8.5541}, "geometry": {"type": "Polygon", "coordinates": [[[-76.56, 3.38], [-76.555, 3.38], [-76.555, 3.385], [-76.56, 3.385], [-76.56, 3.38]]]}}, {"type": "Feature", "properties": {"value": 6.0179, "sigma": 8.5483}, "geometry": {"type": "Polygon", "coordinates": [[[-76.555, 3.38], [-76.55, 3.38], [-76.55, 3.385], [-76.555, 3.385], [-76.555, 3.38]]]}}, {"type": "Feature", "properties": {"value": 6.0144, "sigma": 8.5479}, "geometry": {"type": "Polygon", "coordinates": [[[-76.55, 3.38], [-76.545, 3.38], [-76.545, 3.385], [-76.55, 3.385], [-76.55, 3.38]]]}}, {"type": "Feature", "properties": {"value": 6.0552, "sigma": 8.5529}, "geometry": {"type": "Polygon", "coordinates": [[[-76.545, 3.38], [-76.54, 3.38], [-76.54, 3.385], [-76.545, 3.385], [-76.545, 3.38]]]}}, {"type": "Feature", "properties": {"value": 6.1329, "sigma": 8.5621}, "geometry": {"type": "Polygon", "coordinates": [[[-76.54, 3.38], [-76.535, 3.38], [-76.535, 3.385], [-76.54, 3.385], [-76.54, 3.38]]]}}, {"type": "Feature", "properties": {"value": 6.2338, "sigma": 8.5734}, "geometry": {"type": "Polygon", "coordinates": [[[-76.535, 3.38], [-76.53, 3.38], [-76.53, 3.385], [-76.535, 3.385], [-76.535, 3.38]]]}}, {"type": "Feature", "properties": {"value": 6.3397, "sigma": 8.5844}, "geometry": {"type": "Polygon", "coordinates": [[[-76.53, 3.38], [-76.525, 3.38], [-76.525, 3.385], [-76.53, 3.385], [-76.53, 3.38]]]}}, {"type": "Feature", "properties": {"value": 6.4217, "sigma": 8.5903}, "geometry": {"type": "Polygon", "coordinates": [[[-76.525, 3.38], [-76.52, 3.38], [-76.52, 3.385], [-76.525, 3.385], [-76.525, 3.38]]]}}, {"type": "Feature", "properties": {"value": 6.4612, "sigma": 8.5891}, "geometry": {"type": "Polygon", "coordinates": [[[-76.52, 3.38], [-76.515, 3.38], [-76.515, 3.385], [-76.52, 3.385], [-76.52, 3.38]]]}}, {"type": "Feature", "properties": {"value": 6.4486, "sigma": 8.5815}, "geometry": {"type": "Polygon", "coordinates": [[[-76.515, 3.38], [-76.51, 3.38], [-76.51, 3.385], [-76.515, 3.385], [-76.515, 3.38]]]}}, {"type": "Feature", "properties": {"value": 6.4231, "sigma": 8.5723}, "geometry": {"type": "Polygon", "coordinates": [[[-76.51, 3.38], [-76.505, 3.38], [-76.505, 3.385], [-76.51, 3.385], [-76.51, 3.38]]]}}, {"type": "Feature", "properties": {"value": 6.4029, "sigma": 8.5647}, "geometry": {"type": "Polygon", "coordinates": [[[-76.505, 3.38], [-76.5, 3.38], [-76.5, 3.385], [-76.505, 3.385], [-76.505, 3.38]]]}}, {"type": "Feature", "properties": {"value": 6.3916, "sigma": 8.5603}, "geometry": {"type": "Polygon", "coordinates": [[[-76.5, 3.38], [-76.495, 3.38], [-76.495, 3.385], [-76.5, 3.385], [-76.5, 3.38]]]}}, {"type": "Feature", "properties": {"value": 6.3915, "sigma": 8.5602}, "geometry": {"type": "Polygon", "coordinates": [[[-76.495, 3.38], [-76.49, 3.38], [-76.49, 3.385], [-76.495, 3.385], [-76.495, 3.38]]]}}, {"type": "Feature", "properties": {"value": 6.4026, "sigma": 8.5646}, "geometry": {"type": "Polygon", "coordinates": [[[-76.49, 3.38], [-76.485, 3.38], [-76.485, 3.385], [-76.49, 3.385], [-76.49, 3.38]]]}}, {"type": "Feature", "properties": {"value": 6.4227, "sigma": 8.5722}, "geometry": {"type": "Polygon", "coordinates": [[[-76.485, 3.38], [-76.48, 3.38], [-76.48, 3.385], [-76.485, 3.385], [-76.485, 3.38]]]}}, {"type": "Feature", "properties": {"value": 6.4482, "sigma": 8.5813}, "geometry": {"type": "Polygon", "coordinates": [[[-76.48, 3.38], [-76.475, 3.38], [-76.475, 3.385], [-76.48, 3.385], [-76.48, 3.38]]]}}, {"type": "Feature", "properties": {"value": 6.4741, "sigma": 8.5901}, "geometry": {"type": "Polygon", "coordinates": [[[-76.475, 3.38], [-76.47, 3.38], [-76.47, 3.385], [-76.475, 3.385], [-76.475, 3.38]]]}}, {"type": "Feature", "properties": {"value": 6.4954, "sigma": 8.5969}, "geometry": {"type": "Polygon", "coordinates": [[[-76.47, 3.38], [-76.465, 3.38], [-76.465, 3.385], [-76.47, 3.385], [-76.47, 3.38]]]}}, {"type": "Feature", "properties": {"value": 6.5065, "sigma": 8.6003}, "geometry": {"type": "Polygon", "coordinates": [[[-76.465, 3.38], [-76.46, 3.38], [-76.46, 3.385], [-76.465, 3.385], [-76.465, 3.38]]]}}, {"type": "Feature", "properties": {"value": 6.5071, "sigma": 8.6005}, "geometry": {"type": "Polygon", "coordinates": [[[-76.46, 3.38], [-76.455, 3.38], [-76.455, 3.385], [-76.46, 3.385], [-76.46, 3.38]]]}}, {"type": "Feature", "properties": {"value": 6.5071, "sigma": 8.6005}, "geometry": {"type": "Polygon", "coordinates": [[[-76.455, 3.38], [-76.45, 3.38], [-76.45, 3.385], [-76.455, 3.385], [-76.455, 3.38]]]}}, {"type": "Feature", "properties": {"value": 6.5071, "sigma": 8.6005}, "geometry": {"type": "Polygon", "coordinates": [[[-76.45, 3.38], [-76.445, 3.38], [-76.445, 3.385], [-76.45, 3.385], [-76.45, 3.38]]]}}, {"type": "Feature", "properties": {"value": 6.5071, "sigma": 8.6005}, "geometry": {"type": "Polygon", "coordinates": [[[-76.445, 3.38], [-76.44, 3.38], [-76.44, 3.385], [-76.445, 3.385], [-76.445, 3.38]]]}}, {"type": "Feature", "properties": {"value": 6.5071, "sigma": 8.6005}, "geometry": {"type": "Polygon", "coordinates": [[[-76.44, 3.38], [-76.435, 3.38], [-76.435, 3.385], [-76.44, 3.385], [-76.44, 3.38]]]}}, {"type": "Feature", "properties": {"value": 6.5071, "sigma": 8.6005}, "geometry": {"type": "Polygon", "coordinates": [[[-76.435, 3.38], [-76.43, 3.38], [-76.43, 3.385], [-76.435, 3.385], [-76.435, 3.38]]]}}, {"type": "Feature", "properties": {"value": 6.5071, "sigma": 8.6005}, "geometry": {"type": "Polygon", "coordinates": [[[-76.43, 3.38], [-76.425, 3.38], [-76.425, 3.385], [-76.43, 3.385], [-76.43, 3.38]]]}}, {"type": "Feature", "properties": {"value": 6.5071, "sigma": 8.6005}, "geometry": {"type": "Polygon", "coordinates": [[[-76.425, 3.38], [-76.42, 3.38], [-76.42, 3.385], [-76.425, 3.385], [-76.425, 3.38]]]}}, {"type": "Feature", "properties": {"value": 6.5071, "sigma": 8.6005}, "geometry": {"type": "Polygon", "coordinates": [[[-76.42, 3.38], [-76.415, 3.38], [-76.415, 3.385], [-76.42, 3.385], [-76.42, 3.38]]]}}, {"type": "Feature", "properties": {"value": 6.5071, "sigma": 8.6005}, "geometry": {"type": "Polygon", "coordinates": [[[-76.415, 3.38], [-76.41, 3.38], [-76.41, 3.385], [-76.415, 3.385], [-76.415, 3.38]]]}}, {"type": "Feature", "properties": {"value": 6.5071, "sigma": 8.6005}, "geometry": {"type": "Polygon", "coordinates": [[[-76.41, 3.38], [-76.405, 3.38], [-76.405, 3.385], [-76.41, 3.385], [-76.41, 3.38]]]}}, {"type": "Feature", "properties": {"value": 6.5071, "sigma": 8.6005}, "geometry": {"type": "Polygon", "coordinates": [[[-76.405, 3.38], [-76.4, 3.38], [-76.4, 3.385], [-76.405, 3.385], [-76.405, 3.38]]]}}, {"type": "Feature", "properties": {"value": 6.5071, "sigma": 8.6005}, "geometry": {"type": "Polygon", "coordinates": [[[-76.6, 3.385], [-76.595, 3.385], [-76.595, 3.39], [-76.6, 3.39], [-76.6, 3.385]]]}}, {"type": "Feature", "properties": {"value": 6.5071, "sigma": 8.6005}, "geometry": {"type": "Polygon", "coordinates": [[[-76.595, 3.385], [-76.59, 3.385], [-76.59, 3.39], [-76.595, 3.39], [-76.595, 3.385]]]}}, {"type": "Feature", "properties": {"value": 6.5028, "sigma": 8.6001}, "geometry": {"type": "Polygon", "coordinates": [[[-76.59, 3.385], [-76.585, 3.385], [-76.585, 3.39], [-76.59, 3.39], [-76.59, 3.385]]]}}, {"type": "Feature", "properties": {"value": 6.4445, "sigma": 8.5948}, "geometry": {"type": "Polygon", "coordinates": [[[-76.585, 3.385], [-76.58, 3.385], [-76.58, 3.39], [-76.585, 3.39], [-76.585, 3.385]]]}}, {"type": "Feature", "properties": {"value": 6.3319, "sigma": 8.5838}, "geometry": {"type": "Polygon", "coordinates": [[[-76.58, 3.385], [-76.575, 3.385], [-76.575, 3.39], [-76.58, 3.39], [-76.58, 3.385]]]}}, {"type": "Feature", "properties": {"value": 6.1845, "sigma": 8.568}, "geometry": {"type": "Polygon", "coordinates": [[[-76.575, 3.385], [-76.57, 3.385], [-76.57, 3.39], [-76.575, 3.39], [-76.575, 3.385]]]}}, {"type": "Feature", "properties": {"value": 6.0231, "sigma": 8.549}, "geometry": {"type": "Polygon", "coordinates": [[[-76.57, 3.385], [-76.565, 3.385], [-76.565, 3.39], [-76.57, 3.39], [-76.57, 3.385]]]}}, {"type": "Feature", "properties": {"value": 5.8707, "sigma": 8.5293}, "geometry": {"type": "Polygon", "coordinates": [[[-76.565, 3.385], [-76.56, 3.385], [-76.56, 3.39], [-76.565, 3.39], [-76.565, 3.385]]]}}, {"type": "Feature", "properties": {"value": 5.75, "sigma": 8.5125}, "geometry": {"type": "Polygon", "coordinates": [[[-76.56, 3.385], [-76.555, 3.385], [-76.555, 3.39], [-76.56, 3.39], [-76.56, 3.385]]]}}, {"type": "Feature", "properties": {"value": 5.681, "sigma": 8.5025}, "geometry": {"type": "Polygon", "coordinates": [[[-76.555, 3.385], [-76.55, 3.385], [-76.55, 3.39], [-76.555, 3.39], [-76.555, 3.385]]]}}, {"type": "Feature", "properties": {"value": 5.6759, "sigma": 8.5017}, "geometry": {"type": "Polygon", "coordinates": [[[-76.55, 3.385], [-76.545, 3.385], [-76.545, 3.39], [-76.55, 3.39], [-76.55, 3.385]]]}}, {"type": "Feature", "properties": {"value": 5.7357, "sigma": 8.5105}, "geometry": {"type": "Polygon", "coordinates": [[[-76.545, 3.385], [-76.54, 3.385], [-76.54, 3.39], [-76.545, 3.39], [-76.545, 3.385]]]}}, {"type": "Feature", "properties": {"value": 5.8496, "sigma": 8.5264}, "geometry": {"type": "Polygon", "coordinates": [[[-76.54, 3.385], [-76.535, 3.385], [-76.535, 3.39], [-76.54, 3.39], [-76.54, 3.385]]]}}, {"type": "Feature", "properties": {"value": 5.9984, "sigma": 8.5459}, "geometry": {"type": "Polygon", "coordinates": [[[-76.535, 3.385], [-76.53, 3.385], [-76.53, 3.39], [-76.535, 3.39], [-76.535, 3.385]]]}}, {"type": "Feature", "properties": {"value": 6.1473, "sigma": 8.5616}, "geometry": {"type": "Polygon", "coordinates": [[[-76.53, 3.385], [-76.525, 3.385], [-76.525, 3.39], [-76.53, 3.39], [-76.53, 3.385]]]}}, {"type": "Feature", "properties": {"value": 6.2703, "sigma": 8.5691}, "geometry": {"type": "Polygon", "coordinates": [[[-76.525, 3.385], [-76.52, 3.385], [-76.52, 3.39], [-76.525, 3.39], [-76.525, 3.385]]]}}, {"type": "Feature", "properties": {"value": 6.3515, "sigma": 8.5675}, "geometry": {"type": "Polygon", "coordinates": [[[-76.52, 3.385], [-76.515, 3.385], [-76.515, 3.39], [-76.52, 3.39], [-76.52, 3.385]]]}}, {"type": "Feature", "properties": {"value": 6.3776, "sigma": 8.5575}, "geometry": {"type": "Polygon", "coordinates": [[[-76.515, 3.385], [-76.51, 3.385], [-76.51, 3.39], [-76.515, 3.39], [-76.515, 3.385]]]}}, {"type": "Feature", "properties": {"value": 6.3473, "sigma": 8.5419}, "geometry": {"type": "Polygon", "coordinates": [[[-76.51, 3.385], [-76.505, 3.385], [-76.505, 3.39], [-76.51, 3.39], [-76.51, 3.385]]]}}, {"type": "Feature", "properties": {"value": 6.3167, "sigma": 8.5283}, "geometry": {"type": "Polygon", "coordinates": [[[-76.505, 3.385], [-76.5, 3.385], [-76.5, 3.39], [-76.505, 3.39], [-76.505, 3.385]]]}}, {"type": "Feature", "properties": {"value": 6.2998, "sigma": 8.5205}, "geometry": {"type": "Polygon", "coordinates": [[[-76.5, 3.385], [-76.495, 3.385], [-76.495, 3.39], [-76.5, 3.39], [-76.5, 3.385]]]}}, {"type": "Feature", "properties": {"value": 6.2997, "sigma": 8.5204}, "geometry": {"type": "Polygon", "coordinates": [[[-76.495, 3.385], [-76.49, 3.385], [-76.49, 3.39], [-76.495, 3.39], [-76.495, 3.385]]]}}, {"type": "Feature", "properties": {"value": 6.3163, "sigma": 8.5281}, "geometry": {"type": "Polygon", "coordinates": [[[-76.49, 3.385], [-76.485, 3.385], [-76.485, 3.39], [-76.49, 3.39], [-76.49, 3.385]]]}}, {"type": "Feature", "properties": {"value": 6.3467, "sigma": 8.5417}, "geometry": {"type": "Polygon", "coordinates": [[[-76.485, 3.385], [-76.48, 3.385], [-76.48, 3.39], [-76.485, 3.39], [-76.485, 3.385]]]}}, {"type": "Feature", "properties": {"value": 6.3858, "sigma": 8.558}, "geometry": {"type": "Polygon", "coordinates": [[[-76.48, 3.385], [-76.475, 3.385], [-76.475, 3.39], [-76.48, 3.39], [-76.48, 3.385]]]}}, {"type": "Feature", "properties": {"value": 6.4276, "sigma": 8.574}, "geometry": {"type": "Polygon", "coordinates": [[[-76.475, 3.385], [-76.47, 3.385], [-76.47, 3.39], [-76.475, 3.39], [-76.475, 3.385]]]}}, {"type": "Feature", "properties": {"value": 6.4656, "sigma": 8.5873}, "geometry": {"type": "Polygon", "coordinates": [[[-76.47, 3.385], [-76.465, 3.385], [-76.465, 3.39], [-76.47, 3.39], [-76.47, 3.385]]]}}, {"type": "Feature", "properties": {"value": 6.4939, "sigma": 8.5964}, "geometry": {"type": "Polygon", "coordinates": [[[-76.465, 3.385], [-76.46, 3.385], [-76.46, 3.39], [-76.465, 3.39], [-76.465, 3.385]]]}}, {"type": "Feature", "properties": {"value": 6.5068, "sigma": 8.6004}, "geometry": {"type": "Polygon", "coordinates": [[[-76.46, 3.385], [-76.455, 3.385], [-76.455, 3.39], [-76.46, 3.39], [-76.46, 3.385]]]}}, {"type": "Feature", "properties": {"value": 6.5071, "sigma": 8.6005}, "geometry": {"type": "Polygon", "coordinates": [[[-76.455, 3.385], [-76.45, 3.385], [-76.45, 3.39], [-76.455, 3.39], [-76.455, 3.385]]]}}, {"type": "Feature", "properties": {"value": 6.5071, "sigma": 8.6005}, "geometry": {"type": "Polygon", "coordinates": [[[-76.45, 3.385], [-76.445, 3.385], [-76.445, 3.39], [-76.45, 3.39], [-76.45, 3.385]]]}}, {"type": "Feature", "properties": {"value": 6.5071, "sigma": 8.6005}, "geometry": {"type": "Polygon", "coordinates": [[[-76.445, 3.385], [-76.44, 3.385], [-76.44, 3.39], [-76.445, 3.39], [-76.445, 3.385]]]}}, {"type": "Feature", "properties": {"value": 6.5071, "sigma": 8.6005}, "geometry": {"type": "Polygon", "coordinates": [[[-76.44, 3.385], [-76.435, 3.385], [-76.435, 3.39], [-76.44, 3.39], [-76.44, 3.385]]]}}, {"type": "Feature", "properties": {"value": 6.5071, "sigma": 8.6005}, "geometry": {"type": "Polygon", "coordinates": [[[-76.435, 3.385], [-76.43, 3.385], [-76.43, 3.39], [-76.435, 3.39], [-76.435, 3.385]]]}}, {"type": "Feature", "properties": {"value": 6.5071, "sigma": 8.6005}, "geometry": {"type": "Polygon", "coordinates": [[[-76.43, 3.385], [-76.425, 3.385], [-76.425, 3.39], [-76.43, 3.39], [-76.43, 3.385]]]}}, {"type": "Feature", "properties": {"value": 6.5071, "sigma": 8.6005}, "geometry": {"type": "Polygon", "coordinates": [[[-76.425, 3.385], [-76.42, 3.385], [-76.42, 3.39], [-76.425, 3.39], [-76.425, 3.385]]]}}, {"type": "Feature", "properties": {"value": 6.5071, "sigma": 8.6005}, "geometry": {"type": "Polygon", "coordinates": [[[-76.42, 3.385], [-76.415, 3.385], [-76.415, 3.39], [-76.42, 3.39], [-76.42, 3.385]]]}}, {"type": "Feature", "properties": {"value": 6.5071, "sigma": 8.6005}, "geometry": {"type": "Polygon", "coordinates": [[[-76.415, 3.385], [-76.41, 3.385], [-76.41, 3.39], [-76.415, 3.39], [-76.415, 3.385]]]}}, {"type": "Feature", "properties": {"value": 6.5071, "sigma": 8.6005}, "geometry": {"type": "Polygon", "coordinates": [[[-76.41, 3.385], [-76.405, 3.385], [-76.405, 3.39], [-76.41, 3.39], [-76.41, 3.385]]]}}, {"type": "Feature", "properties": {"value": 6.5071, "sigma": 8.6005}, "geometry": {"type": "Polygon", "coordinates": [[[-76.405, 3.385], [-76.4, 3.385], [-76.4, 3.39], [-76.405, 3.39], [-76.405, 3.385]]]}}, {"type": "Feature", "properties": {"value": 6.5071, "sigma": 8.6005}, "geometry": {"type": "Polygon", "coordinates": [[[-76.6, 3.39], [-76.595, 3.39], [-76.595, 3.395], [-76.6, 3.395], [-76.6, 3.39]]]}}, {"type": "Feature", "properties": {"value": 6.5071, "sigma": 8.6005}, "geometry": {"type": "Polygon", "coordinates": [[[-76.595, 3.39], [-76.59, 3.39], [-76.59, 3.395], [-76.595, 3.395], [-76.595, 3.39]]]}}, {"type": "Feature", "properties": {"value": 6.4679, "sigma": 8.5969}, "geometry": {"type": "Polygon", "coordinates": [[[-76.59, 3.39], [-76.585, 3.39], [-76.585, 3.395], [-76.59, 3.395], [-76.59, 3.39]]]}}, {"type": "Feature", "properties": {"value": 6.3542, "sigma": 8.586}, "geometry": {"type": "Polygon", "coordinates": [[[-76.585, 3.39], [-76.58, 3.39], [-76.58, 3.395], [-76.585, 3.395], [-76.585, 3.39]]]}}, {"type": "Feature", "properties": {"value": 6.1833, "sigma": 8.5678}, "geometry": {"type": "Polygon", "coordinates": [[[-76.58, 3.39], [-76.575, 3.39], [-76.575, 3.395], [-76.58, 3.395], [-76.58, 3.39]]]}}, {"type": "Feature", "properties": {"value": 5.9751, "sigma": 8.5429}, "geometry": {"type": "Polygon", "coordinates": [[[-76.575, 3.39], [-76.57, 3.39], [-76.57, 3.395], [-76.575, 3.395], [-76.575, 3.39]]]}}, {"type": "Feature", "properties": {"value": 5.7527, "sigma": 8.5129}, "geometry": {"type": "Polygon", "coordinates": [[[-76.57, 3.39], [-76.565, 3.39], [-76.565, 3.395], [-76.57, 3.395], [-76.57, 3.39]]]}}, {"type": "Feature", "properties": {"value": 5.5427, "sigma": 8.4813}, "geometry": {"type": "Polygon", "coordinates": [[[-76.565, 3.39], [-76.56, 3.39], [-76.56, 3.395], [-76.565, 3.395], [-76.565, 3.39]]]}}, {"type": "Feature", "properties": {"value": 5.3749, "sigma": 8.4538}, "geometry": {"type": "Polygon", "coordinates": [[[-76.56, 3.39], [-76.555, 3.39], [-76.555, 3.395], [-76.56, 3.395], [-76.56, 3.39]]]}}, {"type": "Feature", "properties": {"value": 5.2779, "sigma": 8.4369}, "geometry": {"type": "Polygon", "coordinates": [[[-76.555, 3.39], [-76.55, 3.39], [-76.55, 3.395], [-76.555, 3.395], [-76.555, 3.39]]]}}, {"type": "Feature", "properties": {"value": 5.2707, "sigma": 8.4356}, "geometry": {"type": "Polygon", "coordinates": [[[-76.55, 3.39], [-76.545, 3.39], [-76.545, 3.395], [-76.55, 3.395], [-76.55, 3.39]]]}}, {"type": "Feature", "properties": {"value": 5.3549, "sigma": 8.4503}, "geometry": {"type": "Polygon", "coordinates": [[[-76.545, 3.39], [-76.54, 3.39], [-76.54, 3.395], [-76.545, 3.395], [-76.545, 3.39]]]}}, {"type": "Feature", "properties": {"value": 5.5136, "sigma": 8.4767}, "geometry": {"type": "Polygon", "coordinates": [[[-76.54, 3.39], [-76.535, 3.39], [-76.535, 3.395], [-76.54, 3.395], [-76.54, 3.39]]]}}, {"type": "Feature", "properties": {"value": 5.7108, "sigma": 8.506}, "geometry": {"type": "Polygon", "coordinates": [[[-76.535, 3.39], [-76.53, 3.39], [-76.53, 3.395], [-76.535, 3.395], [-76.535, 3.39]]]}}, {"type": "Feature", "properties": {"value": 5.9039, "sigma": 8.5281}, "geometry": {"type": "Polygon", "coordinates": [[[-76.53, 3.39], [-76.525, 3.39], [-76.525, 3.395], [-76.53, 3.395], [-76.53, 3.39]]]}}, {"type": "Feature", "properties": {"value": 6.0705, "sigma": 8.5386}, "geometry": {"type": "Polygon", "coordinates": [[[-76.525, 3.39], [-76.52, 3.39], [-76.52, 3.395], [-76.525, 3.395], [-76.525, 3.39]]]}}, {"type": "Feature", "properties": {"value": 6.1929, "sigma": 8.5357}, "geometry": {"type": "Polygon", "coordinates": [[[-76.52, 3.39], [-76.515, 3.39], [-76.515, 3.395], [-76.52, 3.395], [-76.52, 3.39]]]}}, {"type": "Feature", "properties": {"value": 6.2574, "sigma": 8.5209}, "geometry": {"type": "Polygon", "coordinates": [[[-76.515, 3.39], [-76.51, 3.39], [-76.51, 3.395], [-76.515, 3.395], [-76.515, 3.39]]]}}, {"type": "Feature", "properties": {"value": 6.2538, "sigma": 8.4981}, "geometry": {"type": "Polygon", "coordinates": [[[-76.51, 3.39], [-76.505, 3.39], [-76.505, 3.395], [-76.51, 3.395], [-76.51, 3.39]]]}}, {"type": "Feature", "properties": {"value": 6.2112, "sigma": 8.4754}, "geometry": {"type": "Polygon", "coordinates": [[[-76.505, 3.39], [-76.5, 3.39], [-76.5, 3.395], [-76.505, 3.395], [-76.505, 3.39]]]}}, {"type": "Feature", "properties": {"value": 6.1872, "sigma": 8.462}, "geometry": {"type": "Polygon", "coordinates": [[[-76.5, 3.39], [-76.495, 3.39], [-76.495, 3.395], [-76.5, 3.395], [-76.5, 3.39]]]}}, {"type": "Feature", "properties": {"value": 6.187, "sigma": 8.4619}, "geometry": {"type": "Polygon", "coordinates": [[[-76.495, 3.39], [-76.49, 3.39], [-76.49, 3.395], [-76.495, 3.395], [-76.495, 3.39]]]}}, {"type": "Feature", "properties": {"value": 6.2106, "sigma": 8.475}, "geometry": {"type": "Polygon", "coordinates": [[[-76.49, 3.39], [-76.485, 3.39], [-76.485, 3.395], [-76.49, 3.395], [-76.49, 3.39]]]}}, {"type": "Feature", "properties": {"value": 6.2535, "sigma": 8.4977}, "geometry": {"type": "Polygon", "coordinates": [[[-76.485, 3.39], [-76.48, 3.39], [-76.48, 3.395], [-76.485, 3.395], [-76.485, 3.39]]]}}, {"type": "Feature", "properties": {"value": 6.3085, "sigma": 8.5245}, "geometry": {"type": "Polygon", "coordinates": [[[-76.48, 3.39], [-76.475, 3.39], [-76.475, 3.395], [-76.48, 3.395], [-76.48, 3.39]]]}}, {"type": "Feature", "properties": {"value": 6.3676, "sigma": 8.5505}, "geometry": {"type": "Polygon", "coordinates": [[[-76.475, 3.39], [-76.47, 3.39], [-76.47, 3.395], [-76.475, 3.395], [-76.475, 3.39]]]}}, {"type": "Feature", "properties": {"value": 6.4233, "sigma": 8.5724}, "geometry": {"type": "Polygon", "coordinates": [[[-76.47, 3.39], [-76.465, 3.39], [-76.465, 3.395], [-76.47, 3.395], [-76.47, 3.39]]]}}, {"type": "Feature", "properties": {"value": 6.4688, "sigma": 8.5884}, "geometry": {"type": "Polygon", "coordinates": [[[-76.465, 3.39], [-76.46, 3.39], [-76.46, 3.395], [-76.465, 3.395], [-76.465, 3.39]]]}}, {"type": "Feature", "properties": {"value": 6.4984, "sigma": 8.5979}, "geometry": {"type": "Polygon", "coordinates": [[[-76.46, 3.39], [-76.455, 3.39], [-76.455, 3.395], [-76.46, 3.395], [-76.46, 3.39]]]}}, {"type": "Feature", "properties": {"value": 6.5071, "sigma": 8.6005}, "geometry": {"type": "Polygon", "coordinates": [[[-76.455, 3.39], [-76.45, 3.39], [-76.45, 3.395], [-76.455, 3.395], [-76.455, 3.39]]]}}, {"type": "Feature", "properties": {"value": 6.5071, "sigma": 8.6005}, "geometry": {"type": "Polygon", "coordinates": [[[-76.45, 3.39], [-76.445, 3.39], [-76.445, 3.395], [-76.45, 3.395], [-76.45, 3.39]]]}}, {"type": "Feature", "properties": {"value": 6.5071, "sigma": 8.6005}, "geometry": {"type": "Polygon", "coordinates": [[[-76.445, 3.39], [-76.44, 3.39], [-76.44, 3.395], [-76.445, 3.395], [-76.445, 3.39]]]}}, {"type": "Feature", "properties": {"value": 6.5071, "sigma": 8.6005}, "geometry": {"type": "Polygon", "coordinates": [[[-76.44, 3.39], [-76.435, 3.39], [-76.435, 3.395], [-76.44, 3.395], [-76.44, 3.39]]]}}, {"type": "Feature", "properties": {"value": 6.5071, "sigma": 8.6005}, "geometry": {"type": "Polygon", "coordinates": [[[-76.435, 3.39], [-76.43, 3.39], [-76.43, 3.395], [-76.435, 3.395], [-76.435, 3.39]]]}}, {"type": "Feature", "properties": {"value": 6.5071, "sigma": 8.6005}, "geometry": {"type": "Polygon", "coordinates": [[[-76.43, 3.39], [-76.425, 3.39], [-76.425, 3.395], [-76.43, 3.395], [-76.43, 3.39]]]}}, {"type": "Feature", "properties": {"value": 6.5071, "sigma": 8.6005}, "geometry": {"type": "Polygon", "coordinates": [[[-76.425, 3.39], [-76.42, 3.39], [-76.42, 3.395], [-76.425, 3.395], [-76.425, 3.39]]]}}, {"type": "Feature", "properties": {"value": 6.5071, "sigma": 8.6005}, "geometry": {"type": "Polygon", "coordinates": [[[-76.42, 3.39], [-76.415, 3.39], [-76.415, 3.395], [-76.42, 3.395], [-76.42, 3.39]]]}}, {"type": "Feature", "properties": {"value": 6.5071, "sigma": 8.6005}, "geometry": {"type": "Polygon", "coordinates": [[[-76.415, 3.39], [-76.41, 3.39], [-76.41, 3.395], [-76.415, 3.395], [-76.415, 3.39]]]}}, {"type": "Feature", "properties": {"value": 6.5071, "sigma": 8.6005}, "geometry": {"type": "Polygon", "coordinates": [[[-76.41, 3.39], [-76.405, 3.39], [-76.405, 3.395], [-76.41, 3.395], [-76.41, 3.39]]]}}, {"type": "Feature", "properties": {"value": 6.5071, "sigma": 8.6005}, "geometry": {"type": "Polygon", "coordinates": [[[-76.405, 3.39], [-76.4, 3.39], [-76.4, 3.395], [-76.405, 3.395], [-76.405, 3.39]]]}}, {"type": "Feature", "properties": {"value": 6.5071, "sigma": 8.6005}, "geometry": {"type": "Polygon", "coordinates": [[[-76.6, 3.395], [-76.595, 3.395], [-76.595, 3.4], [-76.6, 3.4], [-76.6, 3.395]]]}}, {"type": "Feature", "properties": {"value": 6.4981, "sigma": 8.5997}, "geometry": {"type": "Polygon", "coordinates": [[[-76.595, 3.395], [-76.59, 3.395], [-76.59, 3.4], [-76.595, 3.4], [-76.595, 3.395]]]}}, {"type": "Feature", "properties": {"value": 6.412, "sigma": 8.5917}, "geometry": {"type": "Polygon", "coordinates": [[[-76.59, 3.395], [-76.585, 3.395], [-76.585, 3.4], [-76.59, 3.4], [-76.59, 3.395]]]}}, {"type": "Feature", "properties": {"value": 6.2471, "sigma": 8.5749}, "geometry": {"type": "Polygon", "coordinates": [[[-76.585, 3.395], [-76.58, 3.395], [-76.58, 3.4], [-76.585, 3.4], [-76.585, 3.395]]]}}, {"type": "Feature", "properties": {"value": 6.0203, "sigma": 8.5486}, "geometry": {"type": "Polygon", "coordinates": [[[-76.58, 3.395], [-76.575, 3.395], [-76.575, 3.4], [-76.58, 3.4], [-76.58, 3.395]]]}}, {"type": "Feature", "properties": {"value": 5.7509, "sigma": 8.5127}, "geometry": {"type": "Polygon", "coordinates": [[[-76.575, 3.395], [-76.57, 3.395], [-76.57, 3.4], [-76.575, 3.4], [-76.575, 3.395]]]}}, {"type": "Feature", "properties": {"value": 5.4625, "sigma": 8.4684}, "geometry": {"type": "Polygon", "coordinates": [[[-76.57, 3.395], [-76.565, 3.395], [-76.565, 3.4], [-76.57, 3.4], [-76.57, 3.395]]]}}, {"type": "Feature", "properties": {"value": 5.1852, "sigma": 8.4201}, "geometry": {"type": "Polygon", "coordinates": [[[-76.565, 3.395], [-76.56, 3.395], [-76.56, 3.4], [-76.565, 3.4], [-76.565, 3.395]]]}}, {"type": "Feature", "properties": {"value": 4.9571, "sigma": 8.3761}, "geometry": {"type": "Polygon", "coordinates": [[[-76.56, 3.395], [-76.555, 3.395], [-76.555, 3.4], [-76.56, 3.4], [-76.56, 3.395]]]}}, {"type": "Feature", "properties": {"value": 4.8214, "sigma": 8.3481}, "geometry": {"type": "Polygon", "coordinates": [[[-76.555, 3.395], [-76.55, 3.395], [-76.55, 3.4], [-76.555, 3.4], [-76.555, 3.395]]]}}, {"type": "Feature", "properties": {"value": 4.8112, "sigma": 8.3459}, "geometry": {"type": "Polygon", "coordinates": [[[-76.55, 3.395], [-76.545, 3.395], [-76.545, 3.4], [-76.55, 3.4], [-76.55, 3.395]]]}}, {"type": "Feature", "properties": {"value": 4.9293, "sigma": 8.3705}, "geometry": {"type": "Polygon", "coordinates": [[[-76.545, 3.395], [-76.54, 3.395], [-76.54, 3.4], [-76.545, 3.4], [-76.545, 3.395]]]}}, {"type": "Feature", "properties": {"value": 5.1444, "sigma": 8.4125}, "geometry": {"type": "Polygon", "coordinates": [[[-76.54, 3.395], [-76.535, 3.395], [-76.535, 3.4], [-76.54, 3.4], [-76.54, 3.395]]]}}, {"type": "Feature", "properties": {"value": 5.3943, "sigma": 8.4553}, "geometry": {"type": "Polygon", "coordinates": [[[-76.535, 3.395], [-76.53, 3.395], [-76.53, 3.4], [-76.535, 3.4], [-76.535, 3.395]]]}}, {"type": "Feature", "properties": {"value": 5.6382, "sigma": 8.4873}, "geometry": {"type": "Polygon", "coordinates": [[[-76.53, 3.395], [-76.525, 3.395], [-76.525, 3.4], [-76.53, 3.4], [-76.53, 3.395]]]}}, {"type": "Feature", "properties": {"value": 5.85, "sigma": 8.5017}, "geometry": {"type": "Polygon", "coordinates": [[[-76.525, 3.395], [-76.52, 3.395], [-76.52, 3.4], [-76.525, 3.4], [-76.525, 3.395]]]}}, {"type": "Feature", "properties": {"value": 6.011, "sigma": 8.4964}, "geometry": {"type": "Polygon", "coordinates": [[[-76.52, 3.395], [-76.515, 3.395], [-76.515, 3.4], [-76.52, 3.4], [-76.52, 3.395]]]}}, {"type": "Feature", "properties": {"value": 6.1084, "sigma": 8.4736}, "geometry": {"type": "Polygon", "coordinates": [[[-76.515, 3.395], [-76.51, 3.395], [-76.51, 3.4], [-76.515, 3.4], [-76.515, 3.395]]]}}, {"type": "Feature", "properties": {"value": 6.1337, "sigma": 8.4393}, "geometry": {"type": "Polygon", "coordinates": [[[-76.51, 3.395], [-76.505, 3.395], [-76.505, 3.4], [-76.51, 3.4], [-76.51, 3.395]]]}}, {"type": "Feature", "properties": {"value": 6.0909, "sigma": 8.4035}, "geometry": {"type": "Polygon", "coordinates": [[[-76.505, 3.395], [-76.5, 3.395], [-76.5, 3.4], [-76.505, 3.4], [-76.505, 3.395]]]}}, {"type": "Feature", "properties": {"value": 6.0574, "sigma": 8.3813}, "geometry": {"type": "Polygon", "coordinates": [[[-76.5, 3.395], [-76.495, 3.395], [-76.495, 3.4], [-76.5, 3.4], [-76.5, 3.395]]]}}, {"type": "Feature", "properties": {"value": 6.0571, "sigma": 8.3811}, "geometry": {"type": "Polygon", "coordinates": [[[-76.495, 3.395], [-76.49, 3.395], [-76.49, 3.4], [-76.495, 3.4], [-76.495, 3.395]]]}}, {"type": "Feature", "properties": {"value": 6.0901, "sigma": 8.403}, "geometry": {"type": "Polygon", "coordinates": [[[-76.49, 3.395], [-76.485, 3.395], [-76.485, 3.4], [-76.49, 3.4], [-76.49, 3.395]]]}}, {"type": "Feature", "properties": {"value": 6.1489, "sigma": 8.4397}, "geometry": {"type": "Polygon", "coordinates": [[[-76.485, 3.395], [-76.48, 3.395], [-76.48, 3.4], [-76.485, 3.4], [-76.485, 3.395]]]}}, {"type": "Feature", "properties": {"value": 6.2226, "sigma": 8.4815}, "geometry": {"type": "Polygon", "coordinates": [[[-76.48, 3.395], [-76.475, 3.395], [-76.475, 3.4], [-76.48, 3.4], [-76.48, 3.395]]]}}, {"type": "Feature", "properties": {"value": 6.3007, "sigma": 8.5209}, "geometry": {"type": "Polygon", "coordinates": [[[-76.475, 3.395], [-76.47, 3.395], [-76.47, 3.4], [-76.475, 3.4], [-76.475, 3.395]]]}}, {"type": "Feature", "properties": {"value": 6.3745, "sigma": 8.5534}, "geometry": {"type": "Polygon", "coordinates": [[[-76.47, 3.395], [-76.465, 3.395], [-76.465, 3.4], [-76.47, 3.4], [-76.47, 3.395]]]}}, {"type": "Feature", "properties": {"value": 6.437, "sigma": 8.5774}, "geometry": {"type": "Polygon", "coordinates": [[[-76.465, 3.395], [-76.46, 3.395], [-76.46, 3.4], [-76.465, 3.4], [-76.465, 3.395]]]}}, {"type": "Feature", "properties": {"value": 6.4823, "sigma": 8.5928}, "geometry": {"type": "Polygon", "coordinates": [[[-76.46, 3.395], [-76.455, 3.395], [-76.455, 3.4], [-76.46, 3.4], [-76.46, 3.395]]]}}, {"type": "Feature", "properties": {"value": 6.5052, "sigma": 8.5999}, "geometry": {"type": "Polygon", "coordinates": [[[-76.455, 3.395], [-76.45, 3.395], [-76.45, 3.4], [-76.455, 3.4], [-76.455, 3.395]]]}}, {"type": "Feature", "properties": {"value": 6.5071, "sigma": 8.6005}, "geometry": {"type": "Polygon", "coordinates": [[[-76.45, 3.395], [-76.445, 3.395], [-76.445, 3.4], [-76.45, 3.4], [-76.45, 3.395]]]}}, {"type": "Feature", "properties": {"value": 6.5071, "sigma": 8.6005}, "geometry": {"type": "Polygon", "coordinates": [[[-76.445, 3.395], [-76.44, 3.395], [-76.44, 3.4], [-76.445, 3.4], [-76.445, 3.395]]]}}, {"type": "Feature", "properties": {"value": 6.5071, "sigma": 8.6005}, "geometry": {"type": "Polygon", "coordinates": [[[-76.44, 3.395], [-76.435, 3.395], [-76.435, 3.4], [-76.44, 3.4], [-76.44, 3.395]]]}}, {"type": "Feature", "properties": {"value": 6.5071, "sigma": 8.6005}, "geometry": {"type": "Polygon", "coordinates": [[[-76.435, 3.395], [-76.43, 3.395], [-76.43, 3.4], [-76.435, 3.4], [-76.435, 3.395]]]}}, {"type": "Feature", "properties": {"value": 6.5071, "sigma": 8.6005}, "geometry": {"type": "Polygon", "coordinates": [[[-76.43, 3.395], [-76.425, 3.395], [-76.425, 3.4], [-76.43, 3.4], [-76.43, 3.395]]]}}, {"type": "Feature", "properties": {"value": 6.5071, "sigma": 8.6005}, "geometry": {"type": "Polygon", "coordinates": [[[-76.425, 3.395], [-76.42, 3.395], [-76.42, 3.4], [-76.425, 3.4], [-76.425, 3.395]]]}}, {"type": "Feature", "properties": {"value": 6.5071, "sigma": 8.6005}, "geometry": {"type": "Polygon", "coordinates": [[[-76.42, 3.395], [-76.415, 3.395], [-76.415, 3.4], [-76.42, 3.4], [-76.42, 3.395]]]}}, {"type": "Feature", "properties": {"value": 6.5071, "sigma": 8.6005}, "geometry": {"type": "Polygon", "coordinates": [[[-76.415, 3.395], [-76.41, 3.395], [-76.41, 3.4], [-76.415, 3.4], [-76.415, 3.395]]]}}, {"type": "Feature", "properties": {"value": 6.5071, "sigma": 8.6005}, "geometry": {"type": "Polygon", "coordinates": [[[-76.41, 3.395], [-76.405, 3.395], [-76.405, 3.4], [-76.41, 3.4], [-76.41, 3.395]]]}}, {"type": "Feature", "properties": {"value": 6.5071, "sigma": 8.6005}, "geometry": {"type": "Polygon", "coordinates": [[[-76.405, 3.395], [-76.4, 3.395], [-76.4, 3.4], [-76.405, 3.4], [-76.405, 3.395]]]}}, {"type": "Feature", "properties": {"value": 6.5071, "sigma": 8.6005}, "geometry": {"type": "Polygon", "coordinates": [[[-76.6, 3.4], [-76.595, 3.4], [-76.595, 3.405], [-76.6, 3.405], [-76.6, 3.4]]]}}, {"type": "Feature", "properties": {"value": 6.4764, "sigma": 8.5977}, "geometry": {"type": "Polygon", "coordinates": [[[-76.595, 3.4], [-76.59, 3.4], [-76.59, 3.405], [-76.595, 3.405], [-76.595, 3.4]]]}}, {"type": "Feature", "properties": {"value": 6.3512, "sigma": 8.5857}, "geometry": {"type": "Polygon", "coordinates": [[[-76.59, 3.4], [-76.585, 3.4], [-76.585, 3.405], [-76.59, 3.405], [-76.59, 3.4]]]}}, {"type": "Feature", "properties": {"value": 6.1426, "sigma": 8.5632}, "geometry": {"type": "Polygon", "coordinates": [[[-76.585, 3.4], [-76.58, 3.4], [-76.58, 3.405], [-76.585, 3.405], [-76.585, 3.4]]]}}, {"type": "Feature", "properties": {"value": 5.8658, "sigma": 8.5286}, "geometry": {"type": "Polygon", "coordinates": [[[-76.58, 3.4], [-76.575, 3.4], [-76.575, 3.405], [-76.58, 3.405], [-76.58, 3.4]]]}}, {"type": "Feature", "properties": {"value": 5.5385, "sigma": 8.4807}, "geometry": {"type": "Polygon", "coordinates": [[[-76.575, 3.4], [-76.57, 3.4], [-76.57, 3.405], [-76.575, 3.405], [-76.575, 3.4]]]}}, {"type": "Feature", "properties": {"value": 5.1825, "sigma": 8.4196}, "geometry": {"type": "Polygon", "coordinates": [[[-76.57, 3.4], [-76.565, 3.4], [-76.565, 3.405], [-76.57, 3.405], [-76.57, 3.4]]]}}, {"type": "Feature", "properties": {"value": 4.828, "sigma": 8.3495}, "geometry": {"type": "Polygon", "coordinates": [[[-76.565, 3.4], [-76.56, 3.4], [-76.56, 3.405], [-76.565, 3.405], [-76.565, 3.4]]]}}, {"type": "Feature", "properties": {"value": 4.5203, "sigma": 8.2808}, "geometry": {"type": "Polygon", "coordinates": [[[-76.56, 3.4], [-76.555, 3.4], [-76.555, 3.405], [-76.56, 3.405], [-76.56, 3.4]]]}}, {"type": "Feature", "properties": {"value": 4.3258, "sigma": 8.2336}, "geometry": {"type": "Polygon", "coordinates": [[[-76.555, 3.4], [-76.55, 3.4], [-76.55, 3.405], [-76.555, 3.405], [-76.555, 3.4]]]}}, {"type": "Feature", "properties": {"value": 4.3107, "sigma": 8.2298}, "geometry": {"type": "Polygon", "coordinates": [[[-76.55, 3.4], [-76.545, 3.4], [-76.545, 3.405], [-76.55, 3.405], [-76.55, 3.4]]]}}, {"type": "Feature", "properties": {"value": 4.4813, "sigma": 8.2716}, "geometry": {"type": "Polygon", "coordinates": [[[-76.545, 3.4], [-76.54, 3.4], [-76.54, 3.405], [-76.545, 3.405], [-76.545, 3.4]]]}}, {"type": "Feature", "properties": {"value": 4.7685, "sigma": 8.337}, "geometry": {"type": "Polygon", "coordinates": [[[-76.54, 3.4], [-76.535, 3.4], [-76.535, 3.405], [-76.54, 3.405], [-76.54, 3.4]]]}}, {"type": "Feature", "properties": {"value": 5.0844, "sigma": 8.3995}, "geometry": {"type": "Polygon", "coordinates": [[[-76.535, 3.4], [-76.53, 3.4], [-76.53, 3.405], [-76.535, 3.405], [-76.535, 3.4]]]}}, {"type": "Feature", "properties": {"value": 5.3836, "sigma": 8.4441}, "geometry": {"type": "Polygon", "coordinates": [[[-76.53, 3.4], [-76.525, 3.4], [-76.525, 3.405], [-76.53, 3.405], [-76.53, 3.4]]]}}, {"type": "Feature", "properties": {"value": 5.639, "sigma": 8.463}, "geometry": {"type": "Polygon", "coordinates": [[[-76.525, 3.4], [-76.52, 3.4], [-76.52, 3.405], [-76.525, 3.405], [-76.525, 3.4]]]}}, {"type": "Feature", "properties": {"value": 5.8333, "sigma": 8.4542}, "geometry": {"type": "Polygon", "coordinates": [[[-76.52, 3.4], [-76.515, 3.4], [-76.515, 3.405], [-76.52, 3.405], [-76.52, 3.4]]]}}, {"type": "Feature", "properties": {"value": 5.9552, "sigma": 8.42}, "geometry": {"type": "Polygon", "coordinates": [[[-76.515, 3.4], [-76.51, 3.4], [-76.51, 3.405], [-76.515, 3.405], [-76.515, 3.4]]]}}, {"type": "Feature", "properties": {"value": 5.9984, "sigma": 8.3682}, "geometry": {"type": "Polygon", "coordinates": [[[-76.51, 3.4], [-76.505, 3.4], [-76.505, 3.405], [-76.51, 3.405], [-76.51, 3.4]]]}}, {"type": "Feature", "properties": {"value": 5.962, "sigma": 8.3126}, "geometry": {"type": "Polygon", "coordinates": [[[-76.505, 3.4], [-76.5, 3.4], [-76.5, 3.405], [-76.505, 3.405], [-76.505, 3.4]]]}}, {"type": "Feature", "properties": {"value": 5.9144, "sigma": 8.2752}, "geometry": {"type": "Polygon", "coordinates": [[[-76.5, 3.4], [-76.495, 3.4], [-76.495, 3.405], [-76.5, 3.405], [-76.5, 3.4]]]}}, {"type": "Feature", "properties": {"value": 5.914, "sigma": 8.2749}, "geometry": {"type": "Polygon", "coordinates": [[[-76.495, 3.4], [-76.49, 3.4], [-76.49, 3.405], [-76.495, 3.405], [-76.495, 3.4]]]}}, {"type": "Feature", "properties": {"value": 5.9609, "sigma": 8.3117}, "geometry": {"type": "Polygon", "coordinates": [[[-76.49, 3.4], [-76.485, 3.4], [-76.485, 3.405], [-76.49, 3.405], [-76.49, 3.4]]]}}, {"type": "Feature", "properties": {"value": 6.0406, "sigma": 8.3698}, "geometry": {"type": "Polygon", "coordinates": [[[-76.485, 3.4], [-76.48, 3.4], [-76.48, 3.405], [-76.485, 3.405], [-76.485, 3.4]]]}}, {"type": "Feature", "properties": {"value": 6.1362, "sigma": 8.432}, "geometry": {"type": "Polygon", "coordinates": [[[-76.48, 3.4], [-76.475, 3.4], [-76.475, 3.405], [-76.48, 3.405], [-76.48, 3.4]]]}}, {"type": "Feature", "properties": {"value": 6.2344, "sigma": 8.4878}, "geometry": {"type": "Polygon", "coordinates": [[[-76.475, 3.4], [-76.47, 3.4], [-76.47, 3.405], [-76.475, 3.405], [-76.475, 3.4]]]}}, {"type": "Feature", "properties": {"value": 6.326, "sigma": 8.5325}, "geometry": {"type": "Polygon", "coordinates": [[[-76.47, 3.4], [-76.465, 3.4], [-76.465, 3.405], [-76.47, 3.405], [-76.47, 3.4]]]}}, {"type": "Feature", "properties": {"value": 6.4041, "sigma": 8.5651}, "geometry": {"type": "Polygon", "coordinates": [[[-76.465, 3.4], [-76.46, 3.4], [-76.46, 3.405], [-76.465, 3.405], [-76.465, 3.4]]]}}, {"type": "Feature", "properties": {"value": 6.4632, "sigma": 8.5865}, "geometry": {"type": "Polygon", "coordinates": [[[-76.46, 3.4], [-76.455, 3.4], [-76.455, 3.405], [-76.46, 3.405], [-76.46, 3.4]]]}}, {"type": "Feature", "properties": {"value": 6.4987, "sigma": 8.5979}, "geometry": {"type": "Polygon", "coordinates": [[[-76.455, 3.4], [-76.45, 3.4], [-76.45, 3.405], [-76.455, 3.405], [-76.455, 3.4]]]}}, {"type": "Feature", "properties": {"value": 6.5071, "sigma": 8.6005}, "geometry": {"type": "Polygon", "coordinates": [[[-76.45, 3.4], [-76.445, 3.4], [-76.445, 3.405], [-76.45, 3.405], [-76.45, 3.4]]]}}, {"type": "Feature", "properties": {"value": 6.5071, "sigma": 8.6005}, "geometry": {"type": "Polygon", "coordinates": [[[-76.445, 3.4], [-76.44, 3.4], [-76.44, 3.405], [-76.445, 3.405], [-76.445, 3.4]]]}}, {"type": "Feature", "properties": {"value": 6.5071, "sigma": 8.6005}, "geometry": {"type": "Polygon", "coordinates": [[[-76.44, 3.4], [-76.435, 3.4], [-76.435, 3.405], [-76.44, 3.405], [-76.44, 3.4]]]}}, {"type": "Feature", "properties": {"value": 6.5071, "sigma": 8.6005}, "geometry": {"type": "Polygon", "coordinates": [[[-76.435, 3.4], [-76.43, 3.4], [-76.43, 3.405], [-76.435, 3.405], [-76.435, 3.4]]]}}, {"type": "Feature", "properties": {"value": 6.5071, "sigma": 8.6005}, "geometry": {"type": "Polygon", "coordinates": [[[-76.43, 3.4], [-76.425, 3.4], [-76.425, 3.405], [-76.43, 3.405], [-76.43, 3.4]]]}}, {"type": "Feature", "properties": {"value": 6.5071, "sigma": 8.6005}, "geometry": {"type": "Polygon", "coordinates": [[[-76.425, 3.4], [-76.42, 3.4], [-76.42, 3.405], [-76.425, 3.405], [-76.425, 3.4]]]}}, {"type": "Feature", "properties": {"value": 6.5071, "sigma": 8.6005}, "geometry": {"type": "Polygon", "coordinates": [[[-76.42, 3.4], [-76.415, 3.4], [-76.415, 3.405], [-76.42, 3.405], [-76.42, 3.4]]]}}, {"type": "Feature", "properties": {"value": 6.5071, "sigma": 8.6005}, "geometry": {"type": "Polygon", "coordinates": [[[-76.415, 3.4], [-76.41, 3.4], [-76.41, 3.405], [-76.415, 3.405], [-76.415, 3.4]]]}}, {"type": "Feature", "properties": {"value": 6.5071, "sigma": 8.6005}, "geometry": {"type": "Polygon", "coordinates": [[[-76.41, 3.4], [-76.405, 3.4], [-76.405, 3.405], [-76.41, 3.405], [-76.41, 3.4]]]}}, {"type": "Feature", "properties": {"value": 6.5071, "sigma": 8.6005}, "geometry": {"type": "Polygon", "coordinates": [[[-76.405, 3.4], [-76.4, 3.4], [-76.4, 3.405], [-76.405, 3.405], [-76.405, 3.4]]]}}, {"type": "Feature", "properties": {"value": 6.5071, "sigma": 8.6005}, "geometry": {"type": "Polygon", "coordinates": [[[-76.6, 3.405], [-76.595, 3.405], [-76.595, 3.41], [-76.6, 3.41], [-76.6, 3.405]]]}}, {"type": "Feature", "properties": {"value": 6.4539, "sigma": 8.5956}, "geometry": {"type": "Polygon", "coordinates": [[[-76.595, 3.405], [-76.59, 3.405], [-76.59, 3.41], [-76.595, 3.41], [-76.595, 3.405]]]}}, {"type": "Feature", "properties": {"value": 6.3001, "sigma": 8.5805}, "geometry": {"type": "Polygon", "coordinates": [[[-76.59, 3.405], [-76.585, 3.405], [-76.585, 3.41], [-76.59, 3.41], [-76.59, 3.405]]]}}, {"type": "Feature", "properties": {"value": 6.0587, "sigma": 8.5533}, "geometry": {"type": "Polygon", "coordinates": [[[-76.585, 3.405], [-76.58, 3.405], [-76.58, 3.41], [-76.585, 3.41], [-76.585, 3.405]]]}}, {"type": "Feature", "properties": {"value": 5.7431, "sigma": 8.5115}, "geometry": {"type": "Polygon", "coordinates": [[[-76.58, 3.405], [-76.575, 3.405], [-76.575, 3.41], [-76.58, 3.41], [-76.58, 3.405]]]}}, {"type": "Feature", "properties": {"value": 5.3681, "sigma": 8.4526}, "geometry": {"type": "Polygon", "coordinates": [[[-76.575, 3.405], [-76.57, 3.405], [-76.57, 3.41], [-76.575, 3.41], [-76.575, 3.405]]]}}, {"type": "Feature", "properties": {"value": 4.9512, "sigma": 8.3749}, "geometry": {"type": "Polygon", "coordinates": [[[-76.57, 3.405], [-76.565, 3.405], [-76.565, 3.41], [-76.57, 3.41], [-76.57, 3.405]]]}}, {"type": "Feature", "properties": {"value": 4.5165, "sigma": 8.2799}, "geometry": {"type": "Polygon", "coordinates": [[[-76.565, 3.405], [-76.56, 3.405], [-76.56, 3.41], [-76.565, 3.41], [-76.565, 3.405]]]}}, {"type": "Feature", "properties": {"value": 4.1057, "sigma": 8.1765}, "geometry": {"type": "Polygon", "coordinates": [[[-76.56, 3.405], [-76.555, 3.405], [-76.555, 3.41], [-76.56, 3.41], [-76.56, 3.405]]]}}, {"type": "Feature", "properties": {"value": 3.8104, "sigma": 8.0938}, "geometry": {"type": "Polygon", "coordinates": [[[-76.555, 3.405], [-76.55, 3.405], [-76.55, 3.41], [-76.555, 3.41], [-76.555, 3.405]]]}}, {"type": "Feature", "properties": {"value": 3.7854, "sigma": 8.0865}, "geometry": {"type": "Polygon", "coordinates": [[[-76.55, 3.405], [-76.545, 3.405], [-76.545, 3.41], [-76.55, 3.41], [-76.55, 3.405]]]}}, {"type": "Feature", "properties": {"value": 4.0497, "sigma": 8.1614}, "geometry": {"type": "Polygon", "coordinates": [[[-76.545, 3.405], [-76.54, 3.405], [-76.54, 3.41], [-76.545, 3.41], [-76.545, 3.405]]]}}, {"type": "Feature", "properties": {"value": 4.4351, "sigma": 8.2616}, "geometry": {"type": "Polygon", "coordinates": [[[-76.54, 3.405], [-76.535, 3.405], [-76.535, 3.41], [-76.54, 3.41], [-76.54, 3.405]]]}}, {"type": "Feature", "properties": {"value": 4.825, "sigma": 8.3483}, "geometry": {"type": "Polygon", "coordinates": [[[-76.535, 3.405], [-76.53, 3.405], [-76.53, 3.41], [-76.535, 3.41], [-76.535, 3.405]]]}}, {"type": "Feature", "properties": {"value": 5.1767, "sigma": 8.4062}, "geometry": {"type": "Polygon", "coordinates": [[[-76.53, 3.405], [-76.525, 3.405], [-76.525, 3.41], [-76.53, 3.41], [-76.53, 3.405]]]}}, {"type": "Feature", "properties": {"value": 5.4686, "sigma": 8.4292}, "geometry": {"type": "Polygon", "coordinates": [[[-76.525, 3.405], [-76.52, 3.405], [-76.52, 3.41], [-76.525, 3.41], [-76.525, 3.405]]]}}, {"type": "Feature", "properties": {"value": 5.6873, "sigma": 8.4157}, "geometry": {"type": "Polygon", "coordinates": [[[-76.52, 3.405], [-76.515, 3.405], [-76.515, 3.41], [-76.52, 3.41], [-76.52, 3.405]]]}}, {"type": "Feature", "properties": {"value": 5.8236, "sigma": 8.3681}, "geometry": {"type": "Polygon", "coordinates": [[[-76.515, 3.405], [-76.51, 3.405], [-76.51, 3.41], [-76.515, 3.41], [-76.515, 3.405]]]}}, {"type": "Feature", "properties": {"value": 5.8717, "sigma": 8.2934}, "geometry": {"type": "Polygon", "coordinates": [[[-76.51, 3.405], [-76.505, 3.405], [-76.505, 3.41], [-76.51, 3.41], [-76.51, 3.405]]]}}, {"type": "Feature", "properties": {"value": 5.8327, "sigma": 8.2073}, "geometry": {"type": "Polygon", "coordinates": [[[-76.505, 3.405], [-76.5, 3.405], [-76.5, 3.41], [-76.505, 3.41], [-76.505, 3.405]]]}}, {"type": "Feature", "properties": {"value": 5.7628, "sigma": 8.1425}, "geometry": {"type": "Polygon", "coordinates": [[[-76.5, 3.405], [-76.495, 3.405], [-76.495, 3.41], [-76.5, 3.41], [-76.5, 3.405]]]}}, {"type": "Feature", "properties": {"value": 5.7621, "sigma": 8.1418}, "geometry": {"type": "Polygon", "coordinates": [[[-76.495, 3.405], [-76.49, 3.405], [-76.49, 3.41], [-76.495, 3.41], [-76.495, 3.405]]]}}, {"type": "Feature", "properties": {"value": 5.8322, "sigma": 8.2059}, "geometry": {"type": "Polygon", "coordinates": [[[-76.49, 3.405], [-76.485, 3.405], [-76.485, 3.41], [-76.49, 3.41], [-76.49, 3.405]]]}}, {"type": "Feature", "properties": {"value": 5.9401, "sigma": 8.2957}, "geometry": {"type": "Polygon", "coordinates": [[[-76.485, 3.405], [-76.48, 3.405], [-76.48, 3.41], [-76.485, 3.41], [-76.485, 3.405]]]}}, {"type": "Feature", "properties": {"value": 6.0599, "sigma": 8.383}, "geometry": {"type": "Polygon", "coordinates": [[[-76.48, 3.405], [-76.475, 3.405], [-76.475, 3.41], [-76.48, 3.41], [-76.48, 3.405]]]}}, {"type": "Feature", "properties": {"value": 6.1775, "sigma": 8.4565}, "geometry": {"type": "Polygon", "coordinates": [[[-76.475, 3.405], [-76.47, 3.405], [-76.47, 3.41], [-76.475, 3.41], [-76.475, 3.405]]]}}, {"type": "Feature", "properties": {"value": 6.2847, "sigma": 8.5133}, "geometry": {"type": "Polygon", "coordinates": [[[-76.47, 3.405], [-76.465, 3.405], [-76.465, 3.41], [-76.47, 3.41], [-76.47, 3.405]]]}}, {"type": "Feature", "properties": {"value": 6.3758, "sigma": 8.5539}, "geometry": {"type": "Polygon", "coordinates": [[[-76.465, 3.405], [-76.46, 3.405], [-76.46, 3.41], [-76.465, 3.41], [-76.465, 3.405]]]}}, {"type": "Feature", "properties": {"value": 6.4459, "sigma": 8.5805}, "geometry": {"type": "Polygon", "coordinates": [[[-76.46, 3.405], [-76.455, 3.405], [-76.455, 3.41], [-76.46, 3.41], [-76.46, 3.405]]]}}, {"type": "Feature", "properties": {"value": 6.491, "sigma": 8.5956}, "geometry": {"type": "Polygon", "coordinates": [[[-76.455, 3.405], [-76.45, 3.405], [-76.45, 3.41], [-76.455, 3.41], [-76.455, 3.405]]]}}, {"type": "Feature", "properties": {"value": 6.5071, "sigma": 8.6005}, "geometry": {"type": "Polygon", "coordinates": [[[-76.45, 3.405], [-76.445, 3.405], [-76.445, 3.41], [-76.45, 3.41], [-76.45, 3.405]]]}}, {"type": "Feature", "properties": {"value": 6.5071, "sigma": 8.6005}, "geometry": {"type": "Polygon", "coordinates": [[[-76.445, 3.405], [-76.44, 3.405], [-76.44, 3.41], [-76.445, 3.41], [-76.445, 3.405]]]}}, {"type": "Feature", "properties": {"value": 6.5071, "sigma": 8.6005}, "geometry": {"type": "Polygon", "coordinates": [[[-76.44, 3.405], [-76.435, 3.405], [-76.435, 3.41], [-76.44, 3.41], [-76.44, 3.405]]]}}, {"type": "Feature", "properties": {"value": 6.5071, "sigma": 8.6005}, "geometry": {"type": "Polygon", "coordinates": [[[-76.435, 3.405], [-76.43, 3.405], [-76.43, 3.41], [-76.435, 3.41], [-76.435, 3.405]]]}}, {"type": "Feature", "properties": {"value": 6.5071, "sigma": 8.6005}, "geometry": {"type": "Polygon", "coordinates": [[[-76.43, 3.405], [-76.425, 3.405], [-76.425, 3.41], [-76.43, 3.41], [-76.43, 3.405]]]}}, {"type": "Feature", "properties": {"value": 6.5071, "sigma": 8.6005}, "geometry": {"type": "Polygon", "coordinates": [[[-76.425, 3.405], [-76.42, 3.405], [-76.42, 3.41], [-76.425, 3.41], [-76.425, 3.405]]]}}, {"type": "Feature", "properties": {"value": 6.5071, "sigma": 8.6005}, "geometry": {"type": "Polygon", "coordinates": [[[-76.42, 3.405], [-76.415, 3.405], [-76.415, 3.41], [-76.42, 3.41], [-76.42, 3.405]]]}}, {"type": "Feature", "properties": {"value": 6.5071, "sigma": 8.6005}, "geometry": {"type": "Polygon", "coordinates": [[[-76.415, 3.405], [-76.41, 3.405], [-76.41, 3.41], [-76.415, 3.41], [-76.415, 3.405]]]}}, {"type": "Feature", "properties": {"value": 6.5071, "sigma": 8.6005}, "geometry": {"type": "Polygon", "coordinates": [[[-76.41, 3.405], [-76.405, 3.405], [-76.405, 3.41], [-76.41, 3.41], [-76.41, 3.405]]]}}, {"type": "Feature", "properties": {"value": 6.5071, "sigma": 8.6005}, "geometry": {"type": "Polygon", "coordinates": [[[-76.405, 3.405], [-76.4, 3.405], [-76.4, 3.41], [-76.405, 3.41], [-76.405, 3.405]]]}}, {"type": "Feature", "properties": {"value": 6.5065, "sigma": 8.6005}, "geometry": {"type": "Polygon", "coordinates": [[[-76.6, 3.41], [-76.595, 3.41], [-76.595, 3.415], [-76.6, 3.415], [-76.6, 3.41]]]}}, {"type": "Feature", "properties": {"value": 6.4395, "sigma": 8.5943}, "geometry": {"type": "Polygon", "coordinates": [[[-76.595, 3.41], [-76.59, 3.41], [-76.59, 3.415], [-76.595, 3.415], [-76.595, 3.41]]]}}, {"type": "Feature", "properties": {"value": 6.27, "sigma": 8.5773}, "geometry": {"type": "Polygon", "coordinates": [[[-76.59, 3.41], [-76.585, 3.41], [-76.585, 3.415], [-76.59, 3.415], [-76.59, 3.41]]]}}, {"type": "Feature", "properties": {"value": 6.0102, "sigma": 8.5474}, "geometry": {"type": "Polygon", "coordinates": [[[-76.585, 3.41], [-76.58, 3.41], [-76.58, 3.415], [-76.585, 3.415], [-76.585, 3.41]]]}}, {"type": "Feature", "properties": {"value": 5.6723, "sigma": 8.5012}, "geometry": {"type": "Polygon", "coordinates": [[[-76.58, 3.41], [-76.575, 3.41], [-76.575, 3.415], [-76.58, 3.415], [-76.58, 3.41]]]}}, {"type": "Feature", "properties": {"value": 5.2687, "sigma": 8.4352}, "geometry": {"type": "Polygon", "coordinates": [[[-76.575, 3.41], [-76.57, 3.41], [-76.57, 3.415], [-76.575, 3.415], [-76.575, 3.41]]]}}, {"type": "Feature", "properties": {"value": 4.8123, "sigma": 8.3461}, "geometry": {"type": "Polygon", "coordinates": [[[-76.57, 3.41], [-76.565, 3.41], [-76.565, 3.415], [-76.57, 3.415], [-76.57, 3.41]]]}}, {"type": "Feature", "properties": {"value": 4.3175, "sigma": 8.2315}, "geometry": {"type": "Polygon", "coordinates": [[[-76.565, 3.41], [-76.56, 3.41], [-76.56, 3.415], [-76.565, 3.415], [-76.565, 3.41]]]}}, {"type": "Feature", "properties": {"value": 3.8042, "sigma": 8.092}, "geometry": {"type": "Polygon", "coordinates": [[[-76.56, 3.41], [-76.555, 3.41], [-76.555, 3.415], [-76.56, 3.415], [-76.56, 3.41]]]}}, {"type": "Feature", "properties": {"value": 3.3295, "sigma": 7.9433}, "geometry": {"type": "Polygon", "coordinates": [[[-76.555, 3.41], [-76.55, 3.41], [-76.55, 3.415], [-76.555, 3.415], [-76.555, 3.41]]]}}, {"type": "Feature", "properties": {"value": 3.2711, "sigma": 7.9246}, "geometry": {"type": "Polygon", "coordinates": [[[-76.55, 3.41], [-76.545, 3.41], [-76.545, 3.415], [-76.55, 3.415], [-76.55, 3.41]]]}}, {"type": "Feature", "properties": {"value": 3.7167, "sigma": 8.0681}, "geometry": {"type": "Polygon", "coordinates": [[[-76.545, 3.41], [-76.54, 3.41], [-76.54, 3.415], [-76.545, 3.415], [-76.545, 3.41]]]}}, {"type": "Feature", "properties": {"value": 4.2036, "sigma": 8.2066}, "geometry": {"type": "Polygon", "coordinates": [[[-76.54, 3.41], [-76.535, 3.41], [-76.535, 3.415], [-76.54, 3.415], [-76.54, 3.41]]]}}, {"type": "Feature", "properties": {"value": 4.6492, "sigma": 8.3125}, "geometry": {"type": "Polygon", "coordinates": [[[-76.535, 3.41], [-76.53, 3.41], [-76.53, 3.415], [-76.535, 3.415], [-76.535, 3.41]]]}}, {"type": "Feature", "properties": {"value": 5.0364, "sigma": 8.3796}, "geometry": {"type": "Polygon", "coordinates": [[[-76.53, 3.41], [-76.525, 3.41], [-76.525, 3.415], [-76.53, 3.415], [-76.53, 3.41]]]}}, {"type": "Feature", "properties": {"value": 5.3566, "sigma": 8.4051}, "geometry": {"type": "Polygon", "coordinates": [[[-76.525, 3.41], [-76.52, 3.41], [-76.52, 3.415], [-76.525, 3.415], [-76.525, 3.41]]]}}, {"type": "Feature", "properties": {"value": 5.6116, "sigma": 8.3878}, "geometry": {"type": "Polygon", "coordinates": [[[-76.52, 3.41], [-76.515, 3.41], [-76.515, 3.415], [-76.52, 3.415], [-76.52, 3.41]]]}}, {"type": "Feature", "properties": {"value": 5.7776, "sigma": 8.3287}, "geometry": {"type": "Polygon", "coordinates": [[[-76.515, 3.41], [-76.51, 3.41], [-76.51, 3.415], [-76.515, 3.415], [-76.515, 3.41]]]}}, {"type": "Feature", "properties": {"value": 5.8323, "sigma": 8.2316}, "geometry": {"type": "Polygon", "coordinates": [[[-76.51, 3.41], [-76.505, 3.41], [-76.505, 3.415], [-76.51, 3.415], [-76.51, 3.41]]]}}, {"type": "Feature", "properties": {"value": 5.7694, "sigma": 8.1066}, "geometry": {"type": "Polygon", "coordinates": [[[-76.505, 3.41], [-76.5, 3.41], [-76.5, 3.415], [-76.505, 3.415], [-76.505, 3.41]]]}}, {"type": "Feature", "properties": {"value": 5.6405, "sigma": 7.9875}, "geometry": {"type": "Polygon", "coordinates": [[[-76.5, 3.41], [-76.495, 3.41], [-76.495, 3.415], [-76.5, 3.415], [-76.5, 3.41]]]}}, {"type": "Feature", "properties": {"value": 5.6184, "sigma": 7.9862}, "geometry": {"type": "Polygon", "coordinates": [[[-76.495, 3.41], [-76.49, 3.41], [-76.49, 3.415], [-76.495, 3.415], [-76.495, 3.41]]]}}, {"type": "Feature", "properties": {"value": 5.724, "sigma": 8.105}, "geometry": {"type": "Polygon", "coordinates": [[[-76.49, 3.41], [-76.485, 3.41], [-76.485, 3.415], [-76.49, 3.415], [-76.49, 3.41]]]}}, {"type": "Feature", "properties": {"value": 5.8654, "sigma": 8.2347}, "geometry": {"type": "Polygon", "coordinates": [[[-76.485, 3.41], [-76.48, 3.41], [-76.48, 3.415], [-76.485, 3.415], [-76.485, 3.41]]]}}, {"type": "Feature", "properties": {"value": 6.0068, "sigma": 8.3458}, "geometry": {"type": "Polygon", "coordinates": [[[-76.48, 3.41], [-76.475, 3.41], [-76.475, 3.415], [-76.48, 3.415], [-76.48, 3.41]]]}}, {"type": "Feature", "properties": {"value": 6.1392, "sigma": 8.4338}, "geometry": {"type": "Polygon", "coordinates": [[[-76.475, 3.41], [-76.47, 3.41], [-76.47, 3.415], [-76.475, 3.415], [-76.475, 3.41]]]}}, {"type": "Feature", "properties": {"value": 6.2573, "sigma": 8.4996}, "geometry": {"type": "Polygon", "coordinates": [[[-76.47, 3.41], [-76.465, 3.41], [-76.465, 3.415], [-76.47, 3.415], [-76.47, 3.41]]]}}, {"type": "Feature", "properties": {"value": 6.3569, "sigma": 8.546}, "geometry": {"type": "Polygon", "coordinates": [[[-76.465, 3.41], [-76.46, 3.41], [-76.46, 3.415], [-76.465, 3.415], [-76.465, 3.41]]]}}, {"type": "Feature", "properties": {"value": 6.4341, "sigma": 8.5763}, "geometry": {"type": "Polygon", "coordinates": [[[-76.46, 3.41], [-76.455, 3.41], [-76.455, 3.415], [-76.46, 3.415], [-76.46, 3.41]]]}}, {"type": "Feature", "properties": {"value": 6.4852, "sigma": 8.5937}, "geometry": {"type": "Polygon", "coordinates": [[[-76.455, 3.41], [-76.45, 3.41], [-76.45, 3.415], [-76.455, 3.415], [-76.455, 3.41]]]}}, {"type": "Feature", "properties": {"value": 6.5066, "sigma": 8.6004}, "geometry": {"type": "Polygon", "coordinates": [[[-76.45, 3.41], [-76.445, 3.41], [-76.445, 3.415], [-76.45, 3.415], [-76.45, 3.41]]]}}, {"type": "Feature", "properties": {"value": 6.5071, "sigma": 8.6005}, "geometry": {"type": "Polygon", "coordinates": [[[-76.445, 3.41], [-76.44, 3.41], [-76.44, 3.415], [-76.445, 3.415], [-76.445, 3.41]]]}}, {"type": "Feature", "properties": {"value": 6.5071, "sigma": 8.6005}, "geometry": {"type": "Polygon", "coordinates": [[[-76.44, 3.41], [-76.435, 3.41], [-76.435, 3.415], [-76.44, 3.415], [-76.44, 3.41]]]}}, {"type": "Feature", "properties": {"value": 6.5071, "sigma": 8.6005}, "geometry": {"type": "Polygon", "coordinates": [[[-76.435, 3.41], [-76.43, 3.41], [-76.43, 3.415], [-76.435, 3.415], [-76.435, 3.41]]]}}, {"type": "Feature", "properties": {"value": 6.5071, "sigma": 8.6005}, "geometry": {"type": "Polygon", "coordinates": [[[-76.43, 3.41], [-76.425, 3.41], [-76.425, 3.415], [-76.43, 3.415], [-76.43, 3.41]]]}}, {"type": "Feature", "properties": {"value": 6.5071, "sigma": 8.6005}, "geometry": {"type": "Polygon", "coordinates": [[[-76.425, 3.41], [-76.42, 3.41], [-76.42, 3.415], [-76.425, 3.415], [-76.425, 3.41]]]}}, {"type": "Feature", "properties": {"value": 6.5071, "sigma": 8.6005}, "geometry": {"type": "Polygon", "coordinates": [[[-76.42, 3.41], [-76.415, 3.41], [-76.415, 3.415], [-76.42, 3.415], [-76.42, 3.41]]]}}, {"type": "Feature", "properties": {"value": 6.5071, "sigma": 8.6005}, "geometry": {"type": "Polygon", "coordinates": [[[-76.415, 3.41], [-76.41, 3.41], [-76.41, 3.415], [-76.415, 3.415], [-76.415, 3.41]]]}}, {"type": "Feature", "properties": {"value": 6.5071, "sigma": 8.6005}, "geometry": {"type": "Polygon", "coordinates": [[[-76.41, 3.41], [-76.405, 3.41], [-76.405, 3.415], [-76.41, 3.415], [-76.41, 3.41]]]}}, {"type": "Feature", "properties": {"value": 6.5071, "sigma": 8.6005}, "geometry": {"type": "Polygon", "coordinates": [[[-76.405, 3.41], [-76.4, 3.41], [-76.4, 3.415], [-76.405, 3.415], [-76.405, 3.41]]]}}, {"type": "Feature", "properties": {"value": 6.5064, "sigma": 8.6004}, "geometry": {"type": "Polygon", "coordinates": [[[-76.6, 3.415], [-76.595, 3.415], [-76.595, 3.42], [-76.6, 3.42], [-76.6, 3.415]]]}}, {"type": "Feature", "properties": {"value": 6.4382, "sigma": 8.5942}, "geometry": {"type": "Polygon", "coordinates": [[[-76.595, 3.415], [-76.59, 3.415], [-76.59, 3.42], [-76.595, 3.42], [-76.595, 3.415]]]}}, {"type": "Feature", "properties": {"value": 6.2674, "sigma": 8.577}, "geometry": {"type": "Polygon", "coordinates": [[[-76.59, 3.415], [-76.585, 3.415], [-76.585, 3.42], [-76.59, 3.42], [-76.59, 3.415]]]}}, {"type": "Feature", "properties": {"value": 6.006, "sigma": 8.5468}, "geometry": {"type": "Polygon", "coordinates": [[[-76.585, 3.415], [-76.58, 3.415], [-76.58, 3.42], [-76.585, 3.42], [-76.585, 3.415]]]}}, {"type": "Feature", "properties": {"value": 5.6661, "sigma": 8.5003}, "geometry": {"type": "Polygon", "coordinates": [[[-76.58, 3.415], [-76.575, 3.415], [-76.575, 3.42], [-76.58, 3.42], [-76.58, 3.415]]]}}, {"type": "Feature", "properties": {"value": 5.2599, "sigma": 8.4337}, "geometry": {"type": "Polygon", "coordinates": [[[-76.575, 3.415], [-76.57, 3.415], [-76.57, 3.42], [-76.575, 3.42], [-76.575, 3.415]]]}}, {"type": "Feature", "properties": {"value": 4.7999, "sigma": 8.3435}, "geometry": {"type": "Polygon", "coordinates": [[[-76.57, 3.415], [-76.565, 3.415], [-76.565, 3.42], [-76.57, 3.42], [-76.57, 3.415]]]}}, {"type": "Feature", "properties": {"value": 4.2992, "sigma": 8.2269}, "geometry": {"type": "Polygon", "coordinates": [[[-76.565, 3.415], [-76.56, 3.415], [-76.56, 3.42], [-76.565, 3.42], [-76.565, 3.415]]]}}, {"type": "Feature", "properties": {"value": 3.7711, "sigma": 8.0828}, "geometry": {"type": "Polygon", "coordinates": [[[-76.56, 3.415], [-76.555, 3.415], [-76.555, 3.42], [-76.56, 3.42], [-76.56, 3.415]]]}}, {"type": "Feature", "properties": {"value": 3.2485, "sigma": 7.9198}, "geometry": {"type": "Polygon", "coordinates": [[[-76.555, 3.415], [-76.55, 3.415], [-76.55, 3.42], [-76.555, 3.42], [-76.555, 3.415]]]}}, {"type": "Feature", "properties": {"value": 3.1666, "sigma": 7.896}, "geometry": {"type": "Polygon", "coordinates": [[[-76.55, 3.415], [-76.545, 3.415], [-76.545, 3.42], [-76.55, 3.42], [-76.55, 3.415]]]}}, {"type": "Feature", "properties": {"value": 3.6469, "sigma": 8.0539}, "geometry": {"type": "Polygon", "coordinates": [[[-76.545, 3.415], [-76.54, 3.415], [-76.54, 3.42], [-76.545, 3.42], [-76.545, 3.415]]]}}, {"type": "Feature", "properties": {"value": 4.1392, "sigma": 8.1949}, "geometry": {"type": "Polygon", "coordinates": [[[-76.54, 3.415], [-76.535, 3.415], [-76.535, 3.42], [-76.54, 3.42], [-76.54, 3.415]]]}}, {"type": "Feature", "properties": {"value": 4.5894, "sigma": 8.3007}, "geometry": {"type": "Polygon", "coordinates": [[[-76.535, 3.415], [-76.53, 3.415], [-76.53, 3.42], [-76.535, 3.42], [-76.535, 3.415]]]}}, {"type": "Feature", "properties": {"value": 5.023, "sigma": 8.3668}, "geometry": {"type": "Polygon", "coordinates": [[[-76.53, 3.415], [-76.525, 3.415], [-76.525, 3.42], [-76.53, 3.42], [-76.53, 3.415]]]}}, {"type": "Feature", "properties": {"value": 5.4189, "sigma": 8.3907}, "geometry": {"type": "Polygon", "coordinates": [[[-76.525, 3.415], [-76.52, 3.415], [-76.52, 3.42], [-76.525, 3.42], [-76.525, 3.415]]]}}, {"type": "Feature", "properties": {"value": 5.7404, "sigma": 8.3713}, "geometry": {"type": "Polygon", "coordinates": [[[-76.52, 3.415], [-76.515, 3.415], [-76.515, 3.42], [-76.52, 3.42], [-76.52, 3.415]]]}}, {"type": "Feature", "properties": {"value": 5.9539, "sigma": 8.3086}, "geometry": {"type": "Polygon", "coordinates": [[[-76.515, 3.415], [-76.51, 3.415], [-76.51, 3.42], [-76.515, 3.42], [-76.515, 3.415]]]}}, {"type": "Feature", "properties": {"value": 6.0314, "sigma": 8.2041}, "geometry": {"type": "Polygon", "coordinates": [[[-76.51, 3.415], [-76.505, 3.415], [-76.505, 3.42], [-76.51, 3.42], [-76.51, 3.415]]]}}, {"type": "Feature", "properties": {"value": 5.9534, "sigma": 8.0604}, "geometry": {"type": "Polygon", "coordinates": [[[-76.505, 3.415], [-76.5, 3.415], [-76.5, 3.42], [-76.505, 3.42], [-76.505, 3.415]]]}}, {"type": "Feature", "properties": {"value": 5.7456, "sigma": 7.8819}, "geometry": {"type": "Polygon", "coordinates": [[[-76.5, 3.415], [-76.495, 3.415], [-76.495, 3.42], [-76.5, 3.42], [-76.5, 3.415]]]}}, {"type": "Feature", "properties": {"value": 5.6693, "sigma": 7.8792}, "geometry": {"type": "Polygon", "coordinates": [[[-76.495, 3.415], [-76.49, 3.415], [-76.49, 3.42], [-76.495, 3.42], [-76.495, 3.415]]]}}, {"type": "Feature", "properties": {"value": 5.7543, "sigma": 8.0606}, "geometry": {"type": "Polygon", "coordinates": [[[-76.49, 3.415], [-76.485, 3.415], [-76.485, 3.42], [-76.49, 3.42], [-76.49, 3.415]]]}}, {"type": "Feature", "properties": {"value": 5.8542, "sigma": 8.2119}, "geometry": {"type": "Polygon", "coordinates": [[[-76.485, 3.415], [-76.48, 3.415], [-76.48, 3.42], [-76.485, 3.42], [-76.485, 3.415]]]}}, {"type": "Feature", "properties": {"value": 5.9891, "sigma": 8.3329}, "geometry": {"type": "Polygon", "coordinates": [[[-76.48, 3.415], [-76.475, 3.415], [-76.475, 3.42], [-76.48, 3.42], [-76.48, 3.415]]]}}, {"type": "Feature", "properties": {"value": 6.1267, "sigma": 8.4262}, "geometry": {"type": "Polygon", "coordinates": [[[-76.475, 3.415], [-76.47, 3.415], [-76.47, 3.42], [-76.475, 3.42], [-76.475, 3.415]]]}}, {"type": "Feature", "properties": {"value": 6.2484, "sigma": 8.4951}, "geometry": {"type": "Polygon", "coordinates": [[[-76.47, 3.415], [-76.465, 3.415], [-76.465, 3.42], [-76.47, 3.42], [-76.47, 3.415]]]}}, {"type": "Feature", "properties": {"value": 6.3508, "sigma": 8.5434}, "geometry": {"type": "Polygon", "coordinates": [[[-76.465, 3.415], [-76.46, 3.415], [-76.46, 3.42], [-76.465, 3.42], [-76.465, 3.415]]]}}, {"type": "Feature", "properties": {"value": 6.4302, "sigma": 8.5749}, "geometry": {"type": "Polygon", "coordinates": [[[-76.46, 3.415], [-76.455, 3.415], [-76.455, 3.42], [-76.46, 3.42], [-76.46, 3.415]]]}}, {"type": "Feature", "properties": {"value": 6.4833, "sigma": 8.5931}, "geometry": {"type": "Polygon", "coordinates": [[[-76.455, 3.415], [-76.45, 3.415], [-76.45, 3.42], [-76.455, 3.42], [-76.455, 3.415]]]}}, {"type": "Feature", "properties": {"value": 6.5064, "sigma": 8.6003}, "geometry": {"type": "Polygon", "coordinates": [[[-76.45, 3.415], [-76.445, 3.415], [-76.445, 3.42], [-76.45, 3.42], [-76.45, 3.415]]]}}, {"type": "Feature", "properties": {"value": 6.5071, "sigma": 8.6005}, "geometry": {"type": "Polygon", "coordinates": [[[-76.445, 3.415], [-76.44, 3.415], [-76.44, 3.42], [-76.445, 3.42], [-76.445, 3.415]]]}}, {"type": "Feature", "properties": {"value": 6.5071, "sigma": 8.6005}, "geometry": {"type": "Polygon", "coordinates": [[[-76.44, 3.415], [-76.435, 3.415], [-76.435, 3.42], [-76.44, 3.42], [-76.44, 3.415]]]}}, {"type": "Feature", "properties": {"value": 6.5071, "sigma": 8.6005}, "geometry": {"type": "Polygon", "coordinates": [[[-76.435, 3.415], [-76.43, 3.415], [-76.43, 3.42], [-76.435, 3.42], [-76.435, 3.415]]]}}, {"type": "Feature", "properties": {"value": 6.5071, "sigma": 8.6005}, "geometry": {"type": "Polygon", "coordinates": [[[-76.43, 3.415], [-76.425, 3.415], [-76.425, 3.42], [-76.43, 3.42], [-76.43, 3.415]]]}}, {"type": "Feature", "properties": {"value": 6.5071, "sigma": 8.6005}, "geometry": {"type": "Polygon", "coordinates": [[[-76.425, 3.415], [-76.42, 3.415], [-76.42, 3.42], [-76.425, 3.42], [-76.425, 3.415]]]}}, {"type": "Feature", "properties": {"value": 6.5071, "sigma": 8.6005}, "geometry": {"type": "Polygon", "coordinates": [[[-76.42, 3.415], [-76.415, 3.415], [-76.415, 3.42], [-76.42, 3.42], [-76.42, 3.415]]]}}, {"type": "Feature", "properties": {"value": 6.5071, "sigma": 8.6005}, "geometry": {"type": "Polygon", "coordinates": [[[-76.415, 3.415], [-76.41, 3.415], [-76.41, 3.42], [-76.415, 3.42], [-76.415, 3.415]]]}}, {"type": "Feature", "properties": {"value": 6.5071, "sigma": 8.6005}, "geometry": {"type": "Polygon", "coordinates": [[[-76.41, 3.415], [-76.405, 3.415], [-76.405, 3.42], [-76.41, 3.42], [-76.41, 3.415]]]}}, {"type": "Feature", "properties": {"value": 6.5071, "sigma": 8.6005}, "geometry": {"type": "Polygon", "coordinates": [[[-76.405, 3.415], [-76.4, 3.415], [-76.4, 3.42], [-76.405, 3.42], [-76.405, 3.415]]]}}, {"type": "Feature", "properties": {"value": 6.5071, "sigma": 8.6005}, "geometry": {"type": "Polygon", "coordinates": [[[-76.6, 3.42], [-76.595, 3.42], [-76.595, 3.425], [-76.6, 3.425], [-76.6, 3.42]]]}}, {"type": "Feature", "properties": {"value": 6.4505, "sigma": 8.5953}, "geometry": {"type": "Polygon", "coordinates": [[[-76.595, 3.42], [-76.59, 3.42], [-76.59, 3.425], [-76.595, 3.425], [-76.595, 3.42]]]}}, {"type": "Feature", "properties": {"value": 6.2928, "sigma": 8.5797}, "geometry": {"type": "Polygon", "coordinates": [[[-76.59, 3.42], [-76.585, 3.42], [-76.585, 3.425], [-76.59, 3.425], [-76.59, 3.42]]]}}, {"type": "Feature", "properties": {"value": 6.0468, "sigma": 8.5519}, "geometry": {"type": "Polygon", "coordinates": [[[-76.585, 3.42], [-76.58, 3.42], [-76.58, 3.425], [-76.585, 3.425], [-76.585, 3.42]]]}}, {"type": "Feature", "properties": {"value": 5.7257, "sigma": 8.509}, "geometry": {"type": "Polygon", "coordinates": [[[-76.58, 3.42], [-76.575, 3.42], [-76.575, 3.425], [-76.58, 3.425], [-76.58, 3.42]]]}}, {"type": "Feature", "properties": {"value": 5.3438, "sigma": 8.4484}, "geometry": {"type": "Polygon", "coordinates": [[[-76.575, 3.42], [-76.57, 3.42], [-76.57, 3.425], [-76.575, 3.425], [-76.575, 3.42]]]}}, {"type": "Feature", "properties": {"value": 4.9176, "sigma": 8.3681}, "geometry": {"type": "Polygon", "coordinates": [[[-76.57, 3.42], [-76.565, 3.42], [-76.565, 3.425], [-76.57, 3.425], [-76.57, 3.42]]]}}, {"type": "Feature", "properties": {"value": 4.4644, "sigma": 8.2681}, "geometry": {"type": "Polygon", "coordinates": [[[-76.565, 3.42], [-76.56, 3.42], [-76.56, 3.425], [-76.565, 3.425], [-76.565, 3.42]]]}}, {"type": "Feature", "properties": {"value": 4.0152, "sigma": 8.1556}, "geometry": {"type": "Polygon", "coordinates": [[[-76.56, 3.42], [-76.555, 3.42], [-76.555, 3.425], [-76.56, 3.425], [-76.56, 3.42]]]}}, {"type": "Feature", "properties": {"value": 3.6677, "sigma": 8.0606}, "geometry": {"type": "Polygon", "coordinates": [[[-76.555, 3.42], [-76.55, 3.42], [-76.55, 3.425], [-76.555, 3.425], [-76.555, 3.42]]]}}, {"type": "Feature", "properties": {"value": 3.6104, "sigma": 8.0476}, "geometry": {"type": "Polygon", "coordinates": [[[-76.55, 3.42], [-76.545, 3.42], [-76.545, 3.425], [-76.55, 3.425], [-76.55, 3.42]]]}}, {"type": "Feature", "properties": {"value": 3.8726, "sigma": 8.1249}, "geometry": {"type": "Polygon", "coordinates": [[[-76.545, 3.42], [-76.54, 3.42], [-76.54, 3.425], [-76.545, 3.425], [-76.545, 3.42]]]}}, {"type": "Feature", "properties": {"value": 4.2687, "sigma": 8.2245}, "geometry": {"type": "Polygon", "coordinates": [[[-76.54, 3.42], [-76.535, 3.42], [-76.535, 3.425], [-76.54, 3.425], [-76.54, 3.42]]]}}, {"type": "Feature", "properties": {"value": 4.7437, "sigma": 8.3085}, "geometry": {"type": "Polygon", "coordinates": [[[-76.535, 3.42], [-76.53, 3.42], [-76.53, 3.425], [-76.535, 3.425], [-76.535, 3.42]]]}}, {"type": "Feature", "properties": {"value": 5.2389, "sigma": 8.3632}, "geometry": {"type": "Polygon", "coordinates": [[[-76.53, 3.42], [-76.525, 3.42], [-76.525, 3.425], [-76.53, 3.425], [-76.53, 3.42]]]}}, {"type": "Feature", "properties": {"value": 5.7016, "sigma": 8.3829}, "geometry": {"type": "Polygon", "coordinates": [[[-76.525, 3.42], [-76.52, 3.42], [-76.52, 3.425], [-76.525, 3.425], [-76.525, 3.42]]]}}, {"type": "Feature", "properties": {"value": 6.0849, "sigma": 8.3647}, "geometry": {"type": "Polygon", "coordinates": [[[-76.52, 3.42], [-76.515, 3.42], [-76.515, 3.425], [-76.52, 3.425], [-76.52, 3.42]]]}}, {"type": "Feature", "properties": {"value": 6.3472, "sigma": 8.3087}, "geometry": {"type": "Polygon", "coordinates": [[[-76.515, 3.42], [-76.51, 3.42], [-76.51, 3.425], [-76.515, 3.425], [-76.515, 3.42]]]}}, {"type": "Feature", "properties": {"value": 6.4557, "sigma": 8.2182}, "geometry": {"type": "Polygon", "coordinates": [[[-76.51, 3.42], [-76.505, 3.42], [-76.505, 3.425], [-76.51, 3.425], [-76.51, 3.42]]]}}, {"type": "Feature", "properties": {"value": 6.3935, "sigma": 8.1033}, "geometry": {"type": "Polygon", "coordinates": [[[-76.505, 3.42], [-76.5, 3.42], [-76.5, 3.425], [-76.505, 3.425], [-76.505, 3.42]]]}}, {"type": "Feature", "properties": {"value": 6.2155, "sigma": 7.9984}, "geometry": {"type": "Polygon", "coordinates": [[[-76.5, 3.42], [-76.495, 3.42], [-76.495, 3.425], [-76.5, 3.425], [-76.5, 3.42]]]}}, {"type": "Feature", "properties": {"value": 6.0824, "sigma": 8.0003}, "geometry": {"type": "Polygon", "coordinates": [[[-76.495, 3.42], [-76.49, 3.42], [-76.49, 3.425], [-76.495, 3.425], [-76.495, 3.42]]]}}, {"type": "Feature", "properties": {"value": 6.033, "sigma": 8.1116}, "geometry": {"type": "Polygon", "coordinates": [[[-76.49, 3.42], [-76.485, 3.42], [-76.485, 3.425], [-76.49, 3.425], [-76.49, 3.42]]]}}, {"type": "Feature", "properties": {"value": 6.0214, "sigma": 8.2383}, "geometry": {"type": "Polygon", "coordinates": [[[-76.485, 3.42], [-76.48, 3.42], [-76.48, 3.425], [-76.485, 3.425], [-76.485, 3.42]]]}}, {"type": "Feature", "properties": {"value": 6.0507, "sigma": 8.3487}, "geometry": {"type": "Polygon", "coordinates": [[[-76.48, 3.42], [-76.475, 3.42], [-76.475, 3.425], [-76.48, 3.425], [-76.48, 3.42]]]}}, {"type": "Feature", "properties": {"value": 6.1428, "sigma": 8.436}, "geometry": {"type": "Polygon", "coordinates": [[[-76.475, 3.42], [-76.47, 3.42], [-76.47, 3.425], [-76.475, 3.425], [-76.475, 3.42]]]}}, {"type": "Feature", "properties": {"value": 6.2598, "sigma": 8.5009}, "geometry": {"type": "Polygon", "coordinates": [[[-76.47, 3.42], [-76.465, 3.42], [-76.465, 3.425], [-76.47, 3.425], [-76.47, 3.42]]]}}, {"type": "Feature", "properties": {"value": 6.3586, "sigma": 8.5468}, "geometry": {"type": "Polygon", "coordinates": [[[-76.465, 3.42], [-76.46, 3.42], [-76.46, 3.425], [-76.465, 3.425], [-76.465, 3.42]]]}}, {"type": "Feature", "properties": {"value": 6.4352, "sigma": 8.5767}, "geometry": {"type": "Polygon", "coordinates": [[[-76.46, 3.42], [-76.455, 3.42], [-76.455, 3.425], [-76.46, 3.425], [-76.46, 3.42]]]}}, {"type": "Feature", "properties": {"value": 6.4858, "sigma": 8.5939}, "geometry": {"type": "Polygon", "coordinates": [[[-76.455, 3.42], [-76.45, 3.42], [-76.45, 3.425], [-76.455, 3.425], [-76.455, 3.42]]]}}, {"type": "Feature", "properties": {"value": 6.5067, "sigma": 8.6004}, "geometry": {"type": "Polygon", "coordinates": [[[-76.45, 3.42], [-76.445, 3.42], [-76.445, 3.425], [-76.45, 3.425], [-76.45, 3.42]]]}}, {"type": "Feature", "properties": {"value": 6.5071, "sigma": 8.6005}, "geometry": {"type": "Polygon", "coordinates": [[[-76.445, 3.42], [-76.44, 3.42], [-76.44, 3.425], [-76.445, 3.425], [-76.445, 3.42]]]}}, {"type": "Feature", "properties": {"value": 6.5071, "sigma": 8.6005}, "geometry": {"type": "Polygon", "coordinates": [[[-76.44, 3.42], [-76.435, 3.42], [-76.435, 3.425], [-76.44, 3.425], [-76.44, 3.42]]]}}, {"type": "Feature", "properties": {"value": 6.5071, "sigma": 8.6005}, "geometry": {"type": "Polygon", "coordinates": [[[-76.435, 3.42], [-76.43, 3.42], [-76.43, 3.425], [-76.435, 3.425], [-76.435, 3.42]]]}}, {"type": "Feature", "properties": {"value": 6.5071, "sigma": 8.6005}, "geometry": {"type": "Polygon", "coordinates": [[[-76.43, 3.42], [-76.425, 3.42], [-76.425, 3.425], [-76.43, 3.425], [-76.43, 3.42]]]}}, {"type": "Feature", "properties": {"value": 6.5071, "sigma": 8.6005}, "geometry": {"type": "Polygon", "coordinates": [[[-76.425, 3.42], [-76.42, 3.42], [-76.42, 3.425], [-76.425, 3.425], [-76.425, 3.42]]]}}, {"type": "Feature", "properties": {"value": 6.5071, "sigma": 8.6005}, "geometry": {"type": "Polygon", "coordinates": [[[-76.42, 3.42], [-76.415, 3.42], [-76.415, 3.425], [-76.42, 3.425], [-76.42, 3.42]]]}}, {"type": "Feature", "properties": {"value": 6.5071, "sigma": 8.6005}, "geometry": {"type": "Polygon", "coordinates": [[[-76.415, 3.42], [-76.41, 3.42], [-76.41, 3.425], [-76.415, 3.425], [-76.415, 3.42]]]}}, {"type": "Feature", "properties": {"value": 6.5071, "sigma": 8.6005}, "geometry": {"type": "Polygon", "coordinates": [[[-76.41, 3.42], [-76.405, 3.42], [-76.405, 3.425], [-76.41, 3.425], [-76.41, 3.42]]]}}, {"type": "Feature", "properties": {"value": 6.5071, "sigma": 8.6005}, "geometry": {"type": "Polygon", "coordinates": [[[-76.405, 3.42], [-76.4, 3.42], [-76.4, 3.425], [-76.405, 3.425], [-76.405, 3.42]]]}}, {"type": "Feature", "properties": {"value": 6.5071, "sigma": 8.6005}, "geometry": {"type": "Polygon", "coordinates": [[[-76.6, 3.425], [-76.595, 3.425], [-76.595, 3.43], [-76.6, 3.43], [-76.6, 3.425]]]}}, {"type": "Feature", "properties": {"value": 6.4721, "sigma": 8.5973}, "geometry": {"type": "Polygon", "coordinates": [[[-76.595, 3.425], [-76.59, 3.425], [-76.59, 3.43], [-76.595, 3.43], [-76.595, 3.425]]]}}, {"type": "Feature", "properties": {"value": 6.3407, "sigma": 8.5846}, "geometry": {"type": "Polygon", "coordinates": [[[-76.59, 3.425], [-76.585, 3.425], [-76.585, 3.43], [-76.59, 3.43], [-76.59, 3.425]]]}}, {"type": "Feature", "properties": {"value": 6.1251, "sigma": 8.5612}, "geometry": {"type": "Polygon", "coordinates": [[[-76.585, 3.425], [-76.58, 3.425], [-76.58, 3.43], [-76.585, 3.43], [-76.585, 3.425]]]}}, {"type": "Feature", "properties": {"value": 5.8402, "sigma": 8.5252}, "geometry": {"type": "Polygon", "coordinates": [[[-76.58, 3.425], [-76.575, 3.425], [-76.575, 3.43], [-76.58, 3.43], [-76.58, 3.425]]]}}, {"type": "Feature", "properties": {"value": 5.5032, "sigma": 8.475}, "geometry": {"type": "Polygon", "coordinates": [[[-76.575, 3.425], [-76.57, 3.425], [-76.57, 3.43], [-76.575, 3.43], [-76.575, 3.425]]]}}, {"type": "Feature", "properties": {"value": 5.1315, "sigma": 8.4102}, "geometry": {"type": "Polygon", "coordinates": [[[-76.57, 3.425], [-76.565, 3.425], [-76.565, 3.43], [-76.57, 3.43], [-76.57, 3.425]]]}}, {"type": "Feature", "properties": {"value": 4.7417, "sigma": 8.3324}, "geometry": {"type": "Polygon", "coordinates": [[[-76.565, 3.425], [-76.56, 3.425], [-76.56, 3.43], [-76.565, 3.43], [-76.565, 3.425]]]}}, {"type": "Feature", "properties": {"value": 4.3828, "sigma": 8.2527}, "geometry": {"type": "Polygon", "coordinates": [[[-76.56, 3.425], [-76.555, 3.425], [-76.555, 3.43], [-76.56, 3.43], [-76.56, 3.425]]]}}, {"type": "Feature", "properties": {"value": 4.1319, "sigma": 8.1927}, "geometry": {"type": "Polygon", "coordinates": [[[-76.555, 3.425], [-76.55, 3.425], [-76.55, 3.43], [-76.555, 3.43], [-76.555, 3.425]]]}}, {"type": "Feature", "properties": {"value": 4.0714, "sigma": 8.1772}, "geometry": {"type": "Polygon", "coordinates": [[[-76.55, 3.425], [-76.545, 3.425], [-76.545, 3.43], [-76.55, 3.43], [-76.55, 3.425]]]}}, {"type": "Feature", "properties": {"value": 4.2273, "sigma": 8.2093}, "geometry": {"type": "Polygon", "coordinates": [[[-76.545, 3.425], [-76.54, 3.425], [-76.54, 3.43], [-76.545, 3.43], [-76.545, 3.425]]]}}, {"type": "Feature", "properties": {"value": 4.6019, "sigma": 8.2648}, "geometry": {"type": "Polygon", "coordinates": [[[-76.54, 3.425], [-76.535, 3.425], [-76.535, 3.43], [-76.54, 3.43], [-76.54, 3.425]]]}}, {"type": "Feature", "properties": {"value": 5.0995, "sigma": 8.319}, "geometry": {"type": "Polygon", "coordinates": [[[-76.535, 3.425], [-76.53, 3.425], [-76.53, 3.43], [-76.535, 3.43], [-76.535, 3.425]]]}}, {"type": "Feature", "properties": {"value": 5.6428, "sigma": 8.3576}, "geometry": {"type": "Polygon", "coordinates": [[[-76.53, 3.425], [-76.525, 3.425], [-76.525, 3.43], [-76.53, 3.43], [-76.53, 3.425]]]}}, {"type": "Feature", "properties": {"value": 6.1669, "sigma": 8.3721}, "geometry": {"type": "Polygon", "coordinates": [[[-76.525, 3.425], [-76.52, 3.425], [-76.52, 3.43], [-76.525, 3.43], [-76.525, 3.425]]]}}, {"type": "Feature", "properties": {"value": 6.6127, "sigma": 8.3581}, "geometry": {"type": "Polygon", "coordinates": [[[-76.52, 3.425], [-76.515, 3.425], [-76.515, 3.43], [-76.52, 3.43], [-76.52, 3.425]]]}}, {"type": "Feature", "properties": {"value": 6.9274, "sigma": 8.3158}, "geometry": {"type": "Polygon", "coordinates": [[[-76.515, 3.425], [-76.51, 3.425], [-76.51, 3.43], [-76.515, 3.43], [-76.515, 3.425]]]}}, {"type": "Feature", "properties": {"value": 7.0704, "sigma": 8.2512}, "geometry": {"type": "Polygon", "coordinates": [[[-76.51, 3.425], [-76.505, 3.425], [-76.505, 3.43], [-76.51, 3.43], [-76.51, 3.425]]]}}, {"type": "Feature", "properties": {"value": 7.023, "sigma": 8.1791}, "geometry": {"type": "Polygon", "coordinates": [[[-76.505, 3.425], [-76.5, 3.425], [-76.5, 3.43], [-76.505, 3.43], [-76.505, 3.425]]]}}, {"type": "Feature", "properties": {"value": 6.8569, "sigma": 8.1294}, "geometry": {"type": "Polygon", "coordinates": [[[-76.5, 3.425], [-76.495, 3.425], [-76.495, 3.43], [-76.5, 3.43], [-76.5, 3.425]]]}}, {"type": "Feature", "properties": {"value": 6.6676, "sigma": 8.1377}, "geometry": {"type": "Polygon", "coordinates": [[[-76.495, 3.425], [-76.49, 3.425], [-76.49, 3.43], [-76.495, 3.43], [-76.495, 3.425]]]}}, {"type": "Feature", "properties": {"value": 6.4909, "sigma": 8.2044}, "geometry": {"type": "Polygon", "coordinates": [[[-76.49, 3.425], [-76.485, 3.425], [-76.485, 3.43], [-76.49, 3.43], [-76.49, 3.425]]]}}, {"type": "Feature", "properties": {"value": 6.3481, "sigma": 8.2956}, "geometry": {"type": "Polygon", "coordinates": [[[-76.485, 3.425], [-76.48, 3.425], [-76.48, 3.43], [-76.485, 3.43], [-76.485, 3.425]]]}}, {"type": "Feature", "properties": {"value": 6.2524, "sigma": 8.3845}, "geometry": {"type": "Polygon", "coordinates": [[[-76.48, 3.425], [-76.475, 3.425], [-76.475, 3.43], [-76.48, 3.43], [-76.48, 3.425]]]}}, {"type": "Feature", "properties": {"value": 6.2253, "sigma": 8.4591}, "geometry": {"type": "Polygon", "coordinates": [[[-76.475, 3.425], [-76.47, 3.425], [-76.47, 3.43], [-76.475, 3.43], [-76.475, 3.425]]]}}, {"type": "Feature", "properties": {"value": 6.2894, "sigma": 8.5155}, "geometry": {"type": "Polygon", "coordinates": [[[-76.47, 3.425], [-76.465, 3.425], [-76.465, 3.43], [-76.47, 3.43], [-76.47, 3.425]]]}}, {"type": "Feature", "properties": {"value": 6.379, "sigma": 8.5552}, "geometry": {"type": "Polygon", "coordinates": [[[-76.465, 3.425], [-76.46, 3.425], [-76.46, 3.43], [-76.465, 3.43], [-76.465, 3.425]]]}}, {"type": "Feature", "properties": {"value": 6.4479, "sigma": 8.5812}, "geometry": {"type": "Polygon", "coordinates": [[[-76.46, 3.425], [-76.455, 3.425], [-76.455, 3.43], [-76.46, 3.43], [-76.46, 3.425]]]}}, {"type": "Feature", "properties": {"value": 6.4919, "sigma": 8.5958}, "geometry": {"type": "Polygon", "coordinates": [[[-76.455, 3.425], [-76.45, 3.425], [-76.45, 3.43], [-76.455, 3.43], [-76.455, 3.425]]]}}, {"type": "Feature", "properties": {"value": 6.5071, "sigma": 8.6005}, "geometry": {"type": "Polygon", "coordinates": [[[-76.45, 3.425], [-76.445, 3.425], [-76.445, 3.43], [-76.45, 3.43], [-76.45, 3.425]]]}}, {"type": "Feature", "properties": {"value": 6.5071, "sigma": 8.6005}, "geometry": {"type": "Polygon", "coordinates": [[[-76.445, 3.425], [-76.44, 3.425], [-76.44, 3.43], [-76.445, 3.43], [-76.445, 3.425]]]}}, {"type": "Feature", "properties": {"value": 6.5071, "sigma": 8.6005}, "geometry": {"type": "Polygon", "coordinates": [[[-76.44, 3.425], [-76.435, 3.425], [-76.435, 3.43], [-76.44, 3.43], [-76.44, 3.425]]]}}, {"type": "Feature", "properties": {"value": 6.5071, "sigma": 8.6005}, "geometry": {"type": "Polygon", "coordinates": [[[-76.435, 3.425], [-76.43, 3.425], [-76.43, 3.43], [-76.435, 3.43], [-76.435, 3.425]]]}}, {"type": "Feature", "properties": {"value": 6.5071, "sigma": 8.6005}, "geometry": {"type": "Polygon", "coordinates": [[[-76.43, 3.425], [-76.425, 3.425], [-76.425, 3.43], [-76.43, 3.43], [-76.43, 3.425]]]}}, {"type": "Feature", "properties": {"value": 6.5071, "sigma": 8.6005}, "geometry": {"type": "Polygon", "coordinates": [[[-76.425, 3.425], [-76.42, 3.425], [-76.42, 3.43], [-76.425, 3.43], [-76.425, 3.425]]]}}, {"type": "Feature", "properties": {"value": 6.5071, "sigma": 8.6005}, "geometry": {"type": "Polygon", "coordinates": [[[-76.42, 3.425], [-76.415, 3.425], [-76.415, 3.43], [-76.42, 3.43], [-76.42, 3.425]]]}}, {"type": "Feature", "properties": {"value": 6.5071, "sigma": 8.6005}, "geometry": {"type": "Polygon", "coordinates": [[[-76.415, 3.425], [-76.41, 3.425], [-76.41, 3.43], [-76.415, 3.43], [-76.415, 3.425]]]}}, {"type": "Feature", "properties": {"value": 6.5071, "sigma": 8.6005}, "geometry": {"type": "Polygon", "coordinates": [[[-76.41, 3.425], [-76.405, 3.425], [-76.405, 3.43], [-76.41, 3.43], [-76.41, 3.425]]]}}, {"type": "Feature", "properties": {"value": 6.5071, "sigma": 8.6005}, "geometry": {"type": "Polygon", "coordinates": [[[-76.405, 3.425], [-76.4, 3.425], [-76.4, 3.43], [-76.405, 3.43], [-76.405, 3.425]]]}}, {"type": "Feature", "properties": {"value": 6.5071, "sigma": 8.6005}, "geometry": {"type": "Polygon", "coordinates": [[[-76.6, 3.43], [-76.595, 3.43], [-76.595, 3.435], [-76.6, 3.435], [-76.6, 3.43]]]}}, {"type": "Feature", "properties": {"value": 6.4947, "sigma": 8.5994}, "geometry": {"type": "Polygon", "coordinates": [[[-76.595, 3.43], [-76.59, 3.43], [-76.59, 3.435], [-76.595, 3.435], [-76.595, 3.43]]]}}, {"type": "Feature", "properties": {"value": 6.4008, "sigma": 8.5906}, "geometry": {"type": "Polygon", "coordinates": [[[-76.59, 3.43], [-76.585, 3.43], [-76.585, 3.435], [-76.59, 3.435], [-76.59, 3.43]]]}}, {"type": "Feature", "properties": {"value": 6.2272, "sigma": 8.5727}, "geometry": {"type": "Polygon", "coordinates": [[[-76.585, 3.43], [-76.58, 3.43], [-76.58, 3.435], [-76.585, 3.435], [-76.585, 3.43]]]}}, {"type": "Feature", "properties": {"value": 5.9906, "sigma": 8.5449}, "geometry": {"type": "Polygon", "coordinates": [[[-76.58, 3.43], [-76.575, 3.43], [-76.575, 3.435], [-76.58, 3.435], [-76.58, 3.43]]]}}, {"type": "Feature", "properties": {"value": 5.7095, "sigma": 8.5067}, "geometry": {"type": "Polygon", "coordinates": [[[-76.575, 3.43], [-76.57, 3.43], [-76.57, 3.435], [-76.575, 3.435], [-76.575, 3.43]]]}}, {"type": "Feature", "properties": {"value": 5.3921, "sigma": 8.4563}, "geometry": {"type": "Polygon", "coordinates": [[[-76.57, 3.43], [-76.565, 3.43], [-76.565, 3.435], [-76.57, 3.435], [-76.57, 3.43]]]}}, {"type": "Feature", "properties": {"value": 5.0654, "sigma": 8.3974}, "geometry": {"type": "Polygon", "coordinates": [[[-76.565, 3.43], [-76.56, 3.43], [-76.56, 3.435], [-76.565, 3.435], [-76.565, 3.43]]]}}, {"type": "Feature", "properties": {"value": 4.7742, "sigma": 8.3382}, "geometry": {"type": "Polygon", "coordinates": [[[-76.56, 3.43], [-76.555, 3.43], [-76.555, 3.435], [-76.56, 3.435], [-76.56, 3.43]]]}}, {"type": "Feature", "properties": {"value": 4.5707, "sigma": 8.2908}, "geometry": {"type": "Polygon", "coordinates": [[[-76.555, 3.43], [-76.55, 3.43], [-76.55, 3.435], [-76.555, 3.435], [-76.555, 3.43]]]}}, {"type": "Feature", "properties": {"value": 4.5003, "sigma": 8.2663}, "geometry": {"type": "Polygon", "coordinates": [[[-76.55, 3.43], [-76.545, 3.43], [-76.545, 3.435], [-76.55, 3.435], [-76.55, 3.43]]]}}, {"type": "Feature", "properties": {"value": 4.6605, "sigma": 8.2672}, "geometry": {"type": "Polygon", "coordinates": [[[-76.545, 3.43], [-76.54, 3.43], [-76.54, 3.435], [-76.545, 3.435], [-76.545, 3.43]]]}}, {"type": "Feature", "properties": {"value": 5.0499, "sigma": 8.2865}, "geometry": {"type": "Polygon", "coordinates": [[[-76.54, 3.43], [-76.535, 3.43], [-76.535, 3.435], [-76.54, 3.435], [-76.54, 3.43]]]}}, {"type": "Feature", "properties": {"value": 5.5772, "sigma": 8.3123}, "geometry": {"type": "Polygon", "coordinates": [[[-76.535, 3.43], [-76.53, 3.43], [-76.53, 3.435], [-76.535, 3.435], [-76.535, 3.43]]]}}, {"type": "Feature", "properties": {"value": 6.1711, "sigma": 8.3348}, "geometry": {"type": "Polygon", "coordinates": [[[-76.53, 3.43], [-76.525, 3.43], [-76.525, 3.435], [-76.53, 3.435], [-76.53, 3.43]]]}}, {"type": "Feature", "properties": {"value": 6.7619, "sigma": 8.3452}, "geometry": {"type": "Polygon", "coordinates": [[[-76.525, 3.43], [-76.52, 3.43], [-76.52, 3.435], [-76.525, 3.435], [-76.525, 3.43]]]}}, {"type": "Feature", "properties": {"value": 7.2785, "sigma": 8.3372}, "geometry": {"type": "Polygon", "coordinates": [[[-76.52, 3.43], [-76.515, 3.43], [-76.515, 3.435], [-76.52, 3.435], [-76.52, 3.43]]]}}, {"type": "Feature", "properties": {"value": 7.6525, "sigma": 8.3103}, "geometry": {"type": "Polygon", "coordinates": [[[-76.515, 3.43], [-76.51, 3.43], [-76.51, 3.435], [-76.515, 3.435], [-76.515, 3.43]]]}}, {"type": "Feature", "properties": {"value": 7.8282, "sigma": 8.2713}, "geometry": {"type": "Polygon", "coordinates": [[[-76.51, 3.43], [-76.505, 3.43], [-76.505, 3.435], [-76.51, 3.435], [-76.51, 3.43]]]}}, {"type": "Feature", "properties": {"value": 7.7831, "sigma": 8.234}, "geometry": {"type": "Polygon", "coordinates": [[[-76.505, 3.43], [-76.5, 3.43], [-76.5, 3.435], [-76.505, 3.435], [-76.505, 3.43]]]}}, {"type": "Feature", "properties": {"value": 7.601, "sigma": 8.2176}, "geometry": {"type": "Polygon", "coordinates": [[[-76.5, 3.43], [-76.495, 3.43], [-76.495, 3.435], [-76.5, 3.435], [-76.5, 3.43]]]}}, {"type": "Feature", "properties": {"value": 7.344, "sigma": 8.2362}, "geometry": {"type": "Polygon", "coordinates": [[[-76.495, 3.43], [-76.49, 3.43], [-76.49, 3.435], [-76.495, 3.435], [-76.495, 3.43]]]}}, {"type": "Feature", "properties": {"value": 7.054, "sigma": 8.2877}, "geometry": {"type": "Polygon", "coordinates": [[[-76.49, 3.43], [-76.485, 3.43], [-76.485, 3.435], [-76.49, 3.435], [-76.49, 3.43]]]}}, {"type": "Feature", "properties": {"value": 6.7779, "sigma": 8.3566}, "geometry": {"type": "Polygon", "coordinates": [[[-76.485, 3.43], [-76.48, 3.43], [-76.48, 3.435], [-76.485, 3.435], [-76.485, 3.43]]]}}, {"type": "Feature", "properties": {"value": 6.5517, "sigma": 8.4266}, "geometry": {"type": "Polygon", "coordinates": [[[-76.48, 3.43], [-76.475, 3.43], [-76.475, 3.435], [-76.48, 3.435], [-76.48, 3.43]]]}}, {"type": "Feature", "properties": {"value": 6.4013, "sigma": 8.4875}, "geometry": {"type": "Polygon", "coordinates": [[[-76.475, 3.43], [-76.47, 3.43], [-76.47, 3.435], [-76.475, 3.435], [-76.475, 3.43]]]}}, {"type": "Feature", "properties": {"value": 6.3517, "sigma": 8.5346}, "geometry": {"type": "Polygon", "coordinates": [[[-76.47, 3.43], [-76.465, 3.43], [-76.465, 3.435], [-76.47, 3.435], [-76.47, 3.43]]]}}, {"type": "Feature", "properties": {"value": 6.4082, "sigma": 8.5667}, "geometry": {"type": "Polygon", "coordinates": [[[-76.465, 3.43], [-76.46, 3.43], [-76.46, 3.435], [-76.465, 3.435], [-76.465, 3.43]]]}}, {"type": "Feature", "properties": {"value": 6.4657, "sigma": 8.5873}, "geometry": {"type": "Polygon", "coordinates": [[[-76.46, 3.43], [-76.455, 3.43], [-76.455, 3.435], [-76.46, 3.435], [-76.46, 3.43]]]}}, {"type": "Feature", "properties": {"value": 6.4996, "sigma": 8.5982}, "geometry": {"type": "Polygon", "coordinates": [[[-76.455, 3.43], [-76.45, 3.43], [-76.45, 3.435], [-76.455, 3.435], [-76.455, 3.43]]]}}, {"type": "Feature", "properties": {"value": 6.5071, "sigma": 8.6005}, "geometry": {"type": "Polygon", "coordinates": [[[-76.45, 3.43], [-76.445, 3.43], [-76.445, 3.435], [-76.45, 3.435], [-76.45, 3.43]]]}}, {"type": "Feature", "properties": {"value": 6.5071, "sigma": 8.6005}, "geometry": {"type": "Polygon", "coordinates": [[[-76.445, 3.43], [-76.44, 3.43], [-76.44, 3.435], [-76.445, 3.435], [-76.445, 3.43]]]}}, {"type": "Feature", "properties": {"value": 6.5071, "sigma": 8.6005}, "geometry": {"type": "Polygon", "coordinates": [[[-76.44, 3.43], [-76.435, 3.43], [-76.435, 3.435], [-76.44, 3.435], [-76.44, 3.43]]]}}, {"type": "Feature", "properties": {"value": 6.5071, "sigma": 8.6005}, "geometry": {"type": "Polygon", "coordinates": [[[-76.435, 3.43], [-76.43, 3.43], [-76.43, 3.435], [-76.435, 3.435], [-76.435, 3.43]]]}}, {"type": "Feature", "properties": {"value": 6.5071, "sigma": 8.6005}, "geometry": {"type": "Polygon", "coordinates": [[[-76.43, 3.43], [-76.425, 3.43], [-76.425, 3.435], [-76.43, 3.435], [-76.43, 3.43]]]}}, {"type": "Feature", "properties": {"value": 6.5071, "sigma": 8.6005}, "geometry": {"type": "Polygon", "coordinates": [[[-76.425, 3.43], [-76.42, 3.43], [-76.42, 3.435], [-76.425, 3.435], [-76.425, 3.43]]]}}, {"type": "Feature", "properties": {"value": 6.5071, "sigma": 8.6005}, "geometry": {"type": "Polygon", "coordinates": [[[-76.42, 3.43], [-76.415, 3.43], [-76.415, 3.435], [-76.42, 3.435], [-76.42, 3.43]]]}}, {"type": "Feature", "properties": {"value": 6.5071, "sigma": 8.6005}, "geometry": {"type": "Polygon", "coordinates": [[[-76.415, 3.43], [-76.41, 3.43], [-76.41, 3.435], [-76.415, 3.435], [-76.415, 3.43]]]}}, {"type": "Feature", "properties": {"value": 6.5071, "sigma": 8.6005}, "geometry": {"type": "Polygon", "coordinates": [[[-76.41, 3.43], [-76.405, 3.43], [-76.405, 3.435], [-76.41, 3.435], [-76.41, 3.43]]]}}, {"type": "Feature", "properties": {"value": 6.5071, "sigma": 8.6005}, "geometry": {"type": "Polygon", "coordinates": [[[-76.405, 3.43], [-76.4, 3.43], [-76.4, 3.435], [-76.405, 3.435], [-76.405, 3.43]]]}}, {"type": "Feature", "properties": {"value": 6.5071, "sigma": 8.6005}, "geometry": {"type": "Polygon", "coordinates": [[[-76.6, 3.435], [-76.595, 3.435], [-76.595, 3.44], [-76.6, 3.44], [-76.6, 3.435]]]}}, {"type": "Feature", "properties": {"value": 6.5069, "sigma": 8.6005}, "geometry": {"type": "Polygon", "coordinates": [[[-76.595, 3.435], [-76.59, 3.435], [-76.59, 3.44], [-76.595, 3.44], [-76.595, 3.435]]]}}, {"type": "Feature", "properties": {"value": 6.4588, "sigma": 8.5961}, "geometry": {"type": "Polygon", "coordinates": [[[-76.59, 3.435], [-76.585, 3.435], [-76.585, 3.44], [-76.59, 3.44], [-76.59, 3.435]]]}}, {"type": "Feature", "properties": {"value": 6.3352, "sigma": 8.5841}, "geometry": {"type": "Polygon", "coordinates": [[[-76.585, 3.435], [-76.58, 3.435], [-76.58, 3.44], [-76.585, 3.44], [-76.585, 3.435]]]}}, {"type": "Feature", "properties": {"value": 6.1538, "sigma": 8.5645}, "geometry": {"type": "Polygon", "coordinates": [[[-76.58, 3.435], [-76.575, 3.435], [-76.575, 3.44], [-76.58, 3.44], [-76.58, 3.435]]]}}, {"type": "Feature", "properties": {"value": 5.9279, "sigma": 8.5363}, "geometry": {"type": "Polygon", "coordinates": [[[-76.575, 3.435], [-76.57, 3.435], [-76.57, 3.44], [-76.575, 3.44], [-76.575, 3.435]]]}}, {"type": "Feature", "properties": {"value": 5.6638, "sigma": 8.4974}, "geometry": {"type": "Polygon", "coordinates": [[[-76.57, 3.435], [-76.565, 3.435], [-76.565, 3.44], [-76.57, 3.44], [-76.57, 3.435]]]}}, {"type": "Feature", "properties": {"value": 5.392, "sigma": 8.4508}, "geometry": {"type": "Polygon", "coordinates": [[[-76.565, 3.435], [-76.56, 3.435], [-76.56, 3.44], [-76.565, 3.44], [-76.565, 3.435]]]}}, {"type": "Feature", "properties": {"value": 5.1483, "sigma": 8.4011}, "geometry": {"type": "Polygon", "coordinates": [[[-76.56, 3.435], [-76.555, 3.435], [-76.555, 3.44], [-76.56, 3.44], [-76.56, 3.435]]]}}, {"type": "Feature", "properties": {"value": 4.969, "sigma": 8.3539}, "geometry": {"type": "Polygon", "coordinates": [[[-76.555, 3.435], [-76.55, 3.435], [-76.55, 3.44], [-76.555, 3.44], [-76.555, 3.435]]]}}, {"type": "Feature", "properties": {"value": 4.9177, "sigma": 8.3145}, "geometry": {"type": "Polygon", "coordinates": [[[-76.55, 3.435], [-76.545, 3.435], [-76.545, 3.44], [-76.55, 3.44], [-76.55, 3.435]]]}}, {"type": "Feature", "properties": {"value": 5.1135, "sigma": 8.2868}, "geometry": {"type": "Polygon", "coordinates": [[[-76.545, 3.435], [-76.54, 3.435], [-76.54, 3.44], [-76.545, 3.44], [-76.545, 3.435]]]}}, {"type": "Feature", "properties": {"value": 5.5295, "sigma": 8.2734}, "geometry": {"type": "Polygon", "coordinates": [[[-76.54, 3.435], [-76.535, 3.435], [-76.535, 3.44], [-76.54, 3.44], [-76.54, 3.435]]]}}, {"type": "Feature", "properties": {"value": 6.0971, "sigma": 8.273}, "geometry": {"type": "Polygon", "coordinates": [[[-76.535, 3.435], [-76.53, 3.435], [-76.53, 3.44], [-76.535, 3.44], [-76.535, 3.435]]]}}, {"type": "Feature", "properties": {"value": 6.7517, "sigma": 8.2822}, "geometry": {"type": "Polygon", "coordinates": [[[-76.53, 3.435], [-76.525, 3.435], [-76.525, 3.44], [-76.53, 3.44], [-76.53, 3.435]]]}}, {"type": "Feature", "properties": {"value": 7.4232, "sigma": 8.2917}, "geometry": {"type": "Polygon", "coordinates": [[[-76.525, 3.435], [-76.52, 3.435], [-76.52, 3.44], [-76.525, 3.44], [-76.525, 3.435]]]}}, {"type": "Feature", "properties": {"value": 8.0278, "sigma": 8.2906}, "geometry": {"type": "Polygon", "coordinates": [[[-76.52, 3.435], [-76.515, 3.435], [-76.515, 3.44], [-76.52, 3.44], [-76.52, 3.435]]]}}, {"type": "Feature", "properties": {"value": 8.4756, "sigma": 8.2764}, "geometry": {"type": "Polygon", "coordinates": [[[-76.515, 3.435], [-76.51, 3.435], [-76.51, 3.44], [-76.515, 3.44], [-76.515, 3.435]]]}}, {"type": "Feature", "properties": {"value": 8.6852, "sigma": 8.2571}, "geometry": {"type": "Polygon", "coordinates": [[[-76.51, 3.435], [-76.505, 3.435], [-76.505, 3.44], [-76.51, 3.44], [-76.51, 3.435]]]}}, {"type": "Feature", "properties": {"value": 8.6395, "sigma": 8.2465}, "geometry": {"type": "Polygon", "coordinates": [[[-76.505, 3.435], [-76.5, 3.435], [-76.5, 3.44], [-76.505, 3.44], [-76.505, 3.435]]]}}, {"type": "Feature", "properties": {"value": 8.4148, "sigma": 8.2565}, "geometry": {"type": "Polygon", "coordinates": [[[-76.5, 3.435], [-76.495, 3.435], [-76.495, 3.44], [-76.5, 3.44], [-76.5, 3.435]]]}}, {"type": "Feature", "properties": {"value": 8.0691, "sigma": 8.2905}, "geometry": {"type": "Polygon", "coordinates": [[[-76.495, 3.435], [-76.49, 3.435], [-76.49, 3.44], [-76.495, 3.44], [-76.495, 3.435]]]}}, {"type": "Feature", "properties": {"value": 7.664, "sigma": 8.3435}, "geometry": {"type": "Polygon", "coordinates": [[[-76.49, 3.435], [-76.485, 3.435], [-76.485, 3.44], [-76.49, 3.44], [-76.49, 3.435]]]}}, {"type": "Feature", "properties": {"value": 7.2552, "sigma": 8.4045}, "geometry": {"type": "Polygon", "coordinates": [[[-76.485, 3.435], [-76.48, 3.435], [-76.48, 3.44], [-76.485, 3.44], [-76.485, 3.435]]]}}, {"type": "Feature", "properties": {"value": 6.8999, "sigma": 8.4636}, "geometry": {"type": "Polygon", "coordinates": [[[-76.48, 3.435], [-76.475, 3.435], [-76.475, 3.44], [-76.48, 3.44], [-76.48, 3.435]]]}}, {"type": "Feature", "properties": {"value": 6.6293, "sigma": 8.5143}, "geometry": {"type": "Polygon", "coordinates": [[[-76.475, 3.435], [-76.47, 3.435], [-76.47, 3.44], [-76.475, 3.44], [-76.475, 3.435]]]}}, {"type": "Feature", "properties": {"value": 6.4689, "sigma": 8.5532}, "geometry": {"type": "Polygon", "coordinates": [[[-76.47, 3.435], [-76.465, 3.435], [-76.465, 3.44], [-76.47, 3.44], [-76.47, 3.435]]]}}, {"type": "Feature", "properties": {"value": 6.4414, "sigma": 8.5789}, "geometry": {"type": "Polygon", "coordinates": [[[-76.465, 3.435], [-76.46, 3.435], [-76.46, 3.44], [-76.465, 3.44], [-76.465, 3.435]]]}}, {"type": "Feature", "properties": {"value": 6.4846, "sigma": 8.5935}, "geometry": {"type": "Polygon", "coordinates": [[[-76.46, 3.435], [-76.455, 3.435], [-76.455, 3.44], [-76.46, 3.44], [-76.46, 3.435]]]}}, {"type": "Feature", "properties": {"value": 6.5057, "sigma": 8.6001}, "geometry": {"type": "Polygon", "coordinates": [[[-76.455, 3.435], [-76.45, 3.435], [-76.45, 3.44], [-76.455, 3.44], [-76.455, 3.435]]]}}, {"type": "Feature", "properties": {"value": 6.5071, "sigma": 8.6005}, "geometry": {"type": "Polygon", "coordinates": [[[-76.45, 3.435], [-76.445, 3.435], [-76.445, 3.44], [-76.45, 3.44], [-76.45, 3.435]]]}}, {"type": "Feature", "properties": {"value": 6.5071, "sigma": 8.6005}, "geometry": {"type": "Polygon", "coordinates": [[[-76.445, 3.435], [-76.44, 3.435], [-76.44, 3.44], [-76.445, 3.44], [-76.445, 3.435]]]}}, {"type": "Feature", "properties": {"value": 6.5071, "sigma": 8.6005}, "geometry": {"type": "Polygon", "coordinates": [[[-76.44, 3.435], [-76.435, 3.435], [-76.435, 3.44], [-76.44, 3.44], [-76.44, 3.435]]]}}, {"type": "Feature", "properties": {"value": 6.5071, "sigma": 8.6005}, "geometry": {"type": "Polygon", "coordinates": [[[-76.435, 3.435], [-76.43, 3.435], [-76.43, 3.44], [-76.435, 3.44], [-76.435, 3.435]]]}}, {"type": "Feature", "properties": {"value": 6.5071, "sigma": 8.6005}, "geometry": {"type": "Polygon", "coordinates": [[[-76.43, 3.435], [-76.425, 3.435], [-76.425, 3.44], [-76.43, 3.44], [-76.43, 3.435]]]}}, {"type": "Feature", "properties": {"value": 6.5071, "sigma": 8.6005}, "geometry": {"type": "Polygon", "coordinates": [[[-76.425, 3.435], [-76.42, 3.435], [-76.42, 3.44], [-76.425, 3.44], [-76.425, 3.435]]]}}, {"type": "Feature", "properties": {"value": 6.5071, "sigma": 8.6005}, "geometry": {"type": "Polygon", "coordinates": [[[-76.42, 3.435], [-76.415, 3.435], [-76.415, 3.44], [-76.42, 3.44], [-76.42, 3.435]]]}}, {"type": "Feature", "properties": {"value": 6.5071, "sigma": 8.6005}, "geometry": {"type": "Polygon", "coordinates": [[[-76.415, 3.435], [-76.41, 3.435], [-76.41, 3.44], [-76.415, 3.44], [-76.415, 3.435]]]}}, {"type": "Feature", "properties": {"value": 6.5071, "sigma": 8.6005}, "geometry": {"type": "Polygon", "coordinates": [[[-76.41, 3.435], [-76.405, 3.435], [-76.405, 3.44], [-76.41, 3.44], [-76.41, 3.435]]]}}, {"type": "Feature", "properties": {"value": 6.5071, "sigma": 8.6005}, "geometry": {"type": "Polygon", "coordinates": [[[-76.405, 3.435], [-76.4, 3.435], [-76.4, 3.44], [-76.405, 3.44], [-76.405, 3.435]]]}}, {"type": "Feature", "properties": {"value": 6.5071, "sigma": 8.6005}, "geometry": {"type": "Polygon", "coordinates": [[[-76.6, 3.44], [-76.595, 3.44], [-76.595, 3.445], [-76.6, 3.445], [-76.6, 3.44]]]}}, {"type": "Feature", "properties": {"value": 6.5071, "sigma": 8.6005}, "geometry": {"type": "Polygon", "coordinates": [[[-76.595, 3.44], [-76.59, 3.44], [-76.59, 3.445], [-76.595, 3.445], [-76.595, 3.44]]]}}, {"type": "Feature", "properties": {"value": 6.4987, "sigma": 8.5998}, "geometry": {"type": "Polygon", "coordinates": [[[-76.59, 3.44], [-76.585, 3.44], [-76.585, 3.445], [-76.59, 3.445], [-76.59, 3.44]]]}}, {"type": "Feature", "properties": {"value": 6.43, "sigma": 8.5934}, "geometry": {"type": "Polygon", "coordinates": [[[-76.585, 3.44], [-76.58, 3.44], [-76.58, 3.445], [-76.585, 3.445], [-76.585, 3.44]]]}}, {"type": "Feature", "properties": {"value": 6.3067, "sigma": 8.5812}, "geometry": {"type": "Polygon", "coordinates": [[[-76.58, 3.44], [-76.575, 3.44], [-76.575, 3.445], [-76.58, 3.445], [-76.58, 3.44]]]}}, {"type": "Feature", "properties": {"value": 6.1331, "sigma": 8.5604}, "geometry": {"type": "Polygon", "coordinates": [[[-76.575, 3.44], [-76.57, 3.44], [-76.57, 3.445], [-76.575, 3.445], [-76.575, 3.44]]]}}, {"type": "Feature", "properties": {"value": 5.9199, "sigma": 8.5294}, "geometry": {"type": "Polygon", "coordinates": [[[-76.57, 3.44], [-76.565, 3.44], [-76.565, 3.445], [-76.57, 3.445], [-76.57, 3.44]]]}}, {"type": "Feature", "properties": {"value": 5.6948, "sigma": 8.4893}, "geometry": {"type": "Polygon", "coordinates": [[[-76.565, 3.44], [-76.56, 3.44], [-76.56, 3.445], [-76.565, 3.445], [-76.565, 3.44]]]}}, {"type": "Feature", "properties": {"value": 5.4859, "sigma": 8.4414}, "geometry": {"type": "Polygon", "coordinates": [[[-76.56, 3.44], [-76.555, 3.44], [-76.555, 3.445], [-76.56, 3.445], [-76.56, 3.44]]]}}, {"type": "Feature", "properties": {"value": 5.3197, "sigma": 8.3872}, "geometry": {"type": "Polygon", "coordinates": [[[-76.555, 3.44], [-76.55, 3.44], [-76.55, 3.445], [-76.555, 3.445], [-76.555, 3.44]]]}}, {"type": "Feature", "properties": {"value": 5.3121, "sigma": 8.3284}, "geometry": {"type": "Polygon", "coordinates": [[[-76.55, 3.44], [-76.545, 3.44], [-76.545, 3.445], [-76.55, 3.445], [-76.55, 3.44]]]}}, {"type": "Feature", "properties": {"value": 5.5387, "sigma": 8.27}, "geometry": {"type": "Polygon", "coordinates": [[[-76.545, 3.44], [-76.54, 3.44], [-76.54, 3.445], [-76.545, 3.445], [-76.545, 3.44]]]}}, {"type": "Feature", "properties": {"value": 5.9753, "sigma": 8.2205}, "geometry": {"type": "Polygon", "coordinates": [[[-76.54, 3.44], [-76.535, 3.44], [-76.535, 3.445], [-76.54, 3.445], [-76.54, 3.44]]]}}, {"type": "Feature", "properties": {"value": 6.5841, "sigma": 8.1927}, "geometry": {"type": "Polygon", "coordinates": [[[-76.535, 3.44], [-76.53, 3.44], [-76.53, 3.445], [-76.535, 3.445], [-76.535, 3.44]]]}}, {"type": "Feature", "properties": {"value": 7.3065, "sigma": 8.1932}, "geometry": {"type": "Polygon", "coordinates": [[[-76.53, 3.44], [-76.525, 3.44], [-76.525, 3.445], [-76.53, 3.445], [-76.53, 3.44]]]}}, {"type": "Feature", "properties": {"value": 8.0749, "sigma": 8.2083}, "geometry": {"type": "Polygon", "coordinates": [[[-76.525, 3.44], [-76.52, 3.44], [-76.52, 3.445], [-76.525, 3.445], [-76.525, 3.44]]]}}, {"type": "Feature", "properties": {"value": 8.7932, "sigma": 8.2153}, "geometry": {"type": "Polygon", "coordinates": [[[-76.52, 3.44], [-76.515, 3.44], [-76.515, 3.445], [-76.52, 3.445], [-76.52, 3.44]]]}}, {"type": "Feature", "properties": {"value": 9.3441, "sigma": 8.2076}, "geometry": {"type": "Polygon", "coordinates": [[[-76.515, 3.44], [-76.51, 3.44], [-76.51, 3.445], [-76.515, 3.445], [-76.515, 3.44]]]}}, {"type": "Feature", "properties": {"value": 9.6069, "sigma": 8.1991}, "geometry": {"type": "Polygon", "coordinates": [[[-76.51, 3.44], [-76.505, 3.44], [-76.505, 3.445], [-76.51, 3.445], [-76.51, 3.44]]]}}, {"type": "Feature", "properties": {"value": 9.5631, "sigma": 8.2103}, "geometry": {"type": "Polygon", "coordinates": [[[-76.505, 3.44], [-76.5, 3.44], [-76.5, 3.445], [-76.505, 3.445], [-76.505, 3.44]]]}}, {"type": "Feature", "properties": {"value": 9.2595, "sigma": 8.2478}, "geometry": {"type": "Polygon", "coordinates": [[[-76.5, 3.44], [-76.495, 3.44], [-76.495, 3.445], [-76.5, 3.445], [-76.5, 3.44]]]}}, {"type": "Feature", "properties": {"value": 8.7949, "sigma": 8.3046}, "geometry": {"type": "Polygon", "coordinates": [[[-76.495, 3.44], [-76.49, 3.44], [-76.49, 3.445], [-76.495, 3.445], [-76.495, 3.44]]]}}, {"type": "Feature", "properties": {"value": 8.2618, "sigma": 8.3701}, "geometry": {"type": "Polygon", "coordinates": [[[-76.49, 3.44], [-76.485, 3.44], [-76.485, 3.445], [-76.49, 3.445], [-76.49, 3.44]]]}}, {"type": "Feature", "properties": {"value": 7.7252, "sigma": 8.4342}, "geometry": {"type": "Polygon", "coordinates": [[[-76.485, 3.44], [-76.48, 3.44], [-76.48, 3.445], [-76.485, 3.445], [-76.485, 3.44]]]}}, {"type": "Feature", "properties": {"value": 7.2482, "sigma": 8.4903}, "geometry": {"type": "Polygon", "coordinates": [[[-76.48, 3.44], [-76.475, 3.44], [-76.475, 3.445], [-76.48, 3.445], [-76.48, 3.44]]]}}, {"type": "Feature", "properties": {"value": 6.8675, "sigma": 8.5354}, "geometry": {"type": "Polygon", "coordinates": [[[-76.475, 3.44], [-76.47, 3.44], [-76.47, 3.445], [-76.475, 3.445], [-76.475, 3.44]]]}}, {"type": "Feature", "properties": {"value": 6.6075, "sigma": 8.5683}, "geometry": {"type": "Polygon", "coordinates": [[[-76.47, 3.44], [-76.465, 3.44], [-76.465, 3.445], [-76.47, 3.445], [-76.47, 3.44]]]}}, {"type": "Feature", "properties": {"value": 6.4891, "sigma": 8.5891}, "geometry": {"type": "Polygon", "coordinates": [[[-76.465, 3.44], [-76.46, 3.44], [-76.46, 3.445], [-76.465, 3.445], [-76.465, 3.44]]]}}, {"type": "Feature", "properties": {"value": 6.5, "sigma": 8.5984}, "geometry": {"type": "Polygon", "coordinates": [[[-76.46, 3.44], [-76.455, 3.44], [-76.455, 3.445], [-76.46, 3.445], [-76.46, 3.44]]]}}, {"type": "Feature", "properties": {"value": 6.5071, "sigma": 8.6005}, "geometry": {"type": "Polygon", "coordinates": [[[-76.455, 3.44], [-76.45, 3.44], [-76.45, 3.445], [-76.455, 3.445], [-76.455, 3.44]]]}}, {"type": "Feature", "properties": {"value": 6.5071, "sigma": 8.6005}, "geometry": {"type": "Polygon", "coordinates": [[[-76.45, 3.44], [-76.445, 3.44], [-76.445, 3.445], [-76.45, 3.445], [-76.45, 3.44]]]}}, {"type": "Feature", "properties": {"value": 6.5071, "sigma": 8.6005}, "geometry": {"type": "Polygon", "coordinates": [[[-76.445, 3.44], [-76.44, 3.44], [-76.44, 3.445], [-76.445, 3.445], [-76.445, 3.44]]]}}, {"type": "Feature", "properties": {"value": 6.5071, "sigma": 8.6005}, "geometry": {"type": "Polygon", "coordinates": [[[-76.44, 3.44], [-76.435, 3.44], [-76.435, 3.445], [-76.44, 3.445], [-76.44, 3.44]]]}}, {"type": "Feature", "properties": {"value": 6.5071, "sigma": 8.6005}, "geometry": {"type": "Polygon", "coordinates": [[[-76.435, 3.44], [-76.43, 3.44], [-76.43, 3.445], [-76.435, 3.445], [-76.435, 3.44]]]}}, {"type": "Feature", "properties": {"value": 6.5071, "sigma": 8.6005}, "geometry": {"type": "Polygon", "coordinates": [[[-76.43, 3.44], [-76.425, 3.44], [-76.425, 3.445], [-76.43, 3.445], [-76.43, 3.44]]]}}, {"type": "Feature", "properties": {"value": 6.5071, "sigma": 8.6005}, "geometry": {"type": "Polygon", "coordinates": [[[-76.425, 3.44], [-76.42, 3.44], [-76.42, 3.445], [-76.425, 3.445], [-76.425, 3.44]]]}}, {"type": "Feature", "properties": {"value": 6.5071, "sigma": 8.6005}, "geometry": {"type": "Polygon", "coordinates": [[[-76.42, 3.44], [-76.415, 3.44], [-76.415, 3.445], [-76.42, 3.445], [-76.42, 3.44]]]}}, {"type": "Feature", "properties": {"value": 6.5071, "sigma": 8.6005}, "geometry": {"type": "Polygon", "coordinates": [[[-76.415, 3.44], [-76.41, 3.44], [-76.41, 3.445], [-76.415, 3.445], [-76.415, 3.44]]]}}, {"type": "Feature", "properties": {"value": 6.5071, "sigma": 8.6005}, "geometry": {"type": "Polygon", "coordinates": [[[-76.41, 3.44], [-76.405, 3.44], [-76.405, 3.445], [-76.41, 3.445], [-76.41, 3.44]]]}}, {"type": "Feature", "properties": {"value": 6.5071, "sigma": 8.6005}, "geometry": {"type": "Polygon", "coordinates": [[[-76.405, 3.44], [-76.4, 3.44], [-76.4, 3.445], [-76.405, 3.445], [-76.405, 3.44]]]}}, {"type": "Feature", "properties": {"value": 6.5071, "sigma": 8.6005}, "geometry": {"type": "Polygon", "coordinates": [[[-76.6, 3.445], [-76.595, 3.445], [-76.595, 3.45], [-76.6, 3.45], [-76.6, 3.445]]]}}, {"type": "Feature", "properties": {"value": 6.5071, "sigma": 8.6005}, "geometry": {"type": "Polygon", "coordinates": [[[-76.595, 3.445], [-76.59, 3.445], [-76.59, 3.45], [-76.595, 3.45], [-76.595, 3.445]]]}}, {"type": "Feature", "properties": {"value": 6.5071, "sigma": 8.6005}, "geometry": {"type": "Polygon", "coordinates": [[[-76.59, 3.445], [-76.585, 3.445], [-76.585, 3.45], [-76.59, 3.45], [-76.59, 3.445]]]}}, {"type": "Feature", "properties": {"value": 6.4925, "sigma": 8.5992}, "geometry": {"type": "Polygon", "coordinates": [[[-76.585, 3.445], [-76.58, 3.445], [-76.58, 3.45], [-76.585, 3.45], [-76.585, 3.445]]]}}, {"type": "Feature", "properties": {"value": 6.4268, "sigma": 8.5929}, "geometry": {"type": "Polygon", "coordinates": [[[-76.58, 3.445], [-76.575, 3.445], [-76.575, 3.45], [-76.58, 3.45], [-76.58, 3.445]]]}}, {"type": "Feature", "properties": {"value": 6.3046, "sigma": 8.5776}, "geometry": {"type": "Polygon", "coordinates": [[[-76.575, 3.445], [-76.57, 3.445], [-76.57, 3.45], [-76.575, 3.45], [-76.575, 3.445]]]}}, {"type": "Feature", "properties": {"value": 6.14, "sigma": 8.5518}, "geometry": {"type": "Polygon", "coordinates": [[[-76.57, 3.445], [-76.565, 3.445], [-76.565, 3.45], [-76.57, 3.45], [-76.57, 3.445]]]}}, {"type": "Feature", "properties": {"value": 5.9562, "sigma": 8.5147}, "geometry": {"type": "Polygon", "coordinates": [[[-76.565, 3.445], [-76.56, 3.445], [-76.56, 3.45], [-76.565, 3.45], [-76.565, 3.445]]]}}, {"type": "Feature", "properties": {"value": 5.7758, "sigma": 8.4651}, "geometry": {"type": "Polygon", "coordinates": [[[-76.56, 3.445], [-76.555, 3.445], [-76.555, 3.45], [-76.56, 3.45], [-76.56, 3.445]]]}}, {"type": "Feature", "properties": {"value": 5.6273, "sigma": 8.4011}, "geometry": {"type": "Polygon", "coordinates": [[[-76.555, 3.445], [-76.55, 3.445], [-76.55, 3.45], [-76.555, 3.45], [-76.555, 3.445]]]}}, {"type": "Feature", "properties": {"value": 5.6578, "sigma": 8.3216}, "geometry": {"type": "Polygon", "coordinates": [[[-76.55, 3.445], [-76.545, 3.445], [-76.545, 3.45], [-76.55, 3.45], [-76.55, 3.445]]]}}, {"type": "Feature", "properties": {"value": 5.9017, "sigma": 8.2298}, "geometry": {"type": "Polygon", "coordinates": [[[-76.545, 3.445], [-76.54, 3.445], [-76.54, 3.45], [-76.545, 3.45], [-76.545, 3.445]]]}}, {"type": "Feature", "properties": {"value": 6.3368, "sigma": 8.1353}, "geometry": {"type": "Polygon", "coordinates": [[[-76.54, 3.445], [-76.535, 3.445], [-76.535, 3.45], [-76.54, 3.45], [-76.54, 3.445]]]}}, {"type": "Feature", "properties": {"value": 6.9548, "sigma": 8.0692}, "geometry": {"type": "Polygon", "coordinates": [[[-76.535, 3.445], [-76.53, 3.445], [-76.53, 3.45], [-76.535, 3.45], [-76.535, 3.445]]]}}, {"type": "Feature", "properties": {"value": 7.7394, "sigma": 8.0698}, "geometry": {"type": "Polygon", "coordinates": [[[-76.53, 3.445], [-76.525, 3.445], [-76.525, 3.45], [-76.53, 3.45], [-76.53, 3.445]]]}}, {"type": "Feature", "properties": {"value": 8.6169, "sigma": 8.1059}, "geometry": {"type": "Polygon", "coordinates": [[[-76.525, 3.445], [-76.52, 3.445], [-76.52, 3.45], [-76.525, 3.45], [-76.525, 3.445]]]}}, {"type": "Feature", "properties": {"value": 9.4757, "sigma": 8.1227}, "geometry": {"type": "Polygon", "coordinates": [[[-76.52, 3.445], [-76.515, 3.445], [-76.515, 3.45], [-76.52, 3.45], [-76.52, 3.445]]]}}, {"type": "Feature", "properties": {"value": 10.1795, "sigma": 8.1092}, "geometry": {"type": "Polygon", "coordinates": [[[-76.515, 3.445], [-76.51, 3.445], [-76.51, 3.45], [-76.515, 3.45], [-76.515, 3.445]]]}}, {"type": "Feature", "properties": {"value": 10.5708, "sigma": 8.0965}, "geometry": {"type": "Polygon", "coordinates": [[[-76.51, 3.445], [-76.505, 3.445], [-76.505, 3.45], [-76.51, 3.45], [-76.51, 3.445]]]}}, {"type": "Feature", "properties": {"value": 10.5073, "sigma": 8.1274}, "geometry": {"type": "Polygon", "coordinates": [[[-76.505, 3.445], [-76.5, 3.445], [-76.5, 3.45], [-76.505, 3.45], [-76.505, 3.445]]]}}, {"type": "Feature", "properties": {"value": 10.0697, "sigma": 8.201}, "geometry": {"type": "Polygon", "coordinates": [[[-76.5, 3.445], [-76.495, 3.445], [-76.495, 3.45], [-76.5, 3.45], [-76.5, 3.445]]]}}, {"type": "Feature", "properties": {"value": 9.4532, "sigma": 8.2896}, "geometry": {"type": "Polygon", "coordinates": [[[-76.495, 3.445], [-76.49, 3.445], [-76.49, 3.45], [-76.495, 3.45], [-76.495, 3.445]]]}}, {"type": "Feature", "properties": {"value": 8.7842, "sigma": 8.3751}, "geometry": {"type": "Polygon", "coordinates": [[[-76.49, 3.445], [-76.485, 3.445], [-76.485, 3.45], [-76.49, 3.45], [-76.49, 3.445]]]}}, {"type": "Feature", "properties": {"value": 8.131, "sigma": 8.4486}, "geometry": {"type": "Polygon", "coordinates": [[[-76.485, 3.445], [-76.48, 3.445], [-76.48, 3.45], [-76.485, 3.45], [-76.485, 3.445]]]}}, {"type": "Feature", "properties": {"value": 7.5492, "sigma": 8.5068}, "geometry": {"type": "Polygon", "coordinates": [[[-76.48, 3.445], [-76.475, 3.445], [-76.475, 3.45], [-76.48, 3.45], [-76.48, 3.445]]]}}, {"type": "Feature", "properties": {"value": 7.0766, "sigma": 8.5498}, "geometry": {"type": "Polygon", "coordinates": [[[-76.475, 3.445], [-76.47, 3.445], [-76.47, 3.45], [-76.475, 3.45], [-76.475, 3.445]]]}}, {"type": "Feature", "properties": {"value": 6.7346, "sigma": 8.579}, "geometry": {"type": "Polygon", "coordinates": [[[-76.47, 3.445], [-76.465, 3.445], [-76.465, 3.45], [-76.47, 3.45], [-76.47, 3.445]]]}}, {"type": "Feature", "properties": {"value": 6.542, "sigma": 8.5956}, "geometry": {"type": "Polygon", "coordinates": [[[-76.465, 3.445], [-76.46, 3.445], [-76.46, 3.45], [-76.465, 3.45], [-76.465, 3.445]]]}}, {"type": "Feature", "properties": {"value": 6.507, "sigma": 8.6005}, "geometry": {"type": "Polygon", "coordinates": [[[-76.46, 3.445], [-76.455, 3.445], [-76.455, 3.45], [-76.46, 3.45], [-76.46, 3.445]]]}}, {"type": "Feature", "properties": {"value": 6.5071, "sigma": 8.6005}, "geometry": {"type": "Polygon", "coordinates": [[[-76.455, 3.445], [-76.45, 3.445], [-76.45, 3.45], [-76.455, 3.45], [-76.455, 3.445]]]}}, {"type": "Feature", "properties": {"value": 6.5071, "sigma": 8.6005}, "geometry": {"type": "Polygon", "coordinates": [[[-76.45, 3.445], [-76.445, 3.445], [-76.445, 3.45], [-76.45, 3.45], [-76.45, 3.445]]]}}, {"type": "Feature", "properties": {"value": 6.5071, "sigma": 8.6005}, "geometry": {"type": "Polygon", "coordinates": [[[-76.445, 3.445], [-76.44, 3.445], [-76.44, 3.45], [-76.445, 3.45], [-76.445, 3.445]]]}}, {"type": "Feature", "properties": {"value": 6.5071, "sigma": 8.6005}, "geometry": {"type": "Polygon", "coordinates": [[[-76.44, 3.445], [-76.435, 3.445], [-76.435, 3.45], [-76.44, 3.45], [-76.44, 3.445]]]}}, {"type": "Feature", "properties": {"value": 6.5071, "sigma": 8.6005}, "geometry": {"type": "Polygon", "coordinates": [[[-76.435, 3.445], [-76.43, 3.445], [-76.43, 3.45], [-76.435, 3.45], [-76.435, 3.445]]]}}, {"type": "Feature", "properties": {"value": 6.5071, "sigma": 8.6005}, "geometry": {"type": "Polygon", "coordinates": [[[-76.43, 3.445], [-76.425, 3.445], [-76.425, 3.45], [-76.43, 3.45], [-76.43, 3.445]]]}}, {"type": "Feature", "properties": {"value": 6.5071, "sigma": 8.6005}, "geometry": {"type": "Polygon", "coordinates": [[[-76.425, 3.445], [-76.42, 3.445], [-76.42, 3.45], [-76.425, 3.45], [-76.425, 3.445]]]}}, {"type": "Feature", "properties": {"value": 6.5071, "sigma": 8.6005}, "geometry": {"type": "Polygon", "coordinates": [[[-76.42, 3.445], [-76.415, 3.445], [-76.415, 3.45], [-76.42, 3.45], [-76.42, 3.445]]]}}, {"type": "Feature", "properties": {"value": 6.5071, "sigma": 8.6005}, "geometry": {"type": "Polygon", "coordinates": [[[-76.415, 3.445], [-76.41, 3.445], [-76.41, 3.45], [-76.415, 3.45], [-76.415, 3.445]]]}}, {"type": "Feature", "properties": {"value": 6.5071, "sigma": 8.6005}, "geometry": {"type": "Polygon", "coordinates": [[[-76.41, 3.445], [-76.405, 3.445], [-76.405, 3.45], [-76.41, 3.45], [-76.41, 3.445]]]}}, {"type": "Feature", "properties": {"value": 6.5071, "sigma": 8.6005}, "geometry": {"type": "Polygon", "coordinates": [[[-76.405, 3.445], [-76.4, 3.445], [-76.4, 3.45], [-76.405, 3.45], [-76.405, 3.445]]]}}, {"type": "Feature", "properties": {"value": 6.5071, "sigma": 8.6005}, "geometry": {"type": "Polygon", "coordinates": [[[-76.6, 3.45], [-76.595, 3.45], [-76.595, 3.455], [-76.6, 3.455], [-76.6, 3.45]]]}}, {"type": "Feature", "properties": {"value": 6.5071, "sigma": 8.6005}, "geometry": {"type": "Polygon", "coordinates": [[[-76.595, 3.45], [-76.59, 3.45], [-76.59, 3.455], [-76.595, 3.455], [-76.595, 3.45]]]}}, {"type": "Feature", "properties": {"value": 6.5071, "sigma": 8.6005}, "geometry": {"type": "Polygon", "coordinates": [[[-76.59, 3.45], [-76.585, 3.45], [-76.585, 3.455], [-76.59, 3.455], [-76.59, 3.45]]]}}, {"type": "Feature", "properties": {"value": 6.5071, "sigma": 8.6005}, "geometry": {"type": "Polygon", "coordinates": [[[-76.585, 3.45], [-76.58, 3.45], [-76.58, 3.455], [-76.585, 3.455], [-76.585, 3.45]]]}}, {"type": "Feature", "properties": {"value": 6.4951, "sigma": 8.5991}, "geometry": {"type": "Polygon", "coordinates": [[[-76.58, 3.45], [-76.575, 3.45], [-76.575, 3.455], [-76.58, 3.455], [-76.58, 3.45]]]}}, {"type": "Feature", "properties": {"value": 6.4248, "sigma": 8.5883}, "geometry": {"type": "Polygon", "coordinates": [[[-76.575, 3.45], [-76.57, 3.45], [-76.57, 3.455], [-76.575, 3.455], [-76.575, 3.45]]]}}, {"type": "Feature", "properties": {"value": 6.3074, "sigma": 8.5663}, "geometry": {"type": "Polygon", "coordinates": [[[-76.57, 3.45], [-76.565, 3.45], [-76.565, 3.455], [-76.57, 3.455], [-76.57, 3.45]]]}}, {"type": "Feature", "properties": {"value": 6.1627, "sigma": 8.5313}, "geometry": {"type": "Polygon", "coordinates": [[[-76.565, 3.45], [-76.56, 3.45], [-76.56, 3.455], [-76.565, 3.455], [-76.565, 3.45]]]}}, {"type": "Feature", "properties": {"value": 6.0091, "sigma": 8.4801}, "geometry": {"type": "Polygon", "coordinates": [[[-76.56, 3.45], [-76.555, 3.45], [-76.555, 3.455], [-76.56, 3.455], [-76.56, 3.45]]]}}, {"type": "Feature", "properties": {"value": 5.8825, "sigma": 8.4088}, "geometry": {"type": "Polygon", "coordinates": [[[-76.555, 3.45], [-76.55, 3.45], [-76.55, 3.455], [-76.555, 3.455], [-76.555, 3.45]]]}}, {"type": "Feature", "properties": {"value": 5.9341, "sigma": 8.3135}, "geometry": {"type": "Polygon", "coordinates": [[[-76.55, 3.45], [-76.545, 3.45], [-76.545, 3.455], [-76.55, 3.455], [-76.55, 3.45]]]}}, {"type": "Feature", "properties": {"value": 6.1719, "sigma": 8.1927}, "geometry": {"type": "Polygon", "coordinates": [[[-76.545, 3.45], [-76.54, 3.45], [-76.54, 3.455], [-76.545, 3.455], [-76.545, 3.45]]]}}, {"type": "Feature", "properties": {"value": 6.5777, "sigma": 8.049}, "geometry": {"type": "Polygon", "coordinates": [[[-76.54, 3.45], [-76.535, 3.45], [-76.535, 3.455], [-76.54, 3.455], [-76.54, 3.45]]]}}, {"type": "Feature", "properties": {"value": 7.1481, "sigma": 7.9106}, "geometry": {"type": "Polygon", "coordinates": [[[-76.535, 3.45], [-76.53, 3.45], [-76.53, 3.455], [-76.535, 3.455], [-76.535, 3.45]]]}}, {"type": "Feature", "properties": {"value": 7.9782, "sigma": 7.9344}, "geometry": {"type": "Polygon", "coordinates": [[[-76.53, 3.45], [-76.525, 3.45], [-76.525, 3.455], [-76.53, 3.455], [-76.53, 3.45]]]}}, {"type": "Feature", "properties": {"value": 8.9603, "sigma": 8.0179}, "geometry": {"type": "Polygon", "coordinates": [[[-76.525, 3.45], [-76.52, 3.45], [-76.52, 3.455], [-76.525, 3.455], [-76.525, 3.45]]]}}, {"type": "Feature", "properties": {"value": 9.9538, "sigma": 8.0422}, "geometry": {"type": "Polygon", "coordinates": [[[-76.52, 3.45], [-76.515, 3.45], [-76.515, 3.455], [-76.52, 3.455], [-76.52, 3.45]]]}}, {"type": "Feature", "properties": {"value": 10.8978, "sigma": 8.0039}, "geometry": {"type": "Polygon", "coordinates": [[[-76.515, 3.45], [-76.51, 3.45], [-76.51, 3.455], [-76.515, 3.455], [-76.515, 3.45]]]}}, {"type": "Feature", "properties": {"value": 11.5515, "sigma": 7.9531}, "geometry": {"type": "Polygon", "coordinates": [[[-76.51, 3.45], [-76.505, 3.45], [-76.505, 3.455], [-76.51, 3.455], [-76.51, 3.45]]]}}, {"type": "Feature", "properties": {"value": 11.3858, "sigma": 8.0121}, "geometry": {"type": "Polygon", "coordinates": [[[-76.505, 3.45], [-76.5, 3.45], [-76.5, 3.455], [-76.505, 3.455], [-76.505, 3.45]]]}}, {"type": "Feature", "properties": {"value": 10.7128, "sigma": 8.1401}, "geometry": {"type": "Polygon", "coordinates": [[[-76.5, 3.45], [-76.495, 3.45], [-76.495, 3.455], [-76.5, 3.455], [-76.5, 3.45]]]}}, {"type": "Feature", "properties": {"value": 9.9355, "sigma": 8.2654}, "geometry": {"type": "Polygon", "coordinates": [[[-76.495, 3.45], [-76.49, 3.45], [-76.49, 3.455], [-76.495, 3.455], [-76.495, 3.45]]]}}, {"type": "Feature", "properties": {"value": 9.1579, "sigma": 8.3721}, "geometry": {"type": "Polygon", "coordinates": [[[-76.49, 3.45], [-76.485, 3.45], [-76.485, 3.455], [-76.49, 3.455], [-76.49, 3.45]]]}}, {"type": "Feature", "properties": {"value": 8.4174, "sigma": 8.4556}, "geometry": {"type": "Polygon", "coordinates": [[[-76.485, 3.45], [-76.48, 3.45], [-76.48, 3.455], [-76.485, 3.455], [-76.485, 3.45]]]}}, {"type": "Feature", "properties": {"value": 7.7603, "sigma": 8.5166}, "geometry": {"type": "Polygon", "coordinates": [[[-76.48, 3.45], [-76.475, 3.45], [-76.475, 3.455], [-76.48, 3.455], [-76.48, 3.45]]]}}, {"type": "Feature", "properties": {"value": 7.2228, "sigma": 8.5588}, "geometry": {"type": "Polygon", "coordinates": [[[-76.475, 3.45], [-76.47, 3.45], [-76.47, 3.455], [-76.475, 3.455], [-76.475, 3.45]]]}}, {"type": "Feature", "properties": {"value": 6.8228, "sigma": 8.5851}, "geometry": {"type": "Polygon", "coordinates": [[[-76.47, 3.45], [-76.465, 3.45], [-76.465, 3.455], [-76.47, 3.455], [-76.47, 3.45]]]}}, {"type": "Feature", "properties": {"value": 6.5773, "sigma": 8.5979}, "geometry": {"type": "Polygon", "coordinates": [[[-76.465, 3.45], [-76.46, 3.45], [-76.46, 3.455], [-76.465, 3.455], [-76.465, 3.45]]]}}, {"type": "Feature", "properties": {"value": 6.5071, "sigma": 8.6005}, "geometry": {"type": "Polygon", "coordinates": [[[-76.46, 3.45], [-76.455, 3.45], [-76.455, 3.455], [-76.46, 3.455], [-76.46, 3.45]]]}}, {"type": "Feature", "properties": {"value": 6.5071, "sigma": 8.6005}, "geometry": {"type": "Polygon", "coordinates": [[[-76.455, 3.45], [-76.45, 3.45], [-76.45, 3.455], [-76.455, 3.455], [-76.455, 3.45]]]}}, {"type": "Feature", "properties": {"value": 6.5071, "sigma": 8.6005}, "geometry": {"type": "Polygon", "coordinates": [[[-76.45, 3.45], [-76.445, 3.45], [-76.445, 3.455], [-76.45, 3.455], [-76.45, 3.45]]]}}, {"type": "Feature", "properties": {"value": 6.5071, "sigma": 8.6005}, "geometry": {"type": "Polygon", "coordinates": [[[-76.445, 3.45], [-76.44, 3.45], [-76.44, 3.455], [-76.445, 3.455], [-76.445, 3.45]]]}}, {"type": "Feature", "properties": {"value": 6.5071, "sigma": 8.6005}, "geometry": {"type": "Polygon", "coordinates": [[[-76.44, 3.45], [-76.435, 3.45], [-76.435, 3.455], [-76.44, 3.455], [-76.44, 3.45]]]}}, {"type": "Feature", "properties": {"value": 6.5071, "sigma": 8.6005}, "geometry": {"type": "Polygon", "coordinates": [[[-76.435, 3.45], [-76.43, 3.45], [-76.43, 3.455], [-76.435, 3.455], [-76.435, 3.45]]]}}, {"type": "Feature", "properties": {"value": 6.5071, "sigma": 8.6005}, "geometry": {"type": "Polygon", "coordinates": [[[-76.43, 3.45], [-76.425, 3.45], [-76.425, 3.455], [-76.43, 3.455], [-76.43, 3.45]]]}}, {"type": "Feature", "properties": {"value": 6.5071, "sigma": 8.6005}, "geometry": {"type": "Polygon", "coordinates": [[[-76.425, 3.45], [-76.42, 3.45], [-76.42, 3.455], [-76.425, 3.455], [-76.425, 3.45]]]}}, {"type": "Feature", "properties": {"value": 6.5071, "sigma": 8.6005}, "geometry": {"type": "Polygon", "coordinates": [[[-76.42, 3.45], [-76.415, 3.45], [-76.415, 3.455], [-76.42, 3.455], [-76.42, 3.45]]]}}, {"type": "Feature", "properties": {"value": 6.5071, "sigma": 8.6005}, "geometry": {"type": "Polygon", "coordinates": [[[-76.415, 3.45], [-76.41, 3.45], [-76.41, 3.455], [-76.415, 3.455], [-76.415, 3.45]]]}}, {"type": "Feature", "properties": {"value": 6.5071, "sigma": 8.6005}, "geometry": {"type": "Polygon", "coordinates": [[[-76.41, 3.45], [-76.405, 3.45], [-76.405, 3.455], [-76.41, 3.455], [-76.41, 3.45]]]}}, {"type": "Feature", "properties": {"value": 6.5071, "sigma": 8.6005}, "geometry": {"type": "Polygon", "coordinates": [[[-76.405, 3.45], [-76.4, 3.45], [-76.4, 3.455], [-76.405, 3.455], [-76.405, 3.45]]]}}, {"type": "Feature", "properties": {"value": 6.5071, "sigma": 8.6005}, "geometry": {"type": "Polygon", "coordinates": [[[-76.6, 3.455], [-76.595, 3.455], [-76.595, 3.46], [-76.6, 3.46], [-76.6, 3.455]]]}}, {"type": "Feature", "properties": {"value": 6.5071, "sigma": 8.6005}, "geometry": {"type": "Polygon", "coordinates": [[[-76.595, 3.455], [-76.59, 3.455], [-76.59, 3.46], [-76.595, 3.46], [-76.595, 3.455]]]}}, {"type": "Feature", "properties": {"value": 6.5071, "sigma": 8.6005}, "geometry": {"type": "Polygon", "coordinates": [[[-76.59, 3.455], [-76.585, 3.455], [-76.585, 3.46], [-76.59, 3.46], [-76.59, 3.455]]]}}, {"type": "Feature", "properties": {"value": 6.5071, "sigma": 8.6005}, "geometry": {"type": "Polygon", "coordinates": [[[-76.585, 3.455], [-76.58, 3.455], [-76.58, 3.46], [-76.585, 3.46], [-76.585, 3.455]]]}}, {"type": "Feature", "properties": {"value": 6.5047, "sigma": 8.5999}, "geometry": {"type": "Polygon", "coordinates": [[[-76.58, 3.455], [-76.575, 3.455], [-76.575, 3.46], [-76.58, 3.46], [-76.58, 3.455]]]}}, {"type": "Feature", "properties": {"value": 6.4772, "sigma": 8.5929}, "geometry": {"type": "Polygon", "coordinates": [[[-76.575, 3.455], [-76.57, 3.455], [-76.57, 3.46], [-76.575, 3.46], [-76.575, 3.455]]]}}, {"type": "Feature", "properties": {"value": 6.4068, "sigma": 8.575}, "geometry": {"type": "Polygon", "coordinates": [[[-76.57, 3.455], [-76.565, 3.455], [-76.565, 3.46], [-76.57, 3.46], [-76.57, 3.455]]]}}, {"type": "Feature", "properties": {"value": 6.3012, "sigma": 8.5431}, "geometry": {"type": "Polygon", "coordinates": [[[-76.565, 3.455], [-76.56, 3.455], [-76.56, 3.46], [-76.565, 3.46], [-76.565, 3.455]]]}}, {"type": "Feature", "properties": {"value": 6.1758, "sigma": 8.4935}, "geometry": {"type": "Polygon", "coordinates": [[[-76.56, 3.455], [-76.555, 3.455], [-76.555, 3.46], [-76.56, 3.46], [-76.56, 3.455]]]}}, {"type": "Feature", "properties": {"value": 6.0665, "sigma": 8.4212}, "geometry": {"type": "Polygon", "coordinates": [[[-76.555, 3.455], [-76.55, 3.455], [-76.55, 3.46], [-76.555, 3.46], [-76.555, 3.455]]]}}, {"type": "Feature", "properties": {"value": 6.1175, "sigma": 8.3206}, "geometry": {"type": "Polygon", "coordinates": [[[-76.55, 3.455], [-76.545, 3.455], [-76.545, 3.46], [-76.55, 3.46], [-76.55, 3.455]]]}}, {"type": "Feature", "properties": {"value": 6.3401, "sigma": 8.1924}, "geometry": {"type": "Polygon", "coordinates": [[[-76.545, 3.455], [-76.54, 3.455], [-76.54, 3.46], [-76.545, 3.46], [-76.545, 3.455]]]}}, {"type": "Feature", "properties": {"value": 6.7177, "sigma": 8.0377}, "geometry": {"type": "Polygon", "coordinates": [[[-76.54, 3.455], [-76.535, 3.455], [-76.535, 3.46], [-76.54, 3.46], [-76.54, 3.455]]]}}, {"type": "Feature", "properties": {"value": 7.243, "sigma": 7.8748}, "geometry": {"type": "Polygon", "coordinates": [[[-76.535, 3.455], [-76.53, 3.455], [-76.53, 3.46], [-76.535, 3.46], [-76.535, 3.455]]]}}, {"type": "Feature", "properties": {"value": 8.0529, "sigma": 7.9062}, "geometry": {"type": "Polygon", "coordinates": [[[-76.53, 3.455], [-76.525, 3.455], [-76.525, 3.46], [-76.53, 3.46], [-76.53, 3.455]]]}}, {"type": "Feature", "properties": {"value": 9.0403, "sigma": 7.9947}, "geometry": {"type": "Polygon", "coordinates": [[[-76.525, 3.455], [-76.52, 3.455], [-76.52, 3.46], [-76.525, 3.46], [-76.525, 3.455]]]}}, {"type": "Feature", "properties": {"value": 10.1021, "sigma": 8.0119}, "geometry": {"type": "Polygon", "coordinates": [[[-76.52, 3.455], [-76.515, 3.455], [-76.515, 3.46], [-76.52, 3.46], [-76.52, 3.455]]]}}, {"type": "Feature", "properties": {"value": 11.208, "sigma": 7.95}, "geometry": {"type": "Polygon", "coordinates": [[[-76.515, 3.455], [-76.51, 3.455], [-76.51, 3.46], [-76.515, 3.46], [-76.515, 3.455]]]}}, {"type": "Feature", "properties": {"value": 12.3331, "sigma": 7.8102}, "geometry": {"type": "Polygon", "coordinates": [[[-76.51, 3.455], [-76.505, 3.455], [-76.505, 3.46], [-76.51, 3.46], [-76.51, 3.455]]]}}, {"type": "Feature", "properties": {"value": 11.8443, "sigma": 7.9376}, "geometry": {"type": "Polygon", "coordinates": [[[-76.505, 3.455], [-76.5, 3.455], [-76.5, 3.46], [-76.505, 3.46], [-76.505, 3.455]]]}}, {"type": "Feature", "properties": {"value": 10.9729, "sigma": 8.112}, "geometry": {"type": "Polygon", "coordinates": [[[-76.5, 3.455], [-76.495, 3.455], [-76.495, 3.46], [-76.5, 3.46], [-76.5, 3.455]]]}}, {"type": "Feature", "properties": {"value": 10.1225, "sigma": 8.2572}, "geometry": {"type": "Polygon", "coordinates": [[[-76.495, 3.455], [-76.49, 3.455], [-76.49, 3.46], [-76.495, 3.46], [-76.495, 3.455]]]}}, {"type": "Feature", "properties": {"value": 9.3071, "sigma": 8.3744}, "geometry": {"type": "Polygon", "coordinates": [[[-76.49, 3.455], [-76.485, 3.455], [-76.485, 3.46], [-76.49, 3.46], [-76.49, 3.455]]]}}, {"type": "Feature", "properties": {"value": 8.5393, "sigma": 8.4632}, "geometry": {"type": "Polygon", "coordinates": [[[-76.485, 3.455], [-76.48, 3.455], [-76.48, 3.46], [-76.485, 3.46], [-76.485, 3.455]]]}}, {"type": "Feature", "properties": {"value": 7.8502, "sigma": 8.5243}, "geometry": {"type": "Polygon", "coordinates": [[[-76.48, 3.455], [-76.475, 3.455], [-76.475, 3.46], [-76.48, 3.46], [-76.48, 3.455]]]}}, {"type": "Feature", "properties": {"value": 7.2819, "sigma": 8.5641}, "geometry": {"type": "Polygon", "coordinates": [[[-76.475, 3.455], [-76.47, 3.455], [-76.47, 3.46], [-76.475, 3.46], [-76.475, 3.455]]]}}, {"type": "Feature", "properties": {"value": 6.8525, "sigma": 8.5869}, "geometry": {"type": "Polygon", "coordinates": [[[-76.47, 3.455], [-76.465, 3.455], [-76.465, 3.46], [-76.47, 3.46], [-76.47, 3.455]]]}}, {"type": "Feature", "properties": {"value": 6.5864, "sigma": 8.5977}, "geometry": {"type": "Polygon", "coordinates": [[[-76.465, 3.455], [-76.46, 3.455], [-76.46, 3.46], [-76.465, 3.46], [-76.465, 3.455]]]}}, {"type": "Feature", "properties": {"value": 6.5071, "sigma": 8.6005}, "geometry": {"type": "Polygon", "coordinates": [[[-76.46, 3.455], [-76.455, 3.455], [-76.455, 3.46], [-76.46, 3.46], [-76.46, 3.455]]]}}, {"type": "Feature", "properties": {"value": 6.5071, "sigma": 8.6005}, "geometry": {"type": "Polygon", "coordinates": [[[-76.455, 3.455], [-76.45, 3.455], [-76.45, 3.46], [-76.455, 3.46], [-76.455, 3.455]]]}}, {"type": "Feature", "properties": {"value": 6.5071, "sigma": 8.6005}, "geometry": {"type": "Polygon", "coordinates": [[[-76.45, 3.455], [-76.445, 3.455], [-76.445, 3.46], [-76.45, 3.46], [-76.45, 3.455]]]}}, {"type": "Feature", "properties": {"value": 6.5071, "sigma": 8.6005}, "geometry": {"type": "Polygon", "coordinates": [[[-76.445, 3.455], [-76.44, 3.455], [-76.44, 3.46], [-76.445, 3.46], [-76.445, 3.455]]]}}, {"type": "Feature", "properties": {"value": 6.5071, "sigma": 8.6005}, "geometry": {"type": "Polygon", "coordinates": [[[-76.44, 3.455], [-76.435, 3.455], [-76.435, 3.46], [-76.44, 3.46], [-76.44, 3.455]]]}}, {"type": "Feature", "properties": {"value": 6.5071, "sigma": 8.6005}, "geometry": {"type": "Polygon", "coordinates": [[[-76.435, 3.455], [-76.43, 3.455], [-76.43, 3.46], [-76.435, 3.46], [-76.435, 3.455]]]}}, {"type": "Feature", "properties": {"value": 6.5071, "sigma": 8.6005}, "geometry": {"type": "Polygon", "coordinates": [[[-76.43, 3.455], [-76.425, 3.455], [-76.425, 3.46], [-76.43, 3.46], [-76.43, 3.455]]]}}, {"type": "Feature", "properties": {"value": 6.5071, "sigma": 8.6005}, "geometry": {"type": "Polygon", "coordinates": [[[-76.425, 3.455], [-76.42, 3.455], [-76.42, 3.46], [-76.425, 3.46], [-76.425, 3.455]]]}}, {"type": "Feature", "properties": {"value": 6.5071, "sigma": 8.6005}, "geometry": {"type": "Polygon", "coordinates": [[[-76.42, 3.455], [-76.415, 3.455], [-76.415, 3.46], [-76.42, 3.46], [-76.42, 3.455]]]}}, {"type": "Feature", "properties": {"value": 6.5071, "sigma": 8.6005}, "geometry": {"type": "Polygon", "coordinates": [[[-76.415, 3.455], [-76.41, 3.455], [-76.41, 3.46], [-76.415, 3.46], [-76.415, 3.455]]]}}, {"type": "Feature", "properties": {"value": 6.5071, "sigma": 8.6005}, "geometry": {"type": "Polygon", "coordinates": [[[-76.41, 3.455], [-76.405, 3.455], [-76.405, 3.46], [-76.41, 3.46], [-76.41, 3.455]]]}}, {"type": "Feature", "properties": {"value": 6.5071, "sigma": 8.6005}, "geometry": {"type": "Polygon", "coordinates": [[[-76.405, 3.455], [-76.4, 3.455], [-76.4, 3.46], [-76.405, 3.46], [-76.405, 3.455]]]}}, {"type": "Feature", "properties": {"value": 6.5071, "sigma": 8.6005}, "geometry": {"type": "Polygon", "coordinates": [[[-76.6, 3.46], [-76.595, 3.46], [-76.595, 3.465], [-76.6, 3.465], [-76.6, 3.46]]]}}, {"type": "Feature", "properties": {"value": 6.5071, "sigma": 8.6005}, "geometry": {"type": "Polygon", "coordinates": [[[-76.595, 3.46], [-76.59, 3.46], [-76.59, 3.465], [-76.595, 3.465], [-76.595, 3.46]]]}}, {"type": "Feature", "properties": {"value": 6.5071, "sigma": 8.6005}, "geometry": {"type": "Polygon", "coordinates": [[[-76.59, 3.46], [-76.585, 3.46], [-76.585, 3.465], [-76.59, 3.465], [-76.59, 3.46]]]}}, {"type": "Feature", "properties": {"value": 6.5071, "sigma": 8.6005}, "geometry": {"type": "Polygon", "coordinates": [[[-76.585, 3.46], [-76.58, 3.46], [-76.58, 3.465], [-76.585, 3.465], [-76.585, 3.46]]]}}, {"type": "Feature", "properties": {"value": 6.5058, "sigma": 8.6002}, "geometry": {"type": "Polygon", "coordinates": [[[-76.58, 3.46], [-76.575, 3.46], [-76.575, 3.465], [-76.58, 3.465], [-76.58, 3.46]]]}}, {"type": "Feature", "properties": {"value": 6.4822, "sigma": 8.5941}, "geometry": {"type": "Polygon", "coordinates": [[[-76.575, 3.46], [-76.57, 3.46], [-76.57, 3.465], [-76.575, 3.465], [-76.575, 3.46]]]}}, {"type": "Feature", "properties": {"value": 6.4318, "sigma": 8.5791}, "geometry": {"type": "Polygon", "coordinates": [[[-76.57, 3.46], [-76.565, 3.46], [-76.565, 3.465], [-76.57, 3.465], [-76.57, 3.46]]]}}, {"type": "Feature", "properties": {"value": 6.358, "sigma": 8.5519}, "geometry": {"type": "Polygon", "coordinates": [[[-76.565, 3.46], [-76.56, 3.46], [-76.56, 3.465], [-76.565, 3.465], [-76.565, 3.46]]]}}, {"type": "Feature", "properties": {"value": 6.2625, "sigma": 8.5081}, "geometry": {"type": "Polygon", "coordinates": [[[-76.56, 3.46], [-76.555, 3.46], [-76.555, 3.465], [-76.56, 3.465], [-76.56, 3.46]]]}}, {"type": "Feature", "properties": {"value": 6.1579, "sigma": 8.4406}, "geometry": {"type": "Polygon", "coordinates": [[[-76.555, 3.46], [-76.55, 3.46], [-76.55, 3.465], [-76.555, 3.465], [-76.555, 3.46]]]}}, {"type": "Feature", "properties": {"value": 6.195, "sigma": 8.3477}, "geometry": {"type": "Polygon", "coordinates": [[[-76.55, 3.46], [-76.545, 3.46], [-76.545, 3.465], [-76.55, 3.465], [-76.55, 3.46]]]}}, {"type": "Feature", "properties": {"value": 6.3948, "sigma": 8.2348}, "geometry": {"type": "Polygon", "coordinates": [[[-76.545, 3.46], [-76.54, 3.46], [-76.54, 3.465], [-76.545, 3.465], [-76.545, 3.46]]]}}, {"type": "Feature", "properties": {"value": 6.7495, "sigma": 8.1146}, "geometry": {"type": "Polygon", "coordinates": [[[-76.54, 3.46], [-76.535, 3.46], [-76.535, 3.465], [-76.54, 3.465], [-76.54, 3.46]]]}}, {"type": "Feature", "properties": {"value": 7.2731, "sigma": 8.0233}, "geometry": {"type": "Polygon", "coordinates": [[[-76.535, 3.46], [-76.53, 3.46], [-76.53, 3.465], [-76.535, 3.465], [-76.535, 3.46]]]}}, {"type": "Feature", "properties": {"value": 7.9983, "sigma": 8.0114}, "geometry": {"type": "Polygon", "coordinates": [[[-76.53, 3.46], [-76.525, 3.46], [-76.525, 3.465], [-76.53, 3.465], [-76.53, 3.46]]]}}, {"type": "Feature", "properties": {"value": 8.8852, "sigma": 8.0393}, "geometry": {"type": "Polygon", "coordinates": [[[-76.525, 3.46], [-76.52, 3.46], [-76.52, 3.465], [-76.525, 3.465], [-76.525, 3.46]]]}}, {"type": "Feature", "properties": {"value": 9.8502, "sigma": 8.0403}, "geometry": {"type": "Polygon", "coordinates": [[[-76.52, 3.46], [-76.515, 3.46], [-76.515, 3.465], [-76.52, 3.465], [-76.52, 3.46]]]}}, {"type": "Feature", "properties": {"value": 10.7948, "sigma": 7.9985}, "geometry": {"type": "Polygon", "coordinates": [[[-76.515, 3.46], [-76.51, 3.46], [-76.51, 3.465], [-76.515, 3.465], [-76.515, 3.46]]]}}, {"type": "Feature", "properties": {"value": 11.4517, "sigma": 7.9552}, "geometry": {"type": "Polygon", "coordinates": [[[-76.51, 3.46], [-76.505, 3.46], [-76.505, 3.465], [-76.51, 3.465], [-76.51, 3.46]]]}}, {"type": "Feature", "properties": {"value": 11.3306, "sigma": 8.0173}, "geometry": {"type": "Polygon", "coordinates": [[[-76.505, 3.46], [-76.5, 3.46], [-76.5, 3.465], [-76.505, 3.465], [-76.505, 3.46]]]}}, {"type": "Feature", "properties": {"value": 10.7063, "sigma": 8.1485}, "geometry": {"type": "Polygon", "coordinates": [[[-76.5, 3.46], [-76.495, 3.46], [-76.495, 3.465], [-76.5, 3.465], [-76.5, 3.46]]]}}, {"type": "Feature", "properties": {"value": 9.9611, "sigma": 8.279}, "geometry": {"type": "Polygon", "coordinates": [[[-76.495, 3.46], [-76.49, 3.46], [-76.49, 3.465], [-76.495, 3.465], [-76.495, 3.46]]]}}, {"type": "Feature", "properties": {"value": 9.2034, "sigma": 8.3897}, "geometry": {"type": "Polygon", "coordinates": [[[-76.49, 3.46], [-76.485, 3.46], [-76.485, 3.465], [-76.49, 3.465], [-76.49, 3.46]]]}}, {"type": "Feature", "properties": {"value": 8.4712, "sigma": 8.4745}, "geometry": {"type": "Polygon", "coordinates": [[[-76.485, 3.46], [-76.48, 3.46], [-76.48, 3.465], [-76.485, 3.465], [-76.485, 3.46]]]}}, {"type": "Feature", "properties": {"value": 7.8048, "sigma": 8.532}, "geometry": {"type": "Polygon", "coordinates": [[[-76.48, 3.46], [-76.475, 3.46], [-76.475, 3.465], [-76.48, 3.465], [-76.48, 3.46]]]}}, {"type": "Feature", "properties": {"value": 7.2458, "sigma": 8.5673}, "geometry": {"type": "Polygon", "coordinates": [[[-76.475, 3.46], [-76.47, 3.46], [-76.47, 3.465], [-76.475, 3.465], [-76.475, 3.46]]]}}, {"type": "Feature", "properties": {"value": 6.8287, "sigma": 8.5879}, "geometry": {"type": "Polygon", "coordinates": [[[-76.47, 3.46], [-76.465, 3.46], [-76.465, 3.465], [-76.47, 3.465], [-76.47, 3.46]]]}}, {"type": "Feature", "properties": {"value": 6.5761, "sigma": 8.598}, "geometry": {"type": "Polygon", "coordinates": [[[-76.465, 3.46], [-76.46, 3.46], [-76.46, 3.465], [-76.465, 3.465], [-76.465, 3.46]]]}}, {"type": "Feature", "properties": {"value": 6.5071, "sigma": 8.6005}, "geometry": {"type": "Polygon", "coordinates": [[[-76.46, 3.46], [-76.455, 3.46], [-76.455, 3.465], [-76.46, 3.465], [-76.46, 3.46]]]}}, {"type": "Feature", "properties": {"value": 6.5071, "sigma": 8.6005}, "geometry": {"type": "Polygon", "coordinates": [[[-76.455, 3.46], [-76.45, 3.46], [-76.45, 3.465], [-76.455, 3.465], [-76.455, 3.46]]]}}, {"type": "Feature", "properties": {"value": 6.5071, "sigma": 8.6005}, "geometry": {"type": "Polygon", "coordinates": [[[-76.45, 3.46], [-76.445, 3.46], [-76.445, 3.465], [-76.45, 3.465], [-76.45, 3.46]]]}}, {"type": "Feature", "properties": {"value": 6.5071, "sigma": 8.6005}, "geometry": {"type": "Polygon", "coordinates": [[[-76.445, 3.46], [-76.44, 3.46], [-76.44, 3.465], [-76.445, 3.465], [-76.445, 3.46]]]}}, {"type": "Feature", "properties": {"value": 6.5071, "sigma": 8.6005}, "geometry": {"type": "Polygon", "coordinates": [[[-76.44, 3.46], [-76.435, 3.46], [-76.435, 3.465], [-76.44, 3.465], [-76.44, 3.46]]]}}, {"type": "Feature", "properties": {"value": 6.5071, "sigma": 8.6005}, "geometry": {"type": "Polygon", "coordinates": [[[-76.435, 3.46], [-76.43, 3.46], [-76.43, 3.465], [-76.435, 3.465], [-76.435, 3.46]]]}}, {"type": "Feature", "properties": {"value": 6.5071, "sigma": 8.6005}, "geometry": {"type": "Polygon", "coordinates": [[[-76.43, 3.46], [-76.425, 3.46], [-76.425, 3.465], [-76.43, 3.465], [-76.43, 3.46]]]}}, {"type": "Feature", "properties": {"value": 6.5071, "sigma": 8.6005}, "geometry": {"type": "Polygon", "coordinates": [[[-76.425, 3.46], [-76.42, 3.46], [-76.42, 3.465], [-76.425, 3.465], [-76.425, 3.46]]]}}, {"type": "Feature", "properties": {"value": 6.5071, "sigma": 8.6005}, "geometry": {"type": "Polygon", "coordinates": [[[-76.42, 3.46], [-76.415, 3.46], [-76.415, 3.465], [-76.42, 3.465], [-76.42, 3.46]]]}}, {"type": "Feature", "properties": {"value": 6.5071, "sigma": 8.6005}, "geometry": {"type": "Polygon", "coordinates": [[[-76.415, 3.46], [-76.41, 3.46], [-76.41, 3.465], [-76.415, 3.465], [-76.415, 3.46]]]}}, {"type": "Feature", "properties": {"value": 6.5071, "sigma": 8.6005}, "geometry": {"type": "Polygon", "coordinates": [[[-76.41, 3.46], [-76.405, 3.46], [-76.405, 3.465], [-76.41, 3.465], [-76.41, 3.46]]]}}, {"type": "Feature", "properties": {"value": 6.5071, "sigma": 8.6005}, "geometry": {"type": "Polygon", "coordinates": [[[-76.405, 3.46], [-76.4, 3.46], [-76.4, 3.465], [-76.405, 3.465], [-76.405, 3.46]]]}}, {"type": "Feature", "properties": {"value": 6.5071, "sigma": 8.6005}, "geometry": {"type": "Polygon", "coordinates": [[[-76.6, 3.465], [-76.595, 3.465], [-76.595, 3.47], [-76.6, 3.47], [-76.6, 3.465]]]}}, {"type": "Feature", "properties": {"value": 6.5071, "sigma": 8.6005}, "geometry": {"type": "Polygon", "coordinates": [[[-76.595, 3.465], [-76.59, 3.465], [-76.59, 3.47], [-76.595, 3.47], [-76.595, 3.465]]]}}, {"type": "Feature", "properties": {"value": 6.5071, "sigma": 8.6005}, "geometry": {"type": "Polygon", "coordinates": [[[-76.59, 3.465], [-76.585, 3.465], [-76.585, 3.47], [-76.59, 3.47], [-76.59, 3.465]]]}}, {"type": "Feature", "properties": {"value": 6.5071, "sigma": 8.6005}, "geometry": {"type": "Polygon", "coordinates": [[[-76.585, 3.465], [-76.58, 3.465], [-76.58, 3.47], [-76.585, 3.47], [-76.585, 3.465]]]}}, {"type": "Feature", "properties": {"value": 6.5069, "sigma": 8.6005}, "geometry": {"type": "Polygon", "coordinates": [[[-76.58, 3.465], [-76.575, 3.465], [-76.575, 3.47], [-76.58, 3.47], [-76.58, 3.465]]]}}, {"type": "Feature", "properties": {"value": 6.49, "sigma": 8.5962}, "geometry": {"type": "Polygon", "coordinates": [[[-76.575, 3.465], [-76.57, 3.465], [-76.57, 3.47], [-76.575, 3.47], [-76.575, 3.465]]]}}, {"type": "Feature", "properties": {"value": 6.447, "sigma": 8.584}, "geometry": {"type": "Polygon", "coordinates": [[[-76.57, 3.465], [-76.565, 3.465], [-76.565, 3.47], [-76.57, 3.47], [-76.57, 3.465]]]}}, {"type": "Feature", "properties": {"value": 6.382, "sigma": 8.5614}, "geometry": {"type": "Polygon", "coordinates": [[[-76.565, 3.465], [-76.56, 3.465], [-76.56, 3.47], [-76.565, 3.47], [-76.565, 3.465]]]}}, {"type": "Feature", "properties": {"value": 6.2917, "sigma": 8.5234}, "geometry": {"type": "Polygon", "coordinates": [[[-76.56, 3.465], [-76.555, 3.465], [-76.555, 3.47], [-76.56, 3.47], [-76.56, 3.465]]]}}, {"type": "Feature", "properties": {"value": 6.1794, "sigma": 8.4647}, "geometry": {"type": "Polygon", "coordinates": [[[-76.555, 3.465], [-76.55, 3.465], [-76.55, 3.47], [-76.555, 3.47], [-76.555, 3.465]]]}}, {"type": "Feature", "properties": {"value": 6.1864, "sigma": 8.3859}, "geometry": {"type": "Polygon", "coordinates": [[[-76.55, 3.465], [-76.545, 3.465], [-76.545, 3.47], [-76.55, 3.47], [-76.55, 3.465]]]}}, {"type": "Feature", "properties": {"value": 6.354, "sigma": 8.2941}, "geometry": {"type": "Polygon", "coordinates": [[[-76.545, 3.465], [-76.54, 3.465], [-76.54, 3.47], [-76.545, 3.47], [-76.545, 3.465]]]}}, {"type": "Feature", "properties": {"value": 6.6771, "sigma": 8.2035}, "geometry": {"type": "Polygon", "coordinates": [[[-76.54, 3.465], [-76.535, 3.465], [-76.535, 3.47], [-76.54, 3.47], [-76.54, 3.465]]]}}, {"type": "Feature", "properties": {"value": 7.1561, "sigma": 8.1351}, "geometry": {"type": "Polygon", "coordinates": [[[-76.535, 3.465], [-76.53, 3.465], [-76.53, 3.47], [-76.535, 3.47], [-76.535, 3.465]]]}}, {"type": "Feature", "properties": {"value": 7.7856, "sigma": 8.1035}, "geometry": {"type": "Polygon", "coordinates": [[[-76.53, 3.465], [-76.525, 3.465], [-76.525, 3.47], [-76.53, 3.47], [-76.53, 3.465]]]}}, {"type": "Feature", "properties": {"value": 8.5285, "sigma": 8.0954}, "geometry": {"type": "Polygon", "coordinates": [[[-76.525, 3.465], [-76.52, 3.465], [-76.52, 3.47], [-76.525, 3.47], [-76.525, 3.465]]]}}, {"type": "Feature", "properties": {"value": 9.3105, "sigma": 8.0869}, "geometry": {"type": "Polygon", "coordinates": [[[-76.52, 3.465], [-76.515, 3.465], [-76.515, 3.47], [-76.52, 3.47], [-76.52, 3.465]]]}}, {"type": "Feature", "properties": {"value": 10.0126, "sigma": 8.0725}, "geometry": {"type": "Polygon", "coordinates": [[[-76.515, 3.465], [-76.51, 3.465], [-76.51, 3.47], [-76.515, 3.47], [-76.515, 3.465]]]}}, {"type": "Feature", "properties": {"value": 10.4461, "sigma": 8.0745}, "geometry": {"type": "Polygon", "coordinates": [[[-76.51, 3.465], [-76.505, 3.465], [-76.505, 3.47], [-76.51, 3.47], [-76.51, 3.465]]]}}, {"type": "Feature", "properties": {"value": 10.4461, "sigma": 8.1244}, "geometry": {"type": "Polygon", "coordinates": [[[-76.505, 3.465], [-76.5, 3.465], [-76.5, 3.47], [-76.505, 3.47], [-76.505, 3.465]]]}}, {"type": "Feature", "properties": {"value": 10.0764, "sigma": 8.2165}, "geometry": {"type": "Polygon", "coordinates": [[[-76.5, 3.465], [-76.495, 3.465], [-76.495, 3.47], [-76.5, 3.47], [-76.5, 3.465]]]}}, {"type": "Feature", "properties": {"value": 9.5145, "sigma": 8.3204}, "geometry": {"type": "Polygon", "coordinates": [[[-76.495, 3.465], [-76.49, 3.465], [-76.49, 3.47], [-76.495, 3.47], [-76.495, 3.465]]]}}, {"type": "Feature", "properties": {"value": 8.8795, "sigma": 8.4149}, "geometry": {"type": "Polygon", "coordinates": [[[-76.49, 3.465], [-76.485, 3.465], [-76.485, 3.47], [-76.49, 3.47], [-76.49, 3.465]]]}}, {"type": "Feature", "properties": {"value": 8.2358, "sigma": 8.4895}, "geometry": {"type": "Polygon", "coordinates": [[[-76.485, 3.465], [-76.48, 3.465], [-76.48, 3.47], [-76.485, 3.47], [-76.485, 3.465]]]}}, {"type": "Feature", "properties": {"value": 7.6432, "sigma": 8.5416}, "geometry": {"type": "Polygon", "coordinates": [[[-76.48, 3.465], [-76.475, 3.465], [-76.475, 3.47], [-76.48, 3.47], [-76.48, 3.465]]]}}, {"type": "Feature", "properties": {"value": 7.1398, "sigma": 8.573}, "geometry": {"type": "Polygon", "coordinates": [[[-76.475, 3.465], [-76.47, 3.465], [-76.47, 3.47], [-76.475, 3.47], [-76.475, 3.465]]]}}, {"type": "Feature", "properties": {"value": 6.7659, "sigma": 8.5906}, "geometry": {"type": "Polygon", "coordinates": [[[-76.47, 3.465], [-76.465, 3.465], [-76.465, 3.47], [-76.47, 3.47], [-76.47, 3.465]]]}}, {"type": "Feature", "properties": {"value": 6.5506, "sigma": 8.599}, "geometry": {"type": "Polygon", "coordinates": [[[-76.465, 3.465], [-76.46, 3.465], [-76.46, 3.47], [-76.465, 3.47], [-76.465, 3.465]]]}}, {"type": "Feature", "properties": {"value": 6.5071, "sigma": 8.6005}, "geometry": {"type": "Polygon", "coordinates": [[[-76.46, 3.465], [-76.455, 3.465], [-76.455, 3.47], [-76.46, 3.47], [-76.46, 3.465]]]}}, {"type": "Feature", "properties": {"value": 6.5071, "sigma": 8.6005}, "geometry": {"type": "Polygon", "coordinates": [[[-76.455, 3.465], [-76.45, 3.465], [-76.45, 3.47], [-76.455, 3.47], [-76.455, 3.465]]]}}, {"type": "Feature", "properties": {"value": 6.5071, "sigma": 8.6005}, "geometry": {"type": "Polygon", "coordinates": [[[-76.45, 3.465], [-76.445, 3.465], [-76.445, 3.47], [-76.45, 3.47], [-76.45, 3.465]]]}}, {"type": "Feature", "properties": {"value": 6.5071, "sigma": 8.6005}, "geometry": {"type": "Polygon", "coordinates": [[[-76.445, 3.465], [-76.44, 3.465], [-76.44, 3.47], [-76.445, 3.47], [-76.445, 3.465]]]}}, {"type": "Feature", "properties": {"value": 6.5071, "sigma": 8.6005}, "geometry": {"type": "Polygon", "coordinates": [[[-76.44, 3.465], [-76.435, 3.465], [-76.435, 3.47], [-76.44, 3.47], [-76.44, 3.465]]]}}, {"type": "Feature", "properties": {"value": 6.5071, "sigma": 8.6005}, "geometry": {"type": "Polygon", "coordinates": [[[-76.435, 3.465], [-76.43, 3.465], [-76.43, 3.47], [-76.435, 3.47], [-76.435, 3.465]]]}}, {"type": "Feature", "properties": {"value": 6.5071, "sigma": 8.6005}, "geometry": {"type": "Polygon", "coordinates": [[[-76.43, 3.465], [-76.425, 3.465], [-76.425, 3.47], [-76.43, 3.47], [-76.43, 3.465]]]}}, {"type": "Feature", "properties": {"value": 6.5071, "sigma": 8.6005}, "geometry": {"type": "Polygon", "coordinates": [[[-76.425, 3.465], [-76.42, 3.465], [-76.42, 3.47], [-76.425, 3.47], [-76.425, 3.465]]]}}, {"type": "Feature", "properties": {"value": 6.5071, "sigma": 8.6005}, "geometry": {"type": "Polygon", "coordinates": [[[-76.42, 3.465], [-76.415, 3.465], [-76.415, 3.47], [-76.42, 3.47], [-76.42, 3.465]]]}}, {"type": "Feature", "properties": {"value": 6.5071, "sigma": 8.6005}, "geometry": {"type": "Polygon", "coordinates": [[[-76.415, 3.465], [-76.41, 3.465], [-76.41, 3.47], [-76.415, 3.47], [-76.415, 3.465]]]}}, {"type": "Feature", "properties": {"value": 6.5071, "sigma": 8.6005}, "geometry": {"type": "Polygon", "coordinates": [[[-76.41, 3.465], [-76.405, 3.465], [-76.405, 3.47], [-76.41, 3.47], [-76.41, 3.465]]]}}, {"type": "Feature", "properties": {"value": 6.5071, "sigma": 8.6005}, "geometry": {"type": "Polygon", "coordinates": [[[-76.405, 3.465], [-76.4, 3.465], [-76.4, 3.47], [-76.405, 3.47], [-76.405, 3.465]]]}}, {"type": "Feature", "properties": {"value": 6.5071, "sigma": 8.6005}, "geometry": {"type": "Polygon", "coordinates": [[[-76.6, 3.47], [-76.595, 3.47], [-76.595, 3.475], [-76.6, 3.475], [-76.6, 3.47]]]}}, {"type": "Feature", "properties": {"value": 6.5071, "sigma": 8.6005}, "geometry": {"type": "Polygon", "coordinates": [[[-76.595, 3.47], [-76.59, 3.47], [-76.59, 3.475], [-76.595, 3.475], [-76.595, 3.47]]]}}, {"type": "Feature", "properties": {"value": 6.5071, "sigma": 8.6005}, "geometry": {"type": "Polygon", "coordinates": [[[-76.59, 3.47], [-76.585, 3.47], [-76.585, 3.475], [-76.59, 3.475], [-76.59, 3.47]]]}}, {"type": "Feature", "properties": {"value": 6.5071, "sigma": 8.6005}, "geometry": {"type": "Polygon", "coordinates": [[[-76.585, 3.47], [-76.58, 3.47], [-76.58, 3.475], [-76.585, 3.475], [-76.585, 3.47]]]}}, {"type": "Feature", "properties": {"value": 6.5071, "sigma": 8.6005}, "geometry": {"type": "Polygon", "coordinates": [[[-76.58, 3.47], [-76.575, 3.47], [-76.575, 3.475], [-76.58, 3.475], [-76.58, 3.47]]]}}, {"type": "Feature", "properties": {"value": 6.4989, "sigma": 8.5985}, "geometry": {"type": "Polygon", "coordinates": [[[-76.575, 3.47], [-76.57, 3.47], [-76.57, 3.475], [-76.575, 3.475], [-76.575, 3.47]]]}}, {"type": "Feature", "properties": {"value": 6.4665, "sigma": 8.5898}, "geometry": {"type": "Polygon", "coordinates": [[[-76.57, 3.47], [-76.565, 3.47], [-76.565, 3.475], [-76.57, 3.475], [-76.57, 3.47]]]}}, {"type": "Feature", "properties": {"value": 6.4125, "sigma": 8.5726}, "geometry": {"type": "Polygon", "coordinates": [[[-76.565, 3.47], [-76.56, 3.47], [-76.56, 3.475], [-76.565, 3.475], [-76.565, 3.47]]]}}, {"type": "Feature", "properties": {"value": 6.3272, "sigma": 8.5405}, "geometry": {"type": "Polygon", "coordinates": [[[-76.56, 3.47], [-76.555, 3.47], [-76.555, 3.475], [-76.56, 3.475], [-76.56, 3.47]]]}}, {"type": "Feature", "properties": {"value": 6.2133, "sigma": 8.4913}, "geometry": {"type": "Polygon", "coordinates": [[[-76.555, 3.47], [-76.55, 3.47], [-76.55, 3.475], [-76.555, 3.475], [-76.555, 3.47]]]}}, {"type": "Feature", "properties": {"value": 6.1727, "sigma": 8.4253}, "geometry": {"type": "Polygon", "coordinates": [[[-76.55, 3.47], [-76.545, 3.47], [-76.545, 3.475], [-76.55, 3.475], [-76.55, 3.47]]]}}, {"type": "Feature", "properties": {"value": 6.2878, "sigma": 8.3482}, "geometry": {"type": "Polygon", "coordinates": [[[-76.545, 3.47], [-76.54, 3.47], [-76.54, 3.475], [-76.545, 3.475], [-76.545, 3.47]]]}}, {"type": "Feature", "properties": {"value": 6.5479, "sigma": 8.2699}, "geometry": {"type": "Polygon", "coordinates": [[[-76.54, 3.47], [-76.535, 3.47], [-76.535, 3.475], [-76.54, 3.475], [-76.54, 3.47]]]}}, {"type": "Feature", "properties": {"value": 6.9416, "sigma": 8.2019}, "geometry": {"type": "Polygon", "coordinates": [[[-76.535, 3.47], [-76.53, 3.47], [-76.53, 3.475], [-76.535, 3.475], [-76.535, 3.47]]]}}, {"type": "Feature", "properties": {"value": 7.4499, "sigma": 8.1515}, "geometry": {"type": "Polygon", "coordinates": [[[-76.53, 3.47], [-76.525, 3.47], [-76.525, 3.475], [-76.53, 3.475], [-76.53, 3.47]]]}}, {"type": "Feature", "properties": {"value": 8.0357, "sigma": 8.1194}, "geometry": {"type": "Polygon", "coordinates": [[[-76.525, 3.47], [-76.52, 3.47], [-76.52, 3.475], [-76.525, 3.475], [-76.525, 3.47]]]}}, {"type": "Feature", "properties": {"value": 8.6367, "sigma": 8.1051}, "geometry": {"type": "Polygon", "coordinates": [[[-76.52, 3.47], [-76.515, 3.47], [-76.515, 3.475], [-76.52, 3.475], [-76.52, 3.47]]]}}, {"type": "Feature", "properties": {"value": 9.1586, "sigma": 8.1107}, "geometry": {"type": "Polygon", "coordinates": [[[-76.515, 3.47], [-76.51, 3.47], [-76.51, 3.475], [-76.515, 3.475], [-76.515, 3.47]]]}}, {"type": "Feature", "properties": {"value": 9.4848, "sigma": 8.1407}, "geometry": {"type": "Polygon", "coordinates": [[[-76.51, 3.47], [-76.505, 3.47], [-76.505, 3.475], [-76.51, 3.475], [-76.51, 3.47]]]}}, {"type": "Feature", "properties": {"value": 9.5338, "sigma": 8.1985}, "geometry": {"type": "Polygon", "coordinates": [[[-76.505, 3.47], [-76.5, 3.47], [-76.5, 3.475], [-76.505, 3.475], [-76.505, 3.47]]]}}, {"type": "Feature", "properties": {"value": 9.3191, "sigma": 8.2781}, "geometry": {"type": "Polygon", "coordinates": [[[-76.5, 3.47], [-76.495, 3.47], [-76.495, 3.475], [-76.5, 3.475], [-76.5, 3.47]]]}}, {"type": "Feature", "properties": {"value": 8.9217, "sigma": 8.3651}, "geometry": {"type": "Polygon", "coordinates": [[[-76.495, 3.47], [-76.49, 3.47], [-76.49, 3.475], [-76.495, 3.475], [-76.495, 3.47]]]}}, {"type": "Feature", "properties": {"value": 8.4257, "sigma": 8.445}, "geometry": {"type": "Polygon", "coordinates": [[[-76.49, 3.47], [-76.485, 3.47], [-76.485, 3.475], [-76.49, 3.475], [-76.49, 3.47]]]}}, {"type": "Feature", "properties": {"value": 7.8985, "sigma": 8.5085}, "geometry": {"type": "Polygon", "coordinates": [[[-76.485, 3.47], [-76.48, 3.47], [-76.48, 3.475], [-76.485, 3.475], [-76.485, 3.47]]]}}, {"type": "Feature", "properties": {"value": 7.4063, "sigma": 8.5535}, "geometry": {"type": "Polygon", "coordinates": [[[-76.48, 3.47], [-76.475, 3.47], [-76.475, 3.475], [-76.48, 3.475], [-76.48, 3.47]]]}}, {"type": "Feature", "properties": {"value": 6.9867, "sigma": 8.5806}, "geometry": {"type": "Polygon", "coordinates": [[[-76.475, 3.47], [-76.47, 3.47], [-76.47, 3.475], [-76.475, 3.475], [-76.475, 3.47]]]}}, {"type": "Feature", "properties": {"value": 6.6787, "sigma": 8.5941}, "geometry": {"type": "Polygon", "coordinates": [[[-76.47, 3.47], [-76.465, 3.47], [-76.465, 3.475], [-76.47, 3.475], [-76.47, 3.47]]]}}, {"type": "Feature", "properties": {"value": 6.5217, "sigma": 8.6}, "geometry": {"type": "Polygon", "coordinates": [[[-76.465, 3.47], [-76.46, 3.47], [-76.46, 3.475], [-76.465, 3.475], [-76.465, 3.47]]]}}, {"type": "Feature", "properties": {"value": 6.5071, "sigma": 8.6005}, "geometry": {"type": "Polygon", "coordinates": [[[-76.46, 3.47], [-76.455, 3.47], [-76.455, 3.475], [-76.46, 3.475], [-76.46, 3.47]]]}}, {"type": "Feature", "properties": {"value": 6.5071, "sigma": 8.6005}, "geometry": {"type": "Polygon", "coordinates": [[[-76.455, 3.47], [-76.45, 3.47], [-76.45, 3.475], [-76.455, 3.475], [-76.455, 3.47]]]}}, {"type": "Feature", "properties": {"value": 6.5071, "sigma": 8.6005}, "geometry": {"type": "Polygon", "coordinates": [[[-76.45, 3.47], [-76.445, 3.47], [-76.445, 3.475], [-76.45, 3.475], [-76.45, 3.47]]]}}, {"type": "Feature", "properties": {"value": 6.5071, "sigma": 8.6005}, "geometry": {"type": "Polygon", "coordinates": [[[-76.445, 3.47], [-76.44, 3.47], [-76.44, 3.475], [-76.445, 3.475], [-76.445, 3.47]]]}}, {"type": "Feature", "properties": {"value": 6.5071, "sigma": 8.6005}, "geometry": {"type": "Polygon", "coordinates": [[[-76.44, 3.47], [-76.435, 3.47], [-76.435, 3.475], [-76.44, 3.475], [-76.44, 3.47]]]}}, {"type": "Feature", "properties": {"value": 6.5071, "sigma": 8.6005}, "geometry": {"type": "Polygon", "coordinates": [[[-76.435, 3.47], [-76.43, 3.47], [-76.43, 3.475], [-76.435, 3.475], [-76.435, 3.47]]]}}, {"type": "Feature", "properties": {"value": 6.5071, "sigma": 8.6005}, "geometry": {"type": "Polygon", "coordinates": [[[-76.43, 3.47], [-76.425, 3.47], [-76.425, 3.475], [-76.43, 3.475], [-76.43, 3.47]]]}}, {"type": "Feature", "properties": {"value": 6.5071, "sigma": 8.6005}, "geometry": {"type": "Polygon", "coordinates": [[[-76.425, 3.47], [-76.42, 3.47], [-76.42, 3.475], [-76.425, 3.475], [-76.425, 3.47]]]}}, {"type": "Feature", "properties": {"value": 6.5071, "sigma": 8.6005}, "geometry": {"type": "Polygon", "coordinates": [[[-76.42, 3.47], [-76.415, 3.47], [-76.415, 3.475], [-76.42, 3.475], [-76.42, 3.47]]]}}, {"type": "Feature", "properties": {"value": 6.5071, "sigma": 8.6005}, "geometry": {"type": "Polygon", "coordinates": [[[-76.415, 3.47], [-76.41, 3.47], [-76.41, 3.475], [-76.415, 3.475], [-76.415, 3.47]]]}}, {"type": "Feature", "properties": {"value": 6.5071, "sigma": 8.6005}, "geometry": {"type": "Polygon", "coordinates": [[[-76.41, 3.47], [-76.405, 3.47], [-76.405, 3.475], [-76.41, 3.475], [-76.41, 3.47]]]}}, {"type": "Feature", "properties": {"value": 6.5071, "sigma": 8.6005}, "geometry": {"type": "Polygon", "coordinates": [[[-76.405, 3.47], [-76.4, 3.47], [-76.4, 3.475], [-76.405, 3.475], [-76.405, 3.47]]]}}, {"type": "Feature", "properties": {"value": 6.5071, "sigma": 8.6005}, "geometry": {"type": "Polygon", "coordinates": [[[-76.6, 3.475], [-76.595, 3.475], [-76.595, 3.48], [-76.6, 3.48], [-76.6, 3.475]]]}}, {"type": "Feature", "properties": {"value": 6.5071, "sigma": 8.6005}, "geometry": {"type": "Polygon", "coordinates": [[[-76.595, 3.475], [-76.59, 3.475], [-76.59, 3.48], [-76.595, 3.48], [-76.595, 3.475]]]}}, {"type": "Feature", "properties": {"value": 6.5071, "sigma": 8.6005}, "geometry": {"type": "Polygon", "coordinates": [[[-76.59, 3.475], [-76.585, 3.475], [-76.585, 3.48], [-76.59, 3.48], [-76.59, 3.475]]]}}, {"type": "Feature", "properties": {"value": 6.5071, "sigma": 8.6005}, "geometry": {"type": "Polygon", "coordinates": [[[-76.585, 3.475], [-76.58, 3.475], [-76.58, 3.48], [-76.585, 3.48], [-76.585, 3.475]]]}}, {"type": "Feature", "properties": {"value": 6.5071, "sigma": 8.6005}, "geometry": {"type": "Polygon", "coordinates": [[[-76.58, 3.475], [-76.575, 3.475], [-76.575, 3.48], [-76.58, 3.48], [-76.58, 3.475]]]}}, {"type": "Feature", "properties": {"value": 6.5057, "sigma": 8.6002}, "geometry": {"type": "Polygon", "coordinates": [[[-76.575, 3.475], [-76.57, 3.475], [-76.57, 3.48], [-76.575, 3.48], [-76.575, 3.475]]]}}, {"type": "Feature", "properties": {"value": 6.4862, "sigma": 8.5952}, "geometry": {"type": "Polygon", "coordinates": [[[-76.57, 3.475], [-76.565, 3.475], [-76.565, 3.48], [-76.57, 3.48], [-76.57, 3.475]]]}}, {"type": "Feature", "properties": {"value": 6.4435, "sigma": 8.5827}, "geometry": {"type": "Polygon", "coordinates": [[[-76.565, 3.475], [-76.56, 3.475], [-76.56, 3.48], [-76.565, 3.48], [-76.565, 3.475]]]}}, {"type": "Feature", "properties": {"value": 6.3666, "sigma": 8.5563}, "geometry": {"type": "Polygon", "coordinates": [[[-76.56, 3.475], [-76.555, 3.475], [-76.555, 3.48], [-76.56, 3.48], [-76.56, 3.475]]]}}, {"type": "Feature", "properties": {"value": 6.2619, "sigma": 8.5149}, "geometry": {"type": "Polygon", "coordinates": [[[-76.555, 3.475], [-76.55, 3.475], [-76.55, 3.48], [-76.555, 3.48], [-76.555, 3.475]]]}}, {"type": "Feature", "properties": {"value": 6.1709, "sigma": 8.4581}, "geometry": {"type": "Polygon", "coordinates": [[[-76.55, 3.475], [-76.545, 3.475], [-76.545, 3.48], [-76.55, 3.48], [-76.55, 3.475]]]}}, {"type": "Feature", "properties": {"value": 6.2147, "sigma": 8.3879}, "geometry": {"type": "Polygon", "coordinates": [[[-76.545, 3.475], [-76.54, 3.475], [-76.54, 3.48], [-76.545, 3.48], [-76.545, 3.475]]]}}, {"type": "Feature", "properties": {"value": 6.3898, "sigma": 8.3098}, "geometry": {"type": "Polygon", "coordinates": [[[-76.54, 3.475], [-76.535, 3.475], [-76.535, 3.48], [-76.54, 3.48], [-76.54, 3.475]]]}}, {"type": "Feature", "properties": {"value": 6.6773, "sigma": 8.2297}, "geometry": {"type": "Polygon", "coordinates": [[[-76.535, 3.475], [-76.53, 3.475], [-76.53, 3.48], [-76.535, 3.48], [-76.535, 3.475]]]}}, {"type": "Feature", "properties": {"value": 7.0525, "sigma": 8.1536}, "geometry": {"type": "Polygon", "coordinates": [[[-76.53, 3.475], [-76.525, 3.475], [-76.525, 3.48], [-76.53, 3.48], [-76.53, 3.475]]]}}, {"type": "Feature", "properties": {"value": 7.4832, "sigma": 8.0927}, "geometry": {"type": "Polygon", "coordinates": [[[-76.525, 3.475], [-76.52, 3.475], [-76.52, 3.48], [-76.525, 3.48], [-76.525, 3.475]]]}}, {"type": "Feature", "properties": {"value": 7.9286, "sigma": 8.0691}, "geometry": {"type": "Polygon", "coordinates": [[[-76.52, 3.475], [-76.515, 3.475], [-76.515, 3.48], [-76.52, 3.48], [-76.52, 3.475]]]}}, {"type": "Feature", "properties": {"value": 8.3265, "sigma": 8.096}, "geometry": {"type": "Polygon", "coordinates": [[[-76.515, 3.475], [-76.51, 3.475], [-76.51, 3.48], [-76.515, 3.48], [-76.515, 3.475]]]}}, {"type": "Feature", "properties": {"value": 8.5941, "sigma": 8.158}, "geometry": {"type": "Polygon", "coordinates": [[[-76.51, 3.475], [-76.505, 3.475], [-76.505, 3.48], [-76.51, 3.48], [-76.51, 3.475]]]}}, {"type": "Feature", "properties": {"value": 8.6721, "sigma": 8.2365}, "geometry": {"type": "Polygon", "coordinates": [[[-76.505, 3.475], [-76.5, 3.475], [-76.5, 3.48], [-76.505, 3.48], [-76.505, 3.475]]]}}, {"type": "Feature", "properties": {"value": 8.5565, "sigma": 8.3206}, "geometry": {"type": "Polygon", "coordinates": [[[-76.5, 3.475], [-76.495, 3.475], [-76.495, 3.48], [-76.5, 3.48], [-76.5, 3.475]]]}}, {"type": "Feature", "properties": {"value": 8.2866, "sigma": 8.402}, "geometry": {"type": "Polygon", "coordinates": [[[-76.495, 3.475], [-76.49, 3.475], [-76.49, 3.48], [-76.495, 3.48], [-76.495, 3.475]]]}}, {"type": "Feature", "properties": {"value": 7.9173, "sigma": 8.4724}, "geometry": {"type": "Polygon", "coordinates": [[[-76.49, 3.475], [-76.485, 3.475], [-76.485, 3.48], [-76.49, 3.48], [-76.49, 3.475]]]}}, {"type": "Feature", "properties": {"value": 7.5142, "sigma": 8.527}, "geometry": {"type": "Polygon", "coordinates": [[[-76.485, 3.475], [-76.48, 3.475], [-76.48, 3.48], [-76.485, 3.48], [-76.485, 3.475]]]}}, {"type": "Feature", "properties": {"value": 7.1338, "sigma": 8.5653}, "geometry": {"type": "Polygon", "coordinates": [[[-76.48, 3.475], [-76.475, 3.475], [-76.475, 3.48], [-76.48, 3.48], [-76.48, 3.475]]]}}, {"type": "Feature", "properties": {"value": 6.8133, "sigma": 8.588}, "geometry": {"type": "Polygon", "coordinates": [[[-76.475, 3.475], [-76.47, 3.475], [-76.47, 3.48], [-76.475, 3.48], [-76.475, 3.475]]]}}, {"type": "Feature", "properties": {"value": 6.5891, "sigma": 8.5976}, "geometry": {"type": "Polygon", "coordinates": [[[-76.47, 3.475], [-76.465, 3.475], [-76.465, 3.48], [-76.47, 3.48], [-76.47, 3.475]]]}}, {"type": "Feature", "properties": {"value": 6.5071, "sigma": 8.6005}, "geometry": {"type": "Polygon", "coordinates": [[[-76.465, 3.475], [-76.46, 3.475], [-76.46, 3.48], [-76.465, 3.48], [-76.465, 3.475]]]}}, {"type": "Feature", "properties": {"value": 6.5071, "sigma": 8.6005}, "geometry": {"type": "Polygon", "coordinates": [[[-76.46, 3.475], [-76.455, 3.475], [-76.455, 3.48], [-76.46, 3.48], [-76.46, 3.475]]]}}, {"type": "Feature", "properties": {"value": 6.5071, "sigma": 8.6005}, "geometry": {"type": "Polygon", "coordinates": [[[-76.455, 3.475], [-76.45, 3.475], [-76.45, 3.48], [-76.455, 3.48], [-76.455, 3.475]]]}}, {"type": "Feature", "properties": {"value": 6.5071, "sigma": 8.6005}, "geometry": {"type": "Polygon", "coordinates": [[[-76.45, 3.475], [-76.445, 3.475], [-76.445, 3.48], [-76.45, 3.48], [-76.45, 3.475]]]}}, {"type": "Feature", "properties": {"value": 6.5071, "sigma": 8.6005}, "geometry": {"type": "Polygon", "coordinates": [[[-76.445, 3.475], [-76.44, 3.475], [-76.44, 3.48], [-76.445, 3.48], [-76.445, 3.475]]]}}, {"type": "Feature", "properties": {"value": 6.5071, "sigma": 8.6005}, "geometry": {"type": "Polygon", "coordinates": [[[-76.44, 3.475], [-76.435, 3.475], [-76.435, 3.48], [-76.44, 3.48], [-76.44, 3.475]]]}}, {"type": "Feature", "properties": {"value": 6.5071, "sigma": 8.6005}, "geometry": {"type": "Polygon", "coordinates": [[[-76.435, 3.475], [-76.43, 3.475], [-76.43, 3.48], [-76.435, 3.48], [-76.435, 3.475]]]}}, {"type": "Feature", "properties": {"value": 6.5071, "sigma": 8.6005}, "geometry": {"type": "Polygon", "coordinates": [[[-76.43, 3.475], [-76.425, 3.475], [-76.425, 3.48], [-76.43, 3.48], [-76.43, 3.475]]]}}, {"type": "Feature", "properties": {"value": 6.5071, "sigma": 8.6005}, "geometry": {"type": "Polygon", "coordinates": [[[-76.425, 3.475], [-76.42, 3.475], [-76.42, 3.48], [-76.425, 3.48], [-76.425, 3.475]]]}}, {"type": "Feature", "properties": {"value": 6.5071, "sigma": 8.6005}, "geometry": {"type": "Polygon", "coordinates": [[[-76.42, 3.475], [-76.415, 3.475], [-76.415, 3.48], [-76.42, 3.48], [-76.42, 3.475]]]}}, {"type": "Feature", "properties": {"value": 6.5071, "sigma": 8.6005}, "geometry": {"type": "Polygon", "coordinates": [[[-76.415, 3.475], [-76.41, 3.475], [-76.41, 3.48], [-76.415, 3.48], [-76.415, 3.475]]]}}, {"type": "Feature", "properties": {"value": 6.5071, "sigma": 8.6005}, "geometry": {"type": "Polygon", "coordinates": [[[-76.41, 3.475], [-76.405, 3.475], [-76.405, 3.48], [-76.41, 3.48], [-76.41, 3.475]]]}}, {"type": "Feature", "properties": {"value": 6.5071, "sigma": 8.6005}, "geometry": {"type": "Polygon", "coordinates": [[[-76.405, 3.475], [-76.4, 3.475], [-76.4, 3.48], [-76.405, 3.48], [-76.405, 3.475]]]}}, {"type": "Feature", "properties": {"value": 6.5071, "sigma": 8.6005}, "geometry": {"type": "Polygon", "coordinates": [[[-76.6, 3.48], [-76.595, 3.48], [-76.595, 3.485], [-76.6, 3.485], [-76.6, 3.48]]]}}, {"type": "Feature", "properties": {"value": 6.5071, "sigma": 8.6005}, "geometry": {"type": "Polygon", "coordinates": [[[-76.595, 3.48], [-76.59, 3.48], [-76.59, 3.485], [-76.595, 3.485], [-76.595, 3.48]]]}}, {"type": "Feature", "properties": {"value": 6.5071, "sigma": 8.6005}, "geometry": {"type": "Polygon", "coordinates": [[[-76.59, 3.48], [-76.585, 3.48], [-76.585, 3.485], [-76.59, 3.485], [-76.59, 3.48]]]}}, {"type": "Feature", "properties": {"value": 6.5071, "sigma": 8.6005}, "geometry": {"type": "Polygon", "coordinates": [[[-76.585, 3.48], [-76.58, 3.48], [-76.58, 3.485], [-76.585, 3.485], [-76.585, 3.48]]]}}, {"type": "Feature", "properties": {"value": 6.5071, "sigma": 8.6005}, "geometry": {"type": "Polygon", "coordinates": [[[-76.58, 3.48], [-76.575, 3.48], [-76.575, 3.485], [-76.58, 3.485], [-76.58, 3.48]]]}}, {"type": "Feature", "properties": {"value": 6.5071, "sigma": 8.6005}, "geometry": {"type": "Polygon", "coordinates": [[[-76.575, 3.48], [-76.57, 3.48], [-76.57, 3.485], [-76.575, 3.485], [-76.575, 3.48]]]}}, {"type": "Feature", "properties": {"value": 6.5013, "sigma": 8.5991}, "geometry": {"type": "Polygon", "coordinates": [[[-76.57, 3.48], [-76.565, 3.48], [-76.565, 3.485], [-76.57, 3.485], [-76.57, 3.48]]]}}, {"type": "Feature", "properties": {"value": 6.4711, "sigma": 8.5905}, "geometry": {"type": "Polygon", "coordinates": [[[-76.565, 3.48], [-76.56, 3.48], [-76.56, 3.485], [-76.565, 3.485], [-76.565, 3.48]]]}}, {"type": "Feature", "properties": {"value": 6.4058, "sigma": 8.569}, "geometry": {"type": "Polygon", "coordinates": [[[-76.56, 3.48], [-76.555, 3.48], [-76.555, 3.485], [-76.56, 3.485], [-76.56, 3.48]]]}}, {"type": "Feature", "properties": {"value": 6.3126, "sigma": 8.5334}, "geometry": {"type": "Polygon", "coordinates": [[[-76.555, 3.48], [-76.55, 3.48], [-76.55, 3.485], [-76.555, 3.485], [-76.555, 3.48]]]}}, {"type": "Feature", "properties": {"value": 6.201, "sigma": 8.4826}, "geometry": {"type": "Polygon", "coordinates": [[[-76.55, 3.48], [-76.545, 3.48], [-76.545, 3.485], [-76.55, 3.485], [-76.55, 3.48]]]}}, {"type": "Feature", "properties": {"value": 6.1617, "sigma": 8.4152}, "geometry": {"type": "Polygon", "coordinates": [[[-76.545, 3.48], [-76.54, 3.48], [-76.54, 3.485], [-76.545, 3.485], [-76.545, 3.48]]]}}, {"type": "Feature", "properties": {"value": 6.241, "sigma": 8.3323}, "geometry": {"type": "Polygon", "coordinates": [[[-76.54, 3.48], [-76.535, 3.48], [-76.535, 3.485], [-76.54, 3.485], [-76.54, 3.48]]]}}, {"type": "Feature", "properties": {"value": 6.4155, "sigma": 8.2352}, "geometry": {"type": "Polygon", "coordinates": [[[-76.535, 3.48], [-76.53, 3.48], [-76.53, 3.485], [-76.535, 3.485], [-76.535, 3.48]]]}}, {"type": "Feature", "properties": {"value": 6.6569, "sigma": 8.126}, "geometry": {"type": "Polygon", "coordinates": [[[-76.53, 3.48], [-76.525, 3.48], [-76.525, 3.485], [-76.53, 3.485], [-76.53, 3.48]]]}}, {"type": "Feature", "properties": {"value": 6.9364, "sigma": 8.0178}, "geometry": {"type": "Polygon", "coordinates": [[[-76.525, 3.48], [-76.52, 3.48], [-76.52, 3.485], [-76.525, 3.485], [-76.525, 3.48]]]}}, {"type": "Feature", "properties": {"value": 7.2446, "sigma": 7.9695}, "geometry": {"type": "Polygon", "coordinates": [[[-76.52, 3.48], [-76.515, 3.48], [-76.515, 3.485], [-76.52, 3.485], [-76.52, 3.48]]]}}, {"type": "Feature", "properties": {"value": 7.5636, "sigma": 8.0362}, "geometry": {"type": "Polygon", "coordinates": [[[-76.515, 3.48], [-76.51, 3.48], [-76.51, 3.485], [-76.515, 3.485], [-76.515, 3.48]]]}}, {"type": "Feature", "properties": {"value": 7.8012, "sigma": 8.1452}, "geometry": {"type": "Polygon", "coordinates": [[[-76.51, 3.48], [-76.505, 3.48], [-76.505, 3.485], [-76.51, 3.485], [-76.51, 3.48]]]}}, {"type": "Feature", "properties": {"value": 7.8995, "sigma": 8.252}, "geometry": {"type": "Polygon", "coordinates": [[[-76.505, 3.48], [-76.5, 3.48], [-76.5, 3.485], [-76.505, 3.485], [-76.505, 3.48]]]}}, {"type": "Feature", "properties": {"value": 7.8507, "sigma": 8.3477}, "geometry": {"type": "Polygon", "coordinates": [[[-76.5, 3.48], [-76.495, 3.48], [-76.495, 3.485], [-76.5, 3.485], [-76.5, 3.48]]]}}, {"type": "Feature", "properties": {"value": 7.6767, "sigma": 8.4293}, "geometry": {"type": "Polygon", "coordinates": [[[-76.495, 3.48], [-76.49, 3.48], [-76.49, 3.485], [-76.495, 3.485], [-76.495, 3.48]]]}}, {"type": "Feature", "properties": {"value": 7.4188, "sigma": 8.4942}, "geometry": {"type": "Polygon", "coordinates": [[[-76.49, 3.48], [-76.485, 3.48], [-76.485, 3.485], [-76.49, 3.485], [-76.49, 3.48]]]}}, {"type": "Feature", "properties": {"value": 7.1351, "sigma": 8.5425}, "geometry": {"type": "Polygon", "coordinates": [[[-76.485, 3.48], [-76.48, 3.48], [-76.48, 3.485], [-76.485, 3.485], [-76.485, 3.48]]]}}, {"type": "Feature", "properties": {"value": 6.8677, "sigma": 8.5753}, "geometry": {"type": "Polygon", "coordinates": [[[-76.48, 3.48], [-76.475, 3.48], [-76.475, 3.485], [-76.48, 3.485], [-76.48, 3.48]]]}}, {"type": "Feature", "properties": {"value": 6.6523, "sigma": 8.5939}, "geometry": {"type": "Polygon", "coordinates": [[[-76.475, 3.48], [-76.47, 3.48], [-76.47, 3.485], [-76.475, 3.485], [-76.475, 3.48]]]}}, {"type": "Feature", "properties": {"value": 6.5235, "sigma": 8.5999}, "geometry": {"type": "Polygon", "coordinates": [[[-76.47, 3.48], [-76.465, 3.48], [-76.465, 3.485], [-76.47, 3.485], [-76.47, 3.48]]]}}, {"type": "Feature", "properties": {"value": 6.5071, "sigma": 8.6005}, "geometry": {"type": "Polygon", "coordinates": [[[-76.465, 3.48], [-76.46, 3.48], [-76.46, 3.485], [-76.465, 3.485], [-76.465, 3.48]]]}}, {"type": "Feature", "properties": {"value": 6.5071, "sigma": 8.6005}, "geometry": {"type": "Polygon", "coordinates": [[[-76.46, 3.48], [-76.455, 3.48], [-76.455, 3.485], [-76.46, 3.485], [-76.46, 3.48]]]}}, {"type": "Feature", "properties": {"value": 6.5071, "sigma": 8.6005}, "geometry": {"type": "Polygon", "coordinates": [[[-76.455, 3.48], [-76.45, 3.48], [-76.45, 3.485], [-76.455, 3.485], [-76.455, 3.48]]]}}, {"type": "Feature", "properties": {"value": 6.5071, "sigma": 8.6005}, "geometry": {"type": "Polygon", "coordinates": [[[-76.45, 3.48], [-76.445, 3.48], [-76.445, 3.485], [-76.45, 3.485], [-76.45, 3.48]]]}}, {"type": "Feature", "properties": {"value": 6.5071, "sigma": 8.6005}, "geometry": {"type": "Polygon", "coordinates": [[[-76.445, 3.48], [-76.44, 3.48], [-76.44, 3.485], [-76.445, 3.485], [-76.445, 3.48]]]}}, {"type": "Feature", "properties": {"value": 6.5071, "sigma": 8.6005}, "geometry": {"type": "Polygon", "coordinates": [[[-76.44, 3.48], [-76.435, 3.48], [-76.435, 3.485], [-76.44, 3.485], [-76.44, 3.48]]]}}, {"type": "Feature", "properties": {"value": 6.5071, "sigma": 8.6005}, "geometry": {"type": "Polygon", "coordinates": [[[-76.435, 3.48], [-76.43, 3.48], [-76.43, 3.485], [-76.435, 3.485], [-76.435, 3.48]]]}}, {"type": "Feature", "properties": {"value": 6.5071, "sigma": 8.6005}, "geometry": {"type": "Polygon", "coordinates": [[[-76.43, 3.48], [-76.425, 3.48], [-76.425, 3.485], [-76.43, 3.485], [-76.43, 3.48]]]}}, {"type": "Feature", "properties": {"value": 6.5071, "sigma": 8.6005}, "geometry": {"type": "Polygon", "coordinates": [[[-76.425, 3.48], [-76.42, 3.48], [-76.42, 3.485], [-76.425, 3.485], [-76.425, 3.48]]]}}, {"type": "Feature", "properties": {"value": 6.5071, "sigma": 8.6005}, "geometry": {"type": "Polygon", "coordinates": [[[-76.42, 3.48], [-76.415, 3.48], [-76.415, 3.485], [-76.42, 3.485], [-76.42, 3.48]]]}}, {"type": "Feature", "properties": {"value": 6.5071, "sigma": 8.6005}, "geometry": {"type": "Polygon", "coordinates": [[[-76.415, 3.48], [-76.41, 3.48], [-76.41, 3.485], [-76.415, 3.485], [-76.415, 3.48]]]}}, {"type": "Feature", "properties": {"value": 6.5071, "sigma": 8.6005}, "geometry": {"type": "Polygon", "coordinates": [[[-76.41, 3.48], [-76.405, 3.48], [-76.405, 3.485], [-76.41, 3.485], [-76.41, 3.48]]]}}, {"type": "Feature", "properties": {"value": 6.5071, "sigma": 8.6005}, "geometry": {"type": "Polygon", "coordinates": [[[-76.405, 3.48], [-76.4, 3.48], [-76.4, 3.485], [-76.405, 3.485], [-76.405, 3.48]]]}}, {"type": "Feature", "properties": {"value": 6.5071, "sigma": 8.6005}, "geometry": {"type": "Polygon", "coordinates": [[[-76.6, 3.485], [-76.595, 3.485], [-76.595, 3.49], [-76.6, 3.49], [-76.6, 3.485]]]}}, {"type": "Feature", "properties": {"value": 6.5071, "sigma": 8.6005}, "geometry": {"type": "Polygon", "coordinates": [[[-76.595, 3.485], [-76.59, 3.485], [-76.59, 3.49], [-76.595, 3.49], [-76.595, 3.485]]]}}, {"type": "Feature", "properties": {"value": 6.5071, "sigma": 8.6005}, "geometry": {"type": "Polygon", "coordinates": [[[-76.59, 3.485], [-76.585, 3.485], [-76.585, 3.49], [-76.59, 3.49], [-76.59, 3.485]]]}}, {"type": "Feature", "properties": {"value": 6.5071, "sigma": 8.6005}, "geometry": {"type": "Polygon", "coordinates": [[[-76.585, 3.485], [-76.58, 3.485], [-76.58, 3.49], [-76.585, 3.49], [-76.585, 3.485]]]}}, {"type": "Feature", "properties": {"value": 6.5071, "sigma": 8.6005}, "geometry": {"type": "Polygon", "coordinates": [[[-76.58, 3.485], [-76.575, 3.485], [-76.575, 3.49], [-76.58, 3.49], [-76.58, 3.485]]]}}, {"type": "Feature", "properties": {"value": 6.5071, "sigma": 8.6005}, "geometry": {"type": "Polygon", "coordinates": [[[-76.575, 3.485], [-76.57, 3.485], [-76.57, 3.49], [-76.575, 3.49], [-76.575, 3.485]]]}}, {"type": "Feature", "properties": {"value": 6.5071, "sigma": 8.6005}, "geometry": {"type": "Polygon", "coordinates": [[[-76.57, 3.485], [-76.565, 3.485], [-76.565, 3.49], [-76.57, 3.49], [-76.57, 3.485]]]}}, {"type": "Feature", "properties": {"value": 6.4915, "sigma": 8.5957}, "geometry": {"type": "Polygon", "coordinates": [[[-76.565, 3.485], [-76.56, 3.485], [-76.56, 3.49], [-76.565, 3.49], [-76.565, 3.485]]]}}, {"type": "Feature", "properties": {"value": 6.4404, "sigma": 8.5784}, "geometry": {"type": "Polygon", "coordinates": [[[-76.56, 3.485], [-76.555, 3.485], [-76.555, 3.49], [-76.56, 3.49], [-76.56, 3.485]]]}}, {"type": "Feature", "properties": {"value": 6.3612, "sigma": 8.5476}, "geometry": {"type": "Polygon", "coordinates": [[[-76.555, 3.485], [-76.55, 3.485], [-76.55, 3.49], [-76.555, 3.49], [-76.555, 3.485]]]}}, {"type": "Feature", "properties": {"value": 6.2616, "sigma": 8.5012}, "geometry": {"type": "Polygon", "coordinates": [[[-76.55, 3.485], [-76.545, 3.485], [-76.545, 3.49], [-76.55, 3.49], [-76.55, 3.485]]]}}, {"type": "Feature", "properties": {"value": 6.1588, "sigma": 8.4369}, "geometry": {"type": "Polygon", "coordinates": [[[-76.545, 3.485], [-76.54, 3.485], [-76.54, 3.49], [-76.545, 3.49], [-76.545, 3.485]]]}}, {"type": "Feature", "properties": {"value": 6.141, "sigma": 8.3516}, "geometry": {"type": "Polygon", "coordinates": [[[-76.54, 3.485], [-76.535, 3.485], [-76.535, 3.49], [-76.54, 3.49], [-76.54, 3.485]]]}}, {"type": "Feature", "properties": {"value": 6.2076, "sigma": 8.2438}, "geometry": {"type": "Polygon", "coordinates": [[[-76.535, 3.485], [-76.53, 3.485], [-76.53, 3.49], [-76.535, 3.49], [-76.535, 3.485]]]}}, {"type": "Feature", "properties": {"value": 6.3289, "sigma": 8.1107}, "geometry": {"type": "Polygon", "coordinates": [[[-76.53, 3.485], [-76.525, 3.485], [-76.525, 3.49], [-76.53, 3.49], [-76.53, 3.485]]]}}, {"type": "Feature", "properties": {"value": 6.4705, "sigma": 7.9492}, "geometry": {"type": "Polygon", "coordinates": [[[-76.525, 3.485], [-76.52, 3.485], [-76.52, 3.49], [-76.525, 3.49], [-76.525, 3.485]]]}}, {"type": "Feature", "properties": {"value": 6.6272, "sigma": 7.8128}, "geometry": {"type": "Polygon", "coordinates": [[[-76.52, 3.485], [-76.515, 3.485], [-76.515, 3.49], [-76.52, 3.49], [-76.52, 3.485]]]}}, {"type": "Feature", "properties": {"value": 6.9258, "sigma": 7.9865}, "geometry": {"type": "Polygon", "coordinates": [[[-76.515, 3.485], [-76.51, 3.485], [-76.51, 3.49], [-76.515, 3.49], [-76.515, 3.485]]]}}, {"type": "Feature", "properties": {"value": 7.1417, "sigma": 8.1404}, "geometry": {"type": "Polygon", "coordinates": [[[-76.51, 3.485], [-76.505, 3.485], [-76.505, 3.49], [-76.51, 3.49], [-76.51, 3.485]]]}}, {"type": "Feature", "properties": {"value": 7.248, "sigma": 8.2673}, "geometry": {"type": "Polygon", "coordinates": [[[-76.505, 3.485], [-76.5, 3.485], [-76.5, 3.49], [-76.505, 3.49], [-76.505, 3.485]]]}}, {"type": "Feature", "properties": {"value": 7.2423, "sigma": 8.3702}, "geometry": {"type": "Polygon", "coordinates": [[[-76.5, 3.485], [-76.495, 3.485], [-76.495, 3.49], [-76.5, 3.49], [-76.5, 3.485]]]}}, {"type": "Feature", "properties": {"value": 7.1404, "sigma": 8.4508}, "geometry": {"type": "Polygon", "coordinates": [[[-76.495, 3.485], [-76.49, 3.485], [-76.49, 3.49], [-76.495, 3.49], [-76.495, 3.485]]]}}, {"type": "Feature", "properties": {"value": 6.9829, "sigma": 8.5116}, "geometry": {"type": "Polygon", "coordinates": [[[-76.49, 3.485], [-76.485, 3.485], [-76.485, 3.49], [-76.49, 3.49], [-76.49, 3.485]]]}}, {"type": "Feature", "properties": {"value": 6.8073, "sigma": 8.555}, "geometry": {"type": "Polygon", "coordinates": [[[-76.485, 3.485], [-76.48, 3.485], [-76.48, 3.49], [-76.485, 3.49], [-76.485, 3.485]]]}}, {"type": "Feature", "properties": {"value": 6.6482, "sigma": 8.5831}, "geometry": {"type": "Polygon", "coordinates": [[[-76.48, 3.485], [-76.475, 3.485], [-76.475, 3.49], [-76.48, 3.49], [-76.48, 3.485]]]}}, {"type": "Feature", "properties": {"value": 6.5384, "sigma": 8.5977}, "geometry": {"type": "Polygon", "coordinates": [[[-76.475, 3.485], [-76.47, 3.485], [-76.47, 3.49], [-76.475, 3.49], [-76.475, 3.485]]]}}, {"type": "Feature", "properties": {"value": 6.5071, "sigma": 8.6005}, "geometry": {"type": "Polygon", "coordinates": [[[-76.47, 3.485], [-76.465, 3.485], [-76.465, 3.49], [-76.47, 3.49], [-76.47, 3.485]]]}}, {"type": "Feature", "properties": {"value": 6.5071, "sigma": 8.6005}, "geometry": {"type": "Polygon", "coordinates": [[[-76.465, 3.485], [-76.46, 3.485], [-76.46, 3.49], [-76.465, 3.49], [-76.465, 3.485]]]}}, {"type": "Feature", "properties": {"value": 6.5071, "sigma": 8.6005}, "geometry": {"type": "Polygon", "coordinates": [[[-76.46, 3.485], [-76.455, 3.485], [-76.455, 3.49], [-76.46, 3.49], [-76.46, 3.485]]]}}, {"type": "Feature", "properties": {"value": 6.5071, "sigma": 8.6005}, "geometry": {"type": "Polygon", "coordinates": [[[-76.455, 3.485], [-76.45, 3.485], [-76.45, 3.49], [-76.455, 3.49], [-76.455, 3.485]]]}}, {"type": "Feature", "properties": {"value": 6.5071, "sigma": 8.6005}, "geometry": {"type": "Polygon", "coordinates": [[[-76.45, 3.485], [-76.445, 3.485], [-76.445, 3.49], [-76.45, 3.49], [-76.45, 3.485]]]}}, {"type": "Feature", "properties": {"value": 6.5071, "sigma": 8.6005}, "geometry": {"type": "Polygon", "coordinates": [[[-76.445, 3.485], [-76.44, 3.485], [-76.44, 3.49], [-76.445, 3.49], [-76.445, 3.485]]]}}, {"type": "Feature", "properties": {"value": 6.5071, "sigma": 8.6005}, "geometry": {"type": "Polygon", "coordinates": [[[-76.44, 3.485], [-76.435, 3.485], [-76.435, 3.49], [-76.44, 3.49], [-76.44, 3.485]]]}}, {"type": "Feature", "properties": {"value": 6.5071, "sigma": 8.6005}, "geometry": {"type": "Polygon", "coordinates": [[[-76.435, 3.485], [-76.43, 3.485], [-76.43, 3.49], [-76.435, 3.49], [-76.435, 3.485]]]}}, {"type": "Feature", "properties": {"value": 6.5071, "sigma": 8.6005}, "geometry": {"type": "Polygon", "coordinates": [[[-76.43, 3.485], [-76.425, 3.485], [-76.425, 3.49], [-76.43, 3.49], [-76.43, 3.485]]]}}, {"type": "Feature", "properties": {"value": 6.5071, "sigma": 8.6005}, "geometry": {"type": "Polygon", "coordinates": [[[-76.425, 3.485], [-76.42, 3.485], [-76.42, 3.49], [-76.425, 3.49], [-76.425, 3.485]]]}}, {"type": "Feature", "properties": {"value": 6.5071, "sigma": 8.6005}, "geometry": {"type": "Polygon", "coordinates": [[[-76.42, 3.485], [-76.415, 3.485], [-76.415, 3.49], [-76.42, 3.49], [-76.42, 3.485]]]}}, {"type": "Feature", "properties": {"value": 6.5071, "sigma": 8.6005}, "geometry": {"type": "Polygon", "coordinates": [[[-76.415, 3.485], [-76.41, 3.485], [-76.41, 3.49], [-76.415, 3.49], [-76.415, 3.485]]]}}, {"type": "Feature", "properties": {"value": 6.5071, "sigma": 8.6005}, "geometry": {"type": "Polygon", "coordinates": [[[-76.41, 3.485], [-76.405, 3.485], [-76.405, 3.49], [-76.41, 3.49], [-76.41, 3.485]]]}}, {"type": "Feature", "properties": {"value": 6.5071, "sigma": 8.6005}, "geometry": {"type": "Polygon", "coordinates": [[[-76.405, 3.485], [-76.4, 3.485], [-76.4, 3.49], [-76.405, 3.49], [-76.405, 3.485]]]}}, {"type": "Feature", "properties": {"value": 6.5071, "sigma": 8.6005}, "geometry": {"type": "Polygon", "coordinates": [[[-76.6, 3.49], [-76.595, 3.49], [-76.595, 3.495], [-76.6, 3.495], [-76.6, 3.49]]]}}, {"type": "Feature", "properties": {"value": 6.5071, "sigma": 8.6005}, "geometry": {"type": "Polygon", "coordinates": [[[-76.595, 3.49], [-76.59, 3.49], [-76.59, 3.495], [-76.595, 3.495], [-76.595, 3.49]]]}}, {"type": "Feature", "properties": {"value": 6.5071, "sigma": 8.6005}, "geometry": {"type": "Polygon", "coordinates": [[[-76.59, 3.49], [-76.585, 3.49], [-76.585, 3.495], [-76.59, 3.495], [-76.59, 3.49]]]}}, {"type": "Feature", "properties": {"value": 6.5071, "sigma": 8.6005}, "geometry": {"type": "Polygon", "coordinates": [[[-76.585, 3.49], [-76.58, 3.49], [-76.58, 3.495], [-76.585, 3.495], [-76.585, 3.49]]]}}, {"type": "Feature", "properties": {"value": 6.5071, "sigma": 8.6005}, "geometry": {"type": "Polygon", "coordinates": [[[-76.58, 3.49], [-76.575, 3.49], [-76.575, 3.495], [-76.58, 3.495], [-76.58, 3.49]]]}}, {"type": "Feature", "properties": {"value": 6.5071, "sigma": 8.6005}, "geometry": {"type": "Polygon", "coordinates": [[[-76.575, 3.49], [-76.57, 3.49], [-76.57, 3.495], [-76.575, 3.495], [-76.575, 3.49]]]}}, {"type": "Feature", "properties": {"value": 6.5071, "sigma": 8.6005}, "geometry": {"type": "Polygon", "coordinates": [[[-76.57, 3.49], [-76.565, 3.49], [-76.565, 3.495], [-76.57, 3.495], [-76.57, 3.49]]]}}, {"type": "Feature", "properties": {"value": 6.5, "sigma": 8.5979}, "geometry": {"type": "Polygon", "coordinates": [[[-76.565, 3.49], [-76.56, 3.49], [-76.56, 3.495], [-76.565, 3.495], [-76.565, 3.49]]]}}, {"type": "Feature", "properties": {"value": 6.4658, "sigma": 8.5851}, "geometry": {"type": "Polygon", "coordinates": [[[-76.56, 3.49], [-76.555, 3.49], [-76.555, 3.495], [-76.56, 3.495], [-76.56, 3.49]]]}}, {"type": "Feature", "properties": {"value": 6.4029, "sigma": 8.5591}, "geometry": {"type": "Polygon", "coordinates": [[[-76.555, 3.49], [-76.55, 3.49], [-76.55, 3.495], [-76.555, 3.495], [-76.555, 3.49]]]}}, {"type": "Feature", "properties": {"value": 6.3186, "sigma": 8.518}, "geometry": {"type": "Polygon", "coordinates": [[[-76.55, 3.49], [-76.545, 3.49], [-76.545, 3.495], [-76.55, 3.495], [-76.55, 3.49]]]}}, {"type": "Feature", "properties": {"value": 6.22, "sigma": 8.459}, "geometry": {"type": "Polygon", "coordinates": [[[-76.545, 3.49], [-76.54, 3.49], [-76.54, 3.495], [-76.545, 3.495], [-76.545, 3.49]]]}}, {"type": "Feature", "properties": {"value": 6.1241, "sigma": 8.3794}, "geometry": {"type": "Polygon", "coordinates": [[[-76.54, 3.49], [-76.535, 3.49], [-76.535, 3.495], [-76.54, 3.495], [-76.54, 3.49]]]}}, {"type": "Feature", "properties": {"value": 6.0955, "sigma": 8.2768}, "geometry": {"type": "Polygon", "coordinates": [[[-76.535, 3.49], [-76.53, 3.49], [-76.53, 3.495], [-76.535, 3.495], [-76.535, 3.49]]]}}, {"type": "Feature", "properties": {"value": 6.1236, "sigma": 8.1524}, "geometry": {"type": "Polygon", "coordinates": [[[-76.53, 3.49], [-76.525, 3.49], [-76.525, 3.495], [-76.53, 3.495], [-76.53, 3.49]]]}}, {"type": "Feature", "properties": {"value": 6.1869, "sigma": 8.0186}, "geometry": {"type": "Polygon", "coordinates": [[[-76.525, 3.49], [-76.52, 3.49], [-76.52, 3.495], [-76.525, 3.495], [-76.525, 3.49]]]}}, {"type": "Feature", "properties": {"value": 6.2993, "sigma": 7.9524}, "geometry": {"type": "Polygon", "coordinates": [[[-76.52, 3.49], [-76.515, 3.49], [-76.515, 3.495], [-76.52, 3.495], [-76.52, 3.49]]]}}, {"type": "Feature", "properties": {"value": 6.4841, "sigma": 8.0472}, "geometry": {"type": "Polygon", "coordinates": [[[-76.515, 3.49], [-76.51, 3.49], [-76.51, 3.495], [-76.515, 3.495], [-76.515, 3.49]]]}}, {"type": "Feature", "properties": {"value": 6.6475, "sigma": 8.1811}, "geometry": {"type": "Polygon", "coordinates": [[[-76.51, 3.49], [-76.505, 3.49], [-76.505, 3.495], [-76.51, 3.495], [-76.51, 3.49]]]}}, {"type": "Feature", "properties": {"value": 6.7424, "sigma": 8.3005}, "geometry": {"type": "Polygon", "coordinates": [[[-76.505, 3.49], [-76.5, 3.49], [-76.5, 3.495], [-76.505, 3.495], [-76.505, 3.49]]]}}, {"type": "Feature", "properties": {"value": 6.761, "sigma": 8.3974}, "geometry": {"type": "Polygon", "coordinates": [[[-76.5, 3.49], [-76.495, 3.49], [-76.495, 3.495], [-76.5, 3.495], [-76.5, 3.49]]]}}, {"type": "Feature", "properties": {"value": 6.7223, "sigma": 8.4722}, "geometry": {"type": "Polygon", "coordinates": [[[-76.495, 3.49], [-76.49, 3.49], [-76.49, 3.495], [-76.495, 3.495], [-76.495, 3.49]]]}}, {"type": "Feature", "properties": {"value": 6.6495, "sigma": 8.5274}, "geometry": {"type": "Polygon", "coordinates": [[[-76.49, 3.49], [-76.485, 3.49], [-76.485, 3.495], [-76.49, 3.495], [-76.49, 3.49]]]}}, {"type": "Feature", "properties": {"value": 6.5697, "sigma": 8.5654}, "geometry": {"type": "Polygon", "coordinates": [[[-76.485, 3.49], [-76.48, 3.49], [-76.48, 3.495], [-76.485, 3.495], [-76.485, 3.49]]]}}, {"type": "Feature", "properties": {"value": 6.5117, "sigma": 8.5887}, "geometry": {"type": "Polygon", "coordinates": [[[-76.48, 3.49], [-76.475, 3.49], [-76.475, 3.495], [-76.48, 3.495], [-76.48, 3.49]]]}}, {"type": "Feature", "properties": {"value": 6.5035, "sigma": 8.5992}, "geometry": {"type": "Polygon", "coordinates": [[[-76.475, 3.49], [-76.47, 3.49], [-76.47, 3.495], [-76.475, 3.495], [-76.475, 3.49]]]}}, {"type": "Feature", "properties": {"value": 6.5071, "sigma": 8.6005}, "geometry": {"type": "Polygon", "coordinates": [[[-76.47, 3.49], [-76.465, 3.49], [-76.465, 3.495], [-76.47, 3.495], [-76.47, 3.49]]]}}, {"type": "Feature", "properties": {"value": 6.5071, "sigma": 8.6005}, "geometry": {"type": "Polygon", "coordinates": [[[-76.465, 3.49], [-76.46, 3.49], [-76.46, 3.495], [-76.465, 3.495], [-76.465, 3.49]]]}}, {"type": "Feature", "properties": {"value": 6.5071, "sigma": 8.6005}, "geometry": {"type": "Polygon", "coordinates": [[[-76.46, 3.49], [-76.455, 3.49], [-76.455, 3.495], [-76.46, 3.495], [-76.46, 3.49]]]}}, {"type": "Feature", "properties": {"value": 6.5071, "sigma": 8.6005}, "geometry": {"type": "Polygon", "coordinates": [[[-76.455, 3.49], [-76.45, 3.49], [-76.45, 3.495], [-76.455, 3.495], [-76.455, 3.49]]]}}, {"type": "Feature", "properties": {"value": 6.5071, "sigma": 8.6005}, "geometry": {"type": "Polygon", "coordinates": [[[-76.45, 3.49], [-76.445, 3.49], [-76.445, 3.495], [-76.45, 3.495], [-76.45, 3.49]]]}}, {"type": "Feature", "properties": {"value": 6.5071, "sigma": 8.6005}, "geometry": {"type": "Polygon", "coordinates": [[[-76.445, 3.49], [-76.44, 3.49], [-76.44, 3.495], [-76.445, 3.495], [-76.445, 3.49]]]}}, {"type": "Feature", "properties": {"value": 6.5071, "sigma": 8.6005}, "geometry": {"type": "Polygon", "coordinates": [[[-76.44, 3.49], [-76.435, 3.49], [-76.435, 3.495], [-76.44, 3.495], [-76.44, 3.49]]]}}, {"type": "Feature", "properties": {"value": 6.5071, "sigma": 8.6005}, "geometry": {"type": "Polygon", "coordinates": [[[-76.435, 3.49], [-76.43, 3.49], [-76.43, 3.495], [-76.435, 3.495], [-76.435, 3.49]]]}}, {"type": "Feature", "properties": {"value": 6.5071, "sigma": 8.6005}, "geometry": {"type": "Polygon", "coordinates": [[[-76.43, 3.49], [-76.425, 3.49], [-76.425, 3.495], [-76.43, 3.495], [-76.43, 3.49]]]}}, {"type": "Feature", "properties": {"value": 6.5071, "sigma": 8.6005}, "geometry": {"type": "Polygon", "coordinates": [[[-76.425, 3.49], [-76.42, 3.49], [-76.42, 3.495], [-76.425, 3.495], [-76.425, 3.49]]]}}, {"type": "Feature", "properties": {"value": 6.5071, "sigma": 8.6005}, "geometry": {"type": "Polygon", "coordinates": [[[-76.42, 3.49], [-76.415, 3.49], [-76.415, 3.495], [-76.42, 3.495], [-76.42, 3.49]]]}}, {"type": "Feature", "properties": {"value": 6.5071, "sigma": 8.6005}, "geometry": {"type": "Polygon", "coordinates": [[[-76.415, 3.49], [-76.41, 3.49], [-76.41, 3.495], [-76.415, 3.495], [-76.415, 3.49]]]}}, {"type": "Feature", "properties": {"value": 6.5071, "sigma": 8.6005}, "geometry": {"type": "Polygon", "coordinates": [[[-76.41, 3.49], [-76.405, 3.49], [-76.405, 3.495], [-76.41, 3.495], [-76.41, 3.49]]]}}, {"type": "Feature", "properties": {"value": 6.5071, "sigma": 8.6005}, "geometry": {"type": "Polygon", "coordinates": [[[-76.405, 3.49], [-76.4, 3.49], [-76.4, 3.495], [-76.405, 3.495], [-76.405, 3.49]]]}}, {"type": "Feature", "properties": {"value": 6.5071, "sigma": 8.6005}, "geometry": {"type": "Polygon", "coordinates": [[[-76.6, 3.495], [-76.595, 3.495], [-76.595, 3.5], [-76.6, 3.5], [-76.6, 3.495]]]}}, {"type": "Feature", "properties": {"value": 6.5071, "sigma": 8.6005}, "geometry": {"type": "Polygon", "coordinates": [[[-76.595, 3.495], [-76.59, 3.495], [-76.59, 3.5], [-76.595, 3.5], [-76.595, 3.495]]]}}, {"type": "Feature", "properties": {"value": 6.5071, "sigma": 8.6005}, "geometry": {"type": "Polygon", "coordinates": [[[-76.59, 3.495], [-76.585, 3.495], [-76.585, 3.5], [-76.59, 3.5], [-76.59, 3.495]]]}}, {"type": "Feature", "properties": {"value": 6.5071, "sigma": 8.6005}, "geometry": {"type": "Polygon", "coordinates": [[[-76.585, 3.495], [-76.58, 3.495], [-76.58, 3.5], [-76.585, 3.5], [-76.585, 3.495]]]}}, {"type": "Feature", "properties": {"value": 6.5071, "sigma": 8.6005}, "geometry": {"type": "Polygon", "coordinates": [[[-76.58, 3.495], [-76.575, 3.495], [-76.575, 3.5], [-76.58, 3.5], [-76.58, 3.495]]]}}, {"type": "Feature", "properties": {"value": 6.5071, "sigma": 8.6005}, "geometry": {"type": "Polygon", "coordinates": [[[-76.575, 3.495], [-76.57, 3.495], [-76.57, 3.5], [-76.575, 3.5], [-76.575, 3.495]]]}}, {"type": "Feature", "properties": {"value": 6.5071, "sigma": 8.6005}, "geometry": {"type": "Polygon", "coordinates": [[[-76.57, 3.495], [-76.565, 3.495], [-76.565, 3.5], [-76.57, 3.5], [-76.57, 3.495]]]}}, {"type": "Feature", "properties": {"value": 6.5025, "sigma": 8.5988}, "geometry": {"type": "Polygon", "coordinates": [[[-76.565, 3.495], [-76.56, 3.495], [-76.56, 3.5], [-76.565, 3.5], [-76.565, 3.495]]]}}, {"type": "Feature", "properties": {"value": 6.4776, "sigma": 8.589}, "geometry": {"type": "Polygon", "coordinates": [[[-76.56, 3.495], [-76.555, 3.495], [-76.555, 3.5], [-76.56, 3.5], [-76.56, 3.495]]]}}, {"type": "Feature", "properties": {"value": 6.4324, "sigma": 8.5688}, "geometry": {"type": "Polygon", "coordinates": [[[-76.555, 3.495], [-76.55, 3.495], [-76.55, 3.5], [-76.555, 3.5], [-76.555, 3.495]]]}}, {"type": "Feature", "properties": {"value": 6.366, "sigma": 8.5348}, "geometry": {"type": "Polygon", "coordinates": [[[-76.55, 3.495], [-76.545, 3.495], [-76.545, 3.5], [-76.55, 3.5], [-76.55, 3.495]]]}}, {"type": "Feature", "properties": {"value": 6.2844, "sigma": 8.4848}, "geometry": {"type": "Polygon", "coordinates": [[[-76.545, 3.495], [-76.54, 3.495], [-76.54, 3.5], [-76.545, 3.5], [-76.545, 3.495]]]}}, {"type": "Feature", "properties": {"value": 6.1944, "sigma": 8.4176}, "geometry": {"type": "Polygon", "coordinates": [[[-76.54, 3.495], [-76.535, 3.495], [-76.535, 3.5], [-76.54, 3.5], [-76.54, 3.495]]]}}, {"type": "Feature", "properties": {"value": 6.1045, "sigma": 8.3339}, "geometry": {"type": "Polygon", "coordinates": [[[-76.535, 3.495], [-76.53, 3.495], [-76.53, 3.5], [-76.535, 3.5], [-76.535, 3.495]]]}}, {"type": "Feature", "properties": {"value": 6.0584, "sigma": 8.2403}, "geometry": {"type": "Polygon", "coordinates": [[[-76.53, 3.495], [-76.525, 3.495], [-76.525, 3.5], [-76.53, 3.5], [-76.53, 3.495]]]}}, {"type": "Feature", "properties": {"value": 6.0655, "sigma": 8.1577}, "geometry": {"type": "Polygon", "coordinates": [[[-76.525, 3.495], [-76.52, 3.495], [-76.52, 3.5], [-76.525, 3.5], [-76.525, 3.495]]]}}, {"type": "Feature", "properties": {"value": 6.1238, "sigma": 8.1275}, "geometry": {"type": "Polygon", "coordinates": [[[-76.52, 3.495], [-76.515, 3.495], [-76.515, 3.5], [-76.52, 3.5], [-76.52, 3.495]]]}}, {"type": "Feature", "properties": {"value": 6.2232, "sigma": 8.1732}, "geometry": {"type": "Polygon", "coordinates": [[[-76.515, 3.495], [-76.51, 3.495], [-76.51, 3.5], [-76.515, 3.5], [-76.515, 3.495]]]}}, {"type": "Feature", "properties": {"value": 6.3254, "sigma": 8.2608}, "geometry": {"type": "Polygon", "coordinates": [[[-76.51, 3.495], [-76.505, 3.495], [-76.505, 3.5], [-76.51, 3.5], [-76.51, 3.495]]]}}, {"type": "Feature", "properties": {"value": 6.3999, "sigma": 8.3527}, "geometry": {"type": "Polygon", "coordinates": [[[-76.505, 3.495], [-76.5, 3.495], [-76.5, 3.5], [-76.505, 3.5], [-76.505, 3.495]]]}}, {"type": "Feature", "properties": {"value": 6.4406, "sigma": 8.4328}, "geometry": {"type": "Polygon", "coordinates": [[[-76.5, 3.495], [-76.495, 3.495], [-76.495, 3.5], [-76.5, 3.5], [-76.5, 3.495]]]}}, {"type": "Feature", "properties": {"value": 6.4526, "sigma": 8.4963}, "geometry": {"type": "Polygon", "coordinates": [[[-76.495, 3.495], [-76.49, 3.495], [-76.49, 3.5], [-76.495, 3.5], [-76.495, 3.495]]]}}, {"type": "Feature", "properties": {"value": 6.4506, "sigma": 8.5429}, "geometry": {"type": "Polygon", "coordinates": [[[-76.49, 3.495], [-76.485, 3.495], [-76.485, 3.5], [-76.49, 3.5], [-76.49, 3.495]]]}}, {"type": "Feature", "properties": {"value": 6.4552, "sigma": 8.5741}, "geometry": {"type": "Polygon", "coordinates": [[[-76.485, 3.495], [-76.48, 3.495], [-76.48, 3.5], [-76.485, 3.5], [-76.485, 3.495]]]}}, {"type": "Feature", "properties": {"value": 6.4849, "sigma": 8.592}, "geometry": {"type": "Polygon", "coordinates": [[[-76.48, 3.495], [-76.475, 3.495], [-76.475, 3.5], [-76.48, 3.5], [-76.48, 3.495]]]}}, {"type": "Feature", "properties": {"value": 6.5051, "sigma": 8.5998}, "geometry": {"type": "Polygon", "coordinates": [[[-76.475, 3.495], [-76.47, 3.495], [-76.47, 3.5], [-76.475, 3.5], [-76.475, 3.495]]]}}, {"type": "Feature", "properties": {"value": 6.5071, "sigma": 8.6005}, "geometry": {"type": "Polygon", "coordinates": [[[-76.47, 3.495], [-76.465, 3.495], [-76.465, 3.5], [-76.47, 3.5], [-76.47, 3.495]]]}}, {"type": "Feature", "properties": {"value": 6.5071, "sigma": 8.6005}, "geometry": {"type": "Polygon", "coordinates": [[[-76.465, 3.495], [-76.46, 3.495], [-76.46, 3.5], [-76.465, 3.5], [-76.465, 3.495]]]}}, {"type": "Feature", "properties": {"value": 6.5071, "sigma": 8.6005}, "geometry": {"type": "Polygon", "coordinates": [[[-76.46, 3.495], [-76.455, 3.495], [-76.455, 3.5], [-76.46, 3.5], [-76.46, 3.495]]]}}, {"type": "Feature", "properties": {"value": 6.5071, "sigma": 8.6005}, "geometry": {"type": "Polygon", "coordinates": [[[-76.455, 3.495], [-76.45, 3.495], [-76.45, 3.5], [-76.455, 3.5], [-76.455, 3.495]]]}}, {"type": "Feature", "properties": {"value": 6.5071, "sigma": 8.6005}, "geometry": {"type": "Polygon", "coordinates": [[[-76.45, 3.495], [-76.445, 3.495], [-76.445, 3.5], [-76.45, 3.5], [-76.45, 3.495]]]}}, {"type": "Feature", "properties": {"value": 6.5071, "sigma": 8.6005}, "geometry": {"type": "Polygon", "coordinates": [[[-76.445, 3.495], [-76.44, 3.495], [-76.44, 3.5], [-76.445, 3.5], [-76.445, 3.495]]]}}, {"type": "Feature", "properties": {"value": 6.5071, "sigma": 8.6005}, "geometry": {"type": "Polygon", "coordinates": [[[-76.44, 3.495], [-76.435, 3.495], [-76.435, 3.5], [-76.44, 3.5], [-76.44, 3.495]]]}}, {"type": "Feature", "properties": {"value": 6.5071, "sigma": 8.6005}, "geometry": {"type": "Polygon", "coordinates": [[[-76.435, 3.495], [-76.43, 3.495], [-76.43, 3.5], [-76.435, 3.5], [-76.435, 3.495]]]}}, {"type": "Feature", "properties": {"value": 6.5071, "sigma": 8.6005}, "geometry": {"type": "Polygon", "coordinates": [[[-76.43, 3.495], [-76.425, 3.495], [-76.425, 3.5], [-76.43, 3.5], [-76.43, 3.495]]]}}, {"type": "Feature", "properties": {"value": 6.5071, "sigma": 8.6005}, "geometry": {"type": "Polygon", "coordinates": [[[-76.425, 3.495], [-76.42, 3.495], [-76.42, 3.5], [-76.425, 3.5], [-76.425, 3.495]]]}}, {"type": "Feature", "properties": {"value": 6.5071, "sigma": 8.6005}, "geometry": {"type": "Polygon", "coordinates": [[[-76.42, 3.495], [-76.415, 3.495], [-76.415, 3.5], [-76.42, 3.5], [-76.42, 3.495]]]}}, {"type": "Feature", "properties": {"value": 6.5071, "sigma": 8.6005}, "geometry": {"type": "Polygon", "coordinates": [[[-76.415, 3.495], [-76.41, 3.495], [-76.41, 3.5], [-76.415, 3.5], [-76.415, 3.495]]]}}, {"type": "Feature", "properties": {"value": 6.5071, "sigma": 8.6005}, "geometry": {"type": "Polygon", "coordinates": [[[-76.41, 3.495], [-76.405, 3.495], [-76.405, 3.5], [-76.41, 3.5], [-76.41, 3.495]]]}}, {"type": "Feature", "properties": {"value": 6.5071, "sigma": 8.6005}, "geometry": {"type": "Polygon", "coordinates": [[[-76.405, 3.495], [-76.4, 3.495], [-76.4, 3.5], [-76.405, 3.5], [-76.405, 3.495]]]}}, {"type": "Feature", "properties": {"value": 6.5071, "sigma": 8.6005}, "geometry": {"type": "Polygon", "coordinates": [[[-76.6, 3.5], [-76.595, 3.5], [-76.595, 3.505], [-76.6, 3.505], [-76.6, 3.5]]]}}, {"type": "Feature", "properties": {"value": 6.5071, "sigma": 8.6005}, "geometry": {"type": "Polygon", "coordinates": [[[-76.595, 3.5], [-76.59, 3.5], [-76.59, 3.505], [-76.595, 3.505], [-76.595, 3.5]]]}}, {"type": "Feature", "properties": {"value": 6.5071, "sigma": 8.6005}, "geometry": {"type": "Polygon", "coordinates": [[[-76.59, 3.5], [-76.585, 3.5], [-76.585, 3.505], [-76.59, 3.505], [-76.59, 3.5]]]}}, {"type": "Feature", "properties": {"value": 6.5071, "sigma": 8.6005}, "geometry": {"type": "Polygon", "coordinates": [[[-76.585, 3.5], [-76.58, 3.5], [-76.58, 3.505], [-76.585, 3.505], [-76.585, 3.5]]]}}, {"type": "Feature", "properties": {"value": 6.5071, "sigma": 8.6005}, "geometry": {"type": "Polygon", "coordinates": [[[-76.58, 3.5], [-76.575, 3.5], [-76.575, 3.505], [-76.58, 3.505], [-76.58, 3.5]]]}}, {"type": "Feature", "properties": {"value": 6.5071, "sigma": 8.6005}, "geometry": {"type": "Polygon", "coordinates": [[[-76.575, 3.5], [-76.57, 3.5], [-76.57, 3.505], [-76.575, 3.505], [-76.575, 3.5]]]}}, {"type": "Feature", "properties": {"value": 6.5071, "sigma": 8.6005}, "geometry": {"type": "Polygon", "coordinates": [[[-76.57, 3.5], [-76.565, 3.5], [-76.565, 3.505], [-76.57, 3.505], [-76.57, 3.5]]]}}, {"type": "Feature", "properties": {"value": 6.5055, "sigma": 8.5999}, "geometry": {"type": "Polygon", "coordinates": [[[-76.565, 3.5], [-76.56, 3.5], [-76.56, 3.505], [-76.565, 3.505], [-76.565, 3.5]]]}}, {"type": "Feature", "properties": {"value": 6.487, "sigma": 8.5929}, "geometry": {"type": "Polygon", "coordinates": [[[-76.56, 3.5], [-76.555, 3.5], [-76.555, 3.505], [-76.56, 3.505], [-76.56, 3.5]]]}}, {"type": "Feature", "properties": {"value": 6.4501, "sigma": 8.577}, "geometry": {"type": "Polygon", "coordinates": [[[-76.555, 3.5], [-76.55, 3.5], [-76.55, 3.505], [-76.555, 3.505], [-76.555, 3.5]]]}}, {"type": "Feature", "properties": {"value": 6.3981, "sigma": 8.5506}, "geometry": {"type": "Polygon", "coordinates": [[[-76.55, 3.5], [-76.545, 3.5], [-76.545, 3.505], [-76.55, 3.505], [-76.55, 3.5]]]}}, {"type": "Feature", "properties": {"value": 6.3346, "sigma": 8.5121}, "geometry": {"type": "Polygon", "coordinates": [[[-76.545, 3.5], [-76.54, 3.5], [-76.54, 3.505], [-76.545, 3.505], [-76.545, 3.5]]]}}, {"type": "Feature", "properties": {"value": 6.2634, "sigma": 8.4609}, "geometry": {"type": "Polygon", "coordinates": [[[-76.54, 3.5], [-76.535, 3.5], [-76.535, 3.505], [-76.54, 3.505], [-76.54, 3.5]]]}}, {"type": "Feature", "properties": {"value": 6.1909, "sigma": 8.3996}, "geometry": {"type": "Polygon", "coordinates": [[[-76.535, 3.5], [-76.53, 3.5], [-76.53, 3.505], [-76.535, 3.505], [-76.535, 3.5]]]}}, {"type": "Feature", "properties": {"value": 6.1264, "sigma": 8.3365}, "geometry": {"type": "Polygon", "coordinates": [[[-76.53, 3.5], [-76.525, 3.5], [-76.525, 3.505], [-76.53, 3.505], [-76.53, 3.5]]]}}, {"type": "Feature", "properties": {"value": 6.0822, "sigma": 8.287}, "geometry": {"type": "Polygon", "coordinates": [[[-76.525, 3.5], [-76.52, 3.5], [-76.52, 3.505], [-76.525, 3.505], [-76.525, 3.5]]]}}, {"type": "Feature", "properties": {"value": 6.082, "sigma": 8.2705}, "geometry": {"type": "Polygon", "coordinates": [[[-76.52, 3.5], [-76.515, 3.5], [-76.515, 3.505], [-76.52, 3.505], [-76.52, 3.5]]]}}, {"type": "Feature", "properties": {"value": 6.1219, "sigma": 8.2955}, "geometry": {"type": "Polygon", "coordinates": [[[-76.515, 3.5], [-76.51, 3.5], [-76.51, 3.505], [-76.515, 3.505], [-76.515, 3.5]]]}}, {"type": "Feature", "properties": {"value": 6.1824, "sigma": 8.3496}, "geometry": {"type": "Polygon", "coordinates": [[[-76.51, 3.5], [-76.505, 3.5], [-76.505, 3.505], [-76.51, 3.505], [-76.51, 3.5]]]}}, {"type": "Feature", "properties": {"value": 6.2454, "sigma": 8.4133}, "geometry": {"type": "Polygon", "coordinates": [[[-76.505, 3.5], [-76.5, 3.5], [-76.5, 3.505], [-76.505, 3.505], [-76.505, 3.5]]]}}, {"type": "Feature", "properties": {"value": 6.3021, "sigma": 8.4729}, "geometry": {"type": "Polygon", "coordinates": [[[-76.5, 3.5], [-76.495, 3.5], [-76.495, 3.505], [-76.5, 3.505], [-76.5, 3.5]]]}}, {"type": "Feature", "properties": {"value": 6.3544, "sigma": 8.5217}, "geometry": {"type": "Polygon", "coordinates": [[[-76.495, 3.5], [-76.49, 3.5], [-76.49, 3.505], [-76.495, 3.505], [-76.495, 3.5]]]}}, {"type": "Feature", "properties": {"value": 6.4108, "sigma": 8.5575}, "geometry": {"type": "Polygon", "coordinates": [[[-76.49, 3.5], [-76.485, 3.5], [-76.485, 3.505], [-76.49, 3.505], [-76.49, 3.5]]]}}, {"type": "Feature", "properties": {"value": 6.4598, "sigma": 8.5814}, "geometry": {"type": "Polygon", "coordinates": [[[-76.485, 3.5], [-76.48, 3.5], [-76.48, 3.505], [-76.485, 3.505], [-76.485, 3.5]]]}}, {"type": "Feature", "properties": {"value": 6.4928, "sigma": 8.5951}, "geometry": {"type": "Polygon", "coordinates": [[[-76.48, 3.5], [-76.475, 3.5], [-76.475, 3.505], [-76.48, 3.505], [-76.48, 3.5]]]}}, {"type": "Feature", "properties": {"value": 6.5068, "sigma": 8.6004}, "geometry": {"type": "Polygon", "coordinates": [[[-76.475, 3.5], [-76.47, 3.5], [-76.47, 3.505], [-76.475, 3.505], [-76.475, 3.5]]]}}, {"type": "Feature", "properties": {"value": 6.5071, "sigma": 8.6005}, "geometry": {"type": "Polygon", "coordinates": [[[-76.47, 3.5], [-76.465, 3.5], [-76.465, 3.505], [-76.47, 3.505], [-76.47, 3.5]]]}}, {"type": "Feature", "properties": {"value": 6.5071, "sigma": 8.6005}, "geometry": {"type": "Polygon", "coordinates": [[[-76.465, 3.5], [-76.46, 3.5], [-76.46, 3.505], [-76.465, 3.505], [-76.465, 3.5]]]}}, {"type": "Feature", "properties": {"value": 6.5071, "sigma": 8.6005}, "geometry": {"type": "Polygon", "coordinates": [[[-76.46, 3.5], [-76.455, 3.5], [-76.455, 3.505], [-76.46, 3.505], [-76.46, 3.5]]]}}, {"type": "Feature", "properties": {"value": 6.5071, "sigma": 8.6005}, "geometry": {"type": "Polygon", "coordinates": [[[-76.455, 3.5], [-76.45, 3.5], [-76.45, 3.505], [-76.455, 3.505], [-76.455, 3.5]]]}}, {"type": "Feature", "properties": {"value": 6.5071, "sigma": 8.6005}, "geometry": {"type": "Polygon", "coordinates": [[[-76.45, 3.5], [-76.445, 3.5], [-76.445, 3.505], [-76.45, 3.505], [-76.45, 3.5]]]}}, {"type": "Feature", "properties": {"value": 6.5071, "sigma": 8.6005}, "geometry": {"type": "Polygon", "coordinates": [[[-76.445, 3.5], [-76.44, 3.5], [-76.44, 3.505], [-76.445, 3.505], [-76.445, 3.5]]]}}, {"type": "Feature", "properties": {"value": 6.5071, "sigma": 8.6005}, "geometry": {"type": "Polygon", "coordinates": [[[-76.44, 3.5], [-76.435, 3.5], [-76.435, 3.505], [-76.44, 3.505], [-76.44, 3.5]]]}}, {"type": "Feature", "properties": {"value": 6.5071, "sigma": 8.6005}, "geometry": {"type": "Polygon", "coordinates": [[[-76.435, 3.5], [-76.43, 3.5], [-76.43, 3.505], [-76.435, 3.505], [-76.435, 3.5]]]}}, {"type": "Feature", "properties": {"value": 6.5071, "sigma": 8.6005}, "geometry": {"type": "Polygon", "coordinates": [[[-76.43, 3.5], [-76.425, 3.5], [-76.425, 3.505], [-76.43, 3.505], [-76.43, 3.5]]]}}, {"type": "Feature", "properties": {"value": 6.5071, "sigma": 8.6005}, "geometry": {"type": "Polygon", "coordinates": [[[-76.425, 3.5], [-76.42, 3.5], [-76.42, 3.505], [-76.425, 3.505], [-76.425, 3.5]]]}}, {"type": "Feature", "properties": {"value": 6.5071, "sigma": 8.6005}, "geometry": {"type": "Polygon", "coordinates": [[[-76.42, 3.5], [-76.415, 3.5], [-76.415, 3.505], [-76.42, 3.505], [-76.42, 3.5]]]}}, {"type": "Feature", "properties": {"value": 6.5071, "sigma": 8.6005}, "geometry": {"type": "Polygon", "coordinates": [[[-76.415, 3.5], [-76.41, 3.5], [-76.41, 3.505], [-76.415, 3.505], [-76.415, 3.5]]]}}, {"type": "Feature", "properties": {"value": 6.5071, "sigma": 8.6005}, "geometry": {"type": "Polygon", "coordinates": [[[-76.41, 3.5], [-76.405, 3.5], [-76.405, 3.505], [-76.41, 3.505], [-76.41, 3.5]]]}}, {"type": "Feature", "properties": {"value": 6.5071, "sigma": 8.6005}, "geometry": {"type": "Polygon", "coordinates": [[[-76.405, 3.5], [-76.4, 3.5], [-76.4, 3.505], [-76.405, 3.505], [-76.405, 3.5]]]}}, {"type": "Feature", "properties": {"value": 6.5071, "sigma": 8.6005}, "geometry": {"type": "Polygon", "coordinates": [[[-76.6, 3.505], [-76.595, 3.505], [-76.595, 3.51], [-76.6, 3.51], [-76.6, 3.505]]]}}, {"type": "Feature", "properties": {"value": 6.5071, "sigma": 8.6005}, "geometry": {"type": "Polygon", "coordinates": [[[-76.595, 3.505], [-76.59, 3.505], [-76.59, 3.51], [-76.595, 3.51], [-76.595, 3.505]]]}}, {"type": "Feature", "properties": {"value": 6.5071, "sigma": 8.6005}, "geometry": {"type": "Polygon", "coordinates": [[[-76.59, 3.505], [-76.585, 3.505], [-76.585, 3.51], [-76.59, 3.51], [-76.59, 3.505]]]}}, {"type": "Feature", "properties": {"value": 6.5071, "sigma": 8.6005}, "geometry": {"type": "Polygon", "coordinates": [[[-76.585, 3.505], [-76.58, 3.505], [-76.58, 3.51], [-76.585, 3.51], [-76.585, 3.505]]]}}, {"type": "Feature", "properties": {"value": 6.5071, "sigma": 8.6005}, "geometry": {"type": "Polygon", "coordinates": [[[-76.58, 3.505], [-76.575, 3.505], [-76.575, 3.51], [-76.58, 3.51], [-76.58, 3.505]]]}}, {"type": "Feature", "properties": {"value": 6.5071, "sigma": 8.6005}, "geometry": {"type": "Polygon", "coordinates": [[[-76.575, 3.505], [-76.57, 3.505], [-76.57, 3.51], [-76.575, 3.51], [-76.575, 3.505]]]}}, {"type": "Feature", "properties": {"value": 6.5071, "sigma": 8.6005}, "geometry": {"type": "Polygon", "coordinates": [[[-76.57, 3.505], [-76.565, 3.505], [-76.565, 3.51], [-76.57, 3.51], [-76.57, 3.505]]]}}, {"type": "Feature", "properties": {"value": 6.5071, "sigma": 8.6005}, "geometry": {"type": "Polygon", "coordinates": [[[-76.565, 3.505], [-76.56, 3.505], [-76.56, 3.51], [-76.565, 3.51], [-76.565, 3.505]]]}}, {"type": "Feature", "properties": {"value": 6.4971, "sigma": 8.5968}, "geometry": {"type": "Polygon", "coordinates": [[[-76.56, 3.505], [-76.555, 3.505], [-76.555, 3.51], [-76.56, 3.51], [-76.56, 3.505]]]}}, {"type": "Feature", "properties": {"value": 6.4697, "sigma": 8.5857}, "geometry": {"type": "Polygon", "coordinates": [[[-76.555, 3.505], [-76.55, 3.505], [-76.55, 3.51], [-76.555, 3.51], [-76.555, 3.505]]]}}, {"type": "Feature", "properties": {"value": 6.4282, "sigma": 8.5664}, "geometry": {"type": "Polygon", "coordinates": [[[-76.55, 3.505], [-76.545, 3.505], [-76.545, 3.51], [-76.55, 3.51], [-76.55, 3.505]]]}}, {"type": "Feature", "properties": {"value": 6.3767, "sigma": 8.5384}, "geometry": {"type": "Polygon", "coordinates": [[[-76.545, 3.505], [-76.54, 3.505], [-76.54, 3.51], [-76.545, 3.51], [-76.545, 3.505]]]}}, {"type": "Feature", "properties": {"value": 6.3199, "sigma": 8.5022}, "geometry": {"type": "Polygon", "coordinates": [[[-76.54, 3.505], [-76.535, 3.505], [-76.535, 3.51], [-76.54, 3.51], [-76.54, 3.505]]]}}, {"type": "Feature", "properties": {"value": 6.2636, "sigma": 8.4606}, "geometry": {"type": "Polygon", "coordinates": [[[-76.535, 3.505], [-76.53, 3.505], [-76.53, 3.51], [-76.535, 3.51], [-76.535, 3.505]]]}}, {"type": "Feature", "properties": {"value": 6.2149, "sigma": 8.4202}, "geometry": {"type": "Polygon", "coordinates": [[[-76.53, 3.505], [-76.525, 3.505], [-76.525, 3.51], [-76.53, 3.51], [-76.53, 3.505]]]}}, {"type": "Feature", "properties": {"value": 6.182, "sigma": 8.3905}, "geometry": {"type": "Polygon", "coordinates": [[[-76.525, 3.505], [-76.52, 3.505], [-76.52, 3.51], [-76.525, 3.51], [-76.525, 3.505]]]}}, {"type": "Feature", "properties": {"value": 6.1721, "sigma": 8.3811}, "geometry": {"type": "Polygon", "coordinates": [[[-76.52, 3.505], [-76.515, 3.505], [-76.515, 3.51], [-76.52, 3.51], [-76.52, 3.505]]]}}, {"type": "Feature", "properties": {"value": 6.1876, "sigma": 8.3956}, "geometry": {"type": "Polygon", "coordinates": [[[-76.515, 3.505], [-76.51, 3.505], [-76.51, 3.51], [-76.515, 3.51], [-76.515, 3.505]]]}}, {"type": "Feature", "properties": {"value": 6.2247, "sigma": 8.4287}, "geometry": {"type": "Polygon", "coordinates": [[[-76.51, 3.505], [-76.505, 3.505], [-76.505, 3.51], [-76.51, 3.51], [-76.51, 3.505]]]}}, {"type": "Feature", "properties": {"value": 6.2757, "sigma": 8.4701}, "geometry": {"type": "Polygon", "coordinates": [[[-76.505, 3.505], [-76.5, 3.505], [-76.5, 3.51], [-76.505, 3.51], [-76.505, 3.505]]]}}, {"type": "Feature", "properties": {"value": 6.3328, "sigma": 8.5109}, "geometry": {"type": "Polygon", "coordinates": [[[-76.5, 3.505], [-76.495, 3.505], [-76.495, 3.51], [-76.5, 3.51], [-76.5, 3.505]]]}}, {"type": "Feature", "properties": {"value": 6.3888, "sigma": 8.5455}, "geometry": {"type": "Polygon", "coordinates": [[[-76.495, 3.505], [-76.49, 3.505], [-76.49, 3.51], [-76.495, 3.51], [-76.495, 3.505]]]}}, {"type": "Feature", "properties": {"value": 6.4385, "sigma": 8.5715}, "geometry": {"type": "Polygon", "coordinates": [[[-76.49, 3.505], [-76.485, 3.505], [-76.485, 3.51], [-76.49, 3.51], [-76.49, 3.505]]]}}, {"type": "Feature", "properties": {"value": 6.4771, "sigma": 8.5888}, "geometry": {"type": "Polygon", "coordinates": [[[-76.485, 3.505], [-76.48, 3.505], [-76.48, 3.51], [-76.485, 3.51], [-76.485, 3.505]]]}}, {"type": "Feature", "properties": {"value": 6.501, "sigma": 8.5982}, "geometry": {"type": "Polygon", "coordinates": [[[-76.48, 3.505], [-76.475, 3.505], [-76.475, 3.51], [-76.48, 3.51], [-76.48, 3.505]]]}}, {"type": "Feature", "properties": {"value": 6.5071, "sigma": 8.6005}, "geometry": {"type": "Polygon", "coordinates": [[[-76.475, 3.505], [-76.47, 3.505], [-76.47, 3.51], [-76.475, 3.51], [-76.475, 3.505]]]}}, {"type": "Feature", "properties": {"value": 6.5071, "sigma": 8.6005}, "geometry": {"type": "Polygon", "coordinates": [[[-76.47, 3.505], [-76.465, 3.505], [-76.465, 3.51], [-76.47, 3.51], [-76.47, 3.505]]]}}, {"type": "Feature", "properties": {"value": 6.5071, "sigma": 8.6005}, "geometry": {"type": "Polygon", "coordinates": [[[-76.465, 3.505], [-76.46, 3.505], [-76.46, 3.51], [-76.465, 3.51], [-76.465, 3.505]]]}}, {"type": "Feature", "properties": {"value": 6.5071, "sigma": 8.6005}, "geometry": {"type": "Polygon", "coordinates": [[[-76.46, 3.505], [-76.455, 3.505], [-76.455, 3.51], [-76.46, 3.51], [-76.46, 3.505]]]}}, {"type": "Feature", "properties": {"value": 6.5071, "sigma": 8.6005}, "geometry": {"type": "Polygon", "coordinates": [[[-76.455, 3.505], [-76.45, 3.505], [-76.45, 3.51], [-76.455, 3.51], [-76.455, 3.505]]]}}, {"type": "Feature", "properties": {"value": 6.5071, "sigma": 8.6005}, "geometry": {"type": "Polygon", "coordinates": [[[-76.45, 3.505], [-76.445, 3.505], [-76.445, 3.51], [-76.45, 3.51], [-76.45, 3.505]]]}}, {"type": "Feature", "properties": {"value": 6.5071, "sigma": 8.6005}, "geometry": {"type": "Polygon", "coordinates": [[[-76.445, 3.505], [-76.44, 3.505], [-76.44, 3.51], [-76.445, 3.51], [-76.445, 3.505]]]}}, {"type": "Feature", "properties": {"value": 6.5071, "sigma": 8.6005}, "geometry": {"type": "Polygon", "coordinates": [[[-76.44, 3.505], [-76.435, 3.505], [-76.435, 3.51], [-76.44, 3.51], [-76.44, 3.505]]]}}, {"type": "Feature", "properties": {"value": 6.5071, "sigma": 8.6005}, "geometry": {"type": "Polygon", "coordinates": [[[-76.435, 3.505], [-76.43, 3.505], [-76.43, 3.51], [-76.435, 3.51], [-76.435, 3.505]]]}}, {"type": "Feature", "properties": {"value": 6.5071, "sigma": 8.6005}, "geometry": {"type": "Polygon", "coordinates": [[[-76.43, 3.505], [-76.425, 3.505], [-76.425, 3.51], [-76.43, 3.51], [-76.43, 3.505]]]}}, {"type": "Feature", "properties": {"value": 6.5071, "sigma": 8.6005}, "geometry": {"type": "Polygon", "coordinates": [[[-76.425, 3.505], [-76.42, 3.505], [-76.42, 3.51], [-76.425, 3.51], [-76.425, 3.505]]]}}, {"type": "Feature", "properties": {"value": 6.5071, "sigma": 8.6005}, "geometry": {"type": "Polygon", "coordinates": [[[-76.42, 3.505], [-76.415, 3.505], [-76.415, 3.51], [-76.42, 3.51], [-76.42, 3.505]]]}}, {"type": "Feature", "properties": {"value": 6.5071, "sigma": 8.6005}, "geometry": {"type": "Polygon", "coordinates": [[[-76.415, 3.505], [-76.41, 3.505], [-76.41, 3.51], [-76.415, 3.51], [-76.415, 3.505]]]}}, {"type": "Feature", "properties": {"value": 6.5071, "sigma": 8.6005}, "geometry": {"type": "Polygon", "coordinates": [[[-76.41, 3.505], [-76.405, 3.505], [-76.405, 3.51], [-76.41, 3.51], [-76.41, 3.505]]]}}, {"type": "Feature", "properties": {"value": 6.5071, "sigma": 8.6005}, "geometry": {"type": "Polygon", "coordinates": [[[-76.405, 3.505], [-76.4, 3.505], [-76.4, 3.51], [-76.405, 3.51], [-76.405, 3.505]]]}}, {"type": "Feature", "properties": {"value": 6.5071, "sigma": 8.6005}, "geometry": {"type": "Polygon", "coordinates": [[[-76.6, 3.51], [-76.595, 3.51], [-76.595, 3.515], [-76.6, 3.515], [-76.6, 3.51]]]}}, {"type": "Feature", "properties": {"value": 6.5071, "sigma": 8.6005}, "geometry": {"type": "Polygon", "coordinates": [[[-76.595, 3.51], [-76.59, 3.51], [-76.59, 3.515], [-76.595, 3.515], [-76.595, 3.51]]]}}, {"type": "Feature", "properties": {"value": 6.5071, "sigma": 8.6005}, "geometry": {"type": "Polygon", "coordinates": [[[-76.59, 3.51], [-76.585, 3.51], [-76.585, 3.515], [-76.59, 3.515], [-76.59, 3.51]]]}}, {"type": "Feature", "properties": {"value": 6.5071, "sigma": 8.6005}, "geometry": {"type": "Polygon", "coordinates": [[[-76.585, 3.51], [-76.58, 3.51], [-76.58, 3.515], [-76.585, 3.515], [-76.585, 3.51]]]}}, {"type": "Feature", "properties": {"value": 6.5071, "sigma": 8.6005}, "geometry": {"type": "Polygon", "coordinates": [[[-76.58, 3.51], [-76.575, 3.51], [-76.575, 3.515], [-76.58, 3.515], [-76.58, 3.51]]]}}, {"type": "Feature", "properties": {"value": 6.5071, "sigma": 8.6005}, "geometry": {"type": "Polygon", "coordinates": [[[-76.575, 3.51], [-76.57, 3.51], [-76.57, 3.515], [-76.575, 3.515], [-76.575, 3.51]]]}}, {"type": "Feature", "properties": {"value": 6.5071, "sigma": 8.6005}, "geometry": {"type": "Polygon", "coordinates": [[[-76.57, 3.51], [-76.565, 3.51], [-76.565, 3.515], [-76.57, 3.515], [-76.57, 3.51]]]}}, {"type": "Feature", "properties": {"value": 6.5071, "sigma": 8.6005}, "geometry": {"type": "Polygon", "coordinates": [[[-76.565, 3.51], [-76.56, 3.51], [-76.56, 3.515], [-76.565, 3.515], [-76.565, 3.51]]]}}, {"type": "Feature", "properties": {"value": 6.5048, "sigma": 8.5997}, "geometry": {"type": "Polygon", "coordinates": [[[-76.56, 3.51], [-76.555, 3.51], [-76.555, 3.515], [-76.56, 3.515], [-76.56, 3.51]]]}}, {"type": "Feature", "properties": {"value": 6.4882, "sigma": 8.5933}, "geometry": {"type": "Polygon", "coordinates": [[[-76.555, 3.51], [-76.55, 3.51], [-76.55, 3.515], [-76.555, 3.515], [-76.555, 3.51]]]}}, {"type": "Feature", "properties": {"value": 6.4585, "sigma": 8.5808}, "geometry": {"type": "Polygon", "coordinates": [[[-76.55, 3.51], [-76.545, 3.51], [-76.545, 3.515], [-76.55, 3.515], [-76.55, 3.51]]]}}, {"type": "Feature", "properties": {"value": 6.4198, "sigma": 8.5622}, "geometry": {"type": "Polygon", "coordinates": [[[-76.545, 3.51], [-76.54, 3.51], [-76.54, 3.515], [-76.545, 3.515], [-76.545, 3.51]]]}}, {"type": "Feature", "properties": {"value": 6.3765, "sigma": 8.5383}, "geometry": {"type": "Polygon", "coordinates": [[[-76.54, 3.51], [-76.535, 3.51], [-76.535, 3.515], [-76.54, 3.515], [-76.54, 3.51]]]}}, {"type": "Feature", "properties": {"value": 6.334, "sigma": 8.5117}, "geometry": {"type": "Polygon", "coordinates": [[[-76.535, 3.51], [-76.53, 3.51], [-76.53, 3.515], [-76.535, 3.515], [-76.535, 3.51]]]}}, {"type": "Feature", "properties": {"value": 6.2981, "sigma": 8.4868}, "geometry": {"type": "Polygon", "coordinates": [[[-76.53, 3.51], [-76.525, 3.51], [-76.525, 3.515], [-76.53, 3.515], [-76.53, 3.51]]]}}, {"type": "Feature", "properties": {"value": 6.2744, "sigma": 8.4691}, "geometry": {"type": "Polygon", "coordinates": [[[-76.525, 3.51], [-76.52, 3.51], [-76.52, 3.515], [-76.525, 3.515], [-76.525, 3.51]]]}}, {"type": "Feature", "properties": {"value": 6.2674, "sigma": 8.4636}, "geometry": {"type": "Polygon", "coordinates": [[[-76.52, 3.51], [-76.515, 3.51], [-76.515, 3.515], [-76.52, 3.515], [-76.52, 3.51]]]}}, {"type": "Feature", "properties": {"value": 6.2784, "sigma": 8.4721}, "geometry": {"type": "Polygon", "coordinates": [[[-76.515, 3.51], [-76.51, 3.51], [-76.51, 3.515], [-76.515, 3.515], [-76.515, 3.51]]]}}, {"type": "Feature", "properties": {"value": 6.3052, "sigma": 8.4919}, "geometry": {"type": "Polygon", "coordinates": [[[-76.51, 3.51], [-76.505, 3.51], [-76.505, 3.515], [-76.51, 3.515], [-76.51, 3.51]]]}}, {"type": "Feature", "properties": {"value": 6.3431, "sigma": 8.5177}, "geometry": {"type": "Polygon", "coordinates": [[[-76.505, 3.51], [-76.5, 3.51], [-76.5, 3.515], [-76.505, 3.515], [-76.505, 3.51]]]}}, {"type": "Feature", "properties": {"value": 6.3863, "sigma": 8.544}, "geometry": {"type": "Polygon", "coordinates": [[[-76.5, 3.51], [-76.495, 3.51], [-76.495, 3.515], [-76.5, 3.515], [-76.5, 3.51]]]}}, {"type": "Feature", "properties": {"value": 6.429, "sigma": 8.5668}, "geometry": {"type": "Polygon", "coordinates": [[[-76.495, 3.51], [-76.49, 3.51], [-76.49, 3.515], [-76.495, 3.515], [-76.495, 3.51]]]}}, {"type": "Feature", "properties": {"value": 6.4661, "sigma": 8.5841}, "geometry": {"type": "Polygon", "coordinates": [[[-76.49, 3.51], [-76.485, 3.51], [-76.485, 3.515], [-76.49, 3.515], [-76.49, 3.51]]]}}, {"type": "Feature", "properties": {"value": 6.4932, "sigma": 8.5953}, "geometry": {"type": "Polygon", "coordinates": [[[-76.485, 3.51], [-76.48, 3.51], [-76.48, 3.515], [-76.485, 3.515], [-76.485, 3.51]]]}}, {"type": "Feature", "properties": {"value": 6.5064, "sigma": 8.6002}, "geometry": {"type": "Polygon", "coordinates": [[[-76.48, 3.51], [-76.475, 3.51], [-76.475, 3.515], [-76.48, 3.515], [-76.48, 3.51]]]}}, {"type": "Feature", "properties": {"value": 6.5071, "sigma": 8.6005}, "geometry": {"type": "Polygon", "coordinates": [[[-76.475, 3.51], [-76.47, 3.51], [-76.47, 3.515], [-76.475, 3.515], [-76.475, 3.51]]]}}, {"type": "Feature", "properties": {"value": 6.5071, "sigma": 8.6005}, "geometry": {"type": "Polygon", "coordinates": [[[-76.47, 3.51], [-76.465, 3.51], [-76.465, 3.515], [-76.47, 3.515], [-76.47, 3.51]]]}}, {"type": "Feature", "properties": {"value": 6.5071, "sigma": 8.6005}, "geometry": {"type": "Polygon", "coordinates": [[[-76.465, 3.51], [-76.46, 3.51], [-76.46, 3.515], [-76.465, 3.515], [-76.465, 3.51]]]}}, {"type": "Feature", "properties": {"value": 6.5071, "sigma": 8.6005}, "geometry": {"type": "Polygon", "coordinates": [[[-76.46, 3.51], [-76.455, 3.51], [-76.455, 3.515], [-76.46, 3.515], [-76.46, 3.51]]]}}, {"type": "Feature", "properties": {"value": 6.5071, "sigma": 8.6005}, "geometry": {"type": "Polygon", "coordinates": [[[-76.455, 3.51], [-76.45, 3.51], [-76.45, 3.515], [-76.455, 3.515], [-76.455, 3.51]]]}}, {"type": "Feature", "properties": {"value": 6.5071, "sigma": 8.6005}, "geometry": {"type": "Polygon", "coordinates": [[[-76.45, 3.51], [-76.445, 3.51], [-76.445, 3.515], [-76.45, 3.515], [-76.45, 3.51]]]}}, {"type": "Feature", "properties": {"value": 6.5071, "sigma": 8.6005}, "geometry": {"type": "Polygon", "coordinates": [[[-76.445, 3.51], [-76.44, 3.51], [-76.44, 3.515], [-76.445, 3.515], [-76.445, 3.51]]]}}, {"type": "Feature", "properties": {"value": 6.5071, "sigma": 8.6005}, "geometry": {"type": "Polygon", "coordinates": [[[-76.44, 3.51], [-76.435, 3.51], [-76.435, 3.515], [-76.44, 3.515], [-76.44, 3.51]]]}}, {"type": "Feature", "properties": {"value": 6.5071, "sigma": 8.6005}, "geometry": {"type": "Polygon", "coordinates": [[[-76.435, 3.51], [-76.43, 3.51], [-76.43, 3.515], [-76.435, 3.515], [-76.435, 3.51]]]}}, {"type": "Feature", "properties": {"value": 6.5071, "sigma": 8.6005}, "geometry": {"type": "Polygon", "coordinates": [[[-76.43, 3.51], [-76.425, 3.51], [-76.425, 3.515], [-76.43, 3.515], [-76.43, 3.51]]]}}, {"type": "Feature", "properties": {"value": 6.5071, "sigma": 8.6005}, "geometry": {"type": "Polygon", "coordinates": [[[-76.425, 3.51], [-76.42, 3.51], [-76.42, 3.515], [-76.425, 3.515], [-76.425, 3.51]]]}}, {"type": "Feature", "properties": {"value": 6.5071, "sigma": 8.6005}, "geometry": {"type": "Polygon", "coordinates": [[[-76.42, 3.51], [-76.415, 3.51], [-76.415, 3.515], [-76.42, 3.515], [-76.42, 3.51]]]}}, {"type": "Feature", "properties": {"value": 6.5071, "sigma": 8.6005}, "geometry": {"type": "Polygon", "coordinates": [[[-76.415, 3.51], [-76.41, 3.51], [-76.41, 3.515], [-76.415, 3.515], [-76.415, 3.51]]]}}, {"type": "Feature", "properties": {"value": 6.5071, "sigma": 8.6005}, "geometry": {"type": "Polygon", "coordinates": [[[-76.41, 3.51], [-76.405, 3.51], [-76.405, 3.515], [-76.41, 3.515], [-76.41, 3.51]]]}}, {"type": "Feature", "properties": {"value": 6.5071, "sigma": 8.6005}, "geometry": {"type": "Polygon", "coordinates": [[[-76.405, 3.51], [-76.4, 3.51], [-76.4, 3.515], [-76.405, 3.515], [-76.405, 3.51]]]}}, {"type": "Feature", "properties": {"value": 6.5071, "sigma": 8.6005}, "geometry": {"type": "Polygon", "coordinates": [[[-76.6, 3.515], [-76.595, 3.515], [-76.595, 3.52], [-76.6, 3.52], [-76.6, 3.515]]]}}, {"type": "Feature", "properties": {"value": 6.5071, "sigma": 8.6005}, "geometry": {"type": "Polygon", "coordinates": [[[-76.595, 3.515], [-76.59, 3.515], [-76.59, 3.52], [-76.595, 3.52], [-76.595, 3.515]]]}}, {"type": "Feature", "properties": {"value": 6.5071, "sigma": 8.6005}, "geometry": {"type": "Polygon", "coordinates": [[[-76.59, 3.515], [-76.585, 3.515], [-76.585, 3.52], [-76.59, 3.52], [-76.59, 3.515]]]}}, {"type": "Feature", "properties": {"value": 6.5071, "sigma": 8.6005}, "geometry": {"type": "Polygon", "coordinates": [[[-76.585, 3.515], [-76.58, 3.515], [-76.58, 3.52], [-76.585, 3.52], [-76.585, 3.515]]]}}, {"type": "Feature", "properties": {"value": 6.5071, "sigma": 8.6005}, "geometry": {"type": "Polygon", "coordinates": [[[-76.58, 3.515], [-76.575, 3.515], [-76.575, 3.52], [-76.58, 3.52], [-76.58, 3.515]]]}}, {"type": "Feature", "properties": {"value": 6.5071, "sigma": 8.6005}, "geometry": {"type": "Polygon", "coordinates": [[[-76.575, 3.515], [-76.57, 3.515], [-76.57, 3.52], [-76.575, 3.52], [-76.575, 3.515]]]}}, {"type": "Feature", "properties": {"value": 6.5071, "sigma": 8.6005}, "geometry": {"type": "Polygon", "coordinates": [[[-76.57, 3.515], [-76.565, 3.515], [-76.565, 3.52], [-76.57, 3.52], [-76.57, 3.515]]]}}, {"type": "Feature", "properties": {"value": 6.5071, "sigma": 8.6005}, "geometry": {"type": "Polygon", "coordinates": [[[-76.565, 3.515], [-76.56, 3.515], [-76.56, 3.52], [-76.565, 3.52], [-76.565, 3.515]]]}}, {"type": "Feature", "properties": {"value": 6.5071, "sigma": 8.6005}, "geometry": {"type": "Polygon", "coordinates": [[[-76.56, 3.515], [-76.555, 3.515], [-76.555, 3.52], [-76.56, 3.52], [-76.56, 3.515]]]}}, {"type": "Feature", "properties": {"value": 6.502, "sigma": 8.5986}, "geometry": {"type": "Polygon", "coordinates": [[[-76.555, 3.515], [-76.55, 3.515], [-76.55, 3.52], [-76.555, 3.52], [-76.555, 3.515]]]}}, {"type": "Feature", "properties": {"value": 6.4846, "sigma": 8.5919}, "geometry": {"type": "Polygon", "coordinates": [[[-76.55, 3.515], [-76.545, 3.515], [-76.545, 3.52], [-76.55, 3.52], [-76.55, 3.515]]]}}, {"type": "Feature", "properties": {"value": 6.4585, "sigma": 8.5808}, "geometry": {"type": "Polygon", "coordinates": [[[-76.545, 3.515], [-76.54, 3.515], [-76.54, 3.52], [-76.545, 3.52], [-76.545, 3.515]]]}}, {"type": "Feature", "properties": {"value": 6.428, "sigma": 8.5663}, "geometry": {"type": "Polygon", "coordinates": [[[-76.54, 3.515], [-76.535, 3.515], [-76.535, 3.52], [-76.54, 3.52], [-76.54, 3.515]]]}}, {"type": "Feature", "properties": {"value": 6.3976, "sigma": 8.5503}, "geometry": {"type": "Polygon", "coordinates": [[[-76.535, 3.515], [-76.53, 3.515], [-76.53, 3.52], [-76.535, 3.52], [-76.535, 3.515]]]}}, {"type": "Feature", "properties": {"value": 6.3719, "sigma": 8.5356}, "geometry": {"type": "Polygon", "coordinates": [[[-76.53, 3.515], [-76.525, 3.515], [-76.525, 3.52], [-76.53, 3.52], [-76.53, 3.515]]]}}, {"type": "Feature", "properties": {"value": 6.3552, "sigma": 8.5254}, "geometry": {"type": "Polygon", "coordinates": [[[-76.525, 3.515], [-76.52, 3.515], [-76.52, 3.52], [-76.525, 3.52], [-76.525, 3.515]]]}}, {"type": "Feature", "properties": {"value": 6.3502, "sigma": 8.5223}, "geometry": {"type": "Polygon", "coordinates": [[[-76.52, 3.515], [-76.515, 3.515], [-76.515, 3.52], [-76.52, 3.52], [-76.52, 3.515]]]}}, {"type": "Feature", "properties": {"value": 6.358, "sigma": 8.5271}, "geometry": {"type": "Polygon", "coordinates": [[[-76.515, 3.515], [-76.51, 3.515], [-76.51, 3.52], [-76.515, 3.52], [-76.515, 3.515]]]}}, {"type": "Feature", "properties": {"value": 6.377, "sigma": 8.5386}, "geometry": {"type": "Polygon", "coordinates": [[[-76.51, 3.515], [-76.505, 3.515], [-76.505, 3.52], [-76.51, 3.52], [-76.51, 3.515]]]}}, {"type": "Feature", "properties": {"value": 6.4041, "sigma": 8.5539}, "geometry": {"type": "Polygon", "coordinates": [[[-76.505, 3.515], [-76.5, 3.515], [-76.5, 3.52], [-76.505, 3.52], [-76.505, 3.515]]]}}, {"type": "Feature", "properties": {"value": 6.4349, "sigma": 8.5698}, "geometry": {"type": "Polygon", "coordinates": [[[-76.5, 3.515], [-76.495, 3.515], [-76.495, 3.52], [-76.5, 3.52], [-76.5, 3.515]]]}}, {"type": "Feature", "properties": {"value": 6.4648, "sigma": 8.5836}, "geometry": {"type": "Polygon", "coordinates": [[[-76.495, 3.515], [-76.49, 3.515], [-76.49, 3.52], [-76.495, 3.52], [-76.495, 3.515]]]}}, {"type": "Feature", "properties": {"value": 6.4893, "sigma": 8.5938}, "geometry": {"type": "Polygon", "coordinates": [[[-76.49, 3.515], [-76.485, 3.515], [-76.485, 3.52], [-76.49, 3.52], [-76.49, 3.515]]]}}, {"type": "Feature", "properties": {"value": 6.5043, "sigma": 8.5995}, "geometry": {"type": "Polygon", "coordinates": [[[-76.485, 3.515], [-76.48, 3.515], [-76.48, 3.52], [-76.485, 3.52], [-76.485, 3.515]]]}}, {"type": "Feature", "properties": {"value": 6.5071, "sigma": 8.6005}, "geometry": {"type": "Polygon", "coordinates": [[[-76.48, 3.515], [-76.475, 3.515], [-76.475, 3.52], [-76.48, 3.52], [-76.48, 3.515]]]}}, {"type": "Feature", "properties": {"value": 6.5071, "sigma": 8.6005}, "geometry": {"type": "Polygon", "coordinates": [[[-76.475, 3.515], [-76.47, 3.515], [-76.47, 3.52], [-76.475, 3.52], [-76.475, 3.515]]]}}, {"type": "Feature", "properties": {"value": 6.5071, "sigma": 8.6005}, "geometry": {"type": "Polygon", "coordinates": [[[-76.47, 3.515], [-76.465, 3.515], [-76.465, 3.52], [-76.47, 3.52], [-76.47, 3.515]]]}}, {"type": "Feature", "properties": {"value": 6.5071, "sigma": 8.6005}, "geometry": {"type": "Polygon", "coordinates": [[[-76.465, 3.515], [-76.46, 3.515], [-76.46, 3.52], [-76.465, 3.52], [-76.465, 3.515]]]}}, {"type": "Feature", "properties": {"value": 6.5071, "sigma": 8.6005}, "geometry": {"type": "Polygon", "coordinates": [[[-76.46, 3.515], [-76.455, 3.515], [-76.455, 3.52], [-76.46, 3.52], [-76.46, 3.515]]]}}, {"type": "Feature", "properties": {"value": 6.5071, "sigma": 8.6005}, "geometry": {"type": "Polygon", "coordinates": [[[-76.455, 3.515], [-76.45, 3.515], [-76.45, 3.52], [-76.455, 3.52], [-76.455, 3.515]]]}}, {"type": "Feature", "properties": {"value": 6.5071, "sigma": 8.6005}, "geometry": {"type": "Polygon", "coordinates": [[[-76.45, 3.515], [-76.445, 3.515], [-76.445, 3.52], [-76.45, 3.52], [-76.45, 3.515]]]}}, {"type": "Feature", "properties": {"value": 6.5071, "sigma": 8.6005}, "geometry": {"type": "Polygon", "coordinates": [[[-76.445, 3.515], [-76.44, 3.515], [-76.44, 3.52], [-76.445, 3.52], [-76.445, 3.515]]]}}, {"type": "Feature", "properties": {"value": 6.5071, "sigma": 8.6005}, "geometry": {"type": "Polygon", "coordinates": [[[-76.44, 3.515], [-76.435, 3.515], [-76.435, 3.52], [-76.44, 3.52], [-76.44, 3.515]]]}}, {"type": "Feature", "properties": {"value": 6.5071, "sigma": 8.6005}, "geometry": {"type": "Polygon", "coordinates": [[[-76.435, 3.515], [-76.43, 3.515], [-76.43, 3.52], [-76.435, 3.52], [-76.435, 3.515]]]}}, {"type": "Feature", "properties": {"value": 6.5071, "sigma": 8.6005}, "geometry": {"type": "Polygon", "coordinates": [[[-76.43, 3.515], [-76.425, 3.515], [-76.425, 3.52], [-76.43, 3.52], [-76.43, 3.515]]]}}, {"type": "Feature", "properties": {"value": 6.5071, "sigma": 8.6005}, "geometry": {"type": "Polygon", "coordinates": [[[-76.425, 3.515], [-76.42, 3.515], [-76.42, 3.52], [-76.425, 3.52], [-76.425, 3.515]]]}}, {"type": "Feature", "properties": {"value": 6.5071, "sigma": 8.6005}, "geometry": {"type": "Polygon", "coordinates": [[[-76.42, 3.515], [-76.415, 3.515], [-76.415, 3.52], [-76.42, 3.52], [-76.42, 3.515]]]}}, {"type": "Feature", "properties": {"value": 6.5071, "sigma": 8.6005}, "geometry": {"type": "Polygon", "coordinates": [[[-76.415, 3.515], [-76.41, 3.515], [-76.41, 3.52], [-76.415, 3.52], [-76.415, 3.515]]]}}, {"type": "Feature", "properties": {"value": 6.5071, "sigma": 8.6005}, "geometry": {"type": "Polygon", "coordinates": [[[-76.41, 3.515], [-76.405, 3.515], [-76.405, 3.52], [-76.41, 3.52], [-76.41, 3.515]]]}}, {"type": "Feature", "properties": {"value": 6.5071, "sigma": 8.6005}, "geometry": {"type": "Polygon", "coordinates": [[[-76.405, 3.515], [-76.4, 3.515], [-76.4, 3.52], [-76.405, 3.52], [-76.405, 3.515]]]}}, {"type": "Feature", "properties": {"value": 6.5071, "sigma": 8.6005}, "geometry": {"type": "Polygon", "coordinates": [[[-76.6, 3.52], [-76.595, 3.52], [-76.595, 3.525], [-76.6, 3.525], [-76.6, 3.52]]]}}, {"type": "Feature", "properties": {"value": 6.5071, "sigma": 8.6005}, "geometry": {"type": "Polygon", "coordinates": [[[-76.595, 3.52], [-76.59, 3.52], [-76.59, 3.525], [-76.595, 3.525], [-76.595, 3.52]]]}}, {"type": "Feature", "properties": {"value": 6.5071, "sigma": 8.6005}, "geometry": {"type": "Polygon", "coordinates": [[[-76.59, 3.52], [-76.585, 3.52], [-76.585, 3.525], [-76.59, 3.525], [-76.59, 3.52]]]}}, {"type": "Feature", "properties": {"value": 6.5071, "sigma": 8.6005}, "geometry": {"type": "Polygon", "coordinates": [[[-76.585, 3.52], [-76.58, 3.52], [-76.58, 3.525], [-76.585, 3.525], [-76.585, 3.52]]]}}, {"type": "Feature", "properties": {"value": 6.5071, "sigma": 8.6005}, "geometry": {"type": "Polygon", "coordinates": [[[-76.58, 3.52], [-76.575, 3.52], [-76.575, 3.525], [-76.58, 3.525], [-76.58, 3.52]]]}}, {"type": "Feature", "properties": {"value": 6.5071, "sigma": 8.6005}, "geometry": {"type": "Polygon", "coordinates": [[[-76.575, 3.52], [-76.57, 3.52], [-76.57, 3.525], [-76.575, 3.525], [-76.575, 3.52]]]}}, {"type": "Feature", "properties": {"value": 6.5071, "sigma": 8.6005}, "geometry": {"type": "Polygon", "coordinates": [[[-76.57, 3.52], [-76.565, 3.52], [-76.565, 3.525], [-76.57, 3.525], [-76.57, 3.52]]]}}, {"type": "Feature", "properties": {"value": 6.5071, "sigma": 8.6005}, "geometry": {"type": "Polygon", "coordinates": [[[-76.565, 3.52], [-76.56, 3.52], [-76.56, 3.525], [-76.565, 3.525], [-76.565, 3.52]]]}}, {"type": "Feature", "properties": {"value": 6.5071, "sigma": 8.6005}, "geometry": {"type": "Polygon", "coordinates": [[[-76.56, 3.52], [-76.555, 3.52], [-76.555, 3.525], [-76.56, 3.525], [-76.56, 3.52]]]}}, {"type": "Feature", "properties": {"value": 6.5071, "sigma": 8.6005}, "geometry": {"type": "Polygon", "coordinates": [[[-76.555, 3.52], [-76.55, 3.52], [-76.55, 3.525], [-76.555, 3.525], [-76.555, 3.52]]]}}, {"type": "Feature", "properties": {"value": 6.502, "sigma": 8.5986}, "geometry": {"type": "Polygon", "coordinates": [[[-76.55, 3.52], [-76.545, 3.52], [-76.545, 3.525], [-76.55, 3.525], [-76.55, 3.52]]]}}, {"type": "Feature", "properties": {"value": 6.4882, "sigma": 8.5933}, "geometry": {"type": "Polygon", "coordinates": [[[-76.545, 3.52], [-76.54, 3.52], [-76.54, 3.525], [-76.545, 3.525], [-76.545, 3.52]]]}}, {"type": "Feature", "properties": {"value": 6.4694, "sigma": 8.5856}, "geometry": {"type": "Polygon", "coordinates": [[[-76.54, 3.52], [-76.535, 3.52], [-76.535, 3.525], [-76.54, 3.525], [-76.54, 3.52]]]}}, {"type": "Feature", "properties": {"value": 6.4497, "sigma": 8.5768}, "geometry": {"type": "Polygon", "coordinates": [[[-76.535, 3.52], [-76.53, 3.52], [-76.53, 3.525], [-76.535, 3.525], [-76.535, 3.52]]]}}, {"type": "Feature", "properties": {"value": 6.4327, "sigma": 8.5687}, "geometry": {"type": "Polygon", "coordinates": [[[-76.53, 3.52], [-76.525, 3.52], [-76.525, 3.525], [-76.53, 3.525], [-76.53, 3.52]]]}}, {"type": "Feature", "properties": {"value": 6.4215, "sigma": 8.563}, "geometry": {"type": "Polygon", "coordinates": [[[-76.525, 3.52], [-76.52, 3.52], [-76.52, 3.525], [-76.525, 3.525], [-76.525, 3.52]]]}}, {"type": "Feature", "properties": {"value": 6.4181, "sigma": 8.5613}, "geometry": {"type": "Polygon", "coordinates": [[[-76.52, 3.52], [-76.515, 3.52], [-76.515, 3.525], [-76.52, 3.525], [-76.52, 3.52]]]}}, {"type": "Feature", "properties": {"value": 6.4233, "sigma": 8.564}, "geometry": {"type": "Polygon", "coordinates": [[[-76.515, 3.52], [-76.51, 3.52], [-76.51, 3.525], [-76.515, 3.525], [-76.515, 3.52]]]}}, {"type": "Feature", "properties": {"value": 6.4361, "sigma": 8.5703}, "geometry": {"type": "Polygon", "coordinates": [[[-76.51, 3.52], [-76.505, 3.52], [-76.505, 3.525], [-76.51, 3.525], [-76.51, 3.52]]]}}, {"type": "Feature", "properties": {"value": 6.454, "sigma": 8.5788}, "geometry": {"type": "Polygon", "coordinates": [[[-76.505, 3.52], [-76.5, 3.52], [-76.5, 3.525], [-76.505, 3.525], [-76.505, 3.52]]]}}, {"type": "Feature", "properties": {"value": 6.4738, "sigma": 8.5875}, "geometry": {"type": "Polygon", "coordinates": [[[-76.5, 3.52], [-76.495, 3.52], [-76.495, 3.525], [-76.5, 3.525], [-76.5, 3.52]]]}}, {"type": "Feature", "properties": {"value": 6.4918, "sigma": 8.5947}, "geometry": {"type": "Polygon", "coordinates": [[[-76.495, 3.52], [-76.49, 3.52], [-76.49, 3.525], [-76.495, 3.525], [-76.495, 3.52]]]}}, {"type": "Feature", "properties": {"value": 6.504, "sigma": 8.5994}, "geometry": {"type": "Polygon", "coordinates": [[[-76.49, 3.52], [-76.485, 3.52], [-76.485, 3.525], [-76.49, 3.525], [-76.49, 3.52]]]}}, {"type": "Feature", "properties": {"value": 6.5071, "sigma": 8.6005}, "geometry": {"type": "Polygon", "coordinates": [[[-76.485, 3.52], [-76.48, 3.52], [-76.48, 3.525], [-76.485, 3.525], [-76.485, 3.52]]]}}, {"type": "Feature", "properties": {"value": 6.5071, "sigma": 8.6005}, "geometry": {"type": "Polygon", "coordinates": [[[-76.48, 3.52], [-76.475, 3.52], [-76.475, 3.525], [-76.48, 3.525], [-76.48, 3.52]]]}}, {"type": "Feature", "properties": {"value": 6.5071, "sigma": 8.6005}, "geometry": {"type": "Polygon", "coordinates": [[[-76.475, 3.52], [-76.47, 3.52], [-76.47, 3.525], [-76.475, 3.525], [-76.475, 3.52]]]}}, {"type": "Feature", "properties": {"value": 6.5071, "sigma": 8.6005}, "geometry": {"type": "Polygon", "coordinates": [[[-76.47, 3.52], [-76.465, 3.52], [-76.465, 3.525], [-76.47, 3.525], [-76.47, 3.52]]]}}, {"type": "Feature", "properties": {"value": 6.5071, "sigma": 8.6005}, "geometry": {"type": "Polygon", "coordinates": [[[-76.465, 3.52], [-76.46, 3.52], [-76.46, 3.525], [-76.465, 3.525], [-76.465, 3.52]]]}}, {"type": "Feature", "properties": {"value": 6.5071, "sigma": 8.6005}, "geometry": {"type": "Polygon", "coordinates": [[[-76.46, 3.52], [-76.455, 3.52], [-76.455, 3.525], [-76.46, 3.525], [-76.46, 3.52]]]}}, {"type": "Feature", "properties": {"value": 6.5071, "sigma": 8.6005}, "geometry": {"type": "Polygon", "coordinates": [[[-76.455, 3.52], [-76.45, 3.52], [-76.45, 3.525], [-76.455, 3.525], [-76.455, 3.52]]]}}, {"type": "Feature", "properties": {"value": 6.5071, "sigma": 8.6005}, "geometry": {"type": "Polygon", "coordinates": [[[-76.45, 3.52], [-76.445, 3.52], [-76.445, 3.525], [-76.45, 3.525], [-76.45, 3.52]]]}}, {"type": "Feature", "properties": {"value": 6.5071, "sigma": 8.6005}, "geometry": {"type": "Polygon", "coordinates": [[[-76.445, 3.52], [-76.44, 3.52], [-76.44, 3.525], [-76.445, 3.525], [-76.445, 3.52]]]}}, {"type": "Feature", "properties": {"value": 6.5071, "sigma": 8.6005}, "geometry": {"type": "Polygon", "coordinates": [[[-76.44, 3.52], [-76.435, 3.52], [-76.435, 3.525], [-76.44, 3.525], [-76.44, 3.52]]]}}, {"type": "Feature", "properties": {"value": 6.5071, "sigma": 8.6005}, "geometry": {"type": "Polygon", "coordinates": [[[-76.435, 3.52], [-76.43, 3.52], [-76.43, 3.525], [-76.435, 3.525], [-76.435, 3.52]]]}}, {"type": "Feature", "properties": {"value": 6.5071, "sigma": 8.6005}, "geometry": {"type": "Polygon", "coordinates": [[[-76.43, 3.52], [-76.425, 3.52], [-76.425, 3.525], [-76.43, 3.525], [-76.43, 3.52]]]}}, {"type": "Feature", "properties": {"value": 6.5071, "sigma": 8.6005}, "geometry": {"type": "Polygon", "coordinates": [[[-76.425, 3.52], [-76.42, 3.52], [-76.42, 3.525], [-76.425, 3.525], [-76.425, 3.52]]]}}, {"type": "Feature", "properties": {"value": 6.5071, "sigma": 8.6005}, "geometry": {"type": "Polygon", "coordinates": [[[-76.42, 3.52], [-76.415, 3.52], [-76.415, 3.525], [-76.42, 3.525], [-76.42, 3.52]]]}}, {"type": "Feature", "properties": {"value": 6.5071, "sigma": 8.6005}, "geometry": {"type": "Polygon", "coordinates": [[[-76.415, 3.52], [-76.41, 3.52], [-76.41, 3.525], [-76.415, 3.525], [-76.415, 3.52]]]}}, {"type": "Feature", "properties": {"value": 6.5071, "sigma": 8.6005}, "geometry": {"type": "Polygon", "coordinates": [[[-76.41, 3.52], [-76.405, 3.52], [-76.405, 3.525], [-76.41, 3.525], [-76.41, 3.52]]]}}, {"type": "Feature", "properties": {"value": 6.5071, "sigma": 8.6005}, "geometry": {"type": "Polygon", "coordinates": [[[-76.405, 3.52], [-76.4, 3.52], [-76.4, 3.525], [-76.405, 3.525], [-76.405, 3.52]]]}}, {"type": "Feature", "properties": {"value": 6.5071, "sigma": 8.6005}, "geometry": {"type": "Polygon", "coordinates": [[[-76.6, 3.525], [-76.595, 3.525], [-76.595, 3.53], [-76.6, 3.53], [-76.6, 3.525]]]}}, {"type": "Feature", "properties": {"value": 6.5071, "sigma": 8.6005}, "geometry": {"type": "Polygon", "coordinates": [[[-76.595, 3.525], [-76.59, 3.525], [-76.59, 3.53], [-76.595, 3.53], [-76.595, 3.525]]]}}, {"type": "Feature", "properties": {"value": 6.5071, "sigma": 8.6005}, "geometry": {"type": "Polygon", "coordinates": [[[-76.59, 3.525], [-76.585, 3.525], [-76.585, 3.53], [-76.59, 3.53], [-76.59, 3.525]]]}}, {"type": "Feature", "properties": {"value": 6.5071, "sigma": 8.6005}, "geometry": {"type": "Polygon", "coordinates": [[[-76.585, 3.525], [-76.58, 3.525], [-76.58, 3.53], [-76.585, 3.53], [-76.585, 3.525]]]}}, {"type": "Feature", "properties": {"value": 6.5071, "sigma": 8.6005}, "geometry": {"type": "Polygon", "coordinates": [[[-76.58, 3.525], [-76.575, 3.525], [-76.575, 3.53], [-76.58, 3.53], [-76.58, 3.525]]]}}, {"type": "Feature", "properties": {"value": 6.5071, "sigma": 8.6005}, "geometry": {"type": "Polygon", "coordinates": [[[-76.575, 3.525], [-76.57, 3.525], [-76.57, 3.53], [-76.575, 3.53], [-76.575, 3.525]]]}}, {"type": "Feature", "properties": {"value": 6.5071, "sigma": 8.6005}, "geometry": {"type": "Polygon", "coordinates": [[[-76.57, 3.525], [-76.565, 3.525], [-76.565, 3.53], [-76.57, 3.53], [-76.57, 3.525]]]}}, {"type": "Feature", "properties": {"value": 6.5071, "sigma": 8.6005}, "geometry": {"type": "Polygon", "coordinates": [[[-76.565, 3.525], [-76.56, 3.525], [-76.56, 3.53], [-76.565, 3.53], [-76.565, 3.525]]]}}, {"type": "Feature", "properties": {"value": 6.5071, "sigma": 8.6005}, "geometry": {"type": "Polygon", "coordinates": [[[-76.56, 3.525], [-76.555, 3.525], [-76.555, 3.53], [-76.56, 3.53], [-76.56, 3.525]]]}}, {"type": "Feature", "properties": {"value": 6.5071, "sigma": 8.6005}, "geometry": {"type": "Polygon", "coordinates": [[[-76.555, 3.525], [-76.55, 3.525], [-76.55, 3.53], [-76.555, 3.53], [-76.555, 3.525]]]}}, {"type": "Feature", "properties": {"value": 6.5071, "sigma": 8.6005}, "geometry": {"type": "Polygon", "coordinates": [[[-76.55, 3.525], [-76.545, 3.525], [-76.545, 3.53], [-76.55, 3.53], [-76.55, 3.525]]]}}, {"type": "Feature", "properties": {"value": 6.5048, "sigma": 8.5997}, "geometry": {"type": "Polygon", "coordinates": [[[-76.545, 3.525], [-76.54, 3.525], [-76.54, 3.53], [-76.545, 3.53], [-76.545, 3.525]]]}}, {"type": "Feature", "properties": {"value": 6.497, "sigma": 8.5967}, "geometry": {"type": "Polygon", "coordinates": [[[-76.54, 3.525], [-76.535, 3.525], [-76.535, 3.53], [-76.54, 3.53], [-76.54, 3.525]]]}}, {"type": "Feature", "properties": {"value": 6.4868, "sigma": 8.5928}, "geometry": {"type": "Polygon", "coordinates": [[[-76.535, 3.525], [-76.53, 3.525], [-76.53, 3.53], [-76.535, 3.53], [-76.535, 3.525]]]}}, {"type": "Feature", "properties": {"value": 6.4771, "sigma": 8.5888}, "geometry": {"type": "Polygon", "coordinates": [[[-76.53, 3.525], [-76.525, 3.525], [-76.525, 3.53], [-76.53, 3.53], [-76.53, 3.525]]]}}, {"type": "Feature", "properties": {"value": 6.4705, "sigma": 8.5861}, "geometry": {"type": "Polygon", "coordinates": [[[-76.525, 3.525], [-76.52, 3.525], [-76.52, 3.53], [-76.525, 3.53], [-76.525, 3.525]]]}}, {"type": "Feature", "properties": {"value": 6.4686, "sigma": 8.5852}, "geometry": {"type": "Polygon", "coordinates": [[[-76.52, 3.525], [-76.515, 3.525], [-76.515, 3.53], [-76.52, 3.53], [-76.52, 3.525]]]}}, {"type": "Feature", "properties": {"value": 6.4717, "sigma": 8.5865}, "geometry": {"type": "Polygon", "coordinates": [[[-76.515, 3.525], [-76.51, 3.525], [-76.51, 3.53], [-76.515, 3.53], [-76.515, 3.525]]]}}, {"type": "Feature", "properties": {"value": 6.4791, "sigma": 8.5896}, "geometry": {"type": "Polygon", "coordinates": [[[-76.51, 3.525], [-76.505, 3.525], [-76.505, 3.53], [-76.51, 3.53], [-76.51, 3.525]]]}}, {"type": "Feature", "properties": {"value": 6.4891, "sigma": 8.5937}, "geometry": {"type": "Polygon", "coordinates": [[[-76.505, 3.525], [-76.5, 3.525], [-76.5, 3.53], [-76.505, 3.53], [-76.505, 3.525]]]}}, {"type": "Feature", "properties": {"value": 6.4991, "sigma": 8.5975}, "geometry": {"type": "Polygon", "coordinates": [[[-76.5, 3.525], [-76.495, 3.525], [-76.495, 3.53], [-76.5, 3.53], [-76.5, 3.525]]]}}, {"type": "Feature", "properties": {"value": 6.5059, "sigma": 8.6001}, "geometry": {"type": "Polygon", "coordinates": [[[-76.495, 3.525], [-76.49, 3.525], [-76.49, 3.53], [-76.495, 3.53], [-76.495, 3.525]]]}}, {"type": "Feature", "properties": {"value": 6.5071, "sigma": 8.6005}, "geometry": {"type": "Polygon", "coordinates": [[[-76.49, 3.525], [-76.485, 3.525], [-76.485, 3.53], [-76.49, 3.53], [-76.49, 3.525]]]}}, {"type": "Feature", "properties": {"value": 6.5071, "sigma": 8.6005}, "geometry": {"type": "Polygon", "coordinates": [[[-76.485, 3.525], [-76.48, 3.525], [-76.48, 3.53], [-76.485, 3.53], [-76.485, 3.525]]]}}, {"type": "Feature", "properties": {"value": 6.5071, "sigma": 8.6005}, "geometry": {"type": "Polygon", "coordinates": [[[-76.48, 3.525], [-76.475, 3.525], [-76.475, 3.53], [-76.48, 3.53], [-76.48, 3.525]]]}}, {"type": "Feature", "properties": {"value": 6.5071, "sigma": 8.6005}, "geometry": {"type": "Polygon", "coordinates": [[[-76.475, 3.525], [-76.47, 3.525], [-76.47, 3.53], [-76.475, 3.53], [-76.475, 3.525]]]}}, {"type": "Feature", "properties": {"value": 6.5071, "sigma": 8.6005}, "geometry": {"type": "Polygon", "coordinates": [[[-76.47, 3.525], [-76.465, 3.525], [-76.465, 3.53], [-76.47, 3.53], [-76.47, 3.525]]]}}, {"type": "Feature", "properties": {"value": 6.5071, "sigma": 8.6005}, "geometry": {"type": "Polygon", "coordinates": [[[-76.465, 3.525], [-76.46, 3.525], [-76.46, 3.53], [-76.465, 3.53], [-76.465, 3.525]]]}}, {"type": "Feature", "properties": {"value": 6.5071, "sigma": 8.6005}, "geometry": {"type": "Polygon", "coordinates": [[[-76.46, 3.525], [-76.455, 3.525], [-76.455, 3.53], [-76.46, 3.53], [-76.46, 3.525]]]}}, {"type": "Feature", "properties": {"value": 6.5071, "sigma": 8.6005}, "geometry": {"type": "Polygon", "coordinates": [[[-76.455, 3.525], [-76.45, 3.525], [-76.45, 3.53], [-76.455, 3.53], [-76.455, 3.525]]]}}, {"type": "Feature", "properties": {"value": 6.5071, "sigma": 8.6005}, "geometry": {"type": "Polygon", "coordinates": [[[-76.45, 3.525], [-76.445, 3.525], [-76.445, 3.53], [-76.45, 3.53], [-76.45, 3.525]]]}}, {"type": "Feature", "properties": {"value": 6.5071, "sigma": 8.6005}, "geometry": {"type": "Polygon", "coordinates": [[[-76.445, 3.525], [-76.44, 3.525], [-76.44, 3.53], [-76.445, 3.53], [-76.445, 3.525]]]}}, {"type": "Feature", "properties": {"value": 6.5071, "sigma": 8.6005}, "geometry": {"type": "Polygon", "coordinates": [[[-76.44, 3.525], [-76.435, 3.525], [-76.435, 3.53], [-76.44, 3.53], [-76.44, 3.525]]]}}, {"type": "Feature", "properties": {"value": 6.5071, "sigma": 8.6005}, "geometry": {"type": "Polygon", "coordinates": [[[-76.435, 3.525], [-76.43, 3.525], [-76.43, 3.53], [-76.435, 3.53], [-76.435, 3.525]]]}}, {"type": "Feature", "properties": {"value": 6.5071, "sigma": 8.6005}, "geometry": {"type": "Polygon", "coordinates": [[[-76.43, 3.525], [-76.425, 3.525], [-76.425, 3.53], [-76.43, 3.53], [-76.43, 3.525]]]}}, {"type": "Feature", "properties": {"value": 6.5071, "sigma": 8.6005}, "geometry": {"type": "Polygon", "coordinates": [[[-76.425, 3.525], [-76.42, 3.525], [-76.42, 3.53], [-76.425, 3.53], [-76.425, 3.525]]]}}, {"type": "Feature", "properties": {"value": 6.5071, "sigma": 8.6005}, "geometry": {"type": "Polygon", "coordinates": [[[-76.42, 3.525], [-76.415, 3.525], [-76.415, 3.53], [-76.42, 3.53], [-76.42, 3.525]]]}}, {"type": "Feature", "properties": {"value": 6.5071, "sigma": 8.6005}, "geometry": {"type": "Polygon", "coordinates": [[[-76.415, 3.525], [-76.41, 3.525], [-76.41, 3.53], [-76.415, 3.53], [-76.415, 3.525]]]}}, {"type": "Feature", "properties": {"value": 6.5071, "sigma": 8.6005}, "geometry": {"type": "Polygon", "coordinates": [[[-76.41, 3.525], [-76.405, 3.525], [-76.405, 3.53], [-76.41, 3.53], [-76.41, 3.525]]]}}, {"type": "Feature", "properties": {"value": 6.5071, "sigma": 8.6005}, "geometry": {"type": "Polygon", "coordinates": [[[-76.405, 3.525], [-76.4, 3.525], [-76.4, 3.53], [-76.405, 3.53], [-76.405, 3.525]]]}}, {"type": "Feature", "properties": {"value": 6.5071, "sigma": 8.6005}, "geometry": {"type": "Polygon", "coordinates": [[[-76.6, 3.53], [-76.595, 3.53], [-76.595, 3.535], [-76.6, 3.535], [-76.6, 3.53]]]}}, {"type": "Feature", "properties": {"value": 6.5071, "sigma": 8.6005}, "geometry": {"type": "Polygon", "coordinates": [[[-76.595, 3.53], [-76.59, 3.53], [-76.59, 3.535], [-76.595, 3.535], [-76.595, 3.53]]]}}, {"type": "Feature", "properties": {"value": 6.5071, "sigma": 8.6005}, "geometry": {"type": "Polygon", "coordinates": [[[-76.59, 3.53], [-76.585, 3.53], [-76.585, 3.535], [-76.59, 3.535], [-76.59, 3.53]]]}}, {"type": "Feature", "properties": {"value": 6.5071, "sigma": 8.6005}, "geometry": {"type": "Polygon", "coordinates": [[[-76.585, 3.53], [-76.58, 3.53], [-76.58, 3.535], [-76.585, 3.535], [-76.585, 3.53]]]}}, {"type": "Feature", "properties": {"value": 6.5071, "sigma": 8.6005}, "geometry": {"type": "Polygon", "coordinates": [[[-76.58, 3.53], [-76.575, 3.53], [-76.575, 3.535], [-76.58, 3.535], [-76.58, 3.53]]]}}, {"type": "Feature", "properties": {"value": 6.5071, "sigma": 8.6005}, "geometry": {"type": "Polygon", "coordinates": [[[-76.575, 3.53], [-76.57, 3.53], [-76.57, 3.535], [-76.575, 3.535], [-76.575, 3.53]]]}}, {"type": "Feature", "properties": {"value": 6.5071, "sigma": 8.6005}, "geometry": {"type": "Polygon", "coordinates": [[[-76.57, 3.53], [-76.565, 3.53], [-76.565, 3.535], [-76.57, 3.535], [-76.57, 3.53]]]}}, {"type": "Feature", "properties": {"value": 6.5071, "sigma": 8.6005}, "geometry": {"type": "Polygon", "coordinates": [[[-76.565, 3.53], [-76.56, 3.53], [-76.56, 3.535], [-76.565, 3.535], [-76.565, 3.53]]]}}, {"type": "Feature", "properties": {"value": 6.5071, "sigma": 8.6005}, "geometry": {"type": "Polygon", "coordinates": [[[-76.56, 3.53], [-76.555, 3.53], [-76.555, 3.535], [-76.56, 3.535], [-76.56, 3.53]]]}}, {"type": "Feature", "properties": {"value": 6.5071, "sigma": 8.6005}, "geometry": {"type": "Polygon", "coordinates": [[[-76.555, 3.53], [-76.55, 3.53], [-76.55, 3.535], [-76.555, 3.535], [-76.555, 3.53]]]}}, {"type": "Feature", "properties": {"value": 6.5071, "sigma": 8.6005}, "geometry": {"type": "Polygon", "coordinates": [[[-76.55, 3.53], [-76.545, 3.53], [-76.545, 3.535], [-76.55, 3.535], [-76.55, 3.53]]]}}, {"type": "Feature", "properties": {"value": 6.5071, "sigma": 8.6005}, "geometry": {"type": "Polygon", "coordinates": [[[-76.545, 3.53], [-76.54, 3.53], [-76.54, 3.535], [-76.545, 3.535], [-76.545, 3.53]]]}}, {"type": "Feature", "properties": {"value": 6.5071, "sigma": 8.6005}, "geometry": {"type": "Polygon", "coordinates": [[[-76.54, 3.53], [-76.535, 3.53], [-76.535, 3.535], [-76.54, 3.535], [-76.54, 3.53]]]}}, {"type": "Feature", "properties": {"value": 6.5054, "sigma": 8.5999}, "geometry": {"type": "Polygon", "coordinates": [[[-76.535, 3.53], [-76.53, 3.53], [-76.53, 3.535], [-76.535, 3.535], [-76.535, 3.53]]]}}, {"type": "Feature", "properties": {"value": 6.5023, "sigma": 8.5988}, "geometry": {"type": "Polygon", "coordinates": [[[-76.53, 3.53], [-76.525, 3.53], [-76.525, 3.535], [-76.53, 3.535], [-76.53, 3.53]]]}}, {"type": "Feature", "properties": {"value": 6.4998, "sigma": 8.5978}, "geometry": {"type": "Polygon", "coordinates": [[[-76.525, 3.53], [-76.52, 3.53], [-76.52, 3.535], [-76.525, 3.535], [-76.525, 3.53]]]}}, {"type": "Feature", "properties": {"value": 6.4989, "sigma": 8.5975}, "geometry": {"type": "Polygon", "coordinates": [[[-76.52, 3.53], [-76.515, 3.53], [-76.515, 3.535], [-76.52, 3.535], [-76.52, 3.53]]]}}, {"type": "Feature", "properties": {"value": 6.5002, "sigma": 8.598}, "geometry": {"type": "Polygon", "coordinates": [[[-76.515, 3.53], [-76.51, 3.53], [-76.51, 3.535], [-76.515, 3.535], [-76.515, 3.53]]]}}, {"type": "Feature", "properties": {"value": 6.503, "sigma": 8.599}, "geometry": {"type": "Polygon", "coordinates": [[[-76.51, 3.53], [-76.505, 3.53], [-76.505, 3.535], [-76.51, 3.535], [-76.51, 3.53]]]}}, {"type": "Feature", "properties": {"value": 6.506, "sigma": 8.6001}, "geometry": {"type": "Polygon", "coordinates": [[[-76.505, 3.53], [-76.5, 3.53], [-76.5, 3.535], [-76.505, 3.535], [-76.505, 3.53]]]}}, {"type": "Feature", "properties": {"value": 6.5071, "sigma": 8.6005}, "geometry": {"type": "Polygon", "coordinates": [[[-76.5, 3.53], [-76.495, 3.53], [-76.495, 3.535], [-76.5, 3.535], [-76.5, 3.53]]]}}, {"type": "Feature", "properties": {"value": 6.5071, "sigma": 8.6005}, "geometry": {"type": "Polygon", "coordinates": [[[-76.495, 3.53], [-76.49, 3.53], [-76.49, 3.535], [-76.495, 3.535], [-76.495, 3.53]]]}}, {"type": "Feature", "properties": {"value": 6.5071, "sigma": 8.6005}, "geometry": {"type": "Polygon", "coordinates": [[[-76.49, 3.53], [-76.485, 3.53], [-76.485, 3.535], [-76.49, 3.535], [-76.49, 3.53]]]}}, {"type": "Feature", "properties": {"value": 6.5071, "sigma": 8.6005}, "geometry": {"type": "Polygon", "coordinates": [[[-76.485, 3.53], [-76.48, 3.53], [-76.48, 3.535], [-76.485, 3.535], [-76.485, 3.53]]]}}, {"type": "Feature", "properties": {"value": 6.5071, "sigma": 8.6005}, "geometry": {"type": "Polygon", "coordinates": [[[-76.48, 3.53], [-76.475, 3.53], [-76.475, 3.535], [-76.48, 3.535], [-76.48, 3.53]]]}}, {"type": "Feature", "properties": {"value": 6.5071, "sigma": 8.6005}, "geometry": {"type": "Polygon", "coordinates": [[[-76.475, 3.53], [-76.47, 3.53], [-76.47, 3.535], [-76.475, 3.535], [-76.475, 3.53]]]}}, {"type": "Feature", "properties": {"value": 6.5071, "sigma": 8.6005}, "geometry": {"type": "Polygon", "coordinates": [[[-76.47, 3.53], [-76.465, 3.53], [-76.465, 3.535], [-76.47, 3.535], [-76.47, 3.53]]]}}, {"type": "Feature", "properties": {"value": 6.5071, "sigma": 8.6005}, "geometry": {"type": "Polygon", "coordinates": [[[-76.465, 3.53], [-76.46, 3.53], [-76.46, 3.535], [-76.465, 3.535], [-76.465, 3.53]]]}}, {"type": "Feature", "properties": {"value": 6.5071, "sigma": 8.6005}, "geometry": {"type": "Polygon", "coordinates": [[[-76.46, 3.53], [-76.455, 3.53], [-76.455, 3.535], [-76.46, 3.535], [-76.46, 3.53]]]}}, {"type": "Feature", "properties": {"value": 6.5071, "sigma": 8.6005}, "geometry": {"type": "Polygon", "coordinates": [[[-76.455, 3.53], [-76.45, 3.53], [-76.45, 3.535], [-76.455, 3.535], [-76.455, 3.53]]]}}, {"type": "Feature", "properties": {"value": 6.5071, "sigma": 8.6005}, "geometry": {"type": "Polygon", "coordinates": [[[-76.45, 3.53], [-76.445, 3.53], [-76.445, 3.535], [-76.45, 3.535], [-76.45, 3.53]]]}}, {"type": "Feature", "properties": {"value": 6.5071, "sigma": 8.6005}, "geometry": {"type": "Polygon", "coordinates": [[[-76.445, 3.53], [-76.44, 3.53], [-76.44, 3.535], [-76.445, 3.535], [-76.445, 3.53]]]}}, {"type": "Feature", "properties": {"value": 6.5071, "sigma": 8.6005}, "geometry": {"type": "Polygon", "coordinates": [[[-76.44, 3.53], [-76.435, 3.53], [-76.435, 3.535], [-76.44, 3.535], [-76.44, 3.53]]]}}, {"type": "Feature", "properties": {"value": 6.5071, "sigma": 8.6005}, "geometry": {"type": "Polygon", "coordinates": [[[-76.435, 3.53], [-76.43, 3.53], [-76.43, 3.535], [-76.435, 3.535], [-76.435, 3.53]]]}}, {"type": "Feature", "properties": {"value": 6.5071, "sigma": 8.6005}, "geometry": {"type": "Polygon", "coordinates": [[[-76.43, 3.53], [-76.425, 3.53], [-76.425, 3.535], [-76.43, 3.535], [-76.43, 3.53]]]}}, {"type": "Feature", "properties": {"value": 6.5071, "sigma": 8.6005}, "geometry": {"type": "Polygon", "coordinates": [[[-76.425, 3.53], [-76.42, 3.53], [-76.42, 3.535], [-76.425, 3.535], [-76.425, 3.53]]]}}, {"type": "Feature", "properties": {"value": 6.5071, "sigma": 8.6005}, "geometry": {"type": "Polygon", "coordinates": [[[-76.42, 3.53], [-76.415, 3.53], [-76.415, 3.535], [-76.42, 3.535], [-76.42, 3.53]]]}}, {"type": "Feature", "properties": {"value": 6.5071, "sigma": 8.6005}, "geometry": {"type": "Polygon", "coordinates": [[[-76.415, 3.53], [-76.41, 3.53], [-76.41, 3.535], [-76.415, 3.535], [-76.415, 3.53]]]}}, {"type": "Feature", "properties": {"value": 6.5071, "sigma": 8.6005}, "geometry": {"type": "Polygon", "coordinates": [[[-76.41, 3.53], [-76.405, 3.53], [-76.405, 3.535], [-76.41, 3.535], [-76.41, 3.53]]]}}, {"type": "Feature", "properties": {"value": 6.5071, "sigma": 8.6005}, "geometry": {"type": "Polygon", "coordinates": [[[-76.405, 3.53], [-76.4, 3.53], [-76.4, 3.535], [-76.405, 3.535], [-76.405, 3.53]]]}}, {"type": "Feature", "properties": {"value": 6.5071, "sigma": 8.6005}, "geometry": {"type": "Polygon", "coordinates": [[[-76.6, 3.535], [-76.595, 3.535], [-76.595, 3.54], [-76.6, 3.54], [-76.6, 3.535]]]}}, {"type": "Feature", "properties": {"value": 6.5071, "sigma": 8.6005}, "geometry": {"type": "Polygon", "coordinates": [[[-76.595, 3.535], [-76.59, 3.535], [-76.59, 3.54], [-76.595, 3.54], [-76.595, 3.535]]]}}, {"type": "Feature", "properties": {"value": 6.5071, "sigma": 8.6005}, "geometry": {"type": "Polygon", "coordinates": [[[-76.59, 3.535], [-76.585, 3.535], [-76.585, 3.54], [-76.59, 3.54], [-76.59, 3.535]]]}}, {"type": "Feature", "properties": {"value": 6.5071, "sigma": 8.6005}, "geometry": {"type": "Polygon", "coordinates": [[[-76.585, 3.535], [-76.58, 3.535], [-76.58, 3.54], [-76.585, 3.54], [-76.585, 3.535]]]}}, {"type": "Feature", "properties": {"value": 6.5071, "sigma": 8.6005}, "geometry": {"type": "Polygon", "coordinates": [[[-76.58, 3.535], [-76.575, 3.535], [-76.575, 3.54], [-76.58, 3.54], [-76.58, 3.535]]]}}, {"type": "Feature", "properties": {"value": 6.5071, "sigma": 8.6005}, "geometry": {"type": "Polygon", "coordinates": [[[-76.575, 3.535], [-76.57, 3.535], [-76.57, 3.54], [-76.575, 3.54], [-76.575, 3.535]]]}}, {"type": "Feature", "properties": {"value": 6.5071, "sigma": 8.6005}, "geometry": {"type": "Polygon", "coordinates": [[[-76.57, 3.535], [-76.565, 3.535], [-76.565, 3.54], [-76.57, 3.54], [-76.57, 3.535]]]}}, {"type": "Feature", "properties": {"value": 6.5071, "sigma": 8.6005}, "geometry": {"type": "Polygon", "coordinates": [[[-76.565, 3.535], [-76.56, 3.535], [-76.56, 3.54], [-76.565, 3.54], [-76.565, 3.535]]]}}, {"type": "Feature", "properties": {"value": 6.5071, "sigma": 8.6005}, "geometry": {"type": "Polygon", "coordinates": [[[-76.56, 3.535], [-76.555, 3.535], [-76.555, 3.54], [-76.56, 3.54], [-76.56, 3.535]]]}}, {"type": "Feature", "properties": {"value": 6.5071, "sigma": 8.6005}, "geometry": {"type": "Polygon", "coordinates": [[[-76.555, 3.535], [-76.55, 3.535], [-76.55, 3.54], [-76.555, 3.54], [-76.555, 3.535]]]}}, {"type": "Feature", "properties": {"value": 6.5071, "sigma": 8.6005}, "geometry": {"type": "Polygon", "coordinates": [[[-76.55, 3.535], [-76.545, 3.535], [-76.545, 3.54], [-76.55, 3.54], [-76.55, 3.535]]]}}, {"type": "Feature", "properties": {"value": 6.5071, "sigma": 8.6005}, "geometry": {"type": "Polygon", "coordinates": [[[-76.545, 3.535], [-76.54, 3.535], [-76.54, 3.54], [-76.545, 3.54], [-76.545, 3.535]]]}}, {"type": "Feature", "properties": {"value": 6.5071, "sigma": 8.6005}, "geometry": {"type": "Polygon", "coordinates": [[[-76.54, 3.535], [-76.535, 3.535], [-76.535, 3.54], [-76.54, 3.54], [-76.54, 3.535]]]}}, {"type": "Feature", "properties": {"value": 6.5071, "sigma": 8.6005}, "geometry": {"type": "Polygon", "coordinates": [[[-76.535, 3.535], [-76.53, 3.535], [-76.53, 3.54], [-76.535, 3.54], [-76.535, 3.535]]]}}, {"type": "Feature", "properties": {"value": 6.5071, "sigma": 8.6005}, "geometry": {"type": "Polygon", "coordinates": [[[-76.53, 3.535], [-76.525, 3.535], [-76.525, 3.54], [-76.53, 3.54], [-76.53, 3.535]]]}}, {"type": "Feature", "properties": {"value": 6.5071, "sigma": 8.6005}, "geometry": {"type": "Polygon", "coordinates": [[[-76.525, 3.535], [-76.52, 3.535], [-76.52, 3.54], [-76.525, 3.54], [-76.525, 3.535]]]}}, {"type": "Feature", "properties": {"value": 6.5071, "sigma": 8.6005}, "geometry": {"type": "Polygon", "coordinates": [[[-76.52, 3.535], [-76.515, 3.535], [-76.515, 3.54], [-76.52, 3.54], [-76.52, 3.535]]]}}, {"type": "Feature", "properties": {"value": 6.5071, "sigma": 8.6005}, "geometry": {"type": "Polygon", "coordinates": [[[-76.515, 3.535], [-76.51, 3.535], [-76.51, 3.54], [-76.515, 3.54], [-76.515, 3.535]]]}}, {"type": "Feature", "properties": {"value": 6.5071, "sigma": 8.6005}, "geometry": {"type": "Polygon", "coordinates": [[[-76.51, 3.535], [-76.505, 3.535], [-76.505, 3.54], [-76.51, 3.54], [-76.51, 3.535]]]}}, {"type": "Feature", "properties": {"value": 6.5071, "sigma": 8.6005}, "geometry": {"type": "Polygon", "coordinates": [[[-76.505, 3.535], [-76.5, 3.535], [-76.5, 3.54], [-76.505, 3.54], [-76.505, 3.535]]]}}, {"type": "Feature", "properties": {"value": 6.5071, "sigma": 8.6005}, "geometry": {"type": "Polygon", "coordinates": [[[-76.5, 3.535], [-76.495, 3.535], [-76.495, 3.54], [-76.5, 3.54], [-76.5, 3.535]]]}}, {"type": "Feature", "properties": {"value": 6.5071, "sigma": 8.6005}, "geometry": {"type": "Polygon", "coordinates": [[[-76.495, 3.535], [-76.49, 3.535], [-76.49, 3.54], [-76.495, 3.54], [-76.495, 3.535]]]}}, {"type": "Feature", "properties": {"value": 6.5071, "sigma": 8.6005}, "geometry": {"type": "Polygon", "coordinates": [[[-76.49, 3.535], [-76.485, 3.535], [-76.485, 3.54], [-76.49, 3.54], [-76.49, 3.535]]]}}, {"type": "Feature", "properties": {"value": 6.5071, "sigma": 8.6005}, "geometry": {"type": "Polygon", "coordinates": [[[-76.485, 3.535], [-76.48, 3.535], [-76.48, 3.54], [-76.485, 3.54], [-76.485, 3.535]]]}}, {"type": "Feature", "properties": {"value": 6.5071, "sigma": 8.6005}, "geometry": {"type": "Polygon", "coordinates": [[[-76.48, 3.535], [-76.475, 3.535], [-76.475, 3.54], [-76.48, 3.54], [-76.48, 3.535]]]}}, {"type": "Feature", "properties": {"value": 6.5071, "sigma": 8.6005}, "geometry": {"type": "Polygon", "coordinates": [[[-76.475, 3.535], [-76.47, 3.535], [-76.47, 3.54], [-76.475, 3.54], [-76.475, 3.535]]]}}, {"type": "Feature", "properties": {"value": 6.5071, "sigma": 8.6005}, "geometry": {"type": "Polygon", "coordinates": [[[-76.47, 3.535], [-76.465, 3.535], [-76.465, 3.54], [-76.47, 3.54], [-76.47, 3.535]]]}}, {"type": "Feature", "properties": {"value": 6.5071, "sigma": 8.6005}, "geometry": {"type": "Polygon", "coordinates": [[[-76.465, 3.535], [-76.46, 3.535], [-76.46, 3.54], [-76.465, 3.54], [-76.465, 3.535]]]}}, {"type": "Feature", "properties": {"value": 6.5071, "sigma": 8.6005}, "geometry": {"type": "Polygon", "coordinates": [[[-76.46, 3.535], [-76.455, 3.535], [-76.455, 3.54], [-76.46, 3.54], [-76.46, 3.535]]]}}, {"type": "Feature", "properties": {"value": 6.5071, "sigma": 8.6005}, "geometry": {"type": "Polygon", "coordinates": [[[-76.455, 3.535], [-76.45, 3.535], [-76.45, 3.54], [-76.455, 3.54], [-76.455, 3.535]]]}}, {"type": "Feature", "properties": {"value": 6.5071, "sigma": 8.6005}, "geometry": {"type": "Polygon", "coordinates": [[[-76.45, 3.535], [-76.445, 3.535], [-76.445, 3.54], [-76.45, 3.54], [-76.45, 3.535]]]}}, {"type": "Feature", "properties": {"value": 6.5071, "sigma": 8.6005}, "geometry": {"type": "Polygon", "coordinates": [[[-76.445, 3.535], [-76.44, 3.535], [-76.44, 3.54], [-76.445, 3.54], [-76.445, 3.535]]]}}, {"type": "Feature", "properties": {"value": 6.5071, "sigma": 8.6005}, "geometry": {"type": "Polygon", "coordinates": [[[-76.44, 3.535], [-76.435, 3.535], [-76.435, 3.54], [-76.44, 3.54], [-76.44, 3.535]]]}}, {"type": "Feature", "properties": {"value": 6.5071, "sigma": 8.6005}, "geometry": {"type": "Polygon", "coordinates": [[[-76.435, 3.535], [-76.43, 3.535], [-76.43, 3.54], [-76.435, 3.54], [-76.435, 3.535]]]}}, {"type": "Feature", "properties": {"value": 6.5071, "sigma": 8.6005}, "geometry": {"type": "Polygon", "coordinates": [[[-76.43, 3.535], [-76.425, 3.535], [-76.425, 3.54], [-76.43, 3.54], [-76.43, 3.535]]]}}, {"type": "Feature", "properties": {"value": 6.5071, "sigma": 8.6005}, "geometry": {"type": "Polygon", "coordinates": [[[-76.425, 3.535], [-76.42, 3.535], [-76.42, 3.54], [-76.425, 3.54], [-76.425, 3.535]]]}}, {"type": "Feature", "properties": {"value": 6.5071, "sigma": 8.6005}, "geometry": {"type": "Polygon", "coordinates": [[[-76.42, 3.535], [-76.415, 3.535], [-76.415, 3.54], [-76.42, 3.54], [-76.42, 3.535]]]}}, {"type": "Feature", "properties": {"value": 6.5071, "sigma": 8.6005}, "geometry": {"type": "Polygon", "coordinates": [[[-76.415, 3.535], [-76.41, 3.535], [-76.41, 3.54], [-76.415, 3.54], [-76.415, 3.535]]]}}, {"type": "Feature", "properties": {"value": 6.5071, "sigma": 8.6005}, "geometry": {"type": "Polygon", "coordinates": [[[-76.41, 3.535], [-76.405, 3.535], [-76.405, 3.54], [-76.41, 3.54], [-76.41, 3.535]]]}}, {"type": "Feature", "properties": {"value": 6.5071, "sigma": 8.6005}, "geometry": {"type": "Polygon", "coordinates": [[[-76.405, 3.535], [-76.4, 3.535], [-76.4, 3.54], [-76.405, 3.54], [-76.405, 3.535]]]}}, {"type": "Feature", "properties": {"value": 6.5071, "sigma": 8.6005}, "geometry": {"type": "Polygon", "coordinates": [[[-76.6, 3.54], [-76.595, 3.54], [-76.595, 3.545], [-76.6, 3.545], [-76.6, 3.54]]]}}, {"type": "Feature", "properties": {"value": 6.5071, "sigma": 8.6005}, "geometry": {"type": "Polygon", "coordinates": [[[-76.595, 3.54], [-76.59, 3.54], [-76.59, 3.545], [-76.595, 3.545], [-76.595, 3.54]]]}}, {"type": "Feature", "properties": {"value": 6.5071, "sigma": 8.6005}, "geometry": {"type": "Polygon", "coordinates": [[[-76.59, 3.54], [-76.585, 3.54], [-76.585, 3.545], [-76.59, 3.545], [-76.59, 3.54]]]}}, {"type": "Feature", "properties": {"value": 6.5071, "sigma": 8.6005}, "geometry": {"type": "Polygon", "coordinates": [[[-76.585, 3.54], [-76.58, 3.54], [-76.58, 3.545], [-76.585, 3.545], [-76.585, 3.54]]]}}, {"type": "Feature", "properties": {"value": 6.5071, "sigma": 8.6005}, "geometry": {"type": "Polygon", "coordinates": [[[-76.58, 3.54], [-76.575, 3.54], [-76.575, 3.545], [-76.58, 3.545], [-76.58, 3.54]]]}}, {"type": "Feature", "properties": {"value": 6.5071, "sigma": 8.6005}, "geometry": {"type": "Polygon", "coordinates": [[[-76.575, 3.54], [-76.57, 3.54], [-76.57, 3.545], [-76.575, 3.545], [-76.575, 3.54]]]}}, {"type": "Feature", "properties": {"value": 6.5071, "sigma": 8.6005}, "geometry": {"type": "Polygon", "coordinates": [[[-76.57, 3.54], [-76.565, 3.54], [-76.565, 3.545], [-76.57, 3.545], [-76.57, 3.54]]]}}, {"type": "Feature", "properties": {"value": 6.5071, "sigma": 8.6005}, "geometry": {"type": "Polygon", "coordinates": [[[-76.565, 3.54], [-76.56, 3.54], [-76.56, 3.545], [-76.565, 3.545], [-76.565, 3.54]]]}}, {"type": "Feature", "properties": {"value": 6.5071, "sigma": 8.6005}, "geometry": {"type": "Polygon", "coordinates": [[[-76.56, 3.54], [-76.555, 3.54], [-76.555, 3.545], [-76.56, 3.545], [-76.56, 3.54]]]}}, {"type": "Feature", "properties": {"value": 6.5071, "sigma": 8.6005}, "geometry": {"type": "Polygon", "coordinates": [[[-76.555, 3.54], [-76.55, 3.54], [-76.55, 3.545], [-76.555, 3.545], [-76.555, 3.54]]]}}, {"type": "Feature", "properties": {"value": 6.5071, "sigma": 8.6005}, "geometry": {"type": "Polygon", "coordinates": [[[-76.55, 3.54], [-76.545, 3.54], [-76.545, 3.545], [-76.55, 3.545], [-76.55, 3.54]]]}}, {"type": "Feature", "properties": {"value": 6.5071, "sigma": 8.6005}, "geometry": {"type": "Polygon", "coordinates": [[[-76.545, 3.54], [-76.54, 3.54], [-76.54, 3.545], [-76.545, 3.545], [-76.545, 3.54]]]}}, {"type": "Feature", "properties": {"value": 6.5071, "sigma": 8.6005}, "geometry": {"type": "Polygon", "coordinates": [[[-76.54, 3.54], [-76.535, 3.54], [-76.535, 3.545], [-76.54, 3.545], [-76.54, 3.54]]]}}, {"type": "Feature", "properties": {"value": 6.5071, "sigma": 8.6005}, "geometry": {"type": "Polygon", "coordinates": [[[-76.535, 3.54], [-76.53, 3.54], [-76.53, 3.545], [-76.535, 3.545], [-76.535, 3.54]]]}}, {"type": "Feature", "properties": {"value": 6.5071, "sigma": 8.6005}, "geometry": {"type": "Polygon", "coordinates": [[[-76.53, 3.54], [-76.525, 3.54], [-76.525, 3.545], [-76.53, 3.545], [-76.53, 3.54]]]}}, {"type": "Feature", "properties": {"value": 6.5071, "sigma": 8.6005}, "geometry": {"type": "Polygon", "coordinates": [[[-76.525, 3.54], [-76.52, 3.54], [-76.52, 3.545], [-76.525, 3.545], [-76.525, 3.54]]]}}, {"type": "Feature", "properties": {"value": 6.5071, "sigma": 8.6005}, "geometry": {"type": "Polygon", "coordinates": [[[-76.52, 3.54], [-76.515, 3.54], [-76.515, 3.545], [-76.52, 3.545], [-76.52, 3.54]]]}}, {"type": "Feature", "properties": {"value": 6.5071, "sigma": 8.6005}, "geometry": {"type": "Polygon", "coordinates": [[[-76.515, 3.54], [-76.51, 3.54], [-76.51, 3.545], [-76.515, 3.545], [-76.515, 3.54]]]}}, {"type": "Feature", "properties": {"value": 6.5071, "sigma": 8.6005}, "geometry": {"type": "Polygon", "coordinates": [[[-76.51, 3.54], [-76.505, 3.54], [-76.505, 3.545], [-76.51, 3.545], [-76.51, 3.54]]]}}, {"type": "Feature", "properties": {"value": 6.5071, "sigma": 8.6005}, "geometry": {"type": "Polygon", "coordinates": [[[-76.505, 3.54], [-76.5, 3.54], [-76.5, 3.545], [-76.505, 3.545], [-76.505, 3.54]]]}}, {"type": "Feature", "properties": {"value": 6.5071, "sigma": 8.6005}, "geometry": {"type": "Polygon", "coordinates": [[[-76.5, 3.54], [-76.495, 3.54], [-76.495, 3.545], [-76.5, 3.545], [-76.5, 3.54]]]}}, {"type": "Feature", "properties": {"value": 6.5071, "sigma": 8.6005}, "geometry": {"type": "Polygon", "coordinates": [[[-76.495, 3.54], [-76.49, 3.54], [-76.49, 3.545], [-76.495, 3.545], [-76.495, 3.54]]]}}, {"type": "Feature", "properties": {"value": 6.5071, "sigma": 8.6005}, "geometry": {"type": "Polygon", "coordinates": [[[-76.49, 3.54], [-76.485, 3.54], [-76.485, 3.545], [-76.49, 3.545], [-76.49, 3.54]]]}}, {"type": "Feature", "properties": {"value": 6.5071, "sigma": 8.6005}, "geometry": {"type": "Polygon", "coordinates": [[[-76.485, 3.54], [-76.48, 3.54], [-76.48, 3.545], [-76.485, 3.545], [-76.485, 3.54]]]}}, {"type": "Feature", "properties": {"value": 6.5071, "sigma": 8.6005}, "geometry": {"type": "Polygon", "coordinates": [[[-76.48, 3.54], [-76.475, 3.54], [-76.475, 3.545], [-76.48, 3.545], [-76.48, 3.54]]]}}, {"type": "Feature", "properties": {"value": 6.5071, "sigma": 8.6005}, "geometry": {"type": "Polygon", "coordinates": [[[-76.475, 3.54], [-76.47, 3.54], [-76.47, 3.545], [-76.475, 3.545], [-76.475, 3.54]]]}}, {"type": "Feature", "properties": {"value": 6.5071, "sigma": 8.6005}, "geometry": {"type": "Polygon", "coordinates": [[[-76.47, 3.54], [-76.465, 3.54], [-76.465, 3.545], [-76.47, 3.545], [-76.47, 3.54]]]}}, {"type": "Feature", "properties": {"value": 6.5071, "sigma": 8.6005}, "geometry": {"type": "Polygon", "coordinates": [[[-76.465, 3.54], [-76.46, 3.54], [-76.46, 3.545], [-76.465, 3.545], [-76.465, 3.54]]]}}, {"type": "Feature", "properties": {"value": 6.5071, "sigma": 8.6005}, "geometry": {"type": "Polygon", "coordinates": [[[-76.46, 3.54], [-76.455, 3.54], [-76.455, 3.545], [-76.46, 3.545], [-76.46, 3.54]]]}}, {"type": "Feature", "properties": {"value": 6.5071, "sigma": 8.6005}, "geometry": {"type": "Polygon", "coordinates": [[[-76.455, 3.54], [-76.45, 3.54], [-76.45, 3.545], [-76.455, 3.545], [-76.455, 3.54]]]}}, {"type": "Feature", "properties": {"value": 6.5071, "sigma": 8.6005}, "geometry": {"type": "Polygon", "coordinates": [[[-76.45, 3.54], [-76.445, 3.54], [-76.445, 3.545], [-76.45, 3.545], [-76.45, 3.54]]]}}, {"type": "Feature", "properties": {"value": 6.5071, "sigma": 8.6005}, "geometry": {"type": "Polygon", "coordinates": [[[-76.445, 3.54], [-76.44, 3.54], [-76.44, 3.545], [-76.445, 3.545], [-76.445, 3.54]]]}}, {"type": "Feature", "properties": {"value": 6.5071, "sigma": 8.6005}, "geometry": {"type": "Polygon", "coordinates": [[[-76.44, 3.54], [-76.435, 3.54], [-76.435, 3.545], [-76.44, 3.545], [-76.44, 3.54]]]}}, {"type": "Feature", "properties": {"value": 6.5071, "sigma": 8.6005}, "geometry": {"type": "Polygon", "coordinates": [[[-76.435, 3.54], [-76.43, 3.54], [-76.43, 3.545], [-76.435, 3.545], [-76.435, 3.54]]]}}, {"type": "Feature", "properties": {"value": 6.5071, "sigma": 8.6005}, "geometry": {"type": "Polygon", "coordinates": [[[-76.43, 3.54], [-76.425, 3.54], [-76.425, 3.545], [-76.43, 3.545], [-76.43, 3.54]]]}}, {"type": "Feature", "properties": {"value": 6.5071, "sigma": 8.6005}, "geometry": {"type": "Polygon", "coordinates": [[[-76.425, 3.54], [-76.42, 3.54], [-76.42, 3.545], [-76.425, 3.545], [-76.425, 3.54]]]}}, {"type": "Feature", "properties": {"value": 6.5071, "sigma": 8.6005}, "geometry": {"type": "Polygon", "coordinates": [[[-76.42, 3.54], [-76.415, 3.54], [-76.415, 3.545], [-76.42, 3.545], [-76.42, 3.54]]]}}, {"type": "Feature", "properties": {"value": 6.5071, "sigma": 8.6005}, "geometry": {"type": "Polygon", "coordinates": [[[-76.415, 3.54], [-76.41, 3.54], [-76.41, 3.545], [-76.415, 3.545], [-76.415, 3.54]]]}}, {"type": "Feature", "properties": {"value": 6.5071, "sigma": 8.6005}, "geometry": {"type": "Polygon", "coordinates": [[[-76.41, 3.54], [-76.405, 3.54], [-76.405, 3.545], [-76.41, 3.545], [-76.41, 3.54]]]}}, {"type": "Feature", "properties": {"value": 6.5071, "sigma": 8.6005}, "geometry": {"type": "Polygon", "coordinates": [[[-76.405, 3.54], [-76.4, 3.54], [-76.4, 3.545], [-76.405, 3.545], [-76.405, 3.54]]]}}, {"type": "Feature", "properties": {"value": 6.5071, "sigma": 8.6005}, "geometry": {"type": "Polygon", "coordinates": [[[-76.6, 3.545], [-76.595, 3.545], [-76.595, 3.55], [-76.6, 3.55], [-76.6, 3.545]]]}}, {"type": "Feature", "properties": {"value": 6.5071, "sigma": 8.6005}, "geometry": {"type": "Polygon", "coordinates": [[[-76.595, 3.545], [-76.59, 3.545], [-76.59, 3.55], [-76.595, 3.55], [-76.595, 3.545]]]}}, {"type": "Feature", "properties": {"value": 6.5071, "sigma": 8.6005}, "geometry": {"type": "Polygon", "coordinates": [[[-76.59, 3.545], [-76.585, 3.545], [-76.585, 3.55], [-76.59, 3.55], [-76.59, 3.545]]]}}, {"type": "Feature", "properties": {"value": 6.5071, "sigma": 8.6005}, "geometry": {"type": "Polygon", "coordinates": [[[-76.585, 3.545], [-76.58, 3.545], [-76.58, 3.55], [-76.585, 3.55], [-76.585, 3.545]]]}}, {"type": "Feature", "properties": {"value": 6.5071, "sigma": 8.6005}, "geometry": {"type": "Polygon", "coordinates": [[[-76.58, 3.545], [-76.575, 3.545], [-76.575, 3.55], [-76.58, 3.55], [-76.58, 3.545]]]}}, {"type": "Feature", "properties": {"value": 6.5071, "sigma": 8.6005}, "geometry": {"type": "Polygon", "coordinates": [[[-76.575, 3.545], [-76.57, 3.545], [-76.57, 3.55], [-76.575, 3.55], [-76.575, 3.545]]]}}, {"type": "Feature", "properties": {"value": 6.5071, "sigma": 8.6005}, "geometry": {"type": "Polygon", "coordinates": [[[-76.57, 3.545], [-76.565, 3.545], [-76.565, 3.55], [-76.57, 3.55], [-76.57, 3.545]]]}}, {"type": "Feature", "properties": {"value": 6.5071, "sigma": 8.6005}, "geometry": {"type": "Polygon", "coordinates": [[[-76.565, 3.545], [-76.56, 3.545], [-76.56, 3.55], [-76.565, 3.55], [-76.565, 3.545]]]}}, {"type": "Feature", "properties": {"value": 6.5071, "sigma": 8.6005}, "geometry": {"type": "Polygon", "coordinates": [[[-76.56, 3.545], [-76.555, 3.545], [-76.555, 3.55], [-76.56, 3.55], [-76.56, 3.545]]]}}, {"type": "Feature", "properties": {"value": 6.5071, "sigma": 8.6005}, "geometry": {"type": "Polygon", "coordinates": [[[-76.555, 3.545], [-76.55, 3.545], [-76.55, 3.55], [-76.555, 3.55], [-76.555, 3.545]]]}}, {"type": "Feature", "properties": {"value": 6.5071, "sigma": 8.6005}, "geometry": {"type": "Polygon", "coordinates": [[[-76.55, 3.545], [-76.545, 3.545], [-76.545, 3.55], [-76.55, 3.55], [-76.55, 3.545]]]}}, {"type": "Feature", "properties": {"value": 6.5071, "sigma": 8.6005}, "geometry": {"type": "Polygon", "coordinates": [[[-76.545, 3.545], [-76.54, 3.545], [-76.54, 3.55], [-76.545, 3.55], [-76.545, 3.545]]]}}, {"type": "Feature", "properties": {"value": 6.5071, "sigma": 8.6005}, "geometry": {"type": "Polygon", "coordinates": [[[-76.54, 3.545], [-76.535, 3.545], [-76.535, 3.55], [-76.54, 3.55], [-76.54, 3.545]]]}}, {"type": "Feature", "properties": {"value": 6.5071, "sigma": 8.6005}, "geometry": {"type": "Polygon", "coordinates": [[[-76.535, 3.545], [-76.53, 3.545], [-76.53, 3.55], [-76.535, 3.55], [-76.535, 3.545]]]}}, {"type": "Feature", "properties": {"value": 6.5071, "sigma": 8.6005}, "geometry": {"type": "Polygon", "coordinates": [[[-76.53, 3.545], [-76.525, 3.545], [-76.525, 3.55], [-76.53, 3.55], [-76.53, 3.545]]]}}, {"type": "Feature", "properties": {"value": 6.5071, "sigma": 8.6005}, "geometry": {"type": "Polygon", "coordinates": [[[-76.525, 3.545], [-76.52, 3.545], [-76.52, 3.55], [-76.525, 3.55], [-76.525, 3.545]]]}}, {"type": "Feature", "properties": {"value": 6.5071, "sigma": 8.6005}, "geometry": {"type": "Polygon", "coordinates": [[[-76.52, 3.545], [-76.515, 3.545], [-76.515, 3.55], [-76.52, 3.55], [-76.52, 3.545]]]}}, {"type": "Feature", "properties": {"value": 6.5071, "sigma": 8.6005}, "geometry": {"type": "Polygon", "coordinates": [[[-76.515, 3.545], [-76.51, 3.545], [-76.51, 3.55], [-76.515, 3.55], [-76.515, 3.545]]]}}, {"type": "Feature", "properties": {"value": 6.5071, "sigma": 8.6005}, "geometry": {"type": "Polygon", "coordinates": [[[-76.51, 3.545], [-76.505, 3.545], [-76.505, 3.55], [-76.51, 3.55], [-76.51, 3.545]]]}}, {"type": "Feature", "properties": {"value": 6.5071, "sigma": 8.6005}, "geometry": {"type": "Polygon", "coordinates": [[[-76.505, 3.545], [-76.5, 3.545], [-76.5, 3.55], [-76.505, 3.55], [-76.505, 3.545]]]}}, {"type": "Feature", "properties": {"value": 6.5071, "sigma": 8.6005}, "geometry": {"type": "Polygon", "coordinates": [[[-76.5, 3.545], [-76.495, 3.545], [-76.495, 3.55], [-76.5, 3.55], [-76.5, 3.545]]]}}, {"type": "Feature", "properties": {"value": 6.5071, "sigma": 8.6005}, "geometry": {"type": "Polygon", "coordinates": [[[-76.495, 3.545], [-76.49, 3.545], [-76.49, 3.55], [-76.495, 3.55], [-76.495, 3.545]]]}}, {"type": "Feature", "properties": {"value": 6.5071, "sigma": 8.6005}, "geometry": {"type": "Polygon", "coordinates": [[[-76.49, 3.545], [-76.485, 3.545], [-76.485, 3.55], [-76.49, 3.55], [-76.49, 3.545]]]}}, {"type": "Feature", "properties": {"value": 6.5071, "sigma": 8.6005}, "geometry": {"type": "Polygon", "coordinates": [[[-76.485, 3.545], [-76.48, 3.545], [-76.48, 3.55], [-76.485, 3.55], [-76.485, 3.545]]]}}, {"type": "Feature", "properties": {"value": 6.5071, "sigma": 8.6005}, "geometry": {"type": "Polygon", "coordinates": [[[-76.48, 3.545], [-76.475, 3.545], [-76.475, 3.55], [-76.48, 3.55], [-76.48, 3.545]]]}}, {"type": "Feature", "properties": {"value": 6.5071, "sigma": 8.6005}, "geometry": {"type": "Polygon", "coordinates": [[[-76.475, 3.545], [-76.47, 3.545], [-76.47, 3.55], [-76.475, 3.55], [-76.475, 3.545]]]}}, {"type": "Feature", "properties": {"value": 6.5071, "sigma": 8.6005}, "geometry": {"type": "Polygon", "coordinates": [[[-76.47, 3.545], [-76.465, 3.545], [-76.465, 3.55], [-76.47, 3.55], [-76.47, 3.545]]]}}, {"type": "Feature", "properties": {"value": 6.5071, "sigma": 8.6005}, "geometry": {"type": "Polygon", "coordinates": [[[-76.465, 3.545], [-76.46, 3.545], [-76.46, 3.55], [-76.465, 3.55], [-76.465, 3.545]]]}}, {"type": "Feature", "properties": {"value": 6.5071, "sigma": 8.6005}, "geometry": {"type": "Polygon", "coordinates": [[[-76.46, 3.545], [-76.455, 3.545], [-76.455, 3.55], [-76.46, 3.55], [-76.46, 3.545]]]}}, {"type": "Feature", "properties": {"value": 6.5071, "sigma": 8.6005}, "geometry": {"type": "Polygon", "coordinates": [[[-76.455, 3.545], [-76.45, 3.545], [-76.45, 3.55], [-76.455, 3.55], [-76.455, 3.545]]]}}, {"type": "Feature", "properties": {"value": 6.5071, "sigma": 8.6005}, "geometry": {"type": "Polygon", "coordinates": [[[-76.45, 3.545], [-76.445, 3.545], [-76.445, 3.55], [-76.45, 3.55], [-76.45, 3.545]]]}}, {"type": "Feature", "properties": {"value": 6.5071, "sigma": 8.6005}, "geometry": {"type": "Polygon", "coordinates": [[[-76.445, 3.545], [-76.44, 3.545], [-76.44, 3.55], [-76.445, 3.55], [-76.445, 3.545]]]}}, {"type": "Feature", "properties": {"value": 6.5071, "sigma": 8.6005}, "geometry": {"type": "Polygon", "coordinates": [[[-76.44, 3.545], [-76.435, 3.545], [-76.435, 3.55], [-76.44, 3.55], [-76.44, 3.545]]]}}, {"type": "Feature", "properties": {"value": 6.5071, "sigma": 8.6005}, "geometry": {"type": "Polygon", "coordinates": [[[-76.435, 3.545], [-76.43, 3.545], [-76.43, 3.55], [-76.435, 3.55], [-76.435, 3.545]]]}}, {"type": "Feature", "properties": {"value": 6.5071, "sigma": 8.6005}, "geometry": {"type": "Polygon", "coordinates": [[[-76.43, 3.545], [-76.425, 3.545], [-76.425, 3.55], [-76.43, 3.55], [-76.43, 3.545]]]}}, {"type": "Feature", "properties": {"value": 6.5071, "sigma": 8.6005}, "geometry": {"type": "Polygon", "coordinates": [[[-76.425, 3.545], [-76.42, 3.545], [-76.42, 3.55], [-76.425, 3.55], [-76.425, 3.545]]]}}, {"type": "Feature", "properties": {"value": 6.5071, "sigma": 8.6005}, "geometry": {"type": "Polygon", "coordinates": [[[-76.42, 3.545], [-76.415, 3.545], [-76.415, 3.55], [-76.42, 3.55], [-76.42, 3.545]]]}}, {"type": "Feature", "properties": {"value": 6.5071, "sigma": 8.6005}, "geometry": {"type": "Polygon", "coordinates": [[[-76.415, 3.545], [-76.41, 3.545], [-76.41, 3.55], [-76.415, 3.55], [-76.415, 3.545]]]}}, {"type": "Feature", "properties": {"value": 6.5071, "sigma": 8.6005}, "geometry": {"type": "Polygon", "coordinates": [[[-76.41, 3.545], [-76.405, 3.545], [-76.405, 3.55], [-76.41, 3.55], [-76.41, 3.545]]]}}, {"type": "Feature", "properties": {"value": 6.5071, "sigma": 8.6005}, "geometry": {"type": "Polygon", "coordinates": [[[-76.405, 3.545], [-76.4, 3.545], [-76.4, 3.55], [-76.405, 3.55], [-76.405, 3.545]]]}}]}