{"type": "FeatureCollection", "properties": {"valueMin": 4.9751, "valueMax": 13.3065, "sigmaMin": 7.6787, "sigmaMax": 7.6787}, "features": [{"type": "Feature", "properties": {"value": 7.6873, "sigma": 7.6787}, "geometry": {"type": "Polygon", "coordinates": [[[-76.6, 3.3], [-76.595, 3.3], [-76.595, 3.305], [-76.6, 3.305], [-76.6, 3.3]]]}}, {"type": "Feature", "properties": {"value": 7.656, "sigma": 7.6787}, "geometry": {"type": "Polygon", "coordinates": [[[-76.595, 3.3], [-76.59, 3.3], [-76.59, 3.305], [-76.595, 3.305], [-76.595, 3.3]]]}}, {"type": "Feature", "properties": {"value": 7.6236, "sigma": 7.6787}, "geometry": {"type": "Polygon", "coordinates": [[[-76.59, 3.3], [-76.585, 3.3], [-76.585, 3.305], [-76.59, 3.305], [-76.59, 3.3]]]}}, {"type": "Feature", "properties": {"value": 7.5904, "sigma": 7.6787}, "geometry": {"type": "Polygon", "coordinates": [[[-76.585, 3.3], [-76.58, 3.3], [-76.58, 3.305], [-76.585, 3.305], [-76.585, 3.3]]]}}, {"type": "Feature", "properties": {"value": 7.5566, "sigma": 7.6787}, "geometry": {"type": "Polygon", "coordinates": [[[-76.58, 3.3], [-76.575, 3.3], [-76.575, 3.305], [-76.58, 3.305], [-76.58, 3.3]]]}}, {"type": "Feature", "properties": {"value": 7.5228, "sigma": 7.6787}, "geometry": {"type": "Polygon", "coordinates": [[[-76.575, 3.3], [-76.57, 3.3], [-76.57, 3.305], [-76.575, 3.305], [-76.575, 3.3]]]}}, {"type": "Feature", "properties": {"value": 7.49, "sigma": 7.6787}, "geometry": {"type": "Polygon", "coordinates": [[[-76.57, 3.3], [-76.565, 3.3], [-76.565, 3.305], [-76.57, 3.305], [-76.57, 3.3]]]}}, {"type": "Feature", "properties": {"value": 7.4602, "sigma": 7.6787}, "geometry": {"type": "Polygon", "coordinates": [[[-76.565, 3.3], [-76.56, 3.3], [-76.56, 3.305], [-76.565, 3.305], [-76.565, 3.3]]]}}, {"type": "Feature", "properties": {"value": 7.4367, "sigma": 7.6787}, "geometry": {"type": "Polygon", "coordinates": [[[-76.56, 3.3], [-76.555, 3.3], [-76.555, 3.305], [-76.56, 3.305], [-76.56, 3.3]]]}}, {"type": "Feature", "properties": {"value": 7.4242, "sigma": 7.6787}, "geometry": {"type": "Polygon", "coordinates": [[[-76.555, 3.3], [-76.55, 3.3], [-76.55, 3.305], [-76.555, 3.305], [-76.555, 3.3]]]}}, {"type": "Feature", "properties": {"value": 7.4294, "sigma": 7.6787}, "geometry": {"type": "Polygon", "coordinates": [[[-76.55, 3.3], [-76.545, 3.3], [-76.545, 3.305], [-76.55, 3.305], [-76.55, 3.3]]]}}, {"type": "Feature", "properties": {"value": 7.4621, "sigma": 7.6787}, "geometry": {"type": "Polygon", "coordinates": [[[-76.545, 3.3], [-76.54, 3.3], [-76.54, 3.305], [-76.545, 3.305], [-76.545, 3.3]]]}}, {"type": "Feature", "properties": {"value": 7.5378, "sigma": 7.6787}, "geometry": {"type": "Polygon", "coordinates": [[[-76.54, 3.3], [-76.535, 3.3], [-76.535, 3.305], [-76.54, 3.305], [-76.54, 3.3]]]}}, {"type": "Feature", "properties": {"value": 7.6849, "sigma": 7.6787}, "geometry": {"type": "Polygon", "coordinates": [[[-76.535, 3.3], [-76.53, 3.3], [-76.53, 3.305], [-76.535, 3.305], [-76.535, 3.3]]]}}, {"type": "Feature", "properties": {"value": 7.9673, "sigma": 7.6787}, "geometry": {"type": "Polygon", "coordinates": [[[-76.53, 3.3], [-76.525, 3.3], [-76.525, 3.305], [-76.53, 3.305], [-76.53, 3.3]]]}}, {"type": "Feature", "properties": {"value": 8.5522, "sigma": 7.6787}, "geometry": {"type": "Polygon", "coordinates": [[[-76.525, 3.3], [-76.52, 3.3], [-76.52, 3.305], [-76.525, 3.305], [-76.525, 3.3]]]}}, {"type": "Feature", "properties": {"value": 9.6435, "sigma": 7.6787}, "geometry": {"type": "Polygon", "coordinates": [[[-76.52, 3.3], [-76.515, 3.3], [-76.515, 3.305], [-76.52, 3.305], [-76.52, 3.3]]]}}, {"type": "Feature", "properties": {"value": 6.5902, "sigma": 7.6787}, "geometry": {"type": "Polygon", "coordinates": [[[-76.515, 3.3], [-76.51, 3.3], [-76.51, 3.305], [-76.515, 3.305], [-76.515, 3.3]]]}}, {"type": "Feature", "properties": {"value": 5.6035, "sigma": 7.6787}, "geometry": {"type": "Polygon", "coordinates": [[[-76.51, 3.3], [-76.505, 3.3], [-76.505, 3.305], [-76.51, 3.305], [-76.51, 3.3]]]}}, {"type": "Feature", "properties": {"value": 6.3591, "sigma": 7.6787}, "geometry": {"type": "Polygon", "coordinates": [[[-76.505, 3.3], [-76.5, 3.3], [-76.5, 3.305], [-76.505, 3.305], [-76.505, 3.3]]]}}, {"type": "Feature", "properties": {"value": 6.6484, "sigma": 7.6787}, "geometry": {"type": "Polygon", "coordinates": [[[-76.5, 3.3], [-76.495, 3.3], [-76.495, 3.305], [-76.5, 3.305], [-76.5, 3.3]]]}}, {"type": "Feature", "properties": {"value": 6.6074, "sigma": 7.6787}, "geometry": {"type": "Polygon", "coordinates": [[[-76.495, 3.3], [-76.49, 3.3], [-76.49, 3.305], [-76.495, 3.305], [-76.495, 3.3]]]}}, {"type": "Feature", "properties": {"value": 6.3753, "sigma": 7.6787}, "geometry": {"type": "Polygon", "coordinates": [[[-76.49, 3.3], [-76.485, 3.3], [-76.485, 3.305], [-76.49, 3.305], [-76.49, 3.3]]]}}, {"type": "Feature", "properties": {"value": 6.0648, "sigma": 7.6787}, "geometry": {"type": "Polygon", "coordinates": [[[-76.485, 3.3], [-76.48, 3.3], [-76.48, 3.305], [-76.485, 3.305], [-76.485, 3.3]]]}}, {"type": "Feature", "properties": {"value": 5.8219, "sigma": 7.6787}, "geometry": {"type": "Polygon", "coordinates": [[[-76.48, 3.3], [-76.475, 3.3], [-76.475, 3.305], [-76.48, 3.305], [-76.48, 3.3]]]}}, {"type": "Feature", "properties": {"value": 5.7925, "sigma": 7.6787}, "geometry": {"type": "Polygon", "coordinates": [[[-76.475, 3.3], [-76.47, 3.3], [-76.47, 3.305], [-76.475, 3.305], [-76.475, 3.3]]]}}, {"type": "Feature", "properties": {"value": 5.9377, "sigma": 7.6787}, "geometry": {"type": "Polygon", "coordinates": [[[-76.47, 3.3], [-76.465, 3.3], [-76.465, 3.305], [-76.47, 3.305], [-76.47, 3.3]]]}}, {"type": "Feature", "properties": {"value": 6.2412, "sigma": 7.6787}, "geometry": {"type": "Polygon", "coordinates": [[[-76.465, 3.3], [-76.46, 3.3], [-76.46, 3.305], [-76.465, 3.305], [-76.465, 3.3]]]}}, {"type": "Feature", "properties": {"value": 6.547, "sigma": 7.6787}, "geometry": {"type": "Polygon", "coordinates": [[[-76.46, 3.3], [-76.455, 3.3], [-76.455, 3.305], [-76.46, 3.305], [-76.46, 3.3]]]}}, {"type": "Feature", "properties": {"value": 6.7503, "sigma": 7.6787}, "geometry": {"type": "Polygon", "coordinates": [[[-76.455, 3.3], [-76.45, 3.3], [-76.45, 3.305], [-76.455, 3.305], [-76.455, 3.3]]]}}, {"type": "Feature", "properties": {"value": 6.7826, "sigma": 7.6787}, "geometry": {"type": "Polygon", "coordinates": [[[-76.45, 3.3], [-76.445, 3.3], [-76.445, 3.305], [-76.45, 3.305], [-76.45, 3.3]]]}}, {"type": "Feature", "properties": {"value": 6.6273, "sigma": 7.6787}, "geometry": {"type": "Polygon", "coordinates": [[[-76.445, 3.3], [-76.44, 3.3], [-76.44, 3.305], [-76.445, 3.305], [-76.445, 3.3]]]}}, {"type": "Feature", "properties": {"value": 6.3963, "sigma": 7.6787}, "geometry": {"type": "Polygon", "coordinates": [[[-76.44, 3.3], [-76.435, 3.3], [-76.435, 3.305], [-76.44, 3.305], [-76.44, 3.3]]]}}, {"type": "Feature", "properties": {"value": 6.2978, "sigma": 7.6787}, "geometry": {"type": "Polygon", "coordinates": [[[-76.435, 3.3], [-76.43, 3.3], [-76.43, 3.305], [-76.435, 3.305], [-76.435, 3.3]]]}}, {"type": "Feature", "properties": {"value": 6.3824, "sigma": 7.6787}, "geometry": {"type": "Polygon", "coordinates": [[[-76.43, 3.3], [-76.425, 3.3], [-76.425, 3.305], [-76.43, 3.305], [-76.43, 3.3]]]}}, {"type": "Feature", "properties": {"value": 6.5423, "sigma": 7.6787}, "geometry": {"type": "Polygon", "coordinates": [[[-76.425, 3.3], [-76.42, 3.3], [-76.42, 3.305], [-76.425, 3.305], [-76.425, 3.3]]]}}, {"type": "Feature", "properties": {"value": 6.6963, "sigma": 7.6787}, "geometry": {"type": "Polygon", "coordinates": [[[-76.42, 3.3], [-76.415, 3.3], [-76.415, 3.305], [-76.42, 3.305], [-76.42, 3.3]]]}}, {"type": "Feature", "properties": {"value": 6.822, "sigma": 7.6787}, "geometry": {"type": "Polygon", "coordinates": [[[-76.415, 3.3], [-76.41, 3.3], [-76.41, 3.305], [-76.415, 3.305], [-76.415, 3.3]]]}}, {"type": "Feature", "properties": {"value": 6.9209, "sigma": 7.6787}, "geometry": {"type": "Polygon", "coordinates": [[[-76.41, 3.3], [-76.405, 3.3], [-76.405, 3.305], [-76.41, 3.305], [-76.41, 3.3]]]}}, {"type": "Feature", "properties": {"value": 6.9997, "sigma": 7.6787}, "geometry": {"type": "Polygon", "coordinates": [[[-76.405, 3.3], [-76.4, 3.3], [-76.4, 3.305], [-76.405, 3.305], [-76.405, 3.3]]]}}, {"type": "Feature", "properties": {"value": 7.7067, "sigma": 7.6787}, "geometry": {"type": "Polygon", "coordinates": [[[-76.6, 3.305], [-76.595, 3.305], [-76.595, 3.31], [-76.6, 3.31], [-76.6, 3.305]]]}}, {"type": "Feature", "properties": {"value": 7.6739, "sigma": 7.6787}, "geometry": {"type": "Polygon", "coordinates": [[[-76.595, 3.305], [-76.59, 3.305], [-76.59, 3.31], [-76.595, 3.31], [-76.595, 3.305]]]}}, {"type": "Feature", "properties": {"value": 7.6399, "sigma": 7.6787}, "geometry": {"type": "Polygon", "coordinates": [[[-76.59, 3.305], [-76.585, 3.305], [-76.585, 3.31], [-76.59, 3.31], [-76.59, 3.305]]]}}, {"type": "Feature", "properties": {"value": 7.6049, "sigma": 7.6787}, "geometry": {"type": "Polygon", "coordinates": [[[-76.585, 3.305], [-76.58, 3.305], [-76.58, 3.31], [-76.585, 3.31], [-76.585, 3.305]]]}}, {"type": "Feature", "properties": {"value": 7.5688, "sigma": 7.6787}, "geometry": {"type": "Polygon", "coordinates": [[[-76.58, 3.305], [-76.575, 3.305], [-76.575, 3.31], [-76.58, 3.31], [-76.58, 3.305]]]}}, {"type": "Feature", "properties": {"value": 7.532, "sigma": 7.6787}, "geometry": {"type": "Polygon", "coordinates": [[[-76.575, 3.305], [-76.57, 3.305], [-76.57, 3.31], [-76.575, 3.31], [-76.575, 3.305]]]}}, {"type": "Feature", "properties": {"value": 7.495, "sigma": 7.6787}, "geometry": {"type": "Polygon", "coordinates": [[[-76.57, 3.305], [-76.565, 3.305], [-76.565, 3.31], [-76.57, 3.31], [-76.57, 3.305]]]}}, {"type": "Feature", "properties": {"value": 7.4597, "sigma": 7.6787}, "geometry": {"type": "Polygon", "coordinates": [[[-76.565, 3.305], [-76.56, 3.305], [-76.56, 3.31], [-76.565, 3.31], [-76.565, 3.305]]]}}, {"type": "Feature", "properties": {"value": 7.4296, "sigma": 7.6787}, "geometry": {"type": "Polygon", "coordinates": [[[-76.56, 3.305], [-76.555, 3.305], [-76.555, 3.31], [-76.56, 3.31], [-76.56, 3.305]]]}}, {"type": "Feature", "properties": {"value": 7.41, "sigma": 7.6787}, "geometry": {"type": "Polygon", "coordinates": [[[-76.555, 3.305], [-76.55, 3.305], [-76.55, 3.31], [-76.555, 3.31], [-76.555, 3.305]]]}}, {"type": "Feature", "properties": {"value": 7.4083, "sigma": 7.6787}, "geometry": {"type": "Polygon", "coordinates": [[[-76.55, 3.305], [-76.545, 3.305], [-76.545, 3.31], [-76.55, 3.31], [-76.55, 3.305]]]}}, {"type": "Feature", "properties": {"value": 7.4354, "sigma": 7.6787}, "geometry": {"type": "Polygon", "coordinates": [[[-76.545, 3.305], [-76.54, 3.305], [-76.54, 3.31], [-76.545, 3.31], [-76.545, 3.305]]]}}, {"type": "Feature", "properties": {"value": 7.5063, "sigma": 7.6787}, "geometry": {"type": "Polygon", "coordinates": [[[-76.54, 3.305], [-76.535, 3.305], [-76.535, 3.31], [-76.54, 3.31], [-76.54, 3.305]]]}}, {"type": "Feature", "properties": {"value": 7.6443, "sigma": 7.6787}, "geometry": {"type": "Polygon", "coordinates": [[[-76.535, 3.305], [-76.53, 3.305], [-76.53, 3.31], [-76.535, 3.31], [-76.535, 3.305]]]}}, {"type": "Feature", "properties": {"value": 7.8854, "sigma": 7.6787}, "geometry": {"type": "Polygon", "coordinates": [[[-76.53, 3.305], [-76.525, 3.305], [-76.525, 3.31], [-76.53, 3.31], [-76.53, 3.305]]]}}, {"type": "Feature", "properties": {"value": 8.264, "sigma": 7.6787}, "geometry": {"type": "Polygon", "coordinates": [[[-76.525, 3.305], [-76.52, 3.305], [-76.52, 3.31], [-76.525, 3.31], [-76.525, 3.305]]]}}, {"type": "Feature", "properties": {"value": 8.5268, "sigma": 7.6787}, "geometry": {"type": "Polygon", "coordinates": [[[-76.52, 3.305], [-76.515, 3.305], [-76.515, 3.31], [-76.52, 3.31], [-76.52, 3.305]]]}}, {"type": "Feature", "properties": {"value": 7.651, "sigma": 7.6787}, "geometry": {"type": "Polygon", "coordinates": [[[-76.515, 3.305], [-76.51, 3.305], [-76.51, 3.31], [-76.515, 3.31], [-76.515, 3.305]]]}}, {"type": "Feature", "properties": {"value": 6.9195, "sigma": 7.6787}, "geometry": {"type": "Polygon", "coordinates": [[[-76.51, 3.305], [-76.505, 3.305], [-76.505, 3.31], [-76.51, 3.31], [-76.51, 3.305]]]}}, {"type": "Feature", "properties": {"value": 6.9069, "sigma": 7.6787}, "geometry": {"type": "Polygon", "coordinates": [[[-76.505, 3.305], [-76.5, 3.305], [-76.5, 3.31], [-76.505, 3.31], [-76.505, 3.305]]]}}, {"type": "Feature", "properties": {"value": 6.888, "sigma": 7.6787}, "geometry": {"type": "Polygon", "coordinates": [[[-76.5, 3.305], [-76.495, 3.305], [-76.495, 3.31], [-76.5, 3.31], [-76.5, 3.305]]]}}, {"type": "Feature", "properties": {"value": 6.7225, "sigma": 7.6787}, "geometry": {"type": "Polygon", "coordinates": [[[-76.495, 3.305], [-76.49, 3.305], [-76.49, 3.31], [-76.495, 3.31], [-76.495, 3.305]]]}}, {"type": "Feature", "properties": {"value": 6.4383, "sigma": 7.6787}, "geometry": {"type": "Polygon", "coordinates": [[[-76.49, 3.305], [-76.485, 3.305], [-76.485, 3.31], [-76.49, 3.31], [-76.49, 3.305]]]}}, {"type": "Feature", "properties": {"value": 6.0995, "sigma": 7.6787}, "geometry": {"type": "Polygon", "coordinates": [[[-76.485, 3.305], [-76.48, 3.305], [-76.48, 3.31], [-76.485, 3.31], [-76.485, 3.305]]]}}, {"type": "Feature", "properties": {"value": 5.8114, "sigma": 7.6787}, "geometry": {"type": "Polygon", "coordinates": [[[-76.48, 3.305], [-76.475, 3.305], [-76.475, 3.31], [-76.48, 3.31], [-76.48, 3.305]]]}}, {"type": "Feature", "properties": {"value": 5.7359, "sigma": 7.6787}, "geometry": {"type": "Polygon", "coordinates": [[[-76.475, 3.305], [-76.47, 3.305], [-76.47, 3.31], [-76.475, 3.31], [-76.475, 3.305]]]}}, {"type": "Feature", "properties": {"value": 5.9677, "sigma": 7.6787}, "geometry": {"type": "Polygon", "coordinates": [[[-76.47, 3.305], [-76.465, 3.305], [-76.465, 3.31], [-76.47, 3.31], [-76.47, 3.305]]]}}, {"type": "Feature", "properties": {"value": 6.3087, "sigma": 7.6787}, "geometry": {"type": "Polygon", "coordinates": [[[-76.465, 3.305], [-76.46, 3.305], [-76.46, 3.31], [-76.465, 3.31], [-76.465, 3.305]]]}}, {"type": "Feature", "properties": {"value": 6.6614, "sigma": 7.6787}, "geometry": {"type": "Polygon", "coordinates": [[[-76.46, 3.305], [-76.455, 3.305], [-76.455, 3.31], [-76.46, 3.31], [-76.46, 3.305]]]}}, {"type": "Feature", "properties": {"value": 6.9226, "sigma": 7.6787}, "geometry": {"type": "Polygon", "coordinates": [[[-76.455, 3.305], [-76.45, 3.305], [-76.45, 3.31], [-76.455, 3.31], [-76.455, 3.305]]]}}, {"type": "Feature", "properties": {"value": 6.9907, "sigma": 7.6787}, "geometry": {"type": "Polygon", "coordinates": [[[-76.45, 3.305], [-76.445, 3.305], [-76.445, 3.31], [-76.45, 3.31], [-76.45, 3.305]]]}}, {"type": "Feature", "properties": {"value": 6.7721, "sigma": 7.6787}, "geometry": {"type": "Polygon", "coordinates": [[[-76.445, 3.305], [-76.44, 3.305], [-76.44, 3.31], [-76.445, 3.31], [-76.445, 3.305]]]}}, {"type": "Feature", "properties": {"value": 6.3808, "sigma": 7.6787}, "geometry": {"type": "Polygon", "coordinates": [[[-76.44, 3.305], [-76.435, 3.305], [-76.435, 3.31], [-76.44, 3.31], [-76.44, 3.305]]]}}, {"type": "Feature", "properties": {"value": 6.223, "sigma": 7.6787}, "geometry": {"type": "Polygon", "coordinates": [[[-76.435, 3.305], [-76.43, 3.305], [-76.43, 3.31], [-76.435, 3.31], [-76.435, 3.305]]]}}, {"type": "Feature", "properties": {"value": 6.3568, "sigma": 7.6787}, "geometry": {"type": "Polygon", "coordinates": [[[-76.43, 3.305], [-76.425, 3.305], [-76.425, 3.31], [-76.43, 3.31], [-76.43, 3.305]]]}}, {"type": "Feature", "properties": {"value": 6.558, "sigma": 7.6787}, "geometry": {"type": "Polygon", "coordinates": [[[-76.425, 3.305], [-76.42, 3.305], [-76.42, 3.31], [-76.425, 3.31], [-76.425, 3.305]]]}}, {"type": "Feature", "properties": {"value": 6.7267, "sigma": 7.6787}, "geometry": {"type": "Polygon", "coordinates": [[[-76.42, 3.305], [-76.415, 3.305], [-76.415, 3.31], [-76.42, 3.31], [-76.42, 3.305]]]}}, {"type": "Feature", "properties": {"value": 6.8535, "sigma": 7.6787}, "geometry": {"type": "Polygon", "coordinates": [[[-76.415, 3.305], [-76.41, 3.305], [-76.41, 3.31], [-76.415, 3.31], [-76.415, 3.305]]]}}, {"type": "Feature", "properties": {"value": 6.9494, "sigma": 7.6787}, "geometry": {"type": "Polygon", "coordinates": [[[-76.41, 3.305], [-76.405, 3.305], [-76.405, 3.31], [-76.41, 3.31], [-76.41, 3.305]]]}}, {"type": "Feature", "properties": {"value": 7.0244, "sigma": 7.6787}, "geometry": {"type": "Polygon", "coordinates": [[[-76.405, 3.305], [-76.4, 3.305], [-76.4, 3.31], [-76.405, 3.31], [-76.405, 3.305]]]}}, {"type": "Feature", "properties": {"value": 7.7282, "sigma": 7.6787}, "geometry": {"type": "Polygon", "coordinates": [[[-76.6, 3.31], [-76.595, 3.31], [-76.595, 3.315], [-76.6, 3.315], [-76.6, 3.31]]]}}, {"type": "Feature", "properties": {"value": 7.6934, "sigma": 7.6787}, "geometry": {"type": "Polygon", "coordinates": [[[-76.595, 3.31], [-76.59, 3.31], [-76.59, 3.315], [-76.595, 3.315], [-76.595, 3.31]]]}}, {"type": "Feature", "properties": {"value": 7.6575, "sigma": 7.6787}, "geometry": {"type": "Polygon", "coordinates": [[[-76.59, 3.31], [-76.585, 3.31], [-76.585, 3.315], [-76.59, 3.315], [-76.59, 3.31]]]}}, {"type": "Feature", "properties": {"value": 7.6207, "sigma": 7.6787}, "geometry": {"type": "Polygon", "coordinates": [[[-76.585, 3.31], [-76.58, 3.31], [-76.58, 3.315], [-76.585, 3.315], [-76.585, 3.31]]]}}, {"type": "Feature", "properties": {"value": 7.5827, "sigma": 7.6787}, "geometry": {"type": "Polygon", "coordinates": [[[-76.58, 3.31], [-76.575, 3.31], [-76.575, 3.315], [-76.58, 3.315], [-76.58, 3.31]]]}}, {"type": "Feature", "properties": {"value": 7.5429, "sigma": 7.6787}, "geometry": {"type": "Polygon", "coordinates": [[[-76.575, 3.31], [-76.57, 3.31], [-76.57, 3.315], [-76.575, 3.315], [-76.575, 3.31]]]}}, {"type": "Feature", "properties": {"value": 7.5012, "sigma": 7.6787}, "geometry": {"type": "Polygon", "coordinates": [[[-76.57, 3.31], [-76.565, 3.31], [-76.565, 3.315], [-76.57, 3.315], [-76.57, 3.31]]]}}, {"type": "Feature", "properties": {"value": 7.4587, "sigma": 7.6787}, "geometry": {"type": "Polygon", "coordinates": [[[-76.565, 3.31], [-76.56, 3.31], [-76.56, 3.315], [-76.565, 3.315], [-76.565, 3.31]]]}}, {"type": "Feature", "properties": {"value": 7.4187, "sigma": 7.6787}, "geometry": {"type": "Polygon", "coordinates": [[[-76.56, 3.31], [-76.555, 3.31], [-76.555, 3.315], [-76.56, 3.315], [-76.56, 3.31]]]}}, {"type": "Feature", "properties": {"value": 7.3868, "sigma": 7.6787}, "geometry": {"type": "Polygon", "coordinates": [[[-76.555, 3.31], [-76.55, 3.31], [-76.55, 3.315], [-76.555, 3.315], [-76.555, 3.31]]]}}, {"type": "Feature", "properties": {"value": 7.3706, "sigma": 7.6787}, "geometry": {"type": "Polygon", "coordinates": [[[-76.55, 3.31], [-76.545, 3.31], [-76.545, 3.315], [-76.55, 3.315], [-76.55, 3.31]]]}}, {"type": "Feature", "properties": {"value": 7.3805, "sigma": 7.6787}, "geometry": {"type": "Polygon", "coordinates": [[[-76.545, 3.31], [-76.54, 3.31], [-76.54, 3.315], [-76.545, 3.315], [-76.545, 3.31]]]}}, {"type": "Feature", "properties": {"value": 7.4297, "sigma": 7.6787}, "geometry": {"type": "Polygon", "coordinates": [[[-76.54, 3.31], [-76.535, 3.31], [-76.535, 3.315], [-76.54, 3.315], [-76.54, 3.31]]]}}, {"type": "Feature", "properties": {"value": 7.5326, "sigma": 7.6787}, "geometry": {"type": "Polygon", "coordinates": [[[-76.535, 3.31], [-76.53, 3.31], [-76.53, 3.315], [-76.535, 3.315], [-76.535, 3.31]]]}}, {"type": "Feature", "properties": {"value": 7.6954, "sigma": 7.6787}, "geometry": {"type": "Polygon", "coordinates": [[[-76.53, 3.31], [-76.525, 3.31], [-76.525, 3.315], [-76.53, 3.315], [-76.53, 3.31]]]}}, {"type": "Feature", "properties": {"value": 7.884, "sigma": 7.6787}, "geometry": {"type": "Polygon", "coordinates": [[[-76.525, 3.31], [-76.52, 3.31], [-76.52, 3.315], [-76.525, 3.315], [-76.525, 3.31]]]}}, {"type": "Feature", "properties": {"value": 7.9792, "sigma": 7.6787}, "geometry": {"type": "Polygon", "coordinates": [[[-76.52, 3.31], [-76.515, 3.31], [-76.515, 3.315], [-76.52, 3.315], [-76.52, 3.31]]]}}, {"type": "Feature", "properties": {"value": 7.9292, "sigma": 7.6787}, "geometry": {"type": "Polygon", "coordinates": [[[-76.515, 3.31], [-76.51, 3.31], [-76.51, 3.315], [-76.515, 3.315], [-76.515, 3.31]]]}}, {"type": "Feature", "properties": {"value": 7.7709, "sigma": 7.6787}, "geometry": {"type": "Polygon", "coordinates": [[[-76.51, 3.31], [-76.505, 3.31], [-76.505, 3.315], [-76.51, 3.315], [-76.51, 3.31]]]}}, {"type": "Feature", "properties": {"value": 7.4706, "sigma": 7.6787}, "geometry": {"type": "Polygon", "coordinates": [[[-76.505, 3.31], [-76.5, 3.31], [-76.5, 3.315], [-76.505, 3.315], [-76.505, 3.31]]]}}, {"type": "Feature", "properties": {"value": 7.1726, "sigma": 7.6787}, "geometry": {"type": "Polygon", "coordinates": [[[-76.5, 3.31], [-76.495, 3.31], [-76.495, 3.315], [-76.5, 3.315], [-76.5, 3.31]]]}}, {"type": "Feature", "properties": {"value": 6.8879, "sigma": 7.6787}, "geometry": {"type": "Polygon", "coordinates": [[[-76.495, 3.31], [-76.49, 3.31], [-76.49, 3.315], [-76.495, 3.315], [-76.495, 3.31]]]}}, {"type": "Feature", "properties": {"value": 6.5887, "sigma": 7.6787}, "geometry": {"type": "Polygon", "coordinates": [[[-76.49, 3.31], [-76.485, 3.31], [-76.485, 3.315], [-76.49, 3.315], [-76.49, 3.31]]]}}, {"type": "Feature", "properties": {"value": 6.2894, "sigma": 7.6787}, "geometry": {"type": "Polygon", "coordinates": [[[-76.485, 3.31], [-76.48, 3.31], [-76.48, 3.315], [-76.485, 3.315], [-76.485, 3.31]]]}}, {"type": "Feature", "properties": {"value": 6.0617, "sigma": 7.6787}, "geometry": {"type": "Polygon", "coordinates": [[[-76.48, 3.31], [-76.475, 3.31], [-76.475, 3.315], [-76.48, 3.315], [-76.48, 3.31]]]}}, {"type": "Feature", "properties": {"value": 6.0166, "sigma": 7.6787}, "geometry": {"type": "Polygon", "coordinates": [[[-76.475, 3.31], [-76.47, 3.31], [-76.47, 3.315], [-76.475, 3.315], [-76.475, 3.31]]]}}, {"type": "Feature", "properties": {"value": 6.1911, "sigma": 7.6787}, "geometry": {"type": "Polygon", "coordinates": [[[-76.47, 3.31], [-76.465, 3.31], [-76.465, 3.315], [-76.47, 3.315], [-76.47, 3.31]]]}}, {"type": "Feature", "properties": {"value": 6.5031, "sigma": 7.6787}, "geometry": {"type": "Polygon", "coordinates": [[[-76.465, 3.31], [-76.46, 3.31], [-76.46, 3.315], [-76.465, 3.315], [-76.465, 3.31]]]}}, {"type": "Feature", "properties": {"value": 6.8702, "sigma": 7.6787}, "geometry": {"type": "Polygon", "coordinates": [[[-76.46, 3.31], [-76.455, 3.31], [-76.455, 3.315], [-76.46, 3.315], [-76.46, 3.31]]]}}, {"type": "Feature", "properties": {"value": 7.2256, "sigma": 7.6787}, "geometry": {"type": "Polygon", "coordinates": [[[-76.455, 3.31], [-76.45, 3.31], [-76.45, 3.315], [-76.455, 3.315], [-76.455, 3.31]]]}}, {"type": "Feature", "properties": {"value": 7.4713, "sigma": 7.6787}, "geometry": {"type": "Polygon", "coordinates": [[[-76.45, 3.31], [-76.445, 3.31], [-76.445, 3.315], [-76.45, 3.315], [-76.45, 3.31]]]}}, {"type": "Feature", "properties": {"value": 7.3815, "sigma": 7.6787}, "geometry": {"type": "Polygon", "coordinates": [[[-76.445, 3.31], [-76.44, 3.31], [-76.44, 3.315], [-76.445, 3.315], [-76.445, 3.31]]]}}, {"type": "Feature", "properties": {"value": 6.847, "sigma": 7.6787}, "geometry": {"type": "Polygon", "coordinates": [[[-76.44, 3.31], [-76.435, 3.31], [-76.435, 3.315], [-76.44, 3.315], [-76.44, 3.31]]]}}, {"type": "Feature", "properties": {"value": 6.5125, "sigma": 7.6787}, "geometry": {"type": "Polygon", "coordinates": [[[-76.435, 3.31], [-76.43, 3.31], [-76.43, 3.315], [-76.435, 3.315], [-76.435, 3.31]]]}}, {"type": "Feature", "properties": {"value": 6.5596, "sigma": 7.6787}, "geometry": {"type": "Polygon", "coordinates": [[[-76.43, 3.31], [-76.425, 3.31], [-76.425, 3.315], [-76.43, 3.315], [-76.43, 3.31]]]}}, {"type": "Feature", "properties": {"value": 6.6996, "sigma": 7.6787}, "geometry": {"type": "Polygon", "coordinates": [[[-76.425, 3.31], [-76.42, 3.31], [-76.42, 3.315], [-76.425, 3.315], [-76.425, 3.31]]]}}, {"type": "Feature", "properties": {"value": 6.8247, "sigma": 7.6787}, "geometry": {"type": "Polygon", "coordinates": [[[-76.42, 3.31], [-76.415, 3.31], [-76.415, 3.315], [-76.42, 3.315], [-76.42, 3.31]]]}}, {"type": "Feature", "properties": {"value": 6.9227, "sigma": 7.6787}, "geometry": {"type": "Polygon", "coordinates": [[[-76.415, 3.31], [-76.41, 3.31], [-76.41, 3.315], [-76.415, 3.315], [-76.415, 3.31]]]}}, {"type": "Feature", "properties": {"value": 6.9999, "sigma": 7.6787}, "geometry": {"type": "Polygon", "coordinates": [[[-76.41, 3.31], [-76.405, 3.31], [-76.405, 3.315], [-76.41, 3.315], [-76.41, 3.31]]]}}, {"type": "Feature", "properties": {"value": 7.0629, "sigma": 7.6787}, "geometry": {"type": "Polygon", "coordinates": [[[-76.405, 3.31], [-76.4, 3.31], [-76.4, 3.315], [-76.405, 3.315], [-76.405, 3.31]]]}}, {"type": "Feature", "properties": {"value": 7.7515, "sigma": 7.6787}, "geometry": {"type": "Polygon", "coordinates": [[[-76.6, 3.315], [-76.595, 3.315], [-76.595, 3.32], [-76.6, 3.32], [-76.6, 3.315]]]}}, {"type": "Feature", "properties": {"value": 7.7138, "sigma": 7.6787}, "geometry": {"type": "Polygon", "coordinates": [[[-76.595, 3.315], [-76.59, 3.315], [-76.59, 3.32], [-76.595, 3.32], [-76.595, 3.315]]]}}, {"type": "Feature", "properties": {"value": 7.6754, "sigma": 7.6787}, "geometry": {"type": "Polygon", "coordinates": [[[-76.59, 3.315], [-76.585, 3.315], [-76.585, 3.32], [-76.59, 3.32], [-76.59, 3.315]]]}}, {"type": "Feature", "properties": {"value": 7.6368, "sigma": 7.6787}, "geometry": {"type": "Polygon", "coordinates": [[[-76.585, 3.315], [-76.58, 3.315], [-76.58, 3.32], [-76.585, 3.32], [-76.585, 3.315]]]}}, {"type": "Feature", "properties": {"value": 7.5977, "sigma": 7.6787}, "geometry": {"type": "Polygon", "coordinates": [[[-76.58, 3.315], [-76.575, 3.315], [-76.575, 3.32], [-76.58, 3.32], [-76.58, 3.315]]]}}, {"type": "Feature", "properties": {"value": 7.5561, "sigma": 7.6787}, "geometry": {"type": "Polygon", "coordinates": [[[-76.575, 3.315], [-76.57, 3.315], [-76.57, 3.32], [-76.575, 3.32], [-76.575, 3.315]]]}}, {"type": "Feature", "properties": {"value": 7.5102, "sigma": 7.6787}, "geometry": {"type": "Polygon", "coordinates": [[[-76.57, 3.315], [-76.565, 3.315], [-76.565, 3.32], [-76.57, 3.32], [-76.57, 3.315]]]}}, {"type": "Feature", "properties": {"value": 7.4595, "sigma": 7.6787}, "geometry": {"type": "Polygon", "coordinates": [[[-76.565, 3.315], [-76.56, 3.315], [-76.56, 3.32], [-76.565, 3.32], [-76.565, 3.315]]]}}, {"type": "Feature", "properties": {"value": 7.4066, "sigma": 7.6787}, "geometry": {"type": "Polygon", "coordinates": [[[-76.56, 3.315], [-76.555, 3.315], [-76.555, 3.32], [-76.56, 3.32], [-76.56, 3.315]]]}}, {"type": "Feature", "properties": {"value": 7.3571, "sigma": 7.6787}, "geometry": {"type": "Polygon", "coordinates": [[[-76.555, 3.315], [-76.55, 3.315], [-76.55, 3.32], [-76.555, 3.32], [-76.555, 3.315]]]}}, {"type": "Feature", "properties": {"value": 7.3184, "sigma": 7.6787}, "geometry": {"type": "Polygon", "coordinates": [[[-76.55, 3.315], [-76.545, 3.315], [-76.545, 3.32], [-76.55, 3.32], [-76.55, 3.315]]]}}, {"type": "Feature", "properties": {"value": 7.3006, "sigma": 7.6787}, "geometry": {"type": "Polygon", "coordinates": [[[-76.545, 3.315], [-76.54, 3.315], [-76.54, 3.32], [-76.545, 3.32], [-76.545, 3.315]]]}}, {"type": "Feature", "properties": {"value": 7.316, "sigma": 7.6787}, "geometry": {"type": "Polygon", "coordinates": [[[-76.54, 3.315], [-76.535, 3.315], [-76.535, 3.32], [-76.54, 3.32], [-76.54, 3.315]]]}}, {"type": "Feature", "properties": {"value": 7.3791, "sigma": 7.6787}, "geometry": {"type": "Polygon", "coordinates": [[[-76.535, 3.315], [-76.53, 3.315], [-76.53, 3.32], [-76.535, 3.32], [-76.535, 3.315]]]}}, {"type": "Feature", "properties": {"value": 7.5034, "sigma": 7.6787}, "geometry": {"type": "Polygon", "coordinates": [[[-76.53, 3.315], [-76.525, 3.315], [-76.525, 3.32], [-76.53, 3.32], [-76.53, 3.315]]]}}, {"type": "Feature", "properties": {"value": 7.7017, "sigma": 7.6787}, "geometry": {"type": "Polygon", "coordinates": [[[-76.525, 3.315], [-76.52, 3.315], [-76.52, 3.32], [-76.525, 3.32], [-76.525, 3.315]]]}}, {"type": "Feature", "properties": {"value": 8.0272, "sigma": 7.6787}, "geometry": {"type": "Polygon", "coordinates": [[[-76.52, 3.315], [-76.515, 3.315], [-76.515, 3.32], [-76.52, 3.32], [-76.52, 3.315]]]}}, {"type": "Feature", "properties": {"value": 8.5301, "sigma": 7.6787}, "geometry": {"type": "Polygon", "coordinates": [[[-76.515, 3.315], [-76.51, 3.315], [-76.51, 3.32], [-76.515, 3.32], [-76.515, 3.315]]]}}, {"type": "Feature", "properties": {"value": 8.5301, "sigma": 7.6787}, "geometry": {"type": "Polygon", "coordinates": [[[-76.51, 3.315], [-76.505, 3.315], [-76.505, 3.32], [-76.51, 3.32], [-76.51, 3.315]]]}}, {"type": "Feature", "properties": {"value": 7.9114, "sigma": 7.6787}, "geometry": {"type": "Polygon", "coordinates": [[[-76.505, 3.315], [-76.5, 3.315], [-76.5, 3.32], [-76.505, 3.32], [-76.505, 3.315]]]}}, {"type": "Feature", "properties": {"value": 7.4006, "sigma": 7.6787}, "geometry": {"type": "Polygon", "coordinates": [[[-76.5, 3.315], [-76.495, 3.315], [-76.495, 3.32], [-76.5, 3.32], [-76.5, 3.315]]]}}, {"type": "Feature", "properties": {"value": 7.0477, "sigma": 7.6787}, "geometry": {"type": "Polygon", "coordinates": [[[-76.495, 3.315], [-76.49, 3.315], [-76.49, 3.32], [-76.495, 3.32], [-76.495, 3.315]]]}}, {"type": "Feature", "properties": {"value": 6.7686, "sigma": 7.6787}, "geometry": {"type": "Polygon", "coordinates": [[[-76.49, 3.315], [-76.485, 3.315], [-76.485, 3.32], [-76.49, 3.32], [-76.49, 3.315]]]}}, {"type": "Feature", "properties": {"value": 6.538, "sigma": 7.6787}, "geometry": {"type": "Polygon", "coordinates": [[[-76.485, 3.315], [-76.48, 3.315], [-76.48, 3.32], [-76.485, 3.32], [-76.485, 3.315]]]}}, {"type": "Feature", "properties": {"value": 6.3855, "sigma": 7.6787}, "geometry": {"type": "Polygon", "coordinates": [[[-76.48, 3.315], [-76.475, 3.315], [-76.475, 3.32], [-76.48, 3.32], [-76.48, 3.315]]]}}, {"type": "Feature", "properties": {"value": 6.3632, "sigma": 7.6787}, "geometry": {"type": "Polygon", "coordinates": [[[-76.475, 3.315], [-76.47, 3.315], [-76.47, 3.32], [-76.475, 3.32], [-76.475, 3.315]]]}}, {"type": "Feature", "properties": {"value": 6.4925, "sigma": 7.6787}, "geometry": {"type": "Polygon", "coordinates": [[[-76.47, 3.315], [-76.465, 3.315], [-76.465, 3.32], [-76.47, 3.32], [-76.47, 3.315]]]}}, {"type": "Feature", "properties": {"value": 6.7512, "sigma": 7.6787}, "geometry": {"type": "Polygon", "coordinates": [[[-76.465, 3.315], [-76.46, 3.315], [-76.46, 3.32], [-76.465, 3.32], [-76.465, 3.315]]]}}, {"type": "Feature", "properties": {"value": 7.1172, "sigma": 7.6787}, "geometry": {"type": "Polygon", "coordinates": [[[-76.46, 3.315], [-76.455, 3.315], [-76.455, 3.32], [-76.46, 3.32], [-76.46, 3.315]]]}}, {"type": "Feature", "properties": {"value": 7.6006, "sigma": 7.6787}, "geometry": {"type": "Polygon", "coordinates": [[[-76.455, 3.315], [-76.45, 3.315], [-76.45, 3.32], [-76.455, 3.32], [-76.455, 3.315]]]}}, {"type": "Feature", "properties": {"value": 8.215, "sigma": 7.6787}, "geometry": {"type": "Polygon", "coordinates": [[[-76.45, 3.315], [-76.445, 3.315], [-76.445, 3.32], [-76.45, 3.32], [-76.45, 3.315]]]}}, {"type": "Feature", "properties": {"value": 8.6647, "sigma": 7.6787}, "geometry": {"type": "Polygon", "coordinates": [[[-76.445, 3.315], [-76.44, 3.315], [-76.44, 3.32], [-76.445, 3.32], [-76.445, 3.315]]]}}, {"type": "Feature", "properties": {"value": 8.0801, "sigma": 7.6787}, "geometry": {"type": "Polygon", "coordinates": [[[-76.44, 3.315], [-76.435, 3.315], [-76.435, 3.32], [-76.44, 3.32], [-76.44, 3.315]]]}}, {"type": "Feature", "properties": {"value": 7.2627, "sigma": 7.6787}, "geometry": {"type": "Polygon", "coordinates": [[[-76.435, 3.315], [-76.43, 3.315], [-76.43, 3.32], [-76.435, 3.32], [-76.435, 3.315]]]}}, {"type": "Feature", "properties": {"value": 6.9787, "sigma": 7.6787}, "geometry": {"type": "Polygon", "coordinates": [[[-76.43, 3.315], [-76.425, 3.315], [-76.425, 3.32], [-76.43, 3.32], [-76.43, 3.315]]]}}, {"type": "Feature", "properties": {"value": 6.94, "sigma": 7.6787}, "geometry": {"type": "Polygon", "coordinates": [[[-76.425, 3.315], [-76.42, 3.315], [-76.42, 3.32], [-76.425, 3.32], [-76.425, 3.315]]]}}, {"type": "Feature", "properties": {"value": 6.9707, "sigma": 7.6787}, "geometry": {"type": "Polygon", "coordinates": [[[-76.42, 3.315], [-76.415, 3.315], [-76.415, 3.32], [-76.42, 3.32], [-76.42, 3.315]]]}}, {"type": "Feature", "properties": {"value": 7.0174, "sigma": 7.6787}, "geometry": {"type": "Polygon", "coordinates": [[[-76.415, 3.315], [-76.41, 3.315], [-76.41, 3.32], [-76.415, 3.32], [-76.415, 3.315]]]}}, {"type": "Feature", "properties": {"value": 7.0654, "sigma": 7.6787}, "geometry": {"type": "Polygon", "coordinates": [[[-76.41, 3.315], [-76.405, 3.315], [-76.405, 3.32], [-76.41, 3.32], [-76.41, 3.315]]]}}, {"type": "Feature", "properties": {"value": 7.1109, "sigma": 7.6787}, "geometry": {"type": "Polygon", "coordinates": [[[-76.405, 3.315], [-76.4, 3.315], [-76.4, 3.32], [-76.405, 3.32], [-76.405, 3.315]]]}}, {"type": "Feature", "properties": {"value": 7.7767, "sigma": 7.6787}, "geometry": {"type": "Polygon", "coordinates": [[[-76.6, 3.32], [-76.595, 3.32], [-76.595, 3.325], [-76.6, 3.325], [-76.6, 3.32]]]}}, {"type": "Feature", "properties": {"value": 7.7341, "sigma": 7.6787}, "geometry": {"type": "Polygon", "coordinates": [[[-76.595, 3.32], [-76.59, 3.32], [-76.59, 3.325], [-76.595, 3.325], [-76.595, 3.32]]]}}, {"type": "Feature", "properties": {"value": 7.6913, "sigma": 7.6787}, "geometry": {"type": "Polygon", "coordinates": [[[-76.59, 3.32], [-76.585, 3.32], [-76.585, 3.325], [-76.59, 3.325], [-76.59, 3.32]]]}}, {"type": "Feature", "properties": {"value": 7.6503, "sigma": 7.6787}, "geometry": {"type": "Polygon", "coordinates": [[[-76.585, 3.32], [-76.58, 3.32], [-76.58, 3.325], [-76.585, 3.325], [-76.585, 3.32]]]}}, {"type": "Feature", "properties": {"value": 7.6113, "sigma": 7.6787}, "geometry": {"type": "Polygon", "coordinates": [[[-76.58, 3.32], [-76.575, 3.32], [-76.575, 3.325], [-76.58, 3.325], [-76.58, 3.32]]]}}, {"type": "Feature", "properties": {"value": 7.5708, "sigma": 7.6787}, "geometry": {"type": "Polygon", "coordinates": [[[-76.575, 3.32], [-76.57, 3.32], [-76.57, 3.325], [-76.575, 3.325], [-76.575, 3.32]]]}}, {"type": "Feature", "properties": {"value": 7.5231, "sigma": 7.6787}, "geometry": {"type": "Polygon", "coordinates": [[[-76.57, 3.32], [-76.565, 3.32], [-76.565, 3.325], [-76.57, 3.325], [-76.57, 3.32]]]}}, {"type": "Feature", "properties": {"value": 7.4647, "sigma": 7.6787}, "geometry": {"type": "Polygon", "coordinates": [[[-76.565, 3.32], [-76.56, 3.32], [-76.56, 3.325], [-76.565, 3.325], [-76.565, 3.32]]]}}, {"type": "Feature", "properties": {"value": 7.3969, "sigma": 7.6787}, "geometry": {"type": "Polygon", "coordinates": [[[-76.56, 3.32], [-76.555, 3.32], [-76.555, 3.325], [-76.56, 3.325], [-76.56, 3.32]]]}}, {"type": "Feature", "properties": {"value": 7.325, "sigma": 7.6787}, "geometry": {"type": "Polygon", "coordinates": [[[-76.555, 3.32], [-76.55, 3.32], [-76.55, 3.325], [-76.555, 3.325], [-76.555, 3.32]]]}}, {"type": "Feature", "properties": {"value": 7.2564, "sigma": 7.6787}, "geometry": {"type": "Polygon", "coordinates": [[[-76.55, 3.32], [-76.545, 3.32], [-76.545, 3.325], [-76.55, 3.325], [-76.55, 3.32]]]}}, {"type": "Feature", "properties": {"value": 7.2, "sigma": 7.6787}, "geometry": {"type": "Polygon", "coordinates": [[[-76.545, 3.32], [-76.54, 3.32], [-76.54, 3.325], [-76.545, 3.325], [-76.545, 3.32]]]}}, {"type": "Feature", "properties": {"value": 7.1679, "sigma": 7.6787}, "geometry": {"type": "Polygon", "coordinates": [[[-76.54, 3.32], [-76.535, 3.32], [-76.535, 3.325], [-76.54, 3.325], [-76.54, 3.32]]]}}, {"type": "Feature", "properties": {"value": 7.179, "sigma": 7.6787}, "geometry": {"type": "Polygon", "coordinates": [[[-76.535, 3.32], [-76.53, 3.32], [-76.53, 3.325], [-76.535, 3.325], [-76.535, 3.32]]]}}, {"type": "Feature", "properties": {"value": 7.2645, "sigma": 7.6787}, "geometry": {"type": "Polygon", "coordinates": [[[-76.53, 3.32], [-76.525, 3.32], [-76.525, 3.325], [-76.53, 3.325], [-76.53, 3.32]]]}}, {"type": "Feature", "properties": {"value": 7.4811, "sigma": 7.6787}, "geometry": {"type": "Polygon", "coordinates": [[[-76.525, 3.32], [-76.52, 3.32], [-76.52, 3.325], [-76.525, 3.325], [-76.525, 3.32]]]}}, {"type": "Feature", "properties": {"value": 7.929, "sigma": 7.6787}, "geometry": {"type": "Polygon", "coordinates": [[[-76.52, 3.32], [-76.515, 3.32], [-76.515, 3.325], [-76.52, 3.325], [-76.52, 3.32]]]}}, {"type": "Feature", "properties": {"value": 8.5699, "sigma": 7.6787}, "geometry": {"type": "Polygon", "coordinates": [[[-76.515, 3.32], [-76.51, 3.32], [-76.51, 3.325], [-76.515, 3.325], [-76.515, 3.32]]]}}, {"type": "Feature", "properties": {"value": 8.589, "sigma": 7.6787}, "geometry": {"type": "Polygon", "coordinates": [[[-76.51, 3.32], [-76.505, 3.32], [-76.505, 3.325], [-76.51, 3.325], [-76.51, 3.32]]]}}, {"type": "Feature", "properties": {"value": 7.9684, "sigma": 7.6787}, "geometry": {"type": "Polygon", "coordinates": [[[-76.505, 3.32], [-76.5, 3.32], [-76.5, 3.325], [-76.505, 3.325], [-76.505, 3.32]]]}}, {"type": "Feature", "properties": {"value": 7.4659, "sigma": 7.6787}, "geometry": {"type": "Polygon", "coordinates": [[[-76.5, 3.32], [-76.495, 3.32], [-76.495, 3.325], [-76.5, 3.325], [-76.5, 3.32]]]}}, {"type": "Feature", "properties": {"value": 7.1411, "sigma": 7.6787}, "geometry": {"type": "Polygon", "coordinates": [[[-76.495, 3.32], [-76.49, 3.32], [-76.49, 3.325], [-76.495, 3.325], [-76.495, 3.32]]]}}, {"type": "Feature", "properties": {"value": 6.9122, "sigma": 7.6787}, "geometry": {"type": "Polygon", "coordinates": [[[-76.49, 3.32], [-76.485, 3.32], [-76.485, 3.325], [-76.49, 3.325], [-76.49, 3.32]]]}}, {"type": "Feature", "properties": {"value": 6.7461, "sigma": 7.6787}, "geometry": {"type": "Polygon", "coordinates": [[[-76.485, 3.32], [-76.48, 3.32], [-76.48, 3.325], [-76.485, 3.325], [-76.485, 3.32]]]}}, {"type": "Feature", "properties": {"value": 6.6495, "sigma": 7.6787}, "geometry": {"type": "Polygon", "coordinates": [[[-76.48, 3.32], [-76.475, 3.32], [-76.475, 3.325], [-76.48, 3.325], [-76.48, 3.32]]]}}, {"type": "Feature", "properties": {"value": 6.6444, "sigma": 7.6787}, "geometry": {"type": "Polygon", "coordinates": [[[-76.475, 3.32], [-76.47, 3.32], [-76.47, 3.325], [-76.475, 3.325], [-76.475, 3.32]]]}}, {"type": "Feature", "properties": {"value": 6.7453, "sigma": 7.6787}, "geometry": {"type": "Polygon", "coordinates": [[[-76.47, 3.32], [-76.465, 3.32], [-76.465, 3.325], [-76.47, 3.325], [-76.47, 3.32]]]}}, {"type": "Feature", "properties": {"value": 6.9569, "sigma": 7.6787}, "geometry": {"type": "Polygon", "coordinates": [[[-76.465, 3.32], [-76.46, 3.32], [-76.46, 3.325], [-76.465, 3.325], [-76.465, 3.32]]]}}, {"type": "Feature", "properties": {"value": 7.2964, "sigma": 7.6787}, "geometry": {"type": "Polygon", "coordinates": [[[-76.46, 3.32], [-76.455, 3.32], [-76.455, 3.325], [-76.46, 3.325], [-76.46, 3.32]]]}}, {"type": "Feature", "properties": {"value": 7.8236, "sigma": 7.6787}, "geometry": {"type": "Polygon", "coordinates": [[[-76.455, 3.32], [-76.45, 3.32], [-76.45, 3.325], [-76.455, 3.325], [-76.455, 3.32]]]}}, {"type": "Feature", "properties": {"value": 8.6122, "sigma": 7.6787}, "geometry": {"type": "Polygon", "coordinates": [[[-76.45, 3.32], [-76.445, 3.32], [-76.445, 3.325], [-76.45, 3.325], [-76.45, 3.32]]]}}, {"type": "Feature", "properties": {"value": 9.3024, "sigma": 7.6787}, "geometry": {"type": "Polygon", "coordinates": [[[-76.445, 3.32], [-76.44, 3.32], [-76.44, 3.325], [-76.445, 3.325], [-76.445, 3.32]]]}}, {"type": "Feature", "properties": {"value": 8.7897, "sigma": 7.6787}, "geometry": {"type": "Polygon", "coordinates": [[[-76.44, 3.32], [-76.435, 3.32], [-76.435, 3.325], [-76.44, 3.325], [-76.44, 3.32]]]}}, {"type": "Feature", "properties": {"value": 7.8383, "sigma": 7.6787}, "geometry": {"type": "Polygon", "coordinates": [[[-76.435, 3.32], [-76.43, 3.32], [-76.43, 3.325], [-76.435, 3.325], [-76.435, 3.32]]]}}, {"type": "Feature", "properties": {"value": 7.3507, "sigma": 7.6787}, "geometry": {"type": "Polygon", "coordinates": [[[-76.43, 3.32], [-76.425, 3.32], [-76.425, 3.325], [-76.43, 3.325], [-76.43, 3.32]]]}}, {"type": "Feature", "properties": {"value": 7.169, "sigma": 7.6787}, "geometry": {"type": "Polygon", "coordinates": [[[-76.425, 3.32], [-76.42, 3.32], [-76.42, 3.325], [-76.425, 3.325], [-76.425, 3.32]]]}}, {"type": "Feature", "properties": {"value": 7.1156, "sigma": 7.6787}, "geometry": {"type": "Polygon", "coordinates": [[[-76.42, 3.32], [-76.415, 3.32], [-76.415, 3.325], [-76.42, 3.325], [-76.42, 3.32]]]}}, {"type": "Feature", "properties": {"value": 7.114, "sigma": 7.6787}, "geometry": {"type": "Polygon", "coordinates": [[[-76.415, 3.32], [-76.41, 3.32], [-76.41, 3.325], [-76.415, 3.325], [-76.415, 3.32]]]}}, {"type": "Feature", "properties": {"value": 7.1336, "sigma": 7.6787}, "geometry": {"type": "Polygon", "coordinates": [[[-76.41, 3.32], [-76.405, 3.32], [-76.405, 3.325], [-76.41, 3.325], [-76.41, 3.32]]]}}, {"type": "Feature", "properties": {"value": 7.1618, "sigma": 7.6787}, "geometry": {"type": "Polygon", "coordinates": [[[-76.405, 3.32], [-76.4, 3.32], [-76.4, 3.325], [-76.405, 3.325], [-76.405, 3.32]]]}}, {"type": "Feature", "properties": {"value": 7.8044, "sigma": 7.6787}, "geometry": {"type": "Polygon", "coordinates": [[[-76.6, 3.325], [-76.595, 3.325], [-76.595, 3.33], [-76.6, 3.33], [-76.6, 3.325]]]}}, {"type": "Feature", "properties": {"value": 7.7535, "sigma": 7.6787}, "geometry": {"type": "Polygon", "coordinates": [[[-76.595, 3.325], [-76.59, 3.325], [-76.59, 3.33], [-76.595, 3.33], [-76.595, 3.325]]]}}, {"type": "Feature", "properties": {"value": 7.702, "sigma": 7.6787}, "geometry": {"type": "Polygon", "coordinates": [[[-76.59, 3.325], [-76.585, 3.325], [-76.585, 3.33], [-76.59, 3.33], [-76.59, 3.325]]]}}, {"type": "Feature", "properties": {"value": 7.6555, "sigma": 7.6787}, "geometry": {"type": "Polygon", "coordinates": [[[-76.585, 3.325], [-76.58, 3.325], [-76.58, 3.33], [-76.585, 3.33], [-76.585, 3.325]]]}}, {"type": "Feature", "properties": {"value": 7.6176, "sigma": 7.6787}, "geometry": {"type": "Polygon", "coordinates": [[[-76.58, 3.325], [-76.575, 3.325], [-76.575, 3.33], [-76.58, 3.33], [-76.58, 3.325]]]}}, {"type": "Feature", "properties": {"value": 7.5833, "sigma": 7.6787}, "geometry": {"type": "Polygon", "coordinates": [[[-76.575, 3.325], [-76.57, 3.325], [-76.57, 3.33], [-76.575, 3.33], [-76.575, 3.325]]]}}, {"type": "Feature", "properties": {"value": 7.54, "sigma": 7.6787}, "geometry": {"type": "Polygon", "coordinates": [[[-76.57, 3.325], [-76.565, 3.325], [-76.565, 3.33], [-76.57, 3.33], [-76.57, 3.325]]]}}, {"type": "Feature", "properties": {"value": 7.4772, "sigma": 7.6787}, "geometry": {"type": "Polygon", "coordinates": [[[-76.565, 3.325], [-76.56, 3.325], [-76.56, 3.33], [-76.565, 3.33], [-76.565, 3.325]]]}}, {"type": "Feature", "properties": {"value": 7.3941, "sigma": 7.6787}, "geometry": {"type": "Polygon", "coordinates": [[[-76.56, 3.325], [-76.555, 3.325], [-76.555, 3.33], [-76.56, 3.33], [-76.56, 3.325]]]}}, {"type": "Feature", "properties": {"value": 7.2966, "sigma": 7.6787}, "geometry": {"type": "Polygon", "coordinates": [[[-76.555, 3.325], [-76.55, 3.325], [-76.55, 3.33], [-76.555, 3.33], [-76.555, 3.325]]]}}, {"type": "Feature", "properties": {"value": 7.1917, "sigma": 7.6787}, "geometry": {"type": "Polygon", "coordinates": [[[-76.55, 3.325], [-76.545, 3.325], [-76.545, 3.33], [-76.55, 3.33], [-76.55, 3.325]]]}}, {"type": "Feature", "properties": {"value": 7.0861, "sigma": 7.6787}, "geometry": {"type": "Polygon", "coordinates": [[[-76.545, 3.325], [-76.54, 3.325], [-76.54, 3.33], [-76.545, 3.33], [-76.545, 3.325]]]}}, {"type": "Feature", "properties": {"value": 6.9888, "sigma": 7.6787}, "geometry": {"type": "Polygon", "coordinates": [[[-76.54, 3.325], [-76.535, 3.325], [-76.535, 3.33], [-76.54, 3.33], [-76.54, 3.325]]]}}, {"type": "Feature", "properties": {"value": 6.9184, "sigma": 7.6787}, "geometry": {"type": "Polygon", "coordinates": [[[-76.535, 3.325], [-76.53, 3.325], [-76.53, 3.33], [-76.535, 3.33], [-76.535, 3.325]]]}}, {"type": "Feature", "properties": {"value": 6.9156, "sigma": 7.6787}, "geometry": {"type": "Polygon", "coordinates": [[[-76.53, 3.325], [-76.525, 3.325], [-76.525, 3.33], [-76.53, 3.33], [-76.53, 3.325]]]}}, {"type": "Feature", "properties": {"value": 7.0522, "sigma": 7.6787}, "geometry": {"type": "Polygon", "coordinates": [[[-76.525, 3.325], [-76.52, 3.325], [-76.52, 3.33], [-76.525, 3.33], [-76.525, 3.325]]]}}, {"type": "Feature", "properties": {"value": 7.394, "sigma": 7.6787}, "geometry": {"type": "Polygon", "coordinates": [[[-76.52, 3.325], [-76.515, 3.325], [-76.515, 3.33], [-76.52, 3.33], [-76.52, 3.325]]]}}, {"type": "Feature", "properties": {"value": 7.819, "sigma": 7.6787}, "geometry": {"type": "Polygon", "coordinates": [[[-76.515, 3.325], [-76.51, 3.325], [-76.51, 3.33], [-76.515, 3.33], [-76.515, 3.325]]]}}, {"type": "Feature", "properties": {"value": 7.9075, "sigma": 7.6787}, "geometry": {"type": "Polygon", "coordinates": [[[-76.51, 3.325], [-76.505, 3.325], [-76.505, 3.33], [-76.51, 3.33], [-76.51, 3.325]]]}}, {"type": "Feature", "properties": {"value": 7.6502, "sigma": 7.6787}, "geometry": {"type": "Polygon", "coordinates": [[[-76.505, 3.325], [-76.5, 3.325], [-76.5, 3.33], [-76.505, 3.33], [-76.505, 3.325]]]}}, {"type": "Feature", "properties": {"value": 7.3681, "sigma": 7.6787}, "geometry": {"type": "Polygon", "coordinates": [[[-76.5, 3.325], [-76.495, 3.325], [-76.495, 3.33], [-76.5, 3.33], [-76.5, 3.325]]]}}, {"type": "Feature", "properties": {"value": 7.1524, "sigma": 7.6787}, "geometry": {"type": "Polygon", "coordinates": [[[-76.495, 3.325], [-76.49, 3.325], [-76.49, 3.33], [-76.495, 3.33], [-76.495, 3.325]]]}}, {"type": "Feature", "properties": {"value": 6.9927, "sigma": 7.6787}, "geometry": {"type": "Polygon", "coordinates": [[[-76.49, 3.325], [-76.485, 3.325], [-76.485, 3.33], [-76.49, 3.33], [-76.49, 3.325]]]}}, {"type": "Feature", "properties": {"value": 6.8807, "sigma": 7.6787}, "geometry": {"type": "Polygon", "coordinates": [[[-76.485, 3.325], [-76.48, 3.325], [-76.48, 3.33], [-76.485, 3.33], [-76.485, 3.325]]]}}, {"type": "Feature", "properties": {"value": 6.8216, "sigma": 7.6787}, "geometry": {"type": "Polygon", "coordinates": [[[-76.48, 3.325], [-76.475, 3.325], [-76.475, 3.33], [-76.48, 3.33], [-76.48, 3.325]]]}}, {"type": "Feature", "properties": {"value": 6.8269, "sigma": 7.6787}, "geometry": {"type": "Polygon", "coordinates": [[[-76.475, 3.325], [-76.47, 3.325], [-76.47, 3.33], [-76.475, 3.33], [-76.475, 3.325]]]}}, {"type": "Feature", "properties": {"value": 6.9073, "sigma": 7.6787}, "geometry": {"type": "Polygon", "coordinates": [[[-76.47, 3.325], [-76.465, 3.325], [-76.465, 3.33], [-76.47, 3.33], [-76.47, 3.325]]]}}, {"type": "Feature", "properties": {"value": 7.0732, "sigma": 7.6787}, "geometry": {"type": "Polygon", "coordinates": [[[-76.465, 3.325], [-76.46, 3.325], [-76.46, 3.33], [-76.465, 3.33], [-76.465, 3.325]]]}}, {"type": "Feature", "properties": {"value": 7.3457, "sigma": 7.6787}, "geometry": {"type": "Polygon", "coordinates": [[[-76.46, 3.325], [-76.455, 3.325], [-76.455, 3.33], [-76.46, 3.33], [-76.46, 3.325]]]}}, {"type": "Feature", "properties": {"value": 7.7613, "sigma": 7.6787}, "geometry": {"type": "Polygon", "coordinates": [[[-76.455, 3.325], [-76.45, 3.325], [-76.45, 3.33], [-76.455, 3.33], [-76.455, 3.325]]]}}, {"type": "Feature", "properties": {"value": 8.3109, "sigma": 7.6787}, "geometry": {"type": "Polygon", "coordinates": [[[-76.45, 3.325], [-76.445, 3.325], [-76.445, 3.33], [-76.45, 3.33], [-76.45, 3.325]]]}}, {"type": "Feature", "properties": {"value": 8.6908, "sigma": 7.6787}, "geometry": {"type": "Polygon", "coordinates": [[[-76.445, 3.325], [-76.44, 3.325], [-76.44, 3.33], [-76.445, 3.33], [-76.445, 3.325]]]}}, {"type": "Feature", "properties": {"value": 8.4354, "sigma": 7.6787}, "geometry": {"type": "Polygon", "coordinates": [[[-76.44, 3.325], [-76.435, 3.325], [-76.435, 3.33], [-76.44, 3.33], [-76.44, 3.325]]]}}, {"type": "Feature", "properties": {"value": 7.8842, "sigma": 7.6787}, "geometry": {"type": "Polygon", "coordinates": [[[-76.435, 3.325], [-76.43, 3.325], [-76.43, 3.33], [-76.435, 3.33], [-76.435, 3.325]]]}}, {"type": "Feature", "properties": {"value": 7.4984, "sigma": 7.6787}, "geometry": {"type": "Polygon", "coordinates": [[[-76.43, 3.325], [-76.425, 3.325], [-76.425, 3.33], [-76.43, 3.33], [-76.43, 3.325]]]}}, {"type": "Feature", "properties": {"value": 7.303, "sigma": 7.6787}, "geometry": {"type": "Polygon", "coordinates": [[[-76.425, 3.325], [-76.42, 3.325], [-76.42, 3.33], [-76.425, 3.33], [-76.425, 3.325]]]}}, {"type": "Feature", "properties": {"value": 7.2189, "sigma": 7.6787}, "geometry": {"type": "Polygon", "coordinates": [[[-76.42, 3.325], [-76.415, 3.325], [-76.415, 3.33], [-76.42, 3.33], [-76.42, 3.325]]]}}, {"type": "Feature", "properties": {"value": 7.1919, "sigma": 7.6787}, "geometry": {"type": "Polygon", "coordinates": [[[-76.415, 3.325], [-76.41, 3.325], [-76.41, 3.33], [-76.415, 3.33], [-76.415, 3.325]]]}}, {"type": "Feature", "properties": {"value": 7.1936, "sigma": 7.6787}, "geometry": {"type": "Polygon", "coordinates": [[[-76.41, 3.325], [-76.405, 3.325], [-76.405, 3.33], [-76.41, 3.33], [-76.41, 3.325]]]}}, {"type": "Feature", "properties": {"value": 7.2095, "sigma": 7.6787}, "geometry": {"type": "Polygon", "coordinates": [[[-76.405, 3.325], [-76.4, 3.325], [-76.4, 3.33], [-76.405, 3.33], [-76.405, 3.325]]]}}, {"type": "Feature", "properties": {"value": 7.8374, "sigma": 7.6787}, "geometry": {"type": "Polygon", "coordinates": [[[-76.6, 3.33], [-76.595, 3.33], [-76.595, 3.335], [-76.6, 3.335], [-76.6, 3.33]]]}}, {"type": "Feature", "properties": {"value": 7.7731, "sigma": 7.6787}, "geometry": {"type": "Polygon", "coordinates": [[[-76.595, 3.33], [-76.59, 3.33], [-76.59, 3.335], [-76.595, 3.335], [-76.595, 3.33]]]}}, {"type": "Feature", "properties": {"value": 7.7047, "sigma": 7.6787}, "geometry": {"type": "Polygon", "coordinates": [[[-76.59, 3.33], [-76.585, 3.33], [-76.585, 3.335], [-76.59, 3.335], [-76.59, 3.33]]]}}, {"type": "Feature", "properties": {"value": 7.6445, "sigma": 7.6787}, "geometry": {"type": "Polygon", "coordinates": [[[-76.585, 3.33], [-76.58, 3.33], [-76.58, 3.335], [-76.585, 3.335], [-76.585, 3.33]]]}}, {"type": "Feature", "properties": {"value": 7.6057, "sigma": 7.6787}, "geometry": {"type": "Polygon", "coordinates": [[[-76.58, 3.33], [-76.575, 3.33], [-76.575, 3.335], [-76.58, 3.335], [-76.58, 3.33]]]}}, {"type": "Feature", "properties": {"value": 7.5855, "sigma": 7.6787}, "geometry": {"type": "Polygon", "coordinates": [[[-76.575, 3.33], [-76.57, 3.33], [-76.57, 3.335], [-76.575, 3.335], [-76.575, 3.33]]]}}, {"type": "Feature", "properties": {"value": 7.5578, "sigma": 7.6787}, "geometry": {"type": "Polygon", "coordinates": [[[-76.57, 3.33], [-76.565, 3.33], [-76.565, 3.335], [-76.57, 3.335], [-76.57, 3.33]]]}}, {"type": "Feature", "properties": {"value": 7.498, "sigma": 7.6787}, "geometry": {"type": "Polygon", "coordinates": [[[-76.565, 3.33], [-76.56, 3.33], [-76.56, 3.335], [-76.565, 3.335], [-76.565, 3.33]]]}}, {"type": "Feature", "properties": {"value": 7.4021, "sigma": 7.6787}, "geometry": {"type": "Polygon", "coordinates": [[[-76.56, 3.33], [-76.555, 3.33], [-76.555, 3.335], [-76.56, 3.335], [-76.56, 3.33]]]}}, {"type": "Feature", "properties": {"value": 7.2785, "sigma": 7.6787}, "geometry": {"type": "Polygon", "coordinates": [[[-76.555, 3.33], [-76.55, 3.33], [-76.55, 3.335], [-76.555, 3.335], [-76.555, 3.33]]]}}, {"type": "Feature", "properties": {"value": 7.1346, "sigma": 7.6787}, "geometry": {"type": "Polygon", "coordinates": [[[-76.55, 3.33], [-76.545, 3.33], [-76.545, 3.335], [-76.55, 3.335], [-76.55, 3.33]]]}}, {"type": "Feature", "properties": {"value": 6.9736, "sigma": 7.6787}, "geometry": {"type": "Polygon", "coordinates": [[[-76.545, 3.33], [-76.54, 3.33], [-76.54, 3.335], [-76.545, 3.335], [-76.545, 3.33]]]}}, {"type": "Feature", "properties": {"value": 6.796, "sigma": 7.6787}, "geometry": {"type": "Polygon", "coordinates": [[[-76.54, 3.33], [-76.535, 3.33], [-76.535, 3.335], [-76.54, 3.335], [-76.54, 3.33]]]}}, {"type": "Feature", "properties": {"value": 6.6108, "sigma": 7.6787}, "geometry": {"type": "Polygon", "coordinates": [[[-76.535, 3.33], [-76.53, 3.33], [-76.53, 3.335], [-76.535, 3.335], [-76.535, 3.33]]]}}, {"type": "Feature", "properties": {"value": 6.4594, "sigma": 7.6787}, "geometry": {"type": "Polygon", "coordinates": [[[-76.53, 3.33], [-76.525, 3.33], [-76.525, 3.335], [-76.53, 3.335], [-76.53, 3.33]]]}}, {"type": "Feature", "properties": {"value": 6.4446, "sigma": 7.6787}, "geometry": {"type": "Polygon", "coordinates": [[[-76.525, 3.33], [-76.52, 3.33], [-76.52, 3.335], [-76.525, 3.335], [-76.525, 3.33]]]}}, {"type": "Feature", "properties": {"value": 6.6709, "sigma": 7.6787}, "geometry": {"type": "Polygon", "coordinates": [[[-76.52, 3.33], [-76.515, 3.33], [-76.515, 3.335], [-76.52, 3.335], [-76.52, 3.33]]]}}, {"type": "Feature", "properties": {"value": 7.0371, "sigma": 7.6787}, "geometry": {"type": "Polygon", "coordinates": [[[-76.515, 3.33], [-76.51, 3.33], [-76.51, 3.335], [-76.515, 3.335], [-76.515, 3.33]]]}}, {"type": "Feature", "properties": {"value": 7.2726, "sigma": 7.6787}, "geometry": {"type": "Polygon", "coordinates": [[[-76.51, 3.33], [-76.505, 3.33], [-76.505, 3.335], [-76.51, 3.335], [-76.51, 3.33]]]}}, {"type": "Feature", "properties": {"value": 7.3006, "sigma": 7.6787}, "geometry": {"type": "Polygon", "coordinates": [[[-76.505, 3.33], [-76.5, 3.33], [-76.5, 3.335], [-76.505, 3.335], [-76.505, 3.33]]]}}, {"type": "Feature", "properties": {"value": 7.2211, "sigma": 7.6787}, "geometry": {"type": "Polygon", "coordinates": [[[-76.5, 3.33], [-76.495, 3.33], [-76.495, 3.335], [-76.5, 3.335], [-76.5, 3.33]]]}}, {"type": "Feature", "properties": {"value": 7.1155, "sigma": 7.6787}, "geometry": {"type": "Polygon", "coordinates": [[[-76.495, 3.33], [-76.49, 3.33], [-76.49, 3.335], [-76.495, 3.335], [-76.495, 3.33]]]}}, {"type": "Feature", "properties": {"value": 7.0195, "sigma": 7.6787}, "geometry": {"type": "Polygon", "coordinates": [[[-76.49, 3.33], [-76.485, 3.33], [-76.485, 3.335], [-76.49, 3.335], [-76.49, 3.33]]]}}, {"type": "Feature", "properties": {"value": 6.9492, "sigma": 7.6787}, "geometry": {"type": "Polygon", "coordinates": [[[-76.485, 3.33], [-76.48, 3.33], [-76.48, 3.335], [-76.485, 3.335], [-76.485, 3.33]]]}}, {"type": "Feature", "properties": {"value": 6.9147, "sigma": 7.6787}, "geometry": {"type": "Polygon", "coordinates": [[[-76.48, 3.33], [-76.475, 3.33], [-76.475, 3.335], [-76.48, 3.335], [-76.48, 3.33]]]}}, {"type": "Feature", "properties": {"value": 6.9247, "sigma": 7.6787}, "geometry": {"type": "Polygon", "coordinates": [[[-76.475, 3.33], [-76.47, 3.33], [-76.47, 3.335], [-76.475, 3.335], [-76.475, 3.33]]]}}, {"type": "Feature", "properties": {"value": 6.9863, "sigma": 7.6787}, "geometry": {"type": "Polygon", "coordinates": [[[-76.47, 3.33], [-76.465, 3.33], [-76.465, 3.335], [-76.47, 3.335], [-76.47, 3.33]]]}}, {"type": "Feature", "properties": {"value": 7.1068, "sigma": 7.6787}, "geometry": {"type": "Polygon", "coordinates": [[[-76.465, 3.33], [-76.46, 3.33], [-76.46, 3.335], [-76.465, 3.335], [-76.465, 3.33]]]}}, {"type": "Feature", "properties": {"value": 7.2954, "sigma": 7.6787}, "geometry": {"type": "Polygon", "coordinates": [[[-76.46, 3.33], [-76.455, 3.33], [-76.455, 3.335], [-76.46, 3.335], [-76.46, 3.33]]]}}, {"type": "Feature", "properties": {"value": 7.5554, "sigma": 7.6787}, "geometry": {"type": "Polygon", "coordinates": [[[-76.455, 3.33], [-76.45, 3.33], [-76.45, 3.335], [-76.455, 3.335], [-76.455, 3.33]]]}}, {"type": "Feature", "properties": {"value": 7.8441, "sigma": 7.6787}, "geometry": {"type": "Polygon", "coordinates": [[[-76.45, 3.33], [-76.445, 3.33], [-76.445, 3.335], [-76.45, 3.335], [-76.45, 3.33]]]}}, {"type": "Feature", "properties": {"value": 8.014, "sigma": 7.6787}, "geometry": {"type": "Polygon", "coordinates": [[[-76.445, 3.33], [-76.44, 3.33], [-76.44, 3.335], [-76.445, 3.335], [-76.445, 3.33]]]}}, {"type": "Feature", "properties": {"value": 7.9288, "sigma": 7.6787}, "geometry": {"type": "Polygon", "coordinates": [[[-76.44, 3.33], [-76.435, 3.33], [-76.435, 3.335], [-76.44, 3.335], [-76.44, 3.33]]]}}, {"type": "Feature", "properties": {"value": 7.6918, "sigma": 7.6787}, "geometry": {"type": "Polygon", "coordinates": [[[-76.435, 3.33], [-76.43, 3.33], [-76.43, 3.335], [-76.435, 3.335], [-76.435, 3.33]]]}}, {"type": "Feature", "properties": {"value": 7.4772, "sigma": 7.6787}, "geometry": {"type": "Polygon", "coordinates": [[[-76.43, 3.33], [-76.425, 3.33], [-76.425, 3.335], [-76.43, 3.335], [-76.43, 3.33]]]}}, {"type": "Feature", "properties": {"value": 7.3414, "sigma": 7.6787}, "geometry": {"type": "Polygon", "coordinates": [[[-76.425, 3.33], [-76.42, 3.33], [-76.42, 3.335], [-76.425, 3.335], [-76.425, 3.33]]]}}, {"type": "Feature", "properties": {"value": 7.2712, "sigma": 7.6787}, "geometry": {"type": "Polygon", "coordinates": [[[-76.42, 3.33], [-76.415, 3.33], [-76.415, 3.335], [-76.42, 3.335], [-76.42, 3.33]]]}}, {"type": "Feature", "properties": {"value": 7.2431, "sigma": 7.6787}, "geometry": {"type": "Polygon", "coordinates": [[[-76.415, 3.33], [-76.41, 3.33], [-76.41, 3.335], [-76.415, 3.335], [-76.415, 3.33]]]}}, {"type": "Feature", "properties": {"value": 7.2397, "sigma": 7.6787}, "geometry": {"type": "Polygon", "coordinates": [[[-76.41, 3.33], [-76.405, 3.33], [-76.405, 3.335], [-76.41, 3.335], [-76.41, 3.33]]]}}, {"type": "Feature", "properties": {"value": 7.2504, "sigma": 7.6787}, "geometry": {"type": "Polygon", "coordinates": [[[-76.405, 3.33], [-76.4, 3.33], [-76.4, 3.335], [-76.405, 3.335], [-76.405, 3.33]]]}}, {"type": "Feature", "properties": {"value": 7.8831, "sigma": 7.6787}, "geometry": {"type": "Polygon", "coordinates": [[[-76.6, 3.335], [-76.595, 3.335], [-76.595, 3.34], [-76.6, 3.34], [-76.6, 3.335]]]}}, {"type": "Feature", "properties": {"value": 7.8008, "sigma": 7.6787}, "geometry": {"type": "Polygon", "coordinates": [[[-76.595, 3.335], [-76.59, 3.335], [-76.59, 3.34], [-76.595, 3.34], [-76.595, 3.335]]]}}, {"type": "Feature", "properties": {"value": 7.7051, "sigma": 7.6787}, "geometry": {"type": "Polygon", "coordinates": [[[-76.59, 3.335], [-76.585, 3.335], [-76.585, 3.34], [-76.59, 3.34], [-76.59, 3.335]]]}}, {"type": "Feature", "properties": {"value": 7.6162, "sigma": 7.6787}, "geometry": {"type": "Polygon", "coordinates": [[[-76.585, 3.335], [-76.58, 3.335], [-76.58, 3.34], [-76.585, 3.34], [-76.585, 3.335]]]}}, {"type": "Feature", "properties": {"value": 7.5674, "sigma": 7.6787}, "geometry": {"type": "Polygon", "coordinates": [[[-76.58, 3.335], [-76.575, 3.335], [-76.575, 3.34], [-76.58, 3.34], [-76.58, 3.335]]]}}, {"type": "Feature", "properties": {"value": 7.5687, "sigma": 7.6787}, "geometry": {"type": "Polygon", "coordinates": [[[-76.575, 3.335], [-76.57, 3.335], [-76.57, 3.34], [-76.575, 3.34], [-76.575, 3.335]]]}}, {"type": "Feature", "properties": {"value": 7.5725, "sigma": 7.6787}, "geometry": {"type": "Polygon", "coordinates": [[[-76.57, 3.335], [-76.565, 3.335], [-76.565, 3.34], [-76.57, 3.34], [-76.57, 3.335]]]}}, {"type": "Feature", "properties": {"value": 7.5267, "sigma": 7.6787}, "geometry": {"type": "Polygon", "coordinates": [[[-76.565, 3.335], [-76.56, 3.335], [-76.56, 3.34], [-76.565, 3.34], [-76.565, 3.335]]]}}, {"type": "Feature", "properties": {"value": 7.4235, "sigma": 7.6787}, "geometry": {"type": "Polygon", "coordinates": [[[-76.56, 3.335], [-76.555, 3.335], [-76.555, 3.34], [-76.56, 3.34], [-76.56, 3.335]]]}}, {"type": "Feature", "properties": {"value": 7.2774, "sigma": 7.6787}, "geometry": {"type": "Polygon", "coordinates": [[[-76.555, 3.335], [-76.55, 3.335], [-76.55, 3.34], [-76.555, 3.34], [-76.555, 3.335]]]}}, {"type": "Feature", "properties": {"value": 7.0985, "sigma": 7.6787}, "geometry": {"type": "Polygon", "coordinates": [[[-76.55, 3.335], [-76.545, 3.335], [-76.545, 3.34], [-76.55, 3.34], [-76.55, 3.335]]]}}, {"type": "Feature", "properties": {"value": 6.8863, "sigma": 7.6787}, "geometry": {"type": "Polygon", "coordinates": [[[-76.545, 3.335], [-76.54, 3.335], [-76.54, 3.34], [-76.545, 3.34], [-76.545, 3.335]]]}}, {"type": "Feature", "properties": {"value": 6.6299, "sigma": 7.6787}, "geometry": {"type": "Polygon", "coordinates": [[[-76.54, 3.335], [-76.535, 3.335], [-76.535, 3.34], [-76.54, 3.34], [-76.54, 3.335]]]}}, {"type": "Feature", "properties": {"value": 6.3181, "sigma": 7.6787}, "geometry": {"type": "Polygon", "coordinates": [[[-76.535, 3.335], [-76.53, 3.335], [-76.53, 3.34], [-76.535, 3.34], [-76.535, 3.335]]]}}, {"type": "Feature", "properties": {"value": 5.9785, "sigma": 7.6787}, "geometry": {"type": "Polygon", "coordinates": [[[-76.53, 3.335], [-76.525, 3.335], [-76.525, 3.34], [-76.53, 3.34], [-76.53, 3.335]]]}}, {"type": "Feature", "properties": {"value": 5.7764, "sigma": 7.6787}, "geometry": {"type": "Polygon", "coordinates": [[[-76.525, 3.335], [-76.52, 3.335], [-76.52, 3.34], [-76.525, 3.34], [-76.525, 3.335]]]}}, {"type": "Feature", "properties": {"value": 5.992, "sigma": 7.6787}, "geometry": {"type": "Polygon", "coordinates": [[[-76.52, 3.335], [-76.515, 3.335], [-76.515, 3.34], [-76.52, 3.34], [-76.52, 3.335]]]}}, {"type": "Feature", "properties": {"value": 6.5299, "sigma": 7.6787}, "geometry": {"type": "Polygon", "coordinates": [[[-76.515, 3.335], [-76.51, 3.335], [-76.51, 3.34], [-76.515, 3.34], [-76.515, 3.335]]]}}, {"type": "Feature", "properties": {"value": 6.9426, "sigma": 7.6787}, "geometry": {"type": "Polygon", "coordinates": [[[-76.51, 3.335], [-76.505, 3.335], [-76.505, 3.34], [-76.51, 3.34], [-76.51, 3.335]]]}}, {"type": "Feature", "properties": {"value": 7.1075, "sigma": 7.6787}, "geometry": {"type": "Polygon", "coordinates": [[[-76.505, 3.335], [-76.5, 3.335], [-76.5, 3.34], [-76.505, 3.34], [-76.505, 3.335]]]}}, {"type": "Feature", "properties": {"value": 7.1194, "sigma": 7.6787}, "geometry": {"type": "Polygon", "coordinates": [[[-76.5, 3.335], [-76.495, 3.335], [-76.495, 3.34], [-76.5, 3.34], [-76.5, 3.335]]]}}, {"type": "Feature", "properties": {"value": 7.0707, "sigma": 7.6787}, "geometry": {"type": "Polygon", "coordinates": [[[-76.495, 3.335], [-76.49, 3.335], [-76.49, 3.34], [-76.495, 3.34], [-76.495, 3.335]]]}}, {"type": "Feature", "properties": {"value": 7.0125, "sigma": 7.6787}, "geometry": {"type": "Polygon", "coordinates": [[[-76.49, 3.335], [-76.485, 3.335], [-76.485, 3.34], [-76.49, 3.34], [-76.49, 3.335]]]}}, {"type": "Feature", "properties": {"value": 6.9685, "sigma": 7.6787}, "geometry": {"type": "Polygon", "coordinates": [[[-76.485, 3.335], [-76.48, 3.335], [-76.48, 3.34], [-76.485, 3.34], [-76.485, 3.335]]]}}, {"type": "Feature", "properties": {"value": 6.9492, "sigma": 7.6787}, "geometry": {"type": "Polygon", "coordinates": [[[-76.48, 3.335], [-76.475, 3.335], [-76.475, 3.34], [-76.48, 3.34], [-76.48, 3.335]]]}}, {"type": "Feature", "properties": {"value": 6.96, "sigma": 7.6787}, "geometry": {"type": "Polygon", "coordinates": [[[-76.475, 3.335], [-76.47, 3.335], [-76.47, 3.34], [-76.475, 3.34], [-76.475, 3.335]]]}}, {"type": "Feature", "properties": {"value": 7.0046, "sigma": 7.6787}, "geometry": {"type": "Polygon", "coordinates": [[[-76.47, 3.335], [-76.465, 3.335], [-76.465, 3.34], [-76.47, 3.34], [-76.47, 3.335]]]}}, {"type": "Feature", "properties": {"value": 7.0855, "sigma": 7.6787}, "geometry": {"type": "Polygon", "coordinates": [[[-76.465, 3.335], [-76.46, 3.335], [-76.46, 3.34], [-76.465, 3.34], [-76.465, 3.335]]]}}, {"type": "Feature", "properties": {"value": 7.2032, "sigma": 7.6787}, "geometry": {"type": "Polygon", "coordinates": [[[-76.46, 3.335], [-76.455, 3.335], [-76.455, 3.34], [-76.46, 3.34], [-76.46, 3.335]]]}}, {"type": "Feature", "properties": {"value": 7.3499, "sigma": 7.6787}, "geometry": {"type": "Polygon", "coordinates": [[[-76.455, 3.335], [-76.45, 3.335], [-76.45, 3.34], [-76.455, 3.34], [-76.455, 3.335]]]}}, {"type": "Feature", "properties": {"value": 7.4949, "sigma": 7.6787}, "geometry": {"type": "Polygon", "coordinates": [[[-76.45, 3.335], [-76.445, 3.335], [-76.445, 3.34], [-76.45, 3.34], [-76.45, 3.335]]]}}, {"type": "Feature", "properties": {"value": 7.5807, "sigma": 7.6787}, "geometry": {"type": "Polygon", "coordinates": [[[-76.445, 3.335], [-76.44, 3.335], [-76.44, 3.34], [-76.445, 3.34], [-76.445, 3.335]]]}}, {"type": "Feature", "properties": {"value": 7.5676, "sigma": 7.6787}, "geometry": {"type": "Polygon", "coordinates": [[[-76.44, 3.335], [-76.435, 3.335], [-76.435, 3.34], [-76.44, 3.34], [-76.44, 3.335]]]}}, {"type": "Feature", "properties": {"value": 7.4848, "sigma": 7.6787}, "geometry": {"type": "Polygon", "coordinates": [[[-76.435, 3.335], [-76.43, 3.335], [-76.43, 3.34], [-76.435, 3.34], [-76.435, 3.335]]]}}, {"type": "Feature", "properties": {"value": 7.3924, "sigma": 7.6787}, "geometry": {"type": "Polygon", "coordinates": [[[-76.43, 3.335], [-76.425, 3.335], [-76.425, 3.34], [-76.43, 3.34], [-76.43, 3.335]]]}}, {"type": "Feature", "properties": {"value": 7.3244, "sigma": 7.6787}, "geometry": {"type": "Polygon", "coordinates": [[[-76.425, 3.335], [-76.42, 3.335], [-76.42, 3.34], [-76.425, 3.34], [-76.425, 3.335]]]}}, {"type": "Feature", "properties": {"value": 7.2862, "sigma": 7.6787}, "geometry": {"type": "Polygon", "coordinates": [[[-76.42, 3.335], [-76.415, 3.335], [-76.415, 3.34], [-76.42, 3.34], [-76.42, 3.335]]]}}, {"type": "Feature", "properties": {"value": 7.2716, "sigma": 7.6787}, "geometry": {"type": "Polygon", "coordinates": [[[-76.415, 3.335], [-76.41, 3.335], [-76.41, 3.34], [-76.415, 3.34], [-76.415, 3.335]]]}}, {"type": "Feature", "properties": {"value": 7.273, "sigma": 7.6787}, "geometry": {"type": "Polygon", "coordinates": [[[-76.41, 3.335], [-76.405, 3.335], [-76.405, 3.34], [-76.41, 3.34], [-76.41, 3.335]]]}}, {"type": "Feature", "properties": {"value": 7.2842, "sigma": 7.6787}, "geometry": {"type": "Polygon", "coordinates": [[[-76.405, 3.335], [-76.4, 3.335], [-76.4, 3.34], [-76.405, 3.34], [-76.405, 3.335]]]}}, {"type": "Feature", "properties": {"value": 7.9542, "sigma": 7.6787}, "geometry": {"type": "Polygon", "coordinates": [[[-76.6, 3.34], [-76.595, 3.34], [-76.595, 3.345], [-76.6, 3.345], [-76.6, 3.34]]]}}, {"type": "Feature", "properties": {"value": 7.8562, "sigma": 7.6787}, "geometry": {"type": "Polygon", "coordinates": [[[-76.595, 3.34], [-76.59, 3.34], [-76.59, 3.345], [-76.595, 3.345], [-76.595, 3.34]]]}}, {"type": "Feature", "properties": {"value": 7.7296, "sigma": 7.6787}, "geometry": {"type": "Polygon", "coordinates": [[[-76.59, 3.34], [-76.585, 3.34], [-76.585, 3.345], [-76.59, 3.345], [-76.59, 3.34]]]}}, {"type": "Feature", "properties": {"value": 7.6004, "sigma": 7.6787}, "geometry": {"type": "Polygon", "coordinates": [[[-76.585, 3.34], [-76.58, 3.34], [-76.58, 3.345], [-76.585, 3.345], [-76.585, 3.34]]]}}, {"type": "Feature", "properties": {"value": 7.5287, "sigma": 7.6787}, "geometry": {"type": "Polygon", "coordinates": [[[-76.58, 3.34], [-76.575, 3.34], [-76.575, 3.345], [-76.58, 3.345], [-76.58, 3.34]]]}}, {"type": "Feature", "properties": {"value": 7.5499, "sigma": 7.6787}, "geometry": {"type": "Polygon", "coordinates": [[[-76.575, 3.34], [-76.57, 3.34], [-76.57, 3.345], [-76.575, 3.345], [-76.575, 3.34]]]}}, {"type": "Feature", "properties": {"value": 7.5915, "sigma": 7.6787}, "geometry": {"type": "Polygon", "coordinates": [[[-76.57, 3.34], [-76.565, 3.34], [-76.565, 3.345], [-76.57, 3.345], [-76.57, 3.34]]]}}, {"type": "Feature", "properties": {"value": 7.5656, "sigma": 7.6787}, "geometry": {"type": "Polygon", "coordinates": [[[-76.565, 3.34], [-76.56, 3.34], [-76.56, 3.345], [-76.565, 3.345], [-76.565, 3.34]]]}}, {"type": "Feature", "properties": {"value": 7.4606, "sigma": 7.6787}, "geometry": {"type": "Polygon", "coordinates": [[[-76.56, 3.34], [-76.555, 3.34], [-76.555, 3.345], [-76.56, 3.345], [-76.56, 3.34]]]}}, {"type": "Feature", "properties": {"value": 7.2992, "sigma": 7.6787}, "geometry": {"type": "Polygon", "coordinates": [[[-76.555, 3.34], [-76.55, 3.34], [-76.55, 3.345], [-76.555, 3.345], [-76.555, 3.34]]]}}, {"type": "Feature", "properties": {"value": 7.0968, "sigma": 7.6787}, "geometry": {"type": "Polygon", "coordinates": [[[-76.55, 3.34], [-76.545, 3.34], [-76.545, 3.345], [-76.55, 3.345], [-76.55, 3.34]]]}}, {"type": "Feature", "properties": {"value": 6.8525, "sigma": 7.6787}, "geometry": {"type": "Polygon", "coordinates": [[[-76.545, 3.34], [-76.54, 3.34], [-76.54, 3.345], [-76.545, 3.345], [-76.545, 3.34]]]}}, {"type": "Feature", "properties": {"value": 6.5487, "sigma": 7.6787}, "geometry": {"type": "Polygon", "coordinates": [[[-76.54, 3.34], [-76.535, 3.34], [-76.535, 3.345], [-76.54, 3.345], [-76.54, 3.34]]]}}, {"type": "Feature", "properties": {"value": 6.155, "sigma": 7.6787}, "geometry": {"type": "Polygon", "coordinates": [[[-76.535, 3.34], [-76.53, 3.34], [-76.53, 3.345], [-76.535, 3.345], [-76.535, 3.34]]]}}, {"type": "Feature", "properties": {"value": 5.6622, "sigma": 7.6787}, "geometry": {"type": "Polygon", "coordinates": [[[-76.53, 3.34], [-76.525, 3.34], [-76.525, 3.345], [-76.53, 3.345], [-76.53, 3.34]]]}}, {"type": "Feature", "properties": {"value": 5.2668, "sigma": 7.6787}, "geometry": {"type": "Polygon", "coordinates": [[[-76.525, 3.34], [-76.52, 3.34], [-76.52, 3.345], [-76.525, 3.345], [-76.525, 3.34]]]}}, {"type": "Feature", "properties": {"value": 5.5391, "sigma": 7.6787}, "geometry": {"type": "Polygon", "coordinates": [[[-76.52, 3.34], [-76.515, 3.34], [-76.515, 3.345], [-76.52, 3.345], [-76.52, 3.34]]]}}, {"type": "Feature", "properties": {"value": 6.4619, "sigma": 7.6787}, "geometry": {"type": "Polygon", "coordinates": [[[-76.515, 3.34], [-76.51, 3.34], [-76.51, 3.345], [-76.515, 3.345], [-76.515, 3.34]]]}}, {"type": "Feature", "properties": {"value": 6.9986, "sigma": 7.6787}, "geometry": {"type": "Polygon", "coordinates": [[[-76.51, 3.34], [-76.505, 3.34], [-76.505, 3.345], [-76.51, 3.345], [-76.51, 3.34]]]}}, {"type": "Feature", "properties": {"value": 7.1217, "sigma": 7.6787}, "geometry": {"type": "Polygon", "coordinates": [[[-76.505, 3.34], [-76.5, 3.34], [-76.5, 3.345], [-76.505, 3.345], [-76.505, 3.34]]]}}, {"type": "Feature", "properties": {"value": 7.0938, "sigma": 7.6787}, "geometry": {"type": "Polygon", "coordinates": [[[-76.5, 3.34], [-76.495, 3.34], [-76.495, 3.345], [-76.5, 3.345], [-76.5, 3.34]]]}}, {"type": "Feature", "properties": {"value": 7.0341, "sigma": 7.6787}, "geometry": {"type": "Polygon", "coordinates": [[[-76.495, 3.34], [-76.49, 3.34], [-76.49, 3.345], [-76.495, 3.345], [-76.495, 3.34]]]}}, {"type": "Feature", "properties": {"value": 6.9827, "sigma": 7.6787}, "geometry": {"type": "Polygon", "coordinates": [[[-76.49, 3.34], [-76.485, 3.34], [-76.485, 3.345], [-76.49, 3.345], [-76.49, 3.34]]]}}, {"type": "Feature", "properties": {"value": 6.9511, "sigma": 7.6787}, "geometry": {"type": "Polygon", "coordinates": [[[-76.485, 3.34], [-76.48, 3.34], [-76.48, 3.345], [-76.485, 3.345], [-76.485, 3.34]]]}}, {"type": "Feature", "properties": {"value": 6.9408, "sigma": 7.6787}, "geometry": {"type": "Polygon", "coordinates": [[[-76.48, 3.34], [-76.475, 3.34], [-76.475, 3.345], [-76.48, 3.345], [-76.48, 3.34]]]}}, {"type": "Feature", "properties": {"value": 6.9514, "sigma": 7.6787}, "geometry": {"type": "Polygon", "coordinates": [[[-76.475, 3.34], [-76.47, 3.34], [-76.47, 3.345], [-76.475, 3.345], [-76.475, 3.34]]]}}, {"type": "Feature", "properties": {"value": 6.9821, "sigma": 7.6787}, "geometry": {"type": "Polygon", "coordinates": [[[-76.47, 3.34], [-76.465, 3.34], [-76.465, 3.345], [-76.47, 3.345], [-76.47, 3.34]]]}}, {"type": "Feature", "properties": {"value": 7.0327, "sigma": 7.6787}, "geometry": {"type": "Polygon", "coordinates": [[[-76.465, 3.34], [-76.46, 3.34], [-76.46, 3.345], [-76.465, 3.345], [-76.465, 3.34]]]}}, {"type": "Feature", "properties": {"value": 7.1012, "sigma": 7.6787}, "geometry": {"type": "Polygon", "coordinates": [[[-76.46, 3.34], [-76.455, 3.34], [-76.455, 3.345], [-76.46, 3.345], [-76.46, 3.34]]]}}, {"type": "Feature", "properties": {"value": 7.1814, "sigma": 7.6787}, "geometry": {"type": "Polygon", "coordinates": [[[-76.455, 3.34], [-76.45, 3.34], [-76.45, 3.345], [-76.455, 3.345], [-76.455, 3.34]]]}}, {"type": "Feature", "properties": {"value": 7.2587, "sigma": 7.6787}, "geometry": {"type": "Polygon", "coordinates": [[[-76.45, 3.34], [-76.445, 3.34], [-76.445, 3.345], [-76.45, 3.345], [-76.45, 3.34]]]}}, {"type": "Feature", "properties": {"value": 7.3126, "sigma": 7.6787}, "geometry": {"type": "Polygon", "coordinates": [[[-76.445, 3.34], [-76.44, 3.34], [-76.44, 3.345], [-76.445, 3.345], [-76.445, 3.34]]]}}, {"type": "Feature", "properties": {"value": 7.3311, "sigma": 7.6787}, "geometry": {"type": "Polygon", "coordinates": [[[-76.44, 3.34], [-76.435, 3.34], [-76.435, 3.345], [-76.44, 3.345], [-76.44, 3.34]]]}}, {"type": "Feature", "properties": {"value": 7.3217, "sigma": 7.6787}, "geometry": {"type": "Polygon", "coordinates": [[[-76.435, 3.34], [-76.43, 3.34], [-76.43, 3.345], [-76.435, 3.345], [-76.435, 3.34]]]}}, {"type": "Feature", "properties": {"value": 7.3027, "sigma": 7.6787}, "geometry": {"type": "Polygon", "coordinates": [[[-76.43, 3.34], [-76.425, 3.34], [-76.425, 3.345], [-76.43, 3.345], [-76.43, 3.34]]]}}, {"type": "Feature", "properties": {"value": 7.2882, "sigma": 7.6787}, "geometry": {"type": "Polygon", "coordinates": [[[-76.425, 3.34], [-76.42, 3.34], [-76.42, 3.345], [-76.425, 3.345], [-76.425, 3.34]]]}}, {"type": "Feature", "properties": {"value": 7.2832, "sigma": 7.6787}, "geometry": {"type": "Polygon", "coordinates": [[[-76.42, 3.34], [-76.415, 3.34], [-76.415, 3.345], [-76.42, 3.345], [-76.42, 3.34]]]}}, {"type": "Feature", "properties": {"value": 7.2872, "sigma": 7.6787}, "geometry": {"type": "Polygon", "coordinates": [[[-76.415, 3.34], [-76.41, 3.34], [-76.41, 3.345], [-76.415, 3.345], [-76.415, 3.34]]]}}, {"type": "Feature", "properties": {"value": 7.298, "sigma": 7.6787}, "geometry": {"type": "Polygon", "coordinates": [[[-76.41, 3.34], [-76.405, 3.34], [-76.405, 3.345], [-76.41, 3.345], [-76.41, 3.34]]]}}, {"type": "Feature", "properties": {"value": 7.3133, "sigma": 7.6787}, "geometry": {"type": "Polygon", "coordinates": [[[-76.405, 3.34], [-76.4, 3.34], [-76.4, 3.345], [-76.405, 3.345], [-76.405, 3.34]]]}}, {"type": "Feature", "properties": {"value": 8.0678, "sigma": 7.6787}, "geometry": {"type": "Polygon", "coordinates": [[[-76.6, 3.345], [-76.595, 3.345], [-76.595, 3.35], [-76.6, 3.35], [-76.6, 3.345]]]}}, {"type": "Feature", "properties": {"value": 7.9697, "sigma": 7.6787}, "geometry": {"type": "Polygon", "coordinates": [[[-76.595, 3.345], [-76.59, 3.345], [-76.59, 3.35], [-76.595, 3.35], [-76.595, 3.345]]]}}, {"type": "Feature", "properties": {"value": 7.8295, "sigma": 7.6787}, "geometry": {"type": "Polygon", "coordinates": [[[-76.59, 3.345], [-76.585, 3.345], [-76.585, 3.35], [-76.59, 3.35], [-76.59, 3.345]]]}}, {"type": "Feature", "properties": {"value": 7.6741, "sigma": 7.6787}, "geometry": {"type": "Polygon", "coordinates": [[[-76.585, 3.345], [-76.58, 3.345], [-76.58, 3.35], [-76.585, 3.35], [-76.585, 3.345]]]}}, {"type": "Feature", "properties": {"value": 7.5806, "sigma": 7.6787}, "geometry": {"type": "Polygon", "coordinates": [[[-76.58, 3.345], [-76.575, 3.345], [-76.575, 3.35], [-76.58, 3.35], [-76.58, 3.345]]]}}, {"type": "Feature", "properties": {"value": 7.6006, "sigma": 7.6787}, "geometry": {"type": "Polygon", "coordinates": [[[-76.575, 3.345], [-76.57, 3.345], [-76.57, 3.35], [-76.575, 3.35], [-76.575, 3.345]]]}}, {"type": "Feature", "properties": {"value": 7.6514, "sigma": 7.6787}, "geometry": {"type": "Polygon", "coordinates": [[[-76.57, 3.345], [-76.565, 3.345], [-76.565, 3.35], [-76.57, 3.35], [-76.57, 3.345]]]}}, {"type": "Feature", "properties": {"value": 7.6292, "sigma": 7.6787}, "geometry": {"type": "Polygon", "coordinates": [[[-76.565, 3.345], [-76.56, 3.345], [-76.56, 3.35], [-76.565, 3.35], [-76.565, 3.345]]]}}, {"type": "Feature", "properties": {"value": 7.5195, "sigma": 7.6787}, "geometry": {"type": "Polygon", "coordinates": [[[-76.56, 3.345], [-76.555, 3.345], [-76.555, 3.35], [-76.56, 3.35], [-76.56, 3.345]]]}}, {"type": "Feature", "properties": {"value": 7.3489, "sigma": 7.6787}, "geometry": {"type": "Polygon", "coordinates": [[[-76.555, 3.345], [-76.55, 3.345], [-76.55, 3.35], [-76.555, 3.35], [-76.555, 3.345]]]}}, {"type": "Feature", "properties": {"value": 7.1377, "sigma": 7.6787}, "geometry": {"type": "Polygon", "coordinates": [[[-76.55, 3.345], [-76.545, 3.345], [-76.545, 3.35], [-76.55, 3.35], [-76.55, 3.345]]]}}, {"type": "Feature", "properties": {"value": 6.8897, "sigma": 7.6787}, "geometry": {"type": "Polygon", "coordinates": [[[-76.545, 3.345], [-76.54, 3.345], [-76.54, 3.35], [-76.545, 3.35], [-76.545, 3.345]]]}}, {"type": "Feature", "properties": {"value": 6.5941, "sigma": 7.6787}, "geometry": {"type": "Polygon", "coordinates": [[[-76.54, 3.345], [-76.535, 3.345], [-76.535, 3.35], [-76.54, 3.35], [-76.54, 3.345]]]}}, {"type": "Feature", "properties": {"value": 6.2294, "sigma": 7.6787}, "geometry": {"type": "Polygon", "coordinates": [[[-76.535, 3.345], [-76.53, 3.345], [-76.53, 3.35], [-76.535, 3.35], [-76.535, 3.345]]]}}, {"type": "Feature", "properties": {"value": 5.7879, "sigma": 7.6787}, "geometry": {"type": "Polygon", "coordinates": [[[-76.53, 3.345], [-76.525, 3.345], [-76.525, 3.35], [-76.53, 3.35], [-76.53, 3.345]]]}}, {"type": "Feature", "properties": {"value": 5.4445, "sigma": 7.6787}, "geometry": {"type": "Polygon", "coordinates": [[[-76.525, 3.345], [-76.52, 3.345], [-76.52, 3.35], [-76.525, 3.35], [-76.525, 3.345]]]}}, {"type": "Feature", "properties": {"value": 6.043, "sigma": 7.6787}, "geometry": {"type": "Polygon", "coordinates": [[[-76.52, 3.345], [-76.515, 3.345], [-76.515, 3.35], [-76.52, 3.35], [-76.52, 3.345]]]}}, {"type": "Feature", "properties": {"value": 7.4281, "sigma": 7.6787}, "geometry": {"type": "Polygon", "coordinates": [[[-76.515, 3.345], [-76.51, 3.345], [-76.51, 3.35], [-76.515, 3.35], [-76.515, 3.345]]]}}, {"type": "Feature", "properties": {"value": 7.5775, "sigma": 7.6787}, "geometry": {"type": "Polygon", "coordinates": [[[-76.51, 3.345], [-76.505, 3.345], [-76.505, 3.35], [-76.51, 3.35], [-76.51, 3.345]]]}}, {"type": "Feature", "properties": {"value": 7.3173, "sigma": 7.6787}, "geometry": {"type": "Polygon", "coordinates": [[[-76.505, 3.345], [-76.5, 3.345], [-76.5, 3.35], [-76.505, 3.35], [-76.505, 3.345]]]}}, {"type": "Feature", "properties": {"value": 7.1103, "sigma": 7.6787}, "geometry": {"type": "Polygon", "coordinates": [[[-76.5, 3.345], [-76.495, 3.345], [-76.495, 3.35], [-76.5, 3.35], [-76.5, 3.345]]]}}, {"type": "Feature", "properties": {"value": 6.987, "sigma": 7.6787}, "geometry": {"type": "Polygon", "coordinates": [[[-76.495, 3.345], [-76.49, 3.345], [-76.49, 3.35], [-76.495, 3.35], [-76.495, 3.345]]]}}, {"type": "Feature", "properties": {"value": 6.9245, "sigma": 7.6787}, "geometry": {"type": "Polygon", "coordinates": [[[-76.49, 3.345], [-76.485, 3.345], [-76.485, 3.35], [-76.49, 3.35], [-76.49, 3.345]]]}}, {"type": "Feature", "properties": {"value": 6.9007, "sigma": 7.6787}, "geometry": {"type": "Polygon", "coordinates": [[[-76.485, 3.345], [-76.48, 3.345], [-76.48, 3.35], [-76.485, 3.35], [-76.485, 3.345]]]}}, {"type": "Feature", "properties": {"value": 6.8996, "sigma": 7.6787}, "geometry": {"type": "Polygon", "coordinates": [[[-76.48, 3.345], [-76.475, 3.345], [-76.475, 3.35], [-76.48, 3.35], [-76.48, 3.345]]]}}, {"type": "Feature", "properties": {"value": 6.9117, "sigma": 7.6787}, "geometry": {"type": "Polygon", "coordinates": [[[-76.475, 3.345], [-76.47, 3.345], [-76.47, 3.35], [-76.475, 3.35], [-76.475, 3.345]]]}}, {"type": "Feature", "properties": {"value": 6.9326, "sigma": 7.6787}, "geometry": {"type": "Polygon", "coordinates": [[[-76.47, 3.345], [-76.465, 3.345], [-76.465, 3.35], [-76.47, 3.35], [-76.47, 3.345]]]}}, {"type": "Feature", "properties": {"value": 6.961, "sigma": 7.6787}, "geometry": {"type": "Polygon", "coordinates": [[[-76.465, 3.345], [-76.46, 3.345], [-76.46, 3.35], [-76.465, 3.35], [-76.465, 3.345]]]}}, {"type": "Feature", "properties": {"value": 6.997, "sigma": 7.6787}, "geometry": {"type": "Polygon", "coordinates": [[[-76.46, 3.345], [-76.455, 3.345], [-76.455, 3.35], [-76.46, 3.35], [-76.46, 3.345]]]}}, {"type": "Feature", "properties": {"value": 7.0396, "sigma": 7.6787}, "geometry": {"type": "Polygon", "coordinates": [[[-76.455, 3.345], [-76.45, 3.345], [-76.45, 3.35], [-76.455, 3.35], [-76.455, 3.345]]]}}, {"type": "Feature", "properties": {"value": 7.0854, "sigma": 7.6787}, "geometry": {"type": "Polygon", "coordinates": [[[-76.45, 3.345], [-76.445, 3.345], [-76.445, 3.35], [-76.45, 3.35], [-76.45, 3.345]]]}}, {"type": "Feature", "properties": {"value": 7.1296, "sigma": 7.6787}, "geometry": {"type": "Polygon", "coordinates": [[[-76.445, 3.345], [-76.44, 3.345], [-76.44, 3.35], [-76.445, 3.35], [-76.445, 3.345]]]}}, {"type": "Feature", "properties": {"value": 7.1683, "sigma": 7.6787}, "geometry": {"type": "Polygon", "coordinates": [[[-76.44, 3.345], [-76.435, 3.345], [-76.435, 3.35], [-76.44, 3.35], [-76.44, 3.345]]]}}, {"type": "Feature", "properties": {"value": 7.201, "sigma": 7.6787}, "geometry": {"type": "Polygon", "coordinates": [[[-76.435, 3.345], [-76.43, 3.345], [-76.43, 3.35], [-76.435, 3.35], [-76.435, 3.345]]]}}, {"type": "Feature", "properties": {"value": 7.2293, "sigma": 7.6787}, "geometry": {"type": "Polygon", "coordinates": [[[-76.43, 3.345], [-76.425, 3.345], [-76.425, 3.35], [-76.43, 3.35], [-76.43, 3.345]]]}}, {"type": "Feature", "properties": {"value": 7.2549, "sigma": 7.6787}, "geometry": {"type": "Polygon", "coordinates": [[[-76.425, 3.345], [-76.42, 3.345], [-76.42, 3.35], [-76.425, 3.35], [-76.425, 3.345]]]}}, {"type": "Feature", "properties": {"value": 7.2784, "sigma": 7.6787}, "geometry": {"type": "Polygon", "coordinates": [[[-76.42, 3.345], [-76.415, 3.345], [-76.415, 3.35], [-76.42, 3.35], [-76.42, 3.345]]]}}, {"type": "Feature", "properties": {"value": 7.3003, "sigma": 7.6787}, "geometry": {"type": "Polygon", "coordinates": [[[-76.415, 3.345], [-76.41, 3.345], [-76.41, 3.35], [-76.415, 3.35], [-76.415, 3.345]]]}}, {"type": "Feature", "properties": {"value": 7.3211, "sigma": 7.6787}, "geometry": {"type": "Polygon", "coordinates": [[[-76.41, 3.345], [-76.405, 3.345], [-76.405, 3.35], [-76.41, 3.35], [-76.41, 3.345]]]}}, {"type": "Feature", "properties": {"value": 7.3413, "sigma": 7.6787}, "geometry": {"type": "Polygon", "coordinates": [[[-76.405, 3.345], [-76.4, 3.345], [-76.4, 3.35], [-76.405, 3.35], [-76.405, 3.345]]]}}, {"type": "Feature", "properties": {"value": 8.2379, "sigma": 7.6787}, "geometry": {"type": "Polygon", "coordinates": [[[-76.6, 3.35], [-76.595, 3.35], [-76.595, 3.355], [-76.6, 3.355], [-76.6, 3.35]]]}}, {"type": "Feature", "properties": {"value": 8.1696, "sigma": 7.6787}, "geometry": {"type": "Polygon", "coordinates": [[[-76.595, 3.35], [-76.59, 3.35], [-76.59, 3.355], [-76.595, 3.355], [-76.595, 3.35]]]}}, {"type": "Feature", "properties": {"value": 8.0548, "sigma": 7.6787}, "geometry": {"type": "Polygon", "coordinates": [[[-76.59, 3.35], [-76.585, 3.35], [-76.585, 3.355], [-76.59, 3.355], [-76.59, 3.35]]]}}, {"type": "Feature", "properties": {"value": 7.9133, "sigma": 7.6787}, "geometry": {"type": "Polygon", "coordinates": [[[-76.585, 3.35], [-76.58, 3.35], [-76.58, 3.355], [-76.585, 3.355], [-76.585, 3.35]]]}}, {"type": "Feature", "properties": {"value": 7.8119, "sigma": 7.6787}, "geometry": {"type": "Polygon", "coordinates": [[[-76.58, 3.35], [-76.575, 3.35], [-76.575, 3.355], [-76.58, 3.355], [-76.58, 3.35]]]}}, {"type": "Feature", "properties": {"value": 7.7945, "sigma": 7.6787}, "geometry": {"type": "Polygon", "coordinates": [[[-76.575, 3.35], [-76.57, 3.35], [-76.57, 3.355], [-76.575, 3.355], [-76.575, 3.35]]]}}, {"type": "Feature", "properties": {"value": 7.7974, "sigma": 7.6787}, "geometry": {"type": "Polygon", "coordinates": [[[-76.57, 3.35], [-76.565, 3.35], [-76.565, 3.355], [-76.57, 3.355], [-76.57, 3.35]]]}}, {"type": "Feature", "properties": {"value": 7.7402, "sigma": 7.6787}, "geometry": {"type": "Polygon", "coordinates": [[[-76.565, 3.35], [-76.56, 3.35], [-76.56, 3.355], [-76.565, 3.355], [-76.565, 3.35]]]}}, {"type": "Feature", "properties": {"value": 7.6102, "sigma": 7.6787}, "geometry": {"type": "Polygon", "coordinates": [[[-76.56, 3.35], [-76.555, 3.35], [-76.555, 3.355], [-76.56, 3.355], [-76.56, 3.35]]]}}, {"type": "Feature", "properties": {"value": 7.43, "sigma": 7.6787}, "geometry": {"type": "Polygon", "coordinates": [[[-76.555, 3.35], [-76.55, 3.35], [-76.55, 3.355], [-76.555, 3.355], [-76.555, 3.35]]]}}, {"type": "Feature", "properties": {"value": 7.2202, "sigma": 7.6787}, "geometry": {"type": "Polygon", "coordinates": [[[-76.55, 3.35], [-76.545, 3.35], [-76.545, 3.355], [-76.55, 3.355], [-76.55, 3.35]]]}}, {"type": "Feature", "properties": {"value": 6.9909, "sigma": 7.6787}, "geometry": {"type": "Polygon", "coordinates": [[[-76.545, 3.35], [-76.54, 3.35], [-76.54, 3.355], [-76.545, 3.355], [-76.545, 3.35]]]}}, {"type": "Feature", "properties": {"value": 6.7475, "sigma": 7.6787}, "geometry": {"type": "Polygon", "coordinates": [[[-76.54, 3.35], [-76.535, 3.35], [-76.535, 3.355], [-76.54, 3.355], [-76.54, 3.35]]]}}, {"type": "Feature", "properties": {"value": 6.504, "sigma": 7.6787}, "geometry": {"type": "Polygon", "coordinates": [[[-76.535, 3.35], [-76.53, 3.35], [-76.53, 3.355], [-76.535, 3.355], [-76.535, 3.35]]]}}, {"type": "Feature", "properties": {"value": 6.3272, "sigma": 7.6787}, "geometry": {"type": "Polygon", "coordinates": [[[-76.53, 3.35], [-76.525, 3.35], [-76.525, 3.355], [-76.53, 3.355], [-76.53, 3.35]]]}}, {"type": "Feature", "properties": {"value": 6.5076, "sigma": 7.6787}, "geometry": {"type": "Polygon", "coordinates": [[[-76.525, 3.35], [-76.52, 3.35], [-76.52, 3.355], [-76.525, 3.355], [-76.525, 3.35]]]}}, {"type": "Feature", "properties": {"value": 7.9658, "sigma": 7.6787}, "geometry": {"type": "Polygon", "coordinates": [[[-76.52, 3.35], [-76.515, 3.35], [-76.515, 3.355], [-76.52, 3.355], [-76.52, 3.35]]]}}, {"type": "Feature", "properties": {"value": 9.4194, "sigma": 7.6787}, "geometry": {"type": "Polygon", "coordinates": [[[-76.515, 3.35], [-76.51, 3.35], [-76.51, 3.355], [-76.515, 3.355], [-76.515, 3.35]]]}}, {"type": "Feature", "properties": {"value": 8.3414, "sigma": 7.6787}, "geometry": {"type": "Polygon", "coordinates": [[[-76.51, 3.35], [-76.505, 3.35], [-76.505, 3.355], [-76.51, 3.355], [-76.51, 3.35]]]}}, {"type": "Feature", "properties": {"value": 7.4764, "sigma": 7.6787}, "geometry": {"type": "Polygon", "coordinates": [[[-76.505, 3.35], [-76.5, 3.35], [-76.5, 3.355], [-76.505, 3.355], [-76.505, 3.35]]]}}, {"type": "Feature", "properties": {"value": 7.0592, "sigma": 7.6787}, "geometry": {"type": "Polygon", "coordinates": [[[-76.5, 3.35], [-76.495, 3.35], [-76.495, 3.355], [-76.5, 3.355], [-76.5, 3.35]]]}}, {"type": "Feature", "properties": {"value": 6.8783, "sigma": 7.6787}, "geometry": {"type": "Polygon", "coordinates": [[[-76.495, 3.35], [-76.49, 3.35], [-76.49, 3.355], [-76.495, 3.355], [-76.495, 3.35]]]}}, {"type": "Feature", "properties": {"value": 6.8182, "sigma": 7.6787}, "geometry": {"type": "Polygon", "coordinates": [[[-76.49, 3.35], [-76.485, 3.35], [-76.485, 3.355], [-76.49, 3.355], [-76.49, 3.35]]]}}, {"type": "Feature", "properties": {"value": 6.8148, "sigma": 7.6787}, "geometry": {"type": "Polygon", "coordinates": [[[-76.485, 3.35], [-76.48, 3.35], [-76.48, 3.355], [-76.485, 3.355], [-76.485, 3.35]]]}}, {"type": "Feature", "properties": {"value": 6.8315, "sigma": 7.6787}, "geometry": {"type": "Polygon", "coordinates": [[[-76.48, 3.35], [-76.475, 3.35], [-76.475, 3.355], [-76.48, 3.355], [-76.48, 3.35]]]}}, {"type": "Feature", "properties": {"value": 6.8504, "sigma": 7.6787}, "geometry": {"type": "Polygon", "coordinates": [[[-76.475, 3.35], [-76.47, 3.35], [-76.47, 3.355], [-76.475, 3.355], [-76.475, 3.35]]]}}, {"type": "Feature", "properties": {"value": 6.865, "sigma": 7.6787}, "geometry": {"type": "Polygon", "coordinates": [[[-76.47, 3.35], [-76.465, 3.35], [-76.465, 3.355], [-76.47, 3.355], [-76.47, 3.35]]]}}, {"type": "Feature", "properties": {"value": 6.876, "sigma": 7.6787}, "geometry": {"type": "Polygon", "coordinates": [[[-76.465, 3.35], [-76.46, 3.35], [-76.46, 3.355], [-76.465, 3.355], [-76.465, 3.35]]]}}, {"type": "Feature", "properties": {"value": 6.8879, "sigma": 7.6787}, "geometry": {"type": "Polygon", "coordinates": [[[-76.46, 3.35], [-76.455, 3.35], [-76.455, 3.355], [-76.46, 3.355], [-76.46, 3.35]]]}}, {"type": "Feature", "properties": {"value": 6.9064, "sigma": 7.6787}, "geometry": {"type": "Polygon", "coordinates": [[[-76.455, 3.35], [-76.45, 3.35], [-76.45, 3.355], [-76.455, 3.355], [-76.455, 3.35]]]}}, {"type": "Feature", "properties": {"value": 6.9371, "sigma": 7.6787}, "geometry": {"type": "Polygon", "coordinates": [[[-76.45, 3.35], [-76.445, 3.35], [-76.445, 3.355], [-76.45, 3.355], [-76.45, 3.35]]]}}, {"type": "Feature", "properties": {"value": 6.983, "sigma": 7.6787}, "geometry": {"type": "Polygon", "coordinates": [[[-76.445, 3.35], [-76.44, 3.35], [-76.44, 3.355], [-76.445, 3.355], [-76.445, 3.35]]]}}, {"type": "Feature", "properties": {"value": 7.0431, "sigma": 7.6787}, "geometry": {"type": "Polygon", "coordinates": [[[-76.44, 3.35], [-76.435, 3.35], [-76.435, 3.355], [-76.44, 3.355], [-76.44, 3.35]]]}}, {"type": "Feature", "properties": {"value": 7.1112, "sigma": 7.6787}, "geometry": {"type": "Polygon", "coordinates": [[[-76.435, 3.35], [-76.43, 3.35], [-76.43, 3.355], [-76.435, 3.355], [-76.435, 3.35]]]}}, {"type": "Feature", "properties": {"value": 7.1783, "sigma": 7.6787}, "geometry": {"type": "Polygon", "coordinates": [[[-76.43, 3.35], [-76.425, 3.35], [-76.425, 3.355], [-76.43, 3.355], [-76.43, 3.35]]]}}, {"type": "Feature", "properties": {"value": 7.237, "sigma": 7.6787}, "geometry": {"type": "Polygon", "coordinates": [[[-76.425, 3.35], [-76.42, 3.35], [-76.42, 3.355], [-76.425, 3.355], [-76.425, 3.35]]]}}, {"type": "Feature", "properties": {"value": 7.2841, "sigma": 7.6787}, "geometry": {"type": "Polygon", "coordinates": [[[-76.42, 3.35], [-76.415, 3.35], [-76.415, 3.355], [-76.42, 3.355], [-76.42, 3.35]]]}}, {"type": "Feature", "properties": {"value": 7.3204, "sigma": 7.6787}, "geometry": {"type": "Polygon", "coordinates": [[[-76.415, 3.35], [-76.41, 3.35], [-76.41, 3.355], [-76.415, 3.355], [-76.415, 3.35]]]}}, {"type": "Feature", "properties": {"value": 7.3488, "sigma": 7.6787}, "geometry": {"type": "Polygon", "coordinates": [[[-76.41, 3.35], [-76.405, 3.35], [-76.405, 3.355], [-76.41, 3.355], [-76.41, 3.35]]]}}, {"type": "Feature", "properties": {"value": 7.3722, "sigma": 7.6787}, "geometry": {"type": "Polygon", "coordinates": [[[-76.405, 3.35], [-76.4, 3.35], [-76.4, 3.355], [-76.405, 3.355], [-76.405, 3.35]]]}}, {"type": "Feature", "properties": {"value": 8.4674, "sigma": 7.6787}, "geometry": {"type": "Polygon", "coordinates": [[[-76.6, 3.355], [-76.595, 3.355], [-76.595, 3.36], [-76.6, 3.36], [-76.6, 3.355]]]}}, {"type": "Feature", "properties": {"value": 8.4671, "sigma": 7.6787}, "geometry": {"type": "Polygon", "coordinates": [[[-76.595, 3.355], [-76.59, 3.355], [-76.59, 3.36], [-76.595, 3.36], [-76.595, 3.355]]]}}, {"type": "Feature", "properties": {"value": 8.426, "sigma": 7.6787}, "geometry": {"type": "Polygon", "coordinates": [[[-76.59, 3.355], [-76.585, 3.355], [-76.585, 3.36], [-76.59, 3.36], [-76.59, 3.355]]]}}, {"type": "Feature", "properties": {"value": 8.3395, "sigma": 7.6787}, "geometry": {"type": "Polygon", "coordinates": [[[-76.585, 3.355], [-76.58, 3.355], [-76.58, 3.36], [-76.585, 3.36], [-76.585, 3.355]]]}}, {"type": "Feature", "properties": {"value": 8.2351, "sigma": 7.6787}, "geometry": {"type": "Polygon", "coordinates": [[[-76.58, 3.355], [-76.575, 3.355], [-76.575, 3.36], [-76.58, 3.36], [-76.58, 3.355]]]}}, {"type": "Feature", "properties": {"value": 8.1427, "sigma": 7.6787}, "geometry": {"type": "Polygon", "coordinates": [[[-76.575, 3.355], [-76.57, 3.355], [-76.57, 3.36], [-76.575, 3.36], [-76.575, 3.355]]]}}, {"type": "Feature", "properties": {"value": 8.0454, "sigma": 7.6787}, "geometry": {"type": "Polygon", "coordinates": [[[-76.57, 3.355], [-76.565, 3.355], [-76.565, 3.36], [-76.57, 3.36], [-76.57, 3.355]]]}}, {"type": "Feature", "properties": {"value": 7.9121, "sigma": 7.6787}, "geometry": {"type": "Polygon", "coordinates": [[[-76.565, 3.355], [-76.56, 3.355], [-76.56, 3.36], [-76.565, 3.36], [-76.565, 3.355]]]}}, {"type": "Feature", "properties": {"value": 7.7394, "sigma": 7.6787}, "geometry": {"type": "Polygon", "coordinates": [[[-76.56, 3.355], [-76.555, 3.355], [-76.555, 3.36], [-76.56, 3.36], [-76.56, 3.355]]]}}, {"type": "Feature", "properties": {"value": 7.5417, "sigma": 7.6787}, "geometry": {"type": "Polygon", "coordinates": [[[-76.555, 3.355], [-76.55, 3.355], [-76.55, 3.36], [-76.555, 3.36], [-76.555, 3.355]]]}}, {"type": "Feature", "properties": {"value": 7.3342, "sigma": 7.6787}, "geometry": {"type": "Polygon", "coordinates": [[[-76.55, 3.355], [-76.545, 3.355], [-76.545, 3.36], [-76.55, 3.36], [-76.55, 3.355]]]}}, {"type": "Feature", "properties": {"value": 7.1288, "sigma": 7.6787}, "geometry": {"type": "Polygon", "coordinates": [[[-76.545, 3.355], [-76.54, 3.355], [-76.54, 3.36], [-76.545, 3.36], [-76.545, 3.355]]]}}, {"type": "Feature", "properties": {"value": 6.941, "sigma": 7.6787}, "geometry": {"type": "Polygon", "coordinates": [[[-76.54, 3.355], [-76.535, 3.355], [-76.535, 3.36], [-76.54, 3.36], [-76.54, 3.355]]]}}, {"type": "Feature", "properties": {"value": 6.8055, "sigma": 7.6787}, "geometry": {"type": "Polygon", "coordinates": [[[-76.535, 3.355], [-76.53, 3.355], [-76.53, 3.36], [-76.535, 3.36], [-76.535, 3.355]]]}}, {"type": "Feature", "properties": {"value": 6.8114, "sigma": 7.6787}, "geometry": {"type": "Polygon", "coordinates": [[[-76.53, 3.355], [-76.525, 3.355], [-76.525, 3.36], [-76.53, 3.36], [-76.53, 3.355]]]}}, {"type": "Feature", "properties": {"value": 7.1749, "sigma": 7.6787}, "geometry": {"type": "Polygon", "coordinates": [[[-76.525, 3.355], [-76.52, 3.355], [-76.52, 3.36], [-76.525, 3.36], [-76.525, 3.355]]]}}, {"type": "Feature", "properties": {"value": 8.1822, "sigma": 7.6787}, "geometry": {"type": "Polygon", "coordinates": [[[-76.52, 3.355], [-76.515, 3.355], [-76.515, 3.36], [-76.52, 3.36], [-76.52, 3.355]]]}}, {"type": "Feature", "properties": {"value": 8.9108, "sigma": 7.6787}, "geometry": {"type": "Polygon", "coordinates": [[[-76.515, 3.355], [-76.51, 3.355], [-76.51, 3.36], [-76.515, 3.36], [-76.515, 3.355]]]}}, {"type": "Feature", "properties": {"value": 8.1154, "sigma": 7.6787}, "geometry": {"type": "Polygon", "coordinates": [[[-76.51, 3.355], [-76.505, 3.355], [-76.505, 3.36], [-76.51, 3.36], [-76.51, 3.355]]]}}, {"type": "Feature", "properties": {"value": 7.2441, "sigma": 7.6787}, "geometry": {"type": "Polygon", "coordinates": [[[-76.505, 3.355], [-76.5, 3.355], [-76.5, 3.36], [-76.505, 3.36], [-76.505, 3.355]]]}}, {"type": "Feature", "properties": {"value": 6.8005, "sigma": 7.6787}, "geometry": {"type": "Polygon", "coordinates": [[[-76.5, 3.355], [-76.495, 3.355], [-76.495, 3.36], [-76.5, 3.36], [-76.5, 3.355]]]}}, {"type": "Feature", "properties": {"value": 6.6477, "sigma": 7.6787}, "geometry": {"type": "Polygon", "coordinates": [[[-76.495, 3.355], [-76.49, 3.355], [-76.49, 3.36], [-76.495, 3.36], [-76.495, 3.355]]]}}, {"type": "Feature", "properties": {"value": 6.6426, "sigma": 7.6787}, "geometry": {"type": "Polygon", "coordinates": [[[-76.49, 3.355], [-76.485, 3.355], [-76.485, 3.36], [-76.49, 3.36], [-76.49, 3.355]]]}}, {"type": "Feature", "properties": {"value": 6.6915, "sigma": 7.6787}, "geometry": {"type": "Polygon", "coordinates": [[[-76.485, 3.355], [-76.48, 3.355], [-76.48, 3.36], [-76.485, 3.36], [-76.485, 3.355]]]}}, {"type": "Feature", "properties": {"value": 6.7432, "sigma": 7.6787}, "geometry": {"type": "Polygon", "coordinates": [[[-76.48, 3.355], [-76.475, 3.355], [-76.475, 3.36], [-76.48, 3.36], [-76.48, 3.355]]]}}, {"type": "Feature", "properties": {"value": 6.7761, "sigma": 7.6787}, "geometry": {"type": "Polygon", "coordinates": [[[-76.475, 3.355], [-76.47, 3.355], [-76.47, 3.36], [-76.475, 3.36], [-76.475, 3.355]]]}}, {"type": "Feature", "properties": {"value": 6.7863, "sigma": 7.6787}, "geometry": {"type": "Polygon", "coordinates": [[[-76.47, 3.355], [-76.465, 3.355], [-76.465, 3.36], [-76.47, 3.36], [-76.47, 3.355]]]}}, {"type": "Feature", "properties": {"value": 6.7799, "sigma": 7.6787}, "geometry": {"type": "Polygon", "coordinates": [[[-76.465, 3.355], [-76.46, 3.355], [-76.46, 3.36], [-76.465, 3.36], [-76.465, 3.355]]]}}, {"type": "Feature", "properties": {"value": 6.7684, "sigma": 7.6787}, "geometry": {"type": "Polygon", "coordinates": [[[-76.46, 3.355], [-76.455, 3.355], [-76.455, 3.36], [-76.46, 3.36], [-76.46, 3.355]]]}}, {"type": "Feature", "properties": {"value": 6.7661, "sigma": 7.6787}, "geometry": {"type": "Polygon", "coordinates": [[[-76.455, 3.355], [-76.45, 3.355], [-76.45, 3.36], [-76.455, 3.36], [-76.455, 3.355]]]}}, {"type": "Feature", "properties": {"value": 6.7875, "sigma": 7.6787}, "geometry": {"type": "Polygon", "coordinates": [[[-76.45, 3.355], [-76.445, 3.355], [-76.445, 3.36], [-76.45, 3.36], [-76.45, 3.355]]]}}, {"type": "Feature", "properties": {"value": 6.8429, "sigma": 7.6787}, "geometry": {"type": "Polygon", "coordinates": [[[-76.445, 3.355], [-76.44, 3.355], [-76.44, 3.36], [-76.445, 3.36], [-76.445, 3.355]]]}}, {"type": "Feature", "properties": {"value": 6.9334, "sigma": 7.6787}, "geometry": {"type": "Polygon", "coordinates": [[[-76.44, 3.355], [-76.435, 3.355], [-76.435, 3.36], [-76.44, 3.36], [-76.44, 3.355]]]}}, {"type": "Feature", "properties": {"value": 7.0452, "sigma": 7.6787}, "geometry": {"type": "Polygon", "coordinates": [[[-76.435, 3.355], [-76.43, 3.355], [-76.43, 3.36], [-76.435, 3.36], [-76.435, 3.355]]]}}, {"type": "Feature", "properties": {"value": 7.1555, "sigma": 7.6787}, "geometry": {"type": "Polygon", "coordinates": [[[-76.43, 3.355], [-76.425, 3.355], [-76.425, 3.36], [-76.43, 3.36], [-76.43, 3.355]]]}}, {"type": "Feature", "properties": {"value": 7.2461, "sigma": 7.6787}, "geometry": {"type": "Polygon", "coordinates": [[[-76.425, 3.355], [-76.42, 3.355], [-76.42, 3.36], [-76.425, 3.36], [-76.425, 3.355]]]}}, {"type": "Feature", "properties": {"value": 7.3116, "sigma": 7.6787}, "geometry": {"type": "Polygon", "coordinates": [[[-76.42, 3.355], [-76.415, 3.355], [-76.415, 3.36], [-76.42, 3.36], [-76.42, 3.355]]]}}, {"type": "Feature", "properties": {"value": 7.3561, "sigma": 7.6787}, "geometry": {"type": "Polygon", "coordinates": [[[-76.415, 3.355], [-76.41, 3.355], [-76.41, 3.36], [-76.415, 3.36], [-76.415, 3.355]]]}}, {"type": "Feature", "properties": {"value": 7.3867, "sigma": 7.6787}, "geometry": {"type": "Polygon", "coordinates": [[[-76.41, 3.355], [-76.405, 3.355], [-76.405, 3.36], [-76.41, 3.36], [-76.41, 3.355]]]}}, {"type": "Feature", "properties": {"value": 7.4095, "sigma": 7.6787}, "geometry": {"type": "Polygon", "coordinates": [[[-76.405, 3.355], [-76.4, 3.355], [-76.4, 3.36], [-76.405, 3.36], [-76.405, 3.355]]]}}, {"type": "Feature", "properties": {"value": 8.7416, "sigma": 7.6787}, "geometry": {"type": "Polygon", "coordinates": [[[-76.6, 3.36], [-76.595, 3.36], [-76.595, 3.365], [-76.6, 3.365], [-76.6, 3.36]]]}}, {"type": "Feature", "properties": {"value": 8.8472, "sigma": 7.6787}, "geometry": {"type": "Polygon", "coordinates": [[[-76.595, 3.36], [-76.59, 3.36], [-76.59, 3.365], [-76.595, 3.365], [-76.595, 3.36]]]}}, {"type": "Feature", "properties": {"value": 8.9305, "sigma": 7.6787}, "geometry": {"type": "Polygon", "coordinates": [[[-76.59, 3.36], [-76.585, 3.36], [-76.585, 3.365], [-76.59, 3.365], [-76.59, 3.36]]]}}, {"type": "Feature", "properties": {"value": 8.9384, "sigma": 7.6787}, "geometry": {"type": "Polygon", "coordinates": [[[-76.585, 3.36], [-76.58, 3.36], [-76.58, 3.365], [-76.585, 3.365], [-76.585, 3.36]]]}}, {"type": "Feature", "properties": {"value": 8.8285, "sigma": 7.6787}, "geometry": {"type": "Polygon", "coordinates": [[[-76.58, 3.36], [-76.575, 3.36], [-76.575, 3.365], [-76.58, 3.365], [-76.58, 3.36]]]}}, {"type": "Feature", "properties": {"value": 8.6235, "sigma": 7.6787}, "geometry": {"type": "Polygon", "coordinates": [[[-76.575, 3.36], [-76.57, 3.36], [-76.57, 3.365], [-76.575, 3.365], [-76.575, 3.36]]]}}, {"type": "Feature", "properties": {"value": 8.3823, "sigma": 7.6787}, "geometry": {"type": "Polygon", "coordinates": [[[-76.57, 3.36], [-76.565, 3.36], [-76.565, 3.365], [-76.57, 3.365], [-76.57, 3.36]]]}}, {"type": "Feature", "properties": {"value": 8.1387, "sigma": 7.6787}, "geometry": {"type": "Polygon", "coordinates": [[[-76.565, 3.36], [-76.56, 3.36], [-76.56, 3.365], [-76.565, 3.365], [-76.565, 3.36]]]}}, {"type": "Feature", "properties": {"value": 7.9025, "sigma": 7.6787}, "geometry": {"type": "Polygon", "coordinates": [[[-76.56, 3.36], [-76.555, 3.36], [-76.555, 3.365], [-76.56, 3.365], [-76.56, 3.36]]]}}, {"type": "Feature", "properties": {"value": 7.6773, "sigma": 7.6787}, "geometry": {"type": "Polygon", "coordinates": [[[-76.555, 3.36], [-76.55, 3.36], [-76.55, 3.365], [-76.555, 3.365], [-76.555, 3.36]]]}}, {"type": "Feature", "properties": {"value": 7.4665, "sigma": 7.6787}, "geometry": {"type": "Polygon", "coordinates": [[[-76.55, 3.36], [-76.545, 3.36], [-76.545, 3.365], [-76.55, 3.365], [-76.55, 3.36]]]}}, {"type": "Feature", "properties": {"value": 7.2758, "sigma": 7.6787}, "geometry": {"type": "Polygon", "coordinates": [[[-76.545, 3.36], [-76.54, 3.36], [-76.54, 3.365], [-76.545, 3.365], [-76.545, 3.36]]]}}, {"type": "Feature", "properties": {"value": 7.1183, "sigma": 7.6787}, "geometry": {"type": "Polygon", "coordinates": [[[-76.54, 3.36], [-76.535, 3.36], [-76.535, 3.365], [-76.54, 3.365], [-76.54, 3.36]]]}}, {"type": "Feature", "properties": {"value": 7.0215, "sigma": 7.6787}, "geometry": {"type": "Polygon", "coordinates": [[[-76.535, 3.36], [-76.53, 3.36], [-76.53, 3.365], [-76.535, 3.365], [-76.535, 3.36]]]}}, {"type": "Feature", "properties": {"value": 7.0354, "sigma": 7.6787}, "geometry": {"type": "Polygon", "coordinates": [[[-76.53, 3.36], [-76.525, 3.36], [-76.525, 3.365], [-76.53, 3.365], [-76.53, 3.36]]]}}, {"type": "Feature", "properties": {"value": 7.2218, "sigma": 7.6787}, "geometry": {"type": "Polygon", "coordinates": [[[-76.525, 3.36], [-76.52, 3.36], [-76.52, 3.365], [-76.525, 3.365], [-76.525, 3.36]]]}}, {"type": "Feature", "properties": {"value": 7.5455, "sigma": 7.6787}, "geometry": {"type": "Polygon", "coordinates": [[[-76.52, 3.36], [-76.515, 3.36], [-76.515, 3.365], [-76.52, 3.365], [-76.52, 3.36]]]}}, {"type": "Feature", "properties": {"value": 7.635, "sigma": 7.6787}, "geometry": {"type": "Polygon", "coordinates": [[[-76.515, 3.36], [-76.51, 3.36], [-76.51, 3.365], [-76.515, 3.365], [-76.515, 3.36]]]}}, {"type": "Feature", "properties": {"value": 7.1657, "sigma": 7.6787}, "geometry": {"type": "Polygon", "coordinates": [[[-76.51, 3.36], [-76.505, 3.36], [-76.505, 3.365], [-76.51, 3.365], [-76.51, 3.36]]]}}, {"type": "Feature", "properties": {"value": 6.5726, "sigma": 7.6787}, "geometry": {"type": "Polygon", "coordinates": [[[-76.505, 3.36], [-76.5, 3.36], [-76.5, 3.365], [-76.505, 3.365], [-76.505, 3.36]]]}}, {"type": "Feature", "properties": {"value": 6.2749, "sigma": 7.6787}, "geometry": {"type": "Polygon", "coordinates": [[[-76.5, 3.36], [-76.495, 3.36], [-76.495, 3.365], [-76.5, 3.365], [-76.5, 3.36]]]}}, {"type": "Feature", "properties": {"value": 6.2666, "sigma": 7.6787}, "geometry": {"type": "Polygon", "coordinates": [[[-76.495, 3.36], [-76.49, 3.36], [-76.49, 3.365], [-76.495, 3.365], [-76.495, 3.36]]]}}, {"type": "Feature", "properties": {"value": 6.3948, "sigma": 7.6787}, "geometry": {"type": "Polygon", "coordinates": [[[-76.49, 3.36], [-76.485, 3.36], [-76.485, 3.365], [-76.49, 3.365], [-76.49, 3.36]]]}}, {"type": "Feature", "properties": {"value": 6.5401, "sigma": 7.6787}, "geometry": {"type": "Polygon", "coordinates": [[[-76.485, 3.36], [-76.48, 3.36], [-76.48, 3.365], [-76.485, 3.365], [-76.485, 3.36]]]}}, {"type": "Feature", "properties": {"value": 6.6465, "sigma": 7.6787}, "geometry": {"type": "Polygon", "coordinates": [[[-76.48, 3.36], [-76.475, 3.36], [-76.475, 3.365], [-76.48, 3.365], [-76.48, 3.36]]]}}, {"type": "Feature", "properties": {"value": 6.6991, "sigma": 7.6787}, "geometry": {"type": "Polygon", "coordinates": [[[-76.475, 3.36], [-76.47, 3.36], [-76.47, 3.365], [-76.475, 3.365], [-76.475, 3.36]]]}}, {"type": "Feature", "properties": {"value": 6.7033, "sigma": 7.6787}, "geometry": {"type": "Polygon", "coordinates": [[[-76.47, 3.36], [-76.465, 3.36], [-76.465, 3.365], [-76.47, 3.365], [-76.47, 3.36]]]}}, {"type": "Feature", "properties": {"value": 6.6742, "sigma": 7.6787}, "geometry": {"type": "Polygon", "coordinates": [[[-76.465, 3.36], [-76.46, 3.36], [-76.46, 3.365], [-76.465, 3.365], [-76.465, 3.36]]]}}, {"type": "Feature", "properties": {"value": 6.6334, "sigma": 7.6787}, "geometry": {"type": "Polygon", "coordinates": [[[-76.46, 3.36], [-76.455, 3.36], [-76.455, 3.365], [-76.46, 3.365], [-76.46, 3.36]]]}}, {"type": "Feature", "properties": {"value": 6.6058, "sigma": 7.6787}, "geometry": {"type": "Polygon", "coordinates": [[[-76.455, 3.36], [-76.45, 3.36], [-76.45, 3.365], [-76.455, 3.365], [-76.455, 3.36]]]}}, {"type": "Feature", "properties": {"value": 6.6161, "sigma": 7.6787}, "geometry": {"type": "Polygon", "coordinates": [[[-76.45, 3.36], [-76.445, 3.36], [-76.445, 3.365], [-76.45, 3.365], [-76.45, 3.36]]]}}, {"type": "Feature", "properties": {"value": 6.6857, "sigma": 7.6787}, "geometry": {"type": "Polygon", "coordinates": [[[-76.445, 3.36], [-76.44, 3.36], [-76.44, 3.365], [-76.445, 3.365], [-76.445, 3.36]]]}}, {"type": "Feature", "properties": {"value": 6.8239, "sigma": 7.6787}, "geometry": {"type": "Polygon", "coordinates": [[[-76.44, 3.36], [-76.435, 3.36], [-76.435, 3.365], [-76.44, 3.365], [-76.44, 3.36]]]}}, {"type": "Feature", "properties": {"value": 7.005, "sigma": 7.6787}, "geometry": {"type": "Polygon", "coordinates": [[[-76.435, 3.36], [-76.43, 3.36], [-76.43, 3.365], [-76.435, 3.365], [-76.435, 3.36]]]}}, {"type": "Feature", "properties": {"value": 7.1757, "sigma": 7.6787}, "geometry": {"type": "Polygon", "coordinates": [[[-76.43, 3.36], [-76.425, 3.36], [-76.425, 3.365], [-76.43, 3.365], [-76.43, 3.36]]]}}, {"type": "Feature", "properties": {"value": 7.2993, "sigma": 7.6787}, "geometry": {"type": "Polygon", "coordinates": [[[-76.425, 3.36], [-76.42, 3.36], [-76.42, 3.365], [-76.425, 3.365], [-76.425, 3.36]]]}}, {"type": "Feature", "properties": {"value": 7.374, "sigma": 7.6787}, "geometry": {"type": "Polygon", "coordinates": [[[-76.42, 3.36], [-76.415, 3.36], [-76.415, 3.365], [-76.42, 3.365], [-76.42, 3.36]]]}}, {"type": "Feature", "properties": {"value": 7.4154, "sigma": 7.6787}, "geometry": {"type": "Polygon", "coordinates": [[[-76.415, 3.36], [-76.41, 3.36], [-76.41, 3.365], [-76.415, 3.365], [-76.415, 3.36]]]}}, {"type": "Feature", "properties": {"value": 7.4393, "sigma": 7.6787}, "geometry": {"type": "Polygon", "coordinates": [[[-76.41, 3.36], [-76.405, 3.36], [-76.405, 3.365], [-76.41, 3.365], [-76.41, 3.36]]]}}, {"type": "Feature", "properties": {"value": 7.4556, "sigma": 7.6787}, "geometry": {"type": "Polygon", "coordinates": [[[-76.405, 3.36], [-76.4, 3.36], [-76.4, 3.365], [-76.405, 3.365], [-76.405, 3.36]]]}}, {"type": "Feature", "properties": {"value": 9.0231, "sigma": 7.6787}, "geometry": {"type": "Polygon", "coordinates": [[[-76.6, 3.365], [-76.595, 3.365], [-76.595, 3.37], [-76.6, 3.37], [-76.6, 3.365]]]}}, {"type": "Feature", "properties": {"value": 9.259, "sigma": 7.6787}, "geometry": {"type": "Polygon", "coordinates": [[[-76.595, 3.365], [-76.59, 3.365], [-76.59, 3.37], [-76.595, 3.37], [-76.595, 3.365]]]}}, {"type": "Feature", "properties": {"value": 9.5097, "sigma": 7.6787}, "geometry": {"type": "Polygon", "coordinates": [[[-76.59, 3.365], [-76.585, 3.365], [-76.585, 3.37], [-76.59, 3.37], [-76.59, 3.365]]]}}, {"type": "Feature", "properties": {"value": 9.6567, "sigma": 7.6787}, "geometry": {"type": "Polygon", "coordinates": [[[-76.585, 3.365], [-76.58, 3.365], [-76.58, 3.37], [-76.585, 3.37], [-76.585, 3.365]]]}}, {"type": "Feature", "properties": {"value": 9.5453, "sigma": 7.6787}, "geometry": {"type": "Polygon", "coordinates": [[[-76.58, 3.365], [-76.575, 3.365], [-76.575, 3.37], [-76.58, 3.37], [-76.58, 3.365]]]}}, {"type": "Feature", "properties": {"value": 9.1899, "sigma": 7.6787}, "geometry": {"type": "Polygon", "coordinates": [[[-76.575, 3.365], [-76.57, 3.365], [-76.57, 3.37], [-76.575, 3.37], [-76.575, 3.365]]]}}, {"type": "Feature", "properties": {"value": 8.7667, "sigma": 7.6787}, "geometry": {"type": "Polygon", "coordinates": [[[-76.57, 3.365], [-76.565, 3.365], [-76.565, 3.37], [-76.57, 3.37], [-76.57, 3.365]]]}}, {"type": "Feature", "properties": {"value": 8.3911, "sigma": 7.6787}, "geometry": {"type": "Polygon", "coordinates": [[[-76.565, 3.365], [-76.56, 3.365], [-76.56, 3.37], [-76.565, 3.37], [-76.565, 3.365]]]}}, {"type": "Feature", "properties": {"value": 8.0818, "sigma": 7.6787}, "geometry": {"type": "Polygon", "coordinates": [[[-76.56, 3.365], [-76.555, 3.365], [-76.555, 3.37], [-76.56, 3.37], [-76.56, 3.365]]]}}, {"type": "Feature", "properties": {"value": 7.8246, "sigma": 7.6787}, "geometry": {"type": "Polygon", "coordinates": [[[-76.555, 3.365], [-76.55, 3.365], [-76.55, 3.37], [-76.555, 3.37], [-76.555, 3.365]]]}}, {"type": "Feature", "properties": {"value": 7.6055, "sigma": 7.6787}, "geometry": {"type": "Polygon", "coordinates": [[[-76.55, 3.365], [-76.545, 3.365], [-76.545, 3.37], [-76.55, 3.37], [-76.55, 3.365]]]}}, {"type": "Feature", "properties": {"value": 7.4181, "sigma": 7.6787}, "geometry": {"type": "Polygon", "coordinates": [[[-76.545, 3.365], [-76.54, 3.365], [-76.54, 3.37], [-76.545, 3.37], [-76.545, 3.365]]]}}, {"type": "Feature", "properties": {"value": 7.265, "sigma": 7.6787}, "geometry": {"type": "Polygon", "coordinates": [[[-76.54, 3.365], [-76.535, 3.365], [-76.535, 3.37], [-76.54, 3.37], [-76.54, 3.365]]]}}, {"type": "Feature", "properties": {"value": 7.1561, "sigma": 7.6787}, "geometry": {"type": "Polygon", "coordinates": [[[-76.535, 3.365], [-76.53, 3.365], [-76.53, 3.37], [-76.535, 3.37], [-76.535, 3.365]]]}}, {"type": "Feature", "properties": {"value": 7.1023, "sigma": 7.6787}, "geometry": {"type": "Polygon", "coordinates": [[[-76.53, 3.365], [-76.525, 3.365], [-76.525, 3.37], [-76.53, 3.37], [-76.53, 3.365]]]}}, {"type": "Feature", "properties": {"value": 7.0925, "sigma": 7.6787}, "geometry": {"type": "Polygon", "coordinates": [[[-76.525, 3.365], [-76.52, 3.365], [-76.52, 3.37], [-76.525, 3.37], [-76.525, 3.365]]]}}, {"type": "Feature", "properties": {"value": 7.0463, "sigma": 7.6787}, "geometry": {"type": "Polygon", "coordinates": [[[-76.52, 3.365], [-76.515, 3.365], [-76.515, 3.37], [-76.52, 3.37], [-76.52, 3.365]]]}}, {"type": "Feature", "properties": {"value": 6.795, "sigma": 7.6787}, "geometry": {"type": "Polygon", "coordinates": [[[-76.515, 3.365], [-76.51, 3.365], [-76.51, 3.37], [-76.515, 3.37], [-76.515, 3.365]]]}}, {"type": "Feature", "properties": {"value": 6.2631, "sigma": 7.6787}, "geometry": {"type": "Polygon", "coordinates": [[[-76.51, 3.365], [-76.505, 3.365], [-76.505, 3.37], [-76.51, 3.37], [-76.51, 3.365]]]}}, {"type": "Feature", "properties": {"value": 5.7333, "sigma": 7.6787}, "geometry": {"type": "Polygon", "coordinates": [[[-76.505, 3.365], [-76.5, 3.365], [-76.5, 3.37], [-76.505, 3.37], [-76.505, 3.365]]]}}, {"type": "Feature", "properties": {"value": 5.5808, "sigma": 7.6787}, "geometry": {"type": "Polygon", "coordinates": [[[-76.5, 3.365], [-76.495, 3.365], [-76.495, 3.37], [-76.5, 3.37], [-76.5, 3.365]]]}}, {"type": "Feature", "properties": {"value": 5.791, "sigma": 7.6787}, "geometry": {"type": "Polygon", "coordinates": [[[-76.495, 3.365], [-76.49, 3.365], [-76.49, 3.37], [-76.495, 3.37], [-76.495, 3.365]]]}}, {"type": "Feature", "properties": {"value": 6.1164, "sigma": 7.6787}, "geometry": {"type": "Polygon", "coordinates": [[[-76.49, 3.365], [-76.485, 3.365], [-76.485, 3.37], [-76.49, 3.37], [-76.49, 3.365]]]}}, {"type": "Feature", "properties": {"value": 6.3903, "sigma": 7.6787}, "geometry": {"type": "Polygon", "coordinates": [[[-76.485, 3.365], [-76.48, 3.365], [-76.48, 3.37], [-76.485, 3.37], [-76.485, 3.365]]]}}, {"type": "Feature", "properties": {"value": 6.5615, "sigma": 7.6787}, "geometry": {"type": "Polygon", "coordinates": [[[-76.48, 3.365], [-76.475, 3.365], [-76.475, 3.37], [-76.48, 3.37], [-76.48, 3.365]]]}}, {"type": "Feature", "properties": {"value": 6.6325, "sigma": 7.6787}, "geometry": {"type": "Polygon", "coordinates": [[[-76.475, 3.365], [-76.47, 3.365], [-76.47, 3.37], [-76.475, 3.37], [-76.475, 3.365]]]}}, {"type": "Feature", "properties": {"value": 6.6238, "sigma": 7.6787}, "geometry": {"type": "Polygon", "coordinates": [[[-76.47, 3.365], [-76.465, 3.365], [-76.465, 3.37], [-76.47, 3.37], [-76.47, 3.365]]]}}, {"type": "Feature", "properties": {"value": 6.5621, "sigma": 7.6787}, "geometry": {"type": "Polygon", "coordinates": [[[-76.465, 3.365], [-76.46, 3.365], [-76.46, 3.37], [-76.465, 3.37], [-76.465, 3.365]]]}}, {"type": "Feature", "properties": {"value": 6.4801, "sigma": 7.6787}, "geometry": {"type": "Polygon", "coordinates": [[[-76.46, 3.365], [-76.455, 3.365], [-76.455, 3.37], [-76.46, 3.37], [-76.46, 3.365]]]}}, {"type": "Feature", "properties": {"value": 6.4159, "sigma": 7.6787}, "geometry": {"type": "Polygon", "coordinates": [[[-76.455, 3.365], [-76.45, 3.365], [-76.45, 3.37], [-76.455, 3.37], [-76.455, 3.365]]]}}, {"type": "Feature", "properties": {"value": 6.4052, "sigma": 7.6787}, "geometry": {"type": "Polygon", "coordinates": [[[-76.45, 3.365], [-76.445, 3.365], [-76.445, 3.37], [-76.45, 3.37], [-76.45, 3.365]]]}}, {"type": "Feature", "properties": {"value": 6.4822, "sigma": 7.6787}, "geometry": {"type": "Polygon", "coordinates": [[[-76.445, 3.365], [-76.44, 3.365], [-76.44, 3.37], [-76.445, 3.37], [-76.445, 3.365]]]}}, {"type": "Feature", "properties": {"value": 6.698, "sigma": 7.6787}, "geometry": {"type": "Polygon", "coordinates": [[[-76.44, 3.365], [-76.435, 3.365], [-76.435, 3.37], [-76.44, 3.37], [-76.44, 3.365]]]}}, {"type": "Feature", "properties": {"value": 7.0106, "sigma": 7.6787}, "geometry": {"type": "Polygon", "coordinates": [[[-76.435, 3.365], [-76.43, 3.365], [-76.43, 3.37], [-76.435, 3.37], [-76.435, 3.365]]]}}, {"type": "Feature", "properties": {"value": 7.277, "sigma": 7.6787}, "geometry": {"type": "Polygon", "coordinates": [[[-76.43, 3.365], [-76.425, 3.365], [-76.425, 3.37], [-76.43, 3.37], [-76.43, 3.365]]]}}, {"type": "Feature", "properties": {"value": 7.4264, "sigma": 7.6787}, "geometry": {"type": "Polygon", "coordinates": [[[-76.425, 3.365], [-76.42, 3.365], [-76.42, 3.37], [-76.425, 3.37], [-76.425, 3.365]]]}}, {"type": "Feature", "properties": {"value": 7.4867, "sigma": 7.6787}, "geometry": {"type": "Polygon", "coordinates": [[[-76.42, 3.365], [-76.415, 3.365], [-76.415, 3.37], [-76.42, 3.37], [-76.42, 3.365]]]}}, {"type": "Feature", "properties": {"value": 7.5044, "sigma": 7.6787}, "geometry": {"type": "Polygon", "coordinates": [[[-76.415, 3.365], [-76.41, 3.365], [-76.41, 3.37], [-76.415, 3.37], [-76.415, 3.365]]]}}, {"type": "Feature", "properties": {"value": 7.5083, "sigma": 7.6787}, "geometry": {"type": "Polygon", "coordinates": [[[-76.41, 3.365], [-76.405, 3.365], [-76.405, 3.37], [-76.41, 3.37], [-76.41, 3.365]]]}}, {"type": "Feature", "properties": {"value": 7.5106, "sigma": 7.6787}, "geometry": {"type": "Polygon", "coordinates": [[[-76.405, 3.365], [-76.4, 3.365], [-76.4, 3.37], [-76.405, 3.37], [-76.405, 3.365]]]}}, {"type": "Feature", "properties": {"value": 9.2544, "sigma": 7.6787}, "geometry": {"type": "Polygon", "coordinates": [[[-76.6, 3.37], [-76.595, 3.37], [-76.595, 3.375], [-76.6, 3.375], [-76.6, 3.37]]]}}, {"type": "Feature", "properties": {"value": 9.6048, "sigma": 7.6787}, "geometry": {"type": "Polygon", "coordinates": [[[-76.595, 3.37], [-76.59, 3.37], [-76.59, 3.375], [-76.595, 3.375], [-76.595, 3.37]]]}}, {"type": "Feature", "properties": {"value": 10.0171, "sigma": 7.6787}, "geometry": {"type": "Polygon", "coordinates": [[[-76.59, 3.37], [-76.585, 3.37], [-76.585, 3.375], [-76.59, 3.375], [-76.59, 3.37]]]}}, {"type": "Feature", "properties": {"value": 10.3158, "sigma": 7.6787}, "geometry": {"type": "Polygon", "coordinates": [[[-76.585, 3.37], [-76.58, 3.37], [-76.58, 3.375], [-76.585, 3.375], [-76.585, 3.37]]]}}, {"type": "Feature", "properties": {"value": 10.2149, "sigma": 7.6787}, "geometry": {"type": "Polygon", "coordinates": [[[-76.58, 3.37], [-76.575, 3.37], [-76.575, 3.375], [-76.58, 3.375], [-76.58, 3.37]]]}}, {"type": "Feature", "properties": {"value": 9.7083, "sigma": 7.6787}, "geometry": {"type": "Polygon", "coordinates": [[[-76.575, 3.37], [-76.57, 3.37], [-76.57, 3.375], [-76.575, 3.375], [-76.575, 3.37]]]}}, {"type": "Feature", "properties": {"value": 9.1095, "sigma": 7.6787}, "geometry": {"type": "Polygon", "coordinates": [[[-76.57, 3.37], [-76.565, 3.37], [-76.565, 3.375], [-76.57, 3.375], [-76.57, 3.37]]]}}, {"type": "Feature", "properties": {"value": 8.6173, "sigma": 7.6787}, "geometry": {"type": "Polygon", "coordinates": [[[-76.565, 3.37], [-76.56, 3.37], [-76.56, 3.375], [-76.565, 3.375], [-76.565, 3.37]]]}}, {"type": "Feature", "properties": {"value": 8.2494, "sigma": 7.6787}, "geometry": {"type": "Polygon", "coordinates": [[[-76.56, 3.37], [-76.555, 3.37], [-76.555, 3.375], [-76.56, 3.375], [-76.56, 3.37]]]}}, {"type": "Feature", "properties": {"value": 7.969, "sigma": 7.6787}, "geometry": {"type": "Polygon", "coordinates": [[[-76.555, 3.37], [-76.55, 3.37], [-76.55, 3.375], [-76.555, 3.375], [-76.555, 3.37]]]}}, {"type": "Feature", "properties": {"value": 7.7436, "sigma": 7.6787}, "geometry": {"type": "Polygon", "coordinates": [[[-76.55, 3.37], [-76.545, 3.37], [-76.545, 3.375], [-76.55, 3.375], [-76.55, 3.37]]]}}, {"type": "Feature", "properties": {"value": 7.5544, "sigma": 7.6787}, "geometry": {"type": "Polygon", "coordinates": [[[-76.545, 3.37], [-76.54, 3.37], [-76.54, 3.375], [-76.545, 3.375], [-76.545, 3.37]]]}}, {"type": "Feature", "properties": {"value": 7.3931, "sigma": 7.6787}, "geometry": {"type": "Polygon", "coordinates": [[[-76.54, 3.37], [-76.535, 3.37], [-76.535, 3.375], [-76.54, 3.375], [-76.54, 3.37]]]}}, {"type": "Feature", "properties": {"value": 7.2555, "sigma": 7.6787}, "geometry": {"type": "Polygon", "coordinates": [[[-76.535, 3.37], [-76.53, 3.37], [-76.53, 3.375], [-76.535, 3.375], [-76.535, 3.37]]]}}, {"type": "Feature", "properties": {"value": 7.1314, "sigma": 7.6787}, "geometry": {"type": "Polygon", "coordinates": [[[-76.53, 3.37], [-76.525, 3.37], [-76.525, 3.375], [-76.53, 3.375], [-76.53, 3.37]]]}}, {"type": "Feature", "properties": {"value": 6.9886, "sigma": 7.6787}, "geometry": {"type": "Polygon", "coordinates": [[[-76.525, 3.37], [-76.52, 3.37], [-76.52, 3.375], [-76.525, 3.375], [-76.525, 3.37]]]}}, {"type": "Feature", "properties": {"value": 6.7546, "sigma": 7.6787}, "geometry": {"type": "Polygon", "coordinates": [[[-76.52, 3.37], [-76.515, 3.37], [-76.515, 3.375], [-76.52, 3.375], [-76.52, 3.37]]]}}, {"type": "Feature", "properties": {"value": 6.3288, "sigma": 7.6787}, "geometry": {"type": "Polygon", "coordinates": [[[-76.515, 3.37], [-76.51, 3.37], [-76.51, 3.375], [-76.515, 3.375], [-76.515, 3.37]]]}}, {"type": "Feature", "properties": {"value": 5.6943, "sigma": 7.6787}, "geometry": {"type": "Polygon", "coordinates": [[[-76.51, 3.37], [-76.505, 3.37], [-76.505, 3.375], [-76.51, 3.375], [-76.51, 3.37]]]}}, {"type": "Feature", "properties": {"value": 5.1192, "sigma": 7.6787}, "geometry": {"type": "Polygon", "coordinates": [[[-76.505, 3.37], [-76.5, 3.37], [-76.5, 3.375], [-76.505, 3.375], [-76.505, 3.37]]]}}, {"type": "Feature", "properties": {"value": 5.0281, "sigma": 7.6787}, "geometry": {"type": "Polygon", "coordinates": [[[-76.5, 3.37], [-76.495, 3.37], [-76.495, 3.375], [-76.5, 3.375], [-76.5, 3.37]]]}}, {"type": "Feature", "properties": {"value": 5.4124, "sigma": 7.6787}, "geometry": {"type": "Polygon", "coordinates": [[[-76.495, 3.37], [-76.49, 3.37], [-76.49, 3.375], [-76.495, 3.375], [-76.495, 3.37]]]}}, {"type": "Feature", "properties": {"value": 5.9107, "sigma": 7.6787}, "geometry": {"type": "Polygon", "coordinates": [[[-76.49, 3.37], [-76.485, 3.37], [-76.485, 3.375], [-76.49, 3.375], [-76.49, 3.37]]]}}, {"type": "Feature", "properties": {"value": 6.2937, "sigma": 7.6787}, "geometry": {"type": "Polygon", "coordinates": [[[-76.485, 3.37], [-76.48, 3.37], [-76.48, 3.375], [-76.485, 3.375], [-76.485, 3.37]]]}}, {"type": "Feature", "properties": {"value": 6.5134, "sigma": 7.6787}, "geometry": {"type": "Polygon", "coordinates": [[[-76.48, 3.37], [-76.475, 3.37], [-76.475, 3.375], [-76.48, 3.375], [-76.48, 3.37]]]}}, {"type": "Feature", "properties": {"value": 6.5904, "sigma": 7.6787}, "geometry": {"type": "Polygon", "coordinates": [[[-76.475, 3.37], [-76.47, 3.37], [-76.47, 3.375], [-76.475, 3.375], [-76.475, 3.37]]]}}, {"type": "Feature", "properties": {"value": 6.558, "sigma": 7.6787}, "geometry": {"type": "Polygon", "coordinates": [[[-76.47, 3.37], [-76.465, 3.37], [-76.465, 3.375], [-76.47, 3.375], [-76.47, 3.37]]]}}, {"type": "Feature", "properties": {"value": 6.4511, "sigma": 7.6787}, "geometry": {"type": "Polygon", "coordinates": [[[-76.465, 3.37], [-76.46, 3.37], [-76.46, 3.375], [-76.465, 3.375], [-76.465, 3.37]]]}}, {"type": "Feature", "properties": {"value": 6.3107, "sigma": 7.6787}, "geometry": {"type": "Polygon", "coordinates": [[[-76.46, 3.37], [-76.455, 3.37], [-76.455, 3.375], [-76.46, 3.375], [-76.46, 3.37]]]}}, {"type": "Feature", "properties": {"value": 6.1923, "sigma": 7.6787}, "geometry": {"type": "Polygon", "coordinates": [[[-76.455, 3.37], [-76.45, 3.37], [-76.45, 3.375], [-76.455, 3.375], [-76.455, 3.37]]]}}, {"type": "Feature", "properties": {"value": 6.1492, "sigma": 7.6787}, "geometry": {"type": "Polygon", "coordinates": [[[-76.45, 3.37], [-76.445, 3.37], [-76.445, 3.375], [-76.45, 3.375], [-76.45, 3.37]]]}}, {"type": "Feature", "properties": {"value": 6.1718, "sigma": 7.6787}, "geometry": {"type": "Polygon", "coordinates": [[[-76.445, 3.37], [-76.44, 3.37], [-76.44, 3.375], [-76.445, 3.375], [-76.445, 3.37]]]}}, {"type": "Feature", "properties": {"value": 6.529, "sigma": 7.6787}, "geometry": {"type": "Polygon", "coordinates": [[[-76.44, 3.37], [-76.435, 3.37], [-76.435, 3.375], [-76.44, 3.375], [-76.44, 3.37]]]}}, {"type": "Feature", "properties": {"value": 7.1411, "sigma": 7.6787}, "geometry": {"type": "Polygon", "coordinates": [[[-76.435, 3.37], [-76.43, 3.37], [-76.43, 3.375], [-76.435, 3.375], [-76.435, 3.37]]]}}, {"type": "Feature", "properties": {"value": 7.5529, "sigma": 7.6787}, "geometry": {"type": "Polygon", "coordinates": [[[-76.43, 3.37], [-76.425, 3.37], [-76.425, 3.375], [-76.43, 3.375], [-76.43, 3.37]]]}}, {"type": "Feature", "properties": {"value": 7.6722, "sigma": 7.6787}, "geometry": {"type": "Polygon", "coordinates": [[[-76.425, 3.37], [-76.42, 3.37], [-76.42, 3.375], [-76.425, 3.375], [-76.425, 3.37]]]}}, {"type": "Feature", "properties": {"value": 7.6602, "sigma": 7.6787}, "geometry": {"type": "Polygon", "coordinates": [[[-76.42, 3.37], [-76.415, 3.37], [-76.415, 3.375], [-76.42, 3.375], [-76.42, 3.37]]]}}, {"type": "Feature", "properties": {"value": 7.6215, "sigma": 7.6787}, "geometry": {"type": "Polygon", "coordinates": [[[-76.415, 3.37], [-76.41, 3.37], [-76.41, 3.375], [-76.415, 3.375], [-76.415, 3.37]]]}}, {"type": "Feature", "properties": {"value": 7.5898, "sigma": 7.6787}, "geometry": {"type": "Polygon", "coordinates": [[[-76.41, 3.37], [-76.405, 3.37], [-76.405, 3.375], [-76.41, 3.375], [-76.41, 3.37]]]}}, {"type": "Feature", "properties": {"value": 7.5714, "sigma": 7.6787}, "geometry": {"type": "Polygon", "coordinates": [[[-76.405, 3.37], [-76.4, 3.37], [-76.4, 3.375], [-76.405, 3.375], [-76.405, 3.37]]]}}, {"type": "Feature", "properties": {"value": 9.3789, "sigma": 7.6787}, "geometry": {"type": "Polygon", "coordinates": [[[-76.6, 3.375], [-76.595, 3.375], [-76.595, 3.38], [-76.6, 3.38], [-76.6, 3.375]]]}}, {"type": "Feature", "properties": {"value": 9.7728, "sigma": 7.6787}, "geometry": {"type": "Polygon", "coordinates": [[[-76.595, 3.375], [-76.59, 3.375], [-76.59, 3.38], [-76.595, 3.38], [-76.595, 3.375]]]}}, {"type": "Feature", "properties": {"value": 10.2455, "sigma": 7.6787}, "geometry": {"type": "Polygon", "coordinates": [[[-76.59, 3.375], [-76.585, 3.375], [-76.585, 3.38], [-76.59, 3.38], [-76.59, 3.375]]]}}, {"type": "Feature", "properties": {"value": 10.6048, "sigma": 7.6787}, "geometry": {"type": "Polygon", "coordinates": [[[-76.585, 3.375], [-76.58, 3.375], [-76.58, 3.38], [-76.585, 3.38], [-76.585, 3.375]]]}}, {"type": "Feature", "properties": {"value": 10.5167, "sigma": 7.6787}, "geometry": {"type": "Polygon", "coordinates": [[[-76.58, 3.375], [-76.575, 3.375], [-76.575, 3.38], [-76.58, 3.38], [-76.58, 3.375]]]}}, {"type": "Feature", "properties": {"value": 9.957, "sigma": 7.6787}, "geometry": {"type": "Polygon", "coordinates": [[[-76.575, 3.375], [-76.57, 3.375], [-76.57, 3.38], [-76.575, 3.38], [-76.575, 3.375]]]}}, {"type": "Feature", "properties": {"value": 9.2921, "sigma": 7.6787}, "geometry": {"type": "Polygon", "coordinates": [[[-76.57, 3.375], [-76.565, 3.375], [-76.565, 3.38], [-76.57, 3.38], [-76.57, 3.375]]]}}, {"type": "Feature", "properties": {"value": 8.7602, "sigma": 7.6787}, "geometry": {"type": "Polygon", "coordinates": [[[-76.565, 3.375], [-76.56, 3.375], [-76.56, 3.38], [-76.565, 3.38], [-76.565, 3.375]]]}}, {"type": "Feature", "properties": {"value": 8.3786, "sigma": 7.6787}, "geometry": {"type": "Polygon", "coordinates": [[[-76.56, 3.375], [-76.555, 3.375], [-76.555, 3.38], [-76.56, 3.38], [-76.56, 3.375]]]}}, {"type": "Feature", "properties": {"value": 8.0986, "sigma": 7.6787}, "geometry": {"type": "Polygon", "coordinates": [[[-76.555, 3.375], [-76.55, 3.375], [-76.55, 3.38], [-76.555, 3.38], [-76.555, 3.375]]]}}, {"type": "Feature", "properties": {"value": 7.8776, "sigma": 7.6787}, "geometry": {"type": "Polygon", "coordinates": [[[-76.55, 3.375], [-76.545, 3.375], [-76.545, 3.38], [-76.55, 3.38], [-76.55, 3.375]]]}}, {"type": "Feature", "properties": {"value": 7.6897, "sigma": 7.6787}, "geometry": {"type": "Polygon", "coordinates": [[[-76.545, 3.375], [-76.54, 3.375], [-76.54, 3.38], [-76.545, 3.38], [-76.545, 3.375]]]}}, {"type": "Feature", "properties": {"value": 7.5206, "sigma": 7.6787}, "geometry": {"type": "Polygon", "coordinates": [[[-76.54, 3.375], [-76.535, 3.375], [-76.535, 3.38], [-76.54, 3.38], [-76.54, 3.375]]]}}, {"type": "Feature", "properties": {"value": 7.3592, "sigma": 7.6787}, "geometry": {"type": "Polygon", "coordinates": [[[-76.535, 3.375], [-76.53, 3.375], [-76.53, 3.38], [-76.535, 3.38], [-76.535, 3.375]]]}}, {"type": "Feature", "properties": {"value": 7.1883, "sigma": 7.6787}, "geometry": {"type": "Polygon", "coordinates": [[[-76.53, 3.375], [-76.525, 3.375], [-76.525, 3.38], [-76.53, 3.38], [-76.53, 3.375]]]}}, {"type": "Feature", "properties": {"value": 6.975, "sigma": 7.6787}, "geometry": {"type": "Polygon", "coordinates": [[[-76.525, 3.375], [-76.52, 3.375], [-76.52, 3.38], [-76.525, 3.38], [-76.525, 3.375]]]}}, {"type": "Feature", "properties": {"value": 6.6647, "sigma": 7.6787}, "geometry": {"type": "Polygon", "coordinates": [[[-76.52, 3.375], [-76.515, 3.375], [-76.515, 3.38], [-76.52, 3.38], [-76.52, 3.375]]]}}, {"type": "Feature", "properties": {"value": 6.1973, "sigma": 7.6787}, "geometry": {"type": "Polygon", "coordinates": [[[-76.515, 3.375], [-76.51, 3.375], [-76.51, 3.38], [-76.515, 3.38], [-76.515, 3.375]]]}}, {"type": "Feature", "properties": {"value": 5.5847, "sigma": 7.6787}, "geometry": {"type": "Polygon", "coordinates": [[[-76.51, 3.375], [-76.505, 3.375], [-76.505, 3.38], [-76.51, 3.38], [-76.51, 3.375]]]}}, {"type": "Feature", "properties": {"value": 5.0543, "sigma": 7.6787}, "geometry": {"type": "Polygon", "coordinates": [[[-76.505, 3.375], [-76.5, 3.375], [-76.5, 3.38], [-76.505, 3.38], [-76.505, 3.375]]]}}, {"type": "Feature", "properties": {"value": 4.9751, "sigma": 7.6787}, "geometry": {"type": "Polygon", "coordinates": [[[-76.5, 3.375], [-76.495, 3.375], [-76.495, 3.38], [-76.5, 3.38], [-76.5, 3.375]]]}}, {"type": "Feature", "properties": {"value": 5.3706, "sigma": 7.6787}, "geometry": {"type": "Polygon", "coordinates": [[[-76.495, 3.375], [-76.49, 3.375], [-76.49, 3.38], [-76.495, 3.38], [-76.495, 3.375]]]}}, {"type": "Feature", "properties": {"value": 5.8964, "sigma": 7.6787}, "geometry": {"type": "Polygon", "coordinates": [[[-76.49, 3.375], [-76.485, 3.375], [-76.485, 3.38], [-76.49, 3.38], [-76.49, 3.375]]]}}, {"type": "Feature", "properties": {"value": 6.3007, "sigma": 7.6787}, "geometry": {"type": "Polygon", "coordinates": [[[-76.485, 3.375], [-76.48, 3.375], [-76.48, 3.38], [-76.485, 3.38], [-76.485, 3.375]]]}}, {"type": "Feature", "properties": {"value": 6.5239, "sigma": 7.6787}, "geometry": {"type": "Polygon", "coordinates": [[[-76.48, 3.375], [-76.475, 3.375], [-76.475, 3.38], [-76.48, 3.38], [-76.48, 3.375]]]}}, {"type": "Feature", "properties": {"value": 6.5857, "sigma": 7.6787}, "geometry": {"type": "Polygon", "coordinates": [[[-76.475, 3.375], [-76.47, 3.375], [-76.47, 3.38], [-76.475, 3.38], [-76.475, 3.375]]]}}, {"type": "Feature", "properties": {"value": 6.5197, "sigma": 7.6787}, "geometry": {"type": "Polygon", "coordinates": [[[-76.47, 3.375], [-76.465, 3.375], [-76.465, 3.38], [-76.47, 3.38], [-76.47, 3.375]]]}}, {"type": "Feature", "properties": {"value": 6.3592, "sigma": 7.6787}, "geometry": {"type": "Polygon", "coordinates": [[[-76.465, 3.375], [-76.46, 3.375], [-76.46, 3.38], [-76.465, 3.38], [-76.465, 3.375]]]}}, {"type": "Feature", "properties": {"value": 6.1415, "sigma": 7.6787}, "geometry": {"type": "Polygon", "coordinates": [[[-76.46, 3.375], [-76.455, 3.375], [-76.455, 3.38], [-76.46, 3.38], [-76.46, 3.375]]]}}, {"type": "Feature", "properties": {"value": 5.928, "sigma": 7.6787}, "geometry": {"type": "Polygon", "coordinates": [[[-76.455, 3.375], [-76.45, 3.375], [-76.45, 3.38], [-76.455, 3.38], [-76.455, 3.375]]]}}, {"type": "Feature", "properties": {"value": 5.8611, "sigma": 7.6787}, "geometry": {"type": "Polygon", "coordinates": [[[-76.45, 3.375], [-76.445, 3.375], [-76.445, 3.38], [-76.45, 3.38], [-76.45, 3.375]]]}}, {"type": "Feature", "properties": {"value": 5.5729, "sigma": 7.6787}, "geometry": {"type": "Polygon", "coordinates": [[[-76.445, 3.375], [-76.44, 3.375], [-76.44, 3.38], [-76.445, 3.38], [-76.445, 3.375]]]}}, {"type": "Feature", "properties": {"value": 6.5251, "sigma": 7.6787}, "geometry": {"type": "Polygon", "coordinates": [[[-76.44, 3.375], [-76.435, 3.375], [-76.435, 3.38], [-76.44, 3.38], [-76.44, 3.375]]]}}, {"type": "Feature", "properties": {"value": 7.7086, "sigma": 7.6787}, "geometry": {"type": "Polygon", "coordinates": [[[-76.435, 3.375], [-76.43, 3.375], [-76.43, 3.38], [-76.435, 3.38], [-76.435, 3.375]]]}}, {"type": "Feature", "properties": {"value": 8.1829, "sigma": 7.6787}, "geometry": {"type": "Polygon", "coordinates": [[[-76.43, 3.375], [-76.425, 3.375], [-76.425, 3.38], [-76.43, 3.38], [-76.43, 3.375]]]}}, {"type": "Feature", "properties": {"value": 8.0572, "sigma": 7.6787}, "geometry": {"type": "Polygon", "coordinates": [[[-76.425, 3.375], [-76.42, 3.375], [-76.42, 3.38], [-76.425, 3.38], [-76.425, 3.375]]]}}, {"type": "Feature", "properties": {"value": 7.8751, "sigma": 7.6787}, "geometry": {"type": "Polygon", "coordinates": [[[-76.42, 3.375], [-76.415, 3.375], [-76.415, 3.38], [-76.42, 3.38], [-76.42, 3.375]]]}}, {"type": "Feature", "properties": {"value": 7.7482, "sigma": 7.6787}, "geometry": {"type": "Polygon", "coordinates": [[[-76.415, 3.375], [-76.41, 3.375], [-76.41, 3.38], [-76.415, 3.38], [-76.415, 3.375]]]}}, {"type": "Feature", "properties": {"value": 7.6725, "sigma": 7.6787}, "geometry": {"type": "Polygon", "coordinates": [[[-76.41, 3.375], [-76.405, 3.375], [-76.405, 3.38], [-76.41, 3.38], [-76.41, 3.375]]]}}, {"type": "Feature", "properties": {"value": 7.6317, "sigma": 7.6787}, "geometry": {"type": "Polygon", "coordinates": [[[-76.405, 3.375], [-76.4, 3.375], [-76.4, 3.38], [-76.405, 3.38], [-76.405, 3.375]]]}}, {"type": "Feature", "properties": {"value": 9.378, "sigma": 7.6787}, "geometry": {"type": "Polygon", "coordinates": [[[-76.6, 3.38], [-76.595, 3.38], [-76.595, 3.385], [-76.6, 3.385], [-76.6, 3.38]]]}}, {"type": "Feature", "properties": {"value": 9.7245, "sigma": 7.6787}, "geometry": {"type": "Polygon", "coordinates": [[[-76.595, 3.38], [-76.59, 3.38], [-76.59, 3.385], [-76.595, 3.385], [-76.595, 3.38]]]}}, {"type": "Feature", "properties": {"value": 10.1173, "sigma": 7.6787}, "geometry": {"type": "Polygon", "coordinates": [[[-76.59, 3.38], [-76.585, 3.38], [-76.585, 3.385], [-76.59, 3.385], [-76.59, 3.38]]]}}, {"type": "Feature", "properties": {"value": 10.394, "sigma": 7.6787}, "geometry": {"type": "Polygon", "coordinates": [[[-76.585, 3.38], [-76.58, 3.38], [-76.58, 3.385], [-76.585, 3.385], [-76.585, 3.38]]]}}, {"type": "Feature", "properties": {"value": 10.305, "sigma": 7.6787}, "geometry": {"type": "Polygon", "coordinates": [[[-76.58, 3.38], [-76.575, 3.38], [-76.575, 3.385], [-76.58, 3.385], [-76.58, 3.38]]]}}, {"type": "Feature", "properties": {"value": 9.8354, "sigma": 7.6787}, "geometry": {"type": "Polygon", "coordinates": [[[-76.575, 3.38], [-76.57, 3.38], [-76.57, 3.385], [-76.575, 3.385], [-76.575, 3.38]]]}}, {"type": "Feature", "properties": {"value": 9.2652, "sigma": 7.6787}, "geometry": {"type": "Polygon", "coordinates": [[[-76.57, 3.38], [-76.565, 3.38], [-76.565, 3.385], [-76.57, 3.385], [-76.57, 3.38]]]}}, {"type": "Feature", "properties": {"value": 8.7982, "sigma": 7.6787}, "geometry": {"type": "Polygon", "coordinates": [[[-76.565, 3.38], [-76.56, 3.38], [-76.56, 3.385], [-76.565, 3.385], [-76.565, 3.38]]]}}, {"type": "Feature", "properties": {"value": 8.4602, "sigma": 7.6787}, "geometry": {"type": "Polygon", "coordinates": [[[-76.56, 3.38], [-76.555, 3.38], [-76.555, 3.385], [-76.56, 3.385], [-76.56, 3.38]]]}}, {"type": "Feature", "properties": {"value": 8.2106, "sigma": 7.6787}, "geometry": {"type": "Polygon", "coordinates": [[[-76.555, 3.38], [-76.55, 3.38], [-76.55, 3.385], [-76.555, 3.385], [-76.555, 3.38]]]}}, {"type": "Feature", "properties": {"value": 8.0093, "sigma": 7.6787}, "geometry": {"type": "Polygon", "coordinates": [[[-76.55, 3.38], [-76.545, 3.38], [-76.545, 3.385], [-76.55, 3.385], [-76.55, 3.38]]]}}, {"type": "Feature", "properties": {"value": 7.8308, "sigma": 7.6787}, "geometry": {"type": "Polygon", "coordinates": [[[-76.545, 3.38], [-76.54, 3.38], [-76.54, 3.385], [-76.545, 3.385], [-76.545, 3.38]]]}}, {"type": "Feature", "properties": {"value": 7.6613, "sigma": 7.6787}, "geometry": {"type": "Polygon", "coordinates": [[[-76.54, 3.38], [-76.535, 3.38], [-76.535, 3.385], [-76.54, 3.385], [-76.54, 3.38]]]}}, {"type": "Feature", "properties": {"value": 7.4895, "sigma": 7.6787}, "geometry": {"type": "Polygon", "coordinates": [[[-76.535, 3.38], [-76.53, 3.38], [-76.53, 3.385], [-76.535, 3.385], [-76.535, 3.38]]]}}, {"type": "Feature", "properties": {"value": 7.2998, "sigma": 7.6787}, "geometry": {"type": "Polygon", "coordinates": [[[-76.53, 3.38], [-76.525, 3.38], [-76.525, 3.385], [-76.53, 3.385], [-76.53, 3.38]]]}}, {"type": "Feature", "properties": {"value": 7.0666, "sigma": 7.6787}, "geometry": {"type": "Polygon", "coordinates": [[[-76.525, 3.38], [-76.52, 3.38], [-76.52, 3.385], [-76.525, 3.385], [-76.525, 3.38]]]}}, {"type": "Feature", "properties": {"value": 6.7557, "sigma": 7.6787}, "geometry": {"type": "Polygon", "coordinates": [[[-76.52, 3.38], [-76.515, 3.38], [-76.515, 3.385], [-76.52, 3.385], [-76.52, 3.38]]]}}, {"type": "Feature", "properties": {"value": 6.341, "sigma": 7.6787}, "geometry": {"type": "Polygon", "coordinates": [[[-76.515, 3.38], [-76.51, 3.38], [-76.51, 3.385], [-76.515, 3.385], [-76.515, 3.38]]]}}, {"type": "Feature", "properties": {"value": 5.8562, "sigma": 7.6787}, "geometry": {"type": "Polygon", "coordinates": [[[-76.51, 3.38], [-76.505, 3.38], [-76.505, 3.385], [-76.51, 3.385], [-76.51, 3.38]]]}}, {"type": "Feature", "properties": {"value": 5.4663, "sigma": 7.6787}, "geometry": {"type": "Polygon", "coordinates": [[[-76.505, 3.38], [-76.5, 3.38], [-76.5, 3.385], [-76.505, 3.385], [-76.505, 3.38]]]}}, {"type": "Feature", "properties": {"value": 5.4024, "sigma": 7.6787}, "geometry": {"type": "Polygon", "coordinates": [[[-76.5, 3.38], [-76.495, 3.38], [-76.495, 3.385], [-76.5, 3.385], [-76.5, 3.38]]]}}, {"type": "Feature", "properties": {"value": 5.6875, "sigma": 7.6787}, "geometry": {"type": "Polygon", "coordinates": [[[-76.495, 3.38], [-76.49, 3.38], [-76.49, 3.385], [-76.495, 3.385], [-76.495, 3.38]]]}}, {"type": "Feature", "properties": {"value": 6.0957, "sigma": 7.6787}, "geometry": {"type": "Polygon", "coordinates": [[[-76.49, 3.38], [-76.485, 3.38], [-76.485, 3.385], [-76.49, 3.385], [-76.49, 3.38]]]}}, {"type": "Feature", "properties": {"value": 6.4242, "sigma": 7.6787}, "geometry": {"type": "Polygon", "coordinates": [[[-76.485, 3.38], [-76.48, 3.38], [-76.48, 3.385], [-76.485, 3.385], [-76.485, 3.38]]]}}, {"type": "Feature", "properties": {"value": 6.6015, "sigma": 7.6787}, "geometry": {"type": "Polygon", "coordinates": [[[-76.48, 3.38], [-76.475, 3.38], [-76.475, 3.385], [-76.48, 3.385], [-76.48, 3.38]]]}}, {"type": "Feature", "properties": {"value": 6.629, "sigma": 7.6787}, "geometry": {"type": "Polygon", "coordinates": [[[-76.475, 3.38], [-76.47, 3.38], [-76.47, 3.385], [-76.475, 3.385], [-76.475, 3.38]]]}}, {"type": "Feature", "properties": {"value": 6.528, "sigma": 7.6787}, "geometry": {"type": "Polygon", "coordinates": [[[-76.47, 3.38], [-76.465, 3.38], [-76.465, 3.385], [-76.47, 3.385], [-76.47, 3.38]]]}}, {"type": "Feature", "properties": {"value": 6.3212, "sigma": 7.6787}, "geometry": {"type": "Polygon", "coordinates": [[[-76.465, 3.38], [-76.46, 3.38], [-76.46, 3.385], [-76.465, 3.385], [-76.465, 3.38]]]}}, {"type": "Feature", "properties": {"value": 6.0301, "sigma": 7.6787}, "geometry": {"type": "Polygon", "coordinates": [[[-76.46, 3.38], [-76.455, 3.38], [-76.455, 3.385], [-76.46, 3.385], [-76.46, 3.38]]]}}, {"type": "Feature", "properties": {"value": 5.6854, "sigma": 7.6787}, "geometry": {"type": "Polygon", "coordinates": [[[-76.455, 3.38], [-76.45, 3.38], [-76.45, 3.385], [-76.455, 3.385], [-76.455, 3.38]]]}}, {"type": "Feature", "properties": {"value": 5.4353, "sigma": 7.6787}, "geometry": {"type": "Polygon", "coordinates": [[[-76.45, 3.38], [-76.445, 3.38], [-76.445, 3.385], [-76.45, 3.385], [-76.45, 3.38]]]}}, {"type": "Feature", "properties": {"value": 5.9826, "sigma": 7.6787}, "geometry": {"type": "Polygon", "coordinates": [[[-76.445, 3.38], [-76.44, 3.38], [-76.44, 3.385], [-76.445, 3.385], [-76.445, 3.38]]]}}, {"type": "Feature", "properties": {"value": 7.0673, "sigma": 7.6787}, "geometry": {"type": "Polygon", "coordinates": [[[-76.44, 3.38], [-76.435, 3.38], [-76.435, 3.385], [-76.44, 3.385], [-76.44, 3.38]]]}}, {"type": "Feature", "properties": {"value": 9.1542, "sigma": 7.6787}, "geometry": {"type": "Polygon", "coordinates": [[[-76.435, 3.38], [-76.43, 3.38], [-76.43, 3.385], [-76.435, 3.385], [-76.435, 3.38]]]}}, {"type": "Feature", "properties": {"value": 9.0542, "sigma": 7.6787}, "geometry": {"type": "Polygon", "coordinates": [[[-76.43, 3.38], [-76.425, 3.38], [-76.425, 3.385], [-76.43, 3.385], [-76.43, 3.38]]]}}, {"type": "Feature", "properties": {"value": 8.4257, "sigma": 7.6787}, "geometry": {"type": "Polygon", "coordinates": [[[-76.425, 3.38], [-76.42, 3.38], [-76.42, 3.385], [-76.425, 3.385], [-76.425, 3.38]]]}}, {"type": "Feature", "properties": {"value": 8.0498, "sigma": 7.6787}, "geometry": {"type": "Polygon", "coordinates": [[[-76.42, 3.38], [-76.415, 3.38], [-76.415, 3.385], [-76.42, 3.385], [-76.42, 3.38]]]}}, {"type": "Feature", "properties": {"value": 7.8473, "sigma": 7.6787}, "geometry": {"type": "Polygon", "coordinates": [[[-76.415, 3.38], [-76.41, 3.38], [-76.41, 3.385], [-76.415, 3.385], [-76.415, 3.38]]]}}, {"type": "Feature", "properties": {"value": 7.7394, "sigma": 7.6787}, "geometry": {"type": "Polygon", "coordinates": [[[-76.41, 3.38], [-76.405, 3.38], [-76.405, 3.385], [-76.41, 3.385], [-76.41, 3.38]]]}}, {"type": "Feature", "properties": {"value": 7.6838, "sigma": 7.6787}, "geometry": {"type": "Polygon", "coordinates": [[[-76.405, 3.38], [-76.4, 3.38], [-76.4, 3.385], [-76.405, 3.385], [-76.405, 3.38]]]}}, {"type": "Feature", "properties": {"value": 9.2844, "sigma": 7.6787}, "geometry": {"type": "Polygon", "coordinates": [[[-76.6, 3.385], [-76.595, 3.385], [-76.595, 3.39], [-76.6, 3.39], [-76.6, 3.385]]]}}, {"type": "Feature", "properties": {"value": 9.5325, "sigma": 7.6787}, "geometry": {"type": "Polygon", "coordinates": [[[-76.595, 3.385], [-76.59, 3.385], [-76.59, 3.39], [-76.595, 3.39], [-76.595, 3.385]]]}}, {"type": "Feature", "properties": {"value": 9.7825, "sigma": 7.6787}, "geometry": {"type": "Polygon", "coordinates": [[[-76.59, 3.385], [-76.585, 3.385], [-76.585, 3.39], [-76.59, 3.39], [-76.59, 3.385]]]}}, {"type": "Feature", "properties": {"value": 9.9257, "sigma": 7.6787}, "geometry": {"type": "Polygon", "coordinates": [[[-76.585, 3.385], [-76.58, 3.385], [-76.58, 3.39], [-76.585, 3.39], [-76.585, 3.385]]]}}, {"type": "Feature", "properties": {"value": 9.8323, "sigma": 7.6787}, "geometry": {"type": "Polygon", "coordinates": [[[-76.58, 3.385], [-76.575, 3.385], [-76.575, 3.39], [-76.58, 3.39], [-76.58, 3.385]]]}}, {"type": "Feature", "properties": {"value": 9.5065, "sigma": 7.6787}, "geometry": {"type": "Polygon", "coordinates": [[[-76.575, 3.385], [-76.57, 3.385], [-76.57, 3.39], [-76.575, 3.39], [-76.575, 3.385]]]}}, {"type": "Feature", "properties": {"value": 9.1068, "sigma": 7.6787}, "geometry": {"type": "Polygon", "coordinates": [[[-76.57, 3.385], [-76.565, 3.385], [-76.565, 3.39], [-76.57, 3.39], [-76.57, 3.385]]]}}, {"type": "Feature", "properties": {"value": 8.7653, "sigma": 7.6787}, "geometry": {"type": "Polygon", "coordinates": [[[-76.565, 3.385], [-76.56, 3.385], [-76.56, 3.39], [-76.565, 3.39], [-76.565, 3.385]]]}}, {"type": "Feature", "properties": {"value": 8.5098, "sigma": 7.6787}, "geometry": {"type": "Polygon", "coordinates": [[[-76.56, 3.385], [-76.555, 3.385], [-76.555, 3.39], [-76.56, 3.39], [-76.56, 3.385]]]}}, {"type": "Feature", "properties": {"value": 8.3138, "sigma": 7.6787}, "geometry": {"type": "Polygon", "coordinates": [[[-76.555, 3.385], [-76.55, 3.385], [-76.55, 3.39], [-76.555, 3.39], [-76.555, 3.385]]]}}, {"type": "Feature", "properties": {"value": 8.1448, "sigma": 7.6787}, "geometry": {"type": "Polygon", "coordinates": [[[-76.55, 3.385], [-76.545, 3.385], [-76.545, 3.39], [-76.55, 3.39], [-76.55, 3.385]]]}}, {"type": "Feature", "properties": {"value": 7.9835, "sigma": 7.6787}, "geometry": {"type": "Polygon", "coordinates": [[[-76.545, 3.385], [-76.54, 3.385], [-76.54, 3.39], [-76.545, 3.39], [-76.545, 3.385]]]}}, {"type": "Feature", "properties": {"value": 7.8217, "sigma": 7.6787}, "geometry": {"type": "Polygon", "coordinates": [[[-76.54, 3.385], [-76.535, 3.385], [-76.535, 3.39], [-76.54, 3.39], [-76.54, 3.385]]]}}, {"type": "Feature", "properties": {"value": 7.6535, "sigma": 7.6787}, "geometry": {"type": "Polygon", "coordinates": [[[-76.535, 3.385], [-76.53, 3.385], [-76.53, 3.39], [-76.535, 3.39], [-76.535, 3.385]]]}}, {"type": "Feature", "properties": {"value": 7.4687, "sigma": 7.6787}, "geometry": {"type": "Polygon", "coordinates": [[[-76.53, 3.385], [-76.525, 3.385], [-76.525, 3.39], [-76.53, 3.39], [-76.53, 3.385]]]}}, {"type": "Feature", "properties": {"value": 7.2509, "sigma": 7.6787}, "geometry": {"type": "Polygon", "coordinates": [[[-76.525, 3.385], [-76.52, 3.385], [-76.52, 3.39], [-76.525, 3.39], [-76.525, 3.385]]]}}, {"type": "Feature", "properties": {"value": 6.9826, "sigma": 7.6787}, "geometry": {"type": "Polygon", "coordinates": [[[-76.52, 3.385], [-76.515, 3.385], [-76.515, 3.39], [-76.52, 3.39], [-76.52, 3.385]]]}}, {"type": "Feature", "properties": {"value": 6.6592, "sigma": 7.6787}, "geometry": {"type": "Polygon", "coordinates": [[[-76.515, 3.385], [-76.51, 3.385], [-76.51, 3.39], [-76.515, 3.39], [-76.515, 3.385]]]}}, {"type": "Feature", "properties": {"value": 6.3186, "sigma": 7.6787}, "geometry": {"type": "Polygon", "coordinates": [[[-76.51, 3.385], [-76.505, 3.385], [-76.505, 3.39], [-76.51, 3.39], [-76.51, 3.385]]]}}, {"type": "Feature", "properties": {"value": 6.0641, "sigma": 7.6787}, "geometry": {"type": "Polygon", "coordinates": [[[-76.505, 3.385], [-76.5, 3.385], [-76.5, 3.39], [-76.505, 3.39], [-76.505, 3.385]]]}}, {"type": "Feature", "properties": {"value": 6.0135, "sigma": 7.6787}, "geometry": {"type": "Polygon", "coordinates": [[[-76.5, 3.385], [-76.495, 3.385], [-76.495, 3.39], [-76.5, 3.39], [-76.5, 3.385]]]}}, {"type": "Feature", "properties": {"value": 6.1744, "sigma": 7.6787}, "geometry": {"type": "Polygon", "coordinates": [[[-76.495, 3.385], [-76.49, 3.385], [-76.49, 3.39], [-76.495, 3.39], [-76.495, 3.385]]]}}, {"type": "Feature", "properties": {"value": 6.425, "sigma": 7.6787}, "geometry": {"type": "Polygon", "coordinates": [[[-76.49, 3.385], [-76.485, 3.385], [-76.485, 3.39], [-76.49, 3.39], [-76.49, 3.385]]]}}, {"type": "Feature", "properties": {"value": 6.6355, "sigma": 7.6787}, "geometry": {"type": "Polygon", "coordinates": [[[-76.485, 3.385], [-76.48, 3.385], [-76.48, 3.39], [-76.485, 3.39], [-76.485, 3.385]]]}}, {"type": "Feature", "properties": {"value": 6.7411, "sigma": 7.6787}, "geometry": {"type": "Polygon", "coordinates": [[[-76.48, 3.385], [-76.475, 3.385], [-76.475, 3.39], [-76.48, 3.39], [-76.48, 3.385]]]}}, {"type": "Feature", "properties": {"value": 6.7278, "sigma": 7.6787}, "geometry": {"type": "Polygon", "coordinates": [[[-76.475, 3.385], [-76.47, 3.385], [-76.47, 3.39], [-76.475, 3.39], [-76.475, 3.385]]]}}, {"type": "Feature", "properties": {"value": 6.6024, "sigma": 7.6787}, "geometry": {"type": "Polygon", "coordinates": [[[-76.47, 3.385], [-76.465, 3.385], [-76.465, 3.39], [-76.47, 3.39], [-76.47, 3.385]]]}}, {"type": "Feature", "properties": {"value": 6.3776, "sigma": 7.6787}, "geometry": {"type": "Polygon", "coordinates": [[[-76.465, 3.385], [-76.46, 3.385], [-76.46, 3.39], [-76.465, 3.39], [-76.465, 3.385]]]}}, {"type": "Feature", "properties": {"value": 6.0677, "sigma": 7.6787}, "geometry": {"type": "Polygon", "coordinates": [[[-76.46, 3.385], [-76.455, 3.385], [-76.455, 3.39], [-76.46, 3.39], [-76.46, 3.385]]]}}, {"type": "Feature", "properties": {"value": 5.6921, "sigma": 7.6787}, "geometry": {"type": "Polygon", "coordinates": [[[-76.455, 3.385], [-76.45, 3.385], [-76.45, 3.39], [-76.455, 3.39], [-76.455, 3.385]]]}}, {"type": "Feature", "properties": {"value": 5.1883, "sigma": 7.6787}, "geometry": {"type": "Polygon", "coordinates": [[[-76.45, 3.385], [-76.445, 3.385], [-76.445, 3.39], [-76.45, 3.39], [-76.45, 3.385]]]}}, {"type": "Feature", "properties": {"value": 5.5335, "sigma": 7.6787}, "geometry": {"type": "Polygon", "coordinates": [[[-76.445, 3.385], [-76.44, 3.385], [-76.44, 3.39], [-76.445, 3.39], [-76.445, 3.385]]]}}, {"type": "Feature", "properties": {"value": 7.2841, "sigma": 7.6787}, "geometry": {"type": "Polygon", "coordinates": [[[-76.44, 3.385], [-76.435, 3.385], [-76.435, 3.39], [-76.44, 3.39], [-76.44, 3.385]]]}}, {"type": "Feature", "properties": {"value": 9.0799, "sigma": 7.6787}, "geometry": {"type": "Polygon", "coordinates": [[[-76.435, 3.385], [-76.43, 3.385], [-76.43, 3.39], [-76.435, 3.39], [-76.435, 3.385]]]}}, {"type": "Feature", "properties": {"value": 9.022, "sigma": 7.6787}, "geometry": {"type": "Polygon", "coordinates": [[[-76.43, 3.385], [-76.425, 3.385], [-76.425, 3.39], [-76.43, 3.39], [-76.43, 3.385]]]}}, {"type": "Feature", "properties": {"value": 8.4531, "sigma": 7.6787}, "geometry": {"type": "Polygon", "coordinates": [[[-76.425, 3.385], [-76.42, 3.385], [-76.42, 3.39], [-76.425, 3.39], [-76.425, 3.385]]]}}, {"type": "Feature", "properties": {"value": 8.0868, "sigma": 7.6787}, "geometry": {"type": "Polygon", "coordinates": [[[-76.42, 3.385], [-76.415, 3.385], [-76.415, 3.39], [-76.42, 3.39], [-76.42, 3.385]]]}}, {"type": "Feature", "properties": {"value": 7.8857, "sigma": 7.6787}, "geometry": {"type": "Polygon", "coordinates": [[[-76.415, 3.385], [-76.41, 3.385], [-76.41, 3.39], [-76.415, 3.39], [-76.415, 3.385]]]}}, {"type": "Feature", "properties": {"value": 7.7781, "sigma": 7.6787}, "geometry": {"type": "Polygon", "coordinates": [[[-76.41, 3.385], [-76.405, 3.385], [-76.405, 3.39], [-76.41, 3.39], [-76.41, 3.385]]]}}, {"type": "Feature", "properties": {"value": 7.7228, "sigma": 7.6787}, "geometry": {"type": "Polygon", "coordinates": [[[-76.405, 3.385], [-76.4, 3.385], [-76.4, 3.39], [-76.405, 3.39], [-76.405, 3.385]]]}}, {"type": "Feature", "properties": {"value": 9.1536, "sigma": 7.6787}, "geometry": {"type": "Polygon", "coordinates": [[[-76.6, 3.39], [-76.595, 3.39], [-76.595, 3.395], [-76.6, 3.395], [-76.6, 3.39]]]}}, {"type": "Feature", "properties": {"value": 9.3056, "sigma": 7.6787}, "geometry": {"type": "Polygon", "coordinates": [[[-76.595, 3.39], [-76.59, 3.39], [-76.59, 3.395], [-76.595, 3.395], [-76.595, 3.39]]]}}, {"type": "Feature", "properties": {"value": 9.435, "sigma": 7.6787}, "geometry": {"type": "Polygon", "coordinates": [[[-76.59, 3.39], [-76.585, 3.39], [-76.585, 3.395], [-76.59, 3.395], [-76.59, 3.39]]]}}, {"type": "Feature", "properties": {"value": 9.4822, "sigma": 7.6787}, "geometry": {"type": "Polygon", "coordinates": [[[-76.585, 3.39], [-76.58, 3.39], [-76.58, 3.395], [-76.585, 3.395], [-76.585, 3.39]]]}}, {"type": "Feature", "properties": {"value": 9.3943, "sigma": 7.6787}, "geometry": {"type": "Polygon", "coordinates": [[[-76.58, 3.39], [-76.575, 3.39], [-76.575, 3.395], [-76.58, 3.395], [-76.58, 3.39]]]}}, {"type": "Feature", "properties": {"value": 9.1849, "sigma": 7.6787}, "geometry": {"type": "Polygon", "coordinates": [[[-76.575, 3.39], [-76.57, 3.39], [-76.57, 3.395], [-76.575, 3.395], [-76.575, 3.39]]]}}, {"type": "Feature", "properties": {"value": 8.9355, "sigma": 7.6787}, "geometry": {"type": "Polygon", "coordinates": [[[-76.57, 3.39], [-76.565, 3.39], [-76.565, 3.395], [-76.57, 3.395], [-76.57, 3.39]]]}}, {"type": "Feature", "properties": {"value": 8.7196, "sigma": 7.6787}, "geometry": {"type": "Polygon", "coordinates": [[[-76.565, 3.39], [-76.56, 3.39], [-76.56, 3.395], [-76.565, 3.395], [-76.565, 3.39]]]}}, {"type": "Feature", "properties": {"value": 8.5561, "sigma": 7.6787}, "geometry": {"type": "Polygon", "coordinates": [[[-76.56, 3.39], [-76.555, 3.39], [-76.555, 3.395], [-76.56, 3.395], [-76.56, 3.39]]]}}, {"type": "Feature", "properties": {"value": 8.423, "sigma": 7.6787}, "geometry": {"type": "Polygon", "coordinates": [[[-76.555, 3.39], [-76.55, 3.39], [-76.55, 3.395], [-76.555, 3.395], [-76.555, 3.39]]]}}, {"type": "Feature", "properties": {"value": 8.2917, "sigma": 7.6787}, "geometry": {"type": "Polygon", "coordinates": [[[-76.55, 3.39], [-76.545, 3.39], [-76.545, 3.395], [-76.55, 3.395], [-76.55, 3.39]]]}}, {"type": "Feature", "properties": {"value": 8.1502, "sigma": 7.6787}, "geometry": {"type": "Polygon", "coordinates": [[[-76.545, 3.39], [-76.54, 3.39], [-76.54, 3.395], [-76.545, 3.395], [-76.545, 3.39]]]}}, {"type": "Feature", "properties": {"value": 8.0008, "sigma": 7.6787}, "geometry": {"type": "Polygon", "coordinates": [[[-76.54, 3.39], [-76.535, 3.39], [-76.535, 3.395], [-76.54, 3.395], [-76.54, 3.39]]]}}, {"type": "Feature", "properties": {"value": 7.8466, "sigma": 7.6787}, "geometry": {"type": "Polygon", "coordinates": [[[-76.535, 3.39], [-76.53, 3.39], [-76.53, 3.395], [-76.535, 3.395], [-76.535, 3.39]]]}}, {"type": "Feature", "properties": {"value": 7.6837, "sigma": 7.6787}, "geometry": {"type": "Polygon", "coordinates": [[[-76.53, 3.39], [-76.525, 3.39], [-76.525, 3.395], [-76.53, 3.395], [-76.53, 3.39]]]}}, {"type": "Feature", "properties": {"value": 7.5025, "sigma": 7.6787}, "geometry": {"type": "Polygon", "coordinates": [[[-76.525, 3.39], [-76.52, 3.39], [-76.52, 3.395], [-76.525, 3.395], [-76.525, 3.39]]]}}, {"type": "Feature", "properties": {"value": 7.2944, "sigma": 7.6787}, "geometry": {"type": "Polygon", "coordinates": [[[-76.52, 3.39], [-76.515, 3.39], [-76.515, 3.395], [-76.52, 3.395], [-76.52, 3.39]]]}}, {"type": "Feature", "properties": {"value": 7.0624, "sigma": 7.6787}, "geometry": {"type": "Polygon", "coordinates": [[[-76.515, 3.39], [-76.51, 3.39], [-76.51, 3.395], [-76.515, 3.395], [-76.515, 3.39]]]}}, {"type": "Feature", "properties": {"value": 6.8347, "sigma": 7.6787}, "geometry": {"type": "Polygon", "coordinates": [[[-76.51, 3.39], [-76.505, 3.39], [-76.505, 3.395], [-76.51, 3.395], [-76.51, 3.39]]]}}, {"type": "Feature", "properties": {"value": 6.6681, "sigma": 7.6787}, "geometry": {"type": "Polygon", "coordinates": [[[-76.505, 3.39], [-76.5, 3.39], [-76.5, 3.395], [-76.505, 3.395], [-76.505, 3.39]]]}}, {"type": "Feature", "properties": {"value": 6.6167, "sigma": 7.6787}, "geometry": {"type": "Polygon", "coordinates": [[[-76.5, 3.39], [-76.495, 3.39], [-76.495, 3.395], [-76.5, 3.395], [-76.5, 3.39]]]}}, {"type": "Feature", "properties": {"value": 6.6806, "sigma": 7.6787}, "geometry": {"type": "Polygon", "coordinates": [[[-76.495, 3.39], [-76.49, 3.39], [-76.49, 3.395], [-76.495, 3.395], [-76.495, 3.39]]]}}, {"type": "Feature", "properties": {"value": 6.7989, "sigma": 7.6787}, "geometry": {"type": "Polygon", "coordinates": [[[-76.49, 3.39], [-76.485, 3.39], [-76.485, 3.395], [-76.49, 3.395], [-76.49, 3.39]]]}}, {"type": "Feature", "properties": {"value": 6.8989, "sigma": 7.6787}, "geometry": {"type": "Polygon", "coordinates": [[[-76.485, 3.39], [-76.48, 3.39], [-76.48, 3.395], [-76.485, 3.395], [-76.485, 3.39]]]}}, {"type": "Feature", "properties": {"value": 6.934, "sigma": 7.6787}, "geometry": {"type": "Polygon", "coordinates": [[[-76.48, 3.39], [-76.475, 3.39], [-76.475, 3.395], [-76.48, 3.395], [-76.48, 3.39]]]}}, {"type": "Feature", "properties": {"value": 6.8859, "sigma": 7.6787}, "geometry": {"type": "Polygon", "coordinates": [[[-76.475, 3.39], [-76.47, 3.39], [-76.47, 3.395], [-76.475, 3.395], [-76.475, 3.39]]]}}, {"type": "Feature", "properties": {"value": 6.7535, "sigma": 7.6787}, "geometry": {"type": "Polygon", "coordinates": [[[-76.47, 3.39], [-76.465, 3.39], [-76.465, 3.395], [-76.47, 3.395], [-76.47, 3.39]]]}}, {"type": "Feature", "properties": {"value": 6.5452, "sigma": 7.6787}, "geometry": {"type": "Polygon", "coordinates": [[[-76.465, 3.39], [-76.46, 3.39], [-76.46, 3.395], [-76.465, 3.395], [-76.465, 3.39]]]}}, {"type": "Feature", "properties": {"value": 6.2812, "sigma": 7.6787}, "geometry": {"type": "Polygon", "coordinates": [[[-76.46, 3.39], [-76.455, 3.39], [-76.455, 3.395], [-76.46, 3.395], [-76.46, 3.39]]]}}, {"type": "Feature", "properties": {"value": 6.0053, "sigma": 7.6787}, "geometry": {"type": "Polygon", "coordinates": [[[-76.455, 3.39], [-76.45, 3.39], [-76.45, 3.395], [-76.455, 3.395], [-76.455, 3.39]]]}}, {"type": "Feature", "properties": {"value": 5.8373, "sigma": 7.6787}, "geometry": {"type": "Polygon", "coordinates": [[[-76.45, 3.39], [-76.445, 3.39], [-76.445, 3.395], [-76.45, 3.395], [-76.45, 3.39]]]}}, {"type": "Feature", "properties": {"value": 6.1687, "sigma": 7.6787}, "geometry": {"type": "Polygon", "coordinates": [[[-76.445, 3.39], [-76.44, 3.39], [-76.44, 3.395], [-76.445, 3.395], [-76.445, 3.39]]]}}, {"type": "Feature", "properties": {"value": 7.135, "sigma": 7.6787}, "geometry": {"type": "Polygon", "coordinates": [[[-76.44, 3.39], [-76.435, 3.39], [-76.435, 3.395], [-76.44, 3.395], [-76.44, 3.39]]]}}, {"type": "Feature", "properties": {"value": 8.0764, "sigma": 7.6787}, "geometry": {"type": "Polygon", "coordinates": [[[-76.435, 3.39], [-76.43, 3.39], [-76.43, 3.395], [-76.435, 3.395], [-76.435, 3.39]]]}}, {"type": "Feature", "properties": {"value": 8.3356, "sigma": 7.6787}, "geometry": {"type": "Polygon", "coordinates": [[[-76.43, 3.39], [-76.425, 3.39], [-76.425, 3.395], [-76.43, 3.395], [-76.43, 3.39]]]}}, {"type": "Feature", "properties": {"value": 8.1834, "sigma": 7.6787}, "geometry": {"type": "Polygon", "coordinates": [[[-76.425, 3.39], [-76.42, 3.39], [-76.42, 3.395], [-76.425, 3.395], [-76.425, 3.39]]]}}, {"type": "Feature", "properties": {"value": 7.9965, "sigma": 7.6787}, "geometry": {"type": "Polygon", "coordinates": [[[-76.42, 3.39], [-76.415, 3.39], [-76.415, 3.395], [-76.42, 3.395], [-76.42, 3.39]]]}}, {"type": "Feature", "properties": {"value": 7.8675, "sigma": 7.6787}, "geometry": {"type": "Polygon", "coordinates": [[[-76.415, 3.39], [-76.41, 3.39], [-76.41, 3.395], [-76.415, 3.395], [-76.415, 3.39]]]}}, {"type": "Feature", "properties": {"value": 7.7912, "sigma": 7.6787}, "geometry": {"type": "Polygon", "coordinates": [[[-76.41, 3.39], [-76.405, 3.39], [-76.405, 3.395], [-76.41, 3.395], [-76.41, 3.39]]]}}, {"type": "Feature", "properties": {"value": 7.7505, "sigma": 7.6787}, "geometry": {"type": "Polygon", "coordinates": [[[-76.405, 3.39], [-76.4, 3.39], [-76.4, 3.395], [-76.405, 3.395], [-76.405, 3.39]]]}}, {"type": "Feature", "properties": {"value": 9.0303, "sigma": 7.6787}, "geometry": {"type": "Polygon", "coordinates": [[[-76.6, 3.395], [-76.595, 3.395], [-76.595, 3.4], [-76.6, 3.4], [-76.6, 3.395]]]}}, {"type": "Feature", "properties": {"value": 9.1128, "sigma": 7.6787}, "geometry": {"type": "Polygon", "coordinates": [[[-76.595, 3.395], [-76.59, 3.395], [-76.59, 3.4], [-76.595, 3.4], [-76.595, 3.395]]]}}, {"type": "Feature", "properties": {"value": 9.1683, "sigma": 7.6787}, "geometry": {"type": "Polygon", "coordinates": [[[-76.59, 3.395], [-76.585, 3.395], [-76.585, 3.4], [-76.59, 3.4], [-76.59, 3.395]]]}}, {"type": "Feature", "properties": {"value": 9.1681, "sigma": 7.6787}, "geometry": {"type": "Polygon", "coordinates": [[[-76.585, 3.395], [-76.58, 3.395], [-76.58, 3.4], [-76.585, 3.4], [-76.585, 3.395]]]}}, {"type": "Feature", "properties": {"value": 9.0947, "sigma": 7.6787}, "geometry": {"type": "Polygon", "coordinates": [[[-76.58, 3.395], [-76.575, 3.395], [-76.575, 3.4], [-76.58, 3.4], [-76.58, 3.395]]]}}, {"type": "Feature", "properties": {"value": 8.9634, "sigma": 7.6787}, "geometry": {"type": "Polygon", "coordinates": [[[-76.575, 3.395], [-76.57, 3.395], [-76.57, 3.4], [-76.575, 3.4], [-76.575, 3.395]]]}}, {"type": "Feature", "properties": {"value": 8.8186, "sigma": 7.6787}, "geometry": {"type": "Polygon", "coordinates": [[[-76.57, 3.395], [-76.565, 3.395], [-76.565, 3.4], [-76.57, 3.4], [-76.57, 3.395]]]}}, {"type": "Feature", "properties": {"value": 8.702, "sigma": 7.6787}, "geometry": {"type": "Polygon", "coordinates": [[[-76.565, 3.395], [-76.56, 3.395], [-76.56, 3.4], [-76.565, 3.4], [-76.565, 3.395]]]}}, {"type": "Feature", "properties": {"value": 8.6218, "sigma": 7.6787}, "geometry": {"type": "Polygon", "coordinates": [[[-76.56, 3.395], [-76.555, 3.395], [-76.555, 3.4], [-76.56, 3.4], [-76.56, 3.395]]]}}, {"type": "Feature", "properties": {"value": 8.5498, "sigma": 7.6787}, "geometry": {"type": "Polygon", "coordinates": [[[-76.555, 3.395], [-76.55, 3.395], [-76.55, 3.4], [-76.555, 3.4], [-76.555, 3.395]]]}}, {"type": "Feature", "properties": {"value": 8.4521, "sigma": 7.6787}, "geometry": {"type": "Polygon", "coordinates": [[[-76.55, 3.395], [-76.545, 3.395], [-76.545, 3.4], [-76.55, 3.4], [-76.55, 3.395]]]}}, {"type": "Feature", "properties": {"value": 8.3256, "sigma": 7.6787}, "geometry": {"type": "Polygon", "coordinates": [[[-76.545, 3.395], [-76.54, 3.395], [-76.54, 3.4], [-76.545, 3.4], [-76.545, 3.395]]]}}, {"type": "Feature", "properties": {"value": 8.1891, "sigma": 7.6787}, "geometry": {"type": "Polygon", "coordinates": [[[-76.54, 3.395], [-76.535, 3.395], [-76.535, 3.4], [-76.54, 3.4], [-76.54, 3.395]]]}}, {"type": "Feature", "properties": {"value": 8.0563, "sigma": 7.6787}, "geometry": {"type": "Polygon", "coordinates": [[[-76.535, 3.395], [-76.53, 3.395], [-76.53, 3.4], [-76.535, 3.4], [-76.535, 3.395]]]}}, {"type": "Feature", "properties": {"value": 7.9273, "sigma": 7.6787}, "geometry": {"type": "Polygon", "coordinates": [[[-76.53, 3.395], [-76.525, 3.395], [-76.525, 3.4], [-76.53, 3.4], [-76.53, 3.395]]]}}, {"type": "Feature", "properties": {"value": 7.7949, "sigma": 7.6787}, "geometry": {"type": "Polygon", "coordinates": [[[-76.525, 3.395], [-76.52, 3.395], [-76.52, 3.4], [-76.525, 3.4], [-76.525, 3.395]]]}}, {"type": "Feature", "properties": {"value": 7.6523, "sigma": 7.6787}, "geometry": {"type": "Polygon", "coordinates": [[[-76.52, 3.395], [-76.515, 3.395], [-76.515, 3.4], [-76.52, 3.4], [-76.52, 3.395]]]}}, {"type": "Feature", "properties": {"value": 7.4999, "sigma": 7.6787}, "geometry": {"type": "Polygon", "coordinates": [[[-76.515, 3.395], [-76.51, 3.395], [-76.51, 3.4], [-76.515, 3.4], [-76.515, 3.395]]]}}, {"type": "Feature", "properties": {"value": 7.3518, "sigma": 7.6787}, "geometry": {"type": "Polygon", "coordinates": [[[-76.51, 3.395], [-76.505, 3.395], [-76.505, 3.4], [-76.51, 3.4], [-76.51, 3.395]]]}}, {"type": "Feature", "properties": {"value": 7.2341, "sigma": 7.6787}, "geometry": {"type": "Polygon", "coordinates": [[[-76.505, 3.395], [-76.5, 3.395], [-76.5, 3.4], [-76.505, 3.4], [-76.505, 3.395]]]}}, {"type": "Feature", "properties": {"value": 7.1705, "sigma": 7.6787}, "geometry": {"type": "Polygon", "coordinates": [[[-76.5, 3.395], [-76.495, 3.395], [-76.495, 3.4], [-76.5, 3.4], [-76.5, 3.395]]]}}, {"type": "Feature", "properties": {"value": 7.1616, "sigma": 7.6787}, "geometry": {"type": "Polygon", "coordinates": [[[-76.495, 3.395], [-76.49, 3.395], [-76.49, 3.4], [-76.495, 3.4], [-76.495, 3.395]]]}}, {"type": "Feature", "properties": {"value": 7.1813, "sigma": 7.6787}, "geometry": {"type": "Polygon", "coordinates": [[[-76.49, 3.395], [-76.485, 3.395], [-76.485, 3.4], [-76.49, 3.4], [-76.49, 3.395]]]}}, {"type": "Feature", "properties": {"value": 7.1941, "sigma": 7.6787}, "geometry": {"type": "Polygon", "coordinates": [[[-76.485, 3.395], [-76.48, 3.395], [-76.48, 3.4], [-76.485, 3.4], [-76.485, 3.395]]]}}, {"type": "Feature", "properties": {"value": 7.1725, "sigma": 7.6787}, "geometry": {"type": "Polygon", "coordinates": [[[-76.48, 3.395], [-76.475, 3.395], [-76.475, 3.4], [-76.48, 3.4], [-76.48, 3.395]]]}}, {"type": "Feature", "properties": {"value": 7.102, "sigma": 7.6787}, "geometry": {"type": "Polygon", "coordinates": [[[-76.475, 3.395], [-76.47, 3.395], [-76.47, 3.4], [-76.475, 3.4], [-76.475, 3.395]]]}}, {"type": "Feature", "properties": {"value": 6.979, "sigma": 7.6787}, "geometry": {"type": "Polygon", "coordinates": [[[-76.47, 3.395], [-76.465, 3.395], [-76.465, 3.4], [-76.47, 3.4], [-76.47, 3.395]]]}}, {"type": "Feature", "properties": {"value": 6.8103, "sigma": 7.6787}, "geometry": {"type": "Polygon", "coordinates": [[[-76.465, 3.395], [-76.46, 3.395], [-76.46, 3.4], [-76.465, 3.4], [-76.465, 3.395]]]}}, {"type": "Feature", "properties": {"value": 6.6185, "sigma": 7.6787}, "geometry": {"type": "Polygon", "coordinates": [[[-76.46, 3.395], [-76.455, 3.395], [-76.455, 3.4], [-76.46, 3.4], [-76.46, 3.395]]]}}, {"type": "Feature", "properties": {"value": 6.4566, "sigma": 7.6787}, "geometry": {"type": "Polygon", "coordinates": [[[-76.455, 3.395], [-76.45, 3.395], [-76.45, 3.4], [-76.455, 3.4], [-76.455, 3.395]]]}}, {"type": "Feature", "properties": {"value": 6.4273, "sigma": 7.6787}, "geometry": {"type": "Polygon", "coordinates": [[[-76.45, 3.395], [-76.445, 3.395], [-76.445, 3.4], [-76.45, 3.4], [-76.45, 3.395]]]}}, {"type": "Feature", "properties": {"value": 6.6588, "sigma": 7.6787}, "geometry": {"type": "Polygon", "coordinates": [[[-76.445, 3.395], [-76.44, 3.395], [-76.44, 3.4], [-76.445, 3.4], [-76.445, 3.395]]]}}, {"type": "Feature", "properties": {"value": 7.1369, "sigma": 7.6787}, "geometry": {"type": "Polygon", "coordinates": [[[-76.44, 3.395], [-76.435, 3.395], [-76.435, 3.4], [-76.44, 3.4], [-76.44, 3.395]]]}}, {"type": "Feature", "properties": {"value": 7.6194, "sigma": 7.6787}, "geometry": {"type": "Polygon", "coordinates": [[[-76.435, 3.395], [-76.43, 3.395], [-76.43, 3.4], [-76.435, 3.4], [-76.435, 3.395]]]}}, {"type": "Feature", "properties": {"value": 7.8755, "sigma": 7.6787}, "geometry": {"type": "Polygon", "coordinates": [[[-76.43, 3.395], [-76.425, 3.395], [-76.425, 3.4], [-76.43, 3.4], [-76.43, 3.395]]]}}, {"type": "Feature", "properties": {"value": 7.9205, "sigma": 7.6787}, "geometry": {"type": "Polygon", "coordinates": [[[-76.425, 3.395], [-76.42, 3.395], [-76.42, 3.4], [-76.425, 3.4], [-76.425, 3.395]]]}}, {"type": "Feature", "properties": {"value": 7.8803, "sigma": 7.6787}, "geometry": {"type": "Polygon", "coordinates": [[[-76.42, 3.395], [-76.415, 3.395], [-76.415, 3.4], [-76.42, 3.4], [-76.42, 3.395]]]}}, {"type": "Feature", "properties": {"value": 7.8307, "sigma": 7.6787}, "geometry": {"type": "Polygon", "coordinates": [[[-76.415, 3.395], [-76.41, 3.395], [-76.41, 3.4], [-76.415, 3.4], [-76.415, 3.395]]]}}, {"type": "Feature", "properties": {"value": 7.7949, "sigma": 7.6787}, "geometry": {"type": "Polygon", "coordinates": [[[-76.41, 3.395], [-76.405, 3.395], [-76.405, 3.4], [-76.41, 3.4], [-76.41, 3.395]]]}}, {"type": "Feature", "properties": {"value": 7.7749, "sigma": 7.6787}, "geometry": {"type": "Polygon", "coordinates": [[[-76.405, 3.395], [-76.4, 3.395], [-76.4, 3.4], [-76.405, 3.4], [-76.405, 3.395]]]}}, {"type": "Feature", "properties": {"value": 8.9358, "sigma": 7.6787}, "geometry": {"type": "Polygon", "coordinates": [[[-76.6, 3.4], [-76.595, 3.4], [-76.595, 3.405], [-76.6, 3.405], [-76.6, 3.4]]]}}, {"type": "Feature", "properties": {"value": 8.9758, "sigma": 7.6787}, "geometry": {"type": "Polygon", "coordinates": [[[-76.595, 3.4], [-76.59, 3.4], [-76.59, 3.405], [-76.595, 3.405], [-76.595, 3.4]]]}}, {"type": "Feature", "properties": {"value": 8.9935, "sigma": 7.6787}, "geometry": {"type": "Polygon", "coordinates": [[[-76.59, 3.4], [-76.585, 3.4], [-76.585, 3.405], [-76.59, 3.405], [-76.59, 3.4]]]}}, {"type": "Feature", "properties": {"value": 8.9763, "sigma": 7.6787}, "geometry": {"type": "Polygon", "coordinates": [[[-76.585, 3.4], [-76.58, 3.4], [-76.58, 3.405], [-76.585, 3.405], [-76.585, 3.4]]]}}, {"type": "Feature", "properties": {"value": 8.9211, "sigma": 7.6787}, "geometry": {"type": "Polygon", "coordinates": [[[-76.58, 3.4], [-76.575, 3.4], [-76.575, 3.405], [-76.58, 3.405], [-76.58, 3.4]]]}}, {"type": "Feature", "properties": {"value": 8.8413, "sigma": 7.6787}, "geometry": {"type": "Polygon", "coordinates": [[[-76.575, 3.4], [-76.57, 3.4], [-76.57, 3.405], [-76.575, 3.405], [-76.575, 3.4]]]}}, {"type": "Feature", "properties": {"value": 8.765, "sigma": 7.6787}, "geometry": {"type": "Polygon", "coordinates": [[[-76.57, 3.4], [-76.565, 3.4], [-76.565, 3.405], [-76.57, 3.405], [-76.57, 3.4]]]}}, {"type": "Feature", "properties": {"value": 8.7196, "sigma": 7.6787}, "geometry": {"type": "Polygon", "coordinates": [[[-76.565, 3.4], [-76.56, 3.4], [-76.56, 3.405], [-76.565, 3.405], [-76.565, 3.4]]]}}, {"type": "Feature", "properties": {"value": 8.7073, "sigma": 7.6787}, "geometry": {"type": "Polygon", "coordinates": [[[-76.56, 3.4], [-76.555, 3.4], [-76.555, 3.405], [-76.56, 3.405], [-76.56, 3.4]]]}}, {"type": "Feature", "properties": {"value": 8.687, "sigma": 7.6787}, "geometry": {"type": "Polygon", "coordinates": [[[-76.555, 3.4], [-76.55, 3.4], [-76.55, 3.405], [-76.555, 3.405], [-76.555, 3.4]]]}}, {"type": "Feature", "properties": {"value": 8.6116, "sigma": 7.6787}, "geometry": {"type": "Polygon", "coordinates": [[[-76.55, 3.4], [-76.545, 3.4], [-76.545, 3.405], [-76.55, 3.405], [-76.55, 3.4]]]}}, {"type": "Feature", "properties": {"value": 8.4919, "sigma": 7.6787}, "geometry": {"type": "Polygon", "coordinates": [[[-76.545, 3.4], [-76.54, 3.4], [-76.54, 3.405], [-76.545, 3.405], [-76.545, 3.4]]]}}, {"type": "Feature", "properties": {"value": 8.3697, "sigma": 7.6787}, "geometry": {"type": "Polygon", "coordinates": [[[-76.54, 3.4], [-76.535, 3.4], [-76.535, 3.405], [-76.54, 3.405], [-76.54, 3.4]]]}}, {"type": "Feature", "properties": {"value": 8.2666, "sigma": 7.6787}, "geometry": {"type": "Polygon", "coordinates": [[[-76.535, 3.4], [-76.53, 3.4], [-76.53, 3.405], [-76.535, 3.405], [-76.535, 3.4]]]}}, {"type": "Feature", "properties": {"value": 8.1822, "sigma": 7.6787}, "geometry": {"type": "Polygon", "coordinates": [[[-76.53, 3.4], [-76.525, 3.4], [-76.525, 3.405], [-76.53, 3.405], [-76.53, 3.4]]]}}, {"type": "Feature", "properties": {"value": 8.1076, "sigma": 7.6787}, "geometry": {"type": "Polygon", "coordinates": [[[-76.525, 3.4], [-76.52, 3.4], [-76.52, 3.405], [-76.525, 3.405], [-76.525, 3.4]]]}}, {"type": "Feature", "properties": {"value": 8.0334, "sigma": 7.6787}, "geometry": {"type": "Polygon", "coordinates": [[[-76.52, 3.4], [-76.515, 3.4], [-76.515, 3.405], [-76.52, 3.405], [-76.52, 3.4]]]}}, {"type": "Feature", "properties": {"value": 7.9532, "sigma": 7.6787}, "geometry": {"type": "Polygon", "coordinates": [[[-76.515, 3.4], [-76.51, 3.4], [-76.51, 3.405], [-76.515, 3.405], [-76.515, 3.4]]]}}, {"type": "Feature", "properties": {"value": 7.8658, "sigma": 7.6787}, "geometry": {"type": "Polygon", "coordinates": [[[-76.51, 3.4], [-76.505, 3.4], [-76.505, 3.405], [-76.51, 3.405], [-76.51, 3.4]]]}}, {"type": "Feature", "properties": {"value": 7.7763, "sigma": 7.6787}, "geometry": {"type": "Polygon", "coordinates": [[[-76.505, 3.4], [-76.5, 3.4], [-76.5, 3.405], [-76.505, 3.405], [-76.505, 3.4]]]}}, {"type": "Feature", "properties": {"value": 7.6937, "sigma": 7.6787}, "geometry": {"type": "Polygon", "coordinates": [[[-76.5, 3.4], [-76.495, 3.4], [-76.495, 3.405], [-76.5, 3.405], [-76.5, 3.4]]]}}, {"type": "Feature", "properties": {"value": 7.6245, "sigma": 7.6787}, "geometry": {"type": "Polygon", "coordinates": [[[-76.495, 3.4], [-76.49, 3.4], [-76.49, 3.405], [-76.495, 3.405], [-76.495, 3.4]]]}}, {"type": "Feature", "properties": {"value": 7.5668, "sigma": 7.6787}, "geometry": {"type": "Polygon", "coordinates": [[[-76.49, 3.4], [-76.485, 3.4], [-76.485, 3.405], [-76.49, 3.405], [-76.49, 3.4]]]}}, {"type": "Feature", "properties": {"value": 7.5116, "sigma": 7.6787}, "geometry": {"type": "Polygon", "coordinates": [[[-76.485, 3.4], [-76.48, 3.4], [-76.48, 3.405], [-76.485, 3.405], [-76.485, 3.4]]]}}, {"type": "Feature", "properties": {"value": 7.448, "sigma": 7.6787}, "geometry": {"type": "Polygon", "coordinates": [[[-76.48, 3.4], [-76.475, 3.4], [-76.475, 3.405], [-76.48, 3.405], [-76.48, 3.4]]]}}, {"type": "Feature", "properties": {"value": 7.368, "sigma": 7.6787}, "geometry": {"type": "Polygon", "coordinates": [[[-76.475, 3.4], [-76.47, 3.4], [-76.47, 3.405], [-76.475, 3.405], [-76.475, 3.4]]]}}, {"type": "Feature", "properties": {"value": 7.2682, "sigma": 7.6787}, "geometry": {"type": "Polygon", "coordinates": [[[-76.47, 3.4], [-76.465, 3.4], [-76.465, 3.405], [-76.47, 3.405], [-76.47, 3.4]]]}}, {"type": "Feature", "properties": {"value": 7.1513, "sigma": 7.6787}, "geometry": {"type": "Polygon", "coordinates": [[[-76.465, 3.4], [-76.46, 3.4], [-76.46, 3.405], [-76.465, 3.405], [-76.465, 3.4]]]}}, {"type": "Feature", "properties": {"value": 7.031, "sigma": 7.6787}, "geometry": {"type": "Polygon", "coordinates": [[[-76.46, 3.4], [-76.455, 3.4], [-76.455, 3.405], [-76.46, 3.405], [-76.46, 3.4]]]}}, {"type": "Feature", "properties": {"value": 6.9399, "sigma": 7.6787}, "geometry": {"type": "Polygon", "coordinates": [[[-76.455, 3.4], [-76.45, 3.4], [-76.45, 3.405], [-76.455, 3.405], [-76.455, 3.4]]]}}, {"type": "Feature", "properties": {"value": 6.9319, "sigma": 7.6787}, "geometry": {"type": "Polygon", "coordinates": [[[-76.45, 3.4], [-76.445, 3.4], [-76.445, 3.405], [-76.45, 3.405], [-76.45, 3.4]]]}}, {"type": "Feature", "properties": {"value": 7.0519, "sigma": 7.6787}, "geometry": {"type": "Polygon", "coordinates": [[[-76.445, 3.4], [-76.44, 3.4], [-76.44, 3.405], [-76.445, 3.405], [-76.445, 3.4]]]}}, {"type": "Feature", "properties": {"value": 7.2812, "sigma": 7.6787}, "geometry": {"type": "Polygon", "coordinates": [[[-76.44, 3.4], [-76.435, 3.4], [-76.435, 3.405], [-76.44, 3.405], [-76.44, 3.4]]]}}, {"type": "Feature", "properties": {"value": 7.5291, "sigma": 7.6787}, "geometry": {"type": "Polygon", "coordinates": [[[-76.435, 3.4], [-76.43, 3.4], [-76.43, 3.405], [-76.435, 3.405], [-76.435, 3.4]]]}}, {"type": "Feature", "properties": {"value": 7.7057, "sigma": 7.6787}, "geometry": {"type": "Polygon", "coordinates": [[[-76.43, 3.4], [-76.425, 3.4], [-76.425, 3.405], [-76.43, 3.405], [-76.43, 3.4]]]}}, {"type": "Feature", "properties": {"value": 7.7901, "sigma": 7.6787}, "geometry": {"type": "Polygon", "coordinates": [[[-76.425, 3.4], [-76.42, 3.4], [-76.42, 3.405], [-76.425, 3.405], [-76.425, 3.4]]]}}, {"type": "Feature", "properties": {"value": 7.8142, "sigma": 7.6787}, "geometry": {"type": "Polygon", "coordinates": [[[-76.42, 3.4], [-76.415, 3.4], [-76.415, 3.405], [-76.42, 3.405], [-76.42, 3.4]]]}}, {"type": "Feature", "properties": {"value": 7.8135, "sigma": 7.6787}, "geometry": {"type": "Polygon", "coordinates": [[[-76.415, 3.4], [-76.41, 3.4], [-76.41, 3.405], [-76.415, 3.405], [-76.415, 3.4]]]}}, {"type": "Feature", "properties": {"value": 7.808, "sigma": 7.6787}, "geometry": {"type": "Polygon", "coordinates": [[[-76.41, 3.4], [-76.405, 3.4], [-76.405, 3.405], [-76.41, 3.405], [-76.41, 3.4]]]}}, {"type": "Feature", "properties": {"value": 7.8055, "sigma": 7.6787}, "geometry": {"type": "Polygon", "coordinates": [[[-76.405, 3.4], [-76.4, 3.4], [-76.4, 3.405], [-76.405, 3.405], [-76.405, 3.4]]]}}, {"type": "Feature", "properties": {"value": 8.8752, "sigma": 7.6787}, "geometry": {"type": "Polygon", "coordinates": [[[-76.6, 3.405], [-76.595, 3.405], [-76.595, 3.41], [-76.6, 3.41], [-76.6, 3.405]]]}}, {"type": "Feature", "properties": {"value": 8.8916, "sigma": 7.6787}, "geometry": {"type": "Polygon", "coordinates": [[[-76.595, 3.405], [-76.59, 3.405], [-76.59, 3.41], [-76.595, 3.41], [-76.595, 3.405]]]}}, {"type": "Feature", "properties": {"value": 8.8921, "sigma": 7.6787}, "geometry": {"type": "Polygon", "coordinates": [[[-76.59, 3.405], [-76.585, 3.405], [-76.585, 3.41], [-76.59, 3.41], [-76.59, 3.405]]]}}, {"type": "Feature", "properties": {"value": 8.8721, "sigma": 7.6787}, "geometry": {"type": "Polygon", "coordinates": [[[-76.585, 3.405], [-76.58, 3.405], [-76.58, 3.41], [-76.585, 3.41], [-76.585, 3.405]]]}}, {"type": "Feature", "properties": {"value": 8.8334, "sigma": 7.6787}, "geometry": {"type": "Polygon", "coordinates": [[[-76.58, 3.405], [-76.575, 3.405], [-76.575, 3.41], [-76.58, 3.41], [-76.58, 3.405]]]}}, {"type": "Feature", "properties": {"value": 8.7871, "sigma": 7.6787}, "geometry": {"type": "Polygon", "coordinates": [[[-76.575, 3.405], [-76.57, 3.405], [-76.57, 3.41], [-76.575, 3.41], [-76.575, 3.405]]]}}, {"type": "Feature", "properties": {"value": 8.7527, "sigma": 7.6787}, "geometry": {"type": "Polygon", "coordinates": [[[-76.57, 3.405], [-76.565, 3.405], [-76.565, 3.41], [-76.57, 3.41], [-76.57, 3.405]]]}}, {"type": "Feature", "properties": {"value": 8.7507, "sigma": 7.6787}, "geometry": {"type": "Polygon", "coordinates": [[[-76.565, 3.405], [-76.56, 3.405], [-76.56, 3.41], [-76.565, 3.41], [-76.565, 3.405]]]}}, {"type": "Feature", "properties": {"value": 8.7805, "sigma": 7.6787}, "geometry": {"type": "Polygon", "coordinates": [[[-76.56, 3.405], [-76.555, 3.405], [-76.555, 3.41], [-76.56, 3.41], [-76.56, 3.405]]]}}, {"type": "Feature", "properties": {"value": 8.7924, "sigma": 7.6787}, "geometry": {"type": "Polygon", "coordinates": [[[-76.555, 3.405], [-76.55, 3.405], [-76.55, 3.41], [-76.555, 3.41], [-76.555, 3.405]]]}}, {"type": "Feature", "properties": {"value": 8.7298, "sigma": 7.6787}, "geometry": {"type": "Polygon", "coordinates": [[[-76.55, 3.405], [-76.545, 3.405], [-76.545, 3.41], [-76.55, 3.41], [-76.55, 3.405]]]}}, {"type": "Feature", "properties": {"value": 8.6204, "sigma": 7.6787}, "geometry": {"type": "Polygon", "coordinates": [[[-76.545, 3.405], [-76.54, 3.405], [-76.54, 3.41], [-76.545, 3.41], [-76.545, 3.405]]]}}, {"type": "Feature", "properties": {"value": 8.5246, "sigma": 7.6787}, "geometry": {"type": "Polygon", "coordinates": [[[-76.54, 3.405], [-76.535, 3.405], [-76.535, 3.41], [-76.54, 3.41], [-76.54, 3.405]]]}}, {"type": "Feature", "properties": {"value": 8.4645, "sigma": 7.6787}, "geometry": {"type": "Polygon", "coordinates": [[[-76.535, 3.405], [-76.53, 3.405], [-76.53, 3.41], [-76.535, 3.41], [-76.535, 3.405]]]}}, {"type": "Feature", "properties": {"value": 8.4358, "sigma": 7.6787}, "geometry": {"type": "Polygon", "coordinates": [[[-76.53, 3.405], [-76.525, 3.405], [-76.525, 3.41], [-76.53, 3.41], [-76.53, 3.405]]]}}, {"type": "Feature", "properties": {"value": 8.4269, "sigma": 7.6787}, "geometry": {"type": "Polygon", "coordinates": [[[-76.525, 3.405], [-76.52, 3.405], [-76.52, 3.41], [-76.525, 3.41], [-76.525, 3.405]]]}}, {"type": "Feature", "properties": {"value": 8.4258, "sigma": 7.6787}, "geometry": {"type": "Polygon", "coordinates": [[[-76.52, 3.405], [-76.515, 3.405], [-76.515, 3.41], [-76.52, 3.41], [-76.52, 3.405]]]}}, {"type": "Feature", "properties": {"value": 8.4194, "sigma": 7.6787}, "geometry": {"type": "Polygon", "coordinates": [[[-76.515, 3.405], [-76.51, 3.405], [-76.51, 3.41], [-76.515, 3.41], [-76.515, 3.405]]]}}, {"type": "Feature", "properties": {"value": 8.391, "sigma": 7.6787}, "geometry": {"type": "Polygon", "coordinates": [[[-76.51, 3.405], [-76.505, 3.405], [-76.505, 3.41], [-76.51, 3.41], [-76.51, 3.405]]]}}, {"type": "Feature", "properties": {"value": 8.3243, "sigma": 7.6787}, "geometry": {"type": "Polygon", "coordinates": [[[-76.505, 3.405], [-76.5, 3.405], [-76.5, 3.41], [-76.505, 3.41], [-76.505, 3.405]]]}}, {"type": "Feature", "properties": {"value": 8.2168, "sigma": 7.6787}, "geometry": {"type": "Polygon", "coordinates": [[[-76.5, 3.405], [-76.495, 3.405], [-76.495, 3.41], [-76.5, 3.41], [-76.5, 3.405]]]}}, {"type": "Feature", "properties": {"value": 8.0865, "sigma": 7.6787}, "geometry": {"type": "Polygon", "coordinates": [[[-76.495, 3.405], [-76.49, 3.405], [-76.49, 3.41], [-76.495, 3.41], [-76.495, 3.405]]]}}, {"type": "Feature", "properties": {"value": 7.9574, "sigma": 7.6787}, "geometry": {"type": "Polygon", "coordinates": [[[-76.49, 3.405], [-76.485, 3.405], [-76.485, 3.41], [-76.49, 3.41], [-76.49, 3.405]]]}}, {"type": "Feature", "properties": {"value": 7.8435, "sigma": 7.6787}, "geometry": {"type": "Polygon", "coordinates": [[[-76.485, 3.405], [-76.48, 3.405], [-76.48, 3.41], [-76.485, 3.41], [-76.485, 3.405]]]}}, {"type": "Feature", "properties": {"value": 7.7479, "sigma": 7.6787}, "geometry": {"type": "Polygon", "coordinates": [[[-76.48, 3.405], [-76.475, 3.405], [-76.475, 3.41], [-76.48, 3.41], [-76.48, 3.405]]]}}, {"type": "Feature", "properties": {"value": 7.6694, "sigma": 7.6787}, "geometry": {"type": "Polygon", "coordinates": [[[-76.475, 3.405], [-76.47, 3.405], [-76.47, 3.41], [-76.475, 3.41], [-76.475, 3.405]]]}}, {"type": "Feature", "properties": {"value": 7.6064, "sigma": 7.6787}, "geometry": {"type": "Polygon", "coordinates": [[[-76.47, 3.405], [-76.465, 3.405], [-76.465, 3.41], [-76.47, 3.41], [-76.47, 3.405]]]}}, {"type": "Feature", "properties": {"value": 7.557, "sigma": 7.6787}, "geometry": {"type": "Polygon", "coordinates": [[[-76.465, 3.405], [-76.46, 3.405], [-76.46, 3.41], [-76.465, 3.41], [-76.465, 3.405]]]}}, {"type": "Feature", "properties": {"value": 7.5173, "sigma": 7.6787}, "geometry": {"type": "Polygon", "coordinates": [[[-76.46, 3.405], [-76.455, 3.405], [-76.455, 3.41], [-76.46, 3.41], [-76.46, 3.405]]]}}, {"type": "Feature", "properties": {"value": 7.4835, "sigma": 7.6787}, "geometry": {"type": "Polygon", "coordinates": [[[-76.455, 3.405], [-76.45, 3.405], [-76.45, 3.41], [-76.455, 3.41], [-76.455, 3.405]]]}}, {"type": "Feature", "properties": {"value": 7.4637, "sigma": 7.6787}, "geometry": {"type": "Polygon", "coordinates": [[[-76.45, 3.405], [-76.445, 3.405], [-76.445, 3.41], [-76.45, 3.41], [-76.45, 3.405]]]}}, {"type": "Feature", "properties": {"value": 7.4808, "sigma": 7.6787}, "geometry": {"type": "Polygon", "coordinates": [[[-76.445, 3.405], [-76.44, 3.405], [-76.44, 3.41], [-76.445, 3.41], [-76.445, 3.405]]]}}, {"type": "Feature", "properties": {"value": 7.5466, "sigma": 7.6787}, "geometry": {"type": "Polygon", "coordinates": [[[-76.44, 3.405], [-76.435, 3.405], [-76.435, 3.41], [-76.44, 3.41], [-76.44, 3.405]]]}}, {"type": "Feature", "properties": {"value": 7.6407, "sigma": 7.6787}, "geometry": {"type": "Polygon", "coordinates": [[[-76.435, 3.405], [-76.43, 3.405], [-76.43, 3.41], [-76.435, 3.41], [-76.435, 3.405]]]}}, {"type": "Feature", "properties": {"value": 7.7276, "sigma": 7.6787}, "geometry": {"type": "Polygon", "coordinates": [[[-76.43, 3.405], [-76.425, 3.405], [-76.425, 3.41], [-76.43, 3.41], [-76.43, 3.405]]]}}, {"type": "Feature", "properties": {"value": 7.7868, "sigma": 7.6787}, "geometry": {"type": "Polygon", "coordinates": [[[-76.425, 3.405], [-76.42, 3.405], [-76.42, 3.41], [-76.425, 3.41], [-76.425, 3.405]]]}}, {"type": "Feature", "properties": {"value": 7.8189, "sigma": 7.6787}, "geometry": {"type": "Polygon", "coordinates": [[[-76.42, 3.405], [-76.415, 3.405], [-76.415, 3.41], [-76.42, 3.41], [-76.42, 3.405]]]}}, {"type": "Feature", "properties": {"value": 7.8344, "sigma": 7.6787}, "geometry": {"type": "Polygon", "coordinates": [[[-76.415, 3.405], [-76.41, 3.405], [-76.41, 3.41], [-76.415, 3.41], [-76.415, 3.405]]]}}, {"type": "Feature", "properties": {"value": 7.8428, "sigma": 7.6787}, "geometry": {"type": "Polygon", "coordinates": [[[-76.41, 3.405], [-76.405, 3.405], [-76.405, 3.41], [-76.41, 3.41], [-76.41, 3.405]]]}}, {"type": "Feature", "properties": {"value": 7.8498, "sigma": 7.6787}, "geometry": {"type": "Polygon", "coordinates": [[[-76.405, 3.405], [-76.4, 3.405], [-76.4, 3.41], [-76.405, 3.41], [-76.405, 3.405]]]}}, {"type": "Feature", "properties": {"value": 8.8458, "sigma": 7.6787}, "geometry": {"type": "Polygon", "coordinates": [[[-76.6, 3.41], [-76.595, 3.41], [-76.595, 3.415], [-76.6, 3.415], [-76.6, 3.41]]]}}, {"type": "Feature", "properties": {"value": 8.8497, "sigma": 7.6787}, "geometry": {"type": "Polygon", "coordinates": [[[-76.595, 3.41], [-76.59, 3.41], [-76.59, 3.415], [-76.595, 3.415], [-76.595, 3.41]]]}}, {"type": "Feature", "properties": {"value": 8.8429, "sigma": 7.6787}, "geometry": {"type": "Polygon", "coordinates": [[[-76.59, 3.41], [-76.585, 3.41], [-76.585, 3.415], [-76.59, 3.415], [-76.59, 3.41]]]}}, {"type": "Feature", "properties": {"value": 8.8246, "sigma": 7.6787}, "geometry": {"type": "Polygon", "coordinates": [[[-76.585, 3.41], [-76.58, 3.41], [-76.58, 3.415], [-76.585, 3.415], [-76.585, 3.41]]]}}, {"type": "Feature", "properties": {"value": 8.7977, "sigma": 7.6787}, "geometry": {"type": "Polygon", "coordinates": [[[-76.58, 3.41], [-76.575, 3.41], [-76.575, 3.415], [-76.58, 3.415], [-76.58, 3.41]]]}}, {"type": "Feature", "properties": {"value": 8.7706, "sigma": 7.6787}, "geometry": {"type": "Polygon", "coordinates": [[[-76.575, 3.41], [-76.57, 3.41], [-76.57, 3.415], [-76.575, 3.415], [-76.575, 3.41]]]}}, {"type": "Feature", "properties": {"value": 8.7563, "sigma": 7.6787}, "geometry": {"type": "Polygon", "coordinates": [[[-76.57, 3.41], [-76.565, 3.41], [-76.565, 3.415], [-76.57, 3.415], [-76.57, 3.41]]]}}, {"type": "Feature", "properties": {"value": 8.7677, "sigma": 7.6787}, "geometry": {"type": "Polygon", "coordinates": [[[-76.565, 3.41], [-76.56, 3.41], [-76.56, 3.415], [-76.565, 3.415], [-76.565, 3.41]]]}}, {"type": "Feature", "properties": {"value": 8.8015, "sigma": 7.6787}, "geometry": {"type": "Polygon", "coordinates": [[[-76.56, 3.41], [-76.555, 3.41], [-76.555, 3.415], [-76.56, 3.415], [-76.56, 3.41]]]}}, {"type": "Feature", "properties": {"value": 8.8166, "sigma": 7.6787}, "geometry": {"type": "Polygon", "coordinates": [[[-76.555, 3.41], [-76.55, 3.41], [-76.55, 3.415], [-76.555, 3.415], [-76.555, 3.41]]]}}, {"type": "Feature", "properties": {"value": 8.7707, "sigma": 7.6787}, "geometry": {"type": "Polygon", "coordinates": [[[-76.55, 3.41], [-76.545, 3.41], [-76.545, 3.415], [-76.55, 3.415], [-76.55, 3.41]]]}}, {"type": "Feature", "properties": {"value": 8.697, "sigma": 7.6787}, "geometry": {"type": "Polygon", "coordinates": [[[-76.545, 3.41], [-76.54, 3.41], [-76.54, 3.415], [-76.545, 3.415], [-76.545, 3.41]]]}}, {"type": "Feature", "properties": {"value": 8.6502, "sigma": 7.6787}, "geometry": {"type": "Polygon", "coordinates": [[[-76.54, 3.41], [-76.535, 3.41], [-76.535, 3.415], [-76.54, 3.415], [-76.54, 3.41]]]}}, {"type": "Feature", "properties": {"value": 8.6469, "sigma": 7.6787}, "geometry": {"type": "Polygon", "coordinates": [[[-76.535, 3.41], [-76.53, 3.41], [-76.53, 3.415], [-76.535, 3.415], [-76.535, 3.41]]]}}, {"type": "Feature", "properties": {"value": 8.6809, "sigma": 7.6787}, "geometry": {"type": "Polygon", "coordinates": [[[-76.53, 3.41], [-76.525, 3.41], [-76.525, 3.415], [-76.53, 3.415], [-76.53, 3.41]]]}}, {"type": "Feature", "properties": {"value": 8.7414, "sigma": 7.6787}, "geometry": {"type": "Polygon", "coordinates": [[[-76.525, 3.41], [-76.52, 3.41], [-76.52, 3.415], [-76.525, 3.415], [-76.525, 3.41]]]}}, {"type": "Feature", "properties": {"value": 8.8176, "sigma": 7.6787}, "geometry": {"type": "Polygon", "coordinates": [[[-76.52, 3.41], [-76.515, 3.41], [-76.515, 3.415], [-76.52, 3.415], [-76.52, 3.41]]]}}, {"type": "Feature", "properties": {"value": 8.8957, "sigma": 7.6787}, "geometry": {"type": "Polygon", "coordinates": [[[-76.515, 3.41], [-76.51, 3.41], [-76.51, 3.415], [-76.515, 3.415], [-76.515, 3.41]]]}}, {"type": "Feature", "properties": {"value": 8.9442, "sigma": 7.6787}, "geometry": {"type": "Polygon", "coordinates": [[[-76.51, 3.41], [-76.505, 3.41], [-76.505, 3.415], [-76.51, 3.415], [-76.51, 3.41]]]}}, {"type": "Feature", "properties": {"value": 8.9101, "sigma": 7.6787}, "geometry": {"type": "Polygon", "coordinates": [[[-76.505, 3.41], [-76.5, 3.41], [-76.5, 3.415], [-76.505, 3.415], [-76.505, 3.41]]]}}, {"type": "Feature", "properties": {"value": 8.7676, "sigma": 7.6787}, "geometry": {"type": "Polygon", "coordinates": [[[-76.5, 3.41], [-76.495, 3.41], [-76.495, 3.415], [-76.5, 3.415], [-76.5, 3.41]]]}}, {"type": "Feature", "properties": {"value": 8.5589, "sigma": 7.6787}, "geometry": {"type": "Polygon", "coordinates": [[[-76.495, 3.41], [-76.49, 3.41], [-76.49, 3.415], [-76.495, 3.415], [-76.495, 3.41]]]}}, {"type": "Feature", "properties": {"value": 8.3486, "sigma": 7.6787}, "geometry": {"type": "Polygon", "coordinates": [[[-76.49, 3.41], [-76.485, 3.41], [-76.485, 3.415], [-76.49, 3.415], [-76.49, 3.41]]]}}, {"type": "Feature", "properties": {"value": 8.1755, "sigma": 7.6787}, "geometry": {"type": "Polygon", "coordinates": [[[-76.485, 3.41], [-76.48, 3.41], [-76.48, 3.415], [-76.485, 3.415], [-76.485, 3.41]]]}}, {"type": "Feature", "properties": {"value": 8.0528, "sigma": 7.6787}, "geometry": {"type": "Polygon", "coordinates": [[[-76.48, 3.41], [-76.475, 3.41], [-76.475, 3.415], [-76.48, 3.415], [-76.48, 3.41]]]}}, {"type": "Feature", "properties": {"value": 7.9843, "sigma": 7.6787}, "geometry": {"type": "Polygon", "coordinates": [[[-76.475, 3.41], [-76.47, 3.41], [-76.47, 3.415], [-76.475, 3.415], [-76.475, 3.41]]]}}, {"type": "Feature", "properties": {"value": 7.9737, "sigma": 7.6787}, "geometry": {"type": "Polygon", "coordinates": [[[-76.47, 3.41], [-76.465, 3.41], [-76.465, 3.415], [-76.47, 3.415], [-76.47, 3.41]]]}}, {"type": "Feature", "properties": {"value": 8.0217, "sigma": 7.6787}, "geometry": {"type": "Polygon", "coordinates": [[[-76.465, 3.41], [-76.46, 3.41], [-76.46, 3.415], [-76.465, 3.415], [-76.465, 3.41]]]}}, {"type": "Feature", "properties": {"value": 8.1081, "sigma": 7.6787}, "geometry": {"type": "Polygon", "coordinates": [[[-76.46, 3.41], [-76.455, 3.41], [-76.455, 3.415], [-76.46, 3.415], [-76.46, 3.41]]]}}, {"type": "Feature", "properties": {"value": 8.17, "sigma": 7.6787}, "geometry": {"type": "Polygon", "coordinates": [[[-76.455, 3.41], [-76.45, 3.41], [-76.45, 3.415], [-76.455, 3.415], [-76.455, 3.41]]]}}, {"type": "Feature", "properties": {"value": 8.1376, "sigma": 7.6787}, "geometry": {"type": "Polygon", "coordinates": [[[-76.45, 3.41], [-76.445, 3.41], [-76.445, 3.415], [-76.45, 3.415], [-76.45, 3.41]]]}}, {"type": "Feature", "properties": {"value": 8.0294, "sigma": 7.6787}, "geometry": {"type": "Polygon", "coordinates": [[[-76.445, 3.41], [-76.44, 3.41], [-76.44, 3.415], [-76.445, 3.415], [-76.445, 3.41]]]}}, {"type": "Feature", "properties": {"value": 7.929, "sigma": 7.6787}, "geometry": {"type": "Polygon", "coordinates": [[[-76.44, 3.41], [-76.435, 3.41], [-76.435, 3.415], [-76.44, 3.415], [-76.44, 3.41]]]}}, {"type": "Feature", "properties": {"value": 7.8784, "sigma": 7.6787}, "geometry": {"type": "Polygon", "coordinates": [[[-76.435, 3.41], [-76.43, 3.41], [-76.43, 3.415], [-76.435, 3.415], [-76.435, 3.41]]]}}, {"type": "Feature", "properties": {"value": 7.8678, "sigma": 7.6787}, "geometry": {"type": "Polygon", "coordinates": [[[-76.43, 3.41], [-76.425, 3.41], [-76.425, 3.415], [-76.43, 3.415], [-76.43, 3.41]]]}}, {"type": "Feature", "properties": {"value": 7.8746, "sigma": 7.6787}, "geometry": {"type": "Polygon", "coordinates": [[[-76.425, 3.41], [-76.42, 3.41], [-76.42, 3.415], [-76.425, 3.415], [-76.425, 3.41]]]}}, {"type": "Feature", "properties": {"value": 7.8849, "sigma": 7.6787}, "geometry": {"type": "Polygon", "coordinates": [[[-76.42, 3.41], [-76.415, 3.41], [-76.415, 3.415], [-76.42, 3.415], [-76.42, 3.41]]]}}, {"type": "Feature", "properties": {"value": 7.8942, "sigma": 7.6787}, "geometry": {"type": "Polygon", "coordinates": [[[-76.415, 3.41], [-76.41, 3.41], [-76.41, 3.415], [-76.415, 3.415], [-76.415, 3.41]]]}}, {"type": "Feature", "properties": {"value": 7.9026, "sigma": 7.6787}, "geometry": {"type": "Polygon", "coordinates": [[[-76.41, 3.41], [-76.405, 3.41], [-76.405, 3.415], [-76.41, 3.415], [-76.41, 3.41]]]}}, {"type": "Feature", "properties": {"value": 7.9111, "sigma": 7.6787}, "geometry": {"type": "Polygon", "coordinates": [[[-76.405, 3.41], [-76.4, 3.41], [-76.4, 3.415], [-76.405, 3.415], [-76.405, 3.41]]]}}, {"type": "Feature", "properties": {"value": 8.843, "sigma": 7.6787}, "geometry": {"type": "Polygon", "coordinates": [[[-76.6, 3.415], [-76.595, 3.415], [-76.595, 3.42], [-76.6, 3.42], [-76.6, 3.415]]]}}, {"type": "Feature", "properties": {"value": 8.8402, "sigma": 7.6787}, "geometry": {"type": "Polygon", "coordinates": [[[-76.595, 3.415], [-76.59, 3.415], [-76.59, 3.42], [-76.595, 3.42], [-76.595, 3.415]]]}}, {"type": "Feature", "properties": {"value": 8.8303, "sigma": 7.6787}, "geometry": {"type": "Polygon", "coordinates": [[[-76.59, 3.415], [-76.585, 3.415], [-76.585, 3.42], [-76.59, 3.42], [-76.59, 3.415]]]}}, {"type": "Feature", "properties": {"value": 8.8138, "sigma": 7.6787}, "geometry": {"type": "Polygon", "coordinates": [[[-76.585, 3.415], [-76.58, 3.415], [-76.58, 3.42], [-76.585, 3.42], [-76.585, 3.415]]]}}, {"type": "Feature", "properties": {"value": 8.7935, "sigma": 7.6787}, "geometry": {"type": "Polygon", "coordinates": [[[-76.58, 3.415], [-76.575, 3.415], [-76.575, 3.42], [-76.58, 3.42], [-76.58, 3.415]]]}}, {"type": "Feature", "properties": {"value": 8.7748, "sigma": 7.6787}, "geometry": {"type": "Polygon", "coordinates": [[[-76.575, 3.415], [-76.57, 3.415], [-76.57, 3.42], [-76.575, 3.42], [-76.575, 3.415]]]}}, {"type": "Feature", "properties": {"value": 8.7653, "sigma": 7.6787}, "geometry": {"type": "Polygon", "coordinates": [[[-76.57, 3.415], [-76.565, 3.415], [-76.565, 3.42], [-76.57, 3.42], [-76.57, 3.415]]]}}, {"type": "Feature", "properties": {"value": 8.7706, "sigma": 7.6787}, "geometry": {"type": "Polygon", "coordinates": [[[-76.565, 3.415], [-76.56, 3.415], [-76.56, 3.42], [-76.565, 3.42], [-76.565, 3.415]]]}}, {"type": "Feature", "properties": {"value": 8.7861, "sigma": 7.6787}, "geometry": {"type": "Polygon", "coordinates": [[[-76.56, 3.415], [-76.555, 3.415], [-76.555, 3.42], [-76.56, 3.42], [-76.56, 3.415]]]}}, {"type": "Feature", "properties": {"value": 8.7907, "sigma": 7.6787}, "geometry": {"type": "Polygon", "coordinates": [[[-76.555, 3.415], [-76.55, 3.415], [-76.55, 3.42], [-76.555, 3.42], [-76.555, 3.415]]]}}, {"type": "Feature", "properties": {"value": 8.7706, "sigma": 7.6787}, "geometry": {"type": "Polygon", "coordinates": [[[-76.55, 3.415], [-76.545, 3.415], [-76.545, 3.42], [-76.55, 3.42], [-76.55, 3.415]]]}}, {"type": "Feature", "properties": {"value": 8.7504, "sigma": 7.6787}, "geometry": {"type": "Polygon", "coordinates": [[[-76.545, 3.415], [-76.54, 3.415], [-76.54, 3.42], [-76.545, 3.42], [-76.545, 3.415]]]}}, {"type": "Feature", "properties": {"value": 8.7627, "sigma": 7.6787}, "geometry": {"type": "Polygon", "coordinates": [[[-76.54, 3.415], [-76.535, 3.415], [-76.535, 3.42], [-76.54, 3.42], [-76.54, 3.415]]]}}, {"type": "Feature", "properties": {"value": 8.8181, "sigma": 7.6787}, "geometry": {"type": "Polygon", "coordinates": [[[-76.535, 3.415], [-76.53, 3.415], [-76.53, 3.42], [-76.535, 3.42], [-76.535, 3.415]]]}}, {"type": "Feature", "properties": {"value": 8.9116, "sigma": 7.6787}, "geometry": {"type": "Polygon", "coordinates": [[[-76.53, 3.415], [-76.525, 3.415], [-76.525, 3.42], [-76.53, 3.42], [-76.53, 3.415]]]}}, {"type": "Feature", "properties": {"value": 9.0346, "sigma": 7.6787}, "geometry": {"type": "Polygon", "coordinates": [[[-76.525, 3.415], [-76.52, 3.415], [-76.52, 3.42], [-76.525, 3.42], [-76.525, 3.415]]]}}, {"type": "Feature", "properties": {"value": 9.1829, "sigma": 7.6787}, "geometry": {"type": "Polygon", "coordinates": [[[-76.52, 3.415], [-76.515, 3.415], [-76.515, 3.42], [-76.52, 3.42], [-76.52, 3.415]]]}}, {"type": "Feature", "properties": {"value": 9.3599, "sigma": 7.6787}, "geometry": {"type": "Polygon", "coordinates": [[[-76.515, 3.415], [-76.51, 3.415], [-76.51, 3.42], [-76.515, 3.42], [-76.515, 3.415]]]}}, {"type": "Feature", "properties": {"value": 9.5345, "sigma": 7.6787}, "geometry": {"type": "Polygon", "coordinates": [[[-76.51, 3.415], [-76.505, 3.415], [-76.505, 3.42], [-76.51, 3.42], [-76.51, 3.415]]]}}, {"type": "Feature", "properties": {"value": 9.5687, "sigma": 7.6787}, "geometry": {"type": "Polygon", "coordinates": [[[-76.505, 3.415], [-76.5, 3.415], [-76.5, 3.42], [-76.505, 3.42], [-76.505, 3.415]]]}}, {"type": "Feature", "properties": {"value": 9.3645, "sigma": 7.6787}, "geometry": {"type": "Polygon", "coordinates": [[[-76.5, 3.415], [-76.495, 3.415], [-76.495, 3.42], [-76.5, 3.42], [-76.5, 3.415]]]}}, {"type": "Feature", "properties": {"value": 9.0348, "sigma": 7.6787}, "geometry": {"type": "Polygon", "coordinates": [[[-76.495, 3.415], [-76.49, 3.415], [-76.49, 3.42], [-76.495, 3.42], [-76.495, 3.415]]]}}, {"type": "Feature", "properties": {"value": 8.7223, "sigma": 7.6787}, "geometry": {"type": "Polygon", "coordinates": [[[-76.49, 3.415], [-76.485, 3.415], [-76.485, 3.42], [-76.49, 3.42], [-76.49, 3.415]]]}}, {"type": "Feature", "properties": {"value": 8.486, "sigma": 7.6787}, "geometry": {"type": "Polygon", "coordinates": [[[-76.485, 3.415], [-76.48, 3.415], [-76.48, 3.42], [-76.485, 3.42], [-76.485, 3.415]]]}}, {"type": "Feature", "properties": {"value": 8.3378, "sigma": 7.6787}, "geometry": {"type": "Polygon", "coordinates": [[[-76.48, 3.415], [-76.475, 3.415], [-76.475, 3.42], [-76.48, 3.42], [-76.48, 3.415]]]}}, {"type": "Feature", "properties": {"value": 8.283, "sigma": 7.6787}, "geometry": {"type": "Polygon", "coordinates": [[[-76.475, 3.415], [-76.47, 3.415], [-76.47, 3.42], [-76.475, 3.42], [-76.475, 3.415]]]}}, {"type": "Feature", "properties": {"value": 8.3366, "sigma": 7.6787}, "geometry": {"type": "Polygon", "coordinates": [[[-76.47, 3.415], [-76.465, 3.415], [-76.465, 3.42], [-76.47, 3.42], [-76.47, 3.415]]]}}, {"type": "Feature", "properties": {"value": 8.5211, "sigma": 7.6787}, "geometry": {"type": "Polygon", "coordinates": [[[-76.465, 3.415], [-76.46, 3.415], [-76.46, 3.42], [-76.465, 3.42], [-76.465, 3.415]]]}}, {"type": "Feature", "properties": {"value": 8.825, "sigma": 7.6787}, "geometry": {"type": "Polygon", "coordinates": [[[-76.46, 3.415], [-76.455, 3.415], [-76.455, 3.42], [-76.46, 3.42], [-76.46, 3.415]]]}}, {"type": "Feature", "properties": {"value": 9.0932, "sigma": 7.6787}, "geometry": {"type": "Polygon", "coordinates": [[[-76.455, 3.415], [-76.45, 3.415], [-76.45, 3.42], [-76.455, 3.42], [-76.455, 3.415]]]}}, {"type": "Feature", "properties": {"value": 9.055, "sigma": 7.6787}, "geometry": {"type": "Polygon", "coordinates": [[[-76.45, 3.415], [-76.445, 3.415], [-76.445, 3.42], [-76.45, 3.42], [-76.45, 3.415]]]}}, {"type": "Feature", "properties": {"value": 8.7324, "sigma": 7.6787}, "geometry": {"type": "Polygon", "coordinates": [[[-76.445, 3.415], [-76.44, 3.415], [-76.44, 3.42], [-76.445, 3.42], [-76.445, 3.415]]]}}, {"type": "Feature", "properties": {"value": 8.4006, "sigma": 7.6787}, "geometry": {"type": "Polygon", "coordinates": [[[-76.44, 3.415], [-76.435, 3.415], [-76.435, 3.42], [-76.44, 3.42], [-76.44, 3.415]]]}}, {"type": "Feature", "properties": {"value": 8.1844, "sigma": 7.6787}, "geometry": {"type": "Polygon", "coordinates": [[[-76.435, 3.415], [-76.43, 3.415], [-76.43, 3.42], [-76.435, 3.42], [-76.435, 3.415]]]}}, {"type": "Feature", "properties": {"value": 8.0694, "sigma": 7.6787}, "geometry": {"type": "Polygon", "coordinates": [[[-76.43, 3.415], [-76.425, 3.415], [-76.425, 3.42], [-76.43, 3.42], [-76.43, 3.415]]]}}, {"type": "Feature", "properties": {"value": 8.0149, "sigma": 7.6787}, "geometry": {"type": "Polygon", "coordinates": [[[-76.425, 3.415], [-76.42, 3.415], [-76.42, 3.42], [-76.425, 3.42], [-76.425, 3.415]]]}}, {"type": "Feature", "properties": {"value": 7.9919, "sigma": 7.6787}, "geometry": {"type": "Polygon", "coordinates": [[[-76.42, 3.415], [-76.415, 3.415], [-76.415, 3.42], [-76.42, 3.42], [-76.42, 3.415]]]}}, {"type": "Feature", "properties": {"value": 7.9844, "sigma": 7.6787}, "geometry": {"type": "Polygon", "coordinates": [[[-76.415, 3.415], [-76.41, 3.415], [-76.41, 3.42], [-76.415, 3.42], [-76.415, 3.415]]]}}, {"type": "Feature", "properties": {"value": 7.9845, "sigma": 7.6787}, "geometry": {"type": "Polygon", "coordinates": [[[-76.41, 3.415], [-76.405, 3.415], [-76.405, 3.42], [-76.41, 3.42], [-76.41, 3.415]]]}}, {"type": "Feature", "properties": {"value": 7.9888, "sigma": 7.6787}, "geometry": {"type": "Polygon", "coordinates": [[[-76.405, 3.415], [-76.4, 3.415], [-76.4, 3.42], [-76.405, 3.42], [-76.405, 3.415]]]}}, {"type": "Feature", "properties": {"value": 8.8627, "sigma": 7.6787}, "geometry": {"type": "Polygon", "coordinates": [[[-76.6, 3.42], [-76.595, 3.42], [-76.595, 3.425], [-76.6, 3.425], [-76.6, 3.42]]]}}, {"type": "Feature", "properties": {"value": 8.8563, "sigma": 7.6787}, "geometry": {"type": "Polygon", "coordinates": [[[-76.595, 3.42], [-76.59, 3.42], [-76.59, 3.425], [-76.595, 3.425], [-76.595, 3.42]]]}}, {"type": "Feature", "properties": {"value": 8.8447, "sigma": 7.6787}, "geometry": {"type": "Polygon", "coordinates": [[[-76.59, 3.42], [-76.585, 3.42], [-76.585, 3.425], [-76.59, 3.425], [-76.59, 3.42]]]}}, {"type": "Feature", "properties": {"value": 8.829, "sigma": 7.6787}, "geometry": {"type": "Polygon", "coordinates": [[[-76.585, 3.42], [-76.58, 3.42], [-76.58, 3.425], [-76.585, 3.425], [-76.585, 3.42]]]}}, {"type": "Feature", "properties": {"value": 8.8113, "sigma": 7.6787}, "geometry": {"type": "Polygon", "coordinates": [[[-76.58, 3.42], [-76.575, 3.42], [-76.575, 3.425], [-76.58, 3.425], [-76.58, 3.42]]]}}, {"type": "Feature", "properties": {"value": 8.7952, "sigma": 7.6787}, "geometry": {"type": "Polygon", "coordinates": [[[-76.575, 3.42], [-76.57, 3.42], [-76.57, 3.425], [-76.575, 3.425], [-76.575, 3.42]]]}}, {"type": "Feature", "properties": {"value": 8.7844, "sigma": 7.6787}, "geometry": {"type": "Polygon", "coordinates": [[[-76.57, 3.42], [-76.565, 3.42], [-76.565, 3.425], [-76.57, 3.425], [-76.57, 3.42]]]}}, {"type": "Feature", "properties": {"value": 8.7815, "sigma": 7.6787}, "geometry": {"type": "Polygon", "coordinates": [[[-76.565, 3.42], [-76.56, 3.42], [-76.56, 3.425], [-76.565, 3.425], [-76.565, 3.42]]]}}, {"type": "Feature", "properties": {"value": 8.7843, "sigma": 7.6787}, "geometry": {"type": "Polygon", "coordinates": [[[-76.56, 3.42], [-76.555, 3.42], [-76.555, 3.425], [-76.56, 3.425], [-76.56, 3.42]]]}}, {"type": "Feature", "properties": {"value": 8.7874, "sigma": 7.6787}, "geometry": {"type": "Polygon", "coordinates": [[[-76.555, 3.42], [-76.55, 3.42], [-76.55, 3.425], [-76.555, 3.425], [-76.555, 3.42]]]}}, {"type": "Feature", "properties": {"value": 8.7929, "sigma": 7.6787}, "geometry": {"type": "Polygon", "coordinates": [[[-76.55, 3.42], [-76.545, 3.42], [-76.545, 3.425], [-76.55, 3.425], [-76.55, 3.42]]]}}, {"type": "Feature", "properties": {"value": 8.817, "sigma": 7.6787}, "geometry": {"type": "Polygon", "coordinates": [[[-76.545, 3.42], [-76.54, 3.42], [-76.54, 3.425], [-76.545, 3.425], [-76.545, 3.42]]]}}, {"type": "Feature", "properties": {"value": 8.8768, "sigma": 7.6787}, "geometry": {"type": "Polygon", "coordinates": [[[-76.54, 3.42], [-76.535, 3.42], [-76.535, 3.425], [-76.54, 3.425], [-76.54, 3.42]]]}}, {"type": "Feature", "properties": {"value": 8.978, "sigma": 7.6787}, "geometry": {"type": "Polygon", "coordinates": [[[-76.535, 3.42], [-76.53, 3.42], [-76.53, 3.425], [-76.535, 3.425], [-76.535, 3.42]]]}}, {"type": "Feature", "properties": {"value": 9.116, "sigma": 7.6787}, "geometry": {"type": "Polygon", "coordinates": [[[-76.53, 3.42], [-76.525, 3.42], [-76.525, 3.425], [-76.53, 3.425], [-76.53, 3.42]]]}}, {"type": "Feature", "properties": {"value": 9.2798, "sigma": 7.6787}, "geometry": {"type": "Polygon", "coordinates": [[[-76.525, 3.42], [-76.52, 3.42], [-76.52, 3.425], [-76.525, 3.425], [-76.525, 3.42]]]}}, {"type": "Feature", "properties": {"value": 9.47, "sigma": 7.6787}, "geometry": {"type": "Polygon", "coordinates": [[[-76.52, 3.42], [-76.515, 3.42], [-76.515, 3.425], [-76.52, 3.425], [-76.52, 3.42]]]}}, {"type": "Feature", "properties": {"value": 9.7393, "sigma": 7.6787}, "geometry": {"type": "Polygon", "coordinates": [[[-76.515, 3.42], [-76.51, 3.42], [-76.51, 3.425], [-76.515, 3.425], [-76.515, 3.42]]]}}, {"type": "Feature", "properties": {"value": 10.1422, "sigma": 7.6787}, "geometry": {"type": "Polygon", "coordinates": [[[-76.51, 3.42], [-76.505, 3.42], [-76.505, 3.425], [-76.51, 3.425], [-76.51, 3.42]]]}}, {"type": "Feature", "properties": {"value": 10.3288, "sigma": 7.6787}, "geometry": {"type": "Polygon", "coordinates": [[[-76.505, 3.42], [-76.5, 3.42], [-76.5, 3.425], [-76.505, 3.425], [-76.505, 3.42]]]}}, {"type": "Feature", "properties": {"value": 9.9791, "sigma": 7.6787}, "geometry": {"type": "Polygon", "coordinates": [[[-76.5, 3.42], [-76.495, 3.42], [-76.495, 3.425], [-76.5, 3.425], [-76.5, 3.42]]]}}, {"type": "Feature", "properties": {"value": 9.4638, "sigma": 7.6787}, "geometry": {"type": "Polygon", "coordinates": [[[-76.495, 3.42], [-76.49, 3.42], [-76.49, 3.425], [-76.495, 3.425], [-76.495, 3.42]]]}}, {"type": "Feature", "properties": {"value": 9.04, "sigma": 7.6787}, "geometry": {"type": "Polygon", "coordinates": [[[-76.49, 3.42], [-76.485, 3.42], [-76.485, 3.425], [-76.49, 3.425], [-76.49, 3.42]]]}}, {"type": "Feature", "properties": {"value": 8.7475, "sigma": 7.6787}, "geometry": {"type": "Polygon", "coordinates": [[[-76.485, 3.42], [-76.48, 3.42], [-76.48, 3.425], [-76.485, 3.425], [-76.485, 3.42]]]}}, {"type": "Feature", "properties": {"value": 8.5775, "sigma": 7.6787}, "geometry": {"type": "Polygon", "coordinates": [[[-76.48, 3.42], [-76.475, 3.42], [-76.475, 3.425], [-76.48, 3.425], [-76.48, 3.42]]]}}, {"type": "Feature", "properties": {"value": 8.5318, "sigma": 7.6787}, "geometry": {"type": "Polygon", "coordinates": [[[-76.475, 3.42], [-76.47, 3.42], [-76.47, 3.425], [-76.475, 3.425], [-76.475, 3.42]]]}}, {"type": "Feature", "properties": {"value": 8.6408, "sigma": 7.6787}, "geometry": {"type": "Polygon", "coordinates": [[[-76.47, 3.42], [-76.465, 3.42], [-76.465, 3.425], [-76.47, 3.425], [-76.47, 3.42]]]}}, {"type": "Feature", "properties": {"value": 8.9687, "sigma": 7.6787}, "geometry": {"type": "Polygon", "coordinates": [[[-76.465, 3.42], [-76.46, 3.42], [-76.46, 3.425], [-76.465, 3.425], [-76.465, 3.42]]]}}, {"type": "Feature", "properties": {"value": 9.5643, "sigma": 7.6787}, "geometry": {"type": "Polygon", "coordinates": [[[-76.46, 3.42], [-76.455, 3.42], [-76.455, 3.425], [-76.46, 3.425], [-76.46, 3.42]]]}}, {"type": "Feature", "properties": {"value": 10.1816, "sigma": 7.6787}, "geometry": {"type": "Polygon", "coordinates": [[[-76.455, 3.42], [-76.45, 3.42], [-76.45, 3.425], [-76.455, 3.425], [-76.455, 3.42]]]}}, {"type": "Feature", "properties": {"value": 10.1333, "sigma": 7.6787}, "geometry": {"type": "Polygon", "coordinates": [[[-76.45, 3.42], [-76.445, 3.42], [-76.445, 3.425], [-76.45, 3.425], [-76.45, 3.42]]]}}, {"type": "Feature", "properties": {"value": 9.4715, "sigma": 7.6787}, "geometry": {"type": "Polygon", "coordinates": [[[-76.445, 3.42], [-76.44, 3.42], [-76.44, 3.425], [-76.445, 3.425], [-76.445, 3.42]]]}}, {"type": "Feature", "properties": {"value": 8.8585, "sigma": 7.6787}, "geometry": {"type": "Polygon", "coordinates": [[[-76.44, 3.42], [-76.435, 3.42], [-76.435, 3.425], [-76.44, 3.425], [-76.44, 3.42]]]}}, {"type": "Feature", "properties": {"value": 8.4824, "sigma": 7.6787}, "geometry": {"type": "Polygon", "coordinates": [[[-76.435, 3.42], [-76.43, 3.42], [-76.43, 3.425], [-76.435, 3.425], [-76.435, 3.42]]]}}, {"type": "Feature", "properties": {"value": 8.278, "sigma": 7.6787}, "geometry": {"type": "Polygon", "coordinates": [[[-76.43, 3.42], [-76.425, 3.42], [-76.425, 3.425], [-76.43, 3.425], [-76.43, 3.42]]]}}, {"type": "Feature", "properties": {"value": 8.1717, "sigma": 7.6787}, "geometry": {"type": "Polygon", "coordinates": [[[-76.425, 3.42], [-76.42, 3.42], [-76.42, 3.425], [-76.425, 3.425], [-76.425, 3.42]]]}}, {"type": "Feature", "properties": {"value": 8.1182, "sigma": 7.6787}, "geometry": {"type": "Polygon", "coordinates": [[[-76.42, 3.42], [-76.415, 3.42], [-76.415, 3.425], [-76.42, 3.425], [-76.42, 3.42]]]}}, {"type": "Feature", "properties": {"value": 8.0929, "sigma": 7.6787}, "geometry": {"type": "Polygon", "coordinates": [[[-76.415, 3.42], [-76.41, 3.42], [-76.41, 3.425], [-76.415, 3.425], [-76.415, 3.42]]]}}, {"type": "Feature", "properties": {"value": 8.0826, "sigma": 7.6787}, "geometry": {"type": "Polygon", "coordinates": [[[-76.41, 3.42], [-76.405, 3.42], [-76.405, 3.425], [-76.41, 3.425], [-76.41, 3.42]]]}}, {"type": "Feature", "properties": {"value": 8.0804, "sigma": 7.6787}, "geometry": {"type": "Polygon", "coordinates": [[[-76.405, 3.42], [-76.4, 3.42], [-76.4, 3.425], [-76.405, 3.425], [-76.405, 3.42]]]}}, {"type": "Feature", "properties": {"value": 8.9026, "sigma": 7.6787}, "geometry": {"type": "Polygon", "coordinates": [[[-76.6, 3.425], [-76.595, 3.425], [-76.595, 3.43], [-76.6, 3.43], [-76.6, 3.425]]]}}, {"type": "Feature", "properties": {"value": 8.894, "sigma": 7.6787}, "geometry": {"type": "Polygon", "coordinates": [[[-76.595, 3.425], [-76.59, 3.425], [-76.59, 3.43], [-76.595, 3.43], [-76.595, 3.425]]]}}, {"type": "Feature", "properties": {"value": 8.8813, "sigma": 7.6787}, "geometry": {"type": "Polygon", "coordinates": [[[-76.59, 3.425], [-76.585, 3.425], [-76.585, 3.43], [-76.59, 3.43], [-76.59, 3.425]]]}}, {"type": "Feature", "properties": {"value": 8.8655, "sigma": 7.6787}, "geometry": {"type": "Polygon", "coordinates": [[[-76.585, 3.425], [-76.58, 3.425], [-76.58, 3.43], [-76.585, 3.43], [-76.585, 3.425]]]}}, {"type": "Feature", "properties": {"value": 8.8483, "sigma": 7.6787}, "geometry": {"type": "Polygon", "coordinates": [[[-76.58, 3.425], [-76.575, 3.425], [-76.575, 3.43], [-76.58, 3.43], [-76.58, 3.425]]]}}, {"type": "Feature", "properties": {"value": 8.8322, "sigma": 7.6787}, "geometry": {"type": "Polygon", "coordinates": [[[-76.575, 3.425], [-76.57, 3.425], [-76.57, 3.43], [-76.575, 3.43], [-76.575, 3.425]]]}}, {"type": "Feature", "properties": {"value": 8.82, "sigma": 7.6787}, "geometry": {"type": "Polygon", "coordinates": [[[-76.57, 3.425], [-76.565, 3.425], [-76.565, 3.43], [-76.57, 3.43], [-76.57, 3.425]]]}}, {"type": "Feature", "properties": {"value": 8.8137, "sigma": 7.6787}, "geometry": {"type": "Polygon", "coordinates": [[[-76.565, 3.425], [-76.56, 3.425], [-76.56, 3.43], [-76.565, 3.43], [-76.565, 3.425]]]}}, {"type": "Feature", "properties": {"value": 8.8144, "sigma": 7.6787}, "geometry": {"type": "Polygon", "coordinates": [[[-76.56, 3.425], [-76.555, 3.425], [-76.555, 3.43], [-76.56, 3.43], [-76.56, 3.425]]]}}, {"type": "Feature", "properties": {"value": 8.824, "sigma": 7.6787}, "geometry": {"type": "Polygon", "coordinates": [[[-76.555, 3.425], [-76.55, 3.425], [-76.55, 3.43], [-76.555, 3.43], [-76.555, 3.425]]]}}, {"type": "Feature", "properties": {"value": 8.8488, "sigma": 7.6787}, "geometry": {"type": "Polygon", "coordinates": [[[-76.55, 3.425], [-76.545, 3.425], [-76.545, 3.43], [-76.55, 3.43], [-76.55, 3.425]]]}}, {"type": "Feature", "properties": {"value": 8.8999, "sigma": 7.6787}, "geometry": {"type": "Polygon", "coordinates": [[[-76.545, 3.425], [-76.54, 3.425], [-76.54, 3.43], [-76.545, 3.43], [-76.545, 3.425]]]}}, {"type": "Feature", "properties": {"value": 8.9878, "sigma": 7.6787}, "geometry": {"type": "Polygon", "coordinates": [[[-76.54, 3.425], [-76.535, 3.425], [-76.535, 3.43], [-76.54, 3.43], [-76.54, 3.425]]]}}, {"type": "Feature", "properties": {"value": 9.116, "sigma": 7.6787}, "geometry": {"type": "Polygon", "coordinates": [[[-76.535, 3.425], [-76.53, 3.425], [-76.53, 3.43], [-76.535, 3.43], [-76.535, 3.425]]]}}, {"type": "Feature", "properties": {"value": 9.277, "sigma": 7.6787}, "geometry": {"type": "Polygon", "coordinates": [[[-76.53, 3.425], [-76.525, 3.425], [-76.525, 3.43], [-76.53, 3.43], [-76.53, 3.425]]]}}, {"type": "Feature", "properties": {"value": 9.4513, "sigma": 7.6787}, "geometry": {"type": "Polygon", "coordinates": [[[-76.525, 3.425], [-76.52, 3.425], [-76.52, 3.43], [-76.525, 3.43], [-76.525, 3.425]]]}}, {"type": "Feature", "properties": {"value": 9.6221, "sigma": 7.6787}, "geometry": {"type": "Polygon", "coordinates": [[[-76.52, 3.425], [-76.515, 3.425], [-76.515, 3.43], [-76.52, 3.43], [-76.52, 3.425]]]}}, {"type": "Feature", "properties": {"value": 9.88, "sigma": 7.6787}, "geometry": {"type": "Polygon", "coordinates": [[[-76.515, 3.425], [-76.51, 3.425], [-76.51, 3.43], [-76.515, 3.43], [-76.515, 3.425]]]}}, {"type": "Feature", "properties": {"value": 10.578, "sigma": 7.6787}, "geometry": {"type": "Polygon", "coordinates": [[[-76.51, 3.425], [-76.505, 3.425], [-76.505, 3.43], [-76.51, 3.43], [-76.51, 3.425]]]}}, {"type": "Feature", "properties": {"value": 11.0017, "sigma": 7.6787}, "geometry": {"type": "Polygon", "coordinates": [[[-76.505, 3.425], [-76.5, 3.425], [-76.5, 3.43], [-76.505, 3.43], [-76.505, 3.425]]]}}, {"type": "Feature", "properties": {"value": 10.3929, "sigma": 7.6787}, "geometry": {"type": "Polygon", "coordinates": [[[-76.5, 3.425], [-76.495, 3.425], [-76.495, 3.43], [-76.5, 3.43], [-76.5, 3.425]]]}}, {"type": "Feature", "properties": {"value": 9.7283, "sigma": 7.6787}, "geometry": {"type": "Polygon", "coordinates": [[[-76.495, 3.425], [-76.49, 3.425], [-76.49, 3.43], [-76.495, 3.43], [-76.495, 3.425]]]}}, {"type": "Feature", "properties": {"value": 9.2515, "sigma": 7.6787}, "geometry": {"type": "Polygon", "coordinates": [[[-76.49, 3.425], [-76.485, 3.425], [-76.485, 3.43], [-76.49, 3.43], [-76.49, 3.425]]]}}, {"type": "Feature", "properties": {"value": 8.9368, "sigma": 7.6787}, "geometry": {"type": "Polygon", "coordinates": [[[-76.485, 3.425], [-76.48, 3.425], [-76.48, 3.43], [-76.485, 3.43], [-76.485, 3.425]]]}}, {"type": "Feature", "properties": {"value": 8.7543, "sigma": 7.6787}, "geometry": {"type": "Polygon", "coordinates": [[[-76.48, 3.425], [-76.475, 3.425], [-76.475, 3.43], [-76.48, 3.43], [-76.48, 3.425]]]}}, {"type": "Feature", "properties": {"value": 8.7035, "sigma": 7.6787}, "geometry": {"type": "Polygon", "coordinates": [[[-76.475, 3.425], [-76.47, 3.425], [-76.47, 3.43], [-76.475, 3.43], [-76.475, 3.425]]]}}, {"type": "Feature", "properties": {"value": 8.8241, "sigma": 7.6787}, "geometry": {"type": "Polygon", "coordinates": [[[-76.47, 3.425], [-76.465, 3.425], [-76.465, 3.43], [-76.47, 3.43], [-76.47, 3.425]]]}}, {"type": "Feature", "properties": {"value": 9.2075, "sigma": 7.6787}, "geometry": {"type": "Polygon", "coordinates": [[[-76.465, 3.425], [-76.46, 3.425], [-76.46, 3.43], [-76.465, 3.43], [-76.465, 3.425]]]}}, {"type": "Feature", "properties": {"value": 9.954, "sigma": 7.6787}, "geometry": {"type": "Polygon", "coordinates": [[[-76.46, 3.425], [-76.455, 3.425], [-76.455, 3.43], [-76.46, 3.43], [-76.46, 3.425]]]}}, {"type": "Feature", "properties": {"value": 10.7869, "sigma": 7.6787}, "geometry": {"type": "Polygon", "coordinates": [[[-76.455, 3.425], [-76.45, 3.425], [-76.45, 3.43], [-76.455, 3.43], [-76.455, 3.425]]]}}, {"type": "Feature", "properties": {"value": 10.7256, "sigma": 7.6787}, "geometry": {"type": "Polygon", "coordinates": [[[-76.45, 3.425], [-76.445, 3.425], [-76.445, 3.43], [-76.45, 3.43], [-76.45, 3.425]]]}}, {"type": "Feature", "properties": {"value": 9.8699, "sigma": 7.6787}, "geometry": {"type": "Polygon", "coordinates": [[[-76.445, 3.425], [-76.44, 3.425], [-76.44, 3.43], [-76.445, 3.43], [-76.445, 3.425]]]}}, {"type": "Feature", "properties": {"value": 9.1282, "sigma": 7.6787}, "geometry": {"type": "Polygon", "coordinates": [[[-76.44, 3.425], [-76.435, 3.425], [-76.435, 3.43], [-76.44, 3.43], [-76.44, 3.425]]]}}, {"type": "Feature", "properties": {"value": 8.6874, "sigma": 7.6787}, "geometry": {"type": "Polygon", "coordinates": [[[-76.435, 3.425], [-76.43, 3.425], [-76.43, 3.43], [-76.435, 3.43], [-76.435, 3.425]]]}}, {"type": "Feature", "properties": {"value": 8.4462, "sigma": 7.6787}, "geometry": {"type": "Polygon", "coordinates": [[[-76.43, 3.425], [-76.425, 3.425], [-76.425, 3.43], [-76.43, 3.43], [-76.43, 3.425]]]}}, {"type": "Feature", "properties": {"value": 8.316, "sigma": 7.6787}, "geometry": {"type": "Polygon", "coordinates": [[[-76.425, 3.425], [-76.42, 3.425], [-76.42, 3.43], [-76.425, 3.43], [-76.425, 3.425]]]}}, {"type": "Feature", "properties": {"value": 8.2461, "sigma": 7.6787}, "geometry": {"type": "Polygon", "coordinates": [[[-76.42, 3.425], [-76.415, 3.425], [-76.415, 3.43], [-76.42, 3.43], [-76.42, 3.425]]]}}, {"type": "Feature", "properties": {"value": 8.2095, "sigma": 7.6787}, "geometry": {"type": "Polygon", "coordinates": [[[-76.415, 3.425], [-76.41, 3.425], [-76.41, 3.43], [-76.415, 3.43], [-76.415, 3.425]]]}}, {"type": "Feature", "properties": {"value": 8.1912, "sigma": 7.6787}, "geometry": {"type": "Polygon", "coordinates": [[[-76.41, 3.425], [-76.405, 3.425], [-76.405, 3.43], [-76.41, 3.43], [-76.41, 3.425]]]}}, {"type": "Feature", "properties": {"value": 8.1831, "sigma": 7.6787}, "geometry": {"type": "Polygon", "coordinates": [[[-76.405, 3.425], [-76.4, 3.425], [-76.4, 3.43], [-76.405, 3.43], [-76.405, 3.425]]]}}, {"type": "Feature", "properties": {"value": 8.9614, "sigma": 7.6787}, "geometry": {"type": "Polygon", "coordinates": [[[-76.6, 3.43], [-76.595, 3.43], [-76.595, 3.435], [-76.6, 3.435], [-76.6, 3.43]]]}}, {"type": "Feature", "properties": {"value": 8.9517, "sigma": 7.6787}, "geometry": {"type": "Polygon", "coordinates": [[[-76.595, 3.43], [-76.59, 3.43], [-76.59, 3.435], [-76.595, 3.435], [-76.595, 3.43]]]}}, {"type": "Feature", "properties": {"value": 8.9381, "sigma": 7.6787}, "geometry": {"type": "Polygon", "coordinates": [[[-76.59, 3.43], [-76.585, 3.43], [-76.585, 3.435], [-76.59, 3.435], [-76.59, 3.43]]]}}, {"type": "Feature", "properties": {"value": 8.9216, "sigma": 7.6787}, "geometry": {"type": "Polygon", "coordinates": [[[-76.585, 3.43], [-76.58, 3.43], [-76.58, 3.435], [-76.585, 3.435], [-76.585, 3.43]]]}}, {"type": "Feature", "properties": {"value": 8.9038, "sigma": 7.6787}, "geometry": {"type": "Polygon", "coordinates": [[[-76.58, 3.43], [-76.575, 3.43], [-76.575, 3.435], [-76.58, 3.435], [-76.58, 3.43]]]}}, {"type": "Feature", "properties": {"value": 8.8869, "sigma": 7.6787}, "geometry": {"type": "Polygon", "coordinates": [[[-76.575, 3.43], [-76.57, 3.43], [-76.57, 3.435], [-76.575, 3.435], [-76.575, 3.43]]]}}, {"type": "Feature", "properties": {"value": 8.8736, "sigma": 7.6787}, "geometry": {"type": "Polygon", "coordinates": [[[-76.57, 3.43], [-76.565, 3.43], [-76.565, 3.435], [-76.57, 3.435], [-76.57, 3.43]]]}}, {"type": "Feature", "properties": {"value": 8.8665, "sigma": 7.6787}, "geometry": {"type": "Polygon", "coordinates": [[[-76.565, 3.43], [-76.56, 3.43], [-76.56, 3.435], [-76.565, 3.435], [-76.565, 3.43]]]}}, {"type": "Feature", "properties": {"value": 8.8687, "sigma": 7.6787}, "geometry": {"type": "Polygon", "coordinates": [[[-76.56, 3.43], [-76.555, 3.43], [-76.555, 3.435], [-76.56, 3.435], [-76.56, 3.43]]]}}, {"type": "Feature", "properties": {"value": 8.8842, "sigma": 7.6787}, "geometry": {"type": "Polygon", "coordinates": [[[-76.555, 3.43], [-76.55, 3.43], [-76.55, 3.435], [-76.555, 3.435], [-76.555, 3.43]]]}}, {"type": "Feature", "properties": {"value": 8.9195, "sigma": 7.6787}, "geometry": {"type": "Polygon", "coordinates": [[[-76.55, 3.43], [-76.545, 3.43], [-76.545, 3.435], [-76.55, 3.435], [-76.55, 3.43]]]}}, {"type": "Feature", "properties": {"value": 8.9828, "sigma": 7.6787}, "geometry": {"type": "Polygon", "coordinates": [[[-76.545, 3.43], [-76.54, 3.43], [-76.54, 3.435], [-76.545, 3.435], [-76.545, 3.43]]]}}, {"type": "Feature", "properties": {"value": 9.0815, "sigma": 7.6787}, "geometry": {"type": "Polygon", "coordinates": [[[-76.54, 3.43], [-76.535, 3.43], [-76.535, 3.435], [-76.54, 3.435], [-76.54, 3.43]]]}}, {"type": "Feature", "properties": {"value": 9.2176, "sigma": 7.6787}, "geometry": {"type": "Polygon", "coordinates": [[[-76.535, 3.43], [-76.53, 3.43], [-76.53, 3.435], [-76.535, 3.435], [-76.535, 3.43]]]}}, {"type": "Feature", "properties": {"value": 9.3817, "sigma": 7.6787}, "geometry": {"type": "Polygon", "coordinates": [[[-76.53, 3.43], [-76.525, 3.43], [-76.525, 3.435], [-76.53, 3.435], [-76.53, 3.43]]]}}, {"type": "Feature", "properties": {"value": 9.5445, "sigma": 7.6787}, "geometry": {"type": "Polygon", "coordinates": [[[-76.525, 3.43], [-76.52, 3.43], [-76.52, 3.435], [-76.525, 3.435], [-76.525, 3.43]]]}}, {"type": "Feature", "properties": {"value": 9.6566, "sigma": 7.6787}, "geometry": {"type": "Polygon", "coordinates": [[[-76.52, 3.43], [-76.515, 3.43], [-76.515, 3.435], [-76.52, 3.435], [-76.52, 3.43]]]}}, {"type": "Feature", "properties": {"value": 9.736, "sigma": 7.6787}, "geometry": {"type": "Polygon", "coordinates": [[[-76.515, 3.43], [-76.51, 3.43], [-76.51, 3.435], [-76.515, 3.435], [-76.515, 3.43]]]}}, {"type": "Feature", "properties": {"value": 10.2009, "sigma": 7.6787}, "geometry": {"type": "Polygon", "coordinates": [[[-76.51, 3.43], [-76.505, 3.43], [-76.505, 3.435], [-76.51, 3.435], [-76.51, 3.43]]]}}, {"type": "Feature", "properties": {"value": 10.6607, "sigma": 7.6787}, "geometry": {"type": "Polygon", "coordinates": [[[-76.505, 3.43], [-76.5, 3.43], [-76.5, 3.435], [-76.505, 3.435], [-76.505, 3.43]]]}}, {"type": "Feature", "properties": {"value": 10.26, "sigma": 7.6787}, "geometry": {"type": "Polygon", "coordinates": [[[-76.5, 3.43], [-76.495, 3.43], [-76.495, 3.435], [-76.5, 3.435], [-76.5, 3.43]]]}}, {"type": "Feature", "properties": {"value": 9.7428, "sigma": 7.6787}, "geometry": {"type": "Polygon", "coordinates": [[[-76.495, 3.43], [-76.49, 3.43], [-76.49, 3.435], [-76.495, 3.435], [-76.495, 3.43]]]}}, {"type": "Feature", "properties": {"value": 9.3379, "sigma": 7.6787}, "geometry": {"type": "Polygon", "coordinates": [[[-76.49, 3.43], [-76.485, 3.43], [-76.485, 3.435], [-76.49, 3.435], [-76.49, 3.43]]]}}, {"type": "Feature", "properties": {"value": 9.0513, "sigma": 7.6787}, "geometry": {"type": "Polygon", "coordinates": [[[-76.485, 3.43], [-76.48, 3.43], [-76.48, 3.435], [-76.485, 3.435], [-76.485, 3.43]]]}}, {"type": "Feature", "properties": {"value": 8.8672, "sigma": 7.6787}, "geometry": {"type": "Polygon", "coordinates": [[[-76.48, 3.43], [-76.475, 3.43], [-76.475, 3.435], [-76.48, 3.435], [-76.48, 3.43]]]}}, {"type": "Feature", "properties": {"value": 8.7902, "sigma": 7.6787}, "geometry": {"type": "Polygon", "coordinates": [[[-76.475, 3.43], [-76.47, 3.43], [-76.47, 3.435], [-76.475, 3.435], [-76.475, 3.43]]]}}, {"type": "Feature", "properties": {"value": 8.8585, "sigma": 7.6787}, "geometry": {"type": "Polygon", "coordinates": [[[-76.47, 3.43], [-76.465, 3.43], [-76.465, 3.435], [-76.47, 3.435], [-76.47, 3.43]]]}}, {"type": "Feature", "properties": {"value": 9.1475, "sigma": 7.6787}, "geometry": {"type": "Polygon", "coordinates": [[[-76.465, 3.43], [-76.46, 3.43], [-76.46, 3.435], [-76.465, 3.435], [-76.465, 3.43]]]}}, {"type": "Feature", "properties": {"value": 9.7175, "sigma": 7.6787}, "geometry": {"type": "Polygon", "coordinates": [[[-76.46, 3.43], [-76.455, 3.43], [-76.455, 3.435], [-76.46, 3.435], [-76.46, 3.43]]]}}, {"type": "Feature", "properties": {"value": 10.3248, "sigma": 7.6787}, "geometry": {"type": "Polygon", "coordinates": [[[-76.455, 3.43], [-76.45, 3.43], [-76.45, 3.435], [-76.455, 3.435], [-76.455, 3.43]]]}}, {"type": "Feature", "properties": {"value": 10.2925, "sigma": 7.6787}, "geometry": {"type": "Polygon", "coordinates": [[[-76.45, 3.43], [-76.445, 3.43], [-76.445, 3.435], [-76.45, 3.435], [-76.45, 3.43]]]}}, {"type": "Feature", "properties": {"value": 9.6863, "sigma": 7.6787}, "geometry": {"type": "Polygon", "coordinates": [[[-76.445, 3.43], [-76.44, 3.43], [-76.44, 3.435], [-76.445, 3.435], [-76.445, 3.43]]]}}, {"type": "Feature", "properties": {"value": 9.1193, "sigma": 7.6787}, "geometry": {"type": "Polygon", "coordinates": [[[-76.44, 3.43], [-76.435, 3.43], [-76.435, 3.435], [-76.44, 3.435], [-76.44, 3.43]]]}}, {"type": "Feature", "properties": {"value": 8.7596, "sigma": 7.6787}, "geometry": {"type": "Polygon", "coordinates": [[[-76.435, 3.43], [-76.43, 3.43], [-76.43, 3.435], [-76.435, 3.435], [-76.435, 3.43]]]}}, {"type": "Feature", "properties": {"value": 8.5519, "sigma": 7.6787}, "geometry": {"type": "Polygon", "coordinates": [[[-76.43, 3.43], [-76.425, 3.43], [-76.425, 3.435], [-76.43, 3.435], [-76.43, 3.43]]]}}, {"type": "Feature", "properties": {"value": 8.4336, "sigma": 7.6787}, "geometry": {"type": "Polygon", "coordinates": [[[-76.425, 3.43], [-76.42, 3.43], [-76.42, 3.435], [-76.425, 3.435], [-76.425, 3.43]]]}}, {"type": "Feature", "properties": {"value": 8.3662, "sigma": 7.6787}, "geometry": {"type": "Polygon", "coordinates": [[[-76.42, 3.43], [-76.415, 3.43], [-76.415, 3.435], [-76.42, 3.435], [-76.42, 3.43]]]}}, {"type": "Feature", "properties": {"value": 8.3281, "sigma": 7.6787}, "geometry": {"type": "Polygon", "coordinates": [[[-76.415, 3.43], [-76.41, 3.43], [-76.41, 3.435], [-76.415, 3.435], [-76.415, 3.43]]]}}, {"type": "Feature", "properties": {"value": 8.3069, "sigma": 7.6787}, "geometry": {"type": "Polygon", "coordinates": [[[-76.41, 3.43], [-76.405, 3.43], [-76.405, 3.435], [-76.41, 3.435], [-76.41, 3.43]]]}}, {"type": "Feature", "properties": {"value": 8.2952, "sigma": 7.6787}, "geometry": {"type": "Polygon", "coordinates": [[[-76.405, 3.43], [-76.4, 3.43], [-76.4, 3.435], [-76.405, 3.435], [-76.405, 3.43]]]}}, {"type": "Feature", "properties": {"value": 9.0393, "sigma": 7.6787}, "geometry": {"type": "Polygon", "coordinates": [[[-76.6, 3.435], [-76.595, 3.435], [-76.595, 3.44], [-76.6, 3.44], [-76.6, 3.435]]]}}, {"type": "Feature", "properties": {"value": 9.0294, "sigma": 7.6787}, "geometry": {"type": "Polygon", "coordinates": [[[-76.595, 3.435], [-76.59, 3.435], [-76.59, 3.44], [-76.595, 3.44], [-76.595, 3.435]]]}}, {"type": "Feature", "properties": {"value": 9.0151, "sigma": 7.6787}, "geometry": {"type": "Polygon", "coordinates": [[[-76.59, 3.435], [-76.585, 3.435], [-76.585, 3.44], [-76.59, 3.44], [-76.59, 3.435]]]}}, {"type": "Feature", "properties": {"value": 8.9975, "sigma": 7.6787}, "geometry": {"type": "Polygon", "coordinates": [[[-76.585, 3.435], [-76.58, 3.435], [-76.58, 3.44], [-76.585, 3.44], [-76.585, 3.435]]]}}, {"type": "Feature", "properties": {"value": 8.9781, "sigma": 7.6787}, "geometry": {"type": "Polygon", "coordinates": [[[-76.58, 3.435], [-76.575, 3.435], [-76.575, 3.44], [-76.58, 3.44], [-76.58, 3.435]]]}}, {"type": "Feature", "properties": {"value": 8.9594, "sigma": 7.6787}, "geometry": {"type": "Polygon", "coordinates": [[[-76.575, 3.435], [-76.57, 3.435], [-76.57, 3.44], [-76.575, 3.44], [-76.575, 3.435]]]}}, {"type": "Feature", "properties": {"value": 8.944, "sigma": 7.6787}, "geometry": {"type": "Polygon", "coordinates": [[[-76.57, 3.435], [-76.565, 3.435], [-76.565, 3.44], [-76.57, 3.44], [-76.57, 3.435]]]}}, {"type": "Feature", "properties": {"value": 8.9353, "sigma": 7.6787}, "geometry": {"type": "Polygon", "coordinates": [[[-76.565, 3.435], [-76.56, 3.435], [-76.56, 3.44], [-76.565, 3.44], [-76.565, 3.435]]]}}, {"type": "Feature", "properties": {"value": 8.9368, "sigma": 7.6787}, "geometry": {"type": "Polygon", "coordinates": [[[-76.56, 3.435], [-76.555, 3.435], [-76.555, 3.44], [-76.56, 3.44], [-76.56, 3.435]]]}}, {"type": "Feature", "properties": {"value": 8.9531, "sigma": 7.6787}, "geometry": {"type": "Polygon", "coordinates": [[[-76.555, 3.435], [-76.55, 3.435], [-76.55, 3.44], [-76.555, 3.44], [-76.555, 3.435]]]}}, {"type": "Feature", "properties": {"value": 8.9897, "sigma": 7.6787}, "geometry": {"type": "Polygon", "coordinates": [[[-76.55, 3.435], [-76.545, 3.435], [-76.545, 3.44], [-76.55, 3.44], [-76.55, 3.435]]]}}, {"type": "Feature", "properties": {"value": 9.0529, "sigma": 7.6787}, "geometry": {"type": "Polygon", "coordinates": [[[-76.545, 3.435], [-76.54, 3.435], [-76.54, 3.44], [-76.545, 3.44], [-76.545, 3.435]]]}}, {"type": "Feature", "properties": {"value": 9.1481, "sigma": 7.6787}, "geometry": {"type": "Polygon", "coordinates": [[[-76.54, 3.435], [-76.535, 3.435], [-76.535, 3.44], [-76.54, 3.44], [-76.54, 3.435]]]}}, {"type": "Feature", "properties": {"value": 9.2761, "sigma": 7.6787}, "geometry": {"type": "Polygon", "coordinates": [[[-76.535, 3.435], [-76.53, 3.435], [-76.53, 3.44], [-76.535, 3.44], [-76.535, 3.435]]]}}, {"type": "Feature", "properties": {"value": 9.4271, "sigma": 7.6787}, "geometry": {"type": "Polygon", "coordinates": [[[-76.53, 3.435], [-76.525, 3.435], [-76.525, 3.44], [-76.53, 3.44], [-76.53, 3.435]]]}}, {"type": "Feature", "properties": {"value": 9.572, "sigma": 7.6787}, "geometry": {"type": "Polygon", "coordinates": [[[-76.525, 3.435], [-76.52, 3.435], [-76.52, 3.44], [-76.525, 3.44], [-76.525, 3.435]]]}}, {"type": "Feature", "properties": {"value": 9.6586, "sigma": 7.6787}, "geometry": {"type": "Polygon", "coordinates": [[[-76.52, 3.435], [-76.515, 3.435], [-76.515, 3.44], [-76.52, 3.44], [-76.52, 3.435]]]}}, {"type": "Feature", "properties": {"value": 9.681, "sigma": 7.6787}, "geometry": {"type": "Polygon", "coordinates": [[[-76.515, 3.435], [-76.51, 3.435], [-76.51, 3.44], [-76.515, 3.44], [-76.515, 3.435]]]}}, {"type": "Feature", "properties": {"value": 9.7887, "sigma": 7.6787}, "geometry": {"type": "Polygon", "coordinates": [[[-76.51, 3.435], [-76.505, 3.435], [-76.505, 3.44], [-76.51, 3.44], [-76.51, 3.435]]]}}, {"type": "Feature", "properties": {"value": 9.9827, "sigma": 7.6787}, "geometry": {"type": "Polygon", "coordinates": [[[-76.505, 3.435], [-76.5, 3.435], [-76.5, 3.44], [-76.505, 3.44], [-76.505, 3.435]]]}}, {"type": "Feature", "properties": {"value": 9.8885, "sigma": 7.6787}, "geometry": {"type": "Polygon", "coordinates": [[[-76.5, 3.435], [-76.495, 3.435], [-76.495, 3.44], [-76.5, 3.44], [-76.5, 3.435]]]}}, {"type": "Feature", "properties": {"value": 9.6215, "sigma": 7.6787}, "geometry": {"type": "Polygon", "coordinates": [[[-76.495, 3.435], [-76.49, 3.435], [-76.49, 3.44], [-76.495, 3.44], [-76.495, 3.435]]]}}, {"type": "Feature", "properties": {"value": 9.3491, "sigma": 7.6787}, "geometry": {"type": "Polygon", "coordinates": [[[-76.49, 3.435], [-76.485, 3.435], [-76.485, 3.44], [-76.49, 3.44], [-76.49, 3.435]]]}}, {"type": "Feature", "properties": {"value": 9.119, "sigma": 7.6787}, "geometry": {"type": "Polygon", "coordinates": [[[-76.485, 3.435], [-76.48, 3.435], [-76.48, 3.44], [-76.485, 3.44], [-76.485, 3.435]]]}}, {"type": "Feature", "properties": {"value": 8.9347, "sigma": 7.6787}, "geometry": {"type": "Polygon", "coordinates": [[[-76.48, 3.435], [-76.475, 3.435], [-76.475, 3.44], [-76.48, 3.44], [-76.48, 3.435]]]}}, {"type": "Feature", "properties": {"value": 8.8076, "sigma": 7.6787}, "geometry": {"type": "Polygon", "coordinates": [[[-76.475, 3.435], [-76.47, 3.435], [-76.47, 3.44], [-76.475, 3.44], [-76.475, 3.435]]]}}, {"type": "Feature", "properties": {"value": 8.7697, "sigma": 7.6787}, "geometry": {"type": "Polygon", "coordinates": [[[-76.47, 3.435], [-76.465, 3.435], [-76.465, 3.44], [-76.47, 3.44], [-76.47, 3.435]]]}}, {"type": "Feature", "properties": {"value": 8.8685, "sigma": 7.6787}, "geometry": {"type": "Polygon", "coordinates": [[[-76.465, 3.435], [-76.46, 3.435], [-76.46, 3.44], [-76.465, 3.44], [-76.465, 3.435]]]}}, {"type": "Feature", "properties": {"value": 9.1256, "sigma": 7.6787}, "geometry": {"type": "Polygon", "coordinates": [[[-76.46, 3.435], [-76.455, 3.435], [-76.455, 3.44], [-76.46, 3.44], [-76.46, 3.435]]]}}, {"type": "Feature", "properties": {"value": 9.4075, "sigma": 7.6787}, "geometry": {"type": "Polygon", "coordinates": [[[-76.455, 3.435], [-76.45, 3.435], [-76.45, 3.44], [-76.455, 3.44], [-76.455, 3.435]]]}}, {"type": "Feature", "properties": {"value": 9.4319, "sigma": 7.6787}, "geometry": {"type": "Polygon", "coordinates": [[[-76.45, 3.435], [-76.445, 3.435], [-76.445, 3.44], [-76.45, 3.44], [-76.45, 3.435]]]}}, {"type": "Feature", "properties": {"value": 9.1954, "sigma": 7.6787}, "geometry": {"type": "Polygon", "coordinates": [[[-76.445, 3.435], [-76.44, 3.435], [-76.44, 3.44], [-76.445, 3.44], [-76.445, 3.435]]]}}, {"type": "Feature", "properties": {"value": 8.9277, "sigma": 7.6787}, "geometry": {"type": "Polygon", "coordinates": [[[-76.44, 3.435], [-76.435, 3.435], [-76.435, 3.44], [-76.44, 3.44], [-76.44, 3.435]]]}}, {"type": "Feature", "properties": {"value": 8.7325, "sigma": 7.6787}, "geometry": {"type": "Polygon", "coordinates": [[[-76.435, 3.435], [-76.43, 3.435], [-76.43, 3.44], [-76.435, 3.44], [-76.435, 3.435]]]}}, {"type": "Feature", "properties": {"value": 8.607, "sigma": 7.6787}, "geometry": {"type": "Polygon", "coordinates": [[[-76.43, 3.435], [-76.425, 3.435], [-76.425, 3.44], [-76.43, 3.44], [-76.43, 3.435]]]}}, {"type": "Feature", "properties": {"value": 8.5284, "sigma": 7.6787}, "geometry": {"type": "Polygon", "coordinates": [[[-76.425, 3.435], [-76.42, 3.435], [-76.42, 3.44], [-76.425, 3.44], [-76.425, 3.435]]]}}, {"type": "Feature", "properties": {"value": 8.4792, "sigma": 7.6787}, "geometry": {"type": "Polygon", "coordinates": [[[-76.42, 3.435], [-76.415, 3.435], [-76.415, 3.44], [-76.42, 3.44], [-76.42, 3.435]]]}}, {"type": "Feature", "properties": {"value": 8.4486, "sigma": 7.6787}, "geometry": {"type": "Polygon", "coordinates": [[[-76.415, 3.435], [-76.41, 3.435], [-76.41, 3.44], [-76.415, 3.44], [-76.415, 3.435]]]}}, {"type": "Feature", "properties": {"value": 8.4294, "sigma": 7.6787}, "geometry": {"type": "Polygon", "coordinates": [[[-76.41, 3.435], [-76.405, 3.435], [-76.405, 3.44], [-76.41, 3.44], [-76.41, 3.435]]]}}, {"type": "Feature", "properties": {"value": 8.4169, "sigma": 7.6787}, "geometry": {"type": "Polygon", "coordinates": [[[-76.405, 3.435], [-76.4, 3.435], [-76.4, 3.44], [-76.405, 3.44], [-76.405, 3.435]]]}}, {"type": "Feature", "properties": {"value": 9.1373, "sigma": 7.6787}, "geometry": {"type": "Polygon", "coordinates": [[[-76.6, 3.44], [-76.595, 3.44], [-76.595, 3.445], [-76.6, 3.445], [-76.6, 3.44]]]}}, {"type": "Feature", "properties": {"value": 9.1281, "sigma": 7.6787}, "geometry": {"type": "Polygon", "coordinates": [[[-76.595, 3.44], [-76.59, 3.44], [-76.59, 3.445], [-76.595, 3.445], [-76.595, 3.44]]]}}, {"type": "Feature", "properties": {"value": 9.1135, "sigma": 7.6787}, "geometry": {"type": "Polygon", "coordinates": [[[-76.59, 3.44], [-76.585, 3.44], [-76.585, 3.445], [-76.59, 3.445], [-76.59, 3.44]]]}}, {"type": "Feature", "properties": {"value": 9.0944, "sigma": 7.6787}, "geometry": {"type": "Polygon", "coordinates": [[[-76.585, 3.44], [-76.58, 3.44], [-76.58, 3.445], [-76.585, 3.445], [-76.585, 3.44]]]}}, {"type": "Feature", "properties": {"value": 9.0726, "sigma": 7.6787}, "geometry": {"type": "Polygon", "coordinates": [[[-76.58, 3.44], [-76.575, 3.44], [-76.575, 3.445], [-76.58, 3.445], [-76.58, 3.44]]]}}, {"type": "Feature", "properties": {"value": 9.0503, "sigma": 7.6787}, "geometry": {"type": "Polygon", "coordinates": [[[-76.575, 3.44], [-76.57, 3.44], [-76.57, 3.445], [-76.575, 3.445], [-76.575, 3.44]]]}}, {"type": "Feature", "properties": {"value": 9.0306, "sigma": 7.6787}, "geometry": {"type": "Polygon", "coordinates": [[[-76.57, 3.44], [-76.565, 3.44], [-76.565, 3.445], [-76.57, 3.445], [-76.57, 3.44]]]}}, {"type": "Feature", "properties": {"value": 9.0169, "sigma": 7.6787}, "geometry": {"type": "Polygon", "coordinates": [[[-76.565, 3.44], [-76.56, 3.44], [-76.56, 3.445], [-76.565, 3.445], [-76.565, 3.44]]]}}, {"type": "Feature", "properties": {"value": 9.0132, "sigma": 7.6787}, "geometry": {"type": "Polygon", "coordinates": [[[-76.56, 3.44], [-76.555, 3.44], [-76.555, 3.445], [-76.56, 3.445], [-76.56, 3.44]]]}}, {"type": "Feature", "properties": {"value": 9.0238, "sigma": 7.6787}, "geometry": {"type": "Polygon", "coordinates": [[[-76.555, 3.44], [-76.55, 3.44], [-76.55, 3.445], [-76.555, 3.445], [-76.555, 3.44]]]}}, {"type": "Feature", "properties": {"value": 9.0535, "sigma": 7.6787}, "geometry": {"type": "Polygon", "coordinates": [[[-76.55, 3.44], [-76.545, 3.44], [-76.545, 3.445], [-76.55, 3.445], [-76.55, 3.44]]]}}, {"type": "Feature", "properties": {"value": 9.1071, "sigma": 7.6787}, "geometry": {"type": "Polygon", "coordinates": [[[-76.545, 3.44], [-76.54, 3.44], [-76.54, 3.445], [-76.545, 3.445], [-76.545, 3.44]]]}}, {"type": "Feature", "properties": {"value": 9.1881, "sigma": 7.6787}, "geometry": {"type": "Polygon", "coordinates": [[[-76.54, 3.44], [-76.535, 3.44], [-76.535, 3.445], [-76.54, 3.445], [-76.54, 3.44]]]}}, {"type": "Feature", "properties": {"value": 9.2963, "sigma": 7.6787}, "geometry": {"type": "Polygon", "coordinates": [[[-76.535, 3.44], [-76.53, 3.44], [-76.53, 3.445], [-76.535, 3.445], [-76.535, 3.44]]]}}, {"type": "Feature", "properties": {"value": 9.4227, "sigma": 7.6787}, "geometry": {"type": "Polygon", "coordinates": [[[-76.53, 3.44], [-76.525, 3.44], [-76.525, 3.445], [-76.53, 3.445], [-76.53, 3.44]]]}}, {"type": "Feature", "properties": {"value": 9.5449, "sigma": 7.6787}, "geometry": {"type": "Polygon", "coordinates": [[[-76.525, 3.44], [-76.52, 3.44], [-76.52, 3.445], [-76.525, 3.445], [-76.525, 3.44]]]}}, {"type": "Feature", "properties": {"value": 9.6288, "sigma": 7.6787}, "geometry": {"type": "Polygon", "coordinates": [[[-76.52, 3.44], [-76.515, 3.44], [-76.515, 3.445], [-76.52, 3.445], [-76.52, 3.44]]]}}, {"type": "Feature", "properties": {"value": 9.6608, "sigma": 7.6787}, "geometry": {"type": "Polygon", "coordinates": [[[-76.515, 3.44], [-76.51, 3.44], [-76.51, 3.445], [-76.515, 3.445], [-76.515, 3.44]]]}}, {"type": "Feature", "properties": {"value": 9.6878, "sigma": 7.6787}, "geometry": {"type": "Polygon", "coordinates": [[[-76.51, 3.44], [-76.505, 3.44], [-76.505, 3.445], [-76.51, 3.445], [-76.51, 3.44]]]}}, {"type": "Feature", "properties": {"value": 9.7162, "sigma": 7.6787}, "geometry": {"type": "Polygon", "coordinates": [[[-76.505, 3.44], [-76.5, 3.44], [-76.5, 3.445], [-76.505, 3.445], [-76.505, 3.44]]]}}, {"type": "Feature", "properties": {"value": 9.6624, "sigma": 7.6787}, "geometry": {"type": "Polygon", "coordinates": [[[-76.5, 3.44], [-76.495, 3.44], [-76.495, 3.445], [-76.5, 3.445], [-76.5, 3.44]]]}}, {"type": "Feature", "properties": {"value": 9.531, "sigma": 7.6787}, "geometry": {"type": "Polygon", "coordinates": [[[-76.495, 3.44], [-76.49, 3.44], [-76.49, 3.445], [-76.495, 3.445], [-76.495, 3.44]]]}}, {"type": "Feature", "properties": {"value": 9.3711, "sigma": 7.6787}, "geometry": {"type": "Polygon", "coordinates": [[[-76.49, 3.44], [-76.485, 3.44], [-76.485, 3.445], [-76.49, 3.445], [-76.49, 3.44]]]}}, {"type": "Feature", "properties": {"value": 9.1936, "sigma": 7.6787}, "geometry": {"type": "Polygon", "coordinates": [[[-76.485, 3.44], [-76.48, 3.44], [-76.48, 3.445], [-76.485, 3.445], [-76.485, 3.44]]]}}, {"type": "Feature", "properties": {"value": 8.9947, "sigma": 7.6787}, "geometry": {"type": "Polygon", "coordinates": [[[-76.48, 3.44], [-76.475, 3.44], [-76.475, 3.445], [-76.48, 3.445], [-76.48, 3.44]]]}}, {"type": "Feature", "properties": {"value": 8.7881, "sigma": 7.6787}, "geometry": {"type": "Polygon", "coordinates": [[[-76.475, 3.44], [-76.47, 3.44], [-76.47, 3.445], [-76.475, 3.445], [-76.475, 3.44]]]}}, {"type": "Feature", "properties": {"value": 8.6009, "sigma": 7.6787}, "geometry": {"type": "Polygon", "coordinates": [[[-76.47, 3.44], [-76.465, 3.44], [-76.465, 3.445], [-76.47, 3.445], [-76.47, 3.44]]]}}, {"type": "Feature", "properties": {"value": 8.4687, "sigma": 7.6787}, "geometry": {"type": "Polygon", "coordinates": [[[-76.465, 3.44], [-76.46, 3.44], [-76.46, 3.445], [-76.465, 3.445], [-76.465, 3.44]]]}}, {"type": "Feature", "properties": {"value": 8.4375, "sigma": 7.6787}, "geometry": {"type": "Polygon", "coordinates": [[[-76.46, 3.44], [-76.455, 3.44], [-76.455, 3.445], [-76.46, 3.445], [-76.46, 3.44]]]}}, {"type": "Feature", "properties": {"value": 8.5231, "sigma": 7.6787}, "geometry": {"type": "Polygon", "coordinates": [[[-76.455, 3.44], [-76.45, 3.44], [-76.45, 3.445], [-76.455, 3.445], [-76.455, 3.44]]]}}, {"type": "Feature", "properties": {"value": 8.6413, "sigma": 7.6787}, "geometry": {"type": "Polygon", "coordinates": [[[-76.45, 3.44], [-76.445, 3.44], [-76.445, 3.445], [-76.45, 3.445], [-76.45, 3.44]]]}}, {"type": "Feature", "properties": {"value": 8.6999, "sigma": 7.6787}, "geometry": {"type": "Polygon", "coordinates": [[[-76.445, 3.44], [-76.44, 3.44], [-76.44, 3.445], [-76.445, 3.445], [-76.445, 3.44]]]}}, {"type": "Feature", "properties": {"value": 8.7008, "sigma": 7.6787}, "geometry": {"type": "Polygon", "coordinates": [[[-76.44, 3.44], [-76.435, 3.44], [-76.435, 3.445], [-76.44, 3.445], [-76.44, 3.44]]]}}, {"type": "Feature", "properties": {"value": 8.6768, "sigma": 7.6787}, "geometry": {"type": "Polygon", "coordinates": [[[-76.435, 3.44], [-76.43, 3.44], [-76.43, 3.445], [-76.435, 3.445], [-76.435, 3.44]]]}}, {"type": "Feature", "properties": {"value": 8.6463, "sigma": 7.6787}, "geometry": {"type": "Polygon", "coordinates": [[[-76.43, 3.44], [-76.425, 3.44], [-76.425, 3.445], [-76.43, 3.445], [-76.43, 3.44]]]}}, {"type": "Feature", "properties": {"value": 8.6174, "sigma": 7.6787}, "geometry": {"type": "Polygon", "coordinates": [[[-76.425, 3.44], [-76.42, 3.44], [-76.42, 3.445], [-76.425, 3.445], [-76.425, 3.44]]]}}, {"type": "Feature", "properties": {"value": 8.5936, "sigma": 7.6787}, "geometry": {"type": "Polygon", "coordinates": [[[-76.42, 3.44], [-76.415, 3.44], [-76.415, 3.445], [-76.42, 3.445], [-76.42, 3.44]]]}}, {"type": "Feature", "properties": {"value": 8.5754, "sigma": 7.6787}, "geometry": {"type": "Polygon", "coordinates": [[[-76.415, 3.44], [-76.41, 3.44], [-76.41, 3.445], [-76.415, 3.445], [-76.415, 3.44]]]}}, {"type": "Feature", "properties": {"value": 8.5617, "sigma": 7.6787}, "geometry": {"type": "Polygon", "coordinates": [[[-76.41, 3.44], [-76.405, 3.44], [-76.405, 3.445], [-76.41, 3.445], [-76.41, 3.44]]]}}, {"type": "Feature", "properties": {"value": 8.5504, "sigma": 7.6787}, "geometry": {"type": "Polygon", "coordinates": [[[-76.405, 3.44], [-76.4, 3.44], [-76.4, 3.445], [-76.405, 3.445], [-76.405, 3.44]]]}}, {"type": "Feature", "properties": {"value": 9.2574, "sigma": 7.6787}, "geometry": {"type": "Polygon", "coordinates": [[[-76.6, 3.445], [-76.595, 3.445], [-76.595, 3.45], [-76.6, 3.45], [-76.6, 3.445]]]}}, {"type": "Feature", "properties": {"value": 9.2501, "sigma": 7.6787}, "geometry": {"type": "Polygon", "coordinates": [[[-76.595, 3.445], [-76.59, 3.445], [-76.59, 3.45], [-76.595, 3.45], [-76.595, 3.445]]]}}, {"type": "Feature", "properties": {"value": 9.2358, "sigma": 7.6787}, "geometry": {"type": "Polygon", "coordinates": [[[-76.59, 3.445], [-76.585, 3.445], [-76.585, 3.45], [-76.59, 3.45], [-76.59, 3.445]]]}}, {"type": "Feature", "properties": {"value": 9.215, "sigma": 7.6787}, "geometry": {"type": "Polygon", "coordinates": [[[-76.585, 3.445], [-76.58, 3.445], [-76.58, 3.45], [-76.585, 3.45], [-76.585, 3.445]]]}}, {"type": "Feature", "properties": {"value": 9.1895, "sigma": 7.6787}, "geometry": {"type": "Polygon", "coordinates": [[[-76.58, 3.445], [-76.575, 3.445], [-76.575, 3.45], [-76.58, 3.45], [-76.58, 3.445]]]}}, {"type": "Feature", "properties": {"value": 9.1615, "sigma": 7.6787}, "geometry": {"type": "Polygon", "coordinates": [[[-76.575, 3.445], [-76.57, 3.445], [-76.57, 3.45], [-76.575, 3.45], [-76.575, 3.445]]]}}, {"type": "Feature", "properties": {"value": 9.1342, "sigma": 7.6787}, "geometry": {"type": "Polygon", "coordinates": [[[-76.57, 3.445], [-76.565, 3.445], [-76.565, 3.45], [-76.57, 3.45], [-76.57, 3.445]]]}}, {"type": "Feature", "properties": {"value": 9.1115, "sigma": 7.6787}, "geometry": {"type": "Polygon", "coordinates": [[[-76.565, 3.445], [-76.56, 3.445], [-76.56, 3.45], [-76.565, 3.45], [-76.565, 3.445]]]}}, {"type": "Feature", "properties": {"value": 9.0973, "sigma": 7.6787}, "geometry": {"type": "Polygon", "coordinates": [[[-76.56, 3.445], [-76.555, 3.445], [-76.555, 3.45], [-76.56, 3.45], [-76.56, 3.445]]]}}, {"type": "Feature", "properties": {"value": 9.096, "sigma": 7.6787}, "geometry": {"type": "Polygon", "coordinates": [[[-76.555, 3.445], [-76.55, 3.445], [-76.55, 3.45], [-76.555, 3.45], [-76.555, 3.445]]]}}, {"type": "Feature", "properties": {"value": 9.1119, "sigma": 7.6787}, "geometry": {"type": "Polygon", "coordinates": [[[-76.55, 3.445], [-76.545, 3.445], [-76.545, 3.45], [-76.55, 3.45], [-76.55, 3.445]]]}}, {"type": "Feature", "properties": {"value": 9.1487, "sigma": 7.6787}, "geometry": {"type": "Polygon", "coordinates": [[[-76.545, 3.445], [-76.54, 3.445], [-76.54, 3.45], [-76.545, 3.45], [-76.545, 3.445]]]}}, {"type": "Feature", "properties": {"value": 9.2088, "sigma": 7.6787}, "geometry": {"type": "Polygon", "coordinates": [[[-76.54, 3.445], [-76.535, 3.445], [-76.535, 3.45], [-76.54, 3.45], [-76.54, 3.445]]]}}, {"type": "Feature", "properties": {"value": 9.291, "sigma": 7.6787}, "geometry": {"type": "Polygon", "coordinates": [[[-76.535, 3.445], [-76.53, 3.445], [-76.53, 3.45], [-76.535, 3.45], [-76.535, 3.445]]]}}, {"type": "Feature", "properties": {"value": 9.3875, "sigma": 7.6787}, "geometry": {"type": "Polygon", "coordinates": [[[-76.53, 3.445], [-76.525, 3.445], [-76.525, 3.45], [-76.53, 3.45], [-76.53, 3.445]]]}}, {"type": "Feature", "properties": {"value": 9.4822, "sigma": 7.6787}, "geometry": {"type": "Polygon", "coordinates": [[[-76.525, 3.445], [-76.52, 3.445], [-76.52, 3.45], [-76.525, 3.45], [-76.525, 3.445]]]}}, {"type": "Feature", "properties": {"value": 9.5535, "sigma": 7.6787}, "geometry": {"type": "Polygon", "coordinates": [[[-76.52, 3.445], [-76.515, 3.445], [-76.515, 3.45], [-76.52, 3.45], [-76.52, 3.445]]]}}, {"type": "Feature", "properties": {"value": 9.5895, "sigma": 7.6787}, "geometry": {"type": "Polygon", "coordinates": [[[-76.515, 3.445], [-76.51, 3.445], [-76.51, 3.45], [-76.515, 3.45], [-76.515, 3.445]]]}}, {"type": "Feature", "properties": {"value": 9.6012, "sigma": 7.6787}, "geometry": {"type": "Polygon", "coordinates": [[[-76.51, 3.445], [-76.505, 3.445], [-76.505, 3.45], [-76.51, 3.45], [-76.51, 3.445]]]}}, {"type": "Feature", "properties": {"value": 9.5993, "sigma": 7.6787}, "geometry": {"type": "Polygon", "coordinates": [[[-76.505, 3.445], [-76.5, 3.445], [-76.5, 3.45], [-76.505, 3.45], [-76.505, 3.445]]]}}, {"type": "Feature", "properties": {"value": 9.5811, "sigma": 7.6787}, "geometry": {"type": "Polygon", "coordinates": [[[-76.5, 3.445], [-76.495, 3.445], [-76.495, 3.45], [-76.5, 3.45], [-76.5, 3.445]]]}}, {"type": "Feature", "properties": {"value": 9.5502, "sigma": 7.6787}, "geometry": {"type": "Polygon", "coordinates": [[[-76.495, 3.445], [-76.49, 3.445], [-76.49, 3.45], [-76.495, 3.45], [-76.495, 3.445]]]}}, {"type": "Feature", "properties": {"value": 9.4896, "sigma": 7.6787}, "geometry": {"type": "Polygon", "coordinates": [[[-76.49, 3.445], [-76.485, 3.445], [-76.485, 3.45], [-76.49, 3.45], [-76.49, 3.445]]]}}, {"type": "Feature", "properties": {"value": 9.3477, "sigma": 7.6787}, "geometry": {"type": "Polygon", "coordinates": [[[-76.485, 3.445], [-76.48, 3.445], [-76.48, 3.45], [-76.485, 3.45], [-76.485, 3.445]]]}}, {"type": "Feature", "properties": {"value": 9.1017, "sigma": 7.6787}, "geometry": {"type": "Polygon", "coordinates": [[[-76.48, 3.445], [-76.475, 3.445], [-76.475, 3.45], [-76.48, 3.45], [-76.48, 3.445]]]}}, {"type": "Feature", "properties": {"value": 8.7755, "sigma": 7.6787}, "geometry": {"type": "Polygon", "coordinates": [[[-76.475, 3.445], [-76.47, 3.445], [-76.47, 3.45], [-76.475, 3.45], [-76.475, 3.445]]]}}, {"type": "Feature", "properties": {"value": 8.3906, "sigma": 7.6787}, "geometry": {"type": "Polygon", "coordinates": [[[-76.47, 3.445], [-76.465, 3.445], [-76.465, 3.45], [-76.47, 3.45], [-76.47, 3.445]]]}}, {"type": "Feature", "properties": {"value": 7.9658, "sigma": 7.6787}, "geometry": {"type": "Polygon", "coordinates": [[[-76.465, 3.445], [-76.46, 3.445], [-76.46, 3.45], [-76.465, 3.45], [-76.465, 3.445]]]}}, {"type": "Feature", "properties": {"value": 7.6162, "sigma": 7.6787}, "geometry": {"type": "Polygon", "coordinates": [[[-76.46, 3.445], [-76.455, 3.445], [-76.455, 3.45], [-76.46, 3.45], [-76.46, 3.445]]]}}, {"type": "Feature", "properties": {"value": 7.5973, "sigma": 7.6787}, "geometry": {"type": "Polygon", "coordinates": [[[-76.455, 3.445], [-76.45, 3.445], [-76.45, 3.45], [-76.455, 3.45], [-76.455, 3.445]]]}}, {"type": "Feature", "properties": {"value": 7.9268, "sigma": 7.6787}, "geometry": {"type": "Polygon", "coordinates": [[[-76.45, 3.445], [-76.445, 3.445], [-76.445, 3.45], [-76.45, 3.45], [-76.45, 3.445]]]}}, {"type": "Feature", "properties": {"value": 8.2962, "sigma": 7.6787}, "geometry": {"type": "Polygon", "coordinates": [[[-76.445, 3.445], [-76.44, 3.445], [-76.44, 3.45], [-76.445, 3.45], [-76.445, 3.445]]]}}, {"type": "Feature", "properties": {"value": 8.538, "sigma": 7.6787}, "geometry": {"type": "Polygon", "coordinates": [[[-76.44, 3.445], [-76.435, 3.445], [-76.435, 3.45], [-76.44, 3.45], [-76.44, 3.445]]]}}, {"type": "Feature", "properties": {"value": 8.6605, "sigma": 7.6787}, "geometry": {"type": "Polygon", "coordinates": [[[-76.435, 3.445], [-76.43, 3.445], [-76.43, 3.45], [-76.435, 3.45], [-76.435, 3.445]]]}}, {"type": "Feature", "properties": {"value": 8.71, "sigma": 7.6787}, "geometry": {"type": "Polygon", "coordinates": [[[-76.43, 3.445], [-76.425, 3.445], [-76.425, 3.45], [-76.43, 3.45], [-76.43, 3.445]]]}}, {"type": "Feature", "properties": {"value": 8.7231, "sigma": 7.6787}, "geometry": {"type": "Polygon", "coordinates": [[[-76.425, 3.445], [-76.42, 3.445], [-76.42, 3.45], [-76.425, 3.45], [-76.425, 3.445]]]}}, {"type": "Feature", "properties": {"value": 8.7216, "sigma": 7.6787}, "geometry": {"type": "Polygon", "coordinates": [[[-76.42, 3.445], [-76.415, 3.445], [-76.415, 3.45], [-76.42, 3.45], [-76.42, 3.445]]]}}, {"type": "Feature", "properties": {"value": 8.7159, "sigma": 7.6787}, "geometry": {"type": "Polygon", "coordinates": [[[-76.415, 3.445], [-76.41, 3.445], [-76.41, 3.45], [-76.415, 3.45], [-76.415, 3.445]]]}}, {"type": "Feature", "properties": {"value": 8.709, "sigma": 7.6787}, "geometry": {"type": "Polygon", "coordinates": [[[-76.41, 3.445], [-76.405, 3.445], [-76.405, 3.45], [-76.41, 3.45], [-76.41, 3.445]]]}}, {"type": "Feature", "properties": {"value": 8.7002, "sigma": 7.6787}, "geometry": {"type": "Polygon", "coordinates": [[[-76.405, 3.445], [-76.4, 3.445], [-76.4, 3.45], [-76.405, 3.45], [-76.405, 3.445]]]}}, {"type": "Feature", "properties": {"value": 9.4022, "sigma": 7.6787}, "geometry": {"type": "Polygon", "coordinates": [[[-76.6, 3.45], [-76.595, 3.45], [-76.595, 3.455], [-76.6, 3.455], [-76.6, 3.45]]]}}, {"type": "Feature", "properties": {"value": 9.3987, "sigma": 7.6787}, "geometry": {"type": "Polygon", "coordinates": [[[-76.595, 3.45], [-76.59, 3.45], [-76.59, 3.455], [-76.595, 3.455], [-76.595, 3.45]]]}}, {"type": "Feature", "properties": {"value": 9.3857, "sigma": 7.6787}, "geometry": {"type": "Polygon", "coordinates": [[[-76.59, 3.45], [-76.585, 3.45], [-76.585, 3.455], [-76.59, 3.455], [-76.59, 3.45]]]}}, {"type": "Feature", "properties": {"value": 9.3633, "sigma": 7.6787}, "geometry": {"type": "Polygon", "coordinates": [[[-76.585, 3.45], [-76.58, 3.45], [-76.58, 3.455], [-76.585, 3.455], [-76.585, 3.45]]]}}, {"type": "Feature", "properties": {"value": 9.3329, "sigma": 7.6787}, "geometry": {"type": "Polygon", "coordinates": [[[-76.58, 3.45], [-76.575, 3.45], [-76.575, 3.455], [-76.58, 3.455], [-76.58, 3.45]]]}}, {"type": "Feature", "properties": {"value": 9.2968, "sigma": 7.6787}, "geometry": {"type": "Polygon", "coordinates": [[[-76.575, 3.45], [-76.57, 3.45], [-76.57, 3.455], [-76.575, 3.455], [-76.575, 3.45]]]}}, {"type": "Feature", "properties": {"value": 9.2584, "sigma": 7.6787}, "geometry": {"type": "Polygon", "coordinates": [[[-76.57, 3.45], [-76.565, 3.45], [-76.565, 3.455], [-76.57, 3.455], [-76.57, 3.45]]]}}, {"type": "Feature", "properties": {"value": 9.2218, "sigma": 7.6787}, "geometry": {"type": "Polygon", "coordinates": [[[-76.565, 3.45], [-76.56, 3.45], [-76.56, 3.455], [-76.565, 3.455], [-76.565, 3.45]]]}}, {"type": "Feature", "properties": {"value": 9.1917, "sigma": 7.6787}, "geometry": {"type": "Polygon", "coordinates": [[[-76.56, 3.45], [-76.555, 3.45], [-76.555, 3.455], [-76.56, 3.455], [-76.56, 3.45]]]}}, {"type": "Feature", "properties": {"value": 9.1726, "sigma": 7.6787}, "geometry": {"type": "Polygon", "coordinates": [[[-76.555, 3.45], [-76.55, 3.45], [-76.55, 3.455], [-76.555, 3.455], [-76.555, 3.45]]]}}, {"type": "Feature", "properties": {"value": 9.1689, "sigma": 7.6787}, "geometry": {"type": "Polygon", "coordinates": [[[-76.55, 3.45], [-76.545, 3.45], [-76.545, 3.455], [-76.55, 3.455], [-76.55, 3.45]]]}}, {"type": "Feature", "properties": {"value": 9.1839, "sigma": 7.6787}, "geometry": {"type": "Polygon", "coordinates": [[[-76.545, 3.45], [-76.54, 3.45], [-76.54, 3.455], [-76.545, 3.455], [-76.545, 3.45]]]}}, {"type": "Feature", "properties": {"value": 9.2195, "sigma": 7.6787}, "geometry": {"type": "Polygon", "coordinates": [[[-76.54, 3.45], [-76.535, 3.45], [-76.535, 3.455], [-76.54, 3.455], [-76.54, 3.45]]]}}, {"type": "Feature", "properties": {"value": 9.274, "sigma": 7.6787}, "geometry": {"type": "Polygon", "coordinates": [[[-76.535, 3.45], [-76.53, 3.45], [-76.53, 3.455], [-76.535, 3.455], [-76.535, 3.45]]]}}, {"type": "Feature", "properties": {"value": 9.3411, "sigma": 7.6787}, "geometry": {"type": "Polygon", "coordinates": [[[-76.53, 3.45], [-76.525, 3.45], [-76.525, 3.455], [-76.53, 3.455], [-76.53, 3.45]]]}}, {"type": "Feature", "properties": {"value": 9.4094, "sigma": 7.6787}, "geometry": {"type": "Polygon", "coordinates": [[[-76.525, 3.45], [-76.52, 3.45], [-76.52, 3.455], [-76.525, 3.455], [-76.525, 3.45]]]}}, {"type": "Feature", "properties": {"value": 9.4653, "sigma": 7.6787}, "geometry": {"type": "Polygon", "coordinates": [[[-76.52, 3.45], [-76.515, 3.45], [-76.515, 3.455], [-76.52, 3.455], [-76.52, 3.45]]]}}, {"type": "Feature", "properties": {"value": 9.5013, "sigma": 7.6787}, "geometry": {"type": "Polygon", "coordinates": [[[-76.515, 3.45], [-76.51, 3.45], [-76.51, 3.455], [-76.515, 3.455], [-76.515, 3.45]]]}}, {"type": "Feature", "properties": {"value": 9.524, "sigma": 7.6787}, "geometry": {"type": "Polygon", "coordinates": [[[-76.51, 3.45], [-76.505, 3.45], [-76.505, 3.455], [-76.51, 3.455], [-76.51, 3.45]]]}}, {"type": "Feature", "properties": {"value": 9.5526, "sigma": 7.6787}, "geometry": {"type": "Polygon", "coordinates": [[[-76.505, 3.45], [-76.5, 3.45], [-76.5, 3.455], [-76.505, 3.455], [-76.505, 3.45]]]}}, {"type": "Feature", "properties": {"value": 9.614, "sigma": 7.6787}, "geometry": {"type": "Polygon", "coordinates": [[[-76.5, 3.45], [-76.495, 3.45], [-76.495, 3.455], [-76.5, 3.455], [-76.5, 3.45]]]}}, {"type": "Feature", "properties": {"value": 9.7187, "sigma": 7.6787}, "geometry": {"type": "Polygon", "coordinates": [[[-76.495, 3.45], [-76.49, 3.45], [-76.49, 3.455], [-76.495, 3.455], [-76.495, 3.45]]]}}, {"type": "Feature", "properties": {"value": 9.7859, "sigma": 7.6787}, "geometry": {"type": "Polygon", "coordinates": [[[-76.49, 3.45], [-76.485, 3.45], [-76.485, 3.455], [-76.49, 3.455], [-76.49, 3.45]]]}}, {"type": "Feature", "properties": {"value": 9.6589, "sigma": 7.6787}, "geometry": {"type": "Polygon", "coordinates": [[[-76.485, 3.45], [-76.48, 3.45], [-76.48, 3.455], [-76.485, 3.455], [-76.485, 3.45]]]}}, {"type": "Feature", "properties": {"value": 9.3092, "sigma": 7.6787}, "geometry": {"type": "Polygon", "coordinates": [[[-76.48, 3.45], [-76.475, 3.45], [-76.475, 3.455], [-76.48, 3.455], [-76.48, 3.45]]]}}, {"type": "Feature", "properties": {"value": 8.8199, "sigma": 7.6787}, "geometry": {"type": "Polygon", "coordinates": [[[-76.475, 3.45], [-76.47, 3.45], [-76.47, 3.455], [-76.475, 3.455], [-76.475, 3.45]]]}}, {"type": "Feature", "properties": {"value": 8.208, "sigma": 7.6787}, "geometry": {"type": "Polygon", "coordinates": [[[-76.47, 3.45], [-76.465, 3.45], [-76.465, 3.455], [-76.47, 3.455], [-76.47, 3.45]]]}}, {"type": "Feature", "properties": {"value": 7.4319, "sigma": 7.6787}, "geometry": {"type": "Polygon", "coordinates": [[[-76.465, 3.45], [-76.46, 3.45], [-76.46, 3.455], [-76.465, 3.455], [-76.465, 3.45]]]}}, {"type": "Feature", "properties": {"value": 6.6577, "sigma": 7.6787}, "geometry": {"type": "Polygon", "coordinates": [[[-76.46, 3.45], [-76.455, 3.45], [-76.455, 3.455], [-76.46, 3.455], [-76.46, 3.45]]]}}, {"type": "Feature", "properties": {"value": 6.564, "sigma": 7.6787}, "geometry": {"type": "Polygon", "coordinates": [[[-76.455, 3.45], [-76.45, 3.45], [-76.45, 3.455], [-76.455, 3.455], [-76.455, 3.45]]]}}, {"type": "Feature", "properties": {"value": 7.2985, "sigma": 7.6787}, "geometry": {"type": "Polygon", "coordinates": [[[-76.45, 3.45], [-76.445, 3.45], [-76.445, 3.455], [-76.45, 3.455], [-76.45, 3.45]]]}}, {"type": "Feature", "properties": {"value": 8.067, "sigma": 7.6787}, "geometry": {"type": "Polygon", "coordinates": [[[-76.445, 3.45], [-76.44, 3.45], [-76.44, 3.455], [-76.445, 3.455], [-76.445, 3.45]]]}}, {"type": "Feature", "properties": {"value": 8.5273, "sigma": 7.6787}, "geometry": {"type": "Polygon", "coordinates": [[[-76.44, 3.45], [-76.435, 3.45], [-76.435, 3.455], [-76.44, 3.455], [-76.44, 3.45]]]}}, {"type": "Feature", "properties": {"value": 8.7458, "sigma": 7.6787}, "geometry": {"type": "Polygon", "coordinates": [[[-76.435, 3.45], [-76.43, 3.45], [-76.43, 3.455], [-76.435, 3.455], [-76.435, 3.45]]]}}, {"type": "Feature", "properties": {"value": 8.8339, "sigma": 7.6787}, "geometry": {"type": "Polygon", "coordinates": [[[-76.43, 3.45], [-76.425, 3.45], [-76.425, 3.455], [-76.43, 3.455], [-76.43, 3.45]]]}}, {"type": "Feature", "properties": {"value": 8.8642, "sigma": 7.6787}, "geometry": {"type": "Polygon", "coordinates": [[[-76.425, 3.45], [-76.42, 3.45], [-76.42, 3.455], [-76.425, 3.455], [-76.425, 3.45]]]}}, {"type": "Feature", "properties": {"value": 8.874, "sigma": 7.6787}, "geometry": {"type": "Polygon", "coordinates": [[[-76.42, 3.45], [-76.415, 3.45], [-76.415, 3.455], [-76.42, 3.455], [-76.42, 3.45]]]}}, {"type": "Feature", "properties": {"value": 8.8776, "sigma": 7.6787}, "geometry": {"type": "Polygon", "coordinates": [[[-76.415, 3.45], [-76.41, 3.45], [-76.41, 3.455], [-76.415, 3.455], [-76.415, 3.45]]]}}, {"type": "Feature", "properties": {"value": 8.8779, "sigma": 7.6787}, "geometry": {"type": "Polygon", "coordinates": [[[-76.41, 3.45], [-76.405, 3.45], [-76.405, 3.455], [-76.41, 3.455], [-76.41, 3.45]]]}}, {"type": "Feature", "properties": {"value": 8.8723, "sigma": 7.6787}, "geometry": {"type": "Polygon", "coordinates": [[[-76.405, 3.45], [-76.4, 3.45], [-76.4, 3.455], [-76.405, 3.455], [-76.405, 3.45]]]}}, {"type": "Feature", "properties": {"value": 9.575, "sigma": 7.6787}, "geometry": {"type": "Polygon", "coordinates": [[[-76.6, 3.455], [-76.595, 3.455], [-76.595, 3.46], [-76.6, 3.46], [-76.6, 3.455]]]}}, {"type": "Feature", "properties": {"value": 9.5781, "sigma": 7.6787}, "geometry": {"type": "Polygon", "coordinates": [[[-76.595, 3.455], [-76.59, 3.455], [-76.59, 3.46], [-76.595, 3.46], [-76.595, 3.455]]]}}, {"type": "Feature", "properties": {"value": 9.5683, "sigma": 7.6787}, "geometry": {"type": "Polygon", "coordinates": [[[-76.59, 3.455], [-76.585, 3.455], [-76.585, 3.46], [-76.59, 3.46], [-76.59, 3.455]]]}}, {"type": "Feature", "properties": {"value": 9.5449, "sigma": 7.6787}, "geometry": {"type": "Polygon", "coordinates": [[[-76.585, 3.455], [-76.58, 3.455], [-76.58, 3.46], [-76.585, 3.46], [-76.585, 3.455]]]}}, {"type": "Feature", "properties": {"value": 9.5088, "sigma": 7.6787}, "geometry": {"type": "Polygon", "coordinates": [[[-76.58, 3.455], [-76.575, 3.455], [-76.575, 3.46], [-76.58, 3.46], [-76.58, 3.455]]]}}, {"type": "Feature", "properties": {"value": 9.462, "sigma": 7.6787}, "geometry": {"type": "Polygon", "coordinates": [[[-76.575, 3.455], [-76.57, 3.455], [-76.57, 3.46], [-76.575, 3.46], [-76.575, 3.455]]]}}, {"type": "Feature", "properties": {"value": 9.4084, "sigma": 7.6787}, "geometry": {"type": "Polygon", "coordinates": [[[-76.57, 3.455], [-76.565, 3.455], [-76.565, 3.46], [-76.57, 3.46], [-76.57, 3.455]]]}}, {"type": "Feature", "properties": {"value": 9.3528, "sigma": 7.6787}, "geometry": {"type": "Polygon", "coordinates": [[[-76.565, 3.455], [-76.56, 3.455], [-76.56, 3.46], [-76.565, 3.46], [-76.565, 3.455]]]}}, {"type": "Feature", "properties": {"value": 9.3008, "sigma": 7.6787}, "geometry": {"type": "Polygon", "coordinates": [[[-76.56, 3.455], [-76.555, 3.455], [-76.555, 3.46], [-76.56, 3.46], [-76.56, 3.455]]]}}, {"type": "Feature", "properties": {"value": 9.2579, "sigma": 7.6787}, "geometry": {"type": "Polygon", "coordinates": [[[-76.555, 3.455], [-76.55, 3.455], [-76.55, 3.46], [-76.555, 3.46], [-76.555, 3.455]]]}}, {"type": "Feature", "properties": {"value": 9.2292, "sigma": 7.6787}, "geometry": {"type": "Polygon", "coordinates": [[[-76.55, 3.455], [-76.545, 3.455], [-76.545, 3.46], [-76.55, 3.46], [-76.55, 3.455]]]}}, {"type": "Feature", "properties": {"value": 9.2183, "sigma": 7.6787}, "geometry": {"type": "Polygon", "coordinates": [[[-76.545, 3.455], [-76.54, 3.455], [-76.54, 3.46], [-76.545, 3.46], [-76.545, 3.455]]]}}, {"type": "Feature", "properties": {"value": 9.2272, "sigma": 7.6787}, "geometry": {"type": "Polygon", "coordinates": [[[-76.54, 3.455], [-76.535, 3.455], [-76.535, 3.46], [-76.54, 3.46], [-76.54, 3.455]]]}}, {"type": "Feature", "properties": {"value": 9.2545, "sigma": 7.6787}, "geometry": {"type": "Polygon", "coordinates": [[[-76.535, 3.455], [-76.53, 3.455], [-76.53, 3.46], [-76.535, 3.46], [-76.535, 3.455]]]}}, {"type": "Feature", "properties": {"value": 9.2956, "sigma": 7.6787}, "geometry": {"type": "Polygon", "coordinates": [[[-76.53, 3.455], [-76.525, 3.455], [-76.525, 3.46], [-76.53, 3.46], [-76.53, 3.455]]]}}, {"type": "Feature", "properties": {"value": 9.3425, "sigma": 7.6787}, "geometry": {"type": "Polygon", "coordinates": [[[-76.525, 3.455], [-76.52, 3.455], [-76.52, 3.46], [-76.525, 3.46], [-76.525, 3.455]]]}}, {"type": "Feature", "properties": {"value": 9.3872, "sigma": 7.6787}, "geometry": {"type": "Polygon", "coordinates": [[[-76.52, 3.455], [-76.515, 3.455], [-76.515, 3.46], [-76.52, 3.46], [-76.52, 3.455]]]}}, {"type": "Feature", "properties": {"value": 9.4275, "sigma": 7.6787}, "geometry": {"type": "Polygon", "coordinates": [[[-76.515, 3.455], [-76.51, 3.455], [-76.51, 3.46], [-76.515, 3.46], [-76.515, 3.455]]]}}, {"type": "Feature", "properties": {"value": 9.4735, "sigma": 7.6787}, "geometry": {"type": "Polygon", "coordinates": [[[-76.51, 3.455], [-76.505, 3.455], [-76.505, 3.46], [-76.51, 3.46], [-76.51, 3.455]]]}}, {"type": "Feature", "properties": {"value": 9.554, "sigma": 7.6787}, "geometry": {"type": "Polygon", "coordinates": [[[-76.505, 3.455], [-76.5, 3.455], [-76.5, 3.46], [-76.505, 3.46], [-76.505, 3.455]]]}}, {"type": "Feature", "properties": {"value": 9.7172, "sigma": 7.6787}, "geometry": {"type": "Polygon", "coordinates": [[[-76.5, 3.455], [-76.495, 3.455], [-76.495, 3.46], [-76.5, 3.46], [-76.5, 3.455]]]}}, {"type": "Feature", "properties": {"value": 9.9917, "sigma": 7.6787}, "geometry": {"type": "Polygon", "coordinates": [[[-76.495, 3.455], [-76.49, 3.455], [-76.49, 3.46], [-76.495, 3.46], [-76.495, 3.455]]]}}, {"type": "Feature", "properties": {"value": 10.228, "sigma": 7.6787}, "geometry": {"type": "Polygon", "coordinates": [[[-76.49, 3.455], [-76.485, 3.455], [-76.485, 3.46], [-76.49, 3.46], [-76.49, 3.455]]]}}, {"type": "Feature", "properties": {"value": 10.0944, "sigma": 7.6787}, "geometry": {"type": "Polygon", "coordinates": [[[-76.485, 3.455], [-76.48, 3.455], [-76.48, 3.46], [-76.485, 3.46], [-76.485, 3.455]]]}}, {"type": "Feature", "properties": {"value": 9.5901, "sigma": 7.6787}, "geometry": {"type": "Polygon", "coordinates": [[[-76.48, 3.455], [-76.475, 3.455], [-76.475, 3.46], [-76.48, 3.46], [-76.48, 3.455]]]}}, {"type": "Feature", "properties": {"value": 8.9416, "sigma": 7.6787}, "geometry": {"type": "Polygon", "coordinates": [[[-76.475, 3.455], [-76.47, 3.455], [-76.47, 3.46], [-76.475, 3.46], [-76.475, 3.455]]]}}, {"type": "Feature", "properties": {"value": 8.1803, "sigma": 7.6787}, "geometry": {"type": "Polygon", "coordinates": [[[-76.47, 3.455], [-76.465, 3.455], [-76.465, 3.46], [-76.47, 3.46], [-76.47, 3.455]]]}}, {"type": "Feature", "properties": {"value": 7.2071, "sigma": 7.6787}, "geometry": {"type": "Polygon", "coordinates": [[[-76.465, 3.455], [-76.46, 3.455], [-76.46, 3.46], [-76.465, 3.46], [-76.465, 3.455]]]}}, {"type": "Feature", "properties": {"value": 6.1681, "sigma": 7.6787}, "geometry": {"type": "Polygon", "coordinates": [[[-76.46, 3.455], [-76.455, 3.455], [-76.455, 3.46], [-76.46, 3.46], [-76.46, 3.455]]]}}, {"type": "Feature", "properties": {"value": 6.0222, "sigma": 7.6787}, "geometry": {"type": "Polygon", "coordinates": [[[-76.455, 3.455], [-76.45, 3.455], [-76.45, 3.46], [-76.455, 3.46], [-76.455, 3.455]]]}}, {"type": "Feature", "properties": {"value": 7.1318, "sigma": 7.6787}, "geometry": {"type": "Polygon", "coordinates": [[[-76.45, 3.455], [-76.445, 3.455], [-76.445, 3.46], [-76.45, 3.46], [-76.45, 3.455]]]}}, {"type": "Feature", "properties": {"value": 8.2293, "sigma": 7.6787}, "geometry": {"type": "Polygon", "coordinates": [[[-76.445, 3.455], [-76.44, 3.455], [-76.44, 3.46], [-76.445, 3.46], [-76.445, 3.455]]]}}, {"type": "Feature", "properties": {"value": 8.7864, "sigma": 7.6787}, "geometry": {"type": "Polygon", "coordinates": [[[-76.44, 3.455], [-76.435, 3.455], [-76.435, 3.46], [-76.44, 3.46], [-76.44, 3.455]]]}}, {"type": "Feature", "properties": {"value": 8.9862, "sigma": 7.6787}, "geometry": {"type": "Polygon", "coordinates": [[[-76.435, 3.455], [-76.43, 3.455], [-76.43, 3.46], [-76.435, 3.46], [-76.435, 3.455]]]}}, {"type": "Feature", "properties": {"value": 9.0382, "sigma": 7.6787}, "geometry": {"type": "Polygon", "coordinates": [[[-76.43, 3.455], [-76.425, 3.455], [-76.425, 3.46], [-76.43, 3.46], [-76.43, 3.455]]]}}, {"type": "Feature", "properties": {"value": 9.0485, "sigma": 7.6787}, "geometry": {"type": "Polygon", "coordinates": [[[-76.425, 3.455], [-76.42, 3.455], [-76.42, 3.46], [-76.425, 3.46], [-76.425, 3.455]]]}}, {"type": "Feature", "properties": {"value": 9.0555, "sigma": 7.6787}, "geometry": {"type": "Polygon", "coordinates": [[[-76.42, 3.455], [-76.415, 3.455], [-76.415, 3.46], [-76.42, 3.46], [-76.42, 3.455]]]}}, {"type": "Feature", "properties": {"value": 9.0666, "sigma": 7.6787}, "geometry": {"type": "Polygon", "coordinates": [[[-76.415, 3.455], [-76.41, 3.455], [-76.41, 3.46], [-76.415, 3.46], [-76.415, 3.455]]]}}, {"type": "Feature", "properties": {"value": 9.0761, "sigma": 7.6787}, "geometry": {"type": "Polygon", "coordinates": [[[-76.41, 3.455], [-76.405, 3.455], [-76.405, 3.46], [-76.41, 3.46], [-76.41, 3.455]]]}}, {"type": "Feature", "properties": {"value": 9.0754, "sigma": 7.6787}, "geometry": {"type": "Polygon", "coordinates": [[[-76.405, 3.455], [-76.4, 3.455], [-76.4, 3.46], [-76.405, 3.46], [-76.405, 3.455]]]}}, {"type": "Feature", "properties": {"value": 9.7794, "sigma": 7.6787}, "geometry": {"type": "Polygon", "coordinates": [[[-76.6, 3.46], [-76.595, 3.46], [-76.595, 3.465], [-76.6, 3.465], [-76.6, 3.46]]]}}, {"type": "Feature", "properties": {"value": 9.7932, "sigma": 7.6787}, "geometry": {"type": "Polygon", "coordinates": [[[-76.595, 3.46], [-76.59, 3.46], [-76.59, 3.465], [-76.595, 3.465], [-76.595, 3.46]]]}}, {"type": "Feature", "properties": {"value": 9.7898, "sigma": 7.6787}, "geometry": {"type": "Polygon", "coordinates": [[[-76.59, 3.46], [-76.585, 3.46], [-76.585, 3.465], [-76.59, 3.465], [-76.59, 3.46]]]}}, {"type": "Feature", "properties": {"value": 9.7671, "sigma": 7.6787}, "geometry": {"type": "Polygon", "coordinates": [[[-76.585, 3.46], [-76.58, 3.46], [-76.58, 3.465], [-76.585, 3.465], [-76.585, 3.46]]]}}, {"type": "Feature", "properties": {"value": 9.725, "sigma": 7.6787}, "geometry": {"type": "Polygon", "coordinates": [[[-76.58, 3.46], [-76.575, 3.46], [-76.575, 3.465], [-76.58, 3.465], [-76.58, 3.46]]]}}, {"type": "Feature", "properties": {"value": 9.6652, "sigma": 7.6787}, "geometry": {"type": "Polygon", "coordinates": [[[-76.575, 3.46], [-76.57, 3.46], [-76.57, 3.465], [-76.575, 3.465], [-76.575, 3.46]]]}}, {"type": "Feature", "properties": {"value": 9.5919, "sigma": 7.6787}, "geometry": {"type": "Polygon", "coordinates": [[[-76.57, 3.46], [-76.565, 3.46], [-76.565, 3.465], [-76.57, 3.465], [-76.57, 3.46]]]}}, {"type": "Feature", "properties": {"value": 9.5112, "sigma": 7.6787}, "geometry": {"type": "Polygon", "coordinates": [[[-76.565, 3.46], [-76.56, 3.46], [-76.56, 3.465], [-76.565, 3.465], [-76.565, 3.46]]]}}, {"type": "Feature", "properties": {"value": 9.4304, "sigma": 7.6787}, "geometry": {"type": "Polygon", "coordinates": [[[-76.56, 3.46], [-76.555, 3.46], [-76.555, 3.465], [-76.56, 3.465], [-76.56, 3.46]]]}}, {"type": "Feature", "properties": {"value": 9.3566, "sigma": 7.6787}, "geometry": {"type": "Polygon", "coordinates": [[[-76.555, 3.46], [-76.55, 3.46], [-76.55, 3.465], [-76.555, 3.465], [-76.555, 3.46]]]}}, {"type": "Feature", "properties": {"value": 9.2966, "sigma": 7.6787}, "geometry": {"type": "Polygon", "coordinates": [[[-76.55, 3.46], [-76.545, 3.46], [-76.545, 3.465], [-76.55, 3.465], [-76.55, 3.46]]]}}, {"type": "Feature", "properties": {"value": 9.2552, "sigma": 7.6787}, "geometry": {"type": "Polygon", "coordinates": [[[-76.545, 3.46], [-76.54, 3.46], [-76.54, 3.465], [-76.545, 3.465], [-76.545, 3.46]]]}}, {"type": "Feature", "properties": {"value": 9.2348, "sigma": 7.6787}, "geometry": {"type": "Polygon", "coordinates": [[[-76.54, 3.46], [-76.535, 3.46], [-76.535, 3.465], [-76.54, 3.465], [-76.54, 3.46]]]}}, {"type": "Feature", "properties": {"value": 9.2352, "sigma": 7.6787}, "geometry": {"type": "Polygon", "coordinates": [[[-76.535, 3.46], [-76.53, 3.46], [-76.53, 3.465], [-76.535, 3.465], [-76.535, 3.46]]]}}, {"type": "Feature", "properties": {"value": 9.2531, "sigma": 7.6787}, "geometry": {"type": "Polygon", "coordinates": [[[-76.53, 3.46], [-76.525, 3.46], [-76.525, 3.465], [-76.53, 3.465], [-76.53, 3.46]]]}}, {"type": "Feature", "properties": {"value": 9.2832, "sigma": 7.6787}, "geometry": {"type": "Polygon", "coordinates": [[[-76.525, 3.46], [-76.52, 3.46], [-76.52, 3.465], [-76.525, 3.465], [-76.525, 3.46]]]}}, {"type": "Feature", "properties": {"value": 9.3211, "sigma": 7.6787}, "geometry": {"type": "Polygon", "coordinates": [[[-76.52, 3.46], [-76.515, 3.46], [-76.515, 3.465], [-76.52, 3.465], [-76.52, 3.46]]]}}, {"type": "Feature", "properties": {"value": 9.3678, "sigma": 7.6787}, "geometry": {"type": "Polygon", "coordinates": [[[-76.515, 3.46], [-76.51, 3.46], [-76.51, 3.465], [-76.515, 3.465], [-76.515, 3.46]]]}}, {"type": "Feature", "properties": {"value": 9.4359, "sigma": 7.6787}, "geometry": {"type": "Polygon", "coordinates": [[[-76.51, 3.46], [-76.505, 3.46], [-76.505, 3.465], [-76.51, 3.465], [-76.51, 3.46]]]}}, {"type": "Feature", "properties": {"value": 9.5559, "sigma": 7.6787}, "geometry": {"type": "Polygon", "coordinates": [[[-76.505, 3.46], [-76.5, 3.46], [-76.5, 3.465], [-76.505, 3.465], [-76.505, 3.46]]]}}, {"type": "Feature", "properties": {"value": 9.7786, "sigma": 7.6787}, "geometry": {"type": "Polygon", "coordinates": [[[-76.5, 3.46], [-76.495, 3.46], [-76.495, 3.465], [-76.5, 3.465], [-76.5, 3.46]]]}}, {"type": "Feature", "properties": {"value": 10.132, "sigma": 7.6787}, "geometry": {"type": "Polygon", "coordinates": [[[-76.495, 3.46], [-76.49, 3.46], [-76.49, 3.465], [-76.495, 3.465], [-76.495, 3.46]]]}}, {"type": "Feature", "properties": {"value": 10.4408, "sigma": 7.6787}, "geometry": {"type": "Polygon", "coordinates": [[[-76.49, 3.46], [-76.485, 3.46], [-76.485, 3.465], [-76.49, 3.465], [-76.49, 3.46]]]}}, {"type": "Feature", "properties": {"value": 10.3066, "sigma": 7.6787}, "geometry": {"type": "Polygon", "coordinates": [[[-76.485, 3.46], [-76.48, 3.46], [-76.48, 3.465], [-76.485, 3.465], [-76.485, 3.46]]]}}, {"type": "Feature", "properties": {"value": 9.7498, "sigma": 7.6787}, "geometry": {"type": "Polygon", "coordinates": [[[-76.48, 3.46], [-76.475, 3.46], [-76.475, 3.465], [-76.48, 3.465], [-76.48, 3.46]]]}}, {"type": "Feature", "properties": {"value": 9.0809, "sigma": 7.6787}, "geometry": {"type": "Polygon", "coordinates": [[[-76.475, 3.46], [-76.47, 3.46], [-76.47, 3.465], [-76.475, 3.465], [-76.475, 3.46]]]}}, {"type": "Feature", "properties": {"value": 8.3709, "sigma": 7.6787}, "geometry": {"type": "Polygon", "coordinates": [[[-76.47, 3.46], [-76.465, 3.46], [-76.465, 3.465], [-76.47, 3.465], [-76.47, 3.46]]]}}, {"type": "Feature", "properties": {"value": 7.5721, "sigma": 7.6787}, "geometry": {"type": "Polygon", "coordinates": [[[-76.465, 3.46], [-76.46, 3.46], [-76.46, 3.465], [-76.465, 3.465], [-76.465, 3.46]]]}}, {"type": "Feature", "properties": {"value": 6.842, "sigma": 7.6787}, "geometry": {"type": "Polygon", "coordinates": [[[-76.46, 3.46], [-76.455, 3.46], [-76.455, 3.465], [-76.46, 3.465], [-76.46, 3.46]]]}}, {"type": "Feature", "properties": {"value": 6.8551, "sigma": 7.6787}, "geometry": {"type": "Polygon", "coordinates": [[[-76.455, 3.46], [-76.45, 3.46], [-76.45, 3.465], [-76.455, 3.465], [-76.455, 3.46]]]}}, {"type": "Feature", "properties": {"value": 7.9397, "sigma": 7.6787}, "geometry": {"type": "Polygon", "coordinates": [[[-76.45, 3.46], [-76.445, 3.46], [-76.445, 3.465], [-76.45, 3.465], [-76.45, 3.46]]]}}, {"type": "Feature", "properties": {"value": 9.0102, "sigma": 7.6787}, "geometry": {"type": "Polygon", "coordinates": [[[-76.445, 3.46], [-76.44, 3.46], [-76.44, 3.465], [-76.445, 3.465], [-76.445, 3.46]]]}}, {"type": "Feature", "properties": {"value": 9.388, "sigma": 7.6787}, "geometry": {"type": "Polygon", "coordinates": [[[-76.44, 3.46], [-76.435, 3.46], [-76.435, 3.465], [-76.44, 3.465], [-76.44, 3.46]]]}}, {"type": "Feature", "properties": {"value": 9.3811, "sigma": 7.6787}, "geometry": {"type": "Polygon", "coordinates": [[[-76.435, 3.46], [-76.43, 3.46], [-76.43, 3.465], [-76.435, 3.465], [-76.435, 3.46]]]}}, {"type": "Feature", "properties": {"value": 9.3061, "sigma": 7.6787}, "geometry": {"type": "Polygon", "coordinates": [[[-76.43, 3.46], [-76.425, 3.46], [-76.425, 3.465], [-76.43, 3.465], [-76.43, 3.46]]]}}, {"type": "Feature", "properties": {"value": 9.2638, "sigma": 7.6787}, "geometry": {"type": "Polygon", "coordinates": [[[-76.425, 3.46], [-76.42, 3.46], [-76.42, 3.465], [-76.425, 3.465], [-76.425, 3.46]]]}}, {"type": "Feature", "properties": {"value": 9.2632, "sigma": 7.6787}, "geometry": {"type": "Polygon", "coordinates": [[[-76.42, 3.46], [-76.415, 3.46], [-76.415, 3.465], [-76.42, 3.465], [-76.42, 3.46]]]}}, {"type": "Feature", "properties": {"value": 9.2878, "sigma": 7.6787}, "geometry": {"type": "Polygon", "coordinates": [[[-76.415, 3.46], [-76.41, 3.46], [-76.41, 3.465], [-76.415, 3.465], [-76.415, 3.46]]]}}, {"type": "Feature", "properties": {"value": 9.3142, "sigma": 7.6787}, "geometry": {"type": "Polygon", "coordinates": [[[-76.41, 3.46], [-76.405, 3.46], [-76.405, 3.465], [-76.41, 3.465], [-76.41, 3.46]]]}}, {"type": "Feature", "properties": {"value": 9.3216, "sigma": 7.6787}, "geometry": {"type": "Polygon", "coordinates": [[[-76.405, 3.46], [-76.4, 3.46], [-76.4, 3.465], [-76.405, 3.465], [-76.405, 3.46]]]}}, {"type": "Feature", "properties": {"value": 10.019, "sigma": 7.6787}, "geometry": {"type": "Polygon", "coordinates": [[[-76.6, 3.465], [-76.595, 3.465], [-76.595, 3.47], [-76.6, 3.47], [-76.6, 3.465]]]}}, {"type": "Feature", "properties": {"value": 10.0492, "sigma": 7.6787}, "geometry": {"type": "Polygon", "coordinates": [[[-76.595, 3.465], [-76.59, 3.465], [-76.59, 3.47], [-76.595, 3.47], [-76.595, 3.465]]]}}, {"type": "Feature", "properties": {"value": 10.0572, "sigma": 7.6787}, "geometry": {"type": "Polygon", "coordinates": [[[-76.59, 3.465], [-76.585, 3.465], [-76.585, 3.47], [-76.59, 3.47], [-76.59, 3.465]]]}}, {"type": "Feature", "properties": {"value": 10.0386, "sigma": 7.6787}, "geometry": {"type": "Polygon", "coordinates": [[[-76.585, 3.465], [-76.58, 3.465], [-76.58, 3.47], [-76.585, 3.47], [-76.585, 3.465]]]}}, {"type": "Feature", "properties": {"value": 9.9914, "sigma": 7.6787}, "geometry": {"type": "Polygon", "coordinates": [[[-76.58, 3.465], [-76.575, 3.465], [-76.575, 3.47], [-76.58, 3.47], [-76.58, 3.465]]]}}, {"type": "Feature", "properties": {"value": 9.9164, "sigma": 7.6787}, "geometry": {"type": "Polygon", "coordinates": [[[-76.575, 3.465], [-76.57, 3.465], [-76.57, 3.47], [-76.575, 3.47], [-76.575, 3.465]]]}}, {"type": "Feature", "properties": {"value": 9.8184, "sigma": 7.6787}, "geometry": {"type": "Polygon", "coordinates": [[[-76.57, 3.465], [-76.565, 3.465], [-76.565, 3.47], [-76.57, 3.47], [-76.57, 3.465]]]}}, {"type": "Feature", "properties": {"value": 9.7051, "sigma": 7.6787}, "geometry": {"type": "Polygon", "coordinates": [[[-76.565, 3.465], [-76.56, 3.465], [-76.56, 3.47], [-76.565, 3.47], [-76.565, 3.465]]]}}, {"type": "Feature", "properties": {"value": 9.5865, "sigma": 7.6787}, "geometry": {"type": "Polygon", "coordinates": [[[-76.56, 3.465], [-76.555, 3.465], [-76.555, 3.47], [-76.56, 3.47], [-76.56, 3.465]]]}}, {"type": "Feature", "properties": {"value": 9.4728, "sigma": 7.6787}, "geometry": {"type": "Polygon", "coordinates": [[[-76.555, 3.465], [-76.55, 3.465], [-76.55, 3.47], [-76.555, 3.47], [-76.555, 3.465]]]}}, {"type": "Feature", "properties": {"value": 9.3732, "sigma": 7.6787}, "geometry": {"type": "Polygon", "coordinates": [[[-76.55, 3.465], [-76.545, 3.465], [-76.545, 3.47], [-76.55, 3.47], [-76.55, 3.465]]]}}, {"type": "Feature", "properties": {"value": 9.2943, "sigma": 7.6787}, "geometry": {"type": "Polygon", "coordinates": [[[-76.545, 3.465], [-76.54, 3.465], [-76.54, 3.47], [-76.545, 3.47], [-76.545, 3.465]]]}}, {"type": "Feature", "properties": {"value": 9.2404, "sigma": 7.6787}, "geometry": {"type": "Polygon", "coordinates": [[[-76.54, 3.465], [-76.535, 3.465], [-76.535, 3.47], [-76.54, 3.47], [-76.54, 3.465]]]}}, {"type": "Feature", "properties": {"value": 9.2122, "sigma": 7.6787}, "geometry": {"type": "Polygon", "coordinates": [[[-76.535, 3.465], [-76.53, 3.465], [-76.53, 3.47], [-76.535, 3.47], [-76.535, 3.465]]]}}, {"type": "Feature", "properties": {"value": 9.2078, "sigma": 7.6787}, "geometry": {"type": "Polygon", "coordinates": [[[-76.53, 3.465], [-76.525, 3.465], [-76.525, 3.47], [-76.53, 3.47], [-76.53, 3.465]]]}}, {"type": "Feature", "properties": {"value": 9.2235, "sigma": 7.6787}, "geometry": {"type": "Polygon", "coordinates": [[[-76.525, 3.465], [-76.52, 3.465], [-76.52, 3.47], [-76.525, 3.47], [-76.525, 3.465]]]}}, {"type": "Feature", "properties": {"value": 9.2564, "sigma": 7.6787}, "geometry": {"type": "Polygon", "coordinates": [[[-76.52, 3.465], [-76.515, 3.465], [-76.515, 3.47], [-76.52, 3.47], [-76.52, 3.465]]]}}, {"type": "Feature", "properties": {"value": 9.3077, "sigma": 7.6787}, "geometry": {"type": "Polygon", "coordinates": [[[-76.515, 3.465], [-76.51, 3.465], [-76.51, 3.47], [-76.515, 3.47], [-76.515, 3.465]]]}}, {"type": "Feature", "properties": {"value": 9.3871, "sigma": 7.6787}, "geometry": {"type": "Polygon", "coordinates": [[[-76.51, 3.465], [-76.505, 3.465], [-76.505, 3.47], [-76.51, 3.47], [-76.51, 3.465]]]}}, {"type": "Feature", "properties": {"value": 9.5153, "sigma": 7.6787}, "geometry": {"type": "Polygon", "coordinates": [[[-76.505, 3.465], [-76.5, 3.465], [-76.5, 3.47], [-76.505, 3.47], [-76.505, 3.465]]]}}, {"type": "Feature", "properties": {"value": 9.7197, "sigma": 7.6787}, "geometry": {"type": "Polygon", "coordinates": [[[-76.5, 3.465], [-76.495, 3.465], [-76.495, 3.47], [-76.5, 3.47], [-76.5, 3.465]]]}}, {"type": "Feature", "properties": {"value": 9.9937, "sigma": 7.6787}, "geometry": {"type": "Polygon", "coordinates": [[[-76.495, 3.465], [-76.49, 3.465], [-76.49, 3.47], [-76.495, 3.47], [-76.495, 3.465]]]}}, {"type": "Feature", "properties": {"value": 10.1954, "sigma": 7.6787}, "geometry": {"type": "Polygon", "coordinates": [[[-76.49, 3.465], [-76.485, 3.465], [-76.485, 3.47], [-76.49, 3.47], [-76.49, 3.465]]]}}, {"type": "Feature", "properties": {"value": 10.0844, "sigma": 7.6787}, "geometry": {"type": "Polygon", "coordinates": [[[-76.485, 3.465], [-76.48, 3.465], [-76.48, 3.47], [-76.485, 3.47], [-76.485, 3.465]]]}}, {"type": "Feature", "properties": {"value": 9.6749, "sigma": 7.6787}, "geometry": {"type": "Polygon", "coordinates": [[[-76.48, 3.465], [-76.475, 3.465], [-76.475, 3.47], [-76.48, 3.47], [-76.48, 3.465]]]}}, {"type": "Feature", "properties": {"value": 9.1734, "sigma": 7.6787}, "geometry": {"type": "Polygon", "coordinates": [[[-76.475, 3.465], [-76.47, 3.465], [-76.47, 3.47], [-76.475, 3.47], [-76.475, 3.465]]]}}, {"type": "Feature", "properties": {"value": 8.6727, "sigma": 7.6787}, "geometry": {"type": "Polygon", "coordinates": [[[-76.47, 3.465], [-76.465, 3.465], [-76.465, 3.47], [-76.47, 3.47], [-76.47, 3.465]]]}}, {"type": "Feature", "properties": {"value": 8.2091, "sigma": 7.6787}, "geometry": {"type": "Polygon", "coordinates": [[[-76.465, 3.465], [-76.46, 3.465], [-76.46, 3.47], [-76.465, 3.47], [-76.465, 3.465]]]}}, {"type": "Feature", "properties": {"value": 7.944, "sigma": 7.6787}, "geometry": {"type": "Polygon", "coordinates": [[[-76.46, 3.465], [-76.455, 3.465], [-76.455, 3.47], [-76.46, 3.47], [-76.46, 3.465]]]}}, {"type": "Feature", "properties": {"value": 8.2311, "sigma": 7.6787}, "geometry": {"type": "Polygon", "coordinates": [[[-76.455, 3.465], [-76.45, 3.465], [-76.45, 3.47], [-76.455, 3.47], [-76.455, 3.465]]]}}, {"type": "Feature", "properties": {"value": 9.2066, "sigma": 7.6787}, "geometry": {"type": "Polygon", "coordinates": [[[-76.45, 3.465], [-76.445, 3.465], [-76.445, 3.47], [-76.45, 3.47], [-76.45, 3.465]]]}}, {"type": "Feature", "properties": {"value": 10.0718, "sigma": 7.6787}, "geometry": {"type": "Polygon", "coordinates": [[[-76.445, 3.465], [-76.44, 3.465], [-76.44, 3.47], [-76.445, 3.47], [-76.445, 3.465]]]}}, {"type": "Feature", "properties": {"value": 10.1004, "sigma": 7.6787}, "geometry": {"type": "Polygon", "coordinates": [[[-76.44, 3.465], [-76.435, 3.465], [-76.435, 3.47], [-76.44, 3.47], [-76.44, 3.465]]]}}, {"type": "Feature", "properties": {"value": 9.7917, "sigma": 7.6787}, "geometry": {"type": "Polygon", "coordinates": [[[-76.435, 3.465], [-76.43, 3.465], [-76.43, 3.47], [-76.435, 3.47], [-76.435, 3.465]]]}}, {"type": "Feature", "properties": {"value": 9.5675, "sigma": 7.6787}, "geometry": {"type": "Polygon", "coordinates": [[[-76.43, 3.465], [-76.425, 3.465], [-76.425, 3.47], [-76.43, 3.47], [-76.43, 3.465]]]}}, {"type": "Feature", "properties": {"value": 9.4801, "sigma": 7.6787}, "geometry": {"type": "Polygon", "coordinates": [[[-76.425, 3.465], [-76.42, 3.465], [-76.42, 3.47], [-76.425, 3.47], [-76.425, 3.465]]]}}, {"type": "Feature", "properties": {"value": 9.4903, "sigma": 7.6787}, "geometry": {"type": "Polygon", "coordinates": [[[-76.42, 3.465], [-76.415, 3.465], [-76.415, 3.47], [-76.42, 3.47], [-76.42, 3.465]]]}}, {"type": "Feature", "properties": {"value": 9.5496, "sigma": 7.6787}, "geometry": {"type": "Polygon", "coordinates": [[[-76.415, 3.465], [-76.41, 3.465], [-76.41, 3.47], [-76.415, 3.47], [-76.415, 3.465]]]}}, {"type": "Feature", "properties": {"value": 9.6088, "sigma": 7.6787}, "geometry": {"type": "Polygon", "coordinates": [[[-76.41, 3.465], [-76.405, 3.465], [-76.405, 3.47], [-76.41, 3.47], [-76.41, 3.465]]]}}, {"type": "Feature", "properties": {"value": 9.6286, "sigma": 7.6787}, "geometry": {"type": "Polygon", "coordinates": [[[-76.405, 3.465], [-76.4, 3.465], [-76.4, 3.47], [-76.405, 3.47], [-76.405, 3.465]]]}}, {"type": "Feature", "properties": {"value": 10.296, "sigma": 7.6787}, "geometry": {"type": "Polygon", "coordinates": [[[-76.6, 3.47], [-76.595, 3.47], [-76.595, 3.475], [-76.6, 3.475], [-76.6, 3.47]]]}}, {"type": "Feature", "properties": {"value": 10.3506, "sigma": 7.6787}, "geometry": {"type": "Polygon", "coordinates": [[[-76.595, 3.47], [-76.59, 3.47], [-76.59, 3.475], [-76.595, 3.475], [-76.595, 3.47]]]}}, {"type": "Feature", "properties": {"value": 10.3775, "sigma": 7.6787}, "geometry": {"type": "Polygon", "coordinates": [[[-76.59, 3.47], [-76.585, 3.47], [-76.585, 3.475], [-76.59, 3.475], [-76.59, 3.47]]]}}, {"type": "Feature", "properties": {"value": 10.3687, "sigma": 7.6787}, "geometry": {"type": "Polygon", "coordinates": [[[-76.585, 3.47], [-76.58, 3.47], [-76.58, 3.475], [-76.585, 3.475], [-76.585, 3.47]]]}}, {"type": "Feature", "properties": {"value": 10.3189, "sigma": 7.6787}, "geometry": {"type": "Polygon", "coordinates": [[[-76.58, 3.47], [-76.575, 3.47], [-76.575, 3.475], [-76.58, 3.475], [-76.58, 3.47]]]}}, {"type": "Feature", "properties": {"value": 10.2272, "sigma": 7.6787}, "geometry": {"type": "Polygon", "coordinates": [[[-76.575, 3.47], [-76.57, 3.47], [-76.57, 3.475], [-76.575, 3.475], [-76.575, 3.47]]]}}, {"type": "Feature", "properties": {"value": 10.0986, "sigma": 7.6787}, "geometry": {"type": "Polygon", "coordinates": [[[-76.57, 3.47], [-76.565, 3.47], [-76.565, 3.475], [-76.57, 3.475], [-76.57, 3.47]]]}}, {"type": "Feature", "properties": {"value": 9.9434, "sigma": 7.6787}, "geometry": {"type": "Polygon", "coordinates": [[[-76.565, 3.47], [-76.56, 3.47], [-76.56, 3.475], [-76.565, 3.475], [-76.565, 3.47]]]}}, {"type": "Feature", "properties": {"value": 9.7754, "sigma": 7.6787}, "geometry": {"type": "Polygon", "coordinates": [[[-76.56, 3.47], [-76.555, 3.47], [-76.555, 3.475], [-76.56, 3.475], [-76.56, 3.47]]]}}, {"type": "Feature", "properties": {"value": 9.6093, "sigma": 7.6787}, "geometry": {"type": "Polygon", "coordinates": [[[-76.555, 3.47], [-76.55, 3.47], [-76.55, 3.475], [-76.555, 3.475], [-76.555, 3.47]]]}}, {"type": "Feature", "properties": {"value": 9.4581, "sigma": 7.6787}, "geometry": {"type": "Polygon", "coordinates": [[[-76.55, 3.47], [-76.545, 3.47], [-76.545, 3.475], [-76.55, 3.475], [-76.55, 3.47]]]}}, {"type": "Feature", "properties": {"value": 9.3318, "sigma": 7.6787}, "geometry": {"type": "Polygon", "coordinates": [[[-76.545, 3.47], [-76.54, 3.47], [-76.54, 3.475], [-76.545, 3.475], [-76.545, 3.47]]]}}, {"type": "Feature", "properties": {"value": 9.2367, "sigma": 7.6787}, "geometry": {"type": "Polygon", "coordinates": [[[-76.54, 3.47], [-76.535, 3.47], [-76.535, 3.475], [-76.54, 3.475], [-76.54, 3.47]]]}}, {"type": "Feature", "properties": {"value": 9.1754, "sigma": 7.6787}, "geometry": {"type": "Polygon", "coordinates": [[[-76.535, 3.47], [-76.53, 3.47], [-76.53, 3.475], [-76.535, 3.475], [-76.535, 3.47]]]}}, {"type": "Feature", "properties": {"value": 9.1474, "sigma": 7.6787}, "geometry": {"type": "Polygon", "coordinates": [[[-76.53, 3.47], [-76.525, 3.47], [-76.525, 3.475], [-76.53, 3.475], [-76.53, 3.47]]]}}, {"type": "Feature", "properties": {"value": 9.1497, "sigma": 7.6787}, "geometry": {"type": "Polygon", "coordinates": [[[-76.525, 3.47], [-76.52, 3.47], [-76.52, 3.475], [-76.525, 3.475], [-76.525, 3.47]]]}}, {"type": "Feature", "properties": {"value": 9.1787, "sigma": 7.6787}, "geometry": {"type": "Polygon", "coordinates": [[[-76.52, 3.47], [-76.515, 3.47], [-76.515, 3.475], [-76.52, 3.475], [-76.52, 3.47]]]}}, {"type": "Feature", "properties": {"value": 9.2326, "sigma": 7.6787}, "geometry": {"type": "Polygon", "coordinates": [[[-76.515, 3.47], [-76.51, 3.47], [-76.51, 3.475], [-76.515, 3.475], [-76.515, 3.47]]]}}, {"type": "Feature", "properties": {"value": 9.3144, "sigma": 7.6787}, "geometry": {"type": "Polygon", "coordinates": [[[-76.51, 3.47], [-76.505, 3.47], [-76.505, 3.475], [-76.51, 3.475], [-76.51, 3.47]]]}}, {"type": "Feature", "properties": {"value": 9.4305, "sigma": 7.6787}, "geometry": {"type": "Polygon", "coordinates": [[[-76.505, 3.47], [-76.5, 3.47], [-76.5, 3.475], [-76.505, 3.475], [-76.505, 3.47]]]}}, {"type": "Feature", "properties": {"value": 9.5835, "sigma": 7.6787}, "geometry": {"type": "Polygon", "coordinates": [[[-76.5, 3.47], [-76.495, 3.47], [-76.495, 3.475], [-76.5, 3.475], [-76.5, 3.47]]]}}, {"type": "Feature", "properties": {"value": 9.7473, "sigma": 7.6787}, "geometry": {"type": "Polygon", "coordinates": [[[-76.495, 3.47], [-76.49, 3.47], [-76.49, 3.475], [-76.495, 3.475], [-76.495, 3.47]]]}}, {"type": "Feature", "properties": {"value": 9.839, "sigma": 7.6787}, "geometry": {"type": "Polygon", "coordinates": [[[-76.49, 3.47], [-76.485, 3.47], [-76.485, 3.475], [-76.49, 3.475], [-76.49, 3.47]]]}}, {"type": "Feature", "properties": {"value": 9.7645, "sigma": 7.6787}, "geometry": {"type": "Polygon", "coordinates": [[[-76.485, 3.47], [-76.48, 3.47], [-76.48, 3.475], [-76.485, 3.475], [-76.485, 3.47]]]}}, {"type": "Feature", "properties": {"value": 9.5364, "sigma": 7.6787}, "geometry": {"type": "Polygon", "coordinates": [[[-76.48, 3.47], [-76.475, 3.47], [-76.475, 3.475], [-76.48, 3.475], [-76.48, 3.47]]]}}, {"type": "Feature", "properties": {"value": 9.25, "sigma": 7.6787}, "geometry": {"type": "Polygon", "coordinates": [[[-76.475, 3.47], [-76.47, 3.47], [-76.47, 3.475], [-76.475, 3.475], [-76.475, 3.47]]]}}, {"type": "Feature", "properties": {"value": 8.9754, "sigma": 7.6787}, "geometry": {"type": "Polygon", "coordinates": [[[-76.47, 3.47], [-76.465, 3.47], [-76.465, 3.475], [-76.47, 3.475], [-76.47, 3.47]]]}}, {"type": "Feature", "properties": {"value": 8.7693, "sigma": 7.6787}, "geometry": {"type": "Polygon", "coordinates": [[[-76.465, 3.47], [-76.46, 3.47], [-76.46, 3.475], [-76.465, 3.475], [-76.465, 3.47]]]}}, {"type": "Feature", "properties": {"value": 8.7458, "sigma": 7.6787}, "geometry": {"type": "Polygon", "coordinates": [[[-76.46, 3.47], [-76.455, 3.47], [-76.455, 3.475], [-76.46, 3.475], [-76.46, 3.47]]]}}, {"type": "Feature", "properties": {"value": 9.0804, "sigma": 7.6787}, "geometry": {"type": "Polygon", "coordinates": [[[-76.455, 3.47], [-76.45, 3.47], [-76.45, 3.475], [-76.455, 3.475], [-76.455, 3.47]]]}}, {"type": "Feature", "properties": {"value": 9.8137, "sigma": 7.6787}, "geometry": {"type": "Polygon", "coordinates": [[[-76.45, 3.47], [-76.445, 3.47], [-76.445, 3.475], [-76.45, 3.475], [-76.45, 3.47]]]}}, {"type": "Feature", "properties": {"value": 10.4357, "sigma": 7.6787}, "geometry": {"type": "Polygon", "coordinates": [[[-76.445, 3.47], [-76.44, 3.47], [-76.44, 3.475], [-76.445, 3.475], [-76.445, 3.47]]]}}, {"type": "Feature", "properties": {"value": 10.3623, "sigma": 7.6787}, "geometry": {"type": "Polygon", "coordinates": [[[-76.44, 3.47], [-76.435, 3.47], [-76.435, 3.475], [-76.44, 3.475], [-76.44, 3.47]]]}}, {"type": "Feature", "properties": {"value": 9.9908, "sigma": 7.6787}, "geometry": {"type": "Polygon", "coordinates": [[[-76.435, 3.47], [-76.43, 3.47], [-76.43, 3.475], [-76.435, 3.475], [-76.435, 3.47]]]}}, {"type": "Feature", "properties": {"value": 9.742, "sigma": 7.6787}, "geometry": {"type": "Polygon", "coordinates": [[[-76.43, 3.47], [-76.425, 3.47], [-76.425, 3.475], [-76.43, 3.475], [-76.43, 3.47]]]}}, {"type": "Feature", "properties": {"value": 9.6725, "sigma": 7.6787}, "geometry": {"type": "Polygon", "coordinates": [[[-76.425, 3.47], [-76.42, 3.47], [-76.42, 3.475], [-76.425, 3.475], [-76.425, 3.47]]]}}, {"type": "Feature", "properties": {"value": 9.7363, "sigma": 7.6787}, "geometry": {"type": "Polygon", "coordinates": [[[-76.42, 3.47], [-76.415, 3.47], [-76.415, 3.475], [-76.42, 3.475], [-76.42, 3.47]]]}}, {"type": "Feature", "properties": {"value": 9.8666, "sigma": 7.6787}, "geometry": {"type": "Polygon", "coordinates": [[[-76.415, 3.47], [-76.41, 3.47], [-76.41, 3.475], [-76.415, 3.475], [-76.415, 3.47]]]}}, {"type": "Feature", "properties": {"value": 9.9821, "sigma": 7.6787}, "geometry": {"type": "Polygon", "coordinates": [[[-76.41, 3.47], [-76.405, 3.47], [-76.405, 3.475], [-76.41, 3.475], [-76.41, 3.47]]]}}, {"type": "Feature", "properties": {"value": 10.0158, "sigma": 7.6787}, "geometry": {"type": "Polygon", "coordinates": [[[-76.405, 3.47], [-76.4, 3.47], [-76.4, 3.475], [-76.405, 3.475], [-76.405, 3.47]]]}}, {"type": "Feature", "properties": {"value": 10.61, "sigma": 7.6787}, "geometry": {"type": "Polygon", "coordinates": [[[-76.6, 3.475], [-76.595, 3.475], [-76.595, 3.48], [-76.6, 3.48], [-76.6, 3.475]]]}}, {"type": "Feature", "properties": {"value": 10.6994, "sigma": 7.6787}, "geometry": {"type": "Polygon", "coordinates": [[[-76.595, 3.475], [-76.59, 3.475], [-76.59, 3.48], [-76.595, 3.48], [-76.595, 3.475]]]}}, {"type": "Feature", "properties": {"value": 10.7555, "sigma": 7.6787}, "geometry": {"type": "Polygon", "coordinates": [[[-76.59, 3.475], [-76.585, 3.475], [-76.585, 3.48], [-76.59, 3.48], [-76.59, 3.475]]]}}, {"type": "Feature", "properties": {"value": 10.7653, "sigma": 7.6787}, "geometry": {"type": "Polygon", "coordinates": [[[-76.585, 3.475], [-76.58, 3.475], [-76.58, 3.48], [-76.585, 3.48], [-76.585, 3.475]]]}}, {"type": "Feature", "properties": {"value": 10.7181, "sigma": 7.6787}, "geometry": {"type": "Polygon", "coordinates": [[[-76.58, 3.475], [-76.575, 3.475], [-76.575, 3.48], [-76.58, 3.48], [-76.58, 3.475]]]}}, {"type": "Feature", "properties": {"value": 10.6095, "sigma": 7.6787}, "geometry": {"type": "Polygon", "coordinates": [[[-76.575, 3.475], [-76.57, 3.475], [-76.57, 3.48], [-76.575, 3.48], [-76.575, 3.475]]]}}, {"type": "Feature", "properties": {"value": 10.444, "sigma": 7.6787}, "geometry": {"type": "Polygon", "coordinates": [[[-76.57, 3.475], [-76.565, 3.475], [-76.565, 3.48], [-76.57, 3.48], [-76.57, 3.475]]]}}, {"type": "Feature", "properties": {"value": 10.2351, "sigma": 7.6787}, "geometry": {"type": "Polygon", "coordinates": [[[-76.565, 3.475], [-76.56, 3.475], [-76.56, 3.48], [-76.565, 3.48], [-76.565, 3.475]]]}}, {"type": "Feature", "properties": {"value": 10.0024, "sigma": 7.6787}, "geometry": {"type": "Polygon", "coordinates": [[[-76.56, 3.475], [-76.555, 3.475], [-76.555, 3.48], [-76.56, 3.48], [-76.56, 3.475]]]}}, {"type": "Feature", "properties": {"value": 9.767, "sigma": 7.6787}, "geometry": {"type": "Polygon", "coordinates": [[[-76.555, 3.475], [-76.55, 3.475], [-76.55, 3.48], [-76.555, 3.48], [-76.555, 3.475]]]}}, {"type": "Feature", "properties": {"value": 9.5476, "sigma": 7.6787}, "geometry": {"type": "Polygon", "coordinates": [[[-76.55, 3.475], [-76.545, 3.475], [-76.545, 3.48], [-76.55, 3.48], [-76.55, 3.475]]]}}, {"type": "Feature", "properties": {"value": 9.3588, "sigma": 7.6787}, "geometry": {"type": "Polygon", "coordinates": [[[-76.545, 3.475], [-76.54, 3.475], [-76.54, 3.48], [-76.545, 3.48], [-76.545, 3.475]]]}}, {"type": "Feature", "properties": {"value": 9.2103, "sigma": 7.6787}, "geometry": {"type": "Polygon", "coordinates": [[[-76.54, 3.475], [-76.535, 3.475], [-76.535, 3.48], [-76.54, 3.48], [-76.54, 3.475]]]}}, {"type": "Feature", "properties": {"value": 9.1078, "sigma": 7.6787}, "geometry": {"type": "Polygon", "coordinates": [[[-76.535, 3.475], [-76.53, 3.475], [-76.53, 3.48], [-76.535, 3.48], [-76.535, 3.475]]]}}, {"type": "Feature", "properties": {"value": 9.0528, "sigma": 7.6787}, "geometry": {"type": "Polygon", "coordinates": [[[-76.53, 3.475], [-76.525, 3.475], [-76.525, 3.48], [-76.53, 3.48], [-76.53, 3.475]]]}}, {"type": "Feature", "properties": {"value": 9.0425, "sigma": 7.6787}, "geometry": {"type": "Polygon", "coordinates": [[[-76.525, 3.475], [-76.52, 3.475], [-76.52, 3.48], [-76.525, 3.48], [-76.525, 3.475]]]}}, {"type": "Feature", "properties": {"value": 9.0708, "sigma": 7.6787}, "geometry": {"type": "Polygon", "coordinates": [[[-76.52, 3.475], [-76.515, 3.475], [-76.515, 3.48], [-76.52, 3.48], [-76.52, 3.475]]]}}, {"type": "Feature", "properties": {"value": 9.1306, "sigma": 7.6787}, "geometry": {"type": "Polygon", "coordinates": [[[-76.515, 3.475], [-76.51, 3.475], [-76.51, 3.48], [-76.515, 3.48], [-76.515, 3.475]]]}}, {"type": "Feature", "properties": {"value": 9.216, "sigma": 7.6787}, "geometry": {"type": "Polygon", "coordinates": [[[-76.51, 3.475], [-76.505, 3.475], [-76.505, 3.48], [-76.51, 3.48], [-76.51, 3.475]]]}}, {"type": "Feature", "properties": {"value": 9.322, "sigma": 7.6787}, "geometry": {"type": "Polygon", "coordinates": [[[-76.505, 3.475], [-76.5, 3.475], [-76.5, 3.48], [-76.505, 3.48], [-76.505, 3.475]]]}}, {"type": "Feature", "properties": {"value": 9.4391, "sigma": 7.6787}, "geometry": {"type": "Polygon", "coordinates": [[[-76.5, 3.475], [-76.495, 3.475], [-76.495, 3.48], [-76.5, 3.48], [-76.5, 3.475]]]}}, {"type": "Feature", "properties": {"value": 9.5439, "sigma": 7.6787}, "geometry": {"type": "Polygon", "coordinates": [[[-76.495, 3.475], [-76.49, 3.475], [-76.49, 3.48], [-76.495, 3.48], [-76.495, 3.475]]]}}, {"type": "Feature", "properties": {"value": 9.5978, "sigma": 7.6787}, "geometry": {"type": "Polygon", "coordinates": [[[-76.49, 3.475], [-76.485, 3.475], [-76.485, 3.48], [-76.49, 3.48], [-76.49, 3.475]]]}}, {"type": "Feature", "properties": {"value": 9.5723, "sigma": 7.6787}, "geometry": {"type": "Polygon", "coordinates": [[[-76.485, 3.475], [-76.48, 3.475], [-76.48, 3.48], [-76.485, 3.48], [-76.485, 3.475]]]}}, {"type": "Feature", "properties": {"value": 9.4815, "sigma": 7.6787}, "geometry": {"type": "Polygon", "coordinates": [[[-76.48, 3.475], [-76.475, 3.475], [-76.475, 3.48], [-76.48, 3.48], [-76.48, 3.475]]]}}, {"type": "Feature", "properties": {"value": 9.3688, "sigma": 7.6787}, "geometry": {"type": "Polygon", "coordinates": [[[-76.475, 3.475], [-76.47, 3.475], [-76.47, 3.48], [-76.475, 3.48], [-76.475, 3.475]]]}}, {"type": "Feature", "properties": {"value": 9.2707, "sigma": 7.6787}, "geometry": {"type": "Polygon", "coordinates": [[[-76.47, 3.475], [-76.465, 3.475], [-76.465, 3.48], [-76.47, 3.48], [-76.47, 3.475]]]}}, {"type": "Feature", "properties": {"value": 9.217, "sigma": 7.6787}, "geometry": {"type": "Polygon", "coordinates": [[[-76.465, 3.475], [-76.46, 3.475], [-76.46, 3.48], [-76.465, 3.48], [-76.465, 3.475]]]}}, {"type": "Feature", "properties": {"value": 9.2573, "sigma": 7.6787}, "geometry": {"type": "Polygon", "coordinates": [[[-76.46, 3.475], [-76.455, 3.475], [-76.455, 3.48], [-76.46, 3.48], [-76.46, 3.475]]]}}, {"type": "Feature", "properties": {"value": 9.4625, "sigma": 7.6787}, "geometry": {"type": "Polygon", "coordinates": [[[-76.455, 3.475], [-76.45, 3.475], [-76.45, 3.48], [-76.455, 3.48], [-76.455, 3.475]]]}}, {"type": "Feature", "properties": {"value": 9.8377, "sigma": 7.6787}, "geometry": {"type": "Polygon", "coordinates": [[[-76.45, 3.475], [-76.445, 3.475], [-76.445, 3.48], [-76.45, 3.48], [-76.45, 3.475]]]}}, {"type": "Feature", "properties": {"value": 10.1598, "sigma": 7.6787}, "geometry": {"type": "Polygon", "coordinates": [[[-76.445, 3.475], [-76.44, 3.475], [-76.44, 3.48], [-76.445, 3.48], [-76.445, 3.475]]]}}, {"type": "Feature", "properties": {"value": 10.1574, "sigma": 7.6787}, "geometry": {"type": "Polygon", "coordinates": [[[-76.44, 3.475], [-76.435, 3.475], [-76.435, 3.48], [-76.44, 3.48], [-76.44, 3.475]]]}}, {"type": "Feature", "properties": {"value": 9.9633, "sigma": 7.6787}, "geometry": {"type": "Polygon", "coordinates": [[[-76.435, 3.475], [-76.43, 3.475], [-76.43, 3.48], [-76.435, 3.48], [-76.435, 3.475]]]}}, {"type": "Feature", "properties": {"value": 9.8278, "sigma": 7.6787}, "geometry": {"type": "Polygon", "coordinates": [[[-76.43, 3.475], [-76.425, 3.475], [-76.425, 3.48], [-76.43, 3.48], [-76.43, 3.475]]]}}, {"type": "Feature", "properties": {"value": 9.8438, "sigma": 7.6787}, "geometry": {"type": "Polygon", "coordinates": [[[-76.425, 3.475], [-76.42, 3.475], [-76.42, 3.48], [-76.425, 3.48], [-76.425, 3.475]]]}}, {"type": "Feature", "properties": {"value": 10.0068, "sigma": 7.6787}, "geometry": {"type": "Polygon", "coordinates": [[[-76.42, 3.475], [-76.415, 3.475], [-76.415, 3.48], [-76.42, 3.48], [-76.42, 3.475]]]}}, {"type": "Feature", "properties": {"value": 10.2493, "sigma": 7.6787}, "geometry": {"type": "Polygon", "coordinates": [[[-76.415, 3.475], [-76.41, 3.475], [-76.41, 3.48], [-76.415, 3.48], [-76.415, 3.475]]]}}, {"type": "Feature", "properties": {"value": 10.4452, "sigma": 7.6787}, "geometry": {"type": "Polygon", "coordinates": [[[-76.41, 3.475], [-76.405, 3.475], [-76.405, 3.48], [-76.41, 3.48], [-76.41, 3.475]]]}}, {"type": "Feature", "properties": {"value": 10.4846, "sigma": 7.6787}, "geometry": {"type": "Polygon", "coordinates": [[[-76.405, 3.475], [-76.4, 3.475], [-76.4, 3.48], [-76.405, 3.48], [-76.405, 3.475]]]}}, {"type": "Feature", "properties": {"value": 10.9561, "sigma": 7.6787}, "geometry": {"type": "Polygon", "coordinates": [[[-76.6, 3.48], [-76.595, 3.48], [-76.595, 3.485], [-76.6, 3.485], [-76.6, 3.48]]]}}, {"type": "Feature", "properties": {"value": 11.0923, "sigma": 7.6787}, "geometry": {"type": "Polygon", "coordinates": [[[-76.595, 3.48], [-76.59, 3.48], [-76.59, 3.485], [-76.595, 3.485], [-76.595, 3.48]]]}}, {"type": "Feature", "properties": {"value": 11.1909, "sigma": 7.6787}, "geometry": {"type": "Polygon", "coordinates": [[[-76.59, 3.48], [-76.585, 3.48], [-76.585, 3.485], [-76.59, 3.485], [-76.59, 3.48]]]}}, {"type": "Feature", "properties": {"value": 11.2317, "sigma": 7.6787}, "geometry": {"type": "Polygon", "coordinates": [[[-76.585, 3.48], [-76.58, 3.48], [-76.58, 3.485], [-76.585, 3.485], [-76.585, 3.48]]]}}, {"type": "Feature", "properties": {"value": 11.1958, "sigma": 7.6787}, "geometry": {"type": "Polygon", "coordinates": [[[-76.58, 3.48], [-76.575, 3.48], [-76.575, 3.485], [-76.58, 3.485], [-76.58, 3.48]]]}}, {"type": "Feature", "properties": {"value": 11.0724, "sigma": 7.6787}, "geometry": {"type": "Polygon", "coordinates": [[[-76.575, 3.48], [-76.57, 3.48], [-76.57, 3.485], [-76.575, 3.485], [-76.575, 3.48]]]}}, {"type": "Feature", "properties": {"value": 10.8639, "sigma": 7.6787}, "geometry": {"type": "Polygon", "coordinates": [[[-76.57, 3.48], [-76.565, 3.48], [-76.565, 3.485], [-76.57, 3.485], [-76.57, 3.48]]]}}, {"type": "Feature", "properties": {"value": 10.5875, "sigma": 7.6787}, "geometry": {"type": "Polygon", "coordinates": [[[-76.565, 3.48], [-76.56, 3.48], [-76.56, 3.485], [-76.565, 3.485], [-76.565, 3.48]]]}}, {"type": "Feature", "properties": {"value": 10.2709, "sigma": 7.6787}, "geometry": {"type": "Polygon", "coordinates": [[[-76.56, 3.48], [-76.555, 3.48], [-76.555, 3.485], [-76.56, 3.485], [-76.56, 3.48]]]}}, {"type": "Feature", "properties": {"value": 9.9442, "sigma": 7.6787}, "geometry": {"type": "Polygon", "coordinates": [[[-76.555, 3.48], [-76.55, 3.48], [-76.55, 3.485], [-76.555, 3.485], [-76.555, 3.48]]]}}, {"type": "Feature", "properties": {"value": 9.634, "sigma": 7.6787}, "geometry": {"type": "Polygon", "coordinates": [[[-76.55, 3.48], [-76.545, 3.48], [-76.545, 3.485], [-76.55, 3.485], [-76.55, 3.48]]]}}, {"type": "Feature", "properties": {"value": 9.3608, "sigma": 7.6787}, "geometry": {"type": "Polygon", "coordinates": [[[-76.545, 3.48], [-76.54, 3.48], [-76.54, 3.485], [-76.545, 3.485], [-76.545, 3.48]]]}}, {"type": "Feature", "properties": {"value": 9.14, "sigma": 7.6787}, "geometry": {"type": "Polygon", "coordinates": [[[-76.54, 3.48], [-76.535, 3.48], [-76.535, 3.485], [-76.54, 3.485], [-76.54, 3.48]]]}}, {"type": "Feature", "properties": {"value": 8.9826, "sigma": 7.6787}, "geometry": {"type": "Polygon", "coordinates": [[[-76.535, 3.48], [-76.53, 3.48], [-76.53, 3.485], [-76.535, 3.485], [-76.535, 3.48]]]}}, {"type": "Feature", "properties": {"value": 8.8946, "sigma": 7.6787}, "geometry": {"type": "Polygon", "coordinates": [[[-76.53, 3.48], [-76.525, 3.48], [-76.525, 3.485], [-76.53, 3.485], [-76.53, 3.48]]]}}, {"type": "Feature", "properties": {"value": 8.8744, "sigma": 7.6787}, "geometry": {"type": "Polygon", "coordinates": [[[-76.525, 3.48], [-76.52, 3.48], [-76.52, 3.485], [-76.525, 3.485], [-76.525, 3.48]]]}}, {"type": "Feature", "properties": {"value": 8.911, "sigma": 7.6787}, "geometry": {"type": "Polygon", "coordinates": [[[-76.52, 3.48], [-76.515, 3.48], [-76.515, 3.485], [-76.52, 3.485], [-76.52, 3.48]]]}}, {"type": "Feature", "properties": {"value": 8.9884, "sigma": 7.6787}, "geometry": {"type": "Polygon", "coordinates": [[[-76.515, 3.48], [-76.51, 3.48], [-76.51, 3.485], [-76.515, 3.485], [-76.515, 3.48]]]}}, {"type": "Feature", "properties": {"value": 9.0903, "sigma": 7.6787}, "geometry": {"type": "Polygon", "coordinates": [[[-76.51, 3.48], [-76.505, 3.48], [-76.505, 3.485], [-76.51, 3.485], [-76.51, 3.48]]]}}, {"type": "Feature", "properties": {"value": 9.2032, "sigma": 7.6787}, "geometry": {"type": "Polygon", "coordinates": [[[-76.505, 3.48], [-76.5, 3.48], [-76.5, 3.485], [-76.505, 3.485], [-76.505, 3.48]]]}}, {"type": "Feature", "properties": {"value": 9.3149, "sigma": 7.6787}, "geometry": {"type": "Polygon", "coordinates": [[[-76.5, 3.48], [-76.495, 3.48], [-76.495, 3.485], [-76.5, 3.485], [-76.5, 3.48]]]}}, {"type": "Feature", "properties": {"value": 9.4109, "sigma": 7.6787}, "geometry": {"type": "Polygon", "coordinates": [[[-76.495, 3.48], [-76.49, 3.48], [-76.49, 3.485], [-76.495, 3.485], [-76.495, 3.48]]]}}, {"type": "Feature", "properties": {"value": 9.4777, "sigma": 7.6787}, "geometry": {"type": "Polygon", "coordinates": [[[-76.49, 3.48], [-76.485, 3.48], [-76.485, 3.485], [-76.49, 3.485], [-76.49, 3.48]]]}}, {"type": "Feature", "properties": {"value": 9.5131, "sigma": 7.6787}, "geometry": {"type": "Polygon", "coordinates": [[[-76.485, 3.48], [-76.48, 3.48], [-76.48, 3.485], [-76.485, 3.485], [-76.485, 3.48]]]}}, {"type": "Feature", "properties": {"value": 9.5328, "sigma": 7.6787}, "geometry": {"type": "Polygon", "coordinates": [[[-76.48, 3.48], [-76.475, 3.48], [-76.475, 3.485], [-76.48, 3.485], [-76.48, 3.48]]]}}, {"type": "Feature", "properties": {"value": 9.5603, "sigma": 7.6787}, "geometry": {"type": "Polygon", "coordinates": [[[-76.475, 3.48], [-76.47, 3.48], [-76.47, 3.485], [-76.475, 3.485], [-76.475, 3.48]]]}}, {"type": "Feature", "properties": {"value": 9.6048, "sigma": 7.6787}, "geometry": {"type": "Polygon", "coordinates": [[[-76.47, 3.48], [-76.465, 3.48], [-76.465, 3.485], [-76.47, 3.485], [-76.47, 3.48]]]}}, {"type": "Feature", "properties": {"value": 9.6544, "sigma": 7.6787}, "geometry": {"type": "Polygon", "coordinates": [[[-76.465, 3.48], [-76.46, 3.48], [-76.46, 3.485], [-76.465, 3.485], [-76.465, 3.48]]]}}, {"type": "Feature", "properties": {"value": 9.6964, "sigma": 7.6787}, "geometry": {"type": "Polygon", "coordinates": [[[-76.46, 3.48], [-76.455, 3.48], [-76.455, 3.485], [-76.46, 3.485], [-76.46, 3.48]]]}}, {"type": "Feature", "properties": {"value": 9.7509, "sigma": 7.6787}, "geometry": {"type": "Polygon", "coordinates": [[[-76.455, 3.48], [-76.45, 3.48], [-76.45, 3.485], [-76.455, 3.485], [-76.455, 3.48]]]}}, {"type": "Feature", "properties": {"value": 9.8493, "sigma": 7.6787}, "geometry": {"type": "Polygon", "coordinates": [[[-76.45, 3.48], [-76.445, 3.48], [-76.445, 3.485], [-76.45, 3.485], [-76.45, 3.48]]]}}, {"type": "Feature", "properties": {"value": 9.9481, "sigma": 7.6787}, "geometry": {"type": "Polygon", "coordinates": [[[-76.445, 3.48], [-76.44, 3.48], [-76.44, 3.485], [-76.445, 3.485], [-76.445, 3.48]]]}}, {"type": "Feature", "properties": {"value": 9.9592, "sigma": 7.6787}, "geometry": {"type": "Polygon", "coordinates": [[[-76.44, 3.48], [-76.435, 3.48], [-76.435, 3.485], [-76.44, 3.485], [-76.44, 3.48]]]}}, {"type": "Feature", "properties": {"value": 9.9036, "sigma": 7.6787}, "geometry": {"type": "Polygon", "coordinates": [[[-76.435, 3.48], [-76.43, 3.48], [-76.43, 3.485], [-76.435, 3.485], [-76.435, 3.48]]]}}, {"type": "Feature", "properties": {"value": 9.8897, "sigma": 7.6787}, "geometry": {"type": "Polygon", "coordinates": [[[-76.43, 3.48], [-76.425, 3.48], [-76.425, 3.485], [-76.43, 3.485], [-76.43, 3.48]]]}}, {"type": "Feature", "properties": {"value": 10.0064, "sigma": 7.6787}, "geometry": {"type": "Polygon", "coordinates": [[[-76.425, 3.48], [-76.42, 3.48], [-76.42, 3.485], [-76.425, 3.485], [-76.425, 3.48]]]}}, {"type": "Feature", "properties": {"value": 10.2845, "sigma": 7.6787}, "geometry": {"type": "Polygon", "coordinates": [[[-76.42, 3.48], [-76.415, 3.48], [-76.415, 3.485], [-76.42, 3.485], [-76.42, 3.48]]]}}, {"type": "Feature", "properties": {"value": 10.6577, "sigma": 7.6787}, "geometry": {"type": "Polygon", "coordinates": [[[-76.415, 3.48], [-76.41, 3.48], [-76.41, 3.485], [-76.415, 3.485], [-76.415, 3.48]]]}}, {"type": "Feature", "properties": {"value": 10.9408, "sigma": 7.6787}, "geometry": {"type": "Polygon", "coordinates": [[[-76.41, 3.48], [-76.405, 3.48], [-76.405, 3.485], [-76.41, 3.485], [-76.41, 3.48]]]}}, {"type": "Feature", "properties": {"value": 10.968, "sigma": 7.6787}, "geometry": {"type": "Polygon", "coordinates": [[[-76.405, 3.48], [-76.4, 3.48], [-76.4, 3.485], [-76.405, 3.485], [-76.405, 3.48]]]}}, {"type": "Feature", "properties": {"value": 11.3221, "sigma": 7.6787}, "geometry": {"type": "Polygon", "coordinates": [[[-76.6, 3.485], [-76.595, 3.485], [-76.595, 3.49], [-76.6, 3.49], [-76.6, 3.485]]]}}, {"type": "Feature", "properties": {"value": 11.5171, "sigma": 7.6787}, "geometry": {"type": "Polygon", "coordinates": [[[-76.595, 3.485], [-76.59, 3.485], [-76.59, 3.49], [-76.595, 3.49], [-76.595, 3.485]]]}}, {"type": "Feature", "properties": {"value": 11.673, "sigma": 7.6787}, "geometry": {"type": "Polygon", "coordinates": [[[-76.59, 3.485], [-76.585, 3.485], [-76.585, 3.49], [-76.59, 3.49], [-76.59, 3.485]]]}}, {"type": "Feature", "properties": {"value": 11.76, "sigma": 7.6787}, "geometry": {"type": "Polygon", "coordinates": [[[-76.585, 3.485], [-76.58, 3.485], [-76.58, 3.49], [-76.585, 3.49], [-76.585, 3.485]]]}}, {"type": "Feature", "properties": {"value": 11.748, "sigma": 7.6787}, "geometry": {"type": "Polygon", "coordinates": [[[-76.58, 3.485], [-76.575, 3.485], [-76.575, 3.49], [-76.58, 3.49], [-76.58, 3.485]]]}}, {"type": "Feature", "properties": {"value": 11.6154, "sigma": 7.6787}, "geometry": {"type": "Polygon", "coordinates": [[[-76.575, 3.485], [-76.57, 3.485], [-76.57, 3.49], [-76.575, 3.49], [-76.575, 3.485]]]}}, {"type": "Feature", "properties": {"value": 11.3599, "sigma": 7.6787}, "geometry": {"type": "Polygon", "coordinates": [[[-76.57, 3.485], [-76.565, 3.485], [-76.565, 3.49], [-76.57, 3.49], [-76.57, 3.485]]]}}, {"type": "Feature", "properties": {"value": 11.0023, "sigma": 7.6787}, "geometry": {"type": "Polygon", "coordinates": [[[-76.565, 3.485], [-76.56, 3.485], [-76.56, 3.49], [-76.565, 3.49], [-76.565, 3.485]]]}}, {"type": "Feature", "properties": {"value": 10.5802, "sigma": 7.6787}, "geometry": {"type": "Polygon", "coordinates": [[[-76.56, 3.485], [-76.555, 3.485], [-76.555, 3.49], [-76.56, 3.49], [-76.56, 3.485]]]}}, {"type": "Feature", "properties": {"value": 10.1359, "sigma": 7.6787}, "geometry": {"type": "Polygon", "coordinates": [[[-76.555, 3.485], [-76.55, 3.485], [-76.55, 3.49], [-76.555, 3.49], [-76.555, 3.485]]]}}, {"type": "Feature", "properties": {"value": 9.7059, "sigma": 7.6787}, "geometry": {"type": "Polygon", "coordinates": [[[-76.55, 3.485], [-76.545, 3.485], [-76.545, 3.49], [-76.55, 3.49], [-76.55, 3.485]]]}}, {"type": "Feature", "properties": {"value": 9.3183, "sigma": 7.6787}, "geometry": {"type": "Polygon", "coordinates": [[[-76.545, 3.485], [-76.54, 3.485], [-76.54, 3.49], [-76.545, 3.49], [-76.545, 3.485]]]}}, {"type": "Feature", "properties": {"value": 8.9962, "sigma": 7.6787}, "geometry": {"type": "Polygon", "coordinates": [[[-76.54, 3.485], [-76.535, 3.485], [-76.535, 3.49], [-76.54, 3.49], [-76.54, 3.485]]]}}, {"type": "Feature", "properties": {"value": 8.7613, "sigma": 7.6787}, "geometry": {"type": "Polygon", "coordinates": [[[-76.535, 3.485], [-76.53, 3.485], [-76.53, 3.49], [-76.535, 3.49], [-76.535, 3.485]]]}}, {"type": "Feature", "properties": {"value": 8.6306, "sigma": 7.6787}, "geometry": {"type": "Polygon", "coordinates": [[[-76.53, 3.485], [-76.525, 3.485], [-76.525, 3.49], [-76.53, 3.49], [-76.53, 3.485]]]}}, {"type": "Feature", "properties": {"value": 8.6066, "sigma": 7.6787}, "geometry": {"type": "Polygon", "coordinates": [[[-76.525, 3.485], [-76.52, 3.485], [-76.52, 3.49], [-76.525, 3.49], [-76.525, 3.485]]]}}, {"type": "Feature", "properties": {"value": 8.6704, "sigma": 7.6787}, "geometry": {"type": "Polygon", "coordinates": [[[-76.52, 3.485], [-76.515, 3.485], [-76.515, 3.49], [-76.52, 3.49], [-76.52, 3.485]]]}}, {"type": "Feature", "properties": {"value": 8.7892, "sigma": 7.6787}, "geometry": {"type": "Polygon", "coordinates": [[[-76.515, 3.485], [-76.51, 3.485], [-76.51, 3.49], [-76.515, 3.49], [-76.515, 3.485]]]}}, {"type": "Feature", "properties": {"value": 8.9313, "sigma": 7.6787}, "geometry": {"type": "Polygon", "coordinates": [[[-76.51, 3.485], [-76.505, 3.485], [-76.505, 3.49], [-76.51, 3.49], [-76.51, 3.485]]]}}, {"type": "Feature", "properties": {"value": 9.0753, "sigma": 7.6787}, "geometry": {"type": "Polygon", "coordinates": [[[-76.505, 3.485], [-76.5, 3.485], [-76.5, 3.49], [-76.505, 3.49], [-76.505, 3.485]]]}}, {"type": "Feature", "properties": {"value": 9.2098, "sigma": 7.6787}, "geometry": {"type": "Polygon", "coordinates": [[[-76.5, 3.485], [-76.495, 3.485], [-76.495, 3.49], [-76.5, 3.49], [-76.5, 3.485]]]}}, {"type": "Feature", "properties": {"value": 9.3297, "sigma": 7.6787}, "geometry": {"type": "Polygon", "coordinates": [[[-76.495, 3.485], [-76.49, 3.485], [-76.49, 3.49], [-76.495, 3.49], [-76.495, 3.485]]]}}, {"type": "Feature", "properties": {"value": 9.4369, "sigma": 7.6787}, "geometry": {"type": "Polygon", "coordinates": [[[-76.49, 3.485], [-76.485, 3.485], [-76.485, 3.49], [-76.49, 3.49], [-76.49, 3.485]]]}}, {"type": "Feature", "properties": {"value": 9.5426, "sigma": 7.6787}, "geometry": {"type": "Polygon", "coordinates": [[[-76.485, 3.485], [-76.48, 3.485], [-76.48, 3.49], [-76.485, 3.49], [-76.485, 3.485]]]}}, {"type": "Feature", "properties": {"value": 9.668, "sigma": 7.6787}, "geometry": {"type": "Polygon", "coordinates": [[[-76.48, 3.485], [-76.475, 3.485], [-76.475, 3.49], [-76.48, 3.49], [-76.48, 3.485]]]}}, {"type": "Feature", "properties": {"value": 9.8325, "sigma": 7.6787}, "geometry": {"type": "Polygon", "coordinates": [[[-76.475, 3.485], [-76.47, 3.485], [-76.47, 3.49], [-76.475, 3.49], [-76.475, 3.485]]]}}, {"type": "Feature", "properties": {"value": 10.0292, "sigma": 7.6787}, "geometry": {"type": "Polygon", "coordinates": [[[-76.47, 3.485], [-76.465, 3.485], [-76.465, 3.49], [-76.47, 3.49], [-76.47, 3.485]]]}}, {"type": "Feature", "properties": {"value": 10.1987, "sigma": 7.6787}, "geometry": {"type": "Polygon", "coordinates": [[[-76.465, 3.485], [-76.46, 3.485], [-76.46, 3.49], [-76.465, 3.49], [-76.465, 3.485]]]}}, {"type": "Feature", "properties": {"value": 10.2522, "sigma": 7.6787}, "geometry": {"type": "Polygon", "coordinates": [[[-76.46, 3.485], [-76.455, 3.485], [-76.455, 3.49], [-76.46, 3.49], [-76.46, 3.485]]]}}, {"type": "Feature", "properties": {"value": 10.175, "sigma": 7.6787}, "geometry": {"type": "Polygon", "coordinates": [[[-76.455, 3.485], [-76.45, 3.485], [-76.45, 3.49], [-76.455, 3.49], [-76.455, 3.485]]]}}, {"type": "Feature", "properties": {"value": 10.0607, "sigma": 7.6787}, "geometry": {"type": "Polygon", "coordinates": [[[-76.45, 3.485], [-76.445, 3.485], [-76.445, 3.49], [-76.45, 3.49], [-76.45, 3.485]]]}}, {"type": "Feature", "properties": {"value": 9.983, "sigma": 7.6787}, "geometry": {"type": "Polygon", "coordinates": [[[-76.445, 3.485], [-76.44, 3.485], [-76.44, 3.49], [-76.445, 3.49], [-76.445, 3.485]]]}}, {"type": "Feature", "properties": {"value": 9.9355, "sigma": 7.6787}, "geometry": {"type": "Polygon", "coordinates": [[[-76.44, 3.485], [-76.435, 3.485], [-76.435, 3.49], [-76.44, 3.49], [-76.44, 3.485]]]}}, {"type": "Feature", "properties": {"value": 9.9136, "sigma": 7.6787}, "geometry": {"type": "Polygon", "coordinates": [[[-76.435, 3.485], [-76.43, 3.485], [-76.43, 3.49], [-76.435, 3.49], [-76.435, 3.485]]]}}, {"type": "Feature", "properties": {"value": 9.9605, "sigma": 7.6787}, "geometry": {"type": "Polygon", "coordinates": [[[-76.43, 3.485], [-76.425, 3.485], [-76.425, 3.49], [-76.43, 3.49], [-76.43, 3.485]]]}}, {"type": "Feature", "properties": {"value": 10.1416, "sigma": 7.6787}, "geometry": {"type": "Polygon", "coordinates": [[[-76.425, 3.485], [-76.42, 3.485], [-76.42, 3.49], [-76.425, 3.49], [-76.425, 3.485]]]}}, {"type": "Feature", "properties": {"value": 10.4954, "sigma": 7.6787}, "geometry": {"type": "Polygon", "coordinates": [[[-76.42, 3.485], [-76.415, 3.485], [-76.415, 3.49], [-76.42, 3.49], [-76.42, 3.485]]]}}, {"type": "Feature", "properties": {"value": 10.9529, "sigma": 7.6787}, "geometry": {"type": "Polygon", "coordinates": [[[-76.415, 3.485], [-76.41, 3.485], [-76.41, 3.49], [-76.415, 3.49], [-76.415, 3.485]]]}}, {"type": "Feature", "properties": {"value": 11.2874, "sigma": 7.6787}, "geometry": {"type": "Polygon", "coordinates": [[[-76.41, 3.485], [-76.405, 3.485], [-76.405, 3.49], [-76.41, 3.49], [-76.41, 3.485]]]}}, {"type": "Feature", "properties": {"value": 11.2954, "sigma": 7.6787}, "geometry": {"type": "Polygon", "coordinates": [[[-76.405, 3.485], [-76.4, 3.485], [-76.4, 3.49], [-76.405, 3.49], [-76.405, 3.485]]]}}, {"type": "Feature", "properties": {"value": 11.6873, "sigma": 7.6787}, "geometry": {"type": "Polygon", "coordinates": [[[-76.6, 3.49], [-76.595, 3.49], [-76.595, 3.495], [-76.6, 3.495], [-76.6, 3.49]]]}}, {"type": "Feature", "properties": {"value": 11.9498, "sigma": 7.6787}, "geometry": {"type": "Polygon", "coordinates": [[[-76.595, 3.49], [-76.59, 3.49], [-76.59, 3.495], [-76.595, 3.495], [-76.595, 3.49]]]}}, {"type": "Feature", "properties": {"value": 12.1752, "sigma": 7.6787}, "geometry": {"type": "Polygon", "coordinates": [[[-76.59, 3.49], [-76.585, 3.49], [-76.585, 3.495], [-76.59, 3.495], [-76.59, 3.49]]]}}, {"type": "Feature", "properties": {"value": 12.3237, "sigma": 7.6787}, "geometry": {"type": "Polygon", "coordinates": [[[-76.585, 3.49], [-76.58, 3.49], [-76.58, 3.495], [-76.585, 3.495], [-76.585, 3.49]]]}}, {"type": "Feature", "properties": {"value": 12.3504, "sigma": 7.6787}, "geometry": {"type": "Polygon", "coordinates": [[[-76.58, 3.49], [-76.575, 3.49], [-76.575, 3.495], [-76.58, 3.495], [-76.58, 3.49]]]}}, {"type": "Feature", "properties": {"value": 12.2187, "sigma": 7.6787}, "geometry": {"type": "Polygon", "coordinates": [[[-76.575, 3.49], [-76.57, 3.49], [-76.57, 3.495], [-76.575, 3.495], [-76.575, 3.49]]]}}, {"type": "Feature", "properties": {"value": 11.9171, "sigma": 7.6787}, "geometry": {"type": "Polygon", "coordinates": [[[-76.57, 3.49], [-76.565, 3.49], [-76.565, 3.495], [-76.57, 3.495], [-76.57, 3.49]]]}}, {"type": "Feature", "properties": {"value": 11.4684, "sigma": 7.6787}, "geometry": {"type": "Polygon", "coordinates": [[[-76.565, 3.49], [-76.56, 3.49], [-76.56, 3.495], [-76.565, 3.495], [-76.565, 3.49]]]}}, {"type": "Feature", "properties": {"value": 10.9217, "sigma": 7.6787}, "geometry": {"type": "Polygon", "coordinates": [[[-76.56, 3.49], [-76.555, 3.49], [-76.555, 3.495], [-76.56, 3.495], [-76.56, 3.49]]]}}, {"type": "Feature", "properties": {"value": 10.3334, "sigma": 7.6787}, "geometry": {"type": "Polygon", "coordinates": [[[-76.555, 3.49], [-76.55, 3.49], [-76.55, 3.495], [-76.555, 3.495], [-76.555, 3.49]]]}}, {"type": "Feature", "properties": {"value": 9.7509, "sigma": 7.6787}, "geometry": {"type": "Polygon", "coordinates": [[[-76.55, 3.49], [-76.545, 3.49], [-76.545, 3.495], [-76.55, 3.495], [-76.55, 3.49]]]}}, {"type": "Feature", "properties": {"value": 9.2104, "sigma": 7.6787}, "geometry": {"type": "Polygon", "coordinates": [[[-76.545, 3.49], [-76.54, 3.49], [-76.54, 3.495], [-76.545, 3.495], [-76.545, 3.49]]]}}, {"type": "Feature", "properties": {"value": 8.7452, "sigma": 7.6787}, "geometry": {"type": "Polygon", "coordinates": [[[-76.54, 3.49], [-76.535, 3.49], [-76.535, 3.495], [-76.54, 3.495], [-76.54, 3.49]]]}}, {"type": "Feature", "properties": {"value": 8.3961, "sigma": 7.6787}, "geometry": {"type": "Polygon", "coordinates": [[[-76.535, 3.49], [-76.53, 3.49], [-76.53, 3.495], [-76.535, 3.495], [-76.535, 3.49]]]}}, {"type": "Feature", "properties": {"value": 8.2061, "sigma": 7.6787}, "geometry": {"type": "Polygon", "coordinates": [[[-76.53, 3.49], [-76.525, 3.49], [-76.525, 3.495], [-76.53, 3.495], [-76.53, 3.49]]]}}, {"type": "Feature", "properties": {"value": 8.191, "sigma": 7.6787}, "geometry": {"type": "Polygon", "coordinates": [[[-76.525, 3.49], [-76.52, 3.49], [-76.52, 3.495], [-76.525, 3.495], [-76.525, 3.49]]]}}, {"type": "Feature", "properties": {"value": 8.3165, "sigma": 7.6787}, "geometry": {"type": "Polygon", "coordinates": [[[-76.52, 3.49], [-76.515, 3.49], [-76.515, 3.495], [-76.52, 3.495], [-76.52, 3.49]]]}}, {"type": "Feature", "properties": {"value": 8.5164, "sigma": 7.6787}, "geometry": {"type": "Polygon", "coordinates": [[[-76.515, 3.49], [-76.51, 3.49], [-76.51, 3.495], [-76.515, 3.495], [-76.515, 3.49]]]}}, {"type": "Feature", "properties": {"value": 8.7325, "sigma": 7.6787}, "geometry": {"type": "Polygon", "coordinates": [[[-76.51, 3.49], [-76.505, 3.49], [-76.505, 3.495], [-76.51, 3.495], [-76.51, 3.49]]]}}, {"type": "Feature", "properties": {"value": 8.9344, "sigma": 7.6787}, "geometry": {"type": "Polygon", "coordinates": [[[-76.505, 3.49], [-76.5, 3.49], [-76.5, 3.495], [-76.505, 3.495], [-76.505, 3.49]]]}}, {"type": "Feature", "properties": {"value": 9.1141, "sigma": 7.6787}, "geometry": {"type": "Polygon", "coordinates": [[[-76.5, 3.49], [-76.495, 3.49], [-76.495, 3.495], [-76.5, 3.495], [-76.5, 3.49]]]}}, {"type": "Feature", "properties": {"value": 9.277, "sigma": 7.6787}, "geometry": {"type": "Polygon", "coordinates": [[[-76.495, 3.49], [-76.49, 3.49], [-76.49, 3.495], [-76.495, 3.495], [-76.495, 3.49]]]}}, {"type": "Feature", "properties": {"value": 9.437, "sigma": 7.6787}, "geometry": {"type": "Polygon", "coordinates": [[[-76.49, 3.49], [-76.485, 3.49], [-76.485, 3.495], [-76.49, 3.495], [-76.49, 3.49]]]}}, {"type": "Feature", "properties": {"value": 9.617, "sigma": 7.6787}, "geometry": {"type": "Polygon", "coordinates": [[[-76.485, 3.49], [-76.48, 3.49], [-76.48, 3.495], [-76.485, 3.495], [-76.485, 3.49]]]}}, {"type": "Feature", "properties": {"value": 9.8481, "sigma": 7.6787}, "geometry": {"type": "Polygon", "coordinates": [[[-76.48, 3.49], [-76.475, 3.49], [-76.475, 3.495], [-76.48, 3.495], [-76.48, 3.49]]]}}, {"type": "Feature", "properties": {"value": 10.1593, "sigma": 7.6787}, "geometry": {"type": "Polygon", "coordinates": [[[-76.475, 3.49], [-76.47, 3.49], [-76.47, 3.495], [-76.475, 3.495], [-76.475, 3.49]]]}}, {"type": "Feature", "properties": {"value": 10.5432, "sigma": 7.6787}, "geometry": {"type": "Polygon", "coordinates": [[[-76.47, 3.49], [-76.465, 3.49], [-76.465, 3.495], [-76.47, 3.495], [-76.47, 3.49]]]}}, {"type": "Feature", "properties": {"value": 10.8914, "sigma": 7.6787}, "geometry": {"type": "Polygon", "coordinates": [[[-76.465, 3.49], [-76.46, 3.49], [-76.46, 3.495], [-76.465, 3.495], [-76.465, 3.49]]]}}, {"type": "Feature", "properties": {"value": 10.9954, "sigma": 7.6787}, "geometry": {"type": "Polygon", "coordinates": [[[-76.46, 3.49], [-76.455, 3.49], [-76.455, 3.495], [-76.46, 3.495], [-76.46, 3.49]]]}}, {"type": "Feature", "properties": {"value": 10.7795, "sigma": 7.6787}, "geometry": {"type": "Polygon", "coordinates": [[[-76.455, 3.49], [-76.45, 3.49], [-76.45, 3.495], [-76.455, 3.495], [-76.455, 3.49]]]}}, {"type": "Feature", "properties": {"value": 10.4422, "sigma": 7.6787}, "geometry": {"type": "Polygon", "coordinates": [[[-76.45, 3.49], [-76.445, 3.49], [-76.445, 3.495], [-76.45, 3.495], [-76.45, 3.49]]]}}, {"type": "Feature", "properties": {"value": 10.179, "sigma": 7.6787}, "geometry": {"type": "Polygon", "coordinates": [[[-76.445, 3.49], [-76.44, 3.49], [-76.44, 3.495], [-76.445, 3.495], [-76.445, 3.49]]]}}, {"type": "Feature", "properties": {"value": 10.0289, "sigma": 7.6787}, "geometry": {"type": "Polygon", "coordinates": [[[-76.44, 3.49], [-76.435, 3.49], [-76.435, 3.495], [-76.44, 3.495], [-76.44, 3.49]]]}}, {"type": "Feature", "properties": {"value": 9.9747, "sigma": 7.6787}, "geometry": {"type": "Polygon", "coordinates": [[[-76.435, 3.49], [-76.43, 3.49], [-76.43, 3.495], [-76.435, 3.495], [-76.435, 3.49]]]}}, {"type": "Feature", "properties": {"value": 10.0241, "sigma": 7.6787}, "geometry": {"type": "Polygon", "coordinates": [[[-76.43, 3.49], [-76.425, 3.49], [-76.425, 3.495], [-76.43, 3.495], [-76.43, 3.49]]]}}, {"type": "Feature", "properties": {"value": 10.2117, "sigma": 7.6787}, "geometry": {"type": "Polygon", "coordinates": [[[-76.425, 3.49], [-76.42, 3.49], [-76.42, 3.495], [-76.425, 3.495], [-76.425, 3.49]]]}}, {"type": "Feature", "properties": {"value": 10.5587, "sigma": 7.6787}, "geometry": {"type": "Polygon", "coordinates": [[[-76.42, 3.49], [-76.415, 3.49], [-76.415, 3.495], [-76.42, 3.495], [-76.42, 3.49]]]}}, {"type": "Feature", "properties": {"value": 10.9932, "sigma": 7.6787}, "geometry": {"type": "Polygon", "coordinates": [[[-76.415, 3.49], [-76.41, 3.49], [-76.41, 3.495], [-76.415, 3.495], [-76.415, 3.49]]]}}, {"type": "Feature", "properties": {"value": 11.3056, "sigma": 7.6787}, "geometry": {"type": "Polygon", "coordinates": [[[-76.41, 3.49], [-76.405, 3.49], [-76.405, 3.495], [-76.41, 3.495], [-76.41, 3.49]]]}}, {"type": "Feature", "properties": {"value": 11.3118, "sigma": 7.6787}, "geometry": {"type": "Polygon", "coordinates": [[[-76.405, 3.49], [-76.4, 3.49], [-76.4, 3.495], [-76.405, 3.495], [-76.405, 3.49]]]}}, {"type": "Feature", "properties": {"value": 12.0228, "sigma": 7.6787}, "geometry": {"type": "Polygon", "coordinates": [[[-76.6, 3.495], [-76.595, 3.495], [-76.595, 3.5], [-76.6, 3.5], [-76.6, 3.495]]]}}, {"type": "Feature", "properties": {"value": 12.3532, "sigma": 7.6787}, "geometry": {"type": "Polygon", "coordinates": [[[-76.595, 3.495], [-76.59, 3.495], [-76.59, 3.5], [-76.595, 3.5], [-76.595, 3.495]]]}}, {"type": "Feature", "properties": {"value": 12.6523, "sigma": 7.6787}, "geometry": {"type": "Polygon", "coordinates": [[[-76.59, 3.495], [-76.585, 3.495], [-76.585, 3.5], [-76.59, 3.5], [-76.59, 3.495]]]}}, {"type": "Feature", "properties": {"value": 12.8708, "sigma": 7.6787}, "geometry": {"type": "Polygon", "coordinates": [[[-76.585, 3.495], [-76.58, 3.495], [-76.58, 3.5], [-76.585, 3.5], [-76.585, 3.495]]]}}, {"type": "Feature", "properties": {"value": 12.9484, "sigma": 7.6787}, "geometry": {"type": "Polygon", "coordinates": [[[-76.58, 3.495], [-76.575, 3.495], [-76.575, 3.5], [-76.58, 3.5], [-76.58, 3.495]]]}}, {"type": "Feature", "properties": {"value": 12.8299, "sigma": 7.6787}, "geometry": {"type": "Polygon", "coordinates": [[[-76.575, 3.495], [-76.57, 3.495], [-76.57, 3.5], [-76.575, 3.5], [-76.575, 3.495]]]}}, {"type": "Feature", "properties": {"value": 12.4906, "sigma": 7.6787}, "geometry": {"type": "Polygon", "coordinates": [[[-76.57, 3.495], [-76.565, 3.495], [-76.565, 3.5], [-76.57, 3.5], [-76.57, 3.495]]]}}, {"type": "Feature", "properties": {"value": 11.9517, "sigma": 7.6787}, "geometry": {"type": "Polygon", "coordinates": [[[-76.565, 3.495], [-76.56, 3.495], [-76.56, 3.5], [-76.565, 3.5], [-76.565, 3.495]]]}}, {"type": "Feature", "properties": {"value": 11.2726, "sigma": 7.6787}, "geometry": {"type": "Polygon", "coordinates": [[[-76.56, 3.495], [-76.555, 3.495], [-76.555, 3.5], [-76.56, 3.5], [-76.56, 3.495]]]}}, {"type": "Feature", "properties": {"value": 10.5235, "sigma": 7.6787}, "geometry": {"type": "Polygon", "coordinates": [[[-76.555, 3.495], [-76.55, 3.495], [-76.55, 3.5], [-76.555, 3.5], [-76.555, 3.495]]]}}, {"type": "Feature", "properties": {"value": 9.7616, "sigma": 7.6787}, "geometry": {"type": "Polygon", "coordinates": [[[-76.55, 3.495], [-76.545, 3.495], [-76.545, 3.5], [-76.55, 3.5], [-76.55, 3.495]]]}}, {"type": "Feature", "properties": {"value": 9.0284, "sigma": 7.6787}, "geometry": {"type": "Polygon", "coordinates": [[[-76.545, 3.495], [-76.54, 3.495], [-76.54, 3.5], [-76.545, 3.5], [-76.545, 3.495]]]}}, {"type": "Feature", "properties": {"value": 8.368, "sigma": 7.6787}, "geometry": {"type": "Polygon", "coordinates": [[[-76.54, 3.495], [-76.535, 3.495], [-76.535, 3.5], [-76.54, 3.5], [-76.54, 3.495]]]}}, {"type": "Feature", "properties": {"value": 7.8532, "sigma": 7.6787}, "geometry": {"type": "Polygon", "coordinates": [[[-76.535, 3.495], [-76.53, 3.495], [-76.53, 3.5], [-76.535, 3.5], [-76.535, 3.495]]]}}, {"type": "Feature", "properties": {"value": 7.5795, "sigma": 7.6787}, "geometry": {"type": "Polygon", "coordinates": [[[-76.53, 3.495], [-76.525, 3.495], [-76.525, 3.5], [-76.53, 3.5], [-76.53, 3.495]]]}}, {"type": "Feature", "properties": {"value": 7.5954, "sigma": 7.6787}, "geometry": {"type": "Polygon", "coordinates": [[[-76.525, 3.495], [-76.52, 3.495], [-76.52, 3.5], [-76.525, 3.5], [-76.525, 3.495]]]}}, {"type": "Feature", "properties": {"value": 7.8362, "sigma": 7.6787}, "geometry": {"type": "Polygon", "coordinates": [[[-76.52, 3.495], [-76.515, 3.495], [-76.515, 3.5], [-76.52, 3.5], [-76.52, 3.495]]]}}, {"type": "Feature", "properties": {"value": 8.1707, "sigma": 7.6787}, "geometry": {"type": "Polygon", "coordinates": [[[-76.515, 3.495], [-76.51, 3.495], [-76.51, 3.5], [-76.515, 3.5], [-76.515, 3.495]]]}}, {"type": "Feature", "properties": {"value": 8.4989, "sigma": 7.6787}, "geometry": {"type": "Polygon", "coordinates": [[[-76.51, 3.495], [-76.505, 3.495], [-76.505, 3.5], [-76.51, 3.5], [-76.51, 3.495]]]}}, {"type": "Feature", "properties": {"value": 8.782, "sigma": 7.6787}, "geometry": {"type": "Polygon", "coordinates": [[[-76.505, 3.495], [-76.5, 3.495], [-76.5, 3.5], [-76.505, 3.5], [-76.505, 3.495]]]}}, {"type": "Feature", "properties": {"value": 9.0213, "sigma": 7.6787}, "geometry": {"type": "Polygon", "coordinates": [[[-76.5, 3.495], [-76.495, 3.495], [-76.495, 3.5], [-76.5, 3.5], [-76.5, 3.495]]]}}, {"type": "Feature", "properties": {"value": 9.2348, "sigma": 7.6787}, "geometry": {"type": "Polygon", "coordinates": [[[-76.495, 3.495], [-76.49, 3.495], [-76.49, 3.5], [-76.495, 3.5], [-76.495, 3.495]]]}}, {"type": "Feature", "properties": {"value": 9.4482, "sigma": 7.6787}, "geometry": {"type": "Polygon", "coordinates": [[[-76.49, 3.495], [-76.485, 3.495], [-76.485, 3.5], [-76.49, 3.5], [-76.49, 3.495]]]}}, {"type": "Feature", "properties": {"value": 9.6947, "sigma": 7.6787}, "geometry": {"type": "Polygon", "coordinates": [[[-76.485, 3.495], [-76.48, 3.495], [-76.48, 3.5], [-76.485, 3.5], [-76.485, 3.495]]]}}, {"type": "Feature", "properties": {"value": 10.0162, "sigma": 7.6787}, "geometry": {"type": "Polygon", "coordinates": [[[-76.48, 3.495], [-76.475, 3.495], [-76.475, 3.5], [-76.48, 3.5], [-76.48, 3.495]]]}}, {"type": "Feature", "properties": {"value": 10.4549, "sigma": 7.6787}, "geometry": {"type": "Polygon", "coordinates": [[[-76.475, 3.495], [-76.47, 3.495], [-76.47, 3.5], [-76.475, 3.5], [-76.475, 3.495]]]}}, {"type": "Feature", "properties": {"value": 11.0129, "sigma": 7.6787}, "geometry": {"type": "Polygon", "coordinates": [[[-76.47, 3.495], [-76.465, 3.495], [-76.465, 3.5], [-76.47, 3.5], [-76.47, 3.495]]]}}, {"type": "Feature", "properties": {"value": 11.5443, "sigma": 7.6787}, "geometry": {"type": "Polygon", "coordinates": [[[-76.465, 3.495], [-76.46, 3.495], [-76.46, 3.5], [-76.465, 3.5], [-76.465, 3.495]]]}}, {"type": "Feature", "properties": {"value": 11.7122, "sigma": 7.6787}, "geometry": {"type": "Polygon", "coordinates": [[[-76.46, 3.495], [-76.455, 3.495], [-76.455, 3.5], [-76.46, 3.5], [-76.46, 3.495]]]}}, {"type": "Feature", "properties": {"value": 11.3693, "sigma": 7.6787}, "geometry": {"type": "Polygon", "coordinates": [[[-76.455, 3.495], [-76.45, 3.495], [-76.45, 3.5], [-76.455, 3.5], [-76.455, 3.495]]]}}, {"type": "Feature", "properties": {"value": 10.8313, "sigma": 7.6787}, "geometry": {"type": "Polygon", "coordinates": [[[-76.45, 3.495], [-76.445, 3.495], [-76.445, 3.5], [-76.45, 3.5], [-76.45, 3.495]]]}}, {"type": "Feature", "properties": {"value": 10.4041, "sigma": 7.6787}, "geometry": {"type": "Polygon", "coordinates": [[[-76.445, 3.495], [-76.44, 3.495], [-76.44, 3.5], [-76.445, 3.5], [-76.445, 3.495]]]}}, {"type": "Feature", "properties": {"value": 10.1511, "sigma": 7.6787}, "geometry": {"type": "Polygon", "coordinates": [[[-76.44, 3.495], [-76.435, 3.495], [-76.435, 3.5], [-76.44, 3.5], [-76.44, 3.495]]]}}, {"type": "Feature", "properties": {"value": 10.0426, "sigma": 7.6787}, "geometry": {"type": "Polygon", "coordinates": [[[-76.435, 3.495], [-76.43, 3.495], [-76.43, 3.5], [-76.435, 3.5], [-76.435, 3.495]]]}}, {"type": "Feature", "properties": {"value": 10.0598, "sigma": 7.6787}, "geometry": {"type": "Polygon", "coordinates": [[[-76.43, 3.495], [-76.425, 3.495], [-76.425, 3.5], [-76.43, 3.5], [-76.43, 3.495]]]}}, {"type": "Feature", "properties": {"value": 10.207, "sigma": 7.6787}, "geometry": {"type": "Polygon", "coordinates": [[[-76.425, 3.495], [-76.42, 3.495], [-76.42, 3.5], [-76.425, 3.5], [-76.425, 3.495]]]}}, {"type": "Feature", "properties": {"value": 10.4795, "sigma": 7.6787}, "geometry": {"type": "Polygon", "coordinates": [[[-76.42, 3.495], [-76.415, 3.495], [-76.415, 3.5], [-76.42, 3.5], [-76.42, 3.495]]]}}, {"type": "Feature", "properties": {"value": 10.8095, "sigma": 7.6787}, "geometry": {"type": "Polygon", "coordinates": [[[-76.415, 3.495], [-76.41, 3.495], [-76.41, 3.5], [-76.415, 3.5], [-76.415, 3.495]]]}}, {"type": "Feature", "properties": {"value": 11.0465, "sigma": 7.6787}, "geometry": {"type": "Polygon", "coordinates": [[[-76.41, 3.495], [-76.405, 3.495], [-76.405, 3.5], [-76.41, 3.5], [-76.41, 3.495]]]}}, {"type": "Feature", "properties": {"value": 11.0624, "sigma": 7.6787}, "geometry": {"type": "Polygon", "coordinates": [[[-76.405, 3.495], [-76.4, 3.495], [-76.4, 3.5], [-76.405, 3.5], [-76.405, 3.495]]]}}, {"type": "Feature", "properties": {"value": 12.2952, "sigma": 7.6787}, "geometry": {"type": "Polygon", "coordinates": [[[-76.6, 3.5], [-76.595, 3.5], [-76.595, 3.505], [-76.6, 3.505], [-76.6, 3.5]]]}}, {"type": "Feature", "properties": {"value": 12.6822, "sigma": 7.6787}, "geometry": {"type": "Polygon", "coordinates": [[[-76.595, 3.5], [-76.59, 3.5], [-76.59, 3.505], [-76.595, 3.505], [-76.595, 3.5]]]}}, {"type": "Feature", "properties": {"value": 13.0448, "sigma": 7.6787}, "geometry": {"type": "Polygon", "coordinates": [[[-76.59, 3.5], [-76.585, 3.5], [-76.585, 3.505], [-76.59, 3.505], [-76.59, 3.5]]]}}, {"type": "Feature", "properties": {"value": 13.3065, "sigma": 7.6787}, "geometry": {"type": "Polygon", "coordinates": [[[-76.585, 3.5], [-76.58, 3.5], [-76.58, 3.505], [-76.585, 3.505], [-76.585, 3.5]]]}}, {"type": "Feature", "properties": {"value": 13.3065, "sigma": 7.6787}, "geometry": {"type": "Polygon", "coordinates": [[[-76.58, 3.5], [-76.575, 3.5], [-76.575, 3.505], [-76.58, 3.505], [-76.58, 3.5]]]}}, {"type": "Feature", "properties": {"value": 13.3065, "sigma": 7.6787}, "geometry": {"type": "Polygon", "coordinates": [[[-76.575, 3.5], [-76.57, 3.5], [-76.57, 3.505], [-76.575, 3.505], [-76.575, 3.5]]]}}, {"type": "Feature", "properties": {"value": 12.9991, "sigma": 7.6787}, "geometry": {"type": "Polygon", "coordinates": [[[-76.57, 3.5], [-76.565, 3.5], [-76.565, 3.505], [-76.57, 3.505], [-76.57, 3.5]]]}}, {"type": "Feature", "properties": {"value": 12.3877, "sigma": 7.6787}, "geometry": {"type": "Polygon", "coordinates": [[[-76.565, 3.5], [-76.56, 3.5], [-76.56, 3.505], [-76.565, 3.505], [-76.565, 3.5]]]}}, {"type": "Feature", "properties": {"value": 11.5911, "sigma": 7.6787}, "geometry": {"type": "Polygon", "coordinates": [[[-76.56, 3.5], [-76.555, 3.5], [-76.555, 3.505], [-76.56, 3.505], [-76.56, 3.5]]]}}, {"type": "Feature", "properties": {"value": 10.6893, "sigma": 7.6787}, "geometry": {"type": "Polygon", "coordinates": [[[-76.555, 3.5], [-76.55, 3.5], [-76.55, 3.505], [-76.555, 3.505], [-76.555, 3.5]]]}}, {"type": "Feature", "properties": {"value": 9.7452, "sigma": 7.6787}, "geometry": {"type": "Polygon", "coordinates": [[[-76.55, 3.5], [-76.545, 3.5], [-76.545, 3.505], [-76.55, 3.505], [-76.55, 3.5]]]}}, {"type": "Feature", "properties": {"value": 8.8012, "sigma": 7.6787}, "geometry": {"type": "Polygon", "coordinates": [[[-76.545, 3.5], [-76.54, 3.5], [-76.54, 3.505], [-76.545, 3.505], [-76.545, 3.5]]]}}, {"type": "Feature", "properties": {"value": 7.9097, "sigma": 7.6787}, "geometry": {"type": "Polygon", "coordinates": [[[-76.54, 3.5], [-76.535, 3.5], [-76.535, 3.505], [-76.54, 3.505], [-76.54, 3.5]]]}}, {"type": "Feature", "properties": {"value": 7.1853, "sigma": 7.6787}, "geometry": {"type": "Polygon", "coordinates": [[[-76.535, 3.5], [-76.53, 3.5], [-76.53, 3.505], [-76.535, 3.505], [-76.535, 3.5]]]}}, {"type": "Feature", "properties": {"value": 6.8076, "sigma": 7.6787}, "geometry": {"type": "Polygon", "coordinates": [[[-76.53, 3.5], [-76.525, 3.5], [-76.525, 3.505], [-76.53, 3.505], [-76.53, 3.5]]]}}, {"type": "Feature", "properties": {"value": 6.8819, "sigma": 7.6787}, "geometry": {"type": "Polygon", "coordinates": [[[-76.525, 3.5], [-76.52, 3.5], [-76.52, 3.505], [-76.525, 3.505], [-76.525, 3.5]]]}}, {"type": "Feature", "properties": {"value": 7.2897, "sigma": 7.6787}, "geometry": {"type": "Polygon", "coordinates": [[[-76.52, 3.5], [-76.515, 3.5], [-76.515, 3.505], [-76.52, 3.505], [-76.52, 3.5]]]}}, {"type": "Feature", "properties": {"value": 7.7995, "sigma": 7.6787}, "geometry": {"type": "Polygon", "coordinates": [[[-76.515, 3.5], [-76.51, 3.5], [-76.51, 3.505], [-76.515, 3.505], [-76.515, 3.5]]]}}, {"type": "Feature", "properties": {"value": 8.2604, "sigma": 7.6787}, "geometry": {"type": "Polygon", "coordinates": [[[-76.51, 3.5], [-76.505, 3.5], [-76.505, 3.505], [-76.51, 3.505], [-76.51, 3.5]]]}}, {"type": "Feature", "properties": {"value": 8.6329, "sigma": 7.6787}, "geometry": {"type": "Polygon", "coordinates": [[[-76.505, 3.5], [-76.5, 3.5], [-76.5, 3.505], [-76.505, 3.505], [-76.505, 3.5]]]}}, {"type": "Feature", "properties": {"value": 8.933, "sigma": 7.6787}, "geometry": {"type": "Polygon", "coordinates": [[[-76.5, 3.5], [-76.495, 3.5], [-76.495, 3.505], [-76.5, 3.505], [-76.5, 3.5]]]}}, {"type": "Feature", "properties": {"value": 9.1931, "sigma": 7.6787}, "geometry": {"type": "Polygon", "coordinates": [[[-76.495, 3.5], [-76.49, 3.5], [-76.49, 3.505], [-76.495, 3.505], [-76.495, 3.5]]]}}, {"type": "Feature", "properties": {"value": 9.449, "sigma": 7.6787}, "geometry": {"type": "Polygon", "coordinates": [[[-76.49, 3.5], [-76.485, 3.5], [-76.485, 3.505], [-76.49, 3.505], [-76.49, 3.5]]]}}, {"type": "Feature", "properties": {"value": 9.7401, "sigma": 7.6787}, "geometry": {"type": "Polygon", "coordinates": [[[-76.485, 3.5], [-76.48, 3.5], [-76.48, 3.505], [-76.485, 3.505], [-76.485, 3.5]]]}}, {"type": "Feature", "properties": {"value": 10.1111, "sigma": 7.6787}, "geometry": {"type": "Polygon", "coordinates": [[[-76.48, 3.5], [-76.475, 3.5], [-76.475, 3.505], [-76.48, 3.505], [-76.48, 3.5]]]}}, {"type": "Feature", "properties": {"value": 10.604, "sigma": 7.6787}, "geometry": {"type": "Polygon", "coordinates": [[[-76.475, 3.5], [-76.47, 3.5], [-76.47, 3.505], [-76.475, 3.505], [-76.475, 3.5]]]}}, {"type": "Feature", "properties": {"value": 11.2147, "sigma": 7.6787}, "geometry": {"type": "Polygon", "coordinates": [[[-76.47, 3.5], [-76.465, 3.5], [-76.465, 3.505], [-76.47, 3.505], [-76.47, 3.5]]]}}, {"type": "Feature", "properties": {"value": 11.7828, "sigma": 7.6787}, "geometry": {"type": "Polygon", "coordinates": [[[-76.465, 3.5], [-76.46, 3.5], [-76.46, 3.505], [-76.465, 3.505], [-76.465, 3.5]]]}}, {"type": "Feature", "properties": {"value": 11.9599, "sigma": 7.6787}, "geometry": {"type": "Polygon", "coordinates": [[[-76.46, 3.5], [-76.455, 3.5], [-76.455, 3.505], [-76.46, 3.505], [-76.46, 3.5]]]}}, {"type": "Feature", "properties": {"value": 11.6009, "sigma": 7.6787}, "geometry": {"type": "Polygon", "coordinates": [[[-76.455, 3.5], [-76.45, 3.5], [-76.45, 3.505], [-76.455, 3.505], [-76.455, 3.5]]]}}, {"type": "Feature", "properties": {"value": 11.0219, "sigma": 7.6787}, "geometry": {"type": "Polygon", "coordinates": [[[-76.45, 3.5], [-76.445, 3.5], [-76.445, 3.505], [-76.45, 3.505], [-76.45, 3.5]]]}}, {"type": "Feature", "properties": {"value": 10.5394, "sigma": 7.6787}, "geometry": {"type": "Polygon", "coordinates": [[[-76.445, 3.5], [-76.44, 3.5], [-76.44, 3.505], [-76.445, 3.505], [-76.445, 3.5]]]}}, {"type": "Feature", "properties": {"value": 10.2349, "sigma": 7.6787}, "geometry": {"type": "Polygon", "coordinates": [[[-76.44, 3.5], [-76.435, 3.5], [-76.435, 3.505], [-76.44, 3.505], [-76.44, 3.5]]]}}, {"type": "Feature", "properties": {"value": 10.0853, "sigma": 7.6787}, "geometry": {"type": "Polygon", "coordinates": [[[-76.435, 3.5], [-76.43, 3.5], [-76.43, 3.505], [-76.435, 3.505], [-76.435, 3.5]]]}}, {"type": "Feature", "properties": {"value": 10.0625, "sigma": 7.6787}, "geometry": {"type": "Polygon", "coordinates": [[[-76.43, 3.5], [-76.425, 3.5], [-76.425, 3.505], [-76.43, 3.505], [-76.43, 3.5]]]}}, {"type": "Feature", "properties": {"value": 10.1515, "sigma": 7.6787}, "geometry": {"type": "Polygon", "coordinates": [[[-76.425, 3.5], [-76.42, 3.5], [-76.42, 3.505], [-76.425, 3.505], [-76.425, 3.5]]]}}, {"type": "Feature", "properties": {"value": 10.3311, "sigma": 7.6787}, "geometry": {"type": "Polygon", "coordinates": [[[-76.42, 3.5], [-76.415, 3.5], [-76.415, 3.505], [-76.42, 3.505], [-76.42, 3.5]]]}}, {"type": "Feature", "properties": {"value": 10.5452, "sigma": 7.6787}, "geometry": {"type": "Polygon", "coordinates": [[[-76.415, 3.5], [-76.41, 3.5], [-76.41, 3.505], [-76.415, 3.505], [-76.415, 3.5]]]}}, {"type": "Feature", "properties": {"value": 10.7001, "sigma": 7.6787}, "geometry": {"type": "Polygon", "coordinates": [[[-76.41, 3.5], [-76.405, 3.5], [-76.405, 3.505], [-76.41, 3.505], [-76.41, 3.5]]]}}, {"type": "Feature", "properties": {"value": 10.7185, "sigma": 7.6787}, "geometry": {"type": "Polygon", "coordinates": [[[-76.405, 3.5], [-76.4, 3.5], [-76.4, 3.505], [-76.405, 3.505], [-76.405, 3.5]]]}}, {"type": "Feature", "properties": {"value": 12.4752, "sigma": 7.6787}, "geometry": {"type": "Polygon", "coordinates": [[[-76.6, 3.505], [-76.595, 3.505], [-76.595, 3.51], [-76.6, 3.51], [-76.6, 3.505]]]}}, {"type": "Feature", "properties": {"value": 12.8948, "sigma": 7.6787}, "geometry": {"type": "Polygon", "coordinates": [[[-76.595, 3.505], [-76.59, 3.505], [-76.59, 3.51], [-76.595, 3.51], [-76.595, 3.505]]]}}, {"type": "Feature", "properties": {"value": 13.2948, "sigma": 7.6787}, "geometry": {"type": "Polygon", "coordinates": [[[-76.59, 3.505], [-76.585, 3.505], [-76.585, 3.51], [-76.59, 3.51], [-76.59, 3.505]]]}}, {"type": "Feature", "properties": {"value": 13.3065, "sigma": 7.6787}, "geometry": {"type": "Polygon", "coordinates": [[[-76.585, 3.505], [-76.58, 3.505], [-76.58, 3.51], [-76.585, 3.51], [-76.585, 3.505]]]}}, {"type": "Feature", "properties": {"value": 13.3065, "sigma": 7.6787}, "geometry": {"type": "Polygon", "coordinates": [[[-76.58, 3.505], [-76.575, 3.505], [-76.575, 3.51], [-76.58, 3.51], [-76.58, 3.505]]]}}, {"type": "Feature", "properties": {"value": 13.3065, "sigma": 7.6787}, "geometry": {"type": "Polygon", "coordinates": [[[-76.575, 3.505], [-76.57, 3.505], [-76.57, 3.51], [-76.575, 3.51], [-76.575, 3.505]]]}}, {"type": "Feature", "properties": {"value": 13.3065, "sigma": 7.6787}, "geometry": {"type": "Polygon", "coordinates": [[[-76.57, 3.505], [-76.565, 3.505], [-76.565, 3.51], [-76.57, 3.51], [-76.57, 3.505]]]}}, {"type": "Feature", "properties": {"value": 12.6901, "sigma": 7.6787}, "geometry": {"type": "Polygon", "coordinates": [[[-76.565, 3.505], [-76.56, 3.505], [-76.56, 3.51], [-76.565, 3.51], [-76.565, 3.505]]]}}, {"type": "Feature", "properties": {"value": 11.8198, "sigma": 7.6787}, "geometry": {"type": "Polygon", "coordinates": [[[-76.56, 3.505], [-76.555, 3.505], [-76.555, 3.51], [-76.56, 3.51], [-76.56, 3.505]]]}}, {"type": "Feature", "properties": {"value": 10.8112, "sigma": 7.6787}, "geometry": {"type": "Polygon", "coordinates": [[[-76.555, 3.505], [-76.55, 3.505], [-76.55, 3.51], [-76.555, 3.51], [-76.555, 3.505]]]}}, {"type": "Feature", "properties": {"value": 9.7293, "sigma": 7.6787}, "geometry": {"type": "Polygon", "coordinates": [[[-76.55, 3.505], [-76.545, 3.505], [-76.545, 3.51], [-76.55, 3.51], [-76.55, 3.505]]]}}, {"type": "Feature", "properties": {"value": 8.6162, "sigma": 7.6787}, "geometry": {"type": "Polygon", "coordinates": [[[-76.545, 3.505], [-76.54, 3.505], [-76.54, 3.51], [-76.545, 3.51], [-76.545, 3.505]]]}}, {"type": "Feature", "properties": {"value": 7.5318, "sigma": 7.6787}, "geometry": {"type": "Polygon", "coordinates": [[[-76.54, 3.505], [-76.535, 3.505], [-76.535, 3.51], [-76.54, 3.51], [-76.54, 3.505]]]}}, {"type": "Feature", "properties": {"value": 6.6295, "sigma": 7.6787}, "geometry": {"type": "Polygon", "coordinates": [[[-76.535, 3.505], [-76.53, 3.505], [-76.53, 3.51], [-76.535, 3.51], [-76.535, 3.505]]]}}, {"type": "Feature", "properties": {"value": 6.1692, "sigma": 7.6787}, "geometry": {"type": "Polygon", "coordinates": [[[-76.53, 3.505], [-76.525, 3.505], [-76.525, 3.51], [-76.53, 3.51], [-76.53, 3.505]]]}}, {"type": "Feature", "properties": {"value": 6.3048, "sigma": 7.6787}, "geometry": {"type": "Polygon", "coordinates": [[[-76.525, 3.505], [-76.52, 3.505], [-76.52, 3.51], [-76.525, 3.51], [-76.525, 3.505]]]}}, {"type": "Feature", "properties": {"value": 6.8593, "sigma": 7.6787}, "geometry": {"type": "Polygon", "coordinates": [[[-76.52, 3.505], [-76.515, 3.505], [-76.515, 3.51], [-76.52, 3.51], [-76.52, 3.505]]]}}, {"type": "Feature", "properties": {"value": 7.5116, "sigma": 7.6787}, "geometry": {"type": "Polygon", "coordinates": [[[-76.515, 3.505], [-76.51, 3.505], [-76.51, 3.51], [-76.515, 3.51], [-76.515, 3.505]]]}}, {"type": "Feature", "properties": {"value": 8.0751, "sigma": 7.6787}, "geometry": {"type": "Polygon", "coordinates": [[[-76.51, 3.505], [-76.505, 3.505], [-76.505, 3.51], [-76.51, 3.51], [-76.51, 3.505]]]}}, {"type": "Feature", "properties": {"value": 8.5145, "sigma": 7.6787}, "geometry": {"type": "Polygon", "coordinates": [[[-76.505, 3.505], [-76.5, 3.505], [-76.5, 3.51], [-76.505, 3.51], [-76.505, 3.505]]]}}, {"type": "Feature", "properties": {"value": 8.859, "sigma": 7.6787}, "geometry": {"type": "Polygon", "coordinates": [[[-76.5, 3.505], [-76.495, 3.505], [-76.495, 3.51], [-76.5, 3.51], [-76.5, 3.505]]]}}, {"type": "Feature", "properties": {"value": 9.1504, "sigma": 7.6787}, "geometry": {"type": "Polygon", "coordinates": [[[-76.495, 3.505], [-76.49, 3.505], [-76.49, 3.51], [-76.495, 3.51], [-76.495, 3.505]]]}}, {"type": "Feature", "properties": {"value": 9.4296, "sigma": 7.6787}, "geometry": {"type": "Polygon", "coordinates": [[[-76.49, 3.505], [-76.485, 3.505], [-76.485, 3.51], [-76.49, 3.51], [-76.49, 3.505]]]}}, {"type": "Feature", "properties": {"value": 9.7351, "sigma": 7.6787}, "geometry": {"type": "Polygon", "coordinates": [[[-76.485, 3.505], [-76.48, 3.505], [-76.48, 3.51], [-76.485, 3.51], [-76.485, 3.505]]]}}, {"type": "Feature", "properties": {"value": 10.1042, "sigma": 7.6787}, "geometry": {"type": "Polygon", "coordinates": [[[-76.48, 3.505], [-76.475, 3.505], [-76.475, 3.51], [-76.48, 3.51], [-76.48, 3.505]]]}}, {"type": "Feature", "properties": {"value": 10.5624, "sigma": 7.6787}, "geometry": {"type": "Polygon", "coordinates": [[[-76.475, 3.505], [-76.47, 3.505], [-76.47, 3.51], [-76.475, 3.51], [-76.475, 3.505]]]}}, {"type": "Feature", "properties": {"value": 11.0859, "sigma": 7.6787}, "geometry": {"type": "Polygon", "coordinates": [[[-76.47, 3.505], [-76.465, 3.505], [-76.465, 3.51], [-76.47, 3.51], [-76.47, 3.505]]]}}, {"type": "Feature", "properties": {"value": 11.534, "sigma": 7.6787}, "geometry": {"type": "Polygon", "coordinates": [[[-76.465, 3.505], [-76.46, 3.505], [-76.46, 3.51], [-76.465, 3.51], [-76.465, 3.505]]]}}, {"type": "Feature", "properties": {"value": 11.6685, "sigma": 7.6787}, "geometry": {"type": "Polygon", "coordinates": [[[-76.46, 3.505], [-76.455, 3.505], [-76.455, 3.51], [-76.46, 3.51], [-76.46, 3.505]]]}}, {"type": "Feature", "properties": {"value": 11.4062, "sigma": 7.6787}, "geometry": {"type": "Polygon", "coordinates": [[[-76.455, 3.505], [-76.45, 3.505], [-76.45, 3.51], [-76.455, 3.51], [-76.455, 3.505]]]}}, {"type": "Feature", "properties": {"value": 10.9521, "sigma": 7.6787}, "geometry": {"type": "Polygon", "coordinates": [[[-76.45, 3.505], [-76.445, 3.505], [-76.445, 3.51], [-76.45, 3.51], [-76.45, 3.505]]]}}, {"type": "Feature", "properties": {"value": 10.5367, "sigma": 7.6787}, "geometry": {"type": "Polygon", "coordinates": [[[-76.445, 3.505], [-76.44, 3.505], [-76.44, 3.51], [-76.445, 3.51], [-76.445, 3.505]]]}}, {"type": "Feature", "properties": {"value": 10.2486, "sigma": 7.6787}, "geometry": {"type": "Polygon", "coordinates": [[[-76.44, 3.505], [-76.435, 3.505], [-76.435, 3.51], [-76.44, 3.51], [-76.44, 3.505]]]}}, {"type": "Feature", "properties": {"value": 10.0883, "sigma": 7.6787}, "geometry": {"type": "Polygon", "coordinates": [[[-76.435, 3.505], [-76.43, 3.505], [-76.43, 3.51], [-76.435, 3.51], [-76.435, 3.505]]]}}, {"type": "Feature", "properties": {"value": 10.0363, "sigma": 7.6787}, "geometry": {"type": "Polygon", "coordinates": [[[-76.43, 3.505], [-76.425, 3.505], [-76.425, 3.51], [-76.43, 3.51], [-76.43, 3.505]]]}}, {"type": "Feature", "properties": {"value": 10.0733, "sigma": 7.6787}, "geometry": {"type": "Polygon", "coordinates": [[[-76.425, 3.505], [-76.42, 3.505], [-76.42, 3.51], [-76.425, 3.51], [-76.425, 3.505]]]}}, {"type": "Feature", "properties": {"value": 10.1743, "sigma": 7.6787}, "geometry": {"type": "Polygon", "coordinates": [[[-76.42, 3.505], [-76.415, 3.505], [-76.415, 3.51], [-76.42, 3.51], [-76.42, 3.505]]]}}, {"type": "Feature", "properties": {"value": 10.2979, "sigma": 7.6787}, "geometry": {"type": "Polygon", "coordinates": [[[-76.415, 3.505], [-76.41, 3.505], [-76.41, 3.51], [-76.415, 3.51], [-76.415, 3.505]]]}}, {"type": "Feature", "properties": {"value": 10.3879, "sigma": 7.6787}, "geometry": {"type": "Polygon", "coordinates": [[[-76.41, 3.505], [-76.405, 3.505], [-76.405, 3.51], [-76.41, 3.51], [-76.41, 3.505]]]}}, {"type": "Feature", "properties": {"value": 10.3992, "sigma": 7.6787}, "geometry": {"type": "Polygon", "coordinates": [[[-76.405, 3.505], [-76.4, 3.505], [-76.4, 3.51], [-76.405, 3.51], [-76.405, 3.505]]]}}, {"type": "Feature", "properties": {"value": 12.5455, "sigma": 7.6787}, "geometry": {"type": "Polygon", "coordinates": [[[-76.6, 3.51], [-76.595, 3.51], [-76.595, 3.515], [-76.6, 3.515], [-76.6, 3.51]]]}}, {"type": "Feature", "properties": {"value": 12.9667, "sigma": 7.6787}, "geometry": {"type": "Polygon", "coordinates": [[[-76.595, 3.51], [-76.59, 3.51], [-76.59, 3.515], [-76.595, 3.515], [-76.595, 3.51]]]}}, {"type": "Feature", "properties": {"value": 13.3065, "sigma": 7.6787}, "geometry": {"type": "Polygon", "coordinates": [[[-76.59, 3.51], [-76.585, 3.51], [-76.585, 3.515], [-76.59, 3.515], [-76.59, 3.51]]]}}, {"type": "Feature", "properties": {"value": 13.3065, "sigma": 7.6787}, "geometry": {"type": "Polygon", "coordinates": [[[-76.585, 3.51], [-76.58, 3.51], [-76.58, 3.515], [-76.585, 3.515], [-76.585, 3.51]]]}}, {"type": "Feature", "properties": {"value": 13.3065, "sigma": 7.6787}, "geometry": {"type": "Polygon", "coordinates": [[[-76.58, 3.51], [-76.575, 3.51], [-76.575, 3.515], [-76.58, 3.515], [-76.58, 3.51]]]}}, {"type": "Feature", "properties": {"value": 13.3065, "sigma": 7.6787}, "geometry": {"type": "Polygon", "coordinates": [[[-76.575, 3.51], [-76.57, 3.51], [-76.57, 3.515], [-76.575, 3.515], [-76.575, 3.51]]]}}, {"type": "Feature", "properties": {"value": 13.3065, "sigma": 7.6787}, "geometry": {"type": "Polygon", "coordinates": [[[-76.57, 3.51], [-76.565, 3.51], [-76.565, 3.515], [-76.57, 3.515], [-76.57, 3.51]]]}}, {"type": "Feature", "properties": {"value": 12.7887, "sigma": 7.6787}, "geometry": {"type": "Polygon", "coordinates": [[[-76.565, 3.51], [-76.56, 3.51], [-76.56, 3.515], [-76.565, 3.515], [-76.565, 3.51]]]}}, {"type": "Feature", "properties": {"value": 11.9084, "sigma": 7.6787}, "geometry": {"type": "Polygon", "coordinates": [[[-76.56, 3.51], [-76.555, 3.51], [-76.555, 3.515], [-76.56, 3.515], [-76.56, 3.51]]]}}, {"type": "Feature", "properties": {"value": 10.8728, "sigma": 7.6787}, "geometry": {"type": "Polygon", "coordinates": [[[-76.555, 3.51], [-76.55, 3.51], [-76.55, 3.515], [-76.555, 3.515], [-76.555, 3.51]]]}}, {"type": "Feature", "properties": {"value": 9.7476, "sigma": 7.6787}, "geometry": {"type": "Polygon", "coordinates": [[[-76.55, 3.51], [-76.545, 3.51], [-76.545, 3.515], [-76.55, 3.515], [-76.55, 3.51]]]}}, {"type": "Feature", "properties": {"value": 8.5816, "sigma": 7.6787}, "geometry": {"type": "Polygon", "coordinates": [[[-76.545, 3.51], [-76.54, 3.51], [-76.54, 3.515], [-76.545, 3.515], [-76.545, 3.51]]]}}, {"type": "Feature", "properties": {"value": 7.447, "sigma": 7.6787}, "geometry": {"type": "Polygon", "coordinates": [[[-76.54, 3.51], [-76.535, 3.51], [-76.535, 3.515], [-76.54, 3.515], [-76.54, 3.51]]]}}, {"type": "Feature", "properties": {"value": 6.5135, "sigma": 7.6787}, "geometry": {"type": "Polygon", "coordinates": [[[-76.535, 3.51], [-76.53, 3.51], [-76.53, 3.515], [-76.535, 3.515], [-76.535, 3.51]]]}}, {"type": "Feature", "properties": {"value": 6.0475, "sigma": 7.6787}, "geometry": {"type": "Polygon", "coordinates": [[[-76.53, 3.51], [-76.525, 3.51], [-76.525, 3.515], [-76.53, 3.515], [-76.53, 3.51]]]}}, {"type": "Feature", "properties": {"value": 6.1911, "sigma": 7.6787}, "geometry": {"type": "Polygon", "coordinates": [[[-76.525, 3.51], [-76.52, 3.51], [-76.52, 3.515], [-76.525, 3.515], [-76.525, 3.51]]]}}, {"type": "Feature", "properties": {"value": 6.7561, "sigma": 7.6787}, "geometry": {"type": "Polygon", "coordinates": [[[-76.52, 3.51], [-76.515, 3.51], [-76.515, 3.515], [-76.52, 3.515], [-76.52, 3.51]]]}}, {"type": "Feature", "properties": {"value": 7.4214, "sigma": 7.6787}, "geometry": {"type": "Polygon", "coordinates": [[[-76.515, 3.51], [-76.51, 3.51], [-76.51, 3.515], [-76.515, 3.515], [-76.515, 3.51]]]}}, {"type": "Feature", "properties": {"value": 8.0002, "sigma": 7.6787}, "geometry": {"type": "Polygon", "coordinates": [[[-76.51, 3.51], [-76.505, 3.51], [-76.505, 3.515], [-76.51, 3.515], [-76.51, 3.51]]]}}, {"type": "Feature", "properties": {"value": 8.4547, "sigma": 7.6787}, "geometry": {"type": "Polygon", "coordinates": [[[-76.505, 3.51], [-76.5, 3.51], [-76.5, 3.515], [-76.505, 3.515], [-76.505, 3.51]]]}}, {"type": "Feature", "properties": {"value": 8.8117, "sigma": 7.6787}, "geometry": {"type": "Polygon", "coordinates": [[[-76.5, 3.51], [-76.495, 3.51], [-76.495, 3.515], [-76.5, 3.515], [-76.5, 3.51]]]}}, {"type": "Feature", "properties": {"value": 9.1115, "sigma": 7.6787}, "geometry": {"type": "Polygon", "coordinates": [[[-76.495, 3.51], [-76.49, 3.51], [-76.49, 3.515], [-76.495, 3.515], [-76.495, 3.51]]]}}, {"type": "Feature", "properties": {"value": 9.3917, "sigma": 7.6787}, "geometry": {"type": "Polygon", "coordinates": [[[-76.49, 3.51], [-76.485, 3.51], [-76.485, 3.515], [-76.49, 3.515], [-76.49, 3.51]]]}}, {"type": "Feature", "properties": {"value": 9.6843, "sigma": 7.6787}, "geometry": {"type": "Polygon", "coordinates": [[[-76.485, 3.51], [-76.48, 3.51], [-76.48, 3.515], [-76.485, 3.515], [-76.485, 3.51]]]}}, {"type": "Feature", "properties": {"value": 10.0142, "sigma": 7.6787}, "geometry": {"type": "Polygon", "coordinates": [[[-76.48, 3.51], [-76.475, 3.51], [-76.475, 3.515], [-76.48, 3.515], [-76.48, 3.51]]]}}, {"type": "Feature", "properties": {"value": 10.3893, "sigma": 7.6787}, "geometry": {"type": "Polygon", "coordinates": [[[-76.475, 3.51], [-76.47, 3.51], [-76.47, 3.515], [-76.475, 3.515], [-76.475, 3.51]]]}}, {"type": "Feature", "properties": {"value": 10.7769, "sigma": 7.6787}, "geometry": {"type": "Polygon", "coordinates": [[[-76.47, 3.51], [-76.465, 3.51], [-76.465, 3.515], [-76.47, 3.515], [-76.47, 3.51]]]}}, {"type": "Feature", "properties": {"value": 11.08, "sigma": 7.6787}, "geometry": {"type": "Polygon", "coordinates": [[[-76.465, 3.51], [-76.46, 3.51], [-76.46, 3.515], [-76.465, 3.515], [-76.465, 3.51]]]}}, {"type": "Feature", "properties": {"value": 11.1727, "sigma": 7.6787}, "geometry": {"type": "Polygon", "coordinates": [[[-76.46, 3.51], [-76.455, 3.51], [-76.455, 3.515], [-76.46, 3.515], [-76.46, 3.51]]]}}, {"type": "Feature", "properties": {"value": 11.0201, "sigma": 7.6787}, "geometry": {"type": "Polygon", "coordinates": [[[-76.455, 3.51], [-76.45, 3.51], [-76.45, 3.515], [-76.455, 3.515], [-76.455, 3.51]]]}}, {"type": "Feature", "properties": {"value": 10.7267, "sigma": 7.6787}, "geometry": {"type": "Polygon", "coordinates": [[[-76.45, 3.51], [-76.445, 3.51], [-76.445, 3.515], [-76.45, 3.515], [-76.45, 3.51]]]}}, {"type": "Feature", "properties": {"value": 10.4275, "sigma": 7.6787}, "geometry": {"type": "Polygon", "coordinates": [[[-76.445, 3.51], [-76.44, 3.51], [-76.44, 3.515], [-76.445, 3.515], [-76.445, 3.51]]]}}, {"type": "Feature", "properties": {"value": 10.1965, "sigma": 7.6787}, "geometry": {"type": "Polygon", "coordinates": [[[-76.44, 3.51], [-76.435, 3.51], [-76.435, 3.515], [-76.44, 3.515], [-76.44, 3.51]]]}}, {"type": "Feature", "properties": {"value": 10.0517, "sigma": 7.6787}, "geometry": {"type": "Polygon", "coordinates": [[[-76.435, 3.51], [-76.43, 3.51], [-76.43, 3.515], [-76.435, 3.515], [-76.435, 3.51]]]}}, {"type": "Feature", "properties": {"value": 9.9869, "sigma": 7.6787}, "geometry": {"type": "Polygon", "coordinates": [[[-76.43, 3.51], [-76.425, 3.51], [-76.425, 3.515], [-76.43, 3.515], [-76.43, 3.51]]]}}, {"type": "Feature", "properties": {"value": 9.9878, "sigma": 7.6787}, "geometry": {"type": "Polygon", "coordinates": [[[-76.425, 3.51], [-76.42, 3.51], [-76.42, 3.515], [-76.425, 3.515], [-76.425, 3.51]]]}}, {"type": "Feature", "properties": {"value": 10.0338, "sigma": 7.6787}, "geometry": {"type": "Polygon", "coordinates": [[[-76.42, 3.51], [-76.415, 3.51], [-76.415, 3.515], [-76.42, 3.515], [-76.42, 3.51]]]}}, {"type": "Feature", "properties": {"value": 10.0961, "sigma": 7.6787}, "geometry": {"type": "Polygon", "coordinates": [[[-76.415, 3.51], [-76.41, 3.51], [-76.41, 3.515], [-76.415, 3.515], [-76.415, 3.51]]]}}, {"type": "Feature", "properties": {"value": 10.141, "sigma": 7.6787}, "geometry": {"type": "Polygon", "coordinates": [[[-76.41, 3.51], [-76.405, 3.51], [-76.405, 3.515], [-76.41, 3.515], [-76.41, 3.51]]]}}, {"type": "Feature", "properties": {"value": 10.1415, "sigma": 7.6787}, "geometry": {"type": "Polygon", "coordinates": [[[-76.405, 3.51], [-76.4, 3.51], [-76.4, 3.515], [-76.405, 3.515], [-76.405, 3.51]]]}}, {"type": "Feature", "properties": {"value": 12.5065, "sigma": 7.6787}, "geometry": {"type": "Polygon", "coordinates": [[[-76.6, 3.515], [-76.595, 3.515], [-76.595, 3.52], [-76.6, 3.52], [-76.6, 3.515]]]}}, {"type": "Feature", "properties": {"value": 12.8993, "sigma": 7.6787}, "geometry": {"type": "Polygon", "coordinates": [[[-76.595, 3.515], [-76.59, 3.515], [-76.59, 3.52], [-76.595, 3.52], [-76.595, 3.515]]]}}, {"type": "Feature", "properties": {"value": 13.267, "sigma": 7.6787}, "geometry": {"type": "Polygon", "coordinates": [[[-76.59, 3.515], [-76.585, 3.515], [-76.585, 3.52], [-76.59, 3.52], [-76.59, 3.515]]]}}, {"type": "Feature", "properties": {"value": 13.3065, "sigma": 7.6787}, "geometry": {"type": "Polygon", "coordinates": [[[-76.585, 3.515], [-76.58, 3.515], [-76.58, 3.52], [-76.585, 3.52], [-76.585, 3.515]]]}}, {"type": "Feature", "properties": {"value": 13.3065, "sigma": 7.6787}, "geometry": {"type": "Polygon", "coordinates": [[[-76.58, 3.515], [-76.575, 3.515], [-76.575, 3.52], [-76.58, 3.52], [-76.58, 3.515]]]}}, {"type": "Feature", "properties": {"value": 13.3065, "sigma": 7.6787}, "geometry": {"type": "Polygon", "coordinates": [[[-76.575, 3.515], [-76.57, 3.515], [-76.57, 3.52], [-76.575, 3.52], [-76.575, 3.515]]]}}, {"type": "Feature", "properties": {"value": 13.2817, "sigma": 7.6787}, "geometry": {"type": "Polygon", "coordinates": [[[-76.57, 3.515], [-76.565, 3.515], [-76.565, 3.52], [-76.57, 3.52], [-76.57, 3.515]]]}}, {"type": "Feature", "properties": {"value": 12.6739, "sigma": 7.6787}, "geometry": {"type": "Polygon", "coordinates": [[[-76.565, 3.515], [-76.56, 3.515], [-76.56, 3.52], [-76.565, 3.52], [-76.565, 3.515]]]}}, {"type": "Feature", "properties": {"value": 11.8466, "sigma": 7.6787}, "geometry": {"type": "Polygon", "coordinates": [[[-76.56, 3.515], [-76.555, 3.515], [-76.555, 3.52], [-76.56, 3.52], [-76.56, 3.515]]]}}, {"type": "Feature", "properties": {"value": 10.8696, "sigma": 7.6787}, "geometry": {"type": "Polygon", "coordinates": [[[-76.555, 3.515], [-76.55, 3.515], [-76.55, 3.52], [-76.555, 3.52], [-76.555, 3.515]]]}}, {"type": "Feature", "properties": {"value": 9.8098, "sigma": 7.6787}, "geometry": {"type": "Polygon", "coordinates": [[[-76.55, 3.515], [-76.545, 3.515], [-76.545, 3.52], [-76.55, 3.52], [-76.55, 3.515]]]}}, {"type": "Feature", "properties": {"value": 8.7269, "sigma": 7.6787}, "geometry": {"type": "Polygon", "coordinates": [[[-76.545, 3.515], [-76.54, 3.515], [-76.54, 3.52], [-76.545, 3.52], [-76.545, 3.515]]]}}, {"type": "Feature", "properties": {"value": 7.7042, "sigma": 7.6787}, "geometry": {"type": "Polygon", "coordinates": [[[-76.54, 3.515], [-76.535, 3.515], [-76.535, 3.52], [-76.54, 3.52], [-76.54, 3.515]]]}}, {"type": "Feature", "properties": {"value": 6.892, "sigma": 7.6787}, "geometry": {"type": "Polygon", "coordinates": [[[-76.535, 3.515], [-76.53, 3.515], [-76.53, 3.52], [-76.535, 3.52], [-76.535, 3.515]]]}}, {"type": "Feature", "properties": {"value": 6.486, "sigma": 7.6787}, "geometry": {"type": "Polygon", "coordinates": [[[-76.53, 3.515], [-76.525, 3.515], [-76.525, 3.52], [-76.53, 3.52], [-76.53, 3.515]]]}}, {"type": "Feature", "properties": {"value": 6.5707, "sigma": 7.6787}, "geometry": {"type": "Polygon", "coordinates": [[[-76.525, 3.515], [-76.52, 3.515], [-76.52, 3.52], [-76.525, 3.52], [-76.525, 3.515]]]}}, {"type": "Feature", "properties": {"value": 7.0043, "sigma": 7.6787}, "geometry": {"type": "Polygon", "coordinates": [[[-76.52, 3.515], [-76.515, 3.515], [-76.515, 3.52], [-76.52, 3.52], [-76.52, 3.515]]]}}, {"type": "Feature", "properties": {"value": 7.5493, "sigma": 7.6787}, "geometry": {"type": "Polygon", "coordinates": [[[-76.515, 3.515], [-76.51, 3.515], [-76.51, 3.52], [-76.515, 3.52], [-76.515, 3.515]]]}}, {"type": "Feature", "properties": {"value": 8.0511, "sigma": 7.6787}, "geometry": {"type": "Polygon", "coordinates": [[[-76.51, 3.515], [-76.505, 3.515], [-76.505, 3.52], [-76.51, 3.52], [-76.51, 3.515]]]}}, {"type": "Feature", "properties": {"value": 8.4638, "sigma": 7.6787}, "geometry": {"type": "Polygon", "coordinates": [[[-76.505, 3.515], [-76.5, 3.515], [-76.5, 3.52], [-76.505, 3.52], [-76.505, 3.515]]]}}, {"type": "Feature", "properties": {"value": 8.7984, "sigma": 7.6787}, "geometry": {"type": "Polygon", "coordinates": [[[-76.5, 3.515], [-76.495, 3.515], [-76.495, 3.52], [-76.5, 3.52], [-76.5, 3.515]]]}}, {"type": "Feature", "properties": {"value": 9.0827, "sigma": 7.6787}, "geometry": {"type": "Polygon", "coordinates": [[[-76.495, 3.515], [-76.49, 3.515], [-76.49, 3.52], [-76.495, 3.52], [-76.495, 3.515]]]}}, {"type": "Feature", "properties": {"value": 9.3446, "sigma": 7.6787}, "geometry": {"type": "Polygon", "coordinates": [[[-76.49, 3.515], [-76.485, 3.515], [-76.485, 3.52], [-76.49, 3.52], [-76.49, 3.515]]]}}, {"type": "Feature", "properties": {"value": 9.6067, "sigma": 7.6787}, "geometry": {"type": "Polygon", "coordinates": [[[-76.485, 3.515], [-76.48, 3.515], [-76.48, 3.52], [-76.485, 3.52], [-76.485, 3.515]]]}}, {"type": "Feature", "properties": {"value": 9.883, "sigma": 7.6787}, "geometry": {"type": "Polygon", "coordinates": [[[-76.48, 3.515], [-76.475, 3.515], [-76.475, 3.52], [-76.48, 3.52], [-76.48, 3.515]]]}}, {"type": "Feature", "properties": {"value": 10.1715, "sigma": 7.6787}, "geometry": {"type": "Polygon", "coordinates": [[[-76.475, 3.515], [-76.47, 3.515], [-76.47, 3.52], [-76.475, 3.52], [-76.475, 3.515]]]}}, {"type": "Feature", "properties": {"value": 10.4444, "sigma": 7.6787}, "geometry": {"type": "Polygon", "coordinates": [[[-76.47, 3.515], [-76.465, 3.515], [-76.465, 3.52], [-76.47, 3.52], [-76.47, 3.515]]]}}, {"type": "Feature", "properties": {"value": 10.6448, "sigma": 7.6787}, "geometry": {"type": "Polygon", "coordinates": [[[-76.465, 3.515], [-76.46, 3.515], [-76.46, 3.52], [-76.465, 3.52], [-76.465, 3.515]]]}}, {"type": "Feature", "properties": {"value": 10.713, "sigma": 7.6787}, "geometry": {"type": "Polygon", "coordinates": [[[-76.46, 3.515], [-76.455, 3.515], [-76.455, 3.52], [-76.46, 3.52], [-76.46, 3.515]]]}}, {"type": "Feature", "properties": {"value": 10.6361, "sigma": 7.6787}, "geometry": {"type": "Polygon", "coordinates": [[[-76.455, 3.515], [-76.45, 3.515], [-76.45, 3.52], [-76.455, 3.52], [-76.455, 3.515]]]}}, {"type": "Feature", "properties": {"value": 10.4641, "sigma": 7.6787}, "geometry": {"type": "Polygon", "coordinates": [[[-76.45, 3.515], [-76.445, 3.515], [-76.445, 3.52], [-76.45, 3.52], [-76.45, 3.515]]]}}, {"type": "Feature", "properties": {"value": 10.269, "sigma": 7.6787}, "geometry": {"type": "Polygon", "coordinates": [[[-76.445, 3.515], [-76.44, 3.515], [-76.44, 3.52], [-76.445, 3.52], [-76.445, 3.515]]]}}, {"type": "Feature", "properties": {"value": 10.102, "sigma": 7.6787}, "geometry": {"type": "Polygon", "coordinates": [[[-76.44, 3.515], [-76.435, 3.515], [-76.435, 3.52], [-76.44, 3.52], [-76.44, 3.515]]]}}, {"type": "Feature", "properties": {"value": 9.985, "sigma": 7.6787}, "geometry": {"type": "Polygon", "coordinates": [[[-76.435, 3.515], [-76.43, 3.515], [-76.43, 3.52], [-76.435, 3.52], [-76.435, 3.515]]]}}, {"type": "Feature", "properties": {"value": 9.9205, "sigma": 7.6787}, "geometry": {"type": "Polygon", "coordinates": [[[-76.43, 3.515], [-76.425, 3.515], [-76.425, 3.52], [-76.43, 3.52], [-76.43, 3.515]]]}}, {"type": "Feature", "properties": {"value": 9.901, "sigma": 7.6787}, "geometry": {"type": "Polygon", "coordinates": [[[-76.425, 3.515], [-76.42, 3.515], [-76.42, 3.52], [-76.425, 3.52], [-76.425, 3.515]]]}}, {"type": "Feature", "properties": {"value": 9.9125, "sigma": 7.6787}, "geometry": {"type": "Polygon", "coordinates": [[[-76.42, 3.515], [-76.415, 3.515], [-76.415, 3.52], [-76.42, 3.52], [-76.42, 3.515]]]}}, {"type": "Feature", "properties": {"value": 9.9363, "sigma": 7.6787}, "geometry": {"type": "Polygon", "coordinates": [[[-76.415, 3.515], [-76.41, 3.515], [-76.41, 3.52], [-76.415, 3.52], [-76.415, 3.515]]]}}, {"type": "Feature", "properties": {"value": 9.9518, "sigma": 7.6787}, "geometry": {"type": "Polygon", "coordinates": [[[-76.41, 3.515], [-76.405, 3.515], [-76.405, 3.52], [-76.41, 3.52], [-76.41, 3.515]]]}}, {"type": "Feature", "properties": {"value": 9.9422, "sigma": 7.6787}, "geometry": {"type": "Polygon", "coordinates": [[[-76.405, 3.515], [-76.4, 3.515], [-76.4, 3.52], [-76.405, 3.52], [-76.405, 3.515]]]}}, {"type": "Feature", "properties": {"value": 12.3745, "sigma": 7.6787}, "geometry": {"type": "Polygon", "coordinates": [[[-76.6, 3.52], [-76.595, 3.52], [-76.595, 3.525], [-76.6, 3.525], [-76.6, 3.52]]]}}, {"type": "Feature", "properties": {"value": 12.7177, "sigma": 7.6787}, "geometry": {"type": "Polygon", "coordinates": [[[-76.595, 3.52], [-76.59, 3.52], [-76.59, 3.525], [-76.595, 3.525], [-76.595, 3.52]]]}}, {"type": "Feature", "properties": {"value": 13.0286, "sigma": 7.6787}, "geometry": {"type": "Polygon", "coordinates": [[[-76.59, 3.52], [-76.585, 3.52], [-76.585, 3.525], [-76.59, 3.525], [-76.59, 3.52]]]}}, {"type": "Feature", "properties": {"value": 13.2614, "sigma": 7.6787}, "geometry": {"type": "Polygon", "coordinates": [[[-76.585, 3.52], [-76.58, 3.52], [-76.58, 3.525], [-76.585, 3.525], [-76.585, 3.52]]]}}, {"type": "Feature", "properties": {"value": 13.3065, "sigma": 7.6787}, "geometry": {"type": "Polygon", "coordinates": [[[-76.58, 3.52], [-76.575, 3.52], [-76.575, 3.525], [-76.58, 3.525], [-76.58, 3.52]]]}}, {"type": "Feature", "properties": {"value": 13.2659, "sigma": 7.6787}, "geometry": {"type": "Polygon", "coordinates": [[[-76.575, 3.52], [-76.57, 3.52], [-76.57, 3.525], [-76.575, 3.525], [-76.575, 3.52]]]}}, {"type": "Feature", "properties": {"value": 12.9464, "sigma": 7.6787}, "geometry": {"type": "Polygon", "coordinates": [[[-76.57, 3.52], [-76.565, 3.52], [-76.565, 3.525], [-76.57, 3.525], [-76.57, 3.52]]]}}, {"type": "Feature", "properties": {"value": 12.4017, "sigma": 7.6787}, "geometry": {"type": "Polygon", "coordinates": [[[-76.565, 3.52], [-76.56, 3.52], [-76.56, 3.525], [-76.565, 3.525], [-76.565, 3.52]]]}}, {"type": "Feature", "properties": {"value": 11.6702, "sigma": 7.6787}, "geometry": {"type": "Polygon", "coordinates": [[[-76.56, 3.52], [-76.555, 3.52], [-76.555, 3.525], [-76.56, 3.525], [-76.56, 3.52]]]}}, {"type": "Feature", "properties": {"value": 10.8124, "sigma": 7.6787}, "geometry": {"type": "Polygon", "coordinates": [[[-76.555, 3.52], [-76.55, 3.52], [-76.55, 3.525], [-76.555, 3.525], [-76.555, 3.52]]]}}, {"type": "Feature", "properties": {"value": 9.8925, "sigma": 7.6787}, "geometry": {"type": "Polygon", "coordinates": [[[-76.55, 3.52], [-76.545, 3.52], [-76.545, 3.525], [-76.55, 3.525], [-76.55, 3.52]]]}}, {"type": "Feature", "properties": {"value": 8.9752, "sigma": 7.6787}, "geometry": {"type": "Polygon", "coordinates": [[[-76.545, 3.52], [-76.54, 3.52], [-76.54, 3.525], [-76.545, 3.525], [-76.545, 3.52]]]}}, {"type": "Feature", "properties": {"value": 8.1405, "sigma": 7.6787}, "geometry": {"type": "Polygon", "coordinates": [[[-76.54, 3.52], [-76.535, 3.52], [-76.535, 3.525], [-76.54, 3.525], [-76.54, 3.52]]]}}, {"type": "Feature", "properties": {"value": 7.4984, "sigma": 7.6787}, "geometry": {"type": "Polygon", "coordinates": [[[-76.535, 3.52], [-76.53, 3.52], [-76.53, 3.525], [-76.535, 3.525], [-76.535, 3.52]]]}}, {"type": "Feature", "properties": {"value": 7.1629, "sigma": 7.6787}, "geometry": {"type": "Polygon", "coordinates": [[[-76.53, 3.52], [-76.525, 3.52], [-76.525, 3.525], [-76.53, 3.525], [-76.53, 3.52]]]}}, {"type": "Feature", "properties": {"value": 7.1708, "sigma": 7.6787}, "geometry": {"type": "Polygon", "coordinates": [[[-76.525, 3.52], [-76.52, 3.52], [-76.52, 3.525], [-76.525, 3.525], [-76.525, 3.52]]]}}, {"type": "Feature", "properties": {"value": 7.4357, "sigma": 7.6787}, "geometry": {"type": "Polygon", "coordinates": [[[-76.52, 3.52], [-76.515, 3.52], [-76.515, 3.525], [-76.52, 3.525], [-76.52, 3.52]]]}}, {"type": "Feature", "properties": {"value": 7.813, "sigma": 7.6787}, "geometry": {"type": "Polygon", "coordinates": [[[-76.515, 3.52], [-76.51, 3.52], [-76.51, 3.525], [-76.515, 3.525], [-76.515, 3.52]]]}}, {"type": "Feature", "properties": {"value": 8.1932, "sigma": 7.6787}, "geometry": {"type": "Polygon", "coordinates": [[[-76.51, 3.52], [-76.505, 3.52], [-76.505, 3.525], [-76.51, 3.525], [-76.51, 3.52]]]}}, {"type": "Feature", "properties": {"value": 8.5294, "sigma": 7.6787}, "geometry": {"type": "Polygon", "coordinates": [[[-76.505, 3.52], [-76.5, 3.52], [-76.5, 3.525], [-76.505, 3.525], [-76.505, 3.52]]]}}, {"type": "Feature", "properties": {"value": 8.8166, "sigma": 7.6787}, "geometry": {"type": "Polygon", "coordinates": [[[-76.5, 3.52], [-76.495, 3.52], [-76.495, 3.525], [-76.5, 3.525], [-76.5, 3.52]]]}}, {"type": "Feature", "properties": {"value": 9.0675, "sigma": 7.6787}, "geometry": {"type": "Polygon", "coordinates": [[[-76.495, 3.52], [-76.49, 3.52], [-76.49, 3.525], [-76.495, 3.525], [-76.495, 3.52]]]}}, {"type": "Feature", "properties": {"value": 9.2984, "sigma": 7.6787}, "geometry": {"type": "Polygon", "coordinates": [[[-76.49, 3.52], [-76.485, 3.52], [-76.485, 3.525], [-76.49, 3.525], [-76.49, 3.52]]]}}, {"type": "Feature", "properties": {"value": 9.5225, "sigma": 7.6787}, "geometry": {"type": "Polygon", "coordinates": [[[-76.485, 3.52], [-76.48, 3.52], [-76.48, 3.525], [-76.485, 3.525], [-76.485, 3.52]]]}}, {"type": "Feature", "properties": {"value": 9.7461, "sigma": 7.6787}, "geometry": {"type": "Polygon", "coordinates": [[[-76.48, 3.52], [-76.475, 3.52], [-76.475, 3.525], [-76.48, 3.525], [-76.48, 3.52]]]}}, {"type": "Feature", "properties": {"value": 9.9643, "sigma": 7.6787}, "geometry": {"type": "Polygon", "coordinates": [[[-76.475, 3.52], [-76.47, 3.52], [-76.47, 3.525], [-76.475, 3.525], [-76.475, 3.52]]]}}, {"type": "Feature", "properties": {"value": 10.158, "sigma": 7.6787}, "geometry": {"type": "Polygon", "coordinates": [[[-76.47, 3.52], [-76.465, 3.52], [-76.465, 3.525], [-76.47, 3.525], [-76.47, 3.52]]]}}, {"type": "Feature", "properties": {"value": 10.2962, "sigma": 7.6787}, "geometry": {"type": "Polygon", "coordinates": [[[-76.465, 3.52], [-76.46, 3.52], [-76.46, 3.525], [-76.465, 3.525], [-76.465, 3.52]]]}}, {"type": "Feature", "properties": {"value": 10.3513, "sigma": 7.6787}, "geometry": {"type": "Polygon", "coordinates": [[[-76.46, 3.52], [-76.455, 3.52], [-76.455, 3.525], [-76.46, 3.525], [-76.46, 3.52]]]}}, {"type": "Feature", "properties": {"value": 10.3189, "sigma": 7.6787}, "geometry": {"type": "Polygon", "coordinates": [[[-76.455, 3.52], [-76.45, 3.52], [-76.45, 3.525], [-76.455, 3.525], [-76.455, 3.52]]]}}, {"type": "Feature", "properties": {"value": 10.2234, "sigma": 7.6787}, "geometry": {"type": "Polygon", "coordinates": [[[-76.45, 3.52], [-76.445, 3.52], [-76.445, 3.525], [-76.45, 3.525], [-76.45, 3.52]]]}}, {"type": "Feature", "properties": {"value": 10.1026, "sigma": 7.6787}, "geometry": {"type": "Polygon", "coordinates": [[[-76.445, 3.52], [-76.44, 3.52], [-76.44, 3.525], [-76.445, 3.525], [-76.445, 3.52]]]}}, {"type": "Feature", "properties": {"value": 9.9889, "sigma": 7.6787}, "geometry": {"type": "Polygon", "coordinates": [[[-76.44, 3.52], [-76.435, 3.52], [-76.435, 3.525], [-76.44, 3.525], [-76.44, 3.52]]]}}, {"type": "Feature", "properties": {"value": 9.9006, "sigma": 7.6787}, "geometry": {"type": "Polygon", "coordinates": [[[-76.435, 3.52], [-76.43, 3.52], [-76.43, 3.525], [-76.435, 3.525], [-76.435, 3.52]]]}}, {"type": "Feature", "properties": {"value": 9.8434, "sigma": 7.6787}, "geometry": {"type": "Polygon", "coordinates": [[[-76.43, 3.52], [-76.425, 3.52], [-76.425, 3.525], [-76.43, 3.525], [-76.43, 3.52]]]}}, {"type": "Feature", "properties": {"value": 9.815, "sigma": 7.6787}, "geometry": {"type": "Polygon", "coordinates": [[[-76.425, 3.52], [-76.42, 3.52], [-76.42, 3.525], [-76.425, 3.525], [-76.425, 3.52]]]}}, {"type": "Feature", "properties": {"value": 9.8071, "sigma": 7.6787}, "geometry": {"type": "Polygon", "coordinates": [[[-76.42, 3.52], [-76.415, 3.52], [-76.415, 3.525], [-76.42, 3.525], [-76.42, 3.52]]]}}, {"type": "Feature", "properties": {"value": 9.808, "sigma": 7.6787}, "geometry": {"type": "Polygon", "coordinates": [[[-76.415, 3.52], [-76.41, 3.52], [-76.41, 3.525], [-76.415, 3.525], [-76.415, 3.52]]]}}, {"type": "Feature", "properties": {"value": 9.8051, "sigma": 7.6787}, "geometry": {"type": "Polygon", "coordinates": [[[-76.41, 3.52], [-76.405, 3.52], [-76.405, 3.525], [-76.41, 3.525], [-76.41, 3.52]]]}}, {"type": "Feature", "properties": {"value": 9.7879, "sigma": 7.6787}, "geometry": {"type": "Polygon", "coordinates": [[[-76.405, 3.52], [-76.4, 3.52], [-76.4, 3.525], [-76.405, 3.525], [-76.405, 3.52]]]}}, {"type": "Feature", "properties": {"value": 12.1755, "sigma": 7.6787}, "geometry": {"type": "Polygon", "coordinates": [[[-76.6, 3.525], [-76.595, 3.525], [-76.595, 3.53], [-76.6, 3.53], [-76.6, 3.525]]]}}, {"type": "Feature", "properties": {"value": 12.4592, "sigma": 7.6787}, "geometry": {"type": "Polygon", "coordinates": [[[-76.595, 3.525], [-76.59, 3.525], [-76.59, 3.53], [-76.595, 3.53], [-76.595, 3.525]]]}}, {"type": "Feature", "properties": {"value": 12.7048, "sigma": 7.6787}, "geometry": {"type": "Polygon", "coordinates": [[[-76.59, 3.525], [-76.585, 3.525], [-76.585, 3.53], [-76.59, 3.53], [-76.59, 3.525]]]}}, {"type": "Feature", "properties": {"value": 12.8746, "sigma": 7.6787}, "geometry": {"type": "Polygon", "coordinates": [[[-76.585, 3.525], [-76.58, 3.525], [-76.58, 3.53], [-76.585, 3.53], [-76.585, 3.525]]]}}, {"type": "Feature", "properties": {"value": 12.9251, "sigma": 7.6787}, "geometry": {"type": "Polygon", "coordinates": [[[-76.58, 3.525], [-76.575, 3.525], [-76.575, 3.53], [-76.58, 3.53], [-76.58, 3.525]]]}}, {"type": "Feature", "properties": {"value": 12.816, "sigma": 7.6787}, "geometry": {"type": "Polygon", "coordinates": [[[-76.575, 3.525], [-76.57, 3.525], [-76.57, 3.53], [-76.575, 3.53], [-76.575, 3.525]]]}}, {"type": "Feature", "properties": {"value": 12.5242, "sigma": 7.6787}, "geometry": {"type": "Polygon", "coordinates": [[[-76.57, 3.525], [-76.565, 3.525], [-76.565, 3.53], [-76.57, 3.53], [-76.57, 3.525]]]}}, {"type": "Feature", "properties": {"value": 12.0533, "sigma": 7.6787}, "geometry": {"type": "Polygon", "coordinates": [[[-76.565, 3.525], [-76.56, 3.525], [-76.56, 3.53], [-76.565, 3.53], [-76.565, 3.525]]]}}, {"type": "Feature", "properties": {"value": 11.4352, "sigma": 7.6787}, "geometry": {"type": "Polygon", "coordinates": [[[-76.56, 3.525], [-76.555, 3.525], [-76.555, 3.53], [-76.56, 3.53], [-76.56, 3.525]]]}}, {"type": "Feature", "properties": {"value": 10.7197, "sigma": 7.6787}, "geometry": {"type": "Polygon", "coordinates": [[[-76.555, 3.525], [-76.55, 3.525], [-76.55, 3.53], [-76.555, 3.53], [-76.555, 3.525]]]}}, {"type": "Feature", "properties": {"value": 9.9639, "sigma": 7.6787}, "geometry": {"type": "Polygon", "coordinates": [[[-76.55, 3.525], [-76.545, 3.525], [-76.545, 3.53], [-76.55, 3.53], [-76.55, 3.525]]]}}, {"type": "Feature", "properties": {"value": 9.2272, "sigma": 7.6787}, "geometry": {"type": "Polygon", "coordinates": [[[-76.545, 3.525], [-76.54, 3.525], [-76.54, 3.53], [-76.545, 3.53], [-76.545, 3.525]]]}}, {"type": "Feature", "properties": {"value": 8.5748, "sigma": 7.6787}, "geometry": {"type": "Polygon", "coordinates": [[[-76.54, 3.525], [-76.535, 3.525], [-76.535, 3.53], [-76.54, 3.53], [-76.54, 3.525]]]}}, {"type": "Feature", "properties": {"value": 8.0789, "sigma": 7.6787}, "geometry": {"type": "Polygon", "coordinates": [[[-76.535, 3.525], [-76.53, 3.525], [-76.53, 3.53], [-76.535, 3.53], [-76.535, 3.525]]]}}, {"type": "Feature", "properties": {"value": 7.7994, "sigma": 7.6787}, "geometry": {"type": "Polygon", "coordinates": [[[-76.53, 3.525], [-76.525, 3.525], [-76.525, 3.53], [-76.53, 3.53], [-76.53, 3.525]]]}}, {"type": "Feature", "properties": {"value": 7.7495, "sigma": 7.6787}, "geometry": {"type": "Polygon", "coordinates": [[[-76.525, 3.525], [-76.52, 3.525], [-76.52, 3.53], [-76.525, 3.53], [-76.525, 3.525]]]}}, {"type": "Feature", "properties": {"value": 7.8811, "sigma": 7.6787}, "geometry": {"type": "Polygon", "coordinates": [[[-76.52, 3.525], [-76.515, 3.525], [-76.515, 3.53], [-76.52, 3.53], [-76.52, 3.525]]]}}, {"type": "Feature", "properties": {"value": 8.1129, "sigma": 7.6787}, "geometry": {"type": "Polygon", "coordinates": [[[-76.515, 3.525], [-76.51, 3.525], [-76.51, 3.53], [-76.515, 3.53], [-76.515, 3.525]]]}}, {"type": "Feature", "properties": {"value": 8.3749, "sigma": 7.6787}, "geometry": {"type": "Polygon", "coordinates": [[[-76.51, 3.525], [-76.505, 3.525], [-76.505, 3.53], [-76.51, 3.53], [-76.51, 3.525]]]}}, {"type": "Feature", "properties": {"value": 8.6273, "sigma": 7.6787}, "geometry": {"type": "Polygon", "coordinates": [[[-76.505, 3.525], [-76.5, 3.525], [-76.5, 3.53], [-76.505, 3.53], [-76.505, 3.525]]]}}, {"type": "Feature", "properties": {"value": 8.8572, "sigma": 7.6787}, "geometry": {"type": "Polygon", "coordinates": [[[-76.5, 3.525], [-76.495, 3.525], [-76.495, 3.53], [-76.5, 3.53], [-76.5, 3.525]]]}}, {"type": "Feature", "properties": {"value": 9.0659, "sigma": 7.6787}, "geometry": {"type": "Polygon", "coordinates": [[[-76.495, 3.525], [-76.49, 3.525], [-76.49, 3.53], [-76.495, 3.53], [-76.495, 3.525]]]}}, {"type": "Feature", "properties": {"value": 9.2599, "sigma": 7.6787}, "geometry": {"type": "Polygon", "coordinates": [[[-76.49, 3.525], [-76.485, 3.525], [-76.485, 3.53], [-76.49, 3.53], [-76.49, 3.525]]]}}, {"type": "Feature", "properties": {"value": 9.445, "sigma": 7.6787}, "geometry": {"type": "Polygon", "coordinates": [[[-76.485, 3.525], [-76.48, 3.525], [-76.48, 3.53], [-76.485, 3.53], [-76.485, 3.525]]]}}, {"type": "Feature", "properties": {"value": 9.623, "sigma": 7.6787}, "geometry": {"type": "Polygon", "coordinates": [[[-76.48, 3.525], [-76.475, 3.525], [-76.475, 3.53], [-76.48, 3.53], [-76.48, 3.525]]]}}, {"type": "Feature", "properties": {"value": 9.789, "sigma": 7.6787}, "geometry": {"type": "Polygon", "coordinates": [[[-76.475, 3.525], [-76.47, 3.525], [-76.47, 3.53], [-76.475, 3.53], [-76.475, 3.525]]]}}, {"type": "Feature", "properties": {"value": 9.9306, "sigma": 7.6787}, "geometry": {"type": "Polygon", "coordinates": [[[-76.47, 3.525], [-76.465, 3.525], [-76.465, 3.53], [-76.47, 3.53], [-76.47, 3.525]]]}}, {"type": "Feature", "properties": {"value": 10.0315, "sigma": 7.6787}, "geometry": {"type": "Polygon", "coordinates": [[[-76.465, 3.525], [-76.46, 3.525], [-76.46, 3.53], [-76.465, 3.53], [-76.465, 3.525]]]}}, {"type": "Feature", "properties": {"value": 10.0787, "sigma": 7.6787}, "geometry": {"type": "Polygon", "coordinates": [[[-76.46, 3.525], [-76.455, 3.525], [-76.455, 3.53], [-76.46, 3.53], [-76.46, 3.525]]]}}, {"type": "Feature", "properties": {"value": 10.0709, "sigma": 7.6787}, "geometry": {"type": "Polygon", "coordinates": [[[-76.455, 3.525], [-76.45, 3.525], [-76.45, 3.53], [-76.455, 3.53], [-76.455, 3.525]]]}}, {"type": "Feature", "properties": {"value": 10.0206, "sigma": 7.6787}, "geometry": {"type": "Polygon", "coordinates": [[[-76.45, 3.525], [-76.445, 3.525], [-76.445, 3.53], [-76.45, 3.53], [-76.45, 3.525]]]}}, {"type": "Feature", "properties": {"value": 9.9482, "sigma": 7.6787}, "geometry": {"type": "Polygon", "coordinates": [[[-76.445, 3.525], [-76.44, 3.525], [-76.44, 3.53], [-76.445, 3.53], [-76.445, 3.525]]]}}, {"type": "Feature", "properties": {"value": 9.8732, "sigma": 7.6787}, "geometry": {"type": "Polygon", "coordinates": [[[-76.44, 3.525], [-76.435, 3.525], [-76.435, 3.53], [-76.44, 3.53], [-76.44, 3.525]]]}}, {"type": "Feature", "properties": {"value": 9.809, "sigma": 7.6787}, "geometry": {"type": "Polygon", "coordinates": [[[-76.435, 3.525], [-76.43, 3.525], [-76.43, 3.53], [-76.435, 3.53], [-76.435, 3.525]]]}}, {"type": "Feature", "properties": {"value": 9.7617, "sigma": 7.6787}, "geometry": {"type": "Polygon", "coordinates": [[[-76.43, 3.525], [-76.425, 3.525], [-76.425, 3.53], [-76.43, 3.53], [-76.43, 3.525]]]}}, {"type": "Feature", "properties": {"value": 9.7313, "sigma": 7.6787}, "geometry": {"type": "Polygon", "coordinates": [[[-76.425, 3.525], [-76.42, 3.525], [-76.42, 3.53], [-76.425, 3.53], [-76.425, 3.525]]]}}, {"type": "Feature", "properties": {"value": 9.7136, "sigma": 7.6787}, "geometry": {"type": "Polygon", "coordinates": [[[-76.42, 3.525], [-76.415, 3.525], [-76.415, 3.53], [-76.42, 3.53], [-76.42, 3.525]]]}}, {"type": "Feature", "properties": {"value": 9.7017, "sigma": 7.6787}, "geometry": {"type": "Polygon", "coordinates": [[[-76.415, 3.525], [-76.41, 3.525], [-76.41, 3.53], [-76.415, 3.53], [-76.415, 3.525]]]}}, {"type": "Feature", "properties": {"value": 9.6881, "sigma": 7.6787}, "geometry": {"type": "Polygon", "coordinates": [[[-76.41, 3.525], [-76.405, 3.525], [-76.405, 3.53], [-76.41, 3.53], [-76.41, 3.525]]]}}, {"type": "Feature", "properties": {"value": 9.666, "sigma": 7.6787}, "geometry": {"type": "Polygon", "coordinates": [[[-76.405, 3.525], [-76.4, 3.525], [-76.4, 3.53], [-76.405, 3.53], [-76.405, 3.525]]]}}, {"type": "Feature", "properties": {"value": 11.937, "sigma": 7.6787}, "geometry": {"type": "Polygon", "coordinates": [[[-76.6, 3.53], [-76.595, 3.53], [-76.595, 3.535], [-76.6, 3.535], [-76.6, 3.53]]]}}, {"type": "Feature", "properties": {"value": 12.1613, "sigma": 7.6787}, "geometry": {"type": "Polygon", "coordinates": [[[-76.595, 3.53], [-76.59, 3.53], [-76.59, 3.535], [-76.595, 3.535], [-76.595, 3.53]]]}}, {"type": "Feature", "properties": {"value": 12.3445, "sigma": 7.6787}, "geometry": {"type": "Polygon", "coordinates": [[[-76.59, 3.53], [-76.585, 3.53], [-76.585, 3.535], [-76.59, 3.535], [-76.59, 3.53]]]}}, {"type": "Feature", "properties": {"value": 12.4576, "sigma": 7.6787}, "geometry": {"type": "Polygon", "coordinates": [[[-76.585, 3.53], [-76.58, 3.53], [-76.58, 3.535], [-76.585, 3.535], [-76.585, 3.53]]]}}, {"type": "Feature", "properties": {"value": 12.4687, "sigma": 7.6787}, "geometry": {"type": "Polygon", "coordinates": [[[-76.58, 3.53], [-76.575, 3.53], [-76.575, 3.535], [-76.58, 3.535], [-76.58, 3.53]]]}}, {"type": "Feature", "properties": {"value": 12.3511, "sigma": 7.6787}, "geometry": {"type": "Polygon", "coordinates": [[[-76.575, 3.53], [-76.57, 3.53], [-76.57, 3.535], [-76.575, 3.535], [-76.575, 3.53]]]}}, {"type": "Feature", "properties": {"value": 12.091, "sigma": 7.6787}, "geometry": {"type": "Polygon", "coordinates": [[[-76.57, 3.53], [-76.565, 3.53], [-76.565, 3.535], [-76.57, 3.535], [-76.57, 3.53]]]}}, {"type": "Feature", "properties": {"value": 11.6945, "sigma": 7.6787}, "geometry": {"type": "Polygon", "coordinates": [[[-76.565, 3.53], [-76.56, 3.53], [-76.56, 3.535], [-76.565, 3.535], [-76.565, 3.53]]]}}, {"type": "Feature", "properties": {"value": 11.1872, "sigma": 7.6787}, "geometry": {"type": "Polygon", "coordinates": [[[-76.56, 3.53], [-76.555, 3.53], [-76.555, 3.535], [-76.56, 3.535], [-76.56, 3.53]]]}}, {"type": "Feature", "properties": {"value": 10.6091, "sigma": 7.6787}, "geometry": {"type": "Polygon", "coordinates": [[[-76.555, 3.53], [-76.55, 3.53], [-76.55, 3.535], [-76.555, 3.535], [-76.555, 3.53]]]}}, {"type": "Feature", "properties": {"value": 10.0066, "sigma": 7.6787}, "geometry": {"type": "Polygon", "coordinates": [[[-76.55, 3.53], [-76.545, 3.53], [-76.545, 3.535], [-76.55, 3.535], [-76.55, 3.53]]]}}, {"type": "Feature", "properties": {"value": 9.4281, "sigma": 7.6787}, "geometry": {"type": "Polygon", "coordinates": [[[-76.545, 3.53], [-76.54, 3.53], [-76.54, 3.535], [-76.545, 3.535], [-76.545, 3.53]]]}}, {"type": "Feature", "properties": {"value": 8.9223, "sigma": 7.6787}, "geometry": {"type": "Polygon", "coordinates": [[[-76.54, 3.53], [-76.535, 3.53], [-76.535, 3.535], [-76.54, 3.535], [-76.54, 3.53]]]}}, {"type": "Feature", "properties": {"value": 8.5349, "sigma": 7.6787}, "geometry": {"type": "Polygon", "coordinates": [[[-76.535, 3.53], [-76.53, 3.53], [-76.53, 3.535], [-76.535, 3.535], [-76.535, 3.53]]]}}, {"type": "Feature", "properties": {"value": 8.2975, "sigma": 7.6787}, "geometry": {"type": "Polygon", "coordinates": [[[-76.53, 3.53], [-76.525, 3.53], [-76.525, 3.535], [-76.53, 3.535], [-76.53, 3.53]]]}}, {"type": "Feature", "properties": {"value": 8.2147, "sigma": 7.6787}, "geometry": {"type": "Polygon", "coordinates": [[[-76.525, 3.53], [-76.52, 3.53], [-76.52, 3.535], [-76.525, 3.535], [-76.525, 3.53]]]}}, {"type": "Feature", "properties": {"value": 8.2599, "sigma": 7.6787}, "geometry": {"type": "Polygon", "coordinates": [[[-76.52, 3.53], [-76.515, 3.53], [-76.515, 3.535], [-76.52, 3.535], [-76.52, 3.53]]]}}, {"type": "Feature", "properties": {"value": 8.3881, "sigma": 7.6787}, "geometry": {"type": "Polygon", "coordinates": [[[-76.515, 3.53], [-76.51, 3.53], [-76.51, 3.535], [-76.515, 3.535], [-76.515, 3.53]]]}}, {"type": "Feature", "properties": {"value": 8.5563, "sigma": 7.6787}, "geometry": {"type": "Polygon", "coordinates": [[[-76.51, 3.53], [-76.505, 3.53], [-76.505, 3.535], [-76.51, 3.535], [-76.51, 3.53]]]}}, {"type": "Feature", "properties": {"value": 8.7349, "sigma": 7.6787}, "geometry": {"type": "Polygon", "coordinates": [[[-76.505, 3.53], [-76.5, 3.53], [-76.5, 3.535], [-76.505, 3.535], [-76.505, 3.53]]]}}, {"type": "Feature", "properties": {"value": 8.9092, "sigma": 7.6787}, "geometry": {"type": "Polygon", "coordinates": [[[-76.5, 3.53], [-76.495, 3.53], [-76.495, 3.535], [-76.5, 3.535], [-76.5, 3.53]]]}}, {"type": "Feature", "properties": {"value": 9.0746, "sigma": 7.6787}, "geometry": {"type": "Polygon", "coordinates": [[[-76.495, 3.53], [-76.49, 3.53], [-76.49, 3.535], [-76.495, 3.535], [-76.495, 3.53]]]}}, {"type": "Feature", "properties": {"value": 9.2314, "sigma": 7.6787}, "geometry": {"type": "Polygon", "coordinates": [[[-76.49, 3.53], [-76.485, 3.53], [-76.485, 3.535], [-76.49, 3.535], [-76.49, 3.53]]]}}, {"type": "Feature", "properties": {"value": 9.3804, "sigma": 7.6787}, "geometry": {"type": "Polygon", "coordinates": [[[-76.485, 3.53], [-76.48, 3.53], [-76.48, 3.535], [-76.485, 3.535], [-76.485, 3.53]]]}}, {"type": "Feature", "properties": {"value": 9.5208, "sigma": 7.6787}, "geometry": {"type": "Polygon", "coordinates": [[[-76.48, 3.53], [-76.475, 3.53], [-76.475, 3.535], [-76.48, 3.535], [-76.48, 3.53]]]}}, {"type": "Feature", "properties": {"value": 9.6483, "sigma": 7.6787}, "geometry": {"type": "Polygon", "coordinates": [[[-76.475, 3.53], [-76.47, 3.53], [-76.47, 3.535], [-76.475, 3.535], [-76.475, 3.53]]]}}, {"type": "Feature", "properties": {"value": 9.755, "sigma": 7.6787}, "geometry": {"type": "Polygon", "coordinates": [[[-76.47, 3.53], [-76.465, 3.53], [-76.465, 3.535], [-76.47, 3.535], [-76.47, 3.53]]]}}, {"type": "Feature", "properties": {"value": 9.8323, "sigma": 7.6787}, "geometry": {"type": "Polygon", "coordinates": [[[-76.465, 3.53], [-76.46, 3.53], [-76.46, 3.535], [-76.465, 3.535], [-76.465, 3.53]]]}}, {"type": "Feature", "properties": {"value": 9.8735, "sigma": 7.6787}, "geometry": {"type": "Polygon", "coordinates": [[[-76.46, 3.53], [-76.455, 3.53], [-76.455, 3.535], [-76.46, 3.535], [-76.46, 3.53]]]}}, {"type": "Feature", "properties": {"value": 9.8786, "sigma": 7.6787}, "geometry": {"type": "Polygon", "coordinates": [[[-76.455, 3.53], [-76.45, 3.53], [-76.45, 3.535], [-76.455, 3.535], [-76.455, 3.53]]]}}, {"type": "Feature", "properties": {"value": 9.8544, "sigma": 7.6787}, "geometry": {"type": "Polygon", "coordinates": [[[-76.45, 3.53], [-76.445, 3.53], [-76.445, 3.535], [-76.45, 3.535], [-76.45, 3.53]]]}}, {"type": "Feature", "properties": {"value": 9.8121, "sigma": 7.6787}, "geometry": {"type": "Polygon", "coordinates": [[[-76.445, 3.53], [-76.44, 3.53], [-76.44, 3.535], [-76.445, 3.535], [-76.445, 3.53]]]}}, {"type": "Feature", "properties": {"value": 9.7635, "sigma": 7.6787}, "geometry": {"type": "Polygon", "coordinates": [[[-76.44, 3.53], [-76.435, 3.53], [-76.435, 3.535], [-76.44, 3.535], [-76.44, 3.53]]]}}, {"type": "Feature", "properties": {"value": 9.7178, "sigma": 7.6787}, "geometry": {"type": "Polygon", "coordinates": [[[-76.435, 3.53], [-76.43, 3.53], [-76.43, 3.535], [-76.435, 3.535], [-76.435, 3.53]]]}}, {"type": "Feature", "properties": {"value": 9.6799, "sigma": 7.6787}, "geometry": {"type": "Polygon", "coordinates": [[[-76.43, 3.53], [-76.425, 3.53], [-76.425, 3.535], [-76.43, 3.535], [-76.43, 3.53]]]}}, {"type": "Feature", "properties": {"value": 9.6511, "sigma": 7.6787}, "geometry": {"type": "Polygon", "coordinates": [[[-76.425, 3.53], [-76.42, 3.53], [-76.42, 3.535], [-76.425, 3.535], [-76.425, 3.53]]]}}, {"type": "Feature", "properties": {"value": 9.6295, "sigma": 7.6787}, "geometry": {"type": "Polygon", "coordinates": [[[-76.42, 3.53], [-76.415, 3.53], [-76.415, 3.535], [-76.42, 3.535], [-76.42, 3.53]]]}}, {"type": "Feature", "properties": {"value": 9.6112, "sigma": 7.6787}, "geometry": {"type": "Polygon", "coordinates": [[[-76.415, 3.53], [-76.41, 3.53], [-76.41, 3.535], [-76.415, 3.535], [-76.415, 3.53]]]}}, {"type": "Feature", "properties": {"value": 9.5917, "sigma": 7.6787}, "geometry": {"type": "Polygon", "coordinates": [[[-76.41, 3.53], [-76.405, 3.53], [-76.405, 3.535], [-76.41, 3.535], [-76.41, 3.53]]]}}, {"type": "Feature", "properties": {"value": 9.567, "sigma": 7.6787}, "geometry": {"type": "Polygon", "coordinates": [[[-76.405, 3.53], [-76.4, 3.53], [-76.4, 3.535], [-76.405, 3.535], [-76.405, 3.53]]]}}, {"type": "Feature", "properties": {"value": 11.6825, "sigma": 7.6787}, "geometry": {"type": "Polygon", "coordinates": [[[-76.6, 3.535], [-76.595, 3.535], [-76.595, 3.54], [-76.6, 3.54], [-76.6, 3.535]]]}}, {"type": "Feature", "properties": {"value": 11.8537, "sigma": 7.6787}, "geometry": {"type": "Polygon", "coordinates": [[[-76.595, 3.535], [-76.59, 3.535], [-76.59, 3.54], [-76.595, 3.54], [-76.595, 3.535]]]}}, {"type": "Feature", "properties": {"value": 11.9841, "sigma": 7.6787}, "geometry": {"type": "Polygon", "coordinates": [[[-76.59, 3.535], [-76.585, 3.535], [-76.585, 3.54], [-76.59, 3.54], [-76.59, 3.535]]]}}, {"type": "Feature", "properties": {"value": 12.052, "sigma": 7.6787}, "geometry": {"type": "Polygon", "coordinates": [[[-76.585, 3.535], [-76.58, 3.535], [-76.58, 3.54], [-76.585, 3.54], [-76.585, 3.535]]]}}, {"type": "Feature", "properties": {"value": 12.0354, "sigma": 7.6787}, "geometry": {"type": "Polygon", "coordinates": [[[-76.58, 3.535], [-76.575, 3.535], [-76.575, 3.54], [-76.58, 3.54], [-76.58, 3.535]]]}}, {"type": "Feature", "properties": {"value": 11.9172, "sigma": 7.6787}, "geometry": {"type": "Polygon", "coordinates": [[[-76.575, 3.535], [-76.57, 3.535], [-76.57, 3.54], [-76.575, 3.54], [-76.575, 3.535]]]}}, {"type": "Feature", "properties": {"value": 11.6905, "sigma": 7.6787}, "geometry": {"type": "Polygon", "coordinates": [[[-76.57, 3.535], [-76.565, 3.535], [-76.565, 3.54], [-76.57, 3.54], [-76.57, 3.535]]]}}, {"type": "Feature", "properties": {"value": 11.3621, "sigma": 7.6787}, "geometry": {"type": "Polygon", "coordinates": [[[-76.565, 3.535], [-76.56, 3.535], [-76.56, 3.54], [-76.565, 3.54], [-76.565, 3.535]]]}}, {"type": "Feature", "properties": {"value": 10.9526, "sigma": 7.6787}, "geometry": {"type": "Polygon", "coordinates": [[[-76.56, 3.535], [-76.555, 3.535], [-76.555, 3.54], [-76.56, 3.54], [-76.56, 3.535]]]}}, {"type": "Feature", "properties": {"value": 10.4927, "sigma": 7.6787}, "geometry": {"type": "Polygon", "coordinates": [[[-76.555, 3.535], [-76.55, 3.535], [-76.55, 3.54], [-76.555, 3.54], [-76.555, 3.535]]]}}, {"type": "Feature", "properties": {"value": 10.0182, "sigma": 7.6787}, "geometry": {"type": "Polygon", "coordinates": [[[-76.55, 3.535], [-76.545, 3.535], [-76.545, 3.54], [-76.55, 3.54], [-76.55, 3.535]]]}}, {"type": "Feature", "properties": {"value": 9.566, "sigma": 7.6787}, "geometry": {"type": "Polygon", "coordinates": [[[-76.545, 3.535], [-76.54, 3.535], [-76.54, 3.54], [-76.545, 3.54], [-76.545, 3.535]]]}}, {"type": "Feature", "properties": {"value": 9.171, "sigma": 7.6787}, "geometry": {"type": "Polygon", "coordinates": [[[-76.54, 3.535], [-76.535, 3.535], [-76.535, 3.54], [-76.54, 3.54], [-76.54, 3.535]]]}}, {"type": "Feature", "properties": {"value": 8.8625, "sigma": 7.6787}, "geometry": {"type": "Polygon", "coordinates": [[[-76.535, 3.535], [-76.53, 3.535], [-76.53, 3.54], [-76.535, 3.54], [-76.535, 3.535]]]}}, {"type": "Feature", "properties": {"value": 8.6585, "sigma": 7.6787}, "geometry": {"type": "Polygon", "coordinates": [[[-76.53, 3.535], [-76.525, 3.535], [-76.525, 3.54], [-76.53, 3.54], [-76.53, 3.535]]]}}, {"type": "Feature", "properties": {"value": 8.5611, "sigma": 7.6787}, "geometry": {"type": "Polygon", "coordinates": [[[-76.525, 3.535], [-76.52, 3.535], [-76.52, 3.54], [-76.525, 3.54], [-76.525, 3.535]]]}}, {"type": "Feature", "properties": {"value": 8.5553, "sigma": 7.6787}, "geometry": {"type": "Polygon", "coordinates": [[[-76.52, 3.535], [-76.515, 3.535], [-76.515, 3.54], [-76.52, 3.54], [-76.52, 3.535]]]}}, {"type": "Feature", "properties": {"value": 8.6161, "sigma": 7.6787}, "geometry": {"type": "Polygon", "coordinates": [[[-76.515, 3.535], [-76.51, 3.535], [-76.51, 3.54], [-76.515, 3.54], [-76.515, 3.535]]]}}, {"type": "Feature", "properties": {"value": 8.7169, "sigma": 7.6787}, "geometry": {"type": "Polygon", "coordinates": [[[-76.51, 3.535], [-76.505, 3.535], [-76.505, 3.54], [-76.51, 3.54], [-76.51, 3.535]]]}}, {"type": "Feature", "properties": {"value": 8.8371, "sigma": 7.6787}, "geometry": {"type": "Polygon", "coordinates": [[[-76.505, 3.535], [-76.5, 3.535], [-76.5, 3.54], [-76.505, 3.54], [-76.505, 3.535]]]}}, {"type": "Feature", "properties": {"value": 8.9636, "sigma": 7.6787}, "geometry": {"type": "Polygon", "coordinates": [[[-76.5, 3.535], [-76.495, 3.535], [-76.495, 3.54], [-76.5, 3.54], [-76.5, 3.535]]]}}, {"type": "Feature", "properties": {"value": 9.0897, "sigma": 7.6787}, "geometry": {"type": "Polygon", "coordinates": [[[-76.495, 3.535], [-76.49, 3.535], [-76.49, 3.54], [-76.495, 3.54], [-76.495, 3.535]]]}}, {"type": "Feature", "properties": {"value": 9.2123, "sigma": 7.6787}, "geometry": {"type": "Polygon", "coordinates": [[[-76.49, 3.535], [-76.485, 3.535], [-76.485, 3.54], [-76.49, 3.54], [-76.49, 3.535]]]}}, {"type": "Feature", "properties": {"value": 9.3297, "sigma": 7.6787}, "geometry": {"type": "Polygon", "coordinates": [[[-76.485, 3.535], [-76.48, 3.535], [-76.48, 3.54], [-76.485, 3.54], [-76.485, 3.535]]]}}, {"type": "Feature", "properties": {"value": 9.4395, "sigma": 7.6787}, "geometry": {"type": "Polygon", "coordinates": [[[-76.48, 3.535], [-76.475, 3.535], [-76.475, 3.54], [-76.48, 3.54], [-76.48, 3.535]]]}}, {"type": "Feature", "properties": {"value": 9.538, "sigma": 7.6787}, "geometry": {"type": "Polygon", "coordinates": [[[-76.475, 3.535], [-76.47, 3.535], [-76.47, 3.54], [-76.475, 3.54], [-76.475, 3.535]]]}}, {"type": "Feature", "properties": {"value": 9.6202, "sigma": 7.6787}, "geometry": {"type": "Polygon", "coordinates": [[[-76.47, 3.535], [-76.465, 3.535], [-76.465, 3.54], [-76.47, 3.54], [-76.47, 3.535]]]}}, {"type": "Feature", "properties": {"value": 9.6811, "sigma": 7.6787}, "geometry": {"type": "Polygon", "coordinates": [[[-76.465, 3.535], [-76.46, 3.535], [-76.46, 3.54], [-76.465, 3.54], [-76.465, 3.535]]]}}, {"type": "Feature", "properties": {"value": 9.7171, "sigma": 7.6787}, "geometry": {"type": "Polygon", "coordinates": [[[-76.46, 3.535], [-76.455, 3.535], [-76.455, 3.54], [-76.46, 3.54], [-76.46, 3.535]]]}}, {"type": "Feature", "properties": {"value": 9.7284, "sigma": 7.6787}, "geometry": {"type": "Polygon", "coordinates": [[[-76.455, 3.535], [-76.45, 3.535], [-76.45, 3.54], [-76.455, 3.54], [-76.455, 3.535]]]}}, {"type": "Feature", "properties": {"value": 9.7188, "sigma": 7.6787}, "geometry": {"type": "Polygon", "coordinates": [[[-76.45, 3.535], [-76.445, 3.535], [-76.445, 3.54], [-76.45, 3.54], [-76.45, 3.535]]]}}, {"type": "Feature", "properties": {"value": 9.6948, "sigma": 7.6787}, "geometry": {"type": "Polygon", "coordinates": [[[-76.445, 3.535], [-76.44, 3.535], [-76.44, 3.54], [-76.445, 3.54], [-76.445, 3.535]]]}}, {"type": "Feature", "properties": {"value": 9.6636, "sigma": 7.6787}, "geometry": {"type": "Polygon", "coordinates": [[[-76.44, 3.535], [-76.435, 3.535], [-76.435, 3.54], [-76.44, 3.54], [-76.44, 3.535]]]}}, {"type": "Feature", "properties": {"value": 9.6312, "sigma": 7.6787}, "geometry": {"type": "Polygon", "coordinates": [[[-76.435, 3.535], [-76.43, 3.535], [-76.43, 3.54], [-76.435, 3.54], [-76.435, 3.535]]]}}, {"type": "Feature", "properties": {"value": 9.6014, "sigma": 7.6787}, "geometry": {"type": "Polygon", "coordinates": [[[-76.43, 3.535], [-76.425, 3.535], [-76.425, 3.54], [-76.43, 3.54], [-76.43, 3.535]]]}}, {"type": "Feature", "properties": {"value": 9.5756, "sigma": 7.6787}, "geometry": {"type": "Polygon", "coordinates": [[[-76.425, 3.535], [-76.42, 3.535], [-76.42, 3.54], [-76.425, 3.54], [-76.425, 3.535]]]}}, {"type": "Feature", "properties": {"value": 9.5532, "sigma": 7.6787}, "geometry": {"type": "Polygon", "coordinates": [[[-76.42, 3.535], [-76.415, 3.535], [-76.415, 3.54], [-76.42, 3.54], [-76.42, 3.535]]]}}, {"type": "Feature", "properties": {"value": 9.5323, "sigma": 7.6787}, "geometry": {"type": "Polygon", "coordinates": [[[-76.415, 3.535], [-76.41, 3.535], [-76.41, 3.54], [-76.415, 3.54], [-76.415, 3.535]]]}}, {"type": "Feature", "properties": {"value": 9.5102, "sigma": 7.6787}, "geometry": {"type": "Polygon", "coordinates": [[[-76.41, 3.535], [-76.405, 3.535], [-76.405, 3.54], [-76.41, 3.54], [-76.41, 3.535]]]}}, {"type": "Feature", "properties": {"value": 9.4845, "sigma": 7.6787}, "geometry": {"type": "Polygon", "coordinates": [[[-76.405, 3.535], [-76.4, 3.535], [-76.4, 3.54], [-76.405, 3.54], [-76.405, 3.535]]]}}, {"type": "Feature", "properties": {"value": 11.4293, "sigma": 7.6787}, "geometry": {"type": "Polygon", "coordinates": [[[-76.6, 3.54], [-76.595, 3.54], [-76.595, 3.545], [-76.6, 3.545], [-76.6, 3.54]]]}}, {"type": "Feature", "properties": {"value": 11.5564, "sigma": 7.6787}, "geometry": {"type": "Polygon", "coordinates": [[[-76.595, 3.54], [-76.59, 3.54], [-76.59, 3.545], [-76.595, 3.545], [-76.595, 3.54]]]}}, {"type": "Feature", "properties": {"value": 11.6453, "sigma": 7.6787}, "geometry": {"type": "Polygon", "coordinates": [[[-76.59, 3.54], [-76.585, 3.54], [-76.585, 3.545], [-76.59, 3.545], [-76.59, 3.54]]]}}, {"type": "Feature", "properties": {"value": 11.6803, "sigma": 7.6787}, "geometry": {"type": "Polygon", "coordinates": [[[-76.585, 3.54], [-76.58, 3.54], [-76.58, 3.545], [-76.585, 3.545], [-76.585, 3.54]]]}}, {"type": "Feature", "properties": {"value": 11.6466, "sigma": 7.6787}, "geometry": {"type": "Polygon", "coordinates": [[[-76.58, 3.54], [-76.575, 3.54], [-76.575, 3.545], [-76.58, 3.545], [-76.58, 3.54]]]}}, {"type": "Feature", "properties": {"value": 11.5339, "sigma": 7.6787}, "geometry": {"type": "Polygon", "coordinates": [[[-76.575, 3.54], [-76.57, 3.54], [-76.57, 3.545], [-76.575, 3.545], [-76.575, 3.54]]]}}, {"type": "Feature", "properties": {"value": 11.3395, "sigma": 7.6787}, "geometry": {"type": "Polygon", "coordinates": [[[-76.57, 3.54], [-76.565, 3.54], [-76.565, 3.545], [-76.57, 3.545], [-76.57, 3.54]]]}}, {"type": "Feature", "properties": {"value": 11.0701, "sigma": 7.6787}, "geometry": {"type": "Polygon", "coordinates": [[[-76.565, 3.54], [-76.56, 3.54], [-76.56, 3.545], [-76.565, 3.545], [-76.565, 3.54]]]}}, {"type": "Feature", "properties": {"value": 10.7418, "sigma": 7.6787}, "geometry": {"type": "Polygon", "coordinates": [[[-76.56, 3.54], [-76.555, 3.54], [-76.555, 3.545], [-76.56, 3.545], [-76.56, 3.54]]]}}, {"type": "Feature", "properties": {"value": 10.3776, "sigma": 7.6787}, "geometry": {"type": "Polygon", "coordinates": [[[-76.555, 3.54], [-76.55, 3.54], [-76.55, 3.545], [-76.555, 3.545], [-76.555, 3.54]]]}}, {"type": "Feature", "properties": {"value": 10.0045, "sigma": 7.6787}, "geometry": {"type": "Polygon", "coordinates": [[[-76.55, 3.54], [-76.545, 3.54], [-76.545, 3.545], [-76.55, 3.545], [-76.55, 3.54]]]}}, {"type": "Feature", "properties": {"value": 9.6495, "sigma": 7.6787}, "geometry": {"type": "Polygon", "coordinates": [[[-76.545, 3.54], [-76.54, 3.54], [-76.54, 3.545], [-76.545, 3.545], [-76.545, 3.54]]]}}, {"type": "Feature", "properties": {"value": 9.3373, "sigma": 7.6787}, "geometry": {"type": "Polygon", "coordinates": [[[-76.54, 3.54], [-76.535, 3.54], [-76.535, 3.545], [-76.54, 3.545], [-76.54, 3.54]]]}}, {"type": "Feature", "properties": {"value": 9.0874, "sigma": 7.6787}, "geometry": {"type": "Polygon", "coordinates": [[[-76.535, 3.54], [-76.53, 3.54], [-76.53, 3.545], [-76.535, 3.545], [-76.535, 3.54]]]}}, {"type": "Feature", "properties": {"value": 8.9112, "sigma": 7.6787}, "geometry": {"type": "Polygon", "coordinates": [[[-76.53, 3.54], [-76.525, 3.54], [-76.525, 3.545], [-76.53, 3.545], [-76.53, 3.54]]]}}, {"type": "Feature", "properties": {"value": 8.8103, "sigma": 7.6787}, "geometry": {"type": "Polygon", "coordinates": [[[-76.525, 3.54], [-76.52, 3.54], [-76.52, 3.545], [-76.525, 3.545], [-76.525, 3.54]]]}}, {"type": "Feature", "properties": {"value": 8.7765, "sigma": 7.6787}, "geometry": {"type": "Polygon", "coordinates": [[[-76.52, 3.54], [-76.515, 3.54], [-76.515, 3.545], [-76.52, 3.545], [-76.52, 3.54]]]}}, {"type": "Feature", "properties": {"value": 8.7951, "sigma": 7.6787}, "geometry": {"type": "Polygon", "coordinates": [[[-76.515, 3.54], [-76.51, 3.54], [-76.51, 3.545], [-76.515, 3.545], [-76.515, 3.54]]]}}, {"type": "Feature", "properties": {"value": 8.8498, "sigma": 7.6787}, "geometry": {"type": "Polygon", "coordinates": [[[-76.51, 3.54], [-76.505, 3.54], [-76.505, 3.545], [-76.51, 3.545], [-76.51, 3.54]]]}}, {"type": "Feature", "properties": {"value": 8.9265, "sigma": 7.6787}, "geometry": {"type": "Polygon", "coordinates": [[[-76.505, 3.54], [-76.5, 3.54], [-76.5, 3.545], [-76.505, 3.545], [-76.505, 3.54]]]}}, {"type": "Feature", "properties": {"value": 9.0146, "sigma": 7.6787}, "geometry": {"type": "Polygon", "coordinates": [[[-76.5, 3.54], [-76.495, 3.54], [-76.495, 3.545], [-76.5, 3.545], [-76.5, 3.54]]]}}, {"type": "Feature", "properties": {"value": 9.1074, "sigma": 7.6787}, "geometry": {"type": "Polygon", "coordinates": [[[-76.495, 3.54], [-76.49, 3.54], [-76.49, 3.545], [-76.495, 3.545], [-76.495, 3.54]]]}}, {"type": "Feature", "properties": {"value": 9.2005, "sigma": 7.6787}, "geometry": {"type": "Polygon", "coordinates": [[[-76.49, 3.54], [-76.485, 3.54], [-76.485, 3.545], [-76.49, 3.545], [-76.49, 3.54]]]}}, {"type": "Feature", "properties": {"value": 9.2911, "sigma": 7.6787}, "geometry": {"type": "Polygon", "coordinates": [[[-76.485, 3.54], [-76.48, 3.54], [-76.48, 3.545], [-76.485, 3.545], [-76.485, 3.54]]]}}, {"type": "Feature", "properties": {"value": 9.3761, "sigma": 7.6787}, "geometry": {"type": "Polygon", "coordinates": [[[-76.48, 3.54], [-76.475, 3.54], [-76.475, 3.545], [-76.48, 3.545], [-76.48, 3.54]]]}}, {"type": "Feature", "properties": {"value": 9.4523, "sigma": 7.6787}, "geometry": {"type": "Polygon", "coordinates": [[[-76.475, 3.54], [-76.47, 3.54], [-76.47, 3.545], [-76.475, 3.545], [-76.475, 3.54]]]}}, {"type": "Feature", "properties": {"value": 9.5163, "sigma": 7.6787}, "geometry": {"type": "Polygon", "coordinates": [[[-76.47, 3.54], [-76.465, 3.54], [-76.465, 3.545], [-76.47, 3.545], [-76.47, 3.54]]]}}, {"type": "Feature", "properties": {"value": 9.5648, "sigma": 7.6787}, "geometry": {"type": "Polygon", "coordinates": [[[-76.465, 3.54], [-76.46, 3.54], [-76.46, 3.545], [-76.465, 3.545], [-76.465, 3.54]]]}}, {"type": "Feature", "properties": {"value": 9.5958, "sigma": 7.6787}, "geometry": {"type": "Polygon", "coordinates": [[[-76.46, 3.54], [-76.455, 3.54], [-76.455, 3.545], [-76.46, 3.545], [-76.46, 3.54]]]}}, {"type": "Feature", "properties": {"value": 9.6093, "sigma": 7.6787}, "geometry": {"type": "Polygon", "coordinates": [[[-76.455, 3.54], [-76.45, 3.54], [-76.45, 3.545], [-76.455, 3.545], [-76.455, 3.54]]]}}, {"type": "Feature", "properties": {"value": 9.6077, "sigma": 7.6787}, "geometry": {"type": "Polygon", "coordinates": [[[-76.45, 3.54], [-76.445, 3.54], [-76.445, 3.545], [-76.45, 3.545], [-76.45, 3.54]]]}}, {"type": "Feature", "properties": {"value": 9.5947, "sigma": 7.6787}, "geometry": {"type": "Polygon", "coordinates": [[[-76.445, 3.54], [-76.44, 3.54], [-76.44, 3.545], [-76.445, 3.545], [-76.445, 3.54]]]}}, {"type": "Feature", "properties": {"value": 9.5746, "sigma": 7.6787}, "geometry": {"type": "Polygon", "coordinates": [[[-76.44, 3.54], [-76.435, 3.54], [-76.435, 3.545], [-76.44, 3.545], [-76.44, 3.54]]]}}, {"type": "Feature", "properties": {"value": 9.5514, "sigma": 7.6787}, "geometry": {"type": "Polygon", "coordinates": [[[-76.435, 3.54], [-76.43, 3.54], [-76.43, 3.545], [-76.435, 3.545], [-76.435, 3.54]]]}}, {"type": "Feature", "properties": {"value": 9.5279, "sigma": 7.6787}, "geometry": {"type": "Polygon", "coordinates": [[[-76.43, 3.54], [-76.425, 3.54], [-76.425, 3.545], [-76.43, 3.545], [-76.43, 3.54]]]}}, {"type": "Feature", "properties": {"value": 9.5054, "sigma": 7.6787}, "geometry": {"type": "Polygon", "coordinates": [[[-76.425, 3.54], [-76.42, 3.54], [-76.42, 3.545], [-76.425, 3.545], [-76.425, 3.54]]]}}, {"type": "Feature", "properties": {"value": 9.4839, "sigma": 7.6787}, "geometry": {"type": "Polygon", "coordinates": [[[-76.42, 3.54], [-76.415, 3.54], [-76.415, 3.545], [-76.42, 3.545], [-76.42, 3.54]]]}}, {"type": "Feature", "properties": {"value": 9.4625, "sigma": 7.6787}, "geometry": {"type": "Polygon", "coordinates": [[[-76.415, 3.54], [-76.41, 3.54], [-76.41, 3.545], [-76.415, 3.545], [-76.415, 3.54]]]}}, {"type": "Feature", "properties": {"value": 9.4397, "sigma": 7.6787}, "geometry": {"type": "Polygon", "coordinates": [[[-76.41, 3.54], [-76.405, 3.54], [-76.405, 3.545], [-76.41, 3.545], [-76.41, 3.54]]]}}, {"type": "Feature", "properties": {"value": 9.4142, "sigma": 7.6787}, "geometry": {"type": "Polygon", "coordinates": [[[-76.405, 3.54], [-76.4, 3.54], [-76.4, 3.545], [-76.405, 3.545], [-76.405, 3.54]]]}}, {"type": "Feature", "properties": {"value": 11.1884, "sigma": 7.6787}, "geometry": {"type": "Polygon", "coordinates": [[[-76.6, 3.545], [-76.595, 3.545], [-76.595, 3.55], [-76.6, 3.55], [-76.6, 3.545]]]}}, {"type": "Feature", "properties": {"value": 11.2807, "sigma": 7.6787}, "geometry": {"type": "Polygon", "coordinates": [[[-76.595, 3.545], [-76.59, 3.545], [-76.59, 3.55], [-76.595, 3.55], [-76.595, 3.545]]]}}, {"type": "Feature", "properties": {"value": 11.3386, "sigma": 7.6787}, "geometry": {"type": "Polygon", "coordinates": [[[-76.59, 3.545], [-76.585, 3.545], [-76.585, 3.55], [-76.59, 3.55], [-76.59, 3.545]]]}}, {"type": "Feature", "properties": {"value": 11.3511, "sigma": 7.6787}, "geometry": {"type": "Polygon", "coordinates": [[[-76.585, 3.545], [-76.58, 3.545], [-76.58, 3.55], [-76.585, 3.55], [-76.585, 3.545]]]}}, {"type": "Feature", "properties": {"value": 11.3086, "sigma": 7.6787}, "geometry": {"type": "Polygon", "coordinates": [[[-76.58, 3.545], [-76.575, 3.545], [-76.575, 3.55], [-76.58, 3.55], [-76.58, 3.545]]]}}, {"type": "Feature", "properties": {"value": 11.2051, "sigma": 7.6787}, "geometry": {"type": "Polygon", "coordinates": [[[-76.575, 3.545], [-76.57, 3.545], [-76.57, 3.55], [-76.575, 3.55], [-76.575, 3.545]]]}}, {"type": "Feature", "properties": {"value": 11.0401, "sigma": 7.6787}, "geometry": {"type": "Polygon", "coordinates": [[[-76.57, 3.545], [-76.565, 3.545], [-76.565, 3.55], [-76.57, 3.55], [-76.57, 3.545]]]}}, {"type": "Feature", "properties": {"value": 10.8198, "sigma": 7.6787}, "geometry": {"type": "Polygon", "coordinates": [[[-76.565, 3.545], [-76.56, 3.545], [-76.56, 3.55], [-76.565, 3.55], [-76.565, 3.545]]]}}, {"type": "Feature", "properties": {"value": 10.5566, "sigma": 7.6787}, "geometry": {"type": "Polygon", "coordinates": [[[-76.56, 3.545], [-76.555, 3.545], [-76.555, 3.55], [-76.56, 3.55], [-76.56, 3.545]]]}}, {"type": "Feature", "properties": {"value": 10.2678, "sigma": 7.6787}, "geometry": {"type": "Polygon", "coordinates": [[[-76.555, 3.545], [-76.55, 3.545], [-76.55, 3.55], [-76.555, 3.55], [-76.555, 3.545]]]}}, {"type": "Feature", "properties": {"value": 9.9729, "sigma": 7.6787}, "geometry": {"type": "Polygon", "coordinates": [[[-76.55, 3.545], [-76.545, 3.545], [-76.545, 3.55], [-76.55, 3.55], [-76.55, 3.545]]]}}, {"type": "Feature", "properties": {"value": 9.6918, "sigma": 7.6787}, "geometry": {"type": "Polygon", "coordinates": [[[-76.545, 3.545], [-76.54, 3.545], [-76.54, 3.55], [-76.545, 3.55], [-76.545, 3.545]]]}}, {"type": "Feature", "properties": {"value": 9.442, "sigma": 7.6787}, "geometry": {"type": "Polygon", "coordinates": [[[-76.54, 3.545], [-76.535, 3.545], [-76.535, 3.55], [-76.54, 3.55], [-76.54, 3.545]]]}}, {"type": "Feature", "properties": {"value": 9.2369, "sigma": 7.6787}, "geometry": {"type": "Polygon", "coordinates": [[[-76.535, 3.545], [-76.53, 3.545], [-76.53, 3.55], [-76.535, 3.55], [-76.535, 3.545]]]}}, {"type": "Feature", "properties": {"value": 9.0846, "sigma": 7.6787}, "geometry": {"type": "Polygon", "coordinates": [[[-76.53, 3.545], [-76.525, 3.545], [-76.525, 3.55], [-76.53, 3.55], [-76.53, 3.545]]]}}, {"type": "Feature", "properties": {"value": 8.9865, "sigma": 7.6787}, "geometry": {"type": "Polygon", "coordinates": [[[-76.525, 3.545], [-76.52, 3.545], [-76.52, 3.55], [-76.525, 3.55], [-76.525, 3.545]]]}}, {"type": "Feature", "properties": {"value": 8.9383, "sigma": 7.6787}, "geometry": {"type": "Polygon", "coordinates": [[[-76.52, 3.545], [-76.515, 3.545], [-76.515, 3.55], [-76.52, 3.55], [-76.52, 3.545]]]}}, {"type": "Feature", "properties": {"value": 8.9312, "sigma": 7.6787}, "geometry": {"type": "Polygon", "coordinates": [[[-76.515, 3.545], [-76.51, 3.545], [-76.51, 3.55], [-76.515, 3.55], [-76.515, 3.545]]]}}, {"type": "Feature", "properties": {"value": 8.9552, "sigma": 7.6787}, "geometry": {"type": "Polygon", "coordinates": [[[-76.51, 3.545], [-76.505, 3.545], [-76.505, 3.55], [-76.51, 3.55], [-76.51, 3.545]]]}}, {"type": "Feature", "properties": {"value": 9.0005, "sigma": 7.6787}, "geometry": {"type": "Polygon", "coordinates": [[[-76.505, 3.545], [-76.5, 3.545], [-76.5, 3.55], [-76.505, 3.55], [-76.505, 3.545]]]}}, {"type": "Feature", "properties": {"value": 9.0591, "sigma": 7.6787}, "geometry": {"type": "Polygon", "coordinates": [[[-76.5, 3.545], [-76.495, 3.545], [-76.495, 3.55], [-76.5, 3.55], [-76.5, 3.545]]]}}, {"type": "Feature", "properties": {"value": 9.1249, "sigma": 7.6787}, "geometry": {"type": "Polygon", "coordinates": [[[-76.495, 3.545], [-76.49, 3.545], [-76.49, 3.55], [-76.495, 3.55], [-76.495, 3.545]]]}}, {"type": "Feature", "properties": {"value": 9.1937, "sigma": 7.6787}, "geometry": {"type": "Polygon", "coordinates": [[[-76.49, 3.545], [-76.485, 3.545], [-76.485, 3.55], [-76.49, 3.55], [-76.49, 3.545]]]}}, {"type": "Feature", "properties": {"value": 9.2621, "sigma": 7.6787}, "geometry": {"type": "Polygon", "coordinates": [[[-76.485, 3.545], [-76.48, 3.545], [-76.48, 3.55], [-76.485, 3.55], [-76.485, 3.545]]]}}, {"type": "Feature", "properties": {"value": 9.327, "sigma": 7.6787}, "geometry": {"type": "Polygon", "coordinates": [[[-76.48, 3.545], [-76.475, 3.545], [-76.475, 3.55], [-76.48, 3.55], [-76.48, 3.545]]]}}, {"type": "Feature", "properties": {"value": 9.3857, "sigma": 7.6787}, "geometry": {"type": "Polygon", "coordinates": [[[-76.475, 3.545], [-76.47, 3.545], [-76.47, 3.55], [-76.475, 3.55], [-76.475, 3.545]]]}}, {"type": "Feature", "properties": {"value": 9.4354, "sigma": 7.6787}, "geometry": {"type": "Polygon", "coordinates": [[[-76.47, 3.545], [-76.465, 3.545], [-76.465, 3.55], [-76.47, 3.55], [-76.47, 3.545]]]}}, {"type": "Feature", "properties": {"value": 9.474, "sigma": 7.6787}, "geometry": {"type": "Polygon", "coordinates": [[[-76.465, 3.545], [-76.46, 3.545], [-76.46, 3.55], [-76.465, 3.55], [-76.465, 3.545]]]}}, {"type": "Feature", "properties": {"value": 9.5002, "sigma": 7.6787}, "geometry": {"type": "Polygon", "coordinates": [[[-76.46, 3.545], [-76.455, 3.545], [-76.455, 3.55], [-76.46, 3.55], [-76.46, 3.545]]]}}, {"type": "Feature", "properties": {"value": 9.5137, "sigma": 7.6787}, "geometry": {"type": "Polygon", "coordinates": [[[-76.455, 3.545], [-76.45, 3.545], [-76.45, 3.55], [-76.455, 3.55], [-76.455, 3.545]]]}}, {"type": "Feature", "properties": {"value": 9.516, "sigma": 7.6787}, "geometry": {"type": "Polygon", "coordinates": [[[-76.45, 3.545], [-76.445, 3.545], [-76.445, 3.55], [-76.45, 3.55], [-76.45, 3.545]]]}}, {"type": "Feature", "properties": {"value": 9.5092, "sigma": 7.6787}, "geometry": {"type": "Polygon", "coordinates": [[[-76.445, 3.545], [-76.44, 3.545], [-76.44, 3.55], [-76.445, 3.55], [-76.445, 3.545]]]}}, {"type": "Feature", "properties": {"value": 9.4961, "sigma": 7.6787}, "geometry": {"type": "Polygon", "coordinates": [[[-76.44, 3.545], [-76.435, 3.545], [-76.435, 3.55], [-76.44, 3.55], [-76.44, 3.545]]]}}, {"type": "Feature", "properties": {"value": 9.4792, "sigma": 7.6787}, "geometry": {"type": "Polygon", "coordinates": [[[-76.435, 3.545], [-76.43, 3.545], [-76.43, 3.55], [-76.435, 3.55], [-76.435, 3.545]]]}}, {"type": "Feature", "properties": {"value": 9.4604, "sigma": 7.6787}, "geometry": {"type": "Polygon", "coordinates": [[[-76.43, 3.545], [-76.425, 3.545], [-76.425, 3.55], [-76.43, 3.55], [-76.43, 3.545]]]}}, {"type": "Feature", "properties": {"value": 9.4409, "sigma": 7.6787}, "geometry": {"type": "Polygon", "coordinates": [[[-76.425, 3.545], [-76.42, 3.545], [-76.42, 3.55], [-76.425, 3.55], [-76.425, 3.545]]]}}, {"type": "Feature", "properties": {"value": 9.4209, "sigma": 7.6787}, "geometry": {"type": "Polygon", "coordinates": [[[-76.42, 3.545], [-76.415, 3.545], [-76.415, 3.55], [-76.42, 3.55], [-76.42, 3.545]]]}}, {"type": "Feature", "properties": {"value": 9.4001, "sigma": 7.6787}, "geometry": {"type": "Polygon", "coordinates": [[[-76.415, 3.545], [-76.41, 3.545], [-76.41, 3.55], [-76.415, 3.55], [-76.415, 3.545]]]}}, {"type": "Feature", "properties": {"value": 9.3778, "sigma": 7.6787}, "geometry": {"type": "Polygon", "coordinates": [[[-76.41, 3.545], [-76.405, 3.545], [-76.405, 3.55], [-76.41, 3.55], [-76.41, 3.545]]]}}, {"type": "Feature", "properties": {"value": 9.3532, "sigma": 7.6787}, "geometry": {"type": "Polygon", "coordinates": [[[-76.405, 3.545], [-76.4, 3.545], [-76.4, 3.55], [-76.405, 3.55], [-76.405, 3.545]]]}}]}