{"type": "FeatureCollection", "properties": {"valueMin": 4.9288, "valueMax": 13.3819, "sigmaMin": 7.6619, "sigmaMax": 7.6619}, "features": [{"type": "Feature", "properties": {"value": 7.8943, "sigma": 7.6619}, "geometry": {"type": "Polygon", "coordinates": [[[-76.6, 3.3], [-76.595, 3.3], [-76.595, 3.305], [-76.6, 3.305], [-76.6, 3.3]]]}}, {"type": "Feature", "properties": {"value": 7.8676, "sigma": 7.6619}, "geometry": {"type": "Polygon", "coordinates": [[[-76.595, 3.3], [-76.59, 3.3], [-76.59, 3.305], [-76.595, 3.305], [-76.595, 3.3]]]}}, {"type": "Feature", "properties": {"value": 7.8407, "sigma": 7.6619}, "geometry": {"type": "Polygon", "coordinates": [[[-76.59, 3.3], [-76.585, 3.3], [-76.585, 3.305], [-76.59, 3.305], [-76.59, 3.3]]]}}, {"type": "Feature", "properties": {"value": 7.8141, "sigma": 7.6619}, "geometry": {"type": "Polygon", "coordinates": [[[-76.585, 3.3], [-76.58, 3.3], [-76.58, 3.305], [-76.585, 3.305], [-76.585, 3.3]]]}}, {"type": "Feature", "properties": {"value": 7.7885, "sigma": 7.6619}, "geometry": {"type": "Polygon", "coordinates": [[[-76.58, 3.3], [-76.575, 3.3], [-76.575, 3.305], [-76.58, 3.305], [-76.58, 3.3]]]}}, {"type": "Feature", "properties": {"value": 7.7651, "sigma": 7.6619}, "geometry": {"type": "Polygon", "coordinates": [[[-76.575, 3.3], [-76.57, 3.3], [-76.57, 3.305], [-76.575, 3.305], [-76.575, 3.3]]]}}, {"type": "Feature", "properties": {"value": 7.7458, "sigma": 7.6619}, "geometry": {"type": "Polygon", "coordinates": [[[-76.57, 3.3], [-76.565, 3.3], [-76.565, 3.305], [-76.57, 3.305], [-76.57, 3.3]]]}}, {"type": "Feature", "properties": {"value": 7.7334, "sigma": 7.6619}, "geometry": {"type": "Polygon", "coordinates": [[[-76.565, 3.3], [-76.56, 3.3], [-76.56, 3.305], [-76.565, 3.305], [-76.565, 3.3]]]}}, {"type": "Feature", "properties": {"value": 7.7328, "sigma": 7.6619}, "geometry": {"type": "Polygon", "coordinates": [[[-76.56, 3.3], [-76.555, 3.3], [-76.555, 3.305], [-76.56, 3.305], [-76.56, 3.3]]]}}, {"type": "Feature", "properties": {"value": 7.7509, "sigma": 7.6619}, "geometry": {"type": "Polygon", "coordinates": [[[-76.555, 3.3], [-76.55, 3.3], [-76.55, 3.305], [-76.555, 3.305], [-76.555, 3.3]]]}}, {"type": "Feature", "properties": {"value": 7.798, "sigma": 7.6619}, "geometry": {"type": "Polygon", "coordinates": [[[-76.55, 3.3], [-76.545, 3.3], [-76.545, 3.305], [-76.55, 3.305], [-76.55, 3.3]]]}}, {"type": "Feature", "properties": {"value": 7.8896, "sigma": 7.6619}, "geometry": {"type": "Polygon", "coordinates": [[[-76.545, 3.3], [-76.54, 3.3], [-76.54, 3.305], [-76.545, 3.305], [-76.545, 3.3]]]}}, {"type": "Feature", "properties": {"value": 8.051, "sigma": 7.6619}, "geometry": {"type": "Polygon", "coordinates": [[[-76.54, 3.3], [-76.535, 3.3], [-76.535, 3.305], [-76.54, 3.305], [-76.54, 3.3]]]}}, {"type": "Feature", "properties": {"value": 8.3285, "sigma": 7.6619}, "geometry": {"type": "Polygon", "coordinates": [[[-76.535, 3.3], [-76.53, 3.3], [-76.53, 3.305], [-76.535, 3.305], [-76.535, 3.3]]]}}, {"type": "Feature", "properties": {"value": 8.8189, "sigma": 7.6619}, "geometry": {"type": "Polygon", "coordinates": [[[-76.53, 3.3], [-76.525, 3.3], [-76.525, 3.305], [-76.53, 3.305], [-76.53, 3.3]]]}}, {"type": "Feature", "properties": {"value": 9.7528, "sigma": 7.6619}, "geometry": {"type": "Polygon", "coordinates": [[[-76.525, 3.3], [-76.52, 3.3], [-76.52, 3.305], [-76.525, 3.305], [-76.525, 3.3]]]}}, {"type": "Feature", "properties": {"value": 11.3429, "sigma": 7.6619}, "geometry": {"type": "Polygon", "coordinates": [[[-76.52, 3.3], [-76.515, 3.3], [-76.515, 3.305], [-76.52, 3.305], [-76.52, 3.3]]]}}, {"type": "Feature", "properties": {"value": 7.2713, "sigma": 7.6619}, "geometry": {"type": "Polygon", "coordinates": [[[-76.515, 3.3], [-76.51, 3.3], [-76.51, 3.305], [-76.515, 3.305], [-76.515, 3.3]]]}}, {"type": "Feature", "properties": {"value": 5.9205, "sigma": 7.6619}, "geometry": {"type": "Polygon", "coordinates": [[[-76.51, 3.3], [-76.505, 3.3], [-76.505, 3.305], [-76.51, 3.305], [-76.51, 3.3]]]}}, {"type": "Feature", "properties": {"value": 6.7255, "sigma": 7.6619}, "geometry": {"type": "Polygon", "coordinates": [[[-76.505, 3.3], [-76.5, 3.3], [-76.5, 3.305], [-76.505, 3.305], [-76.505, 3.3]]]}}, {"type": "Feature", "properties": {"value": 6.9654, "sigma": 7.6619}, "geometry": {"type": "Polygon", "coordinates": [[[-76.5, 3.3], [-76.495, 3.3], [-76.495, 3.305], [-76.5, 3.305], [-76.5, 3.3]]]}}, {"type": "Feature", "properties": {"value": 6.8555, "sigma": 7.6619}, "geometry": {"type": "Polygon", "coordinates": [[[-76.495, 3.3], [-76.49, 3.3], [-76.49, 3.305], [-76.495, 3.305], [-76.495, 3.3]]]}}, {"type": "Feature", "properties": {"value": 6.5642, "sigma": 7.6619}, "geometry": {"type": "Polygon", "coordinates": [[[-76.49, 3.3], [-76.485, 3.3], [-76.485, 3.305], [-76.49, 3.305], [-76.49, 3.3]]]}}, {"type": "Feature", "properties": {"value": 6.218, "sigma": 7.6619}, "geometry": {"type": "Polygon", "coordinates": [[[-76.485, 3.3], [-76.48, 3.3], [-76.48, 3.305], [-76.485, 3.305], [-76.485, 3.3]]]}}, {"type": "Feature", "properties": {"value": 5.9786, "sigma": 7.6619}, "geometry": {"type": "Polygon", "coordinates": [[[-76.48, 3.3], [-76.475, 3.3], [-76.475, 3.305], [-76.48, 3.305], [-76.48, 3.3]]]}}, {"type": "Feature", "properties": {"value": 6.0019, "sigma": 7.6619}, "geometry": {"type": "Polygon", "coordinates": [[[-76.475, 3.3], [-76.47, 3.3], [-76.47, 3.305], [-76.475, 3.305], [-76.475, 3.3]]]}}, {"type": "Feature", "properties": {"value": 6.0725, "sigma": 7.6619}, "geometry": {"type": "Polygon", "coordinates": [[[-76.47, 3.3], [-76.465, 3.3], [-76.465, 3.305], [-76.47, 3.305], [-76.47, 3.3]]]}}, {"type": "Feature", "properties": {"value": 6.3222, "sigma": 7.6619}, "geometry": {"type": "Polygon", "coordinates": [[[-76.465, 3.3], [-76.46, 3.3], [-76.46, 3.305], [-76.465, 3.305], [-76.465, 3.3]]]}}, {"type": "Feature", "properties": {"value": 6.551, "sigma": 7.6619}, "geometry": {"type": "Polygon", "coordinates": [[[-76.46, 3.3], [-76.455, 3.3], [-76.455, 3.305], [-76.46, 3.305], [-76.46, 3.3]]]}}, {"type": "Feature", "properties": {"value": 6.6592, "sigma": 7.6619}, "geometry": {"type": "Polygon", "coordinates": [[[-76.455, 3.3], [-76.45, 3.3], [-76.45, 3.305], [-76.455, 3.305], [-76.455, 3.3]]]}}, {"type": "Feature", "properties": {"value": 6.5846, "sigma": 7.6619}, "geometry": {"type": "Polygon", "coordinates": [[[-76.45, 3.3], [-76.445, 3.3], [-76.445, 3.305], [-76.45, 3.305], [-76.45, 3.3]]]}}, {"type": "Feature", "properties": {"value": 6.3167, "sigma": 7.6619}, "geometry": {"type": "Polygon", "coordinates": [[[-76.445, 3.3], [-76.44, 3.3], [-76.44, 3.305], [-76.445, 3.305], [-76.445, 3.3]]]}}, {"type": "Feature", "properties": {"value": 5.9915, "sigma": 7.6619}, "geometry": {"type": "Polygon", "coordinates": [[[-76.44, 3.3], [-76.435, 3.3], [-76.435, 3.305], [-76.44, 3.305], [-76.44, 3.3]]]}}, {"type": "Feature", "properties": {"value": 5.8582, "sigma": 7.6619}, "geometry": {"type": "Polygon", "coordinates": [[[-76.435, 3.3], [-76.43, 3.3], [-76.43, 3.305], [-76.435, 3.305], [-76.435, 3.3]]]}}, {"type": "Feature", "properties": {"value": 5.9719, "sigma": 7.6619}, "geometry": {"type": "Polygon", "coordinates": [[[-76.43, 3.3], [-76.425, 3.3], [-76.425, 3.305], [-76.43, 3.305], [-76.43, 3.3]]]}}, {"type": "Feature", "properties": {"value": 6.1896, "sigma": 7.6619}, "geometry": {"type": "Polygon", "coordinates": [[[-76.425, 3.3], [-76.42, 3.3], [-76.42, 3.305], [-76.425, 3.305], [-76.425, 3.3]]]}}, {"type": "Feature", "properties": {"value": 6.403, "sigma": 7.6619}, "geometry": {"type": "Polygon", "coordinates": [[[-76.42, 3.3], [-76.415, 3.3], [-76.415, 3.305], [-76.42, 3.305], [-76.42, 3.3]]]}}, {"type": "Feature", "properties": {"value": 6.58, "sigma": 7.6619}, "geometry": {"type": "Polygon", "coordinates": [[[-76.415, 3.3], [-76.41, 3.3], [-76.41, 3.305], [-76.415, 3.305], [-76.415, 3.3]]]}}, {"type": "Feature", "properties": {"value": 6.7209, "sigma": 7.6619}, "geometry": {"type": "Polygon", "coordinates": [[[-76.41, 3.3], [-76.405, 3.3], [-76.405, 3.305], [-76.41, 3.305], [-76.41, 3.3]]]}}, {"type": "Feature", "properties": {"value": 6.8333, "sigma": 7.6619}, "geometry": {"type": "Polygon", "coordinates": [[[-76.405, 3.3], [-76.4, 3.3], [-76.4, 3.305], [-76.405, 3.305], [-76.405, 3.3]]]}}, {"type": "Feature", "properties": {"value": 7.9118, "sigma": 7.6619}, "geometry": {"type": "Polygon", "coordinates": [[[-76.6, 3.305], [-76.595, 3.305], [-76.595, 3.31], [-76.6, 3.31], [-76.6, 3.305]]]}}, {"type": "Feature", "properties": {"value": 7.8827, "sigma": 7.6619}, "geometry": {"type": "Polygon", "coordinates": [[[-76.595, 3.305], [-76.59, 3.305], [-76.59, 3.31], [-76.595, 3.31], [-76.595, 3.305]]]}}, {"type": "Feature", "properties": {"value": 7.8531, "sigma": 7.6619}, "geometry": {"type": "Polygon", "coordinates": [[[-76.59, 3.305], [-76.585, 3.305], [-76.585, 3.31], [-76.59, 3.31], [-76.59, 3.305]]]}}, {"type": "Feature", "properties": {"value": 7.8235, "sigma": 7.6619}, "geometry": {"type": "Polygon", "coordinates": [[[-76.585, 3.305], [-76.58, 3.305], [-76.58, 3.31], [-76.585, 3.31], [-76.585, 3.305]]]}}, {"type": "Feature", "properties": {"value": 7.7944, "sigma": 7.6619}, "geometry": {"type": "Polygon", "coordinates": [[[-76.58, 3.305], [-76.575, 3.305], [-76.575, 3.31], [-76.58, 3.31], [-76.58, 3.305]]]}}, {"type": "Feature", "properties": {"value": 7.7664, "sigma": 7.6619}, "geometry": {"type": "Polygon", "coordinates": [[[-76.575, 3.305], [-76.57, 3.305], [-76.57, 3.31], [-76.575, 3.31], [-76.575, 3.305]]]}}, {"type": "Feature", "properties": {"value": 7.741, "sigma": 7.6619}, "geometry": {"type": "Polygon", "coordinates": [[[-76.57, 3.305], [-76.565, 3.305], [-76.565, 3.31], [-76.57, 3.31], [-76.57, 3.305]]]}}, {"type": "Feature", "properties": {"value": 7.7208, "sigma": 7.6619}, "geometry": {"type": "Polygon", "coordinates": [[[-76.565, 3.305], [-76.56, 3.305], [-76.56, 3.31], [-76.565, 3.31], [-76.565, 3.305]]]}}, {"type": "Feature", "properties": {"value": 7.7104, "sigma": 7.6619}, "geometry": {"type": "Polygon", "coordinates": [[[-76.56, 3.305], [-76.555, 3.305], [-76.555, 3.31], [-76.56, 3.31], [-76.56, 3.305]]]}}, {"type": "Feature", "properties": {"value": 7.7171, "sigma": 7.6619}, "geometry": {"type": "Polygon", "coordinates": [[[-76.555, 3.305], [-76.55, 3.305], [-76.55, 3.31], [-76.555, 3.31], [-76.555, 3.305]]]}}, {"type": "Feature", "properties": {"value": 7.7513, "sigma": 7.6619}, "geometry": {"type": "Polygon", "coordinates": [[[-76.55, 3.305], [-76.545, 3.305], [-76.545, 3.31], [-76.55, 3.31], [-76.55, 3.305]]]}}, {"type": "Feature", "properties": {"value": 7.8284, "sigma": 7.6619}, "geometry": {"type": "Polygon", "coordinates": [[[-76.545, 3.305], [-76.54, 3.305], [-76.54, 3.31], [-76.545, 3.31], [-76.545, 3.305]]]}}, {"type": "Feature", "properties": {"value": 7.972, "sigma": 7.6619}, "geometry": {"type": "Polygon", "coordinates": [[[-76.54, 3.305], [-76.535, 3.305], [-76.535, 3.31], [-76.54, 3.31], [-76.54, 3.305]]]}}, {"type": "Feature", "properties": {"value": 8.2184, "sigma": 7.6619}, "geometry": {"type": "Polygon", "coordinates": [[[-76.535, 3.305], [-76.53, 3.305], [-76.53, 3.31], [-76.535, 3.31], [-76.535, 3.305]]]}}, {"type": "Feature", "properties": {"value": 8.6253, "sigma": 7.6619}, "geometry": {"type": "Polygon", "coordinates": [[[-76.53, 3.305], [-76.525, 3.305], [-76.525, 3.31], [-76.53, 3.31], [-76.53, 3.305]]]}}, {"type": "Feature", "properties": {"value": 9.2445, "sigma": 7.6619}, "geometry": {"type": "Polygon", "coordinates": [[[-76.525, 3.305], [-76.52, 3.305], [-76.52, 3.31], [-76.525, 3.31], [-76.525, 3.305]]]}}, {"type": "Feature", "properties": {"value": 9.6873, "sigma": 7.6619}, "geometry": {"type": "Polygon", "coordinates": [[[-76.52, 3.305], [-76.515, 3.305], [-76.515, 3.31], [-76.52, 3.31], [-76.52, 3.305]]]}}, {"type": "Feature", "properties": {"value": 8.4697, "sigma": 7.6619}, "geometry": {"type": "Polygon", "coordinates": [[[-76.515, 3.305], [-76.51, 3.305], [-76.51, 3.31], [-76.515, 3.31], [-76.515, 3.305]]]}}, {"type": "Feature", "properties": {"value": 7.3938, "sigma": 7.6619}, "geometry": {"type": "Polygon", "coordinates": [[[-76.51, 3.305], [-76.505, 3.305], [-76.505, 3.31], [-76.51, 3.31], [-76.51, 3.305]]]}}, {"type": "Feature", "properties": {"value": 7.264, "sigma": 7.6619}, "geometry": {"type": "Polygon", "coordinates": [[[-76.505, 3.305], [-76.5, 3.305], [-76.5, 3.31], [-76.505, 3.31], [-76.505, 3.305]]]}}, {"type": "Feature", "properties": {"value": 7.1774, "sigma": 7.6619}, "geometry": {"type": "Polygon", "coordinates": [[[-76.5, 3.305], [-76.495, 3.305], [-76.495, 3.31], [-76.5, 3.31], [-76.5, 3.305]]]}}, {"type": "Feature", "properties": {"value": 6.9531, "sigma": 7.6619}, "geometry": {"type": "Polygon", "coordinates": [[[-76.495, 3.305], [-76.49, 3.305], [-76.49, 3.31], [-76.495, 3.31], [-76.495, 3.305]]]}}, {"type": "Feature", "properties": {"value": 6.6172, "sigma": 7.6619}, "geometry": {"type": "Polygon", "coordinates": [[[-76.49, 3.305], [-76.485, 3.305], [-76.485, 3.31], [-76.49, 3.31], [-76.49, 3.305]]]}}, {"type": "Feature", "properties": {"value": 6.2401, "sigma": 7.6619}, "geometry": {"type": "Polygon", "coordinates": [[[-76.485, 3.305], [-76.48, 3.305], [-76.48, 3.31], [-76.485, 3.31], [-76.485, 3.305]]]}}, {"type": "Feature", "properties": {"value": 5.9172, "sigma": 7.6619}, "geometry": {"type": "Polygon", "coordinates": [[[-76.48, 3.305], [-76.475, 3.305], [-76.475, 3.31], [-76.48, 3.31], [-76.48, 3.305]]]}}, {"type": "Feature", "properties": {"value": 5.8203, "sigma": 7.6619}, "geometry": {"type": "Polygon", "coordinates": [[[-76.475, 3.305], [-76.47, 3.305], [-76.47, 3.31], [-76.475, 3.31], [-76.475, 3.305]]]}}, {"type": "Feature", "properties": {"value": 6.078, "sigma": 7.6619}, "geometry": {"type": "Polygon", "coordinates": [[[-76.47, 3.305], [-76.465, 3.305], [-76.465, 3.31], [-76.47, 3.31], [-76.47, 3.305]]]}}, {"type": "Feature", "properties": {"value": 6.3779, "sigma": 7.6619}, "geometry": {"type": "Polygon", "coordinates": [[[-76.465, 3.305], [-76.46, 3.305], [-76.46, 3.31], [-76.465, 3.31], [-76.465, 3.305]]]}}, {"type": "Feature", "properties": {"value": 6.6564, "sigma": 7.6619}, "geometry": {"type": "Polygon", "coordinates": [[[-76.46, 3.305], [-76.455, 3.305], [-76.455, 3.31], [-76.46, 3.31], [-76.46, 3.305]]]}}, {"type": "Feature", "properties": {"value": 6.8264, "sigma": 7.6619}, "geometry": {"type": "Polygon", "coordinates": [[[-76.455, 3.305], [-76.45, 3.305], [-76.45, 3.31], [-76.455, 3.31], [-76.455, 3.305]]]}}, {"type": "Feature", "properties": {"value": 6.7945, "sigma": 7.6619}, "geometry": {"type": "Polygon", "coordinates": [[[-76.45, 3.305], [-76.445, 3.305], [-76.445, 3.31], [-76.45, 3.31], [-76.45, 3.305]]]}}, {"type": "Feature", "properties": {"value": 6.462, "sigma": 7.6619}, "geometry": {"type": "Polygon", "coordinates": [[[-76.445, 3.305], [-76.44, 3.305], [-76.44, 3.31], [-76.445, 3.31], [-76.445, 3.305]]]}}, {"type": "Feature", "properties": {"value": 5.9587, "sigma": 7.6619}, "geometry": {"type": "Polygon", "coordinates": [[[-76.44, 3.305], [-76.435, 3.305], [-76.435, 3.31], [-76.44, 3.31], [-76.44, 3.305]]]}}, {"type": "Feature", "properties": {"value": 5.7594, "sigma": 7.6619}, "geometry": {"type": "Polygon", "coordinates": [[[-76.435, 3.305], [-76.43, 3.305], [-76.43, 3.31], [-76.435, 3.31], [-76.435, 3.305]]]}}, {"type": "Feature", "properties": {"value": 5.9315, "sigma": 7.6619}, "geometry": {"type": "Polygon", "coordinates": [[[-76.43, 3.305], [-76.425, 3.305], [-76.425, 3.31], [-76.43, 3.31], [-76.43, 3.305]]]}}, {"type": "Feature", "properties": {"value": 6.1998, "sigma": 7.6619}, "geometry": {"type": "Polygon", "coordinates": [[[-76.425, 3.305], [-76.42, 3.305], [-76.42, 3.31], [-76.425, 3.31], [-76.425, 3.305]]]}}, {"type": "Feature", "properties": {"value": 6.4324, "sigma": 7.6619}, "geometry": {"type": "Polygon", "coordinates": [[[-76.42, 3.305], [-76.415, 3.305], [-76.415, 3.31], [-76.42, 3.31], [-76.42, 3.305]]]}}, {"type": "Feature", "properties": {"value": 6.6125, "sigma": 7.6619}, "geometry": {"type": "Polygon", "coordinates": [[[-76.415, 3.305], [-76.41, 3.305], [-76.41, 3.31], [-76.415, 3.31], [-76.415, 3.305]]]}}, {"type": "Feature", "properties": {"value": 6.7508, "sigma": 7.6619}, "geometry": {"type": "Polygon", "coordinates": [[[-76.41, 3.305], [-76.405, 3.305], [-76.405, 3.31], [-76.41, 3.31], [-76.41, 3.305]]]}}, {"type": "Feature", "properties": {"value": 6.8595, "sigma": 7.6619}, "geometry": {"type": "Polygon", "coordinates": [[[-76.405, 3.305], [-76.4, 3.305], [-76.4, 3.31], [-76.405, 3.31], [-76.405, 3.305]]]}}, {"type": "Feature", "properties": {"value": 7.9312, "sigma": 7.6619}, "geometry": {"type": "Polygon", "coordinates": [[[-76.6, 3.31], [-76.595, 3.31], [-76.595, 3.315], [-76.6, 3.315], [-76.6, 3.31]]]}}, {"type": "Feature", "properties": {"value": 7.8991, "sigma": 7.6619}, "geometry": {"type": "Polygon", "coordinates": [[[-76.595, 3.31], [-76.59, 3.31], [-76.59, 3.315], [-76.595, 3.315], [-76.595, 3.31]]]}}, {"type": "Feature", "properties": {"value": 7.8664, "sigma": 7.6619}, "geometry": {"type": "Polygon", "coordinates": [[[-76.59, 3.31], [-76.585, 3.31], [-76.585, 3.315], [-76.59, 3.315], [-76.59, 3.31]]]}}, {"type": "Feature", "properties": {"value": 7.8336, "sigma": 7.6619}, "geometry": {"type": "Polygon", "coordinates": [[[-76.585, 3.31], [-76.58, 3.31], [-76.58, 3.315], [-76.585, 3.315], [-76.585, 3.31]]]}}, {"type": "Feature", "properties": {"value": 7.8009, "sigma": 7.6619}, "geometry": {"type": "Polygon", "coordinates": [[[-76.58, 3.31], [-76.575, 3.31], [-76.575, 3.315], [-76.58, 3.315], [-76.58, 3.31]]]}}, {"type": "Feature", "properties": {"value": 7.7682, "sigma": 7.6619}, "geometry": {"type": "Polygon", "coordinates": [[[-76.575, 3.31], [-76.57, 3.31], [-76.57, 3.315], [-76.575, 3.315], [-76.575, 3.31]]]}}, {"type": "Feature", "properties": {"value": 7.7358, "sigma": 7.6619}, "geometry": {"type": "Polygon", "coordinates": [[[-76.57, 3.31], [-76.565, 3.31], [-76.565, 3.315], [-76.57, 3.315], [-76.57, 3.31]]]}}, {"type": "Feature", "properties": {"value": 7.7054, "sigma": 7.6619}, "geometry": {"type": "Polygon", "coordinates": [[[-76.565, 3.31], [-76.56, 3.31], [-76.56, 3.315], [-76.565, 3.315], [-76.565, 3.31]]]}}, {"type": "Feature", "properties": {"value": 7.681, "sigma": 7.6619}, "geometry": {"type": "Polygon", "coordinates": [[[-76.56, 3.31], [-76.555, 3.31], [-76.555, 3.315], [-76.56, 3.315], [-76.56, 3.31]]]}}, {"type": "Feature", "properties": {"value": 7.6691, "sigma": 7.6619}, "geometry": {"type": "Polygon", "coordinates": [[[-76.555, 3.31], [-76.55, 3.31], [-76.55, 3.315], [-76.555, 3.315], [-76.555, 3.31]]]}}, {"type": "Feature", "properties": {"value": 7.6794, "sigma": 7.6619}, "geometry": {"type": "Polygon", "coordinates": [[[-76.55, 3.31], [-76.545, 3.31], [-76.545, 3.315], [-76.55, 3.315], [-76.55, 3.31]]]}}, {"type": "Feature", "properties": {"value": 7.725, "sigma": 7.6619}, "geometry": {"type": "Polygon", "coordinates": [[[-76.545, 3.31], [-76.54, 3.31], [-76.54, 3.315], [-76.545, 3.315], [-76.545, 3.31]]]}}, {"type": "Feature", "properties": {"value": 7.8233, "sigma": 7.6619}, "geometry": {"type": "Polygon", "coordinates": [[[-76.54, 3.31], [-76.535, 3.31], [-76.535, 3.315], [-76.54, 3.315], [-76.54, 3.31]]]}}, {"type": "Feature", "properties": {"value": 7.9929, "sigma": 7.6619}, "geometry": {"type": "Polygon", "coordinates": [[[-76.535, 3.31], [-76.53, 3.31], [-76.53, 3.315], [-76.535, 3.315], [-76.535, 3.31]]]}}, {"type": "Feature", "properties": {"value": 8.2386, "sigma": 7.6619}, "geometry": {"type": "Polygon", "coordinates": [[[-76.53, 3.31], [-76.525, 3.31], [-76.525, 3.315], [-76.53, 3.315], [-76.53, 3.31]]]}}, {"type": "Feature", "properties": {"value": 8.4973, "sigma": 7.6619}, "geometry": {"type": "Polygon", "coordinates": [[[-76.525, 3.31], [-76.52, 3.31], [-76.52, 3.315], [-76.525, 3.315], [-76.525, 3.31]]]}}, {"type": "Feature", "properties": {"value": 8.5573, "sigma": 7.6619}, "geometry": {"type": "Polygon", "coordinates": [[[-76.52, 3.31], [-76.515, 3.31], [-76.515, 3.315], [-76.52, 3.315], [-76.52, 3.31]]]}}, {"type": "Feature", "properties": {"value": 8.3195, "sigma": 7.6619}, "geometry": {"type": "Polygon", "coordinates": [[[-76.515, 3.31], [-76.51, 3.31], [-76.51, 3.315], [-76.515, 3.315], [-76.515, 3.31]]]}}, {"type": "Feature", "properties": {"value": 8.0361, "sigma": 7.6619}, "geometry": {"type": "Polygon", "coordinates": [[[-76.51, 3.31], [-76.505, 3.31], [-76.505, 3.315], [-76.51, 3.315], [-76.51, 3.31]]]}}, {"type": "Feature", "properties": {"value": 7.718, "sigma": 7.6619}, "geometry": {"type": "Polygon", "coordinates": [[[-76.505, 3.31], [-76.5, 3.31], [-76.5, 3.315], [-76.505, 3.315], [-76.505, 3.31]]]}}, {"type": "Feature", "properties": {"value": 7.4079, "sigma": 7.6619}, "geometry": {"type": "Polygon", "coordinates": [[[-76.5, 3.31], [-76.495, 3.31], [-76.495, 3.315], [-76.5, 3.315], [-76.5, 3.31]]]}}, {"type": "Feature", "properties": {"value": 7.0951, "sigma": 7.6619}, "geometry": {"type": "Polygon", "coordinates": [[[-76.495, 3.31], [-76.49, 3.31], [-76.49, 3.315], [-76.495, 3.315], [-76.495, 3.31]]]}}, {"type": "Feature", "properties": {"value": 6.7602, "sigma": 7.6619}, "geometry": {"type": "Polygon", "coordinates": [[[-76.49, 3.31], [-76.485, 3.31], [-76.485, 3.315], [-76.49, 3.315], [-76.49, 3.31]]]}}, {"type": "Feature", "properties": {"value": 6.4284, "sigma": 7.6619}, "geometry": {"type": "Polygon", "coordinates": [[[-76.485, 3.31], [-76.48, 3.31], [-76.48, 3.315], [-76.485, 3.315], [-76.485, 3.31]]]}}, {"type": "Feature", "properties": {"value": 6.1766, "sigma": 7.6619}, "geometry": {"type": "Polygon", "coordinates": [[[-76.48, 3.31], [-76.475, 3.31], [-76.475, 3.315], [-76.48, 3.315], [-76.48, 3.31]]]}}, {"type": "Feature", "properties": {"value": 6.1198, "sigma": 7.6619}, "geometry": {"type": "Polygon", "coordinates": [[[-76.475, 3.31], [-76.47, 3.31], [-76.47, 3.315], [-76.475, 3.315], [-76.475, 3.31]]]}}, {"type": "Feature", "properties": {"value": 6.2819, "sigma": 7.6619}, "geometry": {"type": "Polygon", "coordinates": [[[-76.47, 3.31], [-76.465, 3.31], [-76.465, 3.315], [-76.47, 3.315], [-76.47, 3.31]]]}}, {"type": "Feature", "properties": {"value": 6.5532, "sigma": 7.6619}, "geometry": {"type": "Polygon", "coordinates": [[[-76.465, 3.31], [-76.46, 3.31], [-76.46, 3.315], [-76.465, 3.315], [-76.465, 3.31]]]}}, {"type": "Feature", "properties": {"value": 6.8541, "sigma": 7.6619}, "geometry": {"type": "Polygon", "coordinates": [[[-76.46, 3.31], [-76.455, 3.31], [-76.455, 3.315], [-76.46, 3.315], [-76.46, 3.31]]]}}, {"type": "Feature", "properties": {"value": 7.1335, "sigma": 7.6619}, "geometry": {"type": "Polygon", "coordinates": [[[-76.455, 3.31], [-76.45, 3.31], [-76.45, 3.315], [-76.455, 3.315], [-76.455, 3.31]]]}}, {"type": "Feature", "properties": {"value": 7.3083, "sigma": 7.6619}, "geometry": {"type": "Polygon", "coordinates": [[[-76.45, 3.31], [-76.445, 3.31], [-76.445, 3.315], [-76.45, 3.315], [-76.45, 3.31]]]}}, {"type": "Feature", "properties": {"value": 7.143, "sigma": 7.6619}, "geometry": {"type": "Polygon", "coordinates": [[[-76.445, 3.31], [-76.44, 3.31], [-76.44, 3.315], [-76.445, 3.315], [-76.445, 3.31]]]}}, {"type": "Feature", "properties": {"value": 6.5045, "sigma": 7.6619}, "geometry": {"type": "Polygon", "coordinates": [[[-76.44, 3.31], [-76.435, 3.31], [-76.435, 3.315], [-76.44, 3.315], [-76.44, 3.31]]]}}, {"type": "Feature", "properties": {"value": 6.1121, "sigma": 7.6619}, "geometry": {"type": "Polygon", "coordinates": [[[-76.435, 3.31], [-76.43, 3.31], [-76.43, 3.315], [-76.435, 3.315], [-76.435, 3.31]]]}}, {"type": "Feature", "properties": {"value": 6.1811, "sigma": 7.6619}, "geometry": {"type": "Polygon", "coordinates": [[[-76.43, 3.31], [-76.425, 3.31], [-76.425, 3.315], [-76.43, 3.315], [-76.43, 3.31]]]}}, {"type": "Feature", "properties": {"value": 6.3734, "sigma": 7.6619}, "geometry": {"type": "Polygon", "coordinates": [[[-76.425, 3.31], [-76.42, 3.31], [-76.42, 3.315], [-76.425, 3.315], [-76.425, 3.31]]]}}, {"type": "Feature", "properties": {"value": 6.552, "sigma": 7.6619}, "geometry": {"type": "Polygon", "coordinates": [[[-76.42, 3.31], [-76.415, 3.31], [-76.415, 3.315], [-76.42, 3.315], [-76.42, 3.31]]]}}, {"type": "Feature", "properties": {"value": 6.6965, "sigma": 7.6619}, "geometry": {"type": "Polygon", "coordinates": [[[-76.415, 3.31], [-76.41, 3.31], [-76.41, 3.315], [-76.415, 3.315], [-76.415, 3.31]]]}}, {"type": "Feature", "properties": {"value": 6.812, "sigma": 7.6619}, "geometry": {"type": "Polygon", "coordinates": [[[-76.41, 3.31], [-76.405, 3.31], [-76.405, 3.315], [-76.41, 3.315], [-76.41, 3.31]]]}}, {"type": "Feature", "properties": {"value": 6.9057, "sigma": 7.6619}, "geometry": {"type": "Polygon", "coordinates": [[[-76.405, 3.31], [-76.4, 3.31], [-76.4, 3.315], [-76.405, 3.315], [-76.405, 3.31]]]}}, {"type": "Feature", "properties": {"value": 7.9525, "sigma": 7.6619}, "geometry": {"type": "Polygon", "coordinates": [[[-76.6, 3.315], [-76.595, 3.315], [-76.595, 3.32], [-76.6, 3.32], [-76.6, 3.315]]]}}, {"type": "Feature", "properties": {"value": 7.9163, "sigma": 7.6619}, "geometry": {"type": "Polygon", "coordinates": [[[-76.595, 3.315], [-76.59, 3.315], [-76.59, 3.32], [-76.595, 3.32], [-76.595, 3.315]]]}}, {"type": "Feature", "properties": {"value": 7.8796, "sigma": 7.6619}, "geometry": {"type": "Polygon", "coordinates": [[[-76.59, 3.315], [-76.585, 3.315], [-76.585, 3.32], [-76.59, 3.32], [-76.59, 3.315]]]}}, {"type": "Feature", "properties": {"value": 7.8434, "sigma": 7.6619}, "geometry": {"type": "Polygon", "coordinates": [[[-76.585, 3.315], [-76.58, 3.315], [-76.58, 3.32], [-76.585, 3.32], [-76.585, 3.315]]]}}, {"type": "Feature", "properties": {"value": 7.8078, "sigma": 7.6619}, "geometry": {"type": "Polygon", "coordinates": [[[-76.58, 3.315], [-76.575, 3.315], [-76.575, 3.32], [-76.58, 3.32], [-76.58, 3.315]]]}}, {"type": "Feature", "properties": {"value": 7.7715, "sigma": 7.6619}, "geometry": {"type": "Polygon", "coordinates": [[[-76.575, 3.315], [-76.57, 3.315], [-76.57, 3.32], [-76.575, 3.32], [-76.575, 3.315]]]}}, {"type": "Feature", "properties": {"value": 7.7326, "sigma": 7.6619}, "geometry": {"type": "Polygon", "coordinates": [[[-76.57, 3.315], [-76.565, 3.315], [-76.565, 3.32], [-76.57, 3.32], [-76.57, 3.315]]]}}, {"type": "Feature", "properties": {"value": 7.6909, "sigma": 7.6619}, "geometry": {"type": "Polygon", "coordinates": [[[-76.565, 3.315], [-76.56, 3.315], [-76.56, 3.32], [-76.565, 3.32], [-76.565, 3.315]]]}}, {"type": "Feature", "properties": {"value": 7.649, "sigma": 7.6619}, "geometry": {"type": "Polygon", "coordinates": [[[-76.56, 3.315], [-76.555, 3.315], [-76.555, 3.32], [-76.56, 3.32], [-76.56, 3.315]]]}}, {"type": "Feature", "properties": {"value": 7.6123, "sigma": 7.6619}, "geometry": {"type": "Polygon", "coordinates": [[[-76.555, 3.315], [-76.55, 3.315], [-76.55, 3.32], [-76.555, 3.32], [-76.555, 3.315]]]}}, {"type": "Feature", "properties": {"value": 7.5893, "sigma": 7.6619}, "geometry": {"type": "Polygon", "coordinates": [[[-76.55, 3.315], [-76.545, 3.315], [-76.545, 3.32], [-76.55, 3.32], [-76.55, 3.315]]]}}, {"type": "Feature", "properties": {"value": 7.5907, "sigma": 7.6619}, "geometry": {"type": "Polygon", "coordinates": [[[-76.545, 3.315], [-76.54, 3.315], [-76.54, 3.32], [-76.545, 3.32], [-76.545, 3.315]]]}}, {"type": "Feature", "properties": {"value": 7.6299, "sigma": 7.6619}, "geometry": {"type": "Polygon", "coordinates": [[[-76.54, 3.315], [-76.535, 3.315], [-76.535, 3.32], [-76.54, 3.32], [-76.54, 3.315]]]}}, {"type": "Feature", "properties": {"value": 7.7204, "sigma": 7.6619}, "geometry": {"type": "Polygon", "coordinates": [[[-76.535, 3.315], [-76.53, 3.315], [-76.53, 3.32], [-76.535, 3.32], [-76.535, 3.315]]]}}, {"type": "Feature", "properties": {"value": 7.8658, "sigma": 7.6619}, "geometry": {"type": "Polygon", "coordinates": [[[-76.53, 3.315], [-76.525, 3.315], [-76.525, 3.32], [-76.53, 3.32], [-76.53, 3.315]]]}}, {"type": "Feature", "properties": {"value": 8.0456, "sigma": 7.6619}, "geometry": {"type": "Polygon", "coordinates": [[[-76.525, 3.315], [-76.52, 3.315], [-76.52, 3.32], [-76.525, 3.32], [-76.525, 3.315]]]}}, {"type": "Feature", "properties": {"value": 8.2471, "sigma": 7.6619}, "geometry": {"type": "Polygon", "coordinates": [[[-76.52, 3.315], [-76.515, 3.315], [-76.515, 3.32], [-76.52, 3.32], [-76.52, 3.315]]]}}, {"type": "Feature", "properties": {"value": 8.5258, "sigma": 7.6619}, "geometry": {"type": "Polygon", "coordinates": [[[-76.515, 3.315], [-76.51, 3.315], [-76.51, 3.32], [-76.515, 3.32], [-76.515, 3.315]]]}}, {"type": "Feature", "properties": {"value": 8.5053, "sigma": 7.6619}, "geometry": {"type": "Polygon", "coordinates": [[[-76.51, 3.315], [-76.505, 3.315], [-76.505, 3.32], [-76.51, 3.32], [-76.51, 3.315]]]}}, {"type": "Feature", "properties": {"value": 8.0237, "sigma": 7.6619}, "geometry": {"type": "Polygon", "coordinates": [[[-76.505, 3.315], [-76.5, 3.315], [-76.5, 3.32], [-76.505, 3.32], [-76.505, 3.315]]]}}, {"type": "Feature", "properties": {"value": 7.5779, "sigma": 7.6619}, "geometry": {"type": "Polygon", "coordinates": [[[-76.5, 3.315], [-76.495, 3.315], [-76.495, 3.32], [-76.5, 3.32], [-76.5, 3.315]]]}}, {"type": "Feature", "properties": {"value": 7.2311, "sigma": 7.6619}, "geometry": {"type": "Polygon", "coordinates": [[[-76.495, 3.315], [-76.49, 3.315], [-76.49, 3.32], [-76.495, 3.32], [-76.495, 3.315]]]}}, {"type": "Feature", "properties": {"value": 6.9332, "sigma": 7.6619}, "geometry": {"type": "Polygon", "coordinates": [[[-76.49, 3.315], [-76.485, 3.315], [-76.485, 3.32], [-76.49, 3.32], [-76.49, 3.315]]]}}, {"type": "Feature", "properties": {"value": 6.6778, "sigma": 7.6619}, "geometry": {"type": "Polygon", "coordinates": [[[-76.485, 3.315], [-76.48, 3.315], [-76.48, 3.32], [-76.485, 3.32], [-76.485, 3.315]]]}}, {"type": "Feature", "properties": {"value": 6.5034, "sigma": 7.6619}, "geometry": {"type": "Polygon", "coordinates": [[[-76.48, 3.315], [-76.475, 3.315], [-76.475, 3.32], [-76.48, 3.32], [-76.48, 3.315]]]}}, {"type": "Feature", "properties": {"value": 6.4623, "sigma": 7.6619}, "geometry": {"type": "Polygon", "coordinates": [[[-76.475, 3.315], [-76.47, 3.315], [-76.47, 3.32], [-76.475, 3.32], [-76.475, 3.315]]]}}, {"type": "Feature", "properties": {"value": 6.5666, "sigma": 7.6619}, "geometry": {"type": "Polygon", "coordinates": [[[-76.47, 3.315], [-76.465, 3.315], [-76.465, 3.32], [-76.47, 3.32], [-76.47, 3.315]]]}}, {"type": "Feature", "properties": {"value": 6.7839, "sigma": 7.6619}, "geometry": {"type": "Polygon", "coordinates": [[[-76.465, 3.315], [-76.46, 3.315], [-76.46, 3.32], [-76.465, 3.32], [-76.465, 3.315]]]}}, {"type": "Feature", "properties": {"value": 7.0929, "sigma": 7.6619}, "geometry": {"type": "Polygon", "coordinates": [[[-76.46, 3.315], [-76.455, 3.315], [-76.455, 3.32], [-76.46, 3.32], [-76.46, 3.315]]]}}, {"type": "Feature", "properties": {"value": 7.5177, "sigma": 7.6619}, "geometry": {"type": "Polygon", "coordinates": [[[-76.455, 3.315], [-76.45, 3.315], [-76.45, 3.32], [-76.455, 3.32], [-76.455, 3.315]]]}}, {"type": "Feature", "properties": {"value": 8.0961, "sigma": 7.6619}, "geometry": {"type": "Polygon", "coordinates": [[[-76.45, 3.315], [-76.445, 3.315], [-76.445, 3.32], [-76.45, 3.32], [-76.45, 3.315]]]}}, {"type": "Feature", "properties": {"value": 8.5387, "sigma": 7.6619}, "geometry": {"type": "Polygon", "coordinates": [[[-76.445, 3.315], [-76.44, 3.315], [-76.44, 3.32], [-76.445, 3.32], [-76.445, 3.315]]]}}, {"type": "Feature", "properties": {"value": 7.8928, "sigma": 7.6619}, "geometry": {"type": "Polygon", "coordinates": [[[-76.44, 3.315], [-76.435, 3.315], [-76.435, 3.32], [-76.44, 3.32], [-76.44, 3.315]]]}}, {"type": "Feature", "properties": {"value": 6.9912, "sigma": 7.6619}, "geometry": {"type": "Polygon", "coordinates": [[[-76.435, 3.315], [-76.43, 3.315], [-76.43, 3.32], [-76.435, 3.32], [-76.435, 3.315]]]}}, {"type": "Feature", "properties": {"value": 6.6885, "sigma": 7.6619}, "geometry": {"type": "Polygon", "coordinates": [[[-76.43, 3.315], [-76.425, 3.315], [-76.425, 3.32], [-76.43, 3.32], [-76.43, 3.315]]]}}, {"type": "Feature", "properties": {"value": 6.6711, "sigma": 7.6619}, "geometry": {"type": "Polygon", "coordinates": [[[-76.425, 3.315], [-76.42, 3.315], [-76.42, 3.32], [-76.425, 3.32], [-76.425, 3.315]]]}}, {"type": "Feature", "properties": {"value": 6.7357, "sigma": 7.6619}, "geometry": {"type": "Polygon", "coordinates": [[[-76.42, 3.315], [-76.415, 3.315], [-76.415, 3.32], [-76.42, 3.32], [-76.42, 3.315]]]}}, {"type": "Feature", "properties": {"value": 6.8167, "sigma": 7.6619}, "geometry": {"type": "Polygon", "coordinates": [[[-76.415, 3.315], [-76.41, 3.315], [-76.41, 3.32], [-76.415, 3.32], [-76.415, 3.315]]]}}, {"type": "Feature", "properties": {"value": 6.8951, "sigma": 7.6619}, "geometry": {"type": "Polygon", "coordinates": [[[-76.41, 3.315], [-76.405, 3.315], [-76.405, 3.32], [-76.41, 3.32], [-76.41, 3.315]]]}}, {"type": "Feature", "properties": {"value": 6.9663, "sigma": 7.6619}, "geometry": {"type": "Polygon", "coordinates": [[[-76.405, 3.315], [-76.4, 3.315], [-76.4, 3.32], [-76.405, 3.32], [-76.405, 3.315]]]}}, {"type": "Feature", "properties": {"value": 7.9758, "sigma": 7.6619}, "geometry": {"type": "Polygon", "coordinates": [[[-76.6, 3.32], [-76.595, 3.32], [-76.595, 3.325], [-76.6, 3.325], [-76.6, 3.32]]]}}, {"type": "Feature", "properties": {"value": 7.9335, "sigma": 7.6619}, "geometry": {"type": "Polygon", "coordinates": [[[-76.595, 3.32], [-76.59, 3.32], [-76.59, 3.325], [-76.595, 3.325], [-76.595, 3.32]]]}}, {"type": "Feature", "properties": {"value": 7.8907, "sigma": 7.6619}, "geometry": {"type": "Polygon", "coordinates": [[[-76.59, 3.32], [-76.585, 3.32], [-76.585, 3.325], [-76.59, 3.325], [-76.59, 3.32]]]}}, {"type": "Feature", "properties": {"value": 7.8502, "sigma": 7.6619}, "geometry": {"type": "Polygon", "coordinates": [[[-76.585, 3.32], [-76.58, 3.32], [-76.58, 3.325], [-76.585, 3.325], [-76.585, 3.32]]]}}, {"type": "Feature", "properties": {"value": 7.8129, "sigma": 7.6619}, "geometry": {"type": "Polygon", "coordinates": [[[-76.58, 3.32], [-76.575, 3.32], [-76.575, 3.325], [-76.58, 3.325], [-76.58, 3.32]]]}}, {"type": "Feature", "properties": {"value": 7.7759, "sigma": 7.6619}, "geometry": {"type": "Polygon", "coordinates": [[[-76.575, 3.32], [-76.57, 3.32], [-76.57, 3.325], [-76.575, 3.325], [-76.575, 3.32]]]}}, {"type": "Feature", "properties": {"value": 7.7335, "sigma": 7.6619}, "geometry": {"type": "Polygon", "coordinates": [[[-76.57, 3.32], [-76.565, 3.32], [-76.565, 3.325], [-76.57, 3.325], [-76.57, 3.32]]]}}, {"type": "Feature", "properties": {"value": 7.6815, "sigma": 7.6619}, "geometry": {"type": "Polygon", "coordinates": [[[-76.565, 3.32], [-76.56, 3.32], [-76.56, 3.325], [-76.565, 3.325], [-76.565, 3.32]]]}}, {"type": "Feature", "properties": {"value": 7.6202, "sigma": 7.6619}, "geometry": {"type": "Polygon", "coordinates": [[[-76.56, 3.32], [-76.555, 3.32], [-76.555, 3.325], [-76.56, 3.325], [-76.56, 3.32]]]}}, {"type": "Feature", "properties": {"value": 7.5542, "sigma": 7.6619}, "geometry": {"type": "Polygon", "coordinates": [[[-76.555, 3.32], [-76.55, 3.32], [-76.55, 3.325], [-76.555, 3.325], [-76.555, 3.32]]]}}, {"type": "Feature", "properties": {"value": 7.4903, "sigma": 7.6619}, "geometry": {"type": "Polygon", "coordinates": [[[-76.55, 3.32], [-76.545, 3.32], [-76.545, 3.325], [-76.55, 3.325], [-76.55, 3.32]]]}}, {"type": "Feature", "properties": {"value": 7.4372, "sigma": 7.6619}, "geometry": {"type": "Polygon", "coordinates": [[[-76.545, 3.32], [-76.54, 3.32], [-76.54, 3.325], [-76.545, 3.325], [-76.545, 3.32]]]}}, {"type": "Feature", "properties": {"value": 7.4067, "sigma": 7.6619}, "geometry": {"type": "Polygon", "coordinates": [[[-76.54, 3.32], [-76.535, 3.32], [-76.535, 3.325], [-76.54, 3.325], [-76.54, 3.32]]]}}, {"type": "Feature", "properties": {"value": 7.4169, "sigma": 7.6619}, "geometry": {"type": "Polygon", "coordinates": [[[-76.535, 3.32], [-76.53, 3.32], [-76.53, 3.325], [-76.535, 3.325], [-76.535, 3.32]]]}}, {"type": "Feature", "properties": {"value": 7.4946, "sigma": 7.6619}, "geometry": {"type": "Polygon", "coordinates": [[[-76.53, 3.32], [-76.525, 3.32], [-76.525, 3.325], [-76.53, 3.325], [-76.53, 3.32]]]}}, {"type": "Feature", "properties": {"value": 7.6794, "sigma": 7.6619}, "geometry": {"type": "Polygon", "coordinates": [[[-76.525, 3.32], [-76.52, 3.32], [-76.52, 3.325], [-76.525, 3.325], [-76.525, 3.32]]]}}, {"type": "Feature", "properties": {"value": 8.0331, "sigma": 7.6619}, "geometry": {"type": "Polygon", "coordinates": [[[-76.52, 3.32], [-76.515, 3.32], [-76.515, 3.325], [-76.52, 3.325], [-76.52, 3.32]]]}}, {"type": "Feature", "properties": {"value": 8.5177, "sigma": 7.6619}, "geometry": {"type": "Polygon", "coordinates": [[[-76.515, 3.32], [-76.51, 3.32], [-76.51, 3.325], [-76.515, 3.325], [-76.515, 3.32]]]}}, {"type": "Feature", "properties": {"value": 8.5297, "sigma": 7.6619}, "geometry": {"type": "Polygon", "coordinates": [[[-76.51, 3.32], [-76.505, 3.32], [-76.505, 3.325], [-76.51, 3.325], [-76.51, 3.32]]]}}, {"type": "Feature", "properties": {"value": 8.0401, "sigma": 7.6619}, "geometry": {"type": "Polygon", "coordinates": [[[-76.505, 3.32], [-76.5, 3.32], [-76.5, 3.325], [-76.505, 3.325], [-76.505, 3.32]]]}}, {"type": "Feature", "properties": {"value": 7.6151, "sigma": 7.6619}, "geometry": {"type": "Polygon", "coordinates": [[[-76.5, 3.32], [-76.495, 3.32], [-76.495, 3.325], [-76.5, 3.325], [-76.5, 3.32]]]}}, {"type": "Feature", "properties": {"value": 7.31, "sigma": 7.6619}, "geometry": {"type": "Polygon", "coordinates": [[[-76.495, 3.32], [-76.49, 3.32], [-76.49, 3.325], [-76.495, 3.325], [-76.495, 3.32]]]}}, {"type": "Feature", "properties": {"value": 7.0718, "sigma": 7.6619}, "geometry": {"type": "Polygon", "coordinates": [[[-76.49, 3.32], [-76.485, 3.32], [-76.485, 3.325], [-76.49, 3.325], [-76.49, 3.32]]]}}, {"type": "Feature", "properties": {"value": 6.8851, "sigma": 7.6619}, "geometry": {"type": "Polygon", "coordinates": [[[-76.485, 3.32], [-76.48, 3.32], [-76.48, 3.325], [-76.485, 3.325], [-76.485, 3.32]]]}}, {"type": "Feature", "properties": {"value": 6.7655, "sigma": 7.6619}, "geometry": {"type": "Polygon", "coordinates": [[[-76.48, 3.32], [-76.475, 3.32], [-76.475, 3.325], [-76.48, 3.325], [-76.48, 3.32]]]}}, {"type": "Feature", "properties": {"value": 6.7361, "sigma": 7.6619}, "geometry": {"type": "Polygon", "coordinates": [[[-76.475, 3.32], [-76.47, 3.32], [-76.47, 3.325], [-76.475, 3.325], [-76.475, 3.32]]]}}, {"type": "Feature", "properties": {"value": 6.8072, "sigma": 7.6619}, "geometry": {"type": "Polygon", "coordinates": [[[-76.47, 3.32], [-76.465, 3.32], [-76.465, 3.325], [-76.47, 3.325], [-76.47, 3.32]]]}}, {"type": "Feature", "properties": {"value": 6.9791, "sigma": 7.6619}, "geometry": {"type": "Polygon", "coordinates": [[[-76.465, 3.32], [-76.46, 3.32], [-76.46, 3.325], [-76.465, 3.325], [-76.465, 3.32]]]}}, {"type": "Feature", "properties": {"value": 7.2702, "sigma": 7.6619}, "geometry": {"type": "Polygon", "coordinates": [[[-76.46, 3.32], [-76.455, 3.32], [-76.455, 3.325], [-76.46, 3.325], [-76.46, 3.32]]]}}, {"type": "Feature", "properties": {"value": 7.7505, "sigma": 7.6619}, "geometry": {"type": "Polygon", "coordinates": [[[-76.455, 3.32], [-76.45, 3.32], [-76.45, 3.325], [-76.455, 3.325], [-76.455, 3.32]]]}}, {"type": "Feature", "properties": {"value": 8.515, "sigma": 7.6619}, "geometry": {"type": "Polygon", "coordinates": [[[-76.45, 3.32], [-76.445, 3.32], [-76.445, 3.325], [-76.45, 3.325], [-76.45, 3.32]]]}}, {"type": "Feature", "properties": {"value": 9.2145, "sigma": 7.6619}, "geometry": {"type": "Polygon", "coordinates": [[[-76.445, 3.32], [-76.44, 3.32], [-76.44, 3.325], [-76.445, 3.325], [-76.445, 3.32]]]}}, {"type": "Feature", "properties": {"value": 8.6735, "sigma": 7.6619}, "geometry": {"type": "Polygon", "coordinates": [[[-76.44, 3.32], [-76.435, 3.32], [-76.435, 3.325], [-76.44, 3.325], [-76.44, 3.32]]]}}, {"type": "Feature", "properties": {"value": 7.6577, "sigma": 7.6619}, "geometry": {"type": "Polygon", "coordinates": [[[-76.435, 3.32], [-76.43, 3.32], [-76.43, 3.325], [-76.435, 3.325], [-76.435, 3.32]]]}}, {"type": "Feature", "properties": {"value": 7.1391, "sigma": 7.6619}, "geometry": {"type": "Polygon", "coordinates": [[[-76.43, 3.32], [-76.425, 3.32], [-76.425, 3.325], [-76.43, 3.325], [-76.43, 3.32]]]}}, {"type": "Feature", "properties": {"value": 6.9589, "sigma": 7.6619}, "geometry": {"type": "Polygon", "coordinates": [[[-76.425, 3.32], [-76.42, 3.32], [-76.42, 3.325], [-76.425, 3.325], [-76.425, 3.32]]]}}, {"type": "Feature", "properties": {"value": 6.9227, "sigma": 7.6619}, "geometry": {"type": "Polygon", "coordinates": [[[-76.42, 3.32], [-76.415, 3.32], [-76.415, 3.325], [-76.42, 3.325], [-76.42, 3.32]]]}}, {"type": "Feature", "properties": {"value": 6.9432, "sigma": 7.6619}, "geometry": {"type": "Polygon", "coordinates": [[[-76.415, 3.32], [-76.41, 3.32], [-76.41, 3.325], [-76.415, 3.325], [-76.415, 3.32]]]}}, {"type": "Feature", "properties": {"value": 6.9848, "sigma": 7.6619}, "geometry": {"type": "Polygon", "coordinates": [[[-76.41, 3.32], [-76.405, 3.32], [-76.405, 3.325], [-76.41, 3.325], [-76.41, 3.32]]]}}, {"type": "Feature", "properties": {"value": 7.0328, "sigma": 7.6619}, "geometry": {"type": "Polygon", "coordinates": [[[-76.405, 3.32], [-76.4, 3.32], [-76.4, 3.325], [-76.405, 3.325], [-76.405, 3.32]]]}}, {"type": "Feature", "properties": {"value": 8.0021, "sigma": 7.6619}, "geometry": {"type": "Polygon", "coordinates": [[[-76.6, 3.325], [-76.595, 3.325], [-76.595, 3.33], [-76.6, 3.33], [-76.6, 3.325]]]}}, {"type": "Feature", "properties": {"value": 7.9499, "sigma": 7.6619}, "geometry": {"type": "Polygon", "coordinates": [[[-76.595, 3.325], [-76.59, 3.325], [-76.59, 3.33], [-76.595, 3.33], [-76.595, 3.325]]]}}, {"type": "Feature", "properties": {"value": 7.8964, "sigma": 7.6619}, "geometry": {"type": "Polygon", "coordinates": [[[-76.59, 3.325], [-76.585, 3.325], [-76.585, 3.33], [-76.59, 3.33], [-76.59, 3.325]]]}}, {"type": "Feature", "properties": {"value": 7.8482, "sigma": 7.6619}, "geometry": {"type": "Polygon", "coordinates": [[[-76.585, 3.325], [-76.58, 3.325], [-76.58, 3.33], [-76.585, 3.33], [-76.585, 3.325]]]}}, {"type": "Feature", "properties": {"value": 7.81, "sigma": 7.6619}, "geometry": {"type": "Polygon", "coordinates": [[[-76.58, 3.325], [-76.575, 3.325], [-76.575, 3.33], [-76.58, 3.33], [-76.58, 3.325]]]}}, {"type": "Feature", "properties": {"value": 7.7781, "sigma": 7.6619}, "geometry": {"type": "Polygon", "coordinates": [[[-76.575, 3.325], [-76.57, 3.325], [-76.57, 3.33], [-76.575, 3.33], [-76.575, 3.325]]]}}, {"type": "Feature", "properties": {"value": 7.7392, "sigma": 7.6619}, "geometry": {"type": "Polygon", "coordinates": [[[-76.57, 3.325], [-76.565, 3.325], [-76.565, 3.33], [-76.57, 3.33], [-76.57, 3.325]]]}}, {"type": "Feature", "properties": {"value": 7.6812, "sigma": 7.6619}, "geometry": {"type": "Polygon", "coordinates": [[[-76.565, 3.325], [-76.56, 3.325], [-76.56, 3.33], [-76.565, 3.33], [-76.565, 3.325]]]}}, {"type": "Feature", "properties": {"value": 7.6012, "sigma": 7.6619}, "geometry": {"type": "Polygon", "coordinates": [[[-76.56, 3.325], [-76.555, 3.325], [-76.555, 3.33], [-76.56, 3.33], [-76.56, 3.325]]]}}, {"type": "Feature", "properties": {"value": 7.5032, "sigma": 7.6619}, "geometry": {"type": "Polygon", "coordinates": [[[-76.555, 3.325], [-76.55, 3.325], [-76.55, 3.33], [-76.555, 3.33], [-76.555, 3.325]]]}}, {"type": "Feature", "properties": {"value": 7.3932, "sigma": 7.6619}, "geometry": {"type": "Polygon", "coordinates": [[[-76.55, 3.325], [-76.545, 3.325], [-76.545, 3.33], [-76.55, 3.33], [-76.55, 3.325]]]}}, {"type": "Feature", "properties": {"value": 7.2764, "sigma": 7.6619}, "geometry": {"type": "Polygon", "coordinates": [[[-76.545, 3.325], [-76.54, 3.325], [-76.54, 3.33], [-76.545, 3.33], [-76.545, 3.325]]]}}, {"type": "Feature", "properties": {"value": 7.161, "sigma": 7.6619}, "geometry": {"type": "Polygon", "coordinates": [[[-76.54, 3.325], [-76.535, 3.325], [-76.535, 3.33], [-76.54, 3.33], [-76.54, 3.325]]]}}, {"type": "Feature", "properties": {"value": 7.067, "sigma": 7.6619}, "geometry": {"type": "Polygon", "coordinates": [[[-76.535, 3.325], [-76.53, 3.325], [-76.53, 3.33], [-76.535, 3.33], [-76.535, 3.325]]]}}, {"type": "Feature", "properties": {"value": 7.0405, "sigma": 7.6619}, "geometry": {"type": "Polygon", "coordinates": [[[-76.53, 3.325], [-76.525, 3.325], [-76.525, 3.33], [-76.53, 3.33], [-76.53, 3.325]]]}}, {"type": "Feature", "properties": {"value": 7.1589, "sigma": 7.6619}, "geometry": {"type": "Polygon", "coordinates": [[[-76.525, 3.325], [-76.52, 3.325], [-76.52, 3.33], [-76.525, 3.33], [-76.525, 3.325]]]}}, {"type": "Feature", "properties": {"value": 7.4795, "sigma": 7.6619}, "geometry": {"type": "Polygon", "coordinates": [[[-76.52, 3.325], [-76.515, 3.325], [-76.515, 3.33], [-76.52, 3.33], [-76.52, 3.325]]]}}, {"type": "Feature", "properties": {"value": 7.8699, "sigma": 7.6619}, "geometry": {"type": "Polygon", "coordinates": [[[-76.515, 3.325], [-76.51, 3.325], [-76.51, 3.33], [-76.515, 3.33], [-76.515, 3.325]]]}}, {"type": "Feature", "properties": {"value": 7.9635, "sigma": 7.6619}, "geometry": {"type": "Polygon", "coordinates": [[[-76.51, 3.325], [-76.505, 3.325], [-76.505, 3.33], [-76.51, 3.33], [-76.51, 3.325]]]}}, {"type": "Feature", "properties": {"value": 7.7631, "sigma": 7.6619}, "geometry": {"type": "Polygon", "coordinates": [[[-76.505, 3.325], [-76.5, 3.325], [-76.5, 3.33], [-76.505, 3.33], [-76.505, 3.325]]]}}, {"type": "Feature", "properties": {"value": 7.5254, "sigma": 7.6619}, "geometry": {"type": "Polygon", "coordinates": [[[-76.5, 3.325], [-76.495, 3.325], [-76.495, 3.33], [-76.5, 3.33], [-76.5, 3.325]]]}}, {"type": "Feature", "properties": {"value": 7.3222, "sigma": 7.6619}, "geometry": {"type": "Polygon", "coordinates": [[[-76.495, 3.325], [-76.49, 3.325], [-76.49, 3.33], [-76.495, 3.33], [-76.495, 3.325]]]}}, {"type": "Feature", "properties": {"value": 7.1529, "sigma": 7.6619}, "geometry": {"type": "Polygon", "coordinates": [[[-76.49, 3.325], [-76.485, 3.325], [-76.485, 3.33], [-76.49, 3.33], [-76.49, 3.325]]]}}, {"type": "Feature", "properties": {"value": 7.0203, "sigma": 7.6619}, "geometry": {"type": "Polygon", "coordinates": [[[-76.485, 3.325], [-76.48, 3.325], [-76.48, 3.33], [-76.485, 3.33], [-76.485, 3.325]]]}}, {"type": "Feature", "properties": {"value": 6.9362, "sigma": 7.6619}, "geometry": {"type": "Polygon", "coordinates": [[[-76.48, 3.325], [-76.475, 3.325], [-76.475, 3.33], [-76.48, 3.33], [-76.48, 3.325]]]}}, {"type": "Feature", "properties": {"value": 6.9139, "sigma": 7.6619}, "geometry": {"type": "Polygon", "coordinates": [[[-76.475, 3.325], [-76.47, 3.325], [-76.47, 3.33], [-76.475, 3.33], [-76.475, 3.325]]]}}, {"type": "Feature", "properties": {"value": 6.9628, "sigma": 7.6619}, "geometry": {"type": "Polygon", "coordinates": [[[-76.47, 3.325], [-76.465, 3.325], [-76.465, 3.33], [-76.47, 3.33], [-76.47, 3.325]]]}}, {"type": "Feature", "properties": {"value": 7.0921, "sigma": 7.6619}, "geometry": {"type": "Polygon", "coordinates": [[[-76.465, 3.325], [-76.46, 3.325], [-76.46, 3.33], [-76.465, 3.33], [-76.465, 3.325]]]}}, {"type": "Feature", "properties": {"value": 7.3236, "sigma": 7.6619}, "geometry": {"type": "Polygon", "coordinates": [[[-76.46, 3.325], [-76.455, 3.325], [-76.455, 3.33], [-76.46, 3.33], [-76.46, 3.325]]]}}, {"type": "Feature", "properties": {"value": 7.7, "sigma": 7.6619}, "geometry": {"type": "Polygon", "coordinates": [[[-76.455, 3.325], [-76.45, 3.325], [-76.45, 3.33], [-76.455, 3.33], [-76.455, 3.325]]]}}, {"type": "Feature", "properties": {"value": 8.2229, "sigma": 7.6619}, "geometry": {"type": "Polygon", "coordinates": [[[-76.45, 3.325], [-76.445, 3.325], [-76.445, 3.33], [-76.45, 3.33], [-76.45, 3.325]]]}}, {"type": "Feature", "properties": {"value": 8.5927, "sigma": 7.6619}, "geometry": {"type": "Polygon", "coordinates": [[[-76.445, 3.325], [-76.44, 3.325], [-76.44, 3.33], [-76.445, 3.33], [-76.445, 3.325]]]}}, {"type": "Feature", "properties": {"value": 8.3212, "sigma": 7.6619}, "geometry": {"type": "Polygon", "coordinates": [[[-76.44, 3.325], [-76.435, 3.325], [-76.435, 3.33], [-76.44, 3.33], [-76.44, 3.325]]]}}, {"type": "Feature", "properties": {"value": 7.7421, "sigma": 7.6619}, "geometry": {"type": "Polygon", "coordinates": [[[-76.435, 3.325], [-76.43, 3.325], [-76.43, 3.33], [-76.435, 3.33], [-76.435, 3.325]]]}}, {"type": "Feature", "properties": {"value": 7.3379, "sigma": 7.6619}, "geometry": {"type": "Polygon", "coordinates": [[[-76.43, 3.325], [-76.425, 3.325], [-76.425, 3.33], [-76.43, 3.33], [-76.43, 3.325]]]}}, {"type": "Feature", "properties": {"value": 7.1398, "sigma": 7.6619}, "geometry": {"type": "Polygon", "coordinates": [[[-76.425, 3.325], [-76.42, 3.325], [-76.42, 3.33], [-76.425, 3.33], [-76.425, 3.325]]]}}, {"type": "Feature", "properties": {"value": 7.0638, "sigma": 7.6619}, "geometry": {"type": "Polygon", "coordinates": [[[-76.42, 3.325], [-76.415, 3.325], [-76.415, 3.33], [-76.42, 3.33], [-76.42, 3.325]]]}}, {"type": "Feature", "properties": {"value": 7.0501, "sigma": 7.6619}, "geometry": {"type": "Polygon", "coordinates": [[[-76.415, 3.325], [-76.41, 3.325], [-76.41, 3.33], [-76.415, 3.33], [-76.415, 3.325]]]}}, {"type": "Feature", "properties": {"value": 7.0666, "sigma": 7.6619}, "geometry": {"type": "Polygon", "coordinates": [[[-76.41, 3.325], [-76.405, 3.325], [-76.405, 3.33], [-76.41, 3.33], [-76.41, 3.325]]]}}, {"type": "Feature", "properties": {"value": 7.0969, "sigma": 7.6619}, "geometry": {"type": "Polygon", "coordinates": [[[-76.405, 3.325], [-76.4, 3.325], [-76.4, 3.33], [-76.405, 3.33], [-76.405, 3.325]]]}}, {"type": "Feature", "properties": {"value": 8.0347, "sigma": 7.6619}, "geometry": {"type": "Polygon", "coordinates": [[[-76.6, 3.33], [-76.595, 3.33], [-76.595, 3.335], [-76.6, 3.335], [-76.6, 3.33]]]}}, {"type": "Feature", "properties": {"value": 7.9673, "sigma": 7.6619}, "geometry": {"type": "Polygon", "coordinates": [[[-76.595, 3.33], [-76.59, 3.33], [-76.59, 3.335], [-76.595, 3.335], [-76.595, 3.33]]]}}, {"type": "Feature", "properties": {"value": 7.8945, "sigma": 7.6619}, "geometry": {"type": "Polygon", "coordinates": [[[-76.59, 3.33], [-76.585, 3.33], [-76.585, 3.335], [-76.59, 3.335], [-76.59, 3.33]]]}}, {"type": "Feature", "properties": {"value": 7.8296, "sigma": 7.6619}, "geometry": {"type": "Polygon", "coordinates": [[[-76.585, 3.33], [-76.58, 3.33], [-76.58, 3.335], [-76.585, 3.335], [-76.585, 3.33]]]}}, {"type": "Feature", "properties": {"value": 7.7883, "sigma": 7.6619}, "geometry": {"type": "Polygon", "coordinates": [[[-76.58, 3.33], [-76.575, 3.33], [-76.575, 3.335], [-76.58, 3.335], [-76.58, 3.33]]]}}, {"type": "Feature", "properties": {"value": 7.77, "sigma": 7.6619}, "geometry": {"type": "Polygon", "coordinates": [[[-76.575, 3.33], [-76.57, 3.33], [-76.57, 3.335], [-76.575, 3.335], [-76.575, 3.33]]]}}, {"type": "Feature", "properties": {"value": 7.7475, "sigma": 7.6619}, "geometry": {"type": "Polygon", "coordinates": [[[-76.57, 3.33], [-76.565, 3.33], [-76.565, 3.335], [-76.57, 3.335], [-76.57, 3.33]]]}}, {"type": "Feature", "properties": {"value": 7.6923, "sigma": 7.6619}, "geometry": {"type": "Polygon", "coordinates": [[[-76.565, 3.33], [-76.56, 3.33], [-76.56, 3.335], [-76.565, 3.335], [-76.565, 3.33]]]}}, {"type": "Feature", "properties": {"value": 7.5971, "sigma": 7.6619}, "geometry": {"type": "Polygon", "coordinates": [[[-76.56, 3.33], [-76.555, 3.33], [-76.555, 3.335], [-76.56, 3.335], [-76.56, 3.33]]]}}, {"type": "Feature", "properties": {"value": 7.4681, "sigma": 7.6619}, "geometry": {"type": "Polygon", "coordinates": [[[-76.555, 3.33], [-76.55, 3.33], [-76.55, 3.335], [-76.555, 3.335], [-76.555, 3.33]]]}}, {"type": "Feature", "properties": {"value": 7.3109, "sigma": 7.6619}, "geometry": {"type": "Polygon", "coordinates": [[[-76.55, 3.33], [-76.545, 3.33], [-76.545, 3.335], [-76.55, 3.335], [-76.55, 3.33]]]}}, {"type": "Feature", "properties": {"value": 7.1258, "sigma": 7.6619}, "geometry": {"type": "Polygon", "coordinates": [[[-76.545, 3.33], [-76.54, 3.33], [-76.54, 3.335], [-76.545, 3.335], [-76.545, 3.33]]]}}, {"type": "Feature", "properties": {"value": 6.9111, "sigma": 7.6619}, "geometry": {"type": "Polygon", "coordinates": [[[-76.54, 3.33], [-76.535, 3.33], [-76.535, 3.335], [-76.54, 3.335], [-76.54, 3.33]]]}}, {"type": "Feature", "properties": {"value": 6.6763, "sigma": 7.6619}, "geometry": {"type": "Polygon", "coordinates": [[[-76.535, 3.33], [-76.53, 3.33], [-76.53, 3.335], [-76.535, 3.335], [-76.535, 3.33]]]}}, {"type": "Feature", "properties": {"value": 6.4746, "sigma": 7.6619}, "geometry": {"type": "Polygon", "coordinates": [[[-76.53, 3.33], [-76.525, 3.33], [-76.525, 3.335], [-76.53, 3.335], [-76.53, 3.33]]]}}, {"type": "Feature", "properties": {"value": 6.4388, "sigma": 7.6619}, "geometry": {"type": "Polygon", "coordinates": [[[-76.525, 3.33], [-76.52, 3.33], [-76.52, 3.335], [-76.525, 3.335], [-76.525, 3.33]]]}}, {"type": "Feature", "properties": {"value": 6.6977, "sigma": 7.6619}, "geometry": {"type": "Polygon", "coordinates": [[[-76.52, 3.33], [-76.515, 3.33], [-76.515, 3.335], [-76.52, 3.335], [-76.52, 3.33]]]}}, {"type": "Feature", "properties": {"value": 7.1221, "sigma": 7.6619}, "geometry": {"type": "Polygon", "coordinates": [[[-76.515, 3.33], [-76.51, 3.33], [-76.51, 3.335], [-76.515, 3.335], [-76.515, 3.33]]]}}, {"type": "Feature", "properties": {"value": 7.4062, "sigma": 7.6619}, "geometry": {"type": "Polygon", "coordinates": [[[-76.51, 3.33], [-76.505, 3.33], [-76.505, 3.335], [-76.51, 3.335], [-76.51, 3.33]]]}}, {"type": "Feature", "properties": {"value": 7.4707, "sigma": 7.6619}, "geometry": {"type": "Polygon", "coordinates": [[[-76.505, 3.33], [-76.5, 3.33], [-76.5, 3.335], [-76.505, 3.335], [-76.505, 3.33]]]}}, {"type": "Feature", "properties": {"value": 7.4094, "sigma": 7.6619}, "geometry": {"type": "Polygon", "coordinates": [[[-76.5, 3.33], [-76.495, 3.33], [-76.495, 3.335], [-76.5, 3.335], [-76.5, 3.33]]]}}, {"type": "Feature", "properties": {"value": 7.3012, "sigma": 7.6619}, "geometry": {"type": "Polygon", "coordinates": [[[-76.495, 3.33], [-76.49, 3.33], [-76.49, 3.335], [-76.495, 3.335], [-76.495, 3.33]]]}}, {"type": "Feature", "properties": {"value": 7.1878, "sigma": 7.6619}, "geometry": {"type": "Polygon", "coordinates": [[[-76.49, 3.33], [-76.485, 3.33], [-76.485, 3.335], [-76.49, 3.335], [-76.49, 3.33]]]}}, {"type": "Feature", "properties": {"value": 7.0924, "sigma": 7.6619}, "geometry": {"type": "Polygon", "coordinates": [[[-76.485, 3.33], [-76.48, 3.33], [-76.48, 3.335], [-76.485, 3.335], [-76.485, 3.33]]]}}, {"type": "Feature", "properties": {"value": 7.0297, "sigma": 7.6619}, "geometry": {"type": "Polygon", "coordinates": [[[-76.48, 3.33], [-76.475, 3.33], [-76.475, 3.335], [-76.48, 3.335], [-76.48, 3.33]]]}}, {"type": "Feature", "properties": {"value": 7.0098, "sigma": 7.6619}, "geometry": {"type": "Polygon", "coordinates": [[[-76.475, 3.33], [-76.47, 3.33], [-76.47, 3.335], [-76.475, 3.335], [-76.475, 3.33]]]}}, {"type": "Feature", "properties": {"value": 7.0398, "sigma": 7.6619}, "geometry": {"type": "Polygon", "coordinates": [[[-76.47, 3.33], [-76.465, 3.33], [-76.465, 3.335], [-76.47, 3.335], [-76.47, 3.33]]]}}, {"type": "Feature", "properties": {"value": 7.1267, "sigma": 7.6619}, "geometry": {"type": "Polygon", "coordinates": [[[-76.465, 3.33], [-76.46, 3.33], [-76.46, 3.335], [-76.465, 3.335], [-76.465, 3.33]]]}}, {"type": "Feature", "properties": {"value": 7.2807, "sigma": 7.6619}, "geometry": {"type": "Polygon", "coordinates": [[[-76.46, 3.33], [-76.455, 3.33], [-76.455, 3.335], [-76.46, 3.335], [-76.46, 3.33]]]}}, {"type": "Feature", "properties": {"value": 7.5082, "sigma": 7.6619}, "geometry": {"type": "Polygon", "coordinates": [[[-76.455, 3.33], [-76.45, 3.33], [-76.45, 3.335], [-76.455, 3.335], [-76.455, 3.33]]]}}, {"type": "Feature", "properties": {"value": 7.771, "sigma": 7.6619}, "geometry": {"type": "Polygon", "coordinates": [[[-76.45, 3.33], [-76.445, 3.33], [-76.445, 3.335], [-76.45, 3.335], [-76.45, 3.33]]]}}, {"type": "Feature", "properties": {"value": 7.9236, "sigma": 7.6619}, "geometry": {"type": "Polygon", "coordinates": [[[-76.445, 3.33], [-76.44, 3.33], [-76.44, 3.335], [-76.445, 3.335], [-76.445, 3.33]]]}}, {"type": "Feature", "properties": {"value": 7.8248, "sigma": 7.6619}, "geometry": {"type": "Polygon", "coordinates": [[[-76.44, 3.33], [-76.435, 3.33], [-76.435, 3.335], [-76.44, 3.335], [-76.44, 3.33]]]}}, {"type": "Feature", "properties": {"value": 7.5745, "sigma": 7.6619}, "geometry": {"type": "Polygon", "coordinates": [[[-76.435, 3.33], [-76.43, 3.33], [-76.43, 3.335], [-76.435, 3.335], [-76.435, 3.33]]]}}, {"type": "Feature", "properties": {"value": 7.3509, "sigma": 7.6619}, "geometry": {"type": "Polygon", "coordinates": [[[-76.43, 3.33], [-76.425, 3.33], [-76.425, 3.335], [-76.43, 3.335], [-76.43, 3.33]]]}}, {"type": "Feature", "properties": {"value": 7.2131, "sigma": 7.6619}, "geometry": {"type": "Polygon", "coordinates": [[[-76.425, 3.33], [-76.42, 3.33], [-76.42, 3.335], [-76.425, 3.335], [-76.425, 3.33]]]}}, {"type": "Feature", "properties": {"value": 7.1468, "sigma": 7.6619}, "geometry": {"type": "Polygon", "coordinates": [[[-76.42, 3.33], [-76.415, 3.33], [-76.415, 3.335], [-76.42, 3.335], [-76.42, 3.33]]]}}, {"type": "Feature", "properties": {"value": 7.1265, "sigma": 7.6619}, "geometry": {"type": "Polygon", "coordinates": [[[-76.415, 3.33], [-76.41, 3.33], [-76.41, 3.335], [-76.415, 3.335], [-76.415, 3.33]]]}}, {"type": "Feature", "properties": {"value": 7.1328, "sigma": 7.6619}, "geometry": {"type": "Polygon", "coordinates": [[[-76.41, 3.33], [-76.405, 3.33], [-76.405, 3.335], [-76.41, 3.335], [-76.41, 3.33]]]}}, {"type": "Feature", "properties": {"value": 7.1534, "sigma": 7.6619}, "geometry": {"type": "Polygon", "coordinates": [[[-76.405, 3.33], [-76.4, 3.33], [-76.4, 3.335], [-76.405, 3.335], [-76.405, 3.33]]]}}, {"type": "Feature", "properties": {"value": 8.0815, "sigma": 7.6619}, "geometry": {"type": "Polygon", "coordinates": [[[-76.6, 3.335], [-76.595, 3.335], [-76.595, 3.34], [-76.6, 3.34], [-76.6, 3.335]]]}}, {"type": "Feature", "properties": {"value": 7.9944, "sigma": 7.6619}, "geometry": {"type": "Polygon", "coordinates": [[[-76.595, 3.335], [-76.59, 3.335], [-76.59, 3.34], [-76.595, 3.34], [-76.595, 3.335]]]}}, {"type": "Feature", "properties": {"value": 7.8914, "sigma": 7.6619}, "geometry": {"type": "Polygon", "coordinates": [[[-76.59, 3.335], [-76.585, 3.335], [-76.585, 3.34], [-76.59, 3.34], [-76.59, 3.335]]]}}, {"type": "Feature", "properties": {"value": 7.7941, "sigma": 7.6619}, "geometry": {"type": "Polygon", "coordinates": [[[-76.585, 3.335], [-76.58, 3.335], [-76.58, 3.34], [-76.585, 3.34], [-76.585, 3.335]]]}}, {"type": "Feature", "properties": {"value": 7.7402, "sigma": 7.6619}, "geometry": {"type": "Polygon", "coordinates": [[[-76.58, 3.335], [-76.575, 3.335], [-76.575, 3.34], [-76.58, 3.34], [-76.58, 3.335]]]}}, {"type": "Feature", "properties": {"value": 7.7438, "sigma": 7.6619}, "geometry": {"type": "Polygon", "coordinates": [[[-76.575, 3.335], [-76.57, 3.335], [-76.57, 3.34], [-76.575, 3.34], [-76.575, 3.335]]]}}, {"type": "Feature", "properties": {"value": 7.7551, "sigma": 7.6619}, "geometry": {"type": "Polygon", "coordinates": [[[-76.57, 3.335], [-76.565, 3.335], [-76.565, 3.34], [-76.57, 3.34], [-76.57, 3.335]]]}}, {"type": "Feature", "properties": {"value": 7.7151, "sigma": 7.6619}, "geometry": {"type": "Polygon", "coordinates": [[[-76.565, 3.335], [-76.56, 3.335], [-76.56, 3.34], [-76.565, 3.34], [-76.565, 3.335]]]}}, {"type": "Feature", "properties": {"value": 7.6114, "sigma": 7.6619}, "geometry": {"type": "Polygon", "coordinates": [[[-76.56, 3.335], [-76.555, 3.335], [-76.555, 3.34], [-76.56, 3.34], [-76.56, 3.335]]]}}, {"type": "Feature", "properties": {"value": 7.4566, "sigma": 7.6619}, "geometry": {"type": "Polygon", "coordinates": [[[-76.555, 3.335], [-76.55, 3.335], [-76.55, 3.34], [-76.555, 3.34], [-76.555, 3.335]]]}}, {"type": "Feature", "properties": {"value": 7.2589, "sigma": 7.6619}, "geometry": {"type": "Polygon", "coordinates": [[[-76.55, 3.335], [-76.545, 3.335], [-76.545, 3.34], [-76.55, 3.34], [-76.55, 3.335]]]}}, {"type": "Feature", "properties": {"value": 7.0133, "sigma": 7.6619}, "geometry": {"type": "Polygon", "coordinates": [[[-76.545, 3.335], [-76.54, 3.335], [-76.54, 3.34], [-76.545, 3.34], [-76.545, 3.335]]]}}, {"type": "Feature", "properties": {"value": 6.703, "sigma": 7.6619}, "geometry": {"type": "Polygon", "coordinates": [[[-76.54, 3.335], [-76.535, 3.335], [-76.535, 3.34], [-76.54, 3.34], [-76.54, 3.335]]]}}, {"type": "Feature", "properties": {"value": 6.3104, "sigma": 7.6619}, "geometry": {"type": "Polygon", "coordinates": [[[-76.535, 3.335], [-76.53, 3.335], [-76.53, 3.34], [-76.535, 3.34], [-76.535, 3.335]]]}}, {"type": "Feature", "properties": {"value": 5.8704, "sigma": 7.6619}, "geometry": {"type": "Polygon", "coordinates": [[[-76.53, 3.335], [-76.525, 3.335], [-76.525, 3.34], [-76.53, 3.34], [-76.53, 3.335]]]}}, {"type": "Feature", "properties": {"value": 5.605, "sigma": 7.6619}, "geometry": {"type": "Polygon", "coordinates": [[[-76.525, 3.335], [-76.52, 3.335], [-76.52, 3.34], [-76.525, 3.34], [-76.525, 3.335]]]}}, {"type": "Feature", "properties": {"value": 5.8942, "sigma": 7.6619}, "geometry": {"type": "Polygon", "coordinates": [[[-76.52, 3.335], [-76.515, 3.335], [-76.515, 3.34], [-76.52, 3.34], [-76.52, 3.335]]]}}, {"type": "Feature", "properties": {"value": 6.6085, "sigma": 7.6619}, "geometry": {"type": "Polygon", "coordinates": [[[-76.515, 3.335], [-76.51, 3.335], [-76.51, 3.34], [-76.515, 3.34], [-76.515, 3.335]]]}}, {"type": "Feature", "properties": {"value": 7.1454, "sigma": 7.6619}, "geometry": {"type": "Polygon", "coordinates": [[[-76.51, 3.335], [-76.505, 3.335], [-76.505, 3.34], [-76.51, 3.34], [-76.51, 3.335]]]}}, {"type": "Feature", "properties": {"value": 7.3511, "sigma": 7.6619}, "geometry": {"type": "Polygon", "coordinates": [[[-76.505, 3.335], [-76.5, 3.335], [-76.5, 3.34], [-76.505, 3.34], [-76.505, 3.335]]]}}, {"type": "Feature", "properties": {"value": 7.3581, "sigma": 7.6619}, "geometry": {"type": "Polygon", "coordinates": [[[-76.5, 3.335], [-76.495, 3.335], [-76.495, 3.34], [-76.5, 3.34], [-76.5, 3.335]]]}}, {"type": "Feature", "properties": {"value": 7.2851, "sigma": 7.6619}, "geometry": {"type": "Polygon", "coordinates": [[[-76.495, 3.335], [-76.49, 3.335], [-76.49, 3.34], [-76.495, 3.34], [-76.495, 3.335]]]}}, {"type": "Feature", "properties": {"value": 7.1954, "sigma": 7.6619}, "geometry": {"type": "Polygon", "coordinates": [[[-76.49, 3.335], [-76.485, 3.335], [-76.485, 3.34], [-76.49, 3.34], [-76.49, 3.335]]]}}, {"type": "Feature", "properties": {"value": 7.1182, "sigma": 7.6619}, "geometry": {"type": "Polygon", "coordinates": [[[-76.485, 3.335], [-76.48, 3.335], [-76.48, 3.34], [-76.485, 3.34], [-76.485, 3.335]]]}}, {"type": "Feature", "properties": {"value": 7.0659, "sigma": 7.6619}, "geometry": {"type": "Polygon", "coordinates": [[[-76.48, 3.335], [-76.475, 3.335], [-76.475, 3.34], [-76.48, 3.34], [-76.48, 3.335]]]}}, {"type": "Feature", "properties": {"value": 7.0446, "sigma": 7.6619}, "geometry": {"type": "Polygon", "coordinates": [[[-76.475, 3.335], [-76.47, 3.335], [-76.47, 3.34], [-76.475, 3.34], [-76.475, 3.335]]]}}, {"type": "Feature", "properties": {"value": 7.0575, "sigma": 7.6619}, "geometry": {"type": "Polygon", "coordinates": [[[-76.47, 3.335], [-76.465, 3.335], [-76.465, 3.34], [-76.47, 3.34], [-76.47, 3.335]]]}}, {"type": "Feature", "properties": {"value": 7.1072, "sigma": 7.6619}, "geometry": {"type": "Polygon", "coordinates": [[[-76.465, 3.335], [-76.46, 3.335], [-76.46, 3.34], [-76.465, 3.34], [-76.465, 3.335]]]}}, {"type": "Feature", "properties": {"value": 7.1951, "sigma": 7.6619}, "geometry": {"type": "Polygon", "coordinates": [[[-76.46, 3.335], [-76.455, 3.335], [-76.455, 3.34], [-76.46, 3.34], [-76.46, 3.335]]]}}, {"type": "Feature", "properties": {"value": 7.3148, "sigma": 7.6619}, "geometry": {"type": "Polygon", "coordinates": [[[-76.455, 3.335], [-76.45, 3.335], [-76.45, 3.34], [-76.455, 3.34], [-76.455, 3.335]]]}}, {"type": "Feature", "properties": {"value": 7.4374, "sigma": 7.6619}, "geometry": {"type": "Polygon", "coordinates": [[[-76.45, 3.335], [-76.445, 3.335], [-76.445, 3.34], [-76.45, 3.34], [-76.45, 3.335]]]}}, {"type": "Feature", "properties": {"value": 7.5063, "sigma": 7.6619}, "geometry": {"type": "Polygon", "coordinates": [[[-76.445, 3.335], [-76.44, 3.335], [-76.44, 3.34], [-76.445, 3.34], [-76.445, 3.335]]]}}, {"type": "Feature", "properties": {"value": 7.4808, "sigma": 7.6619}, "geometry": {"type": "Polygon", "coordinates": [[[-76.44, 3.335], [-76.435, 3.335], [-76.435, 3.34], [-76.44, 3.34], [-76.44, 3.335]]]}}, {"type": "Feature", "properties": {"value": 7.389, "sigma": 7.6619}, "geometry": {"type": "Polygon", "coordinates": [[[-76.435, 3.335], [-76.43, 3.335], [-76.43, 3.34], [-76.435, 3.34], [-76.435, 3.335]]]}}, {"type": "Feature", "properties": {"value": 7.291, "sigma": 7.6619}, "geometry": {"type": "Polygon", "coordinates": [[[-76.43, 3.335], [-76.425, 3.335], [-76.425, 3.34], [-76.43, 3.34], [-76.43, 3.335]]]}}, {"type": "Feature", "properties": {"value": 7.2215, "sigma": 7.6619}, "geometry": {"type": "Polygon", "coordinates": [[[-76.425, 3.335], [-76.42, 3.335], [-76.42, 3.34], [-76.425, 3.34], [-76.425, 3.335]]]}}, {"type": "Feature", "properties": {"value": 7.1853, "sigma": 7.6619}, "geometry": {"type": "Polygon", "coordinates": [[[-76.42, 3.335], [-76.415, 3.335], [-76.415, 3.34], [-76.42, 3.34], [-76.42, 3.335]]]}}, {"type": "Feature", "properties": {"value": 7.1754, "sigma": 7.6619}, "geometry": {"type": "Polygon", "coordinates": [[[-76.415, 3.335], [-76.41, 3.335], [-76.41, 3.34], [-76.415, 3.34], [-76.415, 3.335]]]}}, {"type": "Feature", "properties": {"value": 7.1829, "sigma": 7.6619}, "geometry": {"type": "Polygon", "coordinates": [[[-76.41, 3.335], [-76.405, 3.335], [-76.405, 3.34], [-76.41, 3.34], [-76.41, 3.335]]]}}, {"type": "Feature", "properties": {"value": 7.201, "sigma": 7.6619}, "geometry": {"type": "Polygon", "coordinates": [[[-76.405, 3.335], [-76.4, 3.335], [-76.4, 3.34], [-76.405, 3.34], [-76.405, 3.335]]]}}, {"type": "Feature", "properties": {"value": 8.1563, "sigma": 7.6619}, "geometry": {"type": "Polygon", "coordinates": [[[-76.6, 3.34], [-76.595, 3.34], [-76.595, 3.345], [-76.6, 3.345], [-76.6, 3.34]]]}}, {"type": "Feature", "properties": {"value": 8.0524, "sigma": 7.6619}, "geometry": {"type": "Polygon", "coordinates": [[[-76.595, 3.34], [-76.59, 3.34], [-76.59, 3.345], [-76.595, 3.345], [-76.595, 3.34]]]}}, {"type": "Feature", "properties": {"value": 7.916, "sigma": 7.6619}, "geometry": {"type": "Polygon", "coordinates": [[[-76.59, 3.34], [-76.585, 3.34], [-76.585, 3.345], [-76.59, 3.345], [-76.59, 3.34]]]}}, {"type": "Feature", "properties": {"value": 7.7749, "sigma": 7.6619}, "geometry": {"type": "Polygon", "coordinates": [[[-76.585, 3.34], [-76.58, 3.34], [-76.58, 3.345], [-76.585, 3.345], [-76.585, 3.34]]]}}, {"type": "Feature", "properties": {"value": 7.6956, "sigma": 7.6619}, "geometry": {"type": "Polygon", "coordinates": [[[-76.58, 3.34], [-76.575, 3.34], [-76.575, 3.345], [-76.58, 3.345], [-76.58, 3.34]]]}}, {"type": "Feature", "properties": {"value": 7.72, "sigma": 7.6619}, "geometry": {"type": "Polygon", "coordinates": [[[-76.575, 3.34], [-76.57, 3.34], [-76.57, 3.345], [-76.575, 3.345], [-76.575, 3.34]]]}}, {"type": "Feature", "properties": {"value": 7.7716, "sigma": 7.6619}, "geometry": {"type": "Polygon", "coordinates": [[[-76.57, 3.34], [-76.565, 3.34], [-76.565, 3.345], [-76.57, 3.345], [-76.57, 3.34]]]}}, {"type": "Feature", "properties": {"value": 7.7525, "sigma": 7.6619}, "geometry": {"type": "Polygon", "coordinates": [[[-76.565, 3.34], [-76.56, 3.34], [-76.56, 3.345], [-76.565, 3.345], [-76.565, 3.34]]]}}, {"type": "Feature", "properties": {"value": 7.6463, "sigma": 7.6619}, "geometry": {"type": "Polygon", "coordinates": [[[-76.56, 3.34], [-76.555, 3.34], [-76.555, 3.345], [-76.56, 3.345], [-76.56, 3.34]]]}}, {"type": "Feature", "properties": {"value": 7.4749, "sigma": 7.6619}, "geometry": {"type": "Polygon", "coordinates": [[[-76.555, 3.34], [-76.55, 3.34], [-76.55, 3.345], [-76.555, 3.345], [-76.555, 3.34]]]}}, {"type": "Feature", "properties": {"value": 7.252, "sigma": 7.6619}, "geometry": {"type": "Polygon", "coordinates": [[[-76.55, 3.34], [-76.545, 3.34], [-76.545, 3.345], [-76.55, 3.345], [-76.55, 3.34]]]}}, {"type": "Feature", "properties": {"value": 6.9718, "sigma": 7.6619}, "geometry": {"type": "Polygon", "coordinates": [[[-76.545, 3.34], [-76.54, 3.34], [-76.54, 3.345], [-76.545, 3.345], [-76.545, 3.34]]]}}, {"type": "Feature", "properties": {"value": 6.6071, "sigma": 7.6619}, "geometry": {"type": "Polygon", "coordinates": [[[-76.54, 3.34], [-76.535, 3.34], [-76.535, 3.345], [-76.54, 3.345], [-76.54, 3.34]]]}}, {"type": "Feature", "properties": {"value": 6.1121, "sigma": 7.6619}, "geometry": {"type": "Polygon", "coordinates": [[[-76.535, 3.34], [-76.53, 3.34], [-76.53, 3.345], [-76.535, 3.345], [-76.535, 3.34]]]}}, {"type": "Feature", "properties": {"value": 5.4658, "sigma": 7.6619}, "geometry": {"type": "Polygon", "coordinates": [[[-76.53, 3.34], [-76.525, 3.34], [-76.525, 3.345], [-76.53, 3.345], [-76.53, 3.34]]]}}, {"type": "Feature", "properties": {"value": 4.9288, "sigma": 7.6619}, "geometry": {"type": "Polygon", "coordinates": [[[-76.525, 3.34], [-76.52, 3.34], [-76.52, 3.345], [-76.525, 3.345], [-76.525, 3.34]]]}}, {"type": "Feature", "properties": {"value": 5.3126, "sigma": 7.6619}, "geometry": {"type": "Polygon", "coordinates": [[[-76.52, 3.34], [-76.515, 3.34], [-76.515, 3.345], [-76.52, 3.345], [-76.52, 3.34]]]}}, {"type": "Feature", "properties": {"value": 6.6265, "sigma": 7.6619}, "geometry": {"type": "Polygon", "coordinates": [[[-76.515, 3.34], [-76.51, 3.34], [-76.51, 3.345], [-76.515, 3.345], [-76.515, 3.34]]]}}, {"type": "Feature", "properties": {"value": 7.3637, "sigma": 7.6619}, "geometry": {"type": "Polygon", "coordinates": [[[-76.51, 3.34], [-76.505, 3.34], [-76.505, 3.345], [-76.51, 3.345], [-76.51, 3.34]]]}}, {"type": "Feature", "properties": {"value": 7.4889, "sigma": 7.6619}, "geometry": {"type": "Polygon", "coordinates": [[[-76.505, 3.34], [-76.5, 3.34], [-76.5, 3.345], [-76.505, 3.345], [-76.505, 3.34]]]}}, {"type": "Feature", "properties": {"value": 7.4045, "sigma": 7.6619}, "geometry": {"type": "Polygon", "coordinates": [[[-76.5, 3.34], [-76.495, 3.34], [-76.495, 3.345], [-76.5, 3.345], [-76.5, 3.34]]]}}, {"type": "Feature", "properties": {"value": 7.2854, "sigma": 7.6619}, "geometry": {"type": "Polygon", "coordinates": [[[-76.495, 3.34], [-76.49, 3.34], [-76.49, 3.345], [-76.495, 3.345], [-76.495, 3.34]]]}}, {"type": "Feature", "properties": {"value": 7.1828, "sigma": 7.6619}, "geometry": {"type": "Polygon", "coordinates": [[[-76.49, 3.34], [-76.485, 3.34], [-76.485, 3.345], [-76.49, 3.345], [-76.49, 3.34]]]}}, {"type": "Feature", "properties": {"value": 7.1074, "sigma": 7.6619}, "geometry": {"type": "Polygon", "coordinates": [[[-76.485, 3.34], [-76.48, 3.34], [-76.48, 3.345], [-76.485, 3.345], [-76.485, 3.34]]]}}, {"type": "Feature", "properties": {"value": 7.0589, "sigma": 7.6619}, "geometry": {"type": "Polygon", "coordinates": [[[-76.48, 3.34], [-76.475, 3.34], [-76.475, 3.345], [-76.48, 3.345], [-76.48, 3.34]]]}}, {"type": "Feature", "properties": {"value": 7.0346, "sigma": 7.6619}, "geometry": {"type": "Polygon", "coordinates": [[[-76.475, 3.34], [-76.47, 3.34], [-76.47, 3.345], [-76.475, 3.345], [-76.475, 3.34]]]}}, {"type": "Feature", "properties": {"value": 7.0333, "sigma": 7.6619}, "geometry": {"type": "Polygon", "coordinates": [[[-76.47, 3.34], [-76.465, 3.34], [-76.465, 3.345], [-76.47, 3.345], [-76.47, 3.34]]]}}, {"type": "Feature", "properties": {"value": 7.0541, "sigma": 7.6619}, "geometry": {"type": "Polygon", "coordinates": [[[-76.465, 3.34], [-76.46, 3.34], [-76.46, 3.345], [-76.465, 3.345], [-76.465, 3.34]]]}}, {"type": "Feature", "properties": {"value": 7.0958, "sigma": 7.6619}, "geometry": {"type": "Polygon", "coordinates": [[[-76.46, 3.34], [-76.455, 3.34], [-76.455, 3.345], [-76.46, 3.345], [-76.46, 3.34]]]}}, {"type": "Feature", "properties": {"value": 7.1525, "sigma": 7.6619}, "geometry": {"type": "Polygon", "coordinates": [[[-76.455, 3.34], [-76.45, 3.34], [-76.45, 3.345], [-76.455, 3.345], [-76.455, 3.34]]]}}, {"type": "Feature", "properties": {"value": 7.2106, "sigma": 7.6619}, "geometry": {"type": "Polygon", "coordinates": [[[-76.45, 3.34], [-76.445, 3.34], [-76.445, 3.345], [-76.45, 3.345], [-76.45, 3.34]]]}}, {"type": "Feature", "properties": {"value": 7.2498, "sigma": 7.6619}, "geometry": {"type": "Polygon", "coordinates": [[[-76.445, 3.34], [-76.44, 3.34], [-76.44, 3.345], [-76.445, 3.345], [-76.445, 3.34]]]}}, {"type": "Feature", "properties": {"value": 7.2577, "sigma": 7.6619}, "geometry": {"type": "Polygon", "coordinates": [[[-76.44, 3.34], [-76.435, 3.34], [-76.435, 3.345], [-76.44, 3.345], [-76.44, 3.34]]]}}, {"type": "Feature", "properties": {"value": 7.2412, "sigma": 7.6619}, "geometry": {"type": "Polygon", "coordinates": [[[-76.435, 3.34], [-76.43, 3.34], [-76.43, 3.345], [-76.435, 3.345], [-76.435, 3.34]]]}}, {"type": "Feature", "properties": {"value": 7.2184, "sigma": 7.6619}, "geometry": {"type": "Polygon", "coordinates": [[[-76.43, 3.34], [-76.425, 3.34], [-76.425, 3.345], [-76.43, 3.345], [-76.43, 3.34]]]}}, {"type": "Feature", "properties": {"value": 7.203, "sigma": 7.6619}, "geometry": {"type": "Polygon", "coordinates": [[[-76.425, 3.34], [-76.42, 3.34], [-76.42, 3.345], [-76.425, 3.345], [-76.425, 3.34]]]}}, {"type": "Feature", "properties": {"value": 7.1993, "sigma": 7.6619}, "geometry": {"type": "Polygon", "coordinates": [[[-76.42, 3.34], [-76.415, 3.34], [-76.415, 3.345], [-76.42, 3.345], [-76.42, 3.34]]]}}, {"type": "Feature", "properties": {"value": 7.2064, "sigma": 7.6619}, "geometry": {"type": "Polygon", "coordinates": [[[-76.415, 3.34], [-76.41, 3.34], [-76.41, 3.345], [-76.415, 3.345], [-76.415, 3.34]]]}}, {"type": "Feature", "properties": {"value": 7.2214, "sigma": 7.6619}, "geometry": {"type": "Polygon", "coordinates": [[[-76.41, 3.34], [-76.405, 3.34], [-76.405, 3.345], [-76.41, 3.345], [-76.41, 3.34]]]}}, {"type": "Feature", "properties": {"value": 7.2415, "sigma": 7.6619}, "geometry": {"type": "Polygon", "coordinates": [[[-76.405, 3.34], [-76.4, 3.34], [-76.4, 3.345], [-76.405, 3.345], [-76.405, 3.34]]]}}, {"type": "Feature", "properties": {"value": 8.2774, "sigma": 7.6619}, "geometry": {"type": "Polygon", "coordinates": [[[-76.6, 3.345], [-76.595, 3.345], [-76.595, 3.35], [-76.6, 3.35], [-76.6, 3.345]]]}}, {"type": "Feature", "properties": {"value": 8.1738, "sigma": 7.6619}, "geometry": {"type": "Polygon", "coordinates": [[[-76.595, 3.345], [-76.59, 3.345], [-76.59, 3.35], [-76.595, 3.35], [-76.595, 3.345]]]}}, {"type": "Feature", "properties": {"value": 8.0232, "sigma": 7.6619}, "geometry": {"type": "Polygon", "coordinates": [[[-76.59, 3.345], [-76.585, 3.345], [-76.585, 3.35], [-76.59, 3.35], [-76.59, 3.345]]]}}, {"type": "Feature", "properties": {"value": 7.8548, "sigma": 7.6619}, "geometry": {"type": "Polygon", "coordinates": [[[-76.585, 3.345], [-76.58, 3.345], [-76.58, 3.35], [-76.585, 3.35], [-76.585, 3.345]]]}}, {"type": "Feature", "properties": {"value": 7.7528, "sigma": 7.6619}, "geometry": {"type": "Polygon", "coordinates": [[[-76.58, 3.345], [-76.575, 3.345], [-76.575, 3.35], [-76.58, 3.35], [-76.58, 3.345]]]}}, {"type": "Feature", "properties": {"value": 7.7759, "sigma": 7.6619}, "geometry": {"type": "Polygon", "coordinates": [[[-76.575, 3.345], [-76.57, 3.345], [-76.57, 3.35], [-76.575, 3.35], [-76.575, 3.345]]]}}, {"type": "Feature", "properties": {"value": 7.8361, "sigma": 7.6619}, "geometry": {"type": "Polygon", "coordinates": [[[-76.57, 3.345], [-76.565, 3.345], [-76.565, 3.35], [-76.57, 3.35], [-76.57, 3.345]]]}}, {"type": "Feature", "properties": {"value": 7.8194, "sigma": 7.6619}, "geometry": {"type": "Polygon", "coordinates": [[[-76.565, 3.345], [-76.56, 3.345], [-76.56, 3.35], [-76.565, 3.35], [-76.565, 3.345]]]}}, {"type": "Feature", "properties": {"value": 7.7077, "sigma": 7.6619}, "geometry": {"type": "Polygon", "coordinates": [[[-76.56, 3.345], [-76.555, 3.345], [-76.555, 3.35], [-76.56, 3.35], [-76.56, 3.345]]]}}, {"type": "Feature", "properties": {"value": 7.5275, "sigma": 7.6619}, "geometry": {"type": "Polygon", "coordinates": [[[-76.555, 3.345], [-76.55, 3.345], [-76.55, 3.35], [-76.555, 3.35], [-76.555, 3.345]]]}}, {"type": "Feature", "properties": {"value": 7.2984, "sigma": 7.6619}, "geometry": {"type": "Polygon", "coordinates": [[[-76.55, 3.345], [-76.545, 3.345], [-76.545, 3.35], [-76.55, 3.35], [-76.55, 3.345]]]}}, {"type": "Feature", "properties": {"value": 7.0206, "sigma": 7.6619}, "geometry": {"type": "Polygon", "coordinates": [[[-76.545, 3.345], [-76.54, 3.345], [-76.54, 3.35], [-76.545, 3.35], [-76.545, 3.345]]]}}, {"type": "Feature", "properties": {"value": 6.6754, "sigma": 7.6619}, "geometry": {"type": "Polygon", "coordinates": [[[-76.54, 3.345], [-76.535, 3.345], [-76.535, 3.35], [-76.54, 3.35], [-76.54, 3.345]]]}}, {"type": "Feature", "properties": {"value": 6.2276, "sigma": 7.6619}, "geometry": {"type": "Polygon", "coordinates": [[[-76.535, 3.345], [-76.53, 3.345], [-76.53, 3.35], [-76.535, 3.35], [-76.535, 3.345]]]}}, {"type": "Feature", "properties": {"value": 5.6544, "sigma": 7.6619}, "geometry": {"type": "Polygon", "coordinates": [[[-76.53, 3.345], [-76.525, 3.345], [-76.525, 3.35], [-76.53, 3.35], [-76.53, 3.345]]]}}, {"type": "Feature", "properties": {"value": 5.1886, "sigma": 7.6619}, "geometry": {"type": "Polygon", "coordinates": [[[-76.525, 3.345], [-76.52, 3.345], [-76.52, 3.35], [-76.525, 3.35], [-76.525, 3.345]]]}}, {"type": "Feature", "properties": {"value": 6.0794, "sigma": 7.6619}, "geometry": {"type": "Polygon", "coordinates": [[[-76.52, 3.345], [-76.515, 3.345], [-76.515, 3.35], [-76.52, 3.35], [-76.52, 3.345]]]}}, {"type": "Feature", "properties": {"value": 8.1551, "sigma": 7.6619}, "geometry": {"type": "Polygon", "coordinates": [[[-76.515, 3.345], [-76.51, 3.345], [-76.51, 3.35], [-76.515, 3.35], [-76.515, 3.345]]]}}, {"type": "Feature", "properties": {"value": 8.3309, "sigma": 7.6619}, "geometry": {"type": "Polygon", "coordinates": [[[-76.51, 3.345], [-76.505, 3.345], [-76.505, 3.35], [-76.51, 3.35], [-76.51, 3.345]]]}}, {"type": "Feature", "properties": {"value": 7.8685, "sigma": 7.6619}, "geometry": {"type": "Polygon", "coordinates": [[[-76.505, 3.345], [-76.5, 3.345], [-76.5, 3.35], [-76.505, 3.35], [-76.505, 3.345]]]}}, {"type": "Feature", "properties": {"value": 7.5006, "sigma": 7.6619}, "geometry": {"type": "Polygon", "coordinates": [[[-76.5, 3.345], [-76.495, 3.345], [-76.495, 3.35], [-76.5, 3.35], [-76.5, 3.345]]]}}, {"type": "Feature", "properties": {"value": 7.2711, "sigma": 7.6619}, "geometry": {"type": "Polygon", "coordinates": [[[-76.495, 3.345], [-76.49, 3.345], [-76.49, 3.35], [-76.495, 3.35], [-76.495, 3.345]]]}}, {"type": "Feature", "properties": {"value": 7.1367, "sigma": 7.6619}, "geometry": {"type": "Polygon", "coordinates": [[[-76.49, 3.345], [-76.485, 3.345], [-76.485, 3.35], [-76.49, 3.35], [-76.49, 3.345]]]}}, {"type": "Feature", "properties": {"value": 7.0598, "sigma": 7.6619}, "geometry": {"type": "Polygon", "coordinates": [[[-76.485, 3.345], [-76.48, 3.345], [-76.48, 3.35], [-76.485, 3.35], [-76.485, 3.345]]]}}, {"type": "Feature", "properties": {"value": 7.016, "sigma": 7.6619}, "geometry": {"type": "Polygon", "coordinates": [[[-76.48, 3.345], [-76.475, 3.345], [-76.475, 3.35], [-76.48, 3.35], [-76.48, 3.345]]]}}, {"type": "Feature", "properties": {"value": 6.9912, "sigma": 7.6619}, "geometry": {"type": "Polygon", "coordinates": [[[-76.475, 3.345], [-76.47, 3.345], [-76.47, 3.35], [-76.475, 3.35], [-76.475, 3.345]]]}}, {"type": "Feature", "properties": {"value": 6.9793, "sigma": 7.6619}, "geometry": {"type": "Polygon", "coordinates": [[[-76.47, 3.345], [-76.465, 3.345], [-76.465, 3.35], [-76.47, 3.35], [-76.47, 3.345]]]}}, {"type": "Feature", "properties": {"value": 6.9784, "sigma": 7.6619}, "geometry": {"type": "Polygon", "coordinates": [[[-76.465, 3.345], [-76.46, 3.345], [-76.46, 3.35], [-76.465, 3.35], [-76.465, 3.345]]]}}, {"type": "Feature", "properties": {"value": 6.9887, "sigma": 7.6619}, "geometry": {"type": "Polygon", "coordinates": [[[-76.46, 3.345], [-76.455, 3.345], [-76.455, 3.35], [-76.46, 3.35], [-76.46, 3.345]]]}}, {"type": "Feature", "properties": {"value": 7.0096, "sigma": 7.6619}, "geometry": {"type": "Polygon", "coordinates": [[[-76.455, 3.345], [-76.45, 3.345], [-76.45, 3.35], [-76.455, 3.35], [-76.455, 3.345]]]}}, {"type": "Feature", "properties": {"value": 7.0381, "sigma": 7.6619}, "geometry": {"type": "Polygon", "coordinates": [[[-76.45, 3.345], [-76.445, 3.345], [-76.445, 3.35], [-76.45, 3.35], [-76.45, 3.345]]]}}, {"type": "Feature", "properties": {"value": 7.0695, "sigma": 7.6619}, "geometry": {"type": "Polygon", "coordinates": [[[-76.445, 3.345], [-76.44, 3.345], [-76.44, 3.35], [-76.445, 3.35], [-76.445, 3.345]]]}}, {"type": "Feature", "properties": {"value": 7.0997, "sigma": 7.6619}, "geometry": {"type": "Polygon", "coordinates": [[[-76.44, 3.345], [-76.435, 3.345], [-76.435, 3.35], [-76.44, 3.35], [-76.44, 3.345]]]}}, {"type": "Feature", "properties": {"value": 7.1276, "sigma": 7.6619}, "geometry": {"type": "Polygon", "coordinates": [[[-76.435, 3.345], [-76.43, 3.345], [-76.43, 3.35], [-76.435, 3.35], [-76.435, 3.345]]]}}, {"type": "Feature", "properties": {"value": 7.1542, "sigma": 7.6619}, "geometry": {"type": "Polygon", "coordinates": [[[-76.43, 3.345], [-76.425, 3.345], [-76.425, 3.35], [-76.43, 3.35], [-76.43, 3.345]]]}}, {"type": "Feature", "properties": {"value": 7.1802, "sigma": 7.6619}, "geometry": {"type": "Polygon", "coordinates": [[[-76.425, 3.345], [-76.42, 3.345], [-76.42, 3.35], [-76.425, 3.35], [-76.425, 3.345]]]}}, {"type": "Feature", "properties": {"value": 7.2057, "sigma": 7.6619}, "geometry": {"type": "Polygon", "coordinates": [[[-76.42, 3.345], [-76.415, 3.345], [-76.415, 3.35], [-76.42, 3.35], [-76.42, 3.345]]]}}, {"type": "Feature", "properties": {"value": 7.2305, "sigma": 7.6619}, "geometry": {"type": "Polygon", "coordinates": [[[-76.415, 3.345], [-76.41, 3.345], [-76.41, 3.35], [-76.415, 3.35], [-76.415, 3.345]]]}}, {"type": "Feature", "properties": {"value": 7.2547, "sigma": 7.6619}, "geometry": {"type": "Polygon", "coordinates": [[[-76.41, 3.345], [-76.405, 3.345], [-76.405, 3.35], [-76.41, 3.35], [-76.41, 3.345]]]}}, {"type": "Feature", "properties": {"value": 7.2787, "sigma": 7.6619}, "geometry": {"type": "Polygon", "coordinates": [[[-76.405, 3.345], [-76.4, 3.345], [-76.4, 3.35], [-76.405, 3.35], [-76.405, 3.345]]]}}, {"type": "Feature", "properties": {"value": 8.4598, "sigma": 7.6619}, "geometry": {"type": "Polygon", "coordinates": [[[-76.6, 3.35], [-76.595, 3.35], [-76.595, 3.355], [-76.6, 3.355], [-76.6, 3.35]]]}}, {"type": "Feature", "properties": {"value": 8.3891, "sigma": 7.6619}, "geometry": {"type": "Polygon", "coordinates": [[[-76.595, 3.35], [-76.59, 3.35], [-76.59, 3.355], [-76.595, 3.355], [-76.595, 3.35]]]}}, {"type": "Feature", "properties": {"value": 8.2668, "sigma": 7.6619}, "geometry": {"type": "Polygon", "coordinates": [[[-76.59, 3.35], [-76.585, 3.35], [-76.585, 3.355], [-76.59, 3.355], [-76.59, 3.35]]]}}, {"type": "Feature", "properties": {"value": 8.1146, "sigma": 7.6619}, "geometry": {"type": "Polygon", "coordinates": [[[-76.585, 3.35], [-76.58, 3.35], [-76.58, 3.355], [-76.585, 3.355], [-76.585, 3.35]]]}}, {"type": "Feature", "properties": {"value": 8.0054, "sigma": 7.6619}, "geometry": {"type": "Polygon", "coordinates": [[[-76.58, 3.35], [-76.575, 3.35], [-76.575, 3.355], [-76.58, 3.355], [-76.58, 3.35]]]}}, {"type": "Feature", "properties": {"value": 7.9883, "sigma": 7.6619}, "geometry": {"type": "Polygon", "coordinates": [[[-76.575, 3.35], [-76.57, 3.35], [-76.57, 3.355], [-76.575, 3.355], [-76.575, 3.35]]]}}, {"type": "Feature", "properties": {"value": 7.9953, "sigma": 7.6619}, "geometry": {"type": "Polygon", "coordinates": [[[-76.57, 3.35], [-76.565, 3.35], [-76.565, 3.355], [-76.57, 3.355], [-76.57, 3.35]]]}}, {"type": "Feature", "properties": {"value": 7.9391, "sigma": 7.6619}, "geometry": {"type": "Polygon", "coordinates": [[[-76.565, 3.35], [-76.56, 3.35], [-76.56, 3.355], [-76.565, 3.355], [-76.565, 3.35]]]}}, {"type": "Feature", "properties": {"value": 7.8049, "sigma": 7.6619}, "geometry": {"type": "Polygon", "coordinates": [[[-76.56, 3.35], [-76.555, 3.35], [-76.555, 3.355], [-76.56, 3.355], [-76.56, 3.35]]]}}, {"type": "Feature", "properties": {"value": 7.6163, "sigma": 7.6619}, "geometry": {"type": "Polygon", "coordinates": [[[-76.555, 3.35], [-76.55, 3.35], [-76.55, 3.355], [-76.555, 3.355], [-76.555, 3.35]]]}}, {"type": "Feature", "properties": {"value": 7.3939, "sigma": 7.6619}, "geometry": {"type": "Polygon", "coordinates": [[[-76.55, 3.35], [-76.545, 3.35], [-76.545, 3.355], [-76.55, 3.355], [-76.55, 3.35]]]}}, {"type": "Feature", "properties": {"value": 7.1475, "sigma": 7.6619}, "geometry": {"type": "Polygon", "coordinates": [[[-76.545, 3.35], [-76.54, 3.35], [-76.54, 3.355], [-76.545, 3.355], [-76.545, 3.35]]]}}, {"type": "Feature", "properties": {"value": 6.8806, "sigma": 7.6619}, "geometry": {"type": "Polygon", "coordinates": [[[-76.54, 3.35], [-76.535, 3.35], [-76.535, 3.355], [-76.54, 3.355], [-76.54, 3.35]]]}}, {"type": "Feature", "properties": {"value": 6.6091, "sigma": 7.6619}, "geometry": {"type": "Polygon", "coordinates": [[[-76.535, 3.35], [-76.53, 3.35], [-76.53, 3.355], [-76.535, 3.355], [-76.535, 3.35]]]}}, {"type": "Feature", "properties": {"value": 6.4228, "sigma": 7.6619}, "geometry": {"type": "Polygon", "coordinates": [[[-76.53, 3.35], [-76.525, 3.35], [-76.525, 3.355], [-76.53, 3.355], [-76.53, 3.35]]]}}, {"type": "Feature", "properties": {"value": 6.7472, "sigma": 7.6619}, "geometry": {"type": "Polygon", "coordinates": [[[-76.525, 3.35], [-76.52, 3.35], [-76.52, 3.355], [-76.525, 3.355], [-76.525, 3.35]]]}}, {"type": "Feature", "properties": {"value": 9.0056, "sigma": 7.6619}, "geometry": {"type": "Polygon", "coordinates": [[[-76.52, 3.35], [-76.515, 3.35], [-76.515, 3.355], [-76.52, 3.355], [-76.52, 3.35]]]}}, {"type": "Feature", "properties": {"value": 11.2642, "sigma": 7.6619}, "geometry": {"type": "Polygon", "coordinates": [[[-76.515, 3.35], [-76.51, 3.35], [-76.51, 3.355], [-76.515, 3.355], [-76.515, 3.35]]]}}, {"type": "Feature", "properties": {"value": 9.5571, "sigma": 7.6619}, "geometry": {"type": "Polygon", "coordinates": [[[-76.51, 3.35], [-76.505, 3.35], [-76.505, 3.355], [-76.51, 3.355], [-76.51, 3.35]]]}}, {"type": "Feature", "properties": {"value": 8.1718, "sigma": 7.6619}, "geometry": {"type": "Polygon", "coordinates": [[[-76.505, 3.35], [-76.5, 3.35], [-76.5, 3.355], [-76.505, 3.355], [-76.505, 3.35]]]}}, {"type": "Feature", "properties": {"value": 7.4898, "sigma": 7.6619}, "geometry": {"type": "Polygon", "coordinates": [[[-76.5, 3.35], [-76.495, 3.35], [-76.495, 3.355], [-76.5, 3.355], [-76.5, 3.35]]]}}, {"type": "Feature", "properties": {"value": 7.1702, "sigma": 7.6619}, "geometry": {"type": "Polygon", "coordinates": [[[-76.495, 3.35], [-76.49, 3.35], [-76.49, 3.355], [-76.495, 3.355], [-76.495, 3.35]]]}}, {"type": "Feature", "properties": {"value": 7.0283, "sigma": 7.6619}, "geometry": {"type": "Polygon", "coordinates": [[[-76.49, 3.35], [-76.485, 3.35], [-76.485, 3.355], [-76.49, 3.355], [-76.49, 3.35]]]}}, {"type": "Feature", "properties": {"value": 6.9688, "sigma": 7.6619}, "geometry": {"type": "Polygon", "coordinates": [[[-76.485, 3.35], [-76.48, 3.35], [-76.48, 3.355], [-76.485, 3.355], [-76.485, 3.35]]]}}, {"type": "Feature", "properties": {"value": 6.9414, "sigma": 7.6619}, "geometry": {"type": "Polygon", "coordinates": [[[-76.48, 3.35], [-76.475, 3.35], [-76.475, 3.355], [-76.48, 3.355], [-76.48, 3.35]]]}}, {"type": "Feature", "properties": {"value": 6.9226, "sigma": 7.6619}, "geometry": {"type": "Polygon", "coordinates": [[[-76.475, 3.35], [-76.47, 3.35], [-76.47, 3.355], [-76.475, 3.355], [-76.475, 3.35]]]}}, {"type": "Feature", "properties": {"value": 6.9038, "sigma": 7.6619}, "geometry": {"type": "Polygon", "coordinates": [[[-76.47, 3.35], [-76.465, 3.35], [-76.465, 3.355], [-76.47, 3.355], [-76.47, 3.35]]]}}, {"type": "Feature", "properties": {"value": 6.8851, "sigma": 7.6619}, "geometry": {"type": "Polygon", "coordinates": [[[-76.465, 3.35], [-76.46, 3.35], [-76.46, 3.355], [-76.465, 3.355], [-76.465, 3.35]]]}}, {"type": "Feature", "properties": {"value": 6.871, "sigma": 7.6619}, "geometry": {"type": "Polygon", "coordinates": [[[-76.46, 3.35], [-76.455, 3.35], [-76.455, 3.355], [-76.46, 3.355], [-76.46, 3.35]]]}}, {"type": "Feature", "properties": {"value": 6.8679, "sigma": 7.6619}, "geometry": {"type": "Polygon", "coordinates": [[[-76.455, 3.35], [-76.45, 3.35], [-76.45, 3.355], [-76.455, 3.355], [-76.455, 3.35]]]}}, {"type": "Feature", "properties": {"value": 6.8817, "sigma": 7.6619}, "geometry": {"type": "Polygon", "coordinates": [[[-76.45, 3.35], [-76.445, 3.35], [-76.445, 3.355], [-76.45, 3.355], [-76.45, 3.35]]]}}, {"type": "Feature", "properties": {"value": 6.9161, "sigma": 7.6619}, "geometry": {"type": "Polygon", "coordinates": [[[-76.445, 3.35], [-76.44, 3.35], [-76.44, 3.355], [-76.445, 3.355], [-76.445, 3.35]]]}}, {"type": "Feature", "properties": {"value": 6.9699, "sigma": 7.6619}, "geometry": {"type": "Polygon", "coordinates": [[[-76.44, 3.35], [-76.435, 3.35], [-76.435, 3.355], [-76.44, 3.355], [-76.44, 3.35]]]}}, {"type": "Feature", "properties": {"value": 7.0365, "sigma": 7.6619}, "geometry": {"type": "Polygon", "coordinates": [[[-76.435, 3.35], [-76.43, 3.35], [-76.43, 3.355], [-76.435, 3.355], [-76.435, 3.35]]]}}, {"type": "Feature", "properties": {"value": 7.1052, "sigma": 7.6619}, "geometry": {"type": "Polygon", "coordinates": [[[-76.43, 3.35], [-76.425, 3.35], [-76.425, 3.355], [-76.43, 3.355], [-76.43, 3.35]]]}}, {"type": "Feature", "properties": {"value": 7.1672, "sigma": 7.6619}, "geometry": {"type": "Polygon", "coordinates": [[[-76.425, 3.35], [-76.42, 3.35], [-76.42, 3.355], [-76.425, 3.355], [-76.425, 3.35]]]}}, {"type": "Feature", "properties": {"value": 7.218, "sigma": 7.6619}, "geometry": {"type": "Polygon", "coordinates": [[[-76.42, 3.35], [-76.415, 3.35], [-76.415, 3.355], [-76.42, 3.355], [-76.42, 3.35]]]}}, {"type": "Feature", "properties": {"value": 7.258, "sigma": 7.6619}, "geometry": {"type": "Polygon", "coordinates": [[[-76.415, 3.35], [-76.41, 3.35], [-76.41, 3.355], [-76.415, 3.355], [-76.415, 3.35]]]}}, {"type": "Feature", "properties": {"value": 7.2899, "sigma": 7.6619}, "geometry": {"type": "Polygon", "coordinates": [[[-76.41, 3.35], [-76.405, 3.35], [-76.405, 3.355], [-76.41, 3.355], [-76.41, 3.35]]]}}, {"type": "Feature", "properties": {"value": 7.3168, "sigma": 7.6619}, "geometry": {"type": "Polygon", "coordinates": [[[-76.405, 3.35], [-76.4, 3.35], [-76.4, 3.355], [-76.405, 3.355], [-76.405, 3.35]]]}}, {"type": "Feature", "properties": {"value": 8.7071, "sigma": 7.6619}, "geometry": {"type": "Polygon", "coordinates": [[[-76.6, 3.355], [-76.595, 3.355], [-76.595, 3.36], [-76.6, 3.36], [-76.6, 3.355]]]}}, {"type": "Feature", "properties": {"value": 8.7105, "sigma": 7.6619}, "geometry": {"type": "Polygon", "coordinates": [[[-76.595, 3.355], [-76.59, 3.355], [-76.59, 3.36], [-76.595, 3.36], [-76.595, 3.355]]]}}, {"type": "Feature", "properties": {"value": 8.6689, "sigma": 7.6619}, "geometry": {"type": "Polygon", "coordinates": [[[-76.59, 3.355], [-76.585, 3.355], [-76.585, 3.36], [-76.59, 3.36], [-76.59, 3.355]]]}}, {"type": "Feature", "properties": {"value": 8.577, "sigma": 7.6619}, "geometry": {"type": "Polygon", "coordinates": [[[-76.585, 3.355], [-76.58, 3.355], [-76.58, 3.36], [-76.585, 3.36], [-76.585, 3.355]]]}}, {"type": "Feature", "properties": {"value": 8.4652, "sigma": 7.6619}, "geometry": {"type": "Polygon", "coordinates": [[[-76.58, 3.355], [-76.575, 3.355], [-76.575, 3.36], [-76.58, 3.36], [-76.58, 3.355]]]}}, {"type": "Feature", "properties": {"value": 8.3666, "sigma": 7.6619}, "geometry": {"type": "Polygon", "coordinates": [[[-76.575, 3.355], [-76.57, 3.355], [-76.57, 3.36], [-76.575, 3.36], [-76.575, 3.355]]]}}, {"type": "Feature", "properties": {"value": 8.2641, "sigma": 7.6619}, "geometry": {"type": "Polygon", "coordinates": [[[-76.57, 3.355], [-76.565, 3.355], [-76.565, 3.36], [-76.57, 3.36], [-76.57, 3.355]]]}}, {"type": "Feature", "properties": {"value": 8.1242, "sigma": 7.6619}, "geometry": {"type": "Polygon", "coordinates": [[[-76.565, 3.355], [-76.56, 3.355], [-76.56, 3.36], [-76.565, 3.36], [-76.565, 3.355]]]}}, {"type": "Feature", "properties": {"value": 7.9436, "sigma": 7.6619}, "geometry": {"type": "Polygon", "coordinates": [[[-76.56, 3.355], [-76.555, 3.355], [-76.555, 3.36], [-76.56, 3.36], [-76.56, 3.355]]]}}, {"type": "Feature", "properties": {"value": 7.7379, "sigma": 7.6619}, "geometry": {"type": "Polygon", "coordinates": [[[-76.555, 3.355], [-76.55, 3.355], [-76.55, 3.36], [-76.555, 3.36], [-76.555, 3.355]]]}}, {"type": "Feature", "properties": {"value": 7.5234, "sigma": 7.6619}, "geometry": {"type": "Polygon", "coordinates": [[[-76.55, 3.355], [-76.545, 3.355], [-76.545, 3.36], [-76.55, 3.36], [-76.55, 3.355]]]}}, {"type": "Feature", "properties": {"value": 7.3136, "sigma": 7.6619}, "geometry": {"type": "Polygon", "coordinates": [[[-76.545, 3.355], [-76.54, 3.355], [-76.54, 3.36], [-76.545, 3.36], [-76.545, 3.355]]]}}, {"type": "Feature", "properties": {"value": 7.1281, "sigma": 7.6619}, "geometry": {"type": "Polygon", "coordinates": [[[-76.54, 3.355], [-76.535, 3.355], [-76.535, 3.36], [-76.54, 3.36], [-76.54, 3.355]]]}}, {"type": "Feature", "properties": {"value": 7.0146, "sigma": 7.6619}, "geometry": {"type": "Polygon", "coordinates": [[[-76.535, 3.355], [-76.53, 3.355], [-76.53, 3.36], [-76.535, 3.36], [-76.535, 3.355]]]}}, {"type": "Feature", "properties": {"value": 7.1019, "sigma": 7.6619}, "geometry": {"type": "Polygon", "coordinates": [[[-76.53, 3.355], [-76.525, 3.355], [-76.525, 3.36], [-76.53, 3.36], [-76.53, 3.355]]]}}, {"type": "Feature", "properties": {"value": 7.7184, "sigma": 7.6619}, "geometry": {"type": "Polygon", "coordinates": [[[-76.525, 3.355], [-76.52, 3.355], [-76.52, 3.36], [-76.525, 3.36], [-76.525, 3.355]]]}}, {"type": "Feature", "properties": {"value": 9.3162, "sigma": 7.6619}, "geometry": {"type": "Polygon", "coordinates": [[[-76.52, 3.355], [-76.515, 3.355], [-76.515, 3.36], [-76.52, 3.36], [-76.52, 3.355]]]}}, {"type": "Feature", "properties": {"value": 10.4648, "sigma": 7.6619}, "geometry": {"type": "Polygon", "coordinates": [[[-76.515, 3.355], [-76.51, 3.355], [-76.51, 3.36], [-76.515, 3.36], [-76.515, 3.355]]]}}, {"type": "Feature", "properties": {"value": 9.2239, "sigma": 7.6619}, "geometry": {"type": "Polygon", "coordinates": [[[-76.51, 3.355], [-76.505, 3.355], [-76.505, 3.36], [-76.51, 3.36], [-76.51, 3.355]]]}}, {"type": "Feature", "properties": {"value": 7.8755, "sigma": 7.6619}, "geometry": {"type": "Polygon", "coordinates": [[[-76.505, 3.355], [-76.5, 3.355], [-76.5, 3.36], [-76.505, 3.36], [-76.505, 3.355]]]}}, {"type": "Feature", "properties": {"value": 7.1814, "sigma": 7.6619}, "geometry": {"type": "Polygon", "coordinates": [[[-76.5, 3.355], [-76.495, 3.355], [-76.495, 3.36], [-76.5, 3.36], [-76.5, 3.355]]]}}, {"type": "Feature", "properties": {"value": 6.9054, "sigma": 7.6619}, "geometry": {"type": "Polygon", "coordinates": [[[-76.495, 3.355], [-76.49, 3.355], [-76.49, 3.36], [-76.495, 3.36], [-76.495, 3.355]]]}}, {"type": "Feature", "properties": {"value": 6.8308, "sigma": 7.6619}, "geometry": {"type": "Polygon", "coordinates": [[[-76.49, 3.355], [-76.485, 3.355], [-76.485, 3.36], [-76.49, 3.36], [-76.49, 3.355]]]}}, {"type": "Feature", "properties": {"value": 6.8308, "sigma": 7.6619}, "geometry": {"type": "Polygon", "coordinates": [[[-76.485, 3.355], [-76.48, 3.355], [-76.48, 3.36], [-76.485, 3.36], [-76.485, 3.355]]]}}, {"type": "Feature", "properties": {"value": 6.8416, "sigma": 7.6619}, "geometry": {"type": "Polygon", "coordinates": [[[-76.48, 3.355], [-76.475, 3.355], [-76.475, 3.36], [-76.48, 3.36], [-76.48, 3.355]]]}}, {"type": "Feature", "properties": {"value": 6.8377, "sigma": 7.6619}, "geometry": {"type": "Polygon", "coordinates": [[[-76.475, 3.355], [-76.47, 3.355], [-76.47, 3.36], [-76.475, 3.36], [-76.475, 3.355]]]}}, {"type": "Feature", "properties": {"value": 6.8141, "sigma": 7.6619}, "geometry": {"type": "Polygon", "coordinates": [[[-76.47, 3.355], [-76.465, 3.355], [-76.465, 3.36], [-76.47, 3.36], [-76.47, 3.355]]]}}, {"type": "Feature", "properties": {"value": 6.7771, "sigma": 7.6619}, "geometry": {"type": "Polygon", "coordinates": [[[-76.465, 3.355], [-76.46, 3.355], [-76.46, 3.36], [-76.465, 3.36], [-76.465, 3.355]]]}}, {"type": "Feature", "properties": {"value": 6.7384, "sigma": 7.6619}, "geometry": {"type": "Polygon", "coordinates": [[[-76.46, 3.355], [-76.455, 3.355], [-76.455, 3.36], [-76.46, 3.36], [-76.46, 3.355]]]}}, {"type": "Feature", "properties": {"value": 6.7129, "sigma": 7.6619}, "geometry": {"type": "Polygon", "coordinates": [[[-76.455, 3.355], [-76.45, 3.355], [-76.45, 3.36], [-76.455, 3.36], [-76.455, 3.355]]]}}, {"type": "Feature", "properties": {"value": 6.716, "sigma": 7.6619}, "geometry": {"type": "Polygon", "coordinates": [[[-76.45, 3.355], [-76.445, 3.355], [-76.445, 3.36], [-76.45, 3.36], [-76.45, 3.355]]]}}, {"type": "Feature", "properties": {"value": 6.7598, "sigma": 7.6619}, "geometry": {"type": "Polygon", "coordinates": [[[-76.445, 3.355], [-76.44, 3.355], [-76.44, 3.36], [-76.445, 3.36], [-76.445, 3.355]]]}}, {"type": "Feature", "properties": {"value": 6.8465, "sigma": 7.6619}, "geometry": {"type": "Polygon", "coordinates": [[[-76.44, 3.355], [-76.435, 3.355], [-76.435, 3.36], [-76.44, 3.36], [-76.44, 3.355]]]}}, {"type": "Feature", "properties": {"value": 6.9616, "sigma": 7.6619}, "geometry": {"type": "Polygon", "coordinates": [[[-76.435, 3.355], [-76.43, 3.355], [-76.43, 3.36], [-76.435, 3.36], [-76.435, 3.355]]]}}, {"type": "Feature", "properties": {"value": 7.079, "sigma": 7.6619}, "geometry": {"type": "Polygon", "coordinates": [[[-76.43, 3.355], [-76.425, 3.355], [-76.425, 3.36], [-76.43, 3.36], [-76.43, 3.355]]]}}, {"type": "Feature", "properties": {"value": 7.1773, "sigma": 7.6619}, "geometry": {"type": "Polygon", "coordinates": [[[-76.425, 3.355], [-76.42, 3.355], [-76.42, 3.36], [-76.425, 3.36], [-76.425, 3.355]]]}}, {"type": "Feature", "properties": {"value": 7.2494, "sigma": 7.6619}, "geometry": {"type": "Polygon", "coordinates": [[[-76.42, 3.355], [-76.415, 3.355], [-76.415, 3.36], [-76.42, 3.36], [-76.42, 3.355]]]}}, {"type": "Feature", "properties": {"value": 7.2991, "sigma": 7.6619}, "geometry": {"type": "Polygon", "coordinates": [[[-76.415, 3.355], [-76.41, 3.355], [-76.41, 3.36], [-76.415, 3.36], [-76.415, 3.355]]]}}, {"type": "Feature", "properties": {"value": 7.3337, "sigma": 7.6619}, "geometry": {"type": "Polygon", "coordinates": [[[-76.41, 3.355], [-76.405, 3.355], [-76.405, 3.36], [-76.41, 3.36], [-76.41, 3.355]]]}}, {"type": "Feature", "properties": {"value": 7.36, "sigma": 7.6619}, "geometry": {"type": "Polygon", "coordinates": [[[-76.405, 3.355], [-76.4, 3.355], [-76.4, 3.36], [-76.405, 3.36], [-76.405, 3.355]]]}}, {"type": "Feature", "properties": {"value": 9.0034, "sigma": 7.6619}, "geometry": {"type": "Polygon", "coordinates": [[[-76.6, 3.36], [-76.595, 3.36], [-76.595, 3.365], [-76.6, 3.365], [-76.6, 3.36]]]}}, {"type": "Feature", "properties": {"value": 9.1229, "sigma": 7.6619}, "geometry": {"type": "Polygon", "coordinates": [[[-76.595, 3.36], [-76.59, 3.36], [-76.59, 3.365], [-76.595, 3.365], [-76.595, 3.36]]]}}, {"type": "Feature", "properties": {"value": 9.2172, "sigma": 7.6619}, "geometry": {"type": "Polygon", "coordinates": [[[-76.59, 3.36], [-76.585, 3.36], [-76.585, 3.365], [-76.59, 3.365], [-76.59, 3.36]]]}}, {"type": "Feature", "properties": {"value": 9.2284, "sigma": 7.6619}, "geometry": {"type": "Polygon", "coordinates": [[[-76.585, 3.36], [-76.58, 3.36], [-76.58, 3.365], [-76.585, 3.365], [-76.585, 3.36]]]}}, {"type": "Feature", "properties": {"value": 9.1102, "sigma": 7.6619}, "geometry": {"type": "Polygon", "coordinates": [[[-76.58, 3.36], [-76.575, 3.36], [-76.575, 3.365], [-76.58, 3.365], [-76.58, 3.36]]]}}, {"type": "Feature", "properties": {"value": 8.8882, "sigma": 7.6619}, "geometry": {"type": "Polygon", "coordinates": [[[-76.575, 3.36], [-76.57, 3.36], [-76.57, 3.365], [-76.575, 3.365], [-76.575, 3.36]]]}}, {"type": "Feature", "properties": {"value": 8.6279, "sigma": 7.6619}, "geometry": {"type": "Polygon", "coordinates": [[[-76.57, 3.36], [-76.565, 3.36], [-76.565, 3.365], [-76.57, 3.365], [-76.57, 3.36]]]}}, {"type": "Feature", "properties": {"value": 8.3672, "sigma": 7.6619}, "geometry": {"type": "Polygon", "coordinates": [[[-76.565, 3.36], [-76.56, 3.36], [-76.56, 3.365], [-76.565, 3.365], [-76.565, 3.36]]]}}, {"type": "Feature", "properties": {"value": 8.1175, "sigma": 7.6619}, "geometry": {"type": "Polygon", "coordinates": [[[-76.56, 3.36], [-76.555, 3.36], [-76.555, 3.365], [-76.56, 3.365], [-76.56, 3.36]]]}}, {"type": "Feature", "properties": {"value": 7.8831, "sigma": 7.6619}, "geometry": {"type": "Polygon", "coordinates": [[[-76.555, 3.36], [-76.55, 3.36], [-76.55, 3.365], [-76.555, 3.365], [-76.555, 3.36]]]}}, {"type": "Feature", "properties": {"value": 7.6685, "sigma": 7.6619}, "geometry": {"type": "Polygon", "coordinates": [[[-76.55, 3.36], [-76.545, 3.36], [-76.545, 3.365], [-76.55, 3.365], [-76.55, 3.36]]]}}, {"type": "Feature", "properties": {"value": 7.4814, "sigma": 7.6619}, "geometry": {"type": "Polygon", "coordinates": [[[-76.545, 3.36], [-76.54, 3.36], [-76.54, 3.365], [-76.545, 3.365], [-76.545, 3.36]]]}}, {"type": "Feature", "properties": {"value": 7.34, "sigma": 7.6619}, "geometry": {"type": "Polygon", "coordinates": [[[-76.54, 3.36], [-76.535, 3.36], [-76.535, 3.365], [-76.54, 3.365], [-76.54, 3.36]]]}}, {"type": "Feature", "properties": {"value": 7.2836, "sigma": 7.6619}, "geometry": {"type": "Polygon", "coordinates": [[[-76.535, 3.36], [-76.53, 3.36], [-76.53, 3.365], [-76.535, 3.365], [-76.535, 3.36]]]}}, {"type": "Feature", "properties": {"value": 7.3858, "sigma": 7.6619}, "geometry": {"type": "Polygon", "coordinates": [[[-76.53, 3.36], [-76.525, 3.36], [-76.525, 3.365], [-76.53, 3.365], [-76.53, 3.36]]]}}, {"type": "Feature", "properties": {"value": 7.7418, "sigma": 7.6619}, "geometry": {"type": "Polygon", "coordinates": [[[-76.525, 3.36], [-76.52, 3.36], [-76.52, 3.365], [-76.525, 3.365], [-76.525, 3.36]]]}}, {"type": "Feature", "properties": {"value": 8.2991, "sigma": 7.6619}, "geometry": {"type": "Polygon", "coordinates": [[[-76.52, 3.36], [-76.515, 3.36], [-76.515, 3.365], [-76.52, 3.365], [-76.52, 3.36]]]}}, {"type": "Feature", "properties": {"value": 8.4841, "sigma": 7.6619}, "geometry": {"type": "Polygon", "coordinates": [[[-76.515, 3.36], [-76.51, 3.36], [-76.51, 3.365], [-76.515, 3.365], [-76.515, 3.36]]]}}, {"type": "Feature", "properties": {"value": 7.8153, "sigma": 7.6619}, "geometry": {"type": "Polygon", "coordinates": [[[-76.51, 3.36], [-76.505, 3.36], [-76.505, 3.365], [-76.51, 3.365], [-76.51, 3.36]]]}}, {"type": "Feature", "properties": {"value": 6.9668, "sigma": 7.6619}, "geometry": {"type": "Polygon", "coordinates": [[[-76.505, 3.36], [-76.5, 3.36], [-76.5, 3.365], [-76.505, 3.365], [-76.505, 3.36]]]}}, {"type": "Feature", "properties": {"value": 6.5255, "sigma": 7.6619}, "geometry": {"type": "Polygon", "coordinates": [[[-76.5, 3.36], [-76.495, 3.36], [-76.495, 3.365], [-76.5, 3.365], [-76.5, 3.36]]]}}, {"type": "Feature", "properties": {"value": 6.4535, "sigma": 7.6619}, "geometry": {"type": "Polygon", "coordinates": [[[-76.495, 3.36], [-76.49, 3.36], [-76.49, 3.365], [-76.495, 3.365], [-76.495, 3.36]]]}}, {"type": "Feature", "properties": {"value": 6.545, "sigma": 7.6619}, "geometry": {"type": "Polygon", "coordinates": [[[-76.49, 3.36], [-76.485, 3.36], [-76.485, 3.365], [-76.49, 3.365], [-76.49, 3.36]]]}}, {"type": "Feature", "properties": {"value": 6.6576, "sigma": 7.6619}, "geometry": {"type": "Polygon", "coordinates": [[[-76.485, 3.36], [-76.48, 3.36], [-76.48, 3.365], [-76.485, 3.365], [-76.485, 3.36]]]}}, {"type": "Feature", "properties": {"value": 6.7302, "sigma": 7.6619}, "geometry": {"type": "Polygon", "coordinates": [[[-76.48, 3.36], [-76.475, 3.36], [-76.475, 3.365], [-76.48, 3.365], [-76.48, 3.36]]]}}, {"type": "Feature", "properties": {"value": 6.7482, "sigma": 7.6619}, "geometry": {"type": "Polygon", "coordinates": [[[-76.475, 3.36], [-76.47, 3.36], [-76.47, 3.365], [-76.475, 3.365], [-76.475, 3.36]]]}}, {"type": "Feature", "properties": {"value": 6.7187, "sigma": 7.6619}, "geometry": {"type": "Polygon", "coordinates": [[[-76.47, 3.36], [-76.465, 3.36], [-76.465, 3.365], [-76.47, 3.365], [-76.47, 3.36]]]}}, {"type": "Feature", "properties": {"value": 6.658, "sigma": 7.6619}, "geometry": {"type": "Polygon", "coordinates": [[[-76.465, 3.36], [-76.46, 3.36], [-76.46, 3.365], [-76.465, 3.365], [-76.465, 3.36]]]}}, {"type": "Feature", "properties": {"value": 6.5879, "sigma": 7.6619}, "geometry": {"type": "Polygon", "coordinates": [[[-76.46, 3.36], [-76.455, 3.36], [-76.455, 3.365], [-76.46, 3.365], [-76.46, 3.36]]]}}, {"type": "Feature", "properties": {"value": 6.5337, "sigma": 7.6619}, "geometry": {"type": "Polygon", "coordinates": [[[-76.455, 3.36], [-76.45, 3.36], [-76.45, 3.365], [-76.455, 3.365], [-76.455, 3.36]]]}}, {"type": "Feature", "properties": {"value": 6.5215, "sigma": 7.6619}, "geometry": {"type": "Polygon", "coordinates": [[[-76.45, 3.36], [-76.445, 3.36], [-76.445, 3.365], [-76.45, 3.365], [-76.45, 3.36]]]}}, {"type": "Feature", "properties": {"value": 6.5768, "sigma": 7.6619}, "geometry": {"type": "Polygon", "coordinates": [[[-76.445, 3.36], [-76.44, 3.36], [-76.44, 3.365], [-76.445, 3.365], [-76.445, 3.36]]]}}, {"type": "Feature", "properties": {"value": 6.7139, "sigma": 7.6619}, "geometry": {"type": "Polygon", "coordinates": [[[-76.44, 3.36], [-76.435, 3.36], [-76.435, 3.365], [-76.44, 3.365], [-76.44, 3.36]]]}}, {"type": "Feature", "properties": {"value": 6.9064, "sigma": 7.6619}, "geometry": {"type": "Polygon", "coordinates": [[[-76.435, 3.36], [-76.43, 3.36], [-76.43, 3.365], [-76.435, 3.365], [-76.435, 3.36]]]}}, {"type": "Feature", "properties": {"value": 7.0932, "sigma": 7.6619}, "geometry": {"type": "Polygon", "coordinates": [[[-76.43, 3.36], [-76.425, 3.36], [-76.425, 3.365], [-76.43, 3.365], [-76.43, 3.36]]]}}, {"type": "Feature", "properties": {"value": 7.2309, "sigma": 7.6619}, "geometry": {"type": "Polygon", "coordinates": [[[-76.425, 3.36], [-76.42, 3.36], [-76.42, 3.365], [-76.425, 3.365], [-76.425, 3.36]]]}}, {"type": "Feature", "properties": {"value": 7.3154, "sigma": 7.6619}, "geometry": {"type": "Polygon", "coordinates": [[[-76.42, 3.36], [-76.415, 3.36], [-76.415, 3.365], [-76.42, 3.365], [-76.42, 3.36]]]}}, {"type": "Feature", "properties": {"value": 7.3633, "sigma": 7.6619}, "geometry": {"type": "Polygon", "coordinates": [[[-76.415, 3.36], [-76.41, 3.36], [-76.41, 3.365], [-76.415, 3.365], [-76.415, 3.36]]]}}, {"type": "Feature", "properties": {"value": 7.3916, "sigma": 7.6619}, "geometry": {"type": "Polygon", "coordinates": [[[-76.41, 3.36], [-76.405, 3.36], [-76.405, 3.365], [-76.41, 3.365], [-76.41, 3.36]]]}}, {"type": "Feature", "properties": {"value": 7.4112, "sigma": 7.6619}, "geometry": {"type": "Polygon", "coordinates": [[[-76.405, 3.36], [-76.4, 3.36], [-76.4, 3.365], [-76.405, 3.365], [-76.405, 3.36]]]}}, {"type": "Feature", "properties": {"value": 9.3085, "sigma": 7.6619}, "geometry": {"type": "Polygon", "coordinates": [[[-76.6, 3.365], [-76.595, 3.365], [-76.595, 3.37], [-76.6, 3.37], [-76.6, 3.365]]]}}, {"type": "Feature", "properties": {"value": 9.5713, "sigma": 7.6619}, "geometry": {"type": "Polygon", "coordinates": [[[-76.595, 3.365], [-76.59, 3.365], [-76.59, 3.37], [-76.595, 3.37], [-76.595, 3.365]]]}}, {"type": "Feature", "properties": {"value": 9.8496, "sigma": 7.6619}, "geometry": {"type": "Polygon", "coordinates": [[[-76.59, 3.365], [-76.585, 3.365], [-76.585, 3.37], [-76.59, 3.37], [-76.59, 3.365]]]}}, {"type": "Feature", "properties": {"value": 10.0129, "sigma": 7.6619}, "geometry": {"type": "Polygon", "coordinates": [[[-76.585, 3.365], [-76.58, 3.365], [-76.58, 3.37], [-76.585, 3.37], [-76.585, 3.365]]]}}, {"type": "Feature", "properties": {"value": 9.8919, "sigma": 7.6619}, "geometry": {"type": "Polygon", "coordinates": [[[-76.58, 3.365], [-76.575, 3.365], [-76.575, 3.37], [-76.58, 3.37], [-76.58, 3.365]]]}}, {"type": "Feature", "properties": {"value": 9.5036, "sigma": 7.6619}, "geometry": {"type": "Polygon", "coordinates": [[[-76.575, 3.365], [-76.57, 3.365], [-76.57, 3.37], [-76.575, 3.37], [-76.575, 3.365]]]}}, {"type": "Feature", "properties": {"value": 9.0427, "sigma": 7.6619}, "geometry": {"type": "Polygon", "coordinates": [[[-76.57, 3.365], [-76.565, 3.365], [-76.565, 3.37], [-76.57, 3.37], [-76.57, 3.365]]]}}, {"type": "Feature", "properties": {"value": 8.6365, "sigma": 7.6619}, "geometry": {"type": "Polygon", "coordinates": [[[-76.565, 3.365], [-76.56, 3.365], [-76.56, 3.37], [-76.565, 3.37], [-76.565, 3.365]]]}}, {"type": "Feature", "properties": {"value": 8.3064, "sigma": 7.6619}, "geometry": {"type": "Polygon", "coordinates": [[[-76.56, 3.365], [-76.555, 3.365], [-76.555, 3.37], [-76.56, 3.37], [-76.56, 3.365]]]}}, {"type": "Feature", "properties": {"value": 8.0372, "sigma": 7.6619}, "geometry": {"type": "Polygon", "coordinates": [[[-76.555, 3.365], [-76.55, 3.365], [-76.55, 3.37], [-76.555, 3.37], [-76.555, 3.365]]]}}, {"type": "Feature", "properties": {"value": 7.8145, "sigma": 7.6619}, "geometry": {"type": "Polygon", "coordinates": [[[-76.55, 3.365], [-76.545, 3.365], [-76.545, 3.37], [-76.55, 3.37], [-76.55, 3.365]]]}}, {"type": "Feature", "properties": {"value": 7.6327, "sigma": 7.6619}, "geometry": {"type": "Polygon", "coordinates": [[[-76.545, 3.365], [-76.54, 3.365], [-76.54, 3.37], [-76.545, 3.37], [-76.545, 3.365]]]}}, {"type": "Feature", "properties": {"value": 7.4974, "sigma": 7.6619}, "geometry": {"type": "Polygon", "coordinates": [[[-76.54, 3.365], [-76.535, 3.365], [-76.535, 3.37], [-76.54, 3.37], [-76.54, 3.365]]]}}, {"type": "Feature", "properties": {"value": 7.424, "sigma": 7.6619}, "geometry": {"type": "Polygon", "coordinates": [[[-76.535, 3.365], [-76.53, 3.365], [-76.53, 3.37], [-76.535, 3.37], [-76.535, 3.365]]]}}, {"type": "Feature", "properties": {"value": 7.4294, "sigma": 7.6619}, "geometry": {"type": "Polygon", "coordinates": [[[-76.53, 3.365], [-76.525, 3.365], [-76.525, 3.37], [-76.53, 3.37], [-76.53, 3.365]]]}}, {"type": "Feature", "properties": {"value": 7.4994, "sigma": 7.6619}, "geometry": {"type": "Polygon", "coordinates": [[[-76.525, 3.365], [-76.52, 3.365], [-76.52, 3.37], [-76.525, 3.37], [-76.525, 3.365]]]}}, {"type": "Feature", "properties": {"value": 7.5166, "sigma": 7.6619}, "geometry": {"type": "Polygon", "coordinates": [[[-76.52, 3.365], [-76.515, 3.365], [-76.515, 3.37], [-76.52, 3.37], [-76.52, 3.365]]]}}, {"type": "Feature", "properties": {"value": 7.2372, "sigma": 7.6619}, "geometry": {"type": "Polygon", "coordinates": [[[-76.515, 3.365], [-76.51, 3.365], [-76.51, 3.37], [-76.515, 3.37], [-76.515, 3.365]]]}}, {"type": "Feature", "properties": {"value": 6.5655, "sigma": 7.6619}, "geometry": {"type": "Polygon", "coordinates": [[[-76.51, 3.365], [-76.505, 3.365], [-76.505, 3.37], [-76.51, 3.37], [-76.51, 3.365]]]}}, {"type": "Feature", "properties": {"value": 5.8947, "sigma": 7.6619}, "geometry": {"type": "Polygon", "coordinates": [[[-76.505, 3.365], [-76.5, 3.365], [-76.5, 3.37], [-76.505, 3.37], [-76.505, 3.365]]]}}, {"type": "Feature", "properties": {"value": 5.6884, "sigma": 7.6619}, "geometry": {"type": "Polygon", "coordinates": [[[-76.5, 3.365], [-76.495, 3.365], [-76.495, 3.37], [-76.5, 3.37], [-76.5, 3.365]]]}}, {"type": "Feature", "properties": {"value": 5.8984, "sigma": 7.6619}, "geometry": {"type": "Polygon", "coordinates": [[[-76.495, 3.365], [-76.49, 3.365], [-76.49, 3.37], [-76.495, 3.37], [-76.495, 3.365]]]}}, {"type": "Feature", "properties": {"value": 6.2247, "sigma": 7.6619}, "geometry": {"type": "Polygon", "coordinates": [[[-76.49, 3.365], [-76.485, 3.365], [-76.485, 3.37], [-76.49, 3.37], [-76.49, 3.365]]]}}, {"type": "Feature", "properties": {"value": 6.4845, "sigma": 7.6619}, "geometry": {"type": "Polygon", "coordinates": [[[-76.485, 3.365], [-76.48, 3.365], [-76.48, 3.37], [-76.485, 3.37], [-76.485, 3.365]]]}}, {"type": "Feature", "properties": {"value": 6.6298, "sigma": 7.6619}, "geometry": {"type": "Polygon", "coordinates": [[[-76.48, 3.365], [-76.475, 3.365], [-76.475, 3.37], [-76.48, 3.37], [-76.48, 3.365]]]}}, {"type": "Feature", "properties": {"value": 6.6692, "sigma": 7.6619}, "geometry": {"type": "Polygon", "coordinates": [[[-76.475, 3.365], [-76.47, 3.365], [-76.47, 3.37], [-76.475, 3.37], [-76.475, 3.365]]]}}, {"type": "Feature", "properties": {"value": 6.6275, "sigma": 7.6619}, "geometry": {"type": "Polygon", "coordinates": [[[-76.47, 3.365], [-76.465, 3.365], [-76.465, 3.37], [-76.47, 3.37], [-76.47, 3.365]]]}}, {"type": "Feature", "properties": {"value": 6.5337, "sigma": 7.6619}, "geometry": {"type": "Polygon", "coordinates": [[[-76.465, 3.365], [-76.46, 3.365], [-76.46, 3.37], [-76.465, 3.37], [-76.465, 3.365]]]}}, {"type": "Feature", "properties": {"value": 6.4208, "sigma": 7.6619}, "geometry": {"type": "Polygon", "coordinates": [[[-76.46, 3.365], [-76.455, 3.365], [-76.455, 3.37], [-76.46, 3.37], [-76.46, 3.365]]]}}, {"type": "Feature", "properties": {"value": 6.3257, "sigma": 7.6619}, "geometry": {"type": "Polygon", "coordinates": [[[-76.455, 3.365], [-76.45, 3.365], [-76.45, 3.37], [-76.455, 3.37], [-76.455, 3.365]]]}}, {"type": "Feature", "properties": {"value": 6.2831, "sigma": 7.6619}, "geometry": {"type": "Polygon", "coordinates": [[[-76.45, 3.365], [-76.445, 3.365], [-76.445, 3.37], [-76.45, 3.37], [-76.45, 3.365]]]}}, {"type": "Feature", "properties": {"value": 6.3361, "sigma": 7.6619}, "geometry": {"type": "Polygon", "coordinates": [[[-76.445, 3.365], [-76.44, 3.365], [-76.44, 3.37], [-76.445, 3.37], [-76.445, 3.365]]]}}, {"type": "Feature", "properties": {"value": 6.5528, "sigma": 7.6619}, "geometry": {"type": "Polygon", "coordinates": [[[-76.44, 3.365], [-76.435, 3.365], [-76.435, 3.37], [-76.44, 3.37], [-76.44, 3.365]]]}}, {"type": "Feature", "properties": {"value": 6.8932, "sigma": 7.6619}, "geometry": {"type": "Polygon", "coordinates": [[[-76.435, 3.365], [-76.43, 3.365], [-76.43, 3.37], [-76.435, 3.37], [-76.435, 3.365]]]}}, {"type": "Feature", "properties": {"value": 7.1917, "sigma": 7.6619}, "geometry": {"type": "Polygon", "coordinates": [[[-76.43, 3.365], [-76.425, 3.365], [-76.425, 3.37], [-76.43, 3.37], [-76.43, 3.365]]]}}, {"type": "Feature", "properties": {"value": 7.3626, "sigma": 7.6619}, "geometry": {"type": "Polygon", "coordinates": [[[-76.425, 3.365], [-76.42, 3.365], [-76.42, 3.37], [-76.425, 3.37], [-76.425, 3.365]]]}}, {"type": "Feature", "properties": {"value": 7.4346, "sigma": 7.6619}, "geometry": {"type": "Polygon", "coordinates": [[[-76.42, 3.365], [-76.415, 3.365], [-76.415, 3.37], [-76.42, 3.37], [-76.42, 3.365]]]}}, {"type": "Feature", "properties": {"value": 7.4586, "sigma": 7.6619}, "geometry": {"type": "Polygon", "coordinates": [[[-76.415, 3.365], [-76.41, 3.365], [-76.41, 3.37], [-76.415, 3.37], [-76.415, 3.365]]]}}, {"type": "Feature", "properties": {"value": 7.4662, "sigma": 7.6619}, "geometry": {"type": "Polygon", "coordinates": [[[-76.41, 3.365], [-76.405, 3.365], [-76.405, 3.37], [-76.41, 3.37], [-76.41, 3.365]]]}}, {"type": "Feature", "properties": {"value": 7.4711, "sigma": 7.6619}, "geometry": {"type": "Polygon", "coordinates": [[[-76.405, 3.365], [-76.4, 3.365], [-76.4, 3.37], [-76.405, 3.37], [-76.405, 3.365]]]}}, {"type": "Feature", "properties": {"value": 9.559, "sigma": 7.6619}, "geometry": {"type": "Polygon", "coordinates": [[[-76.6, 3.37], [-76.595, 3.37], [-76.595, 3.375], [-76.6, 3.375], [-76.6, 3.37]]]}}, {"type": "Feature", "properties": {"value": 9.9488, "sigma": 7.6619}, "geometry": {"type": "Polygon", "coordinates": [[[-76.595, 3.37], [-76.59, 3.37], [-76.59, 3.375], [-76.595, 3.375], [-76.595, 3.37]]]}}, {"type": "Feature", "properties": {"value": 10.406, "sigma": 7.6619}, "geometry": {"type": "Polygon", "coordinates": [[[-76.59, 3.37], [-76.585, 3.37], [-76.585, 3.375], [-76.59, 3.375], [-76.59, 3.37]]]}}, {"type": "Feature", "properties": {"value": 10.7365, "sigma": 7.6619}, "geometry": {"type": "Polygon", "coordinates": [[[-76.585, 3.37], [-76.58, 3.37], [-76.58, 3.375], [-76.585, 3.375], [-76.585, 3.37]]]}}, {"type": "Feature", "properties": {"value": 10.6257, "sigma": 7.6619}, "geometry": {"type": "Polygon", "coordinates": [[[-76.58, 3.37], [-76.575, 3.37], [-76.575, 3.375], [-76.58, 3.375], [-76.58, 3.37]]]}}, {"type": "Feature", "properties": {"value": 10.0686, "sigma": 7.6619}, "geometry": {"type": "Polygon", "coordinates": [[[-76.575, 3.37], [-76.57, 3.37], [-76.57, 3.375], [-76.575, 3.375], [-76.575, 3.37]]]}}, {"type": "Feature", "properties": {"value": 9.412, "sigma": 7.6619}, "geometry": {"type": "Polygon", "coordinates": [[[-76.57, 3.37], [-76.565, 3.37], [-76.565, 3.375], [-76.57, 3.375], [-76.57, 3.37]]]}}, {"type": "Feature", "properties": {"value": 8.8758, "sigma": 7.6619}, "geometry": {"type": "Polygon", "coordinates": [[[-76.565, 3.37], [-76.56, 3.37], [-76.56, 3.375], [-76.565, 3.375], [-76.565, 3.37]]]}}, {"type": "Feature", "properties": {"value": 8.4797, "sigma": 7.6619}, "geometry": {"type": "Polygon", "coordinates": [[[-76.56, 3.37], [-76.555, 3.37], [-76.555, 3.375], [-76.56, 3.375], [-76.56, 3.37]]]}}, {"type": "Feature", "properties": {"value": 8.1839, "sigma": 7.6619}, "geometry": {"type": "Polygon", "coordinates": [[[-76.555, 3.37], [-76.55, 3.37], [-76.55, 3.375], [-76.555, 3.375], [-76.555, 3.37]]]}}, {"type": "Feature", "properties": {"value": 7.9531, "sigma": 7.6619}, "geometry": {"type": "Polygon", "coordinates": [[[-76.55, 3.37], [-76.545, 3.37], [-76.545, 3.375], [-76.55, 3.375], [-76.55, 3.37]]]}}, {"type": "Feature", "properties": {"value": 7.7677, "sigma": 7.6619}, "geometry": {"type": "Polygon", "coordinates": [[[-76.545, 3.37], [-76.54, 3.37], [-76.54, 3.375], [-76.545, 3.375], [-76.545, 3.37]]]}}, {"type": "Feature", "properties": {"value": 7.6195, "sigma": 7.6619}, "geometry": {"type": "Polygon", "coordinates": [[[-76.54, 3.37], [-76.535, 3.37], [-76.535, 3.375], [-76.54, 3.375], [-76.54, 3.37]]]}}, {"type": "Feature", "properties": {"value": 7.5049, "sigma": 7.6619}, "geometry": {"type": "Polygon", "coordinates": [[[-76.535, 3.37], [-76.53, 3.37], [-76.53, 3.375], [-76.535, 3.375], [-76.535, 3.37]]]}}, {"type": "Feature", "properties": {"value": 7.4114, "sigma": 7.6619}, "geometry": {"type": "Polygon", "coordinates": [[[-76.53, 3.37], [-76.525, 3.37], [-76.525, 3.375], [-76.53, 3.375], [-76.53, 3.37]]]}}, {"type": "Feature", "properties": {"value": 7.2958, "sigma": 7.6619}, "geometry": {"type": "Polygon", "coordinates": [[[-76.525, 3.37], [-76.52, 3.37], [-76.52, 3.375], [-76.525, 3.375], [-76.525, 3.37]]]}}, {"type": "Feature", "properties": {"value": 7.0609, "sigma": 7.6619}, "geometry": {"type": "Polygon", "coordinates": [[[-76.52, 3.37], [-76.515, 3.37], [-76.515, 3.375], [-76.52, 3.375], [-76.52, 3.37]]]}}, {"type": "Feature", "properties": {"value": 6.576, "sigma": 7.6619}, "geometry": {"type": "Polygon", "coordinates": [[[-76.515, 3.37], [-76.51, 3.37], [-76.51, 3.375], [-76.515, 3.375], [-76.515, 3.37]]]}}, {"type": "Feature", "properties": {"value": 5.8291, "sigma": 7.6619}, "geometry": {"type": "Polygon", "coordinates": [[[-76.51, 3.37], [-76.505, 3.37], [-76.505, 3.375], [-76.51, 3.375], [-76.51, 3.37]]]}}, {"type": "Feature", "properties": {"value": 5.158, "sigma": 7.6619}, "geometry": {"type": "Polygon", "coordinates": [[[-76.505, 3.37], [-76.5, 3.37], [-76.5, 3.375], [-76.505, 3.375], [-76.505, 3.37]]]}}, {"type": "Feature", "properties": {"value": 5.05, "sigma": 7.6619}, "geometry": {"type": "Polygon", "coordinates": [[[-76.5, 3.37], [-76.495, 3.37], [-76.495, 3.375], [-76.5, 3.375], [-76.5, 3.37]]]}}, {"type": "Feature", "properties": {"value": 5.4663, "sigma": 7.6619}, "geometry": {"type": "Polygon", "coordinates": [[[-76.495, 3.37], [-76.49, 3.37], [-76.49, 3.375], [-76.495, 3.375], [-76.495, 3.37]]]}}, {"type": "Feature", "properties": {"value": 5.9877, "sigma": 7.6619}, "geometry": {"type": "Polygon", "coordinates": [[[-76.49, 3.37], [-76.485, 3.37], [-76.485, 3.375], [-76.49, 3.375], [-76.49, 3.37]]]}}, {"type": "Feature", "properties": {"value": 6.3687, "sigma": 7.6619}, "geometry": {"type": "Polygon", "coordinates": [[[-76.485, 3.37], [-76.48, 3.37], [-76.48, 3.375], [-76.485, 3.375], [-76.485, 3.37]]]}}, {"type": "Feature", "properties": {"value": 6.5685, "sigma": 7.6619}, "geometry": {"type": "Polygon", "coordinates": [[[-76.48, 3.37], [-76.475, 3.37], [-76.475, 3.375], [-76.48, 3.375], [-76.48, 3.37]]]}}, {"type": "Feature", "properties": {"value": 6.6167, "sigma": 7.6619}, "geometry": {"type": "Polygon", "coordinates": [[[-76.475, 3.37], [-76.47, 3.37], [-76.47, 3.375], [-76.475, 3.375], [-76.475, 3.37]]]}}, {"type": "Feature", "properties": {"value": 6.5527, "sigma": 7.6619}, "geometry": {"type": "Polygon", "coordinates": [[[-76.47, 3.37], [-76.465, 3.37], [-76.465, 3.375], [-76.47, 3.375], [-76.47, 3.37]]]}}, {"type": "Feature", "properties": {"value": 6.4149, "sigma": 7.6619}, "geometry": {"type": "Polygon", "coordinates": [[[-76.465, 3.37], [-76.46, 3.37], [-76.46, 3.375], [-76.465, 3.375], [-76.465, 3.37]]]}}, {"type": "Feature", "properties": {"value": 6.2448, "sigma": 7.6619}, "geometry": {"type": "Polygon", "coordinates": [[[-76.46, 3.37], [-76.455, 3.37], [-76.455, 3.375], [-76.46, 3.375], [-76.46, 3.37]]]}}, {"type": "Feature", "properties": {"value": 6.0937, "sigma": 7.6619}, "geometry": {"type": "Polygon", "coordinates": [[[-76.455, 3.37], [-76.45, 3.37], [-76.45, 3.375], [-76.455, 3.375], [-76.455, 3.37]]]}}, {"type": "Feature", "properties": {"value": 6.0038, "sigma": 7.6619}, "geometry": {"type": "Polygon", "coordinates": [[[-76.45, 3.37], [-76.445, 3.37], [-76.445, 3.375], [-76.45, 3.375], [-76.45, 3.37]]]}}, {"type": "Feature", "properties": {"value": 5.9761, "sigma": 7.6619}, "geometry": {"type": "Polygon", "coordinates": [[[-76.445, 3.37], [-76.44, 3.37], [-76.44, 3.375], [-76.445, 3.375], [-76.445, 3.37]]]}}, {"type": "Feature", "properties": {"value": 6.3271, "sigma": 7.6619}, "geometry": {"type": "Polygon", "coordinates": [[[-76.44, 3.37], [-76.435, 3.37], [-76.435, 3.375], [-76.44, 3.375], [-76.44, 3.37]]]}}, {"type": "Feature", "properties": {"value": 7.009, "sigma": 7.6619}, "geometry": {"type": "Polygon", "coordinates": [[[-76.435, 3.37], [-76.43, 3.37], [-76.43, 3.375], [-76.435, 3.375], [-76.435, 3.37]]]}}, {"type": "Feature", "properties": {"value": 7.4807, "sigma": 7.6619}, "geometry": {"type": "Polygon", "coordinates": [[[-76.43, 3.37], [-76.425, 3.37], [-76.425, 3.375], [-76.43, 3.375], [-76.43, 3.37]]]}}, {"type": "Feature", "properties": {"value": 7.6245, "sigma": 7.6619}, "geometry": {"type": "Polygon", "coordinates": [[[-76.425, 3.37], [-76.42, 3.37], [-76.42, 3.375], [-76.425, 3.375], [-76.425, 3.37]]]}}, {"type": "Feature", "properties": {"value": 7.6204, "sigma": 7.6619}, "geometry": {"type": "Polygon", "coordinates": [[[-76.42, 3.37], [-76.415, 3.37], [-76.415, 3.375], [-76.42, 3.375], [-76.42, 3.37]]]}}, {"type": "Feature", "properties": {"value": 7.5843, "sigma": 7.6619}, "geometry": {"type": "Polygon", "coordinates": [[[-76.415, 3.37], [-76.41, 3.37], [-76.41, 3.375], [-76.415, 3.375], [-76.415, 3.37]]]}}, {"type": "Feature", "properties": {"value": 7.5542, "sigma": 7.6619}, "geometry": {"type": "Polygon", "coordinates": [[[-76.41, 3.37], [-76.405, 3.37], [-76.405, 3.375], [-76.41, 3.375], [-76.41, 3.37]]]}}, {"type": "Feature", "properties": {"value": 7.537, "sigma": 7.6619}, "geometry": {"type": "Polygon", "coordinates": [[[-76.405, 3.37], [-76.4, 3.37], [-76.4, 3.375], [-76.405, 3.375], [-76.405, 3.37]]]}}, {"type": "Feature", "properties": {"value": 9.6919, "sigma": 7.6619}, "geometry": {"type": "Polygon", "coordinates": [[[-76.6, 3.375], [-76.595, 3.375], [-76.595, 3.38], [-76.6, 3.38], [-76.6, 3.375]]]}}, {"type": "Feature", "properties": {"value": 10.131, "sigma": 7.6619}, "geometry": {"type": "Polygon", "coordinates": [[[-76.595, 3.375], [-76.59, 3.375], [-76.59, 3.38], [-76.595, 3.38], [-76.595, 3.375]]]}}, {"type": "Feature", "properties": {"value": 10.6566, "sigma": 7.6619}, "geometry": {"type": "Polygon", "coordinates": [[[-76.59, 3.375], [-76.585, 3.375], [-76.585, 3.38], [-76.59, 3.38], [-76.59, 3.375]]]}}, {"type": "Feature", "properties": {"value": 11.0553, "sigma": 7.6619}, "geometry": {"type": "Polygon", "coordinates": [[[-76.585, 3.375], [-76.58, 3.375], [-76.58, 3.38], [-76.585, 3.38], [-76.585, 3.375]]]}}, {"type": "Feature", "properties": {"value": 10.9579, "sigma": 7.6619}, "geometry": {"type": "Polygon", "coordinates": [[[-76.58, 3.375], [-76.575, 3.375], [-76.575, 3.38], [-76.58, 3.38], [-76.58, 3.375]]]}}, {"type": "Feature", "properties": {"value": 10.3389, "sigma": 7.6619}, "geometry": {"type": "Polygon", "coordinates": [[[-76.575, 3.375], [-76.57, 3.375], [-76.57, 3.38], [-76.575, 3.38], [-76.575, 3.375]]]}}, {"type": "Feature", "properties": {"value": 9.6056, "sigma": 7.6619}, "geometry": {"type": "Polygon", "coordinates": [[[-76.57, 3.375], [-76.565, 3.375], [-76.565, 3.38], [-76.57, 3.38], [-76.57, 3.375]]]}}, {"type": "Feature", "properties": {"value": 9.0222, "sigma": 7.6619}, "geometry": {"type": "Polygon", "coordinates": [[[-76.565, 3.375], [-76.56, 3.375], [-76.56, 3.38], [-76.565, 3.38], [-76.565, 3.375]]]}}, {"type": "Feature", "properties": {"value": 8.6082, "sigma": 7.6619}, "geometry": {"type": "Polygon", "coordinates": [[[-76.56, 3.375], [-76.555, 3.375], [-76.555, 3.38], [-76.56, 3.38], [-76.56, 3.375]]]}}, {"type": "Feature", "properties": {"value": 8.3103, "sigma": 7.6619}, "geometry": {"type": "Polygon", "coordinates": [[[-76.555, 3.375], [-76.55, 3.375], [-76.55, 3.38], [-76.555, 3.38], [-76.555, 3.375]]]}}, {"type": "Feature", "properties": {"value": 8.0819, "sigma": 7.6619}, "geometry": {"type": "Polygon", "coordinates": [[[-76.55, 3.375], [-76.545, 3.375], [-76.545, 3.38], [-76.55, 3.38], [-76.55, 3.375]]]}}, {"type": "Feature", "properties": {"value": 7.8946, "sigma": 7.6619}, "geometry": {"type": "Polygon", "coordinates": [[[-76.545, 3.375], [-76.54, 3.375], [-76.54, 3.38], [-76.545, 3.38], [-76.545, 3.375]]]}}, {"type": "Feature", "properties": {"value": 7.7327, "sigma": 7.6619}, "geometry": {"type": "Polygon", "coordinates": [[[-76.54, 3.375], [-76.535, 3.375], [-76.535, 3.38], [-76.54, 3.38], [-76.54, 3.375]]]}}, {"type": "Feature", "properties": {"value": 7.583, "sigma": 7.6619}, "geometry": {"type": "Polygon", "coordinates": [[[-76.535, 3.375], [-76.53, 3.375], [-76.53, 3.38], [-76.535, 3.38], [-76.535, 3.375]]]}}, {"type": "Feature", "properties": {"value": 7.4242, "sigma": 7.6619}, "geometry": {"type": "Polygon", "coordinates": [[[-76.53, 3.375], [-76.525, 3.375], [-76.525, 3.38], [-76.53, 3.38], [-76.53, 3.375]]]}}, {"type": "Feature", "properties": {"value": 7.2143, "sigma": 7.6619}, "geometry": {"type": "Polygon", "coordinates": [[[-76.525, 3.375], [-76.52, 3.375], [-76.52, 3.38], [-76.525, 3.38], [-76.525, 3.375]]]}}, {"type": "Feature", "properties": {"value": 6.885, "sigma": 7.6619}, "geometry": {"type": "Polygon", "coordinates": [[[-76.52, 3.375], [-76.515, 3.375], [-76.515, 3.38], [-76.52, 3.38], [-76.52, 3.375]]]}}, {"type": "Feature", "properties": {"value": 6.3645, "sigma": 7.6619}, "geometry": {"type": "Polygon", "coordinates": [[[-76.515, 3.375], [-76.51, 3.375], [-76.51, 3.38], [-76.515, 3.38], [-76.515, 3.375]]]}}, {"type": "Feature", "properties": {"value": 5.6729, "sigma": 7.6619}, "geometry": {"type": "Polygon", "coordinates": [[[-76.51, 3.375], [-76.505, 3.375], [-76.505, 3.38], [-76.51, 3.38], [-76.51, 3.375]]]}}, {"type": "Feature", "properties": {"value": 5.078, "sigma": 7.6619}, "geometry": {"type": "Polygon", "coordinates": [[[-76.505, 3.375], [-76.5, 3.375], [-76.5, 3.38], [-76.505, 3.38], [-76.505, 3.375]]]}}, {"type": "Feature", "properties": {"value": 4.9879, "sigma": 7.6619}, "geometry": {"type": "Polygon", "coordinates": [[[-76.5, 3.375], [-76.495, 3.375], [-76.495, 3.38], [-76.5, 3.38], [-76.5, 3.375]]]}}, {"type": "Feature", "properties": {"value": 5.4116, "sigma": 7.6619}, "geometry": {"type": "Polygon", "coordinates": [[[-76.495, 3.375], [-76.49, 3.375], [-76.49, 3.38], [-76.495, 3.38], [-76.495, 3.375]]]}}, {"type": "Feature", "properties": {"value": 5.9593, "sigma": 7.6619}, "geometry": {"type": "Polygon", "coordinates": [[[-76.49, 3.375], [-76.485, 3.375], [-76.485, 3.38], [-76.49, 3.38], [-76.49, 3.375]]]}}, {"type": "Feature", "properties": {"value": 6.3635, "sigma": 7.6619}, "geometry": {"type": "Polygon", "coordinates": [[[-76.485, 3.375], [-76.48, 3.375], [-76.48, 3.38], [-76.485, 3.38], [-76.485, 3.375]]]}}, {"type": "Feature", "properties": {"value": 6.5693, "sigma": 7.6619}, "geometry": {"type": "Polygon", "coordinates": [[[-76.48, 3.375], [-76.475, 3.375], [-76.475, 3.38], [-76.48, 3.38], [-76.48, 3.375]]]}}, {"type": "Feature", "properties": {"value": 6.6047, "sigma": 7.6619}, "geometry": {"type": "Polygon", "coordinates": [[[-76.475, 3.375], [-76.47, 3.375], [-76.47, 3.38], [-76.475, 3.38], [-76.475, 3.375]]]}}, {"type": "Feature", "properties": {"value": 6.5097, "sigma": 7.6619}, "geometry": {"type": "Polygon", "coordinates": [[[-76.47, 3.375], [-76.465, 3.375], [-76.465, 3.38], [-76.47, 3.38], [-76.47, 3.375]]]}}, {"type": "Feature", "properties": {"value": 6.3216, "sigma": 7.6619}, "geometry": {"type": "Polygon", "coordinates": [[[-76.465, 3.375], [-76.46, 3.375], [-76.46, 3.38], [-76.465, 3.38], [-76.465, 3.375]]]}}, {"type": "Feature", "properties": {"value": 6.0803, "sigma": 7.6619}, "geometry": {"type": "Polygon", "coordinates": [[[-76.46, 3.375], [-76.455, 3.375], [-76.455, 3.38], [-76.46, 3.38], [-76.46, 3.375]]]}}, {"type": "Feature", "properties": {"value": 5.8456, "sigma": 7.6619}, "geometry": {"type": "Polygon", "coordinates": [[[-76.455, 3.375], [-76.45, 3.375], [-76.45, 3.38], [-76.455, 3.38], [-76.455, 3.375]]]}}, {"type": "Feature", "properties": {"value": 5.7307, "sigma": 7.6619}, "geometry": {"type": "Polygon", "coordinates": [[[-76.45, 3.375], [-76.445, 3.375], [-76.445, 3.38], [-76.45, 3.38], [-76.45, 3.375]]]}}, {"type": "Feature", "properties": {"value": 5.3944, "sigma": 7.6619}, "geometry": {"type": "Polygon", "coordinates": [[[-76.445, 3.375], [-76.44, 3.375], [-76.44, 3.38], [-76.445, 3.38], [-76.445, 3.375]]]}}, {"type": "Feature", "properties": {"value": 6.1985, "sigma": 7.6619}, "geometry": {"type": "Polygon", "coordinates": [[[-76.44, 3.375], [-76.435, 3.375], [-76.435, 3.38], [-76.44, 3.38], [-76.44, 3.375]]]}}, {"type": "Feature", "properties": {"value": 7.6117, "sigma": 7.6619}, "geometry": {"type": "Polygon", "coordinates": [[[-76.435, 3.375], [-76.43, 3.375], [-76.43, 3.38], [-76.435, 3.38], [-76.435, 3.375]]]}}, {"type": "Feature", "properties": {"value": 8.1661, "sigma": 7.6619}, "geometry": {"type": "Polygon", "coordinates": [[[-76.43, 3.375], [-76.425, 3.375], [-76.425, 3.38], [-76.43, 3.38], [-76.43, 3.375]]]}}, {"type": "Feature", "properties": {"value": 8.0426, "sigma": 7.6619}, "geometry": {"type": "Polygon", "coordinates": [[[-76.425, 3.375], [-76.42, 3.375], [-76.42, 3.38], [-76.425, 3.38], [-76.425, 3.375]]]}}, {"type": "Feature", "properties": {"value": 7.8532, "sigma": 7.6619}, "geometry": {"type": "Polygon", "coordinates": [[[-76.42, 3.375], [-76.415, 3.375], [-76.415, 3.38], [-76.42, 3.38], [-76.42, 3.375]]]}}, {"type": "Feature", "properties": {"value": 7.7216, "sigma": 7.6619}, "geometry": {"type": "Polygon", "coordinates": [[[-76.415, 3.375], [-76.41, 3.375], [-76.41, 3.38], [-76.415, 3.38], [-76.415, 3.375]]]}}, {"type": "Feature", "properties": {"value": 7.6438, "sigma": 7.6619}, "geometry": {"type": "Polygon", "coordinates": [[[-76.41, 3.375], [-76.405, 3.375], [-76.405, 3.38], [-76.41, 3.38], [-76.41, 3.375]]]}}, {"type": "Feature", "properties": {"value": 7.6024, "sigma": 7.6619}, "geometry": {"type": "Polygon", "coordinates": [[[-76.405, 3.375], [-76.4, 3.375], [-76.4, 3.38], [-76.405, 3.38], [-76.405, 3.375]]]}}, {"type": "Feature", "properties": {"value": 9.6854, "sigma": 7.6619}, "geometry": {"type": "Polygon", "coordinates": [[[-76.6, 3.38], [-76.595, 3.38], [-76.595, 3.385], [-76.6, 3.385], [-76.6, 3.38]]]}}, {"type": "Feature", "properties": {"value": 10.0731, "sigma": 7.6619}, "geometry": {"type": "Polygon", "coordinates": [[[-76.595, 3.38], [-76.59, 3.38], [-76.59, 3.385], [-76.595, 3.385], [-76.595, 3.38]]]}}, {"type": "Feature", "properties": {"value": 10.5118, "sigma": 7.6619}, "geometry": {"type": "Polygon", "coordinates": [[[-76.59, 3.38], [-76.585, 3.38], [-76.585, 3.385], [-76.59, 3.385], [-76.59, 3.38]]]}}, {"type": "Feature", "properties": {"value": 10.8203, "sigma": 7.6619}, "geometry": {"type": "Polygon", "coordinates": [[[-76.585, 3.38], [-76.58, 3.38], [-76.58, 3.385], [-76.585, 3.385], [-76.585, 3.38]]]}}, {"type": "Feature", "properties": {"value": 10.7215, "sigma": 7.6619}, "geometry": {"type": "Polygon", "coordinates": [[[-76.58, 3.38], [-76.575, 3.38], [-76.575, 3.385], [-76.58, 3.385], [-76.58, 3.38]]]}}, {"type": "Feature", "properties": {"value": 10.1993, "sigma": 7.6619}, "geometry": {"type": "Polygon", "coordinates": [[[-76.575, 3.38], [-76.57, 3.38], [-76.57, 3.385], [-76.575, 3.385], [-76.575, 3.38]]]}}, {"type": "Feature", "properties": {"value": 9.5666, "sigma": 7.6619}, "geometry": {"type": "Polygon", "coordinates": [[[-76.57, 3.38], [-76.565, 3.38], [-76.565, 3.385], [-76.57, 3.385], [-76.57, 3.38]]]}}, {"type": "Feature", "properties": {"value": 9.0506, "sigma": 7.6619}, "geometry": {"type": "Polygon", "coordinates": [[[-76.565, 3.38], [-76.56, 3.38], [-76.56, 3.385], [-76.565, 3.385], [-76.565, 3.38]]]}}, {"type": "Feature", "properties": {"value": 8.681, "sigma": 7.6619}, "geometry": {"type": "Polygon", "coordinates": [[[-76.56, 3.38], [-76.555, 3.38], [-76.555, 3.385], [-76.56, 3.385], [-76.56, 3.38]]]}}, {"type": "Feature", "properties": {"value": 8.4134, "sigma": 7.6619}, "geometry": {"type": "Polygon", "coordinates": [[[-76.555, 3.38], [-76.55, 3.38], [-76.55, 3.385], [-76.555, 3.385], [-76.555, 3.38]]]}}, {"type": "Feature", "properties": {"value": 8.2035, "sigma": 7.6619}, "geometry": {"type": "Polygon", "coordinates": [[[-76.55, 3.38], [-76.545, 3.38], [-76.545, 3.385], [-76.55, 3.385], [-76.55, 3.38]]]}}, {"type": "Feature", "properties": {"value": 8.0233, "sigma": 7.6619}, "geometry": {"type": "Polygon", "coordinates": [[[-76.545, 3.38], [-76.54, 3.38], [-76.54, 3.385], [-76.545, 3.385], [-76.545, 3.38]]]}}, {"type": "Feature", "properties": {"value": 7.8563, "sigma": 7.6619}, "geometry": {"type": "Polygon", "coordinates": [[[-76.54, 3.38], [-76.535, 3.38], [-76.535, 3.385], [-76.54, 3.385], [-76.54, 3.38]]]}}, {"type": "Feature", "properties": {"value": 7.6889, "sigma": 7.6619}, "geometry": {"type": "Polygon", "coordinates": [[[-76.535, 3.38], [-76.53, 3.38], [-76.53, 3.385], [-76.535, 3.385], [-76.535, 3.38]]]}}, {"type": "Feature", "properties": {"value": 7.5016, "sigma": 7.6619}, "geometry": {"type": "Polygon", "coordinates": [[[-76.53, 3.38], [-76.525, 3.38], [-76.525, 3.385], [-76.53, 3.385], [-76.53, 3.38]]]}}, {"type": "Feature", "properties": {"value": 7.2632, "sigma": 7.6619}, "geometry": {"type": "Polygon", "coordinates": [[[-76.525, 3.38], [-76.52, 3.38], [-76.52, 3.385], [-76.525, 3.385], [-76.525, 3.38]]]}}, {"type": "Feature", "properties": {"value": 6.9328, "sigma": 7.6619}, "geometry": {"type": "Polygon", "coordinates": [[[-76.52, 3.38], [-76.515, 3.38], [-76.515, 3.385], [-76.52, 3.385], [-76.52, 3.38]]]}}, {"type": "Feature", "properties": {"value": 6.4808, "sigma": 7.6619}, "geometry": {"type": "Polygon", "coordinates": [[[-76.515, 3.38], [-76.51, 3.38], [-76.51, 3.385], [-76.515, 3.385], [-76.515, 3.38]]]}}, {"type": "Feature", "properties": {"value": 5.9476, "sigma": 7.6619}, "geometry": {"type": "Polygon", "coordinates": [[[-76.51, 3.38], [-76.505, 3.38], [-76.505, 3.385], [-76.51, 3.385], [-76.51, 3.38]]]}}, {"type": "Feature", "properties": {"value": 5.5187, "sigma": 7.6619}, "geometry": {"type": "Polygon", "coordinates": [[[-76.505, 3.38], [-76.5, 3.38], [-76.5, 3.385], [-76.505, 3.385], [-76.505, 3.38]]]}}, {"type": "Feature", "properties": {"value": 5.4442, "sigma": 7.6619}, "geometry": {"type": "Polygon", "coordinates": [[[-76.5, 3.38], [-76.495, 3.38], [-76.495, 3.385], [-76.5, 3.385], [-76.5, 3.38]]]}}, {"type": "Feature", "properties": {"value": 5.7398, "sigma": 7.6619}, "geometry": {"type": "Polygon", "coordinates": [[[-76.495, 3.38], [-76.49, 3.38], [-76.49, 3.385], [-76.495, 3.385], [-76.495, 3.38]]]}}, {"type": "Feature", "properties": {"value": 6.1568, "sigma": 7.6619}, "geometry": {"type": "Polygon", "coordinates": [[[-76.49, 3.38], [-76.485, 3.38], [-76.485, 3.385], [-76.49, 3.385], [-76.49, 3.38]]]}}, {"type": "Feature", "properties": {"value": 6.4806, "sigma": 7.6619}, "geometry": {"type": "Polygon", "coordinates": [[[-76.485, 3.38], [-76.48, 3.38], [-76.48, 3.385], [-76.485, 3.385], [-76.485, 3.38]]]}}, {"type": "Feature", "properties": {"value": 6.6408, "sigma": 7.6619}, "geometry": {"type": "Polygon", "coordinates": [[[-76.48, 3.38], [-76.475, 3.38], [-76.475, 3.385], [-76.48, 3.385], [-76.48, 3.38]]]}}, {"type": "Feature", "properties": {"value": 6.6443, "sigma": 7.6619}, "geometry": {"type": "Polygon", "coordinates": [[[-76.475, 3.38], [-76.47, 3.38], [-76.47, 3.385], [-76.475, 3.385], [-76.475, 3.38]]]}}, {"type": "Feature", "properties": {"value": 6.5175, "sigma": 7.6619}, "geometry": {"type": "Polygon", "coordinates": [[[-76.47, 3.38], [-76.465, 3.38], [-76.465, 3.385], [-76.47, 3.385], [-76.47, 3.38]]]}}, {"type": "Feature", "properties": {"value": 6.2879, "sigma": 7.6619}, "geometry": {"type": "Polygon", "coordinates": [[[-76.465, 3.38], [-76.46, 3.38], [-76.46, 3.385], [-76.465, 3.385], [-76.465, 3.38]]]}}, {"type": "Feature", "properties": {"value": 5.9819, "sigma": 7.6619}, "geometry": {"type": "Polygon", "coordinates": [[[-76.46, 3.38], [-76.455, 3.38], [-76.455, 3.385], [-76.46, 3.385], [-76.46, 3.38]]]}}, {"type": "Feature", "properties": {"value": 5.6367, "sigma": 7.6619}, "geometry": {"type": "Polygon", "coordinates": [[[-76.455, 3.38], [-76.45, 3.38], [-76.45, 3.385], [-76.455, 3.385], [-76.455, 3.38]]]}}, {"type": "Feature", "properties": {"value": 5.3992, "sigma": 7.6619}, "geometry": {"type": "Polygon", "coordinates": [[[-76.45, 3.38], [-76.445, 3.38], [-76.445, 3.385], [-76.45, 3.385], [-76.45, 3.38]]]}}, {"type": "Feature", "properties": {"value": 5.7794, "sigma": 7.6619}, "geometry": {"type": "Polygon", "coordinates": [[[-76.445, 3.38], [-76.44, 3.38], [-76.44, 3.385], [-76.445, 3.385], [-76.445, 3.38]]]}}, {"type": "Feature", "properties": {"value": 6.8308, "sigma": 7.6619}, "geometry": {"type": "Polygon", "coordinates": [[[-76.44, 3.38], [-76.435, 3.38], [-76.435, 3.385], [-76.44, 3.385], [-76.44, 3.38]]]}}, {"type": "Feature", "properties": {"value": 9.2155, "sigma": 7.6619}, "geometry": {"type": "Polygon", "coordinates": [[[-76.435, 3.38], [-76.43, 3.38], [-76.43, 3.385], [-76.435, 3.385], [-76.435, 3.38]]]}}, {"type": "Feature", "properties": {"value": 9.1295, "sigma": 7.6619}, "geometry": {"type": "Polygon", "coordinates": [[[-76.43, 3.38], [-76.425, 3.38], [-76.425, 3.385], [-76.43, 3.385], [-76.43, 3.38]]]}}, {"type": "Feature", "properties": {"value": 8.4474, "sigma": 7.6619}, "geometry": {"type": "Polygon", "coordinates": [[[-76.425, 3.38], [-76.42, 3.38], [-76.42, 3.385], [-76.425, 3.385], [-76.425, 3.38]]]}}, {"type": "Feature", "properties": {"value": 8.045, "sigma": 7.6619}, "geometry": {"type": "Polygon", "coordinates": [[[-76.42, 3.38], [-76.415, 3.38], [-76.415, 3.385], [-76.42, 3.385], [-76.42, 3.38]]]}}, {"type": "Feature", "properties": {"value": 7.8304, "sigma": 7.6619}, "geometry": {"type": "Polygon", "coordinates": [[[-76.415, 3.38], [-76.41, 3.38], [-76.41, 3.385], [-76.415, 3.385], [-76.415, 3.38]]]}}, {"type": "Feature", "properties": {"value": 7.717, "sigma": 7.6619}, "geometry": {"type": "Polygon", "coordinates": [[[-76.41, 3.38], [-76.405, 3.38], [-76.405, 3.385], [-76.41, 3.385], [-76.41, 3.38]]]}}, {"type": "Feature", "properties": {"value": 7.6592, "sigma": 7.6619}, "geometry": {"type": "Polygon", "coordinates": [[[-76.405, 3.38], [-76.4, 3.38], [-76.4, 3.385], [-76.405, 3.385], [-76.405, 3.38]]]}}, {"type": "Feature", "properties": {"value": 9.5742, "sigma": 7.6619}, "geometry": {"type": "Polygon", "coordinates": [[[-76.6, 3.385], [-76.595, 3.385], [-76.595, 3.39], [-76.6, 3.39], [-76.6, 3.385]]]}}, {"type": "Feature", "properties": {"value": 9.8533, "sigma": 7.6619}, "geometry": {"type": "Polygon", "coordinates": [[[-76.595, 3.385], [-76.59, 3.385], [-76.59, 3.39], [-76.595, 3.39], [-76.595, 3.385]]]}}, {"type": "Feature", "properties": {"value": 10.1338, "sigma": 7.6619}, "geometry": {"type": "Polygon", "coordinates": [[[-76.59, 3.385], [-76.585, 3.385], [-76.585, 3.39], [-76.59, 3.39], [-76.59, 3.385]]]}}, {"type": "Feature", "properties": {"value": 10.2944, "sigma": 7.6619}, "geometry": {"type": "Polygon", "coordinates": [[[-76.585, 3.385], [-76.58, 3.385], [-76.58, 3.39], [-76.585, 3.39], [-76.585, 3.385]]]}}, {"type": "Feature", "properties": {"value": 10.1899, "sigma": 7.6619}, "geometry": {"type": "Polygon", "coordinates": [[[-76.58, 3.385], [-76.575, 3.385], [-76.575, 3.39], [-76.58, 3.39], [-76.58, 3.385]]]}}, {"type": "Feature", "properties": {"value": 9.825, "sigma": 7.6619}, "geometry": {"type": "Polygon", "coordinates": [[[-76.575, 3.385], [-76.57, 3.385], [-76.57, 3.39], [-76.575, 3.39], [-76.575, 3.385]]]}}, {"type": "Feature", "properties": {"value": 9.3776, "sigma": 7.6619}, "geometry": {"type": "Polygon", "coordinates": [[[-76.57, 3.385], [-76.565, 3.385], [-76.565, 3.39], [-76.57, 3.39], [-76.57, 3.385]]]}}, {"type": "Feature", "properties": {"value": 8.9964, "sigma": 7.6619}, "geometry": {"type": "Polygon", "coordinates": [[[-76.565, 3.385], [-76.56, 3.385], [-76.56, 3.39], [-76.565, 3.39], [-76.565, 3.385]]]}}, {"type": "Feature", "properties": {"value": 8.714, "sigma": 7.6619}, "geometry": {"type": "Polygon", "coordinates": [[[-76.56, 3.385], [-76.555, 3.385], [-76.555, 3.39], [-76.56, 3.39], [-76.56, 3.385]]]}}, {"type": "Feature", "properties": {"value": 8.5021, "sigma": 7.6619}, "geometry": {"type": "Polygon", "coordinates": [[[-76.555, 3.385], [-76.55, 3.385], [-76.55, 3.39], [-76.555, 3.39], [-76.555, 3.385]]]}}, {"type": "Feature", "properties": {"value": 8.3253, "sigma": 7.6619}, "geometry": {"type": "Polygon", "coordinates": [[[-76.55, 3.385], [-76.545, 3.385], [-76.545, 3.39], [-76.55, 3.39], [-76.55, 3.385]]]}}, {"type": "Feature", "properties": {"value": 8.1614, "sigma": 7.6619}, "geometry": {"type": "Polygon", "coordinates": [[[-76.545, 3.385], [-76.54, 3.385], [-76.54, 3.39], [-76.545, 3.39], [-76.545, 3.385]]]}}, {"type": "Feature", "properties": {"value": 7.9997, "sigma": 7.6619}, "geometry": {"type": "Polygon", "coordinates": [[[-76.54, 3.385], [-76.535, 3.385], [-76.535, 3.39], [-76.54, 3.39], [-76.54, 3.385]]]}}, {"type": "Feature", "properties": {"value": 7.8321, "sigma": 7.6619}, "geometry": {"type": "Polygon", "coordinates": [[[-76.535, 3.385], [-76.53, 3.385], [-76.53, 3.39], [-76.535, 3.39], [-76.535, 3.385]]]}}, {"type": "Feature", "properties": {"value": 7.6455, "sigma": 7.6619}, "geometry": {"type": "Polygon", "coordinates": [[[-76.53, 3.385], [-76.525, 3.385], [-76.525, 3.39], [-76.53, 3.39], [-76.53, 3.385]]]}}, {"type": "Feature", "properties": {"value": 7.4207, "sigma": 7.6619}, "geometry": {"type": "Polygon", "coordinates": [[[-76.525, 3.385], [-76.52, 3.385], [-76.52, 3.39], [-76.525, 3.39], [-76.525, 3.385]]]}}, {"type": "Feature", "properties": {"value": 7.1372, "sigma": 7.6619}, "geometry": {"type": "Polygon", "coordinates": [[[-76.52, 3.385], [-76.515, 3.385], [-76.515, 3.39], [-76.52, 3.39], [-76.52, 3.385]]]}}, {"type": "Feature", "properties": {"value": 6.7898, "sigma": 7.6619}, "geometry": {"type": "Polygon", "coordinates": [[[-76.515, 3.385], [-76.51, 3.385], [-76.51, 3.39], [-76.515, 3.39], [-76.515, 3.385]]]}}, {"type": "Feature", "properties": {"value": 6.421, "sigma": 7.6619}, "geometry": {"type": "Polygon", "coordinates": [[[-76.51, 3.385], [-76.505, 3.385], [-76.505, 3.39], [-76.51, 3.39], [-76.51, 3.385]]]}}, {"type": "Feature", "properties": {"value": 6.143, "sigma": 7.6619}, "geometry": {"type": "Polygon", "coordinates": [[[-76.505, 3.385], [-76.5, 3.385], [-76.5, 3.39], [-76.505, 3.39], [-76.505, 3.385]]]}}, {"type": "Feature", "properties": {"value": 6.0813, "sigma": 7.6619}, "geometry": {"type": "Polygon", "coordinates": [[[-76.5, 3.385], [-76.495, 3.385], [-76.495, 3.39], [-76.5, 3.39], [-76.5, 3.385]]]}}, {"type": "Feature", "properties": {"value": 6.2402, "sigma": 7.6619}, "geometry": {"type": "Polygon", "coordinates": [[[-76.495, 3.385], [-76.49, 3.385], [-76.49, 3.39], [-76.495, 3.39], [-76.495, 3.385]]]}}, {"type": "Feature", "properties": {"value": 6.4882, "sigma": 7.6619}, "geometry": {"type": "Polygon", "coordinates": [[[-76.49, 3.385], [-76.485, 3.385], [-76.485, 3.39], [-76.49, 3.39], [-76.49, 3.385]]]}}, {"type": "Feature", "properties": {"value": 6.689, "sigma": 7.6619}, "geometry": {"type": "Polygon", "coordinates": [[[-76.485, 3.385], [-76.48, 3.385], [-76.48, 3.39], [-76.485, 3.39], [-76.485, 3.385]]]}}, {"type": "Feature", "properties": {"value": 6.7775, "sigma": 7.6619}, "geometry": {"type": "Polygon", "coordinates": [[[-76.48, 3.385], [-76.475, 3.385], [-76.475, 3.39], [-76.48, 3.39], [-76.48, 3.385]]]}}, {"type": "Feature", "properties": {"value": 6.7425, "sigma": 7.6619}, "geometry": {"type": "Polygon", "coordinates": [[[-76.475, 3.385], [-76.47, 3.385], [-76.47, 3.39], [-76.475, 3.39], [-76.475, 3.385]]]}}, {"type": "Feature", "properties": {"value": 6.5949, "sigma": 7.6619}, "geometry": {"type": "Polygon", "coordinates": [[[-76.47, 3.385], [-76.465, 3.385], [-76.465, 3.39], [-76.47, 3.39], [-76.47, 3.385]]]}}, {"type": "Feature", "properties": {"value": 6.3514, "sigma": 7.6619}, "geometry": {"type": "Polygon", "coordinates": [[[-76.465, 3.385], [-76.46, 3.385], [-76.46, 3.39], [-76.465, 3.39], [-76.465, 3.385]]]}}, {"type": "Feature", "properties": {"value": 6.032, "sigma": 7.6619}, "geometry": {"type": "Polygon", "coordinates": [[[-76.46, 3.385], [-76.455, 3.385], [-76.455, 3.39], [-76.46, 3.39], [-76.46, 3.385]]]}}, {"type": "Feature", "properties": {"value": 5.6641, "sigma": 7.6619}, "geometry": {"type": "Polygon", "coordinates": [[[-76.455, 3.385], [-76.45, 3.385], [-76.45, 3.39], [-76.455, 3.39], [-76.455, 3.385]]]}}, {"type": "Feature", "properties": {"value": 5.2184, "sigma": 7.6619}, "geometry": {"type": "Polygon", "coordinates": [[[-76.45, 3.385], [-76.445, 3.385], [-76.445, 3.39], [-76.45, 3.39], [-76.45, 3.385]]]}}, {"type": "Feature", "properties": {"value": 5.5298, "sigma": 7.6619}, "geometry": {"type": "Polygon", "coordinates": [[[-76.445, 3.385], [-76.44, 3.385], [-76.44, 3.39], [-76.445, 3.39], [-76.445, 3.385]]]}}, {"type": "Feature", "properties": {"value": 7.2317, "sigma": 7.6619}, "geometry": {"type": "Polygon", "coordinates": [[[-76.44, 3.385], [-76.435, 3.385], [-76.435, 3.39], [-76.44, 3.39], [-76.44, 3.385]]]}}, {"type": "Feature", "properties": {"value": 9.148, "sigma": 7.6619}, "geometry": {"type": "Polygon", "coordinates": [[[-76.435, 3.385], [-76.43, 3.385], [-76.43, 3.39], [-76.435, 3.39], [-76.435, 3.385]]]}}, {"type": "Feature", "properties": {"value": 9.0983, "sigma": 7.6619}, "geometry": {"type": "Polygon", "coordinates": [[[-76.43, 3.385], [-76.425, 3.385], [-76.425, 3.39], [-76.43, 3.39], [-76.43, 3.385]]]}}, {"type": "Feature", "properties": {"value": 8.4823, "sigma": 7.6619}, "geometry": {"type": "Polygon", "coordinates": [[[-76.425, 3.385], [-76.42, 3.385], [-76.42, 3.39], [-76.425, 3.39], [-76.425, 3.385]]]}}, {"type": "Feature", "properties": {"value": 8.0889, "sigma": 7.6619}, "geometry": {"type": "Polygon", "coordinates": [[[-76.42, 3.385], [-76.415, 3.385], [-76.415, 3.39], [-76.42, 3.39], [-76.42, 3.385]]]}}, {"type": "Feature", "properties": {"value": 7.8743, "sigma": 7.6619}, "geometry": {"type": "Polygon", "coordinates": [[[-76.415, 3.385], [-76.41, 3.385], [-76.41, 3.39], [-76.415, 3.39], [-76.415, 3.385]]]}}, {"type": "Feature", "properties": {"value": 7.7603, "sigma": 7.6619}, "geometry": {"type": "Polygon", "coordinates": [[[-76.41, 3.385], [-76.405, 3.385], [-76.405, 3.39], [-76.41, 3.39], [-76.41, 3.385]]]}}, {"type": "Feature", "properties": {"value": 7.7019, "sigma": 7.6619}, "geometry": {"type": "Polygon", "coordinates": [[[-76.405, 3.385], [-76.4, 3.385], [-76.4, 3.39], [-76.405, 3.39], [-76.405, 3.385]]]}}, {"type": "Feature", "properties": {"value": 9.4201, "sigma": 7.6619}, "geometry": {"type": "Polygon", "coordinates": [[[-76.6, 3.39], [-76.595, 3.39], [-76.595, 3.395], [-76.6, 3.395], [-76.6, 3.39]]]}}, {"type": "Feature", "properties": {"value": 9.5916, "sigma": 7.6619}, "geometry": {"type": "Polygon", "coordinates": [[[-76.595, 3.39], [-76.59, 3.39], [-76.59, 3.395], [-76.595, 3.395], [-76.595, 3.39]]]}}, {"type": "Feature", "properties": {"value": 9.7374, "sigma": 7.6619}, "geometry": {"type": "Polygon", "coordinates": [[[-76.59, 3.39], [-76.585, 3.39], [-76.585, 3.395], [-76.59, 3.395], [-76.59, 3.39]]]}}, {"type": "Feature", "properties": {"value": 9.7902, "sigma": 7.6619}, "geometry": {"type": "Polygon", "coordinates": [[[-76.585, 3.39], [-76.58, 3.39], [-76.58, 3.395], [-76.585, 3.395], [-76.585, 3.39]]]}}, {"type": "Feature", "properties": {"value": 9.6901, "sigma": 7.6619}, "geometry": {"type": "Polygon", "coordinates": [[[-76.58, 3.39], [-76.575, 3.39], [-76.575, 3.395], [-76.58, 3.395], [-76.58, 3.39]]]}}, {"type": "Feature", "properties": {"value": 9.4525, "sigma": 7.6619}, "geometry": {"type": "Polygon", "coordinates": [[[-76.575, 3.39], [-76.57, 3.39], [-76.57, 3.395], [-76.575, 3.395], [-76.575, 3.39]]]}}, {"type": "Feature", "properties": {"value": 9.1687, "sigma": 7.6619}, "geometry": {"type": "Polygon", "coordinates": [[[-76.57, 3.39], [-76.565, 3.39], [-76.565, 3.395], [-76.57, 3.395], [-76.57, 3.39]]]}}, {"type": "Feature", "properties": {"value": 8.9226, "sigma": 7.6619}, "geometry": {"type": "Polygon", "coordinates": [[[-76.565, 3.39], [-76.56, 3.39], [-76.56, 3.395], [-76.565, 3.395], [-76.565, 3.39]]]}}, {"type": "Feature", "properties": {"value": 8.7379, "sigma": 7.6619}, "geometry": {"type": "Polygon", "coordinates": [[[-76.56, 3.39], [-76.555, 3.39], [-76.555, 3.395], [-76.56, 3.395], [-76.56, 3.39]]]}}, {"type": "Feature", "properties": {"value": 8.5925, "sigma": 7.6619}, "geometry": {"type": "Polygon", "coordinates": [[[-76.555, 3.39], [-76.55, 3.39], [-76.55, 3.395], [-76.555, 3.395], [-76.555, 3.39]]]}}, {"type": "Feature", "properties": {"value": 8.4557, "sigma": 7.6619}, "geometry": {"type": "Polygon", "coordinates": [[[-76.55, 3.39], [-76.545, 3.39], [-76.545, 3.395], [-76.55, 3.395], [-76.55, 3.39]]]}}, {"type": "Feature", "properties": {"value": 8.3126, "sigma": 7.6619}, "geometry": {"type": "Polygon", "coordinates": [[[-76.545, 3.39], [-76.54, 3.39], [-76.54, 3.395], [-76.545, 3.395], [-76.545, 3.39]]]}}, {"type": "Feature", "properties": {"value": 8.1631, "sigma": 7.6619}, "geometry": {"type": "Polygon", "coordinates": [[[-76.54, 3.39], [-76.535, 3.39], [-76.535, 3.395], [-76.54, 3.395], [-76.54, 3.39]]]}}, {"type": "Feature", "properties": {"value": 8.0082, "sigma": 7.6619}, "geometry": {"type": "Polygon", "coordinates": [[[-76.535, 3.39], [-76.53, 3.39], [-76.53, 3.395], [-76.535, 3.395], [-76.535, 3.39]]]}}, {"type": "Feature", "properties": {"value": 7.8424, "sigma": 7.6619}, "geometry": {"type": "Polygon", "coordinates": [[[-76.53, 3.39], [-76.525, 3.39], [-76.525, 3.395], [-76.53, 3.395], [-76.53, 3.39]]]}}, {"type": "Feature", "properties": {"value": 7.6548, "sigma": 7.6619}, "geometry": {"type": "Polygon", "coordinates": [[[-76.525, 3.39], [-76.52, 3.39], [-76.52, 3.395], [-76.525, 3.395], [-76.525, 3.39]]]}}, {"type": "Feature", "properties": {"value": 7.4357, "sigma": 7.6619}, "geometry": {"type": "Polygon", "coordinates": [[[-76.52, 3.39], [-76.515, 3.39], [-76.515, 3.395], [-76.52, 3.395], [-76.52, 3.39]]]}}, {"type": "Feature", "properties": {"value": 7.1884, "sigma": 7.6619}, "geometry": {"type": "Polygon", "coordinates": [[[-76.515, 3.39], [-76.51, 3.39], [-76.51, 3.395], [-76.515, 3.395], [-76.515, 3.39]]]}}, {"type": "Feature", "properties": {"value": 6.9434, "sigma": 7.6619}, "geometry": {"type": "Polygon", "coordinates": [[[-76.51, 3.39], [-76.505, 3.39], [-76.505, 3.395], [-76.51, 3.395], [-76.51, 3.39]]]}}, {"type": "Feature", "properties": {"value": 6.7612, "sigma": 7.6619}, "geometry": {"type": "Polygon", "coordinates": [[[-76.505, 3.39], [-76.5, 3.39], [-76.5, 3.395], [-76.505, 3.395], [-76.505, 3.39]]]}}, {"type": "Feature", "properties": {"value": 6.6988, "sigma": 7.6619}, "geometry": {"type": "Polygon", "coordinates": [[[-76.5, 3.39], [-76.495, 3.39], [-76.495, 3.395], [-76.5, 3.395], [-76.5, 3.39]]]}}, {"type": "Feature", "properties": {"value": 6.7546, "sigma": 7.6619}, "geometry": {"type": "Polygon", "coordinates": [[[-76.495, 3.39], [-76.49, 3.39], [-76.49, 3.395], [-76.495, 3.395], [-76.495, 3.39]]]}}, {"type": "Feature", "properties": {"value": 6.8641, "sigma": 7.6619}, "geometry": {"type": "Polygon", "coordinates": [[[-76.49, 3.39], [-76.485, 3.39], [-76.485, 3.395], [-76.49, 3.395], [-76.49, 3.39]]]}}, {"type": "Feature", "properties": {"value": 6.9516, "sigma": 7.6619}, "geometry": {"type": "Polygon", "coordinates": [[[-76.485, 3.39], [-76.48, 3.39], [-76.48, 3.395], [-76.485, 3.395], [-76.485, 3.39]]]}}, {"type": "Feature", "properties": {"value": 6.97, "sigma": 7.6619}, "geometry": {"type": "Polygon", "coordinates": [[[-76.48, 3.39], [-76.475, 3.39], [-76.475, 3.395], [-76.48, 3.395], [-76.48, 3.39]]]}}, {"type": "Feature", "properties": {"value": 6.9029, "sigma": 7.6619}, "geometry": {"type": "Polygon", "coordinates": [[[-76.475, 3.39], [-76.47, 3.39], [-76.47, 3.395], [-76.475, 3.395], [-76.475, 3.39]]]}}, {"type": "Feature", "properties": {"value": 6.7514, "sigma": 7.6619}, "geometry": {"type": "Polygon", "coordinates": [[[-76.47, 3.39], [-76.465, 3.39], [-76.465, 3.395], [-76.47, 3.395], [-76.47, 3.39]]]}}, {"type": "Feature", "properties": {"value": 6.5274, "sigma": 7.6619}, "geometry": {"type": "Polygon", "coordinates": [[[-76.465, 3.39], [-76.46, 3.39], [-76.46, 3.395], [-76.465, 3.395], [-76.465, 3.39]]]}}, {"type": "Feature", "properties": {"value": 6.2546, "sigma": 7.6619}, "geometry": {"type": "Polygon", "coordinates": [[[-76.46, 3.39], [-76.455, 3.39], [-76.455, 3.395], [-76.46, 3.395], [-76.46, 3.39]]]}}, {"type": "Feature", "properties": {"value": 5.9808, "sigma": 7.6619}, "geometry": {"type": "Polygon", "coordinates": [[[-76.455, 3.39], [-76.45, 3.39], [-76.45, 3.395], [-76.455, 3.395], [-76.455, 3.39]]]}}, {"type": "Feature", "properties": {"value": 5.8238, "sigma": 7.6619}, "geometry": {"type": "Polygon", "coordinates": [[[-76.45, 3.39], [-76.445, 3.39], [-76.445, 3.395], [-76.45, 3.395], [-76.45, 3.39]]]}}, {"type": "Feature", "properties": {"value": 6.1455, "sigma": 7.6619}, "geometry": {"type": "Polygon", "coordinates": [[[-76.445, 3.39], [-76.44, 3.39], [-76.44, 3.395], [-76.445, 3.395], [-76.445, 3.39]]]}}, {"type": "Feature", "properties": {"value": 7.1089, "sigma": 7.6619}, "geometry": {"type": "Polygon", "coordinates": [[[-76.44, 3.39], [-76.435, 3.39], [-76.435, 3.395], [-76.44, 3.395], [-76.44, 3.39]]]}}, {"type": "Feature", "properties": {"value": 8.0876, "sigma": 7.6619}, "geometry": {"type": "Polygon", "coordinates": [[[-76.435, 3.39], [-76.43, 3.39], [-76.43, 3.395], [-76.435, 3.395], [-76.435, 3.39]]]}}, {"type": "Feature", "properties": {"value": 8.3612, "sigma": 7.6619}, "geometry": {"type": "Polygon", "coordinates": [[[-76.43, 3.39], [-76.425, 3.39], [-76.425, 3.395], [-76.43, 3.395], [-76.43, 3.39]]]}}, {"type": "Feature", "properties": {"value": 8.1966, "sigma": 7.6619}, "geometry": {"type": "Polygon", "coordinates": [[[-76.425, 3.39], [-76.42, 3.39], [-76.42, 3.395], [-76.425, 3.395], [-76.425, 3.39]]]}}, {"type": "Feature", "properties": {"value": 7.9956, "sigma": 7.6619}, "geometry": {"type": "Polygon", "coordinates": [[[-76.42, 3.39], [-76.415, 3.39], [-76.415, 3.395], [-76.42, 3.395], [-76.42, 3.39]]]}}, {"type": "Feature", "properties": {"value": 7.8573, "sigma": 7.6619}, "geometry": {"type": "Polygon", "coordinates": [[[-76.415, 3.39], [-76.41, 3.39], [-76.41, 3.395], [-76.415, 3.395], [-76.415, 3.39]]]}}, {"type": "Feature", "properties": {"value": 7.7758, "sigma": 7.6619}, "geometry": {"type": "Polygon", "coordinates": [[[-76.41, 3.39], [-76.405, 3.39], [-76.405, 3.395], [-76.41, 3.395], [-76.41, 3.39]]]}}, {"type": "Feature", "properties": {"value": 7.7323, "sigma": 7.6619}, "geometry": {"type": "Polygon", "coordinates": [[[-76.405, 3.39], [-76.4, 3.39], [-76.4, 3.395], [-76.405, 3.395], [-76.405, 3.39]]]}}, {"type": "Feature", "properties": {"value": 9.2724, "sigma": 7.6619}, "geometry": {"type": "Polygon", "coordinates": [[[-76.6, 3.395], [-76.595, 3.395], [-76.595, 3.4], [-76.6, 3.4], [-76.6, 3.395]]]}}, {"type": "Feature", "properties": {"value": 9.3657, "sigma": 7.6619}, "geometry": {"type": "Polygon", "coordinates": [[[-76.595, 3.395], [-76.59, 3.395], [-76.59, 3.4], [-76.595, 3.4], [-76.595, 3.395]]]}}, {"type": "Feature", "properties": {"value": 9.4279, "sigma": 7.6619}, "geometry": {"type": "Polygon", "coordinates": [[[-76.59, 3.395], [-76.585, 3.395], [-76.585, 3.4], [-76.59, 3.4], [-76.59, 3.395]]]}}, {"type": "Feature", "properties": {"value": 9.4262, "sigma": 7.6619}, "geometry": {"type": "Polygon", "coordinates": [[[-76.585, 3.395], [-76.58, 3.395], [-76.58, 3.4], [-76.585, 3.4], [-76.585, 3.395]]]}}, {"type": "Feature", "properties": {"value": 9.3405, "sigma": 7.6619}, "geometry": {"type": "Polygon", "coordinates": [[[-76.58, 3.395], [-76.575, 3.395], [-76.575, 3.4], [-76.58, 3.4], [-76.58, 3.395]]]}}, {"type": "Feature", "properties": {"value": 9.1872, "sigma": 7.6619}, "geometry": {"type": "Polygon", "coordinates": [[[-76.575, 3.395], [-76.57, 3.395], [-76.57, 3.4], [-76.575, 3.4], [-76.575, 3.395]]]}}, {"type": "Feature", "properties": {"value": 9.0161, "sigma": 7.6619}, "geometry": {"type": "Polygon", "coordinates": [[[-76.57, 3.395], [-76.565, 3.395], [-76.565, 3.4], [-76.57, 3.4], [-76.57, 3.395]]]}}, {"type": "Feature", "properties": {"value": 8.8754, "sigma": 7.6619}, "geometry": {"type": "Polygon", "coordinates": [[[-76.565, 3.395], [-76.56, 3.395], [-76.56, 3.4], [-76.565, 3.4], [-76.565, 3.395]]]}}, {"type": "Feature", "properties": {"value": 8.7781, "sigma": 7.6619}, "geometry": {"type": "Polygon", "coordinates": [[[-76.56, 3.395], [-76.555, 3.395], [-76.555, 3.4], [-76.56, 3.4], [-76.56, 3.395]]]}}, {"type": "Feature", "properties": {"value": 8.6975, "sigma": 7.6619}, "geometry": {"type": "Polygon", "coordinates": [[[-76.555, 3.395], [-76.55, 3.395], [-76.55, 3.4], [-76.555, 3.4], [-76.555, 3.395]]]}}, {"type": "Feature", "properties": {"value": 8.5981, "sigma": 7.6619}, "geometry": {"type": "Polygon", "coordinates": [[[-76.55, 3.395], [-76.545, 3.395], [-76.545, 3.4], [-76.55, 3.4], [-76.55, 3.395]]]}}, {"type": "Feature", "properties": {"value": 8.4729, "sigma": 7.6619}, "geometry": {"type": "Polygon", "coordinates": [[[-76.545, 3.395], [-76.54, 3.395], [-76.54, 3.4], [-76.545, 3.4], [-76.545, 3.395]]]}}, {"type": "Feature", "properties": {"value": 8.3376, "sigma": 7.6619}, "geometry": {"type": "Polygon", "coordinates": [[[-76.54, 3.395], [-76.535, 3.395], [-76.535, 3.4], [-76.54, 3.4], [-76.54, 3.395]]]}}, {"type": "Feature", "properties": {"value": 8.2043, "sigma": 7.6619}, "geometry": {"type": "Polygon", "coordinates": [[[-76.535, 3.395], [-76.53, 3.395], [-76.53, 3.4], [-76.535, 3.4], [-76.535, 3.395]]]}}, {"type": "Feature", "properties": {"value": 8.0727, "sigma": 7.6619}, "geometry": {"type": "Polygon", "coordinates": [[[-76.53, 3.395], [-76.525, 3.395], [-76.525, 3.4], [-76.53, 3.4], [-76.53, 3.395]]]}}, {"type": "Feature", "properties": {"value": 7.9352, "sigma": 7.6619}, "geometry": {"type": "Polygon", "coordinates": [[[-76.525, 3.395], [-76.52, 3.395], [-76.52, 3.4], [-76.525, 3.4], [-76.525, 3.395]]]}}, {"type": "Feature", "properties": {"value": 7.7848, "sigma": 7.6619}, "geometry": {"type": "Polygon", "coordinates": [[[-76.52, 3.395], [-76.515, 3.395], [-76.515, 3.4], [-76.52, 3.4], [-76.52, 3.395]]]}}, {"type": "Feature", "properties": {"value": 7.6225, "sigma": 7.6619}, "geometry": {"type": "Polygon", "coordinates": [[[-76.515, 3.395], [-76.51, 3.395], [-76.51, 3.4], [-76.515, 3.4], [-76.515, 3.395]]]}}, {"type": "Feature", "properties": {"value": 7.4629, "sigma": 7.6619}, "geometry": {"type": "Polygon", "coordinates": [[[-76.51, 3.395], [-76.505, 3.395], [-76.505, 3.4], [-76.51, 3.4], [-76.51, 3.395]]]}}, {"type": "Feature", "properties": {"value": 7.3337, "sigma": 7.6619}, "geometry": {"type": "Polygon", "coordinates": [[[-76.505, 3.395], [-76.5, 3.395], [-76.5, 3.4], [-76.505, 3.4], [-76.505, 3.395]]]}}, {"type": "Feature", "properties": {"value": 7.2594, "sigma": 7.6619}, "geometry": {"type": "Polygon", "coordinates": [[[-76.5, 3.395], [-76.495, 3.395], [-76.495, 3.4], [-76.5, 3.4], [-76.5, 3.395]]]}}, {"type": "Feature", "properties": {"value": 7.2401, "sigma": 7.6619}, "geometry": {"type": "Polygon", "coordinates": [[[-76.495, 3.395], [-76.49, 3.395], [-76.49, 3.4], [-76.495, 3.4], [-76.495, 3.395]]]}}, {"type": "Feature", "properties": {"value": 7.2483, "sigma": 7.6619}, "geometry": {"type": "Polygon", "coordinates": [[[-76.49, 3.395], [-76.485, 3.395], [-76.485, 3.4], [-76.49, 3.4], [-76.49, 3.395]]]}}, {"type": "Feature", "properties": {"value": 7.2475, "sigma": 7.6619}, "geometry": {"type": "Polygon", "coordinates": [[[-76.485, 3.395], [-76.48, 3.395], [-76.48, 3.4], [-76.485, 3.4], [-76.485, 3.395]]]}}, {"type": "Feature", "properties": {"value": 7.2102, "sigma": 7.6619}, "geometry": {"type": "Polygon", "coordinates": [[[-76.48, 3.395], [-76.475, 3.395], [-76.475, 3.4], [-76.48, 3.4], [-76.48, 3.395]]]}}, {"type": "Feature", "properties": {"value": 7.1231, "sigma": 7.6619}, "geometry": {"type": "Polygon", "coordinates": [[[-76.475, 3.395], [-76.47, 3.395], [-76.47, 3.4], [-76.475, 3.4], [-76.475, 3.395]]]}}, {"type": "Feature", "properties": {"value": 6.984, "sigma": 7.6619}, "geometry": {"type": "Polygon", "coordinates": [[[-76.47, 3.395], [-76.465, 3.395], [-76.465, 3.4], [-76.47, 3.4], [-76.47, 3.395]]]}}, {"type": "Feature", "properties": {"value": 6.8017, "sigma": 7.6619}, "geometry": {"type": "Polygon", "coordinates": [[[-76.465, 3.395], [-76.46, 3.395], [-76.46, 3.4], [-76.465, 3.4], [-76.465, 3.395]]]}}, {"type": "Feature", "properties": {"value": 6.6006, "sigma": 7.6619}, "geometry": {"type": "Polygon", "coordinates": [[[-76.46, 3.395], [-76.455, 3.395], [-76.455, 3.4], [-76.46, 3.4], [-76.46, 3.395]]]}}, {"type": "Feature", "properties": {"value": 6.4346, "sigma": 7.6619}, "geometry": {"type": "Polygon", "coordinates": [[[-76.455, 3.395], [-76.45, 3.395], [-76.45, 3.4], [-76.455, 3.4], [-76.455, 3.395]]]}}, {"type": "Feature", "properties": {"value": 6.4041, "sigma": 7.6619}, "geometry": {"type": "Polygon", "coordinates": [[[-76.45, 3.395], [-76.445, 3.395], [-76.445, 3.4], [-76.45, 3.4], [-76.45, 3.395]]]}}, {"type": "Feature", "properties": {"value": 6.6333, "sigma": 7.6619}, "geometry": {"type": "Polygon", "coordinates": [[[-76.445, 3.395], [-76.44, 3.395], [-76.44, 3.4], [-76.445, 3.4], [-76.445, 3.395]]]}}, {"type": "Feature", "properties": {"value": 7.1148, "sigma": 7.6619}, "geometry": {"type": "Polygon", "coordinates": [[[-76.44, 3.395], [-76.435, 3.395], [-76.435, 3.4], [-76.44, 3.4], [-76.44, 3.395]]]}}, {"type": "Feature", "properties": {"value": 7.6099, "sigma": 7.6619}, "geometry": {"type": "Polygon", "coordinates": [[[-76.435, 3.395], [-76.43, 3.395], [-76.43, 3.4], [-76.435, 3.4], [-76.435, 3.395]]]}}, {"type": "Feature", "properties": {"value": 7.8749, "sigma": 7.6619}, "geometry": {"type": "Polygon", "coordinates": [[[-76.43, 3.395], [-76.425, 3.395], [-76.425, 3.4], [-76.43, 3.4], [-76.43, 3.395]]]}}, {"type": "Feature", "properties": {"value": 7.9192, "sigma": 7.6619}, "geometry": {"type": "Polygon", "coordinates": [[[-76.425, 3.395], [-76.42, 3.395], [-76.42, 3.4], [-76.425, 3.4], [-76.425, 3.395]]]}}, {"type": "Feature", "properties": {"value": 7.8742, "sigma": 7.6619}, "geometry": {"type": "Polygon", "coordinates": [[[-76.42, 3.395], [-76.415, 3.395], [-76.415, 3.4], [-76.42, 3.4], [-76.42, 3.395]]]}}, {"type": "Feature", "properties": {"value": 7.8199, "sigma": 7.6619}, "geometry": {"type": "Polygon", "coordinates": [[[-76.415, 3.395], [-76.41, 3.395], [-76.41, 3.4], [-76.415, 3.4], [-76.415, 3.395]]]}}, {"type": "Feature", "properties": {"value": 7.7806, "sigma": 7.6619}, "geometry": {"type": "Polygon", "coordinates": [[[-76.41, 3.395], [-76.405, 3.395], [-76.405, 3.4], [-76.41, 3.4], [-76.41, 3.395]]]}}, {"type": "Feature", "properties": {"value": 7.7585, "sigma": 7.6619}, "geometry": {"type": "Polygon", "coordinates": [[[-76.405, 3.395], [-76.4, 3.395], [-76.4, 3.4], [-76.405, 3.4], [-76.405, 3.395]]]}}, {"type": "Feature", "properties": {"value": 9.1558, "sigma": 7.6619}, "geometry": {"type": "Polygon", "coordinates": [[[-76.6, 3.4], [-76.595, 3.4], [-76.595, 3.405], [-76.6, 3.405], [-76.6, 3.4]]]}}, {"type": "Feature", "properties": {"value": 9.2008, "sigma": 7.6619}, "geometry": {"type": "Polygon", "coordinates": [[[-76.595, 3.4], [-76.59, 3.4], [-76.59, 3.405], [-76.595, 3.405], [-76.595, 3.4]]]}}, {"type": "Feature", "properties": {"value": 9.2195, "sigma": 7.6619}, "geometry": {"type": "Polygon", "coordinates": [[[-76.59, 3.4], [-76.585, 3.4], [-76.585, 3.405], [-76.59, 3.405], [-76.59, 3.4]]]}}, {"type": "Feature", "properties": {"value": 9.1974, "sigma": 7.6619}, "geometry": {"type": "Polygon", "coordinates": [[[-76.585, 3.4], [-76.58, 3.4], [-76.58, 3.405], [-76.585, 3.405], [-76.585, 3.4]]]}}, {"type": "Feature", "properties": {"value": 9.1301, "sigma": 7.6619}, "geometry": {"type": "Polygon", "coordinates": [[[-76.58, 3.4], [-76.575, 3.4], [-76.575, 3.405], [-76.58, 3.405], [-76.58, 3.4]]]}}, {"type": "Feature", "properties": {"value": 9.0318, "sigma": 7.6619}, "geometry": {"type": "Polygon", "coordinates": [[[-76.575, 3.4], [-76.57, 3.4], [-76.57, 3.405], [-76.575, 3.405], [-76.575, 3.4]]]}}, {"type": "Feature", "properties": {"value": 8.9335, "sigma": 7.6619}, "geometry": {"type": "Polygon", "coordinates": [[[-76.57, 3.4], [-76.565, 3.4], [-76.565, 3.405], [-76.57, 3.405], [-76.57, 3.4]]]}}, {"type": "Feature", "properties": {"value": 8.8668, "sigma": 7.6619}, "geometry": {"type": "Polygon", "coordinates": [[[-76.565, 3.4], [-76.56, 3.4], [-76.56, 3.405], [-76.565, 3.405], [-76.565, 3.4]]]}}, {"type": "Feature", "properties": {"value": 8.8388, "sigma": 7.6619}, "geometry": {"type": "Polygon", "coordinates": [[[-76.56, 3.4], [-76.555, 3.4], [-76.555, 3.405], [-76.56, 3.405], [-76.56, 3.4]]]}}, {"type": "Feature", "properties": {"value": 8.8127, "sigma": 7.6619}, "geometry": {"type": "Polygon", "coordinates": [[[-76.555, 3.4], [-76.55, 3.4], [-76.55, 3.405], [-76.555, 3.405], [-76.555, 3.4]]]}}, {"type": "Feature", "properties": {"value": 8.7403, "sigma": 7.6619}, "geometry": {"type": "Polygon", "coordinates": [[[-76.55, 3.4], [-76.545, 3.4], [-76.545, 3.405], [-76.55, 3.405], [-76.55, 3.4]]]}}, {"type": "Feature", "properties": {"value": 8.6257, "sigma": 7.6619}, "geometry": {"type": "Polygon", "coordinates": [[[-76.545, 3.4], [-76.54, 3.4], [-76.54, 3.405], [-76.545, 3.405], [-76.545, 3.4]]]}}, {"type": "Feature", "properties": {"value": 8.5067, "sigma": 7.6619}, "geometry": {"type": "Polygon", "coordinates": [[[-76.54, 3.4], [-76.535, 3.4], [-76.535, 3.405], [-76.54, 3.405], [-76.54, 3.4]]]}}, {"type": "Feature", "properties": {"value": 8.404, "sigma": 7.6619}, "geometry": {"type": "Polygon", "coordinates": [[[-76.535, 3.4], [-76.53, 3.4], [-76.53, 3.405], [-76.535, 3.405], [-76.535, 3.4]]]}}, {"type": "Feature", "properties": {"value": 8.3178, "sigma": 7.6619}, "geometry": {"type": "Polygon", "coordinates": [[[-76.53, 3.4], [-76.525, 3.4], [-76.525, 3.405], [-76.53, 3.405], [-76.53, 3.4]]]}}, {"type": "Feature", "properties": {"value": 8.2397, "sigma": 7.6619}, "geometry": {"type": "Polygon", "coordinates": [[[-76.525, 3.4], [-76.52, 3.4], [-76.52, 3.405], [-76.525, 3.405], [-76.525, 3.4]]]}}, {"type": "Feature", "properties": {"value": 8.1604, "sigma": 7.6619}, "geometry": {"type": "Polygon", "coordinates": [[[-76.52, 3.4], [-76.515, 3.4], [-76.515, 3.405], [-76.52, 3.405], [-76.52, 3.4]]]}}, {"type": "Feature", "properties": {"value": 8.0739, "sigma": 7.6619}, "geometry": {"type": "Polygon", "coordinates": [[[-76.515, 3.4], [-76.51, 3.4], [-76.51, 3.405], [-76.515, 3.405], [-76.515, 3.4]]]}}, {"type": "Feature", "properties": {"value": 7.9788, "sigma": 7.6619}, "geometry": {"type": "Polygon", "coordinates": [[[-76.51, 3.4], [-76.505, 3.4], [-76.505, 3.405], [-76.51, 3.405], [-76.51, 3.4]]]}}, {"type": "Feature", "properties": {"value": 7.8804, "sigma": 7.6619}, "geometry": {"type": "Polygon", "coordinates": [[[-76.505, 3.4], [-76.5, 3.4], [-76.5, 3.405], [-76.505, 3.405], [-76.505, 3.4]]]}}, {"type": "Feature", "properties": {"value": 7.7876, "sigma": 7.6619}, "geometry": {"type": "Polygon", "coordinates": [[[-76.5, 3.4], [-76.495, 3.4], [-76.495, 3.405], [-76.5, 3.405], [-76.5, 3.4]]]}}, {"type": "Feature", "properties": {"value": 7.7069, "sigma": 7.6619}, "geometry": {"type": "Polygon", "coordinates": [[[-76.495, 3.4], [-76.49, 3.4], [-76.49, 3.405], [-76.495, 3.405], [-76.495, 3.4]]]}}, {"type": "Feature", "properties": {"value": 7.6365, "sigma": 7.6619}, "geometry": {"type": "Polygon", "coordinates": [[[-76.49, 3.4], [-76.485, 3.4], [-76.485, 3.405], [-76.49, 3.405], [-76.49, 3.4]]]}}, {"type": "Feature", "properties": {"value": 7.5673, "sigma": 7.6619}, "geometry": {"type": "Polygon", "coordinates": [[[-76.485, 3.4], [-76.48, 3.4], [-76.48, 3.405], [-76.485, 3.405], [-76.485, 3.4]]]}}, {"type": "Feature", "properties": {"value": 7.489, "sigma": 7.6619}, "geometry": {"type": "Polygon", "coordinates": [[[-76.48, 3.4], [-76.475, 3.4], [-76.475, 3.405], [-76.48, 3.405], [-76.48, 3.4]]]}}, {"type": "Feature", "properties": {"value": 7.3945, "sigma": 7.6619}, "geometry": {"type": "Polygon", "coordinates": [[[-76.475, 3.4], [-76.47, 3.4], [-76.47, 3.405], [-76.475, 3.405], [-76.475, 3.4]]]}}, {"type": "Feature", "properties": {"value": 7.2815, "sigma": 7.6619}, "geometry": {"type": "Polygon", "coordinates": [[[-76.47, 3.4], [-76.465, 3.4], [-76.465, 3.405], [-76.47, 3.405], [-76.47, 3.4]]]}}, {"type": "Feature", "properties": {"value": 7.1535, "sigma": 7.6619}, "geometry": {"type": "Polygon", "coordinates": [[[-76.465, 3.4], [-76.46, 3.4], [-76.46, 3.405], [-76.465, 3.405], [-76.465, 3.4]]]}}, {"type": "Feature", "properties": {"value": 7.0247, "sigma": 7.6619}, "geometry": {"type": "Polygon", "coordinates": [[[-76.46, 3.4], [-76.455, 3.4], [-76.455, 3.405], [-76.46, 3.405], [-76.46, 3.4]]]}}, {"type": "Feature", "properties": {"value": 6.9277, "sigma": 7.6619}, "geometry": {"type": "Polygon", "coordinates": [[[-76.455, 3.4], [-76.45, 3.4], [-76.45, 3.405], [-76.455, 3.405], [-76.455, 3.4]]]}}, {"type": "Feature", "properties": {"value": 6.9158, "sigma": 7.6619}, "geometry": {"type": "Polygon", "coordinates": [[[-76.45, 3.4], [-76.445, 3.4], [-76.445, 3.405], [-76.45, 3.405], [-76.45, 3.4]]]}}, {"type": "Feature", "properties": {"value": 7.0338, "sigma": 7.6619}, "geometry": {"type": "Polygon", "coordinates": [[[-76.445, 3.4], [-76.44, 3.4], [-76.44, 3.405], [-76.445, 3.405], [-76.445, 3.4]]]}}, {"type": "Feature", "properties": {"value": 7.2642, "sigma": 7.6619}, "geometry": {"type": "Polygon", "coordinates": [[[-76.44, 3.4], [-76.435, 3.4], [-76.435, 3.405], [-76.44, 3.405], [-76.44, 3.4]]]}}, {"type": "Feature", "properties": {"value": 7.5164, "sigma": 7.6619}, "geometry": {"type": "Polygon", "coordinates": [[[-76.435, 3.4], [-76.43, 3.4], [-76.43, 3.405], [-76.435, 3.405], [-76.435, 3.4]]]}}, {"type": "Feature", "properties": {"value": 7.6969, "sigma": 7.6619}, "geometry": {"type": "Polygon", "coordinates": [[[-76.43, 3.4], [-76.425, 3.4], [-76.425, 3.405], [-76.43, 3.405], [-76.43, 3.4]]]}}, {"type": "Feature", "properties": {"value": 7.7823, "sigma": 7.6619}, "geometry": {"type": "Polygon", "coordinates": [[[-76.425, 3.4], [-76.42, 3.4], [-76.42, 3.405], [-76.425, 3.405], [-76.425, 3.4]]]}}, {"type": "Feature", "properties": {"value": 7.805, "sigma": 7.6619}, "geometry": {"type": "Polygon", "coordinates": [[[-76.42, 3.4], [-76.415, 3.4], [-76.415, 3.405], [-76.42, 3.405], [-76.42, 3.4]]]}}, {"type": "Feature", "properties": {"value": 7.8021, "sigma": 7.6619}, "geometry": {"type": "Polygon", "coordinates": [[[-76.415, 3.4], [-76.41, 3.4], [-76.41, 3.405], [-76.415, 3.405], [-76.415, 3.4]]]}}, {"type": "Feature", "properties": {"value": 7.7946, "sigma": 7.6619}, "geometry": {"type": "Polygon", "coordinates": [[[-76.41, 3.4], [-76.405, 3.4], [-76.405, 3.405], [-76.41, 3.405], [-76.41, 3.4]]]}}, {"type": "Feature", "properties": {"value": 7.7906, "sigma": 7.6619}, "geometry": {"type": "Polygon", "coordinates": [[[-76.405, 3.4], [-76.4, 3.4], [-76.4, 3.405], [-76.405, 3.405], [-76.405, 3.4]]]}}, {"type": "Feature", "properties": {"value": 9.0765, "sigma": 7.6619}, "geometry": {"type": "Polygon", "coordinates": [[[-76.6, 3.405], [-76.595, 3.405], [-76.595, 3.41], [-76.6, 3.41], [-76.6, 3.405]]]}}, {"type": "Feature", "properties": {"value": 9.0943, "sigma": 7.6619}, "geometry": {"type": "Polygon", "coordinates": [[[-76.595, 3.405], [-76.59, 3.405], [-76.59, 3.41], [-76.595, 3.41], [-76.595, 3.405]]]}}, {"type": "Feature", "properties": {"value": 9.0929, "sigma": 7.6619}, "geometry": {"type": "Polygon", "coordinates": [[[-76.59, 3.405], [-76.585, 3.405], [-76.585, 3.41], [-76.59, 3.41], [-76.59, 3.405]]]}}, {"type": "Feature", "properties": {"value": 9.0667, "sigma": 7.6619}, "geometry": {"type": "Polygon", "coordinates": [[[-76.585, 3.405], [-76.58, 3.405], [-76.58, 3.41], [-76.585, 3.41], [-76.585, 3.405]]]}}, {"type": "Feature", "properties": {"value": 9.0168, "sigma": 7.6619}, "geometry": {"type": "Polygon", "coordinates": [[[-76.58, 3.405], [-76.575, 3.405], [-76.575, 3.41], [-76.58, 3.41], [-76.58, 3.405]]]}}, {"type": "Feature", "properties": {"value": 8.9548, "sigma": 7.6619}, "geometry": {"type": "Polygon", "coordinates": [[[-76.575, 3.405], [-76.57, 3.405], [-76.57, 3.41], [-76.575, 3.41], [-76.575, 3.405]]]}}, {"type": "Feature", "properties": {"value": 8.9015, "sigma": 7.6619}, "geometry": {"type": "Polygon", "coordinates": [[[-76.57, 3.405], [-76.565, 3.405], [-76.565, 3.41], [-76.57, 3.41], [-76.57, 3.405]]]}}, {"type": "Feature", "properties": {"value": 8.88, "sigma": 7.6619}, "geometry": {"type": "Polygon", "coordinates": [[[-76.565, 3.405], [-76.56, 3.405], [-76.56, 3.41], [-76.565, 3.41], [-76.565, 3.405]]]}}, {"type": "Feature", "properties": {"value": 8.8945, "sigma": 7.6619}, "geometry": {"type": "Polygon", "coordinates": [[[-76.56, 3.405], [-76.555, 3.405], [-76.555, 3.41], [-76.56, 3.41], [-76.56, 3.405]]]}}, {"type": "Feature", "properties": {"value": 8.9021, "sigma": 7.6619}, "geometry": {"type": "Polygon", "coordinates": [[[-76.555, 3.405], [-76.55, 3.405], [-76.55, 3.41], [-76.555, 3.41], [-76.555, 3.405]]]}}, {"type": "Feature", "properties": {"value": 8.8457, "sigma": 7.6619}, "geometry": {"type": "Polygon", "coordinates": [[[-76.55, 3.405], [-76.545, 3.405], [-76.545, 3.41], [-76.55, 3.41], [-76.55, 3.405]]]}}, {"type": "Feature", "properties": {"value": 8.7445, "sigma": 7.6619}, "geometry": {"type": "Polygon", "coordinates": [[[-76.545, 3.405], [-76.54, 3.405], [-76.54, 3.41], [-76.545, 3.41], [-76.545, 3.405]]]}}, {"type": "Feature", "properties": {"value": 8.6531, "sigma": 7.6619}, "geometry": {"type": "Polygon", "coordinates": [[[-76.54, 3.405], [-76.535, 3.405], [-76.535, 3.41], [-76.54, 3.41], [-76.54, 3.405]]]}}, {"type": "Feature", "properties": {"value": 8.5941, "sigma": 7.6619}, "geometry": {"type": "Polygon", "coordinates": [[[-76.535, 3.405], [-76.53, 3.405], [-76.53, 3.41], [-76.535, 3.41], [-76.535, 3.405]]]}}, {"type": "Feature", "properties": {"value": 8.5644, "sigma": 7.6619}, "geometry": {"type": "Polygon", "coordinates": [[[-76.53, 3.405], [-76.525, 3.405], [-76.525, 3.41], [-76.53, 3.41], [-76.53, 3.405]]]}}, {"type": "Feature", "properties": {"value": 8.5537, "sigma": 7.6619}, "geometry": {"type": "Polygon", "coordinates": [[[-76.525, 3.405], [-76.52, 3.405], [-76.52, 3.41], [-76.525, 3.41], [-76.525, 3.405]]]}}, {"type": "Feature", "properties": {"value": 8.5504, "sigma": 7.6619}, "geometry": {"type": "Polygon", "coordinates": [[[-76.52, 3.405], [-76.515, 3.405], [-76.515, 3.41], [-76.52, 3.41], [-76.52, 3.405]]]}}, {"type": "Feature", "properties": {"value": 8.5412, "sigma": 7.6619}, "geometry": {"type": "Polygon", "coordinates": [[[-76.515, 3.405], [-76.51, 3.405], [-76.51, 3.41], [-76.515, 3.41], [-76.515, 3.405]]]}}, {"type": "Feature", "properties": {"value": 8.5088, "sigma": 7.6619}, "geometry": {"type": "Polygon", "coordinates": [[[-76.51, 3.405], [-76.505, 3.405], [-76.505, 3.41], [-76.51, 3.41], [-76.51, 3.405]]]}}, {"type": "Feature", "properties": {"value": 8.4353, "sigma": 7.6619}, "geometry": {"type": "Polygon", "coordinates": [[[-76.505, 3.405], [-76.5, 3.405], [-76.5, 3.41], [-76.505, 3.41], [-76.505, 3.405]]]}}, {"type": "Feature", "properties": {"value": 8.3178, "sigma": 7.6619}, "geometry": {"type": "Polygon", "coordinates": [[[-76.5, 3.405], [-76.495, 3.405], [-76.495, 3.41], [-76.5, 3.41], [-76.5, 3.405]]]}}, {"type": "Feature", "properties": {"value": 8.1748, "sigma": 7.6619}, "geometry": {"type": "Polygon", "coordinates": [[[-76.495, 3.405], [-76.49, 3.405], [-76.49, 3.41], [-76.495, 3.41], [-76.495, 3.405]]]}}, {"type": "Feature", "properties": {"value": 8.0313, "sigma": 7.6619}, "geometry": {"type": "Polygon", "coordinates": [[[-76.49, 3.405], [-76.485, 3.405], [-76.485, 3.41], [-76.49, 3.41], [-76.49, 3.405]]]}}, {"type": "Feature", "properties": {"value": 7.9026, "sigma": 7.6619}, "geometry": {"type": "Polygon", "coordinates": [[[-76.485, 3.405], [-76.48, 3.405], [-76.48, 3.41], [-76.485, 3.41], [-76.485, 3.405]]]}}, {"type": "Feature", "properties": {"value": 7.7929, "sigma": 7.6619}, "geometry": {"type": "Polygon", "coordinates": [[[-76.48, 3.405], [-76.475, 3.405], [-76.475, 3.41], [-76.48, 3.41], [-76.48, 3.405]]]}}, {"type": "Feature", "properties": {"value": 7.702, "sigma": 7.6619}, "geometry": {"type": "Polygon", "coordinates": [[[-76.475, 3.405], [-76.47, 3.405], [-76.47, 3.41], [-76.475, 3.41], [-76.475, 3.405]]]}}, {"type": "Feature", "properties": {"value": 7.6288, "sigma": 7.6619}, "geometry": {"type": "Polygon", "coordinates": [[[-76.47, 3.405], [-76.465, 3.405], [-76.465, 3.41], [-76.47, 3.41], [-76.47, 3.405]]]}}, {"type": "Feature", "properties": {"value": 7.5718, "sigma": 7.6619}, "geometry": {"type": "Polygon", "coordinates": [[[-76.465, 3.405], [-76.46, 3.405], [-76.46, 3.41], [-76.465, 3.41], [-76.465, 3.405]]]}}, {"type": "Feature", "properties": {"value": 7.5266, "sigma": 7.6619}, "geometry": {"type": "Polygon", "coordinates": [[[-76.46, 3.405], [-76.455, 3.405], [-76.455, 3.41], [-76.46, 3.41], [-76.46, 3.405]]]}}, {"type": "Feature", "properties": {"value": 7.4884, "sigma": 7.6619}, "geometry": {"type": "Polygon", "coordinates": [[[-76.455, 3.405], [-76.45, 3.405], [-76.45, 3.41], [-76.455, 3.41], [-76.455, 3.405]]]}}, {"type": "Feature", "properties": {"value": 7.464, "sigma": 7.6619}, "geometry": {"type": "Polygon", "coordinates": [[[-76.45, 3.405], [-76.445, 3.405], [-76.445, 3.41], [-76.45, 3.41], [-76.45, 3.405]]]}}, {"type": "Feature", "properties": {"value": 7.4768, "sigma": 7.6619}, "geometry": {"type": "Polygon", "coordinates": [[[-76.445, 3.405], [-76.44, 3.405], [-76.44, 3.41], [-76.445, 3.41], [-76.445, 3.405]]]}}, {"type": "Feature", "properties": {"value": 7.5398, "sigma": 7.6619}, "geometry": {"type": "Polygon", "coordinates": [[[-76.44, 3.405], [-76.435, 3.405], [-76.435, 3.41], [-76.44, 3.41], [-76.44, 3.405]]]}}, {"type": "Feature", "properties": {"value": 7.6329, "sigma": 7.6619}, "geometry": {"type": "Polygon", "coordinates": [[[-76.435, 3.405], [-76.43, 3.405], [-76.43, 3.41], [-76.435, 3.41], [-76.435, 3.405]]]}}, {"type": "Feature", "properties": {"value": 7.7198, "sigma": 7.6619}, "geometry": {"type": "Polygon", "coordinates": [[[-76.43, 3.405], [-76.425, 3.405], [-76.425, 3.41], [-76.43, 3.41], [-76.43, 3.405]]]}}, {"type": "Feature", "properties": {"value": 7.7785, "sigma": 7.6619}, "geometry": {"type": "Polygon", "coordinates": [[[-76.425, 3.405], [-76.42, 3.405], [-76.42, 3.41], [-76.425, 3.41], [-76.425, 3.405]]]}}, {"type": "Feature", "properties": {"value": 7.8095, "sigma": 7.6619}, "geometry": {"type": "Polygon", "coordinates": [[[-76.42, 3.405], [-76.415, 3.405], [-76.415, 3.41], [-76.42, 3.41], [-76.42, 3.405]]]}}, {"type": "Feature", "properties": {"value": 7.8235, "sigma": 7.6619}, "geometry": {"type": "Polygon", "coordinates": [[[-76.415, 3.405], [-76.41, 3.405], [-76.41, 3.41], [-76.415, 3.41], [-76.415, 3.405]]]}}, {"type": "Feature", "properties": {"value": 7.8305, "sigma": 7.6619}, "geometry": {"type": "Polygon", "coordinates": [[[-76.41, 3.405], [-76.405, 3.405], [-76.405, 3.41], [-76.41, 3.41], [-76.41, 3.405]]]}}, {"type": "Feature", "properties": {"value": 7.8362, "sigma": 7.6619}, "geometry": {"type": "Polygon", "coordinates": [[[-76.405, 3.405], [-76.4, 3.405], [-76.4, 3.41], [-76.405, 3.41], [-76.405, 3.405]]]}}, {"type": "Feature", "properties": {"value": 9.0318, "sigma": 7.6619}, "geometry": {"type": "Polygon", "coordinates": [[[-76.6, 3.41], [-76.595, 3.41], [-76.595, 3.415], [-76.6, 3.415], [-76.6, 3.41]]]}}, {"type": "Feature", "properties": {"value": 9.0351, "sigma": 7.6619}, "geometry": {"type": "Polygon", "coordinates": [[[-76.595, 3.41], [-76.59, 3.41], [-76.59, 3.415], [-76.595, 3.415], [-76.595, 3.41]]]}}, {"type": "Feature", "properties": {"value": 9.0251, "sigma": 7.6619}, "geometry": {"type": "Polygon", "coordinates": [[[-76.59, 3.41], [-76.585, 3.41], [-76.585, 3.415], [-76.59, 3.415], [-76.59, 3.41]]]}}, {"type": "Feature", "properties": {"value": 9.0005, "sigma": 7.6619}, "geometry": {"type": "Polygon", "coordinates": [[[-76.585, 3.41], [-76.58, 3.41], [-76.58, 3.415], [-76.585, 3.415], [-76.585, 3.41]]]}}, {"type": "Feature", "properties": {"value": 8.964, "sigma": 7.6619}, "geometry": {"type": "Polygon", "coordinates": [[[-76.58, 3.41], [-76.575, 3.41], [-76.575, 3.415], [-76.58, 3.415], [-76.58, 3.41]]]}}, {"type": "Feature", "properties": {"value": 8.924, "sigma": 7.6619}, "geometry": {"type": "Polygon", "coordinates": [[[-76.575, 3.41], [-76.57, 3.41], [-76.57, 3.415], [-76.575, 3.415], [-76.575, 3.41]]]}}, {"type": "Feature", "properties": {"value": 8.8944, "sigma": 7.6619}, "geometry": {"type": "Polygon", "coordinates": [[[-76.57, 3.41], [-76.565, 3.41], [-76.565, 3.415], [-76.57, 3.415], [-76.57, 3.41]]]}}, {"type": "Feature", "properties": {"value": 8.8899, "sigma": 7.6619}, "geometry": {"type": "Polygon", "coordinates": [[[-76.565, 3.41], [-76.56, 3.41], [-76.56, 3.415], [-76.565, 3.415], [-76.565, 3.41]]]}}, {"type": "Feature", "properties": {"value": 8.911, "sigma": 7.6619}, "geometry": {"type": "Polygon", "coordinates": [[[-76.56, 3.41], [-76.555, 3.41], [-76.555, 3.415], [-76.56, 3.415], [-76.56, 3.41]]]}}, {"type": "Feature", "properties": {"value": 8.9226, "sigma": 7.6619}, "geometry": {"type": "Polygon", "coordinates": [[[-76.555, 3.41], [-76.55, 3.41], [-76.55, 3.415], [-76.555, 3.415], [-76.555, 3.41]]]}}, {"type": "Feature", "properties": {"value": 8.8826, "sigma": 7.6619}, "geometry": {"type": "Polygon", "coordinates": [[[-76.55, 3.41], [-76.545, 3.41], [-76.545, 3.415], [-76.55, 3.415], [-76.55, 3.41]]]}}, {"type": "Feature", "properties": {"value": 8.8162, "sigma": 7.6619}, "geometry": {"type": "Polygon", "coordinates": [[[-76.545, 3.41], [-76.54, 3.41], [-76.54, 3.415], [-76.545, 3.415], [-76.545, 3.41]]]}}, {"type": "Feature", "properties": {"value": 8.7732, "sigma": 7.6619}, "geometry": {"type": "Polygon", "coordinates": [[[-76.54, 3.41], [-76.535, 3.41], [-76.535, 3.415], [-76.54, 3.415], [-76.54, 3.41]]]}}, {"type": "Feature", "properties": {"value": 8.7708, "sigma": 7.6619}, "geometry": {"type": "Polygon", "coordinates": [[[-76.535, 3.41], [-76.53, 3.41], [-76.53, 3.415], [-76.535, 3.415], [-76.535, 3.41]]]}}, {"type": "Feature", "properties": {"value": 8.8047, "sigma": 7.6619}, "geometry": {"type": "Polygon", "coordinates": [[[-76.53, 3.41], [-76.525, 3.41], [-76.525, 3.415], [-76.53, 3.415], [-76.53, 3.41]]]}}, {"type": "Feature", "properties": {"value": 8.8654, "sigma": 7.6619}, "geometry": {"type": "Polygon", "coordinates": [[[-76.525, 3.41], [-76.52, 3.41], [-76.52, 3.415], [-76.525, 3.415], [-76.525, 3.41]]]}}, {"type": "Feature", "properties": {"value": 8.9428, "sigma": 7.6619}, "geometry": {"type": "Polygon", "coordinates": [[[-76.52, 3.41], [-76.515, 3.41], [-76.515, 3.415], [-76.52, 3.415], [-76.52, 3.41]]]}}, {"type": "Feature", "properties": {"value": 9.023, "sigma": 7.6619}, "geometry": {"type": "Polygon", "coordinates": [[[-76.515, 3.41], [-76.51, 3.41], [-76.51, 3.415], [-76.515, 3.415], [-76.515, 3.41]]]}}, {"type": "Feature", "properties": {"value": 9.0726, "sigma": 7.6619}, "geometry": {"type": "Polygon", "coordinates": [[[-76.51, 3.41], [-76.505, 3.41], [-76.505, 3.415], [-76.51, 3.415], [-76.51, 3.41]]]}}, {"type": "Feature", "properties": {"value": 9.0348, "sigma": 7.6619}, "geometry": {"type": "Polygon", "coordinates": [[[-76.505, 3.41], [-76.5, 3.41], [-76.5, 3.415], [-76.505, 3.415], [-76.505, 3.41]]]}}, {"type": "Feature", "properties": {"value": 8.8815, "sigma": 7.6619}, "geometry": {"type": "Polygon", "coordinates": [[[-76.5, 3.41], [-76.495, 3.41], [-76.495, 3.415], [-76.5, 3.415], [-76.5, 3.41]]]}}, {"type": "Feature", "properties": {"value": 8.6567, "sigma": 7.6619}, "geometry": {"type": "Polygon", "coordinates": [[[-76.495, 3.41], [-76.49, 3.41], [-76.49, 3.415], [-76.495, 3.415], [-76.495, 3.41]]]}}, {"type": "Feature", "properties": {"value": 8.4286, "sigma": 7.6619}, "geometry": {"type": "Polygon", "coordinates": [[[-76.49, 3.41], [-76.485, 3.41], [-76.485, 3.415], [-76.49, 3.415], [-76.49, 3.41]]]}}, {"type": "Feature", "properties": {"value": 8.2387, "sigma": 7.6619}, "geometry": {"type": "Polygon", "coordinates": [[[-76.485, 3.41], [-76.48, 3.41], [-76.48, 3.415], [-76.485, 3.415], [-76.485, 3.41]]]}}, {"type": "Feature", "properties": {"value": 8.1017, "sigma": 7.6619}, "geometry": {"type": "Polygon", "coordinates": [[[-76.48, 3.41], [-76.475, 3.41], [-76.475, 3.415], [-76.48, 3.415], [-76.48, 3.41]]]}}, {"type": "Feature", "properties": {"value": 8.0225, "sigma": 7.6619}, "geometry": {"type": "Polygon", "coordinates": [[[-76.475, 3.41], [-76.47, 3.41], [-76.47, 3.415], [-76.475, 3.415], [-76.475, 3.41]]]}}, {"type": "Feature", "properties": {"value": 8.0054, "sigma": 7.6619}, "geometry": {"type": "Polygon", "coordinates": [[[-76.47, 3.41], [-76.465, 3.41], [-76.465, 3.415], [-76.47, 3.415], [-76.47, 3.41]]]}}, {"type": "Feature", "properties": {"value": 8.0513, "sigma": 7.6619}, "geometry": {"type": "Polygon", "coordinates": [[[-76.465, 3.41], [-76.46, 3.41], [-76.46, 3.415], [-76.465, 3.415], [-76.465, 3.41]]]}}, {"type": "Feature", "properties": {"value": 8.1388, "sigma": 7.6619}, "geometry": {"type": "Polygon", "coordinates": [[[-76.46, 3.41], [-76.455, 3.41], [-76.455, 3.415], [-76.46, 3.415], [-76.46, 3.41]]]}}, {"type": "Feature", "properties": {"value": 8.2013, "sigma": 7.6619}, "geometry": {"type": "Polygon", "coordinates": [[[-76.455, 3.41], [-76.45, 3.41], [-76.45, 3.415], [-76.455, 3.415], [-76.455, 3.41]]]}}, {"type": "Feature", "properties": {"value": 8.1645, "sigma": 7.6619}, "geometry": {"type": "Polygon", "coordinates": [[[-76.45, 3.41], [-76.445, 3.41], [-76.445, 3.415], [-76.45, 3.415], [-76.45, 3.41]]]}}, {"type": "Feature", "properties": {"value": 8.0474, "sigma": 7.6619}, "geometry": {"type": "Polygon", "coordinates": [[[-76.445, 3.41], [-76.44, 3.41], [-76.44, 3.415], [-76.445, 3.415], [-76.445, 3.41]]]}}, {"type": "Feature", "properties": {"value": 7.9377, "sigma": 7.6619}, "geometry": {"type": "Polygon", "coordinates": [[[-76.44, 3.41], [-76.435, 3.41], [-76.435, 3.415], [-76.44, 3.415], [-76.44, 3.41]]]}}, {"type": "Feature", "properties": {"value": 7.8804, "sigma": 7.6619}, "geometry": {"type": "Polygon", "coordinates": [[[-76.435, 3.41], [-76.43, 3.41], [-76.43, 3.415], [-76.435, 3.415], [-76.435, 3.41]]]}}, {"type": "Feature", "properties": {"value": 7.8654, "sigma": 7.6619}, "geometry": {"type": "Polygon", "coordinates": [[[-76.43, 3.41], [-76.425, 3.41], [-76.425, 3.415], [-76.43, 3.415], [-76.43, 3.41]]]}}, {"type": "Feature", "properties": {"value": 7.8692, "sigma": 7.6619}, "geometry": {"type": "Polygon", "coordinates": [[[-76.425, 3.41], [-76.42, 3.41], [-76.42, 3.415], [-76.425, 3.415], [-76.425, 3.41]]]}}, {"type": "Feature", "properties": {"value": 7.8773, "sigma": 7.6619}, "geometry": {"type": "Polygon", "coordinates": [[[-76.42, 3.41], [-76.415, 3.41], [-76.415, 3.415], [-76.42, 3.415], [-76.42, 3.41]]]}}, {"type": "Feature", "properties": {"value": 7.8848, "sigma": 7.6619}, "geometry": {"type": "Polygon", "coordinates": [[[-76.415, 3.41], [-76.41, 3.41], [-76.41, 3.415], [-76.415, 3.415], [-76.415, 3.41]]]}}, {"type": "Feature", "properties": {"value": 7.8916, "sigma": 7.6619}, "geometry": {"type": "Polygon", "coordinates": [[[-76.41, 3.41], [-76.405, 3.41], [-76.405, 3.415], [-76.41, 3.415], [-76.41, 3.41]]]}}, {"type": "Feature", "properties": {"value": 7.8987, "sigma": 7.6619}, "geometry": {"type": "Polygon", "coordinates": [[[-76.405, 3.41], [-76.4, 3.41], [-76.4, 3.415], [-76.405, 3.415], [-76.405, 3.41]]]}}, {"type": "Feature", "properties": {"value": 9.0167, "sigma": 7.6619}, "geometry": {"type": "Polygon", "coordinates": [[[-76.6, 3.415], [-76.595, 3.415], [-76.595, 3.42], [-76.6, 3.42], [-76.6, 3.415]]]}}, {"type": "Feature", "properties": {"value": 9.0122, "sigma": 7.6619}, "geometry": {"type": "Polygon", "coordinates": [[[-76.595, 3.415], [-76.59, 3.415], [-76.59, 3.42], [-76.595, 3.42], [-76.595, 3.415]]]}}, {"type": "Feature", "properties": {"value": 8.9988, "sigma": 7.6619}, "geometry": {"type": "Polygon", "coordinates": [[[-76.59, 3.415], [-76.585, 3.415], [-76.585, 3.42], [-76.59, 3.42], [-76.59, 3.415]]]}}, {"type": "Feature", "properties": {"value": 8.9766, "sigma": 7.6619}, "geometry": {"type": "Polygon", "coordinates": [[[-76.585, 3.415], [-76.58, 3.415], [-76.58, 3.42], [-76.585, 3.42], [-76.585, 3.415]]]}}, {"type": "Feature", "properties": {"value": 8.9483, "sigma": 7.6619}, "geometry": {"type": "Polygon", "coordinates": [[[-76.58, 3.415], [-76.575, 3.415], [-76.575, 3.42], [-76.58, 3.42], [-76.58, 3.415]]]}}, {"type": "Feature", "properties": {"value": 8.9197, "sigma": 7.6619}, "geometry": {"type": "Polygon", "coordinates": [[[-76.575, 3.415], [-76.57, 3.415], [-76.57, 3.42], [-76.575, 3.42], [-76.575, 3.415]]]}}, {"type": "Feature", "properties": {"value": 8.8989, "sigma": 7.6619}, "geometry": {"type": "Polygon", "coordinates": [[[-76.57, 3.415], [-76.565, 3.415], [-76.565, 3.42], [-76.57, 3.42], [-76.57, 3.415]]]}}, {"type": "Feature", "properties": {"value": 8.893, "sigma": 7.6619}, "geometry": {"type": "Polygon", "coordinates": [[[-76.565, 3.415], [-76.56, 3.415], [-76.56, 3.42], [-76.565, 3.42], [-76.565, 3.415]]]}}, {"type": "Feature", "properties": {"value": 8.9, "sigma": 7.6619}, "geometry": {"type": "Polygon", "coordinates": [[[-76.56, 3.415], [-76.555, 3.415], [-76.555, 3.42], [-76.56, 3.42], [-76.56, 3.415]]]}}, {"type": "Feature", "properties": {"value": 8.902, "sigma": 7.6619}, "geometry": {"type": "Polygon", "coordinates": [[[-76.555, 3.415], [-76.55, 3.415], [-76.55, 3.42], [-76.555, 3.42], [-76.555, 3.415]]]}}, {"type": "Feature", "properties": {"value": 8.8845, "sigma": 7.6619}, "geometry": {"type": "Polygon", "coordinates": [[[-76.55, 3.415], [-76.545, 3.415], [-76.545, 3.42], [-76.55, 3.42], [-76.55, 3.415]]]}}, {"type": "Feature", "properties": {"value": 8.8678, "sigma": 7.6619}, "geometry": {"type": "Polygon", "coordinates": [[[-76.545, 3.415], [-76.54, 3.415], [-76.54, 3.42], [-76.545, 3.42], [-76.545, 3.415]]]}}, {"type": "Feature", "properties": {"value": 8.8819, "sigma": 7.6619}, "geometry": {"type": "Polygon", "coordinates": [[[-76.54, 3.415], [-76.535, 3.415], [-76.535, 3.42], [-76.54, 3.42], [-76.54, 3.415]]]}}, {"type": "Feature", "properties": {"value": 8.9377, "sigma": 7.6619}, "geometry": {"type": "Polygon", "coordinates": [[[-76.535, 3.415], [-76.53, 3.415], [-76.53, 3.42], [-76.535, 3.42], [-76.535, 3.415]]]}}, {"type": "Feature", "properties": {"value": 9.0319, "sigma": 7.6619}, "geometry": {"type": "Polygon", "coordinates": [[[-76.53, 3.415], [-76.525, 3.415], [-76.525, 3.42], [-76.53, 3.42], [-76.53, 3.415]]]}}, {"type": "Feature", "properties": {"value": 9.1571, "sigma": 7.6619}, "geometry": {"type": "Polygon", "coordinates": [[[-76.525, 3.415], [-76.52, 3.415], [-76.52, 3.42], [-76.525, 3.42], [-76.525, 3.415]]]}}, {"type": "Feature", "properties": {"value": 9.3106, "sigma": 7.6619}, "geometry": {"type": "Polygon", "coordinates": [[[-76.52, 3.415], [-76.515, 3.415], [-76.515, 3.42], [-76.52, 3.42], [-76.52, 3.415]]]}}, {"type": "Feature", "properties": {"value": 9.497, "sigma": 7.6619}, "geometry": {"type": "Polygon", "coordinates": [[[-76.515, 3.415], [-76.51, 3.415], [-76.51, 3.42], [-76.515, 3.42], [-76.515, 3.415]]]}}, {"type": "Feature", "properties": {"value": 9.6826, "sigma": 7.6619}, "geometry": {"type": "Polygon", "coordinates": [[[-76.51, 3.415], [-76.505, 3.415], [-76.505, 3.42], [-76.51, 3.42], [-76.51, 3.415]]]}}, {"type": "Feature", "properties": {"value": 9.7189, "sigma": 7.6619}, "geometry": {"type": "Polygon", "coordinates": [[[-76.505, 3.415], [-76.5, 3.415], [-76.5, 3.42], [-76.505, 3.42], [-76.505, 3.415]]]}}, {"type": "Feature", "properties": {"value": 9.5003, "sigma": 7.6619}, "geometry": {"type": "Polygon", "coordinates": [[[-76.5, 3.415], [-76.495, 3.415], [-76.495, 3.42], [-76.5, 3.42], [-76.5, 3.415]]]}}, {"type": "Feature", "properties": {"value": 9.1464, "sigma": 7.6619}, "geometry": {"type": "Polygon", "coordinates": [[[-76.495, 3.415], [-76.49, 3.415], [-76.49, 3.42], [-76.495, 3.42], [-76.495, 3.415]]]}}, {"type": "Feature", "properties": {"value": 8.8095, "sigma": 7.6619}, "geometry": {"type": "Polygon", "coordinates": [[[-76.49, 3.415], [-76.485, 3.415], [-76.485, 3.42], [-76.49, 3.42], [-76.49, 3.415]]]}}, {"type": "Feature", "properties": {"value": 8.5526, "sigma": 7.6619}, "geometry": {"type": "Polygon", "coordinates": [[[-76.485, 3.415], [-76.48, 3.415], [-76.48, 3.42], [-76.485, 3.42], [-76.485, 3.415]]]}}, {"type": "Feature", "properties": {"value": 8.3891, "sigma": 7.6619}, "geometry": {"type": "Polygon", "coordinates": [[[-76.48, 3.415], [-76.475, 3.415], [-76.475, 3.42], [-76.48, 3.42], [-76.48, 3.415]]]}}, {"type": "Feature", "properties": {"value": 8.3251, "sigma": 7.6619}, "geometry": {"type": "Polygon", "coordinates": [[[-76.475, 3.415], [-76.47, 3.415], [-76.47, 3.42], [-76.475, 3.42], [-76.475, 3.415]]]}}, {"type": "Feature", "properties": {"value": 8.3766, "sigma": 7.6619}, "geometry": {"type": "Polygon", "coordinates": [[[-76.47, 3.415], [-76.465, 3.415], [-76.465, 3.42], [-76.47, 3.42], [-76.47, 3.415]]]}}, {"type": "Feature", "properties": {"value": 8.5672, "sigma": 7.6619}, "geometry": {"type": "Polygon", "coordinates": [[[-76.465, 3.415], [-76.46, 3.415], [-76.46, 3.42], [-76.465, 3.42], [-76.465, 3.415]]]}}, {"type": "Feature", "properties": {"value": 8.8846, "sigma": 7.6619}, "geometry": {"type": "Polygon", "coordinates": [[[-76.46, 3.415], [-76.455, 3.415], [-76.455, 3.42], [-76.46, 3.42], [-76.46, 3.415]]]}}, {"type": "Feature", "properties": {"value": 9.1654, "sigma": 7.6619}, "geometry": {"type": "Polygon", "coordinates": [[[-76.455, 3.415], [-76.45, 3.415], [-76.45, 3.42], [-76.455, 3.42], [-76.455, 3.415]]]}}, {"type": "Feature", "properties": {"value": 9.1237, "sigma": 7.6619}, "geometry": {"type": "Polygon", "coordinates": [[[-76.45, 3.415], [-76.445, 3.415], [-76.445, 3.42], [-76.45, 3.42], [-76.45, 3.415]]]}}, {"type": "Feature", "properties": {"value": 8.7819, "sigma": 7.6619}, "geometry": {"type": "Polygon", "coordinates": [[[-76.445, 3.415], [-76.44, 3.415], [-76.44, 3.42], [-76.445, 3.42], [-76.445, 3.415]]]}}, {"type": "Feature", "properties": {"value": 8.4295, "sigma": 7.6619}, "geometry": {"type": "Polygon", "coordinates": [[[-76.44, 3.415], [-76.435, 3.415], [-76.435, 3.42], [-76.44, 3.42], [-76.44, 3.415]]]}}, {"type": "Feature", "properties": {"value": 8.1985, "sigma": 7.6619}, "geometry": {"type": "Polygon", "coordinates": [[[-76.435, 3.415], [-76.43, 3.415], [-76.43, 3.42], [-76.435, 3.42], [-76.435, 3.415]]]}}, {"type": "Feature", "properties": {"value": 8.0741, "sigma": 7.6619}, "geometry": {"type": "Polygon", "coordinates": [[[-76.43, 3.415], [-76.425, 3.415], [-76.425, 3.42], [-76.43, 3.42], [-76.43, 3.415]]]}}, {"type": "Feature", "properties": {"value": 8.0138, "sigma": 7.6619}, "geometry": {"type": "Polygon", "coordinates": [[[-76.425, 3.415], [-76.42, 3.415], [-76.42, 3.42], [-76.425, 3.42], [-76.425, 3.415]]]}}, {"type": "Feature", "properties": {"value": 7.9869, "sigma": 7.6619}, "geometry": {"type": "Polygon", "coordinates": [[[-76.42, 3.415], [-76.415, 3.415], [-76.415, 3.42], [-76.42, 3.42], [-76.42, 3.415]]]}}, {"type": "Feature", "properties": {"value": 7.9766, "sigma": 7.6619}, "geometry": {"type": "Polygon", "coordinates": [[[-76.415, 3.415], [-76.41, 3.415], [-76.41, 3.42], [-76.415, 3.42], [-76.415, 3.415]]]}}, {"type": "Feature", "properties": {"value": 7.9747, "sigma": 7.6619}, "geometry": {"type": "Polygon", "coordinates": [[[-76.41, 3.415], [-76.405, 3.415], [-76.405, 3.42], [-76.41, 3.42], [-76.41, 3.415]]]}}, {"type": "Feature", "properties": {"value": 7.9774, "sigma": 7.6619}, "geometry": {"type": "Polygon", "coordinates": [[[-76.405, 3.415], [-76.4, 3.415], [-76.4, 3.42], [-76.405, 3.42], [-76.405, 3.415]]]}}, {"type": "Feature", "properties": {"value": 9.0267, "sigma": 7.6619}, "geometry": {"type": "Polygon", "coordinates": [[[-76.6, 3.42], [-76.595, 3.42], [-76.595, 3.425], [-76.6, 3.425], [-76.6, 3.42]]]}}, {"type": "Feature", "properties": {"value": 9.0181, "sigma": 7.6619}, "geometry": {"type": "Polygon", "coordinates": [[[-76.595, 3.42], [-76.59, 3.42], [-76.59, 3.425], [-76.595, 3.425], [-76.595, 3.42]]]}}, {"type": "Feature", "properties": {"value": 9.003, "sigma": 7.6619}, "geometry": {"type": "Polygon", "coordinates": [[[-76.59, 3.42], [-76.585, 3.42], [-76.585, 3.425], [-76.59, 3.425], [-76.59, 3.42]]]}}, {"type": "Feature", "properties": {"value": 8.9822, "sigma": 7.6619}, "geometry": {"type": "Polygon", "coordinates": [[[-76.585, 3.42], [-76.58, 3.42], [-76.58, 3.425], [-76.585, 3.425], [-76.585, 3.42]]]}}, {"type": "Feature", "properties": {"value": 8.9581, "sigma": 7.6619}, "geometry": {"type": "Polygon", "coordinates": [[[-76.58, 3.42], [-76.575, 3.42], [-76.575, 3.425], [-76.58, 3.425], [-76.58, 3.42]]]}}, {"type": "Feature", "properties": {"value": 8.9345, "sigma": 7.6619}, "geometry": {"type": "Polygon", "coordinates": [[[-76.575, 3.42], [-76.57, 3.42], [-76.57, 3.425], [-76.575, 3.425], [-76.575, 3.42]]]}}, {"type": "Feature", "properties": {"value": 8.9157, "sigma": 7.6619}, "geometry": {"type": "Polygon", "coordinates": [[[-76.57, 3.42], [-76.565, 3.42], [-76.565, 3.425], [-76.57, 3.425], [-76.57, 3.42]]]}}, {"type": "Feature", "properties": {"value": 8.9054, "sigma": 7.6619}, "geometry": {"type": "Polygon", "coordinates": [[[-76.565, 3.42], [-76.56, 3.42], [-76.56, 3.425], [-76.565, 3.425], [-76.565, 3.42]]]}}, {"type": "Feature", "properties": {"value": 8.9026, "sigma": 7.6619}, "geometry": {"type": "Polygon", "coordinates": [[[-76.56, 3.42], [-76.555, 3.42], [-76.555, 3.425], [-76.56, 3.425], [-76.56, 3.42]]]}}, {"type": "Feature", "properties": {"value": 8.9033, "sigma": 7.6619}, "geometry": {"type": "Polygon", "coordinates": [[[-76.555, 3.42], [-76.55, 3.42], [-76.55, 3.425], [-76.555, 3.425], [-76.555, 3.42]]]}}, {"type": "Feature", "properties": {"value": 8.9086, "sigma": 7.6619}, "geometry": {"type": "Polygon", "coordinates": [[[-76.55, 3.42], [-76.545, 3.42], [-76.545, 3.425], [-76.55, 3.425], [-76.55, 3.42]]]}}, {"type": "Feature", "properties": {"value": 8.933, "sigma": 7.6619}, "geometry": {"type": "Polygon", "coordinates": [[[-76.545, 3.42], [-76.54, 3.42], [-76.54, 3.425], [-76.545, 3.425], [-76.545, 3.42]]]}}, {"type": "Feature", "properties": {"value": 8.9926, "sigma": 7.6619}, "geometry": {"type": "Polygon", "coordinates": [[[-76.54, 3.42], [-76.535, 3.42], [-76.535, 3.425], [-76.54, 3.425], [-76.54, 3.42]]]}}, {"type": "Feature", "properties": {"value": 9.094, "sigma": 7.6619}, "geometry": {"type": "Polygon", "coordinates": [[[-76.535, 3.42], [-76.53, 3.42], [-76.53, 3.425], [-76.535, 3.425], [-76.535, 3.42]]]}}, {"type": "Feature", "properties": {"value": 9.233, "sigma": 7.6619}, "geometry": {"type": "Polygon", "coordinates": [[[-76.53, 3.42], [-76.525, 3.42], [-76.525, 3.425], [-76.53, 3.425], [-76.53, 3.42]]]}}, {"type": "Feature", "properties": {"value": 9.4004, "sigma": 7.6619}, "geometry": {"type": "Polygon", "coordinates": [[[-76.525, 3.42], [-76.52, 3.42], [-76.52, 3.425], [-76.525, 3.425], [-76.525, 3.42]]]}}, {"type": "Feature", "properties": {"value": 9.5988, "sigma": 7.6619}, "geometry": {"type": "Polygon", "coordinates": [[[-76.52, 3.42], [-76.515, 3.42], [-76.515, 3.425], [-76.52, 3.425], [-76.52, 3.42]]]}}, {"type": "Feature", "properties": {"value": 9.8865, "sigma": 7.6619}, "geometry": {"type": "Polygon", "coordinates": [[[-76.515, 3.42], [-76.51, 3.42], [-76.51, 3.425], [-76.515, 3.425], [-76.515, 3.42]]]}}, {"type": "Feature", "properties": {"value": 10.3212, "sigma": 7.6619}, "geometry": {"type": "Polygon", "coordinates": [[[-76.51, 3.42], [-76.505, 3.42], [-76.505, 3.425], [-76.51, 3.425], [-76.51, 3.42]]]}}, {"type": "Feature", "properties": {"value": 10.523, "sigma": 7.6619}, "geometry": {"type": "Polygon", "coordinates": [[[-76.505, 3.42], [-76.5, 3.42], [-76.5, 3.425], [-76.505, 3.425], [-76.505, 3.42]]]}}, {"type": "Feature", "properties": {"value": 10.1467, "sigma": 7.6619}, "geometry": {"type": "Polygon", "coordinates": [[[-76.5, 3.42], [-76.495, 3.42], [-76.495, 3.425], [-76.5, 3.425], [-76.5, 3.42]]]}}, {"type": "Feature", "properties": {"value": 9.5912, "sigma": 7.6619}, "geometry": {"type": "Polygon", "coordinates": [[[-76.495, 3.42], [-76.49, 3.42], [-76.49, 3.425], [-76.495, 3.425], [-76.495, 3.42]]]}}, {"type": "Feature", "properties": {"value": 9.1328, "sigma": 7.6619}, "geometry": {"type": "Polygon", "coordinates": [[[-76.49, 3.42], [-76.485, 3.42], [-76.485, 3.425], [-76.49, 3.425], [-76.49, 3.42]]]}}, {"type": "Feature", "properties": {"value": 8.8147, "sigma": 7.6619}, "geometry": {"type": "Polygon", "coordinates": [[[-76.485, 3.42], [-76.48, 3.42], [-76.48, 3.425], [-76.485, 3.425], [-76.485, 3.42]]]}}, {"type": "Feature", "properties": {"value": 8.6278, "sigma": 7.6619}, "geometry": {"type": "Polygon", "coordinates": [[[-76.48, 3.42], [-76.475, 3.42], [-76.475, 3.425], [-76.48, 3.425], [-76.48, 3.42]]]}}, {"type": "Feature", "properties": {"value": 8.5741, "sigma": 7.6619}, "geometry": {"type": "Polygon", "coordinates": [[[-76.475, 3.42], [-76.47, 3.42], [-76.47, 3.425], [-76.475, 3.425], [-76.475, 3.42]]]}}, {"type": "Feature", "properties": {"value": 8.6854, "sigma": 7.6619}, "geometry": {"type": "Polygon", "coordinates": [[[-76.47, 3.42], [-76.465, 3.42], [-76.465, 3.425], [-76.47, 3.425], [-76.47, 3.42]]]}}, {"type": "Feature", "properties": {"value": 9.0292, "sigma": 7.6619}, "geometry": {"type": "Polygon", "coordinates": [[[-76.465, 3.42], [-76.46, 3.42], [-76.46, 3.425], [-76.465, 3.425], [-76.465, 3.42]]]}}, {"type": "Feature", "properties": {"value": 9.657, "sigma": 7.6619}, "geometry": {"type": "Polygon", "coordinates": [[[-76.46, 3.42], [-76.455, 3.42], [-76.455, 3.425], [-76.46, 3.425], [-76.46, 3.42]]]}}, {"type": "Feature", "properties": {"value": 10.3086, "sigma": 7.6619}, "geometry": {"type": "Polygon", "coordinates": [[[-76.455, 3.42], [-76.45, 3.42], [-76.45, 3.425], [-76.455, 3.425], [-76.455, 3.42]]]}}, {"type": "Feature", "properties": {"value": 10.2572, "sigma": 7.6619}, "geometry": {"type": "Polygon", "coordinates": [[[-76.45, 3.42], [-76.445, 3.42], [-76.445, 3.425], [-76.45, 3.425], [-76.45, 3.42]]]}}, {"type": "Feature", "properties": {"value": 9.5568, "sigma": 7.6619}, "geometry": {"type": "Polygon", "coordinates": [[[-76.445, 3.42], [-76.44, 3.42], [-76.44, 3.425], [-76.445, 3.425], [-76.445, 3.42]]]}}, {"type": "Feature", "properties": {"value": 8.9071, "sigma": 7.6619}, "geometry": {"type": "Polygon", "coordinates": [[[-76.44, 3.42], [-76.435, 3.42], [-76.435, 3.425], [-76.44, 3.425], [-76.44, 3.42]]]}}, {"type": "Feature", "properties": {"value": 8.5073, "sigma": 7.6619}, "geometry": {"type": "Polygon", "coordinates": [[[-76.435, 3.42], [-76.43, 3.42], [-76.43, 3.425], [-76.435, 3.425], [-76.435, 3.42]]]}}, {"type": "Feature", "properties": {"value": 8.2889, "sigma": 7.6619}, "geometry": {"type": "Polygon", "coordinates": [[[-76.43, 3.42], [-76.425, 3.42], [-76.425, 3.425], [-76.43, 3.425], [-76.43, 3.42]]]}}, {"type": "Feature", "properties": {"value": 8.1742, "sigma": 7.6619}, "geometry": {"type": "Polygon", "coordinates": [[[-76.425, 3.42], [-76.42, 3.42], [-76.42, 3.425], [-76.425, 3.425], [-76.425, 3.42]]]}}, {"type": "Feature", "properties": {"value": 8.1154, "sigma": 7.6619}, "geometry": {"type": "Polygon", "coordinates": [[[-76.42, 3.42], [-76.415, 3.42], [-76.415, 3.425], [-76.42, 3.425], [-76.42, 3.42]]]}}, {"type": "Feature", "properties": {"value": 8.0865, "sigma": 7.6619}, "geometry": {"type": "Polygon", "coordinates": [[[-76.415, 3.42], [-76.41, 3.42], [-76.41, 3.425], [-76.415, 3.425], [-76.415, 3.42]]]}}, {"type": "Feature", "properties": {"value": 8.0736, "sigma": 7.6619}, "geometry": {"type": "Polygon", "coordinates": [[[-76.41, 3.42], [-76.405, 3.42], [-76.405, 3.425], [-76.41, 3.425], [-76.41, 3.42]]]}}, {"type": "Feature", "properties": {"value": 8.0696, "sigma": 7.6619}, "geometry": {"type": "Polygon", "coordinates": [[[-76.405, 3.42], [-76.4, 3.42], [-76.4, 3.425], [-76.405, 3.425], [-76.405, 3.42]]]}}, {"type": "Feature", "properties": {"value": 9.0589, "sigma": 7.6619}, "geometry": {"type": "Polygon", "coordinates": [[[-76.6, 3.425], [-76.595, 3.425], [-76.595, 3.43], [-76.6, 3.43], [-76.6, 3.425]]]}}, {"type": "Feature", "properties": {"value": 9.0479, "sigma": 7.6619}, "geometry": {"type": "Polygon", "coordinates": [[[-76.595, 3.425], [-76.59, 3.425], [-76.59, 3.43], [-76.595, 3.43], [-76.595, 3.425]]]}}, {"type": "Feature", "properties": {"value": 9.0318, "sigma": 7.6619}, "geometry": {"type": "Polygon", "coordinates": [[[-76.59, 3.425], [-76.585, 3.425], [-76.585, 3.43], [-76.59, 3.43], [-76.59, 3.425]]]}}, {"type": "Feature", "properties": {"value": 9.0116, "sigma": 7.6619}, "geometry": {"type": "Polygon", "coordinates": [[[-76.585, 3.425], [-76.58, 3.425], [-76.58, 3.43], [-76.585, 3.43], [-76.585, 3.425]]]}}, {"type": "Feature", "properties": {"value": 8.9891, "sigma": 7.6619}, "geometry": {"type": "Polygon", "coordinates": [[[-76.58, 3.425], [-76.575, 3.425], [-76.575, 3.43], [-76.58, 3.43], [-76.58, 3.425]]]}}, {"type": "Feature", "properties": {"value": 8.9672, "sigma": 7.6619}, "geometry": {"type": "Polygon", "coordinates": [[[-76.575, 3.425], [-76.57, 3.425], [-76.57, 3.43], [-76.575, 3.43], [-76.575, 3.425]]]}}, {"type": "Feature", "properties": {"value": 8.949, "sigma": 7.6619}, "geometry": {"type": "Polygon", "coordinates": [[[-76.57, 3.425], [-76.565, 3.425], [-76.565, 3.43], [-76.57, 3.43], [-76.57, 3.425]]]}}, {"type": "Feature", "properties": {"value": 8.9373, "sigma": 7.6619}, "geometry": {"type": "Polygon", "coordinates": [[[-76.565, 3.425], [-76.56, 3.425], [-76.56, 3.43], [-76.565, 3.43], [-76.565, 3.425]]]}}, {"type": "Feature", "properties": {"value": 8.9338, "sigma": 7.6619}, "geometry": {"type": "Polygon", "coordinates": [[[-76.56, 3.425], [-76.555, 3.425], [-76.555, 3.43], [-76.56, 3.43], [-76.56, 3.425]]]}}, {"type": "Feature", "properties": {"value": 8.9406, "sigma": 7.6619}, "geometry": {"type": "Polygon", "coordinates": [[[-76.555, 3.425], [-76.55, 3.425], [-76.55, 3.43], [-76.555, 3.43], [-76.555, 3.425]]]}}, {"type": "Feature", "properties": {"value": 8.9635, "sigma": 7.6619}, "geometry": {"type": "Polygon", "coordinates": [[[-76.55, 3.425], [-76.545, 3.425], [-76.545, 3.43], [-76.55, 3.43], [-76.55, 3.425]]]}}, {"type": "Feature", "properties": {"value": 9.0133, "sigma": 7.6619}, "geometry": {"type": "Polygon", "coordinates": [[[-76.545, 3.425], [-76.54, 3.425], [-76.54, 3.43], [-76.545, 3.43], [-76.545, 3.425]]]}}, {"type": "Feature", "properties": {"value": 9.1002, "sigma": 7.6619}, "geometry": {"type": "Polygon", "coordinates": [[[-76.54, 3.425], [-76.535, 3.425], [-76.535, 3.43], [-76.54, 3.43], [-76.54, 3.425]]]}}, {"type": "Feature", "properties": {"value": 9.2282, "sigma": 7.6619}, "geometry": {"type": "Polygon", "coordinates": [[[-76.535, 3.425], [-76.53, 3.425], [-76.53, 3.43], [-76.535, 3.43], [-76.535, 3.425]]]}}, {"type": "Feature", "properties": {"value": 9.3906, "sigma": 7.6619}, "geometry": {"type": "Polygon", "coordinates": [[[-76.53, 3.425], [-76.525, 3.425], [-76.525, 3.43], [-76.53, 3.43], [-76.53, 3.425]]]}}, {"type": "Feature", "properties": {"value": 9.5681, "sigma": 7.6619}, "geometry": {"type": "Polygon", "coordinates": [[[-76.525, 3.425], [-76.52, 3.425], [-76.52, 3.43], [-76.525, 3.43], [-76.525, 3.425]]]}}, {"type": "Feature", "properties": {"value": 9.7455, "sigma": 7.6619}, "geometry": {"type": "Polygon", "coordinates": [[[-76.52, 3.425], [-76.515, 3.425], [-76.515, 3.43], [-76.52, 3.43], [-76.52, 3.425]]]}}, {"type": "Feature", "properties": {"value": 10.0239, "sigma": 7.6619}, "geometry": {"type": "Polygon", "coordinates": [[[-76.515, 3.425], [-76.51, 3.425], [-76.51, 3.43], [-76.515, 3.43], [-76.515, 3.425]]]}}, {"type": "Feature", "properties": {"value": 10.7855, "sigma": 7.6619}, "geometry": {"type": "Polygon", "coordinates": [[[-76.51, 3.425], [-76.505, 3.425], [-76.505, 3.43], [-76.51, 3.43], [-76.51, 3.425]]]}}, {"type": "Feature", "properties": {"value": 11.2471, "sigma": 7.6619}, "geometry": {"type": "Polygon", "coordinates": [[[-76.505, 3.425], [-76.5, 3.425], [-76.5, 3.43], [-76.505, 3.43], [-76.505, 3.425]]]}}, {"type": "Feature", "properties": {"value": 10.5857, "sigma": 7.6619}, "geometry": {"type": "Polygon", "coordinates": [[[-76.5, 3.425], [-76.495, 3.425], [-76.495, 3.43], [-76.5, 3.43], [-76.5, 3.425]]]}}, {"type": "Feature", "properties": {"value": 9.8631, "sigma": 7.6619}, "geometry": {"type": "Polygon", "coordinates": [[[-76.495, 3.425], [-76.49, 3.425], [-76.49, 3.43], [-76.495, 3.43], [-76.495, 3.425]]]}}, {"type": "Feature", "properties": {"value": 9.343, "sigma": 7.6619}, "geometry": {"type": "Polygon", "coordinates": [[[-76.49, 3.425], [-76.485, 3.425], [-76.485, 3.43], [-76.49, 3.43], [-76.49, 3.425]]]}}, {"type": "Feature", "properties": {"value": 8.9988, "sigma": 7.6619}, "geometry": {"type": "Polygon", "coordinates": [[[-76.485, 3.425], [-76.48, 3.425], [-76.48, 3.43], [-76.485, 3.43], [-76.485, 3.425]]]}}, {"type": "Feature", "properties": {"value": 8.7982, "sigma": 7.6619}, "geometry": {"type": "Polygon", "coordinates": [[[-76.48, 3.425], [-76.475, 3.425], [-76.475, 3.43], [-76.48, 3.43], [-76.48, 3.425]]]}}, {"type": "Feature", "properties": {"value": 8.74, "sigma": 7.6619}, "geometry": {"type": "Polygon", "coordinates": [[[-76.475, 3.425], [-76.47, 3.425], [-76.47, 3.43], [-76.475, 3.43], [-76.475, 3.425]]]}}, {"type": "Feature", "properties": {"value": 8.8657, "sigma": 7.6619}, "geometry": {"type": "Polygon", "coordinates": [[[-76.47, 3.425], [-76.465, 3.425], [-76.465, 3.43], [-76.47, 3.43], [-76.47, 3.425]]]}}, {"type": "Feature", "properties": {"value": 9.2716, "sigma": 7.6619}, "geometry": {"type": "Polygon", "coordinates": [[[-76.465, 3.425], [-76.46, 3.425], [-76.46, 3.43], [-76.465, 3.43], [-76.465, 3.425]]]}}, {"type": "Feature", "properties": {"value": 10.0635, "sigma": 7.6619}, "geometry": {"type": "Polygon", "coordinates": [[[-76.46, 3.425], [-76.455, 3.425], [-76.455, 3.43], [-76.46, 3.43], [-76.46, 3.425]]]}}, {"type": "Feature", "properties": {"value": 10.9477, "sigma": 7.6619}, "geometry": {"type": "Polygon", "coordinates": [[[-76.455, 3.425], [-76.45, 3.425], [-76.45, 3.43], [-76.455, 3.43], [-76.455, 3.425]]]}}, {"type": "Feature", "properties": {"value": 10.8825, "sigma": 7.6619}, "geometry": {"type": "Polygon", "coordinates": [[[-76.45, 3.425], [-76.445, 3.425], [-76.445, 3.43], [-76.45, 3.43], [-76.45, 3.425]]]}}, {"type": "Feature", "properties": {"value": 9.9739, "sigma": 7.6619}, "geometry": {"type": "Polygon", "coordinates": [[[-76.445, 3.425], [-76.44, 3.425], [-76.44, 3.43], [-76.445, 3.43], [-76.445, 3.425]]]}}, {"type": "Feature", "properties": {"value": 9.1861, "sigma": 7.6619}, "geometry": {"type": "Polygon", "coordinates": [[[-76.44, 3.425], [-76.435, 3.425], [-76.435, 3.43], [-76.44, 3.43], [-76.44, 3.425]]]}}, {"type": "Feature", "properties": {"value": 8.7172, "sigma": 7.6619}, "geometry": {"type": "Polygon", "coordinates": [[[-76.435, 3.425], [-76.43, 3.425], [-76.43, 3.43], [-76.435, 3.43], [-76.435, 3.425]]]}}, {"type": "Feature", "properties": {"value": 8.4599, "sigma": 7.6619}, "geometry": {"type": "Polygon", "coordinates": [[[-76.43, 3.425], [-76.425, 3.425], [-76.425, 3.43], [-76.43, 3.43], [-76.43, 3.425]]]}}, {"type": "Feature", "properties": {"value": 8.3201, "sigma": 7.6619}, "geometry": {"type": "Polygon", "coordinates": [[[-76.425, 3.425], [-76.42, 3.425], [-76.42, 3.43], [-76.425, 3.43], [-76.425, 3.425]]]}}, {"type": "Feature", "properties": {"value": 8.2442, "sigma": 7.6619}, "geometry": {"type": "Polygon", "coordinates": [[[-76.42, 3.425], [-76.415, 3.425], [-76.415, 3.43], [-76.42, 3.43], [-76.42, 3.425]]]}}, {"type": "Feature", "properties": {"value": 8.2035, "sigma": 7.6619}, "geometry": {"type": "Polygon", "coordinates": [[[-76.415, 3.425], [-76.41, 3.425], [-76.41, 3.43], [-76.415, 3.43], [-76.415, 3.425]]]}}, {"type": "Feature", "properties": {"value": 8.1824, "sigma": 7.6619}, "geometry": {"type": "Polygon", "coordinates": [[[-76.41, 3.425], [-76.405, 3.425], [-76.405, 3.43], [-76.41, 3.43], [-76.41, 3.425]]]}}, {"type": "Feature", "properties": {"value": 8.1723, "sigma": 7.6619}, "geometry": {"type": "Polygon", "coordinates": [[[-76.405, 3.425], [-76.4, 3.425], [-76.4, 3.43], [-76.405, 3.43], [-76.405, 3.425]]]}}, {"type": "Feature", "properties": {"value": 9.1118, "sigma": 7.6619}, "geometry": {"type": "Polygon", "coordinates": [[[-76.6, 3.43], [-76.595, 3.43], [-76.595, 3.435], [-76.6, 3.435], [-76.6, 3.43]]]}}, {"type": "Feature", "properties": {"value": 9.0996, "sigma": 7.6619}, "geometry": {"type": "Polygon", "coordinates": [[[-76.595, 3.43], [-76.59, 3.43], [-76.59, 3.435], [-76.595, 3.435], [-76.595, 3.43]]]}}, {"type": "Feature", "properties": {"value": 9.0827, "sigma": 7.6619}, "geometry": {"type": "Polygon", "coordinates": [[[-76.59, 3.43], [-76.585, 3.43], [-76.585, 3.435], [-76.59, 3.435], [-76.59, 3.43]]]}}, {"type": "Feature", "properties": {"value": 9.0622, "sigma": 7.6619}, "geometry": {"type": "Polygon", "coordinates": [[[-76.585, 3.43], [-76.58, 3.43], [-76.58, 3.435], [-76.585, 3.435], [-76.585, 3.43]]]}}, {"type": "Feature", "properties": {"value": 9.0398, "sigma": 7.6619}, "geometry": {"type": "Polygon", "coordinates": [[[-76.58, 3.43], [-76.575, 3.43], [-76.575, 3.435], [-76.58, 3.435], [-76.58, 3.43]]]}}, {"type": "Feature", "properties": {"value": 9.0181, "sigma": 7.6619}, "geometry": {"type": "Polygon", "coordinates": [[[-76.575, 3.43], [-76.57, 3.43], [-76.57, 3.435], [-76.575, 3.435], [-76.575, 3.43]]]}}, {"type": "Feature", "properties": {"value": 8.9998, "sigma": 7.6619}, "geometry": {"type": "Polygon", "coordinates": [[[-76.57, 3.43], [-76.565, 3.43], [-76.565, 3.435], [-76.57, 3.435], [-76.57, 3.43]]]}}, {"type": "Feature", "properties": {"value": 8.9882, "sigma": 7.6619}, "geometry": {"type": "Polygon", "coordinates": [[[-76.565, 3.43], [-76.56, 3.43], [-76.56, 3.435], [-76.565, 3.435], [-76.565, 3.43]]]}}, {"type": "Feature", "properties": {"value": 8.9865, "sigma": 7.6619}, "geometry": {"type": "Polygon", "coordinates": [[[-76.56, 3.43], [-76.555, 3.43], [-76.555, 3.435], [-76.56, 3.435], [-76.56, 3.43]]]}}, {"type": "Feature", "properties": {"value": 8.9988, "sigma": 7.6619}, "geometry": {"type": "Polygon", "coordinates": [[[-76.555, 3.43], [-76.55, 3.43], [-76.55, 3.435], [-76.555, 3.435], [-76.555, 3.43]]]}}, {"type": "Feature", "properties": {"value": 9.0314, "sigma": 7.6619}, "geometry": {"type": "Polygon", "coordinates": [[[-76.55, 3.43], [-76.545, 3.43], [-76.545, 3.435], [-76.55, 3.435], [-76.55, 3.43]]]}}, {"type": "Feature", "properties": {"value": 9.0925, "sigma": 7.6619}, "geometry": {"type": "Polygon", "coordinates": [[[-76.545, 3.43], [-76.54, 3.43], [-76.54, 3.435], [-76.545, 3.435], [-76.545, 3.43]]]}}, {"type": "Feature", "properties": {"value": 9.1899, "sigma": 7.6619}, "geometry": {"type": "Polygon", "coordinates": [[[-76.54, 3.43], [-76.535, 3.43], [-76.535, 3.435], [-76.54, 3.435], [-76.54, 3.43]]]}}, {"type": "Feature", "properties": {"value": 9.3259, "sigma": 7.6619}, "geometry": {"type": "Polygon", "coordinates": [[[-76.535, 3.43], [-76.53, 3.43], [-76.53, 3.435], [-76.535, 3.435], [-76.535, 3.43]]]}}, {"type": "Feature", "properties": {"value": 9.4914, "sigma": 7.6619}, "geometry": {"type": "Polygon", "coordinates": [[[-76.53, 3.43], [-76.525, 3.43], [-76.525, 3.435], [-76.53, 3.435], [-76.53, 3.43]]]}}, {"type": "Feature", "properties": {"value": 9.6565, "sigma": 7.6619}, "geometry": {"type": "Polygon", "coordinates": [[[-76.525, 3.43], [-76.52, 3.43], [-76.52, 3.435], [-76.525, 3.435], [-76.525, 3.43]]]}}, {"type": "Feature", "properties": {"value": 9.77, "sigma": 7.6619}, "geometry": {"type": "Polygon", "coordinates": [[[-76.52, 3.43], [-76.515, 3.43], [-76.515, 3.435], [-76.52, 3.435], [-76.52, 3.43]]]}}, {"type": "Feature", "properties": {"value": 9.8547, "sigma": 7.6619}, "geometry": {"type": "Polygon", "coordinates": [[[-76.515, 3.43], [-76.51, 3.43], [-76.51, 3.435], [-76.515, 3.435], [-76.515, 3.43]]]}}, {"type": "Feature", "properties": {"value": 10.3677, "sigma": 7.6619}, "geometry": {"type": "Polygon", "coordinates": [[[-76.51, 3.43], [-76.505, 3.43], [-76.505, 3.435], [-76.51, 3.435], [-76.51, 3.43]]]}}, {"type": "Feature", "properties": {"value": 10.8728, "sigma": 7.6619}, "geometry": {"type": "Polygon", "coordinates": [[[-76.505, 3.43], [-76.5, 3.43], [-76.5, 3.435], [-76.505, 3.435], [-76.505, 3.43]]]}}, {"type": "Feature", "properties": {"value": 10.4333, "sigma": 7.6619}, "geometry": {"type": "Polygon", "coordinates": [[[-76.5, 3.43], [-76.495, 3.43], [-76.495, 3.435], [-76.5, 3.435], [-76.5, 3.43]]]}}, {"type": "Feature", "properties": {"value": 9.8637, "sigma": 7.6619}, "geometry": {"type": "Polygon", "coordinates": [[[-76.495, 3.43], [-76.49, 3.43], [-76.49, 3.435], [-76.495, 3.435], [-76.495, 3.43]]]}}, {"type": "Feature", "properties": {"value": 9.4159, "sigma": 7.6619}, "geometry": {"type": "Polygon", "coordinates": [[[-76.49, 3.43], [-76.485, 3.43], [-76.485, 3.435], [-76.49, 3.435], [-76.49, 3.43]]]}}, {"type": "Feature", "properties": {"value": 9.0992, "sigma": 7.6619}, "geometry": {"type": "Polygon", "coordinates": [[[-76.485, 3.43], [-76.48, 3.43], [-76.48, 3.435], [-76.485, 3.435], [-76.485, 3.43]]]}}, {"type": "Feature", "properties": {"value": 8.8969, "sigma": 7.6619}, "geometry": {"type": "Polygon", "coordinates": [[[-76.48, 3.43], [-76.475, 3.43], [-76.475, 3.435], [-76.48, 3.435], [-76.48, 3.43]]]}}, {"type": "Feature", "properties": {"value": 8.8129, "sigma": 7.6619}, "geometry": {"type": "Polygon", "coordinates": [[[-76.475, 3.43], [-76.47, 3.43], [-76.47, 3.435], [-76.475, 3.435], [-76.475, 3.43]]]}}, {"type": "Feature", "properties": {"value": 8.8861, "sigma": 7.6619}, "geometry": {"type": "Polygon", "coordinates": [[[-76.47, 3.43], [-76.465, 3.43], [-76.465, 3.435], [-76.47, 3.435], [-76.47, 3.43]]]}}, {"type": "Feature", "properties": {"value": 9.1956, "sigma": 7.6619}, "geometry": {"type": "Polygon", "coordinates": [[[-76.465, 3.43], [-76.46, 3.43], [-76.46, 3.435], [-76.465, 3.435], [-76.465, 3.43]]]}}, {"type": "Feature", "properties": {"value": 9.805, "sigma": 7.6619}, "geometry": {"type": "Polygon", "coordinates": [[[-76.46, 3.43], [-76.455, 3.43], [-76.455, 3.435], [-76.46, 3.435], [-76.46, 3.43]]]}}, {"type": "Feature", "properties": {"value": 10.4538, "sigma": 7.6619}, "geometry": {"type": "Polygon", "coordinates": [[[-76.455, 3.43], [-76.45, 3.43], [-76.45, 3.435], [-76.455, 3.435], [-76.455, 3.43]]]}}, {"type": "Feature", "properties": {"value": 10.4195, "sigma": 7.6619}, "geometry": {"type": "Polygon", "coordinates": [[[-76.45, 3.43], [-76.445, 3.43], [-76.445, 3.435], [-76.45, 3.435], [-76.45, 3.43]]]}}, {"type": "Feature", "properties": {"value": 9.7732, "sigma": 7.6619}, "geometry": {"type": "Polygon", "coordinates": [[[-76.445, 3.43], [-76.44, 3.43], [-76.44, 3.435], [-76.445, 3.435], [-76.445, 3.43]]]}}, {"type": "Feature", "properties": {"value": 9.169, "sigma": 7.6619}, "geometry": {"type": "Polygon", "coordinates": [[[-76.44, 3.43], [-76.435, 3.43], [-76.435, 3.435], [-76.44, 3.435], [-76.44, 3.43]]]}}, {"type": "Feature", "properties": {"value": 8.7854, "sigma": 7.6619}, "geometry": {"type": "Polygon", "coordinates": [[[-76.435, 3.43], [-76.43, 3.43], [-76.43, 3.435], [-76.435, 3.435], [-76.435, 3.43]]]}}, {"type": "Feature", "properties": {"value": 8.5635, "sigma": 7.6619}, "geometry": {"type": "Polygon", "coordinates": [[[-76.43, 3.43], [-76.425, 3.43], [-76.425, 3.435], [-76.43, 3.435], [-76.43, 3.43]]]}}, {"type": "Feature", "properties": {"value": 8.4366, "sigma": 7.6619}, "geometry": {"type": "Polygon", "coordinates": [[[-76.425, 3.43], [-76.42, 3.43], [-76.42, 3.435], [-76.425, 3.435], [-76.425, 3.43]]]}}, {"type": "Feature", "properties": {"value": 8.3635, "sigma": 7.6619}, "geometry": {"type": "Polygon", "coordinates": [[[-76.42, 3.43], [-76.415, 3.43], [-76.415, 3.435], [-76.42, 3.435], [-76.42, 3.43]]]}}, {"type": "Feature", "properties": {"value": 8.3215, "sigma": 7.6619}, "geometry": {"type": "Polygon", "coordinates": [[[-76.415, 3.43], [-76.41, 3.43], [-76.41, 3.435], [-76.415, 3.435], [-76.415, 3.43]]]}}, {"type": "Feature", "properties": {"value": 8.2974, "sigma": 7.6619}, "geometry": {"type": "Polygon", "coordinates": [[[-76.41, 3.43], [-76.405, 3.43], [-76.405, 3.435], [-76.41, 3.435], [-76.41, 3.43]]]}}, {"type": "Feature", "properties": {"value": 8.2836, "sigma": 7.6619}, "geometry": {"type": "Polygon", "coordinates": [[[-76.405, 3.43], [-76.4, 3.43], [-76.4, 3.435], [-76.405, 3.435], [-76.405, 3.43]]]}}, {"type": "Feature", "properties": {"value": 9.1853, "sigma": 7.6619}, "geometry": {"type": "Polygon", "coordinates": [[[-76.6, 3.435], [-76.595, 3.435], [-76.595, 3.44], [-76.6, 3.44], [-76.6, 3.435]]]}}, {"type": "Feature", "properties": {"value": 9.1729, "sigma": 7.6619}, "geometry": {"type": "Polygon", "coordinates": [[[-76.595, 3.435], [-76.59, 3.435], [-76.59, 3.44], [-76.595, 3.44], [-76.595, 3.435]]]}}, {"type": "Feature", "properties": {"value": 9.1554, "sigma": 7.6619}, "geometry": {"type": "Polygon", "coordinates": [[[-76.59, 3.435], [-76.585, 3.435], [-76.585, 3.44], [-76.59, 3.44], [-76.59, 3.435]]]}}, {"type": "Feature", "properties": {"value": 9.134, "sigma": 7.6619}, "geometry": {"type": "Polygon", "coordinates": [[[-76.585, 3.435], [-76.58, 3.435], [-76.58, 3.44], [-76.585, 3.44], [-76.585, 3.435]]]}}, {"type": "Feature", "properties": {"value": 9.1105, "sigma": 7.6619}, "geometry": {"type": "Polygon", "coordinates": [[[-76.58, 3.435], [-76.575, 3.435], [-76.575, 3.44], [-76.58, 3.44], [-76.58, 3.435]]]}}, {"type": "Feature", "properties": {"value": 9.0873, "sigma": 7.6619}, "geometry": {"type": "Polygon", "coordinates": [[[-76.575, 3.435], [-76.57, 3.435], [-76.57, 3.44], [-76.575, 3.44], [-76.575, 3.435]]]}}, {"type": "Feature", "properties": {"value": 9.0674, "sigma": 7.6619}, "geometry": {"type": "Polygon", "coordinates": [[[-76.57, 3.435], [-76.565, 3.435], [-76.565, 3.44], [-76.57, 3.44], [-76.57, 3.435]]]}}, {"type": "Feature", "properties": {"value": 9.0543, "sigma": 7.6619}, "geometry": {"type": "Polygon", "coordinates": [[[-76.565, 3.435], [-76.56, 3.435], [-76.56, 3.44], [-76.565, 3.44], [-76.565, 3.435]]]}}, {"type": "Feature", "properties": {"value": 9.0517, "sigma": 7.6619}, "geometry": {"type": "Polygon", "coordinates": [[[-76.56, 3.435], [-76.555, 3.435], [-76.555, 3.44], [-76.56, 3.44], [-76.56, 3.435]]]}}, {"type": "Feature", "properties": {"value": 9.0644, "sigma": 7.6619}, "geometry": {"type": "Polygon", "coordinates": [[[-76.555, 3.435], [-76.55, 3.435], [-76.55, 3.44], [-76.555, 3.44], [-76.555, 3.435]]]}}, {"type": "Feature", "properties": {"value": 9.0977, "sigma": 7.6619}, "geometry": {"type": "Polygon", "coordinates": [[[-76.55, 3.435], [-76.545, 3.435], [-76.545, 3.44], [-76.55, 3.44], [-76.55, 3.435]]]}}, {"type": "Feature", "properties": {"value": 9.1584, "sigma": 7.6619}, "geometry": {"type": "Polygon", "coordinates": [[[-76.545, 3.435], [-76.54, 3.435], [-76.54, 3.44], [-76.545, 3.44], [-76.545, 3.435]]]}}, {"type": "Feature", "properties": {"value": 9.2521, "sigma": 7.6619}, "geometry": {"type": "Polygon", "coordinates": [[[-76.54, 3.435], [-76.535, 3.435], [-76.535, 3.44], [-76.54, 3.44], [-76.54, 3.435]]]}}, {"type": "Feature", "properties": {"value": 9.3801, "sigma": 7.6619}, "geometry": {"type": "Polygon", "coordinates": [[[-76.535, 3.435], [-76.53, 3.435], [-76.53, 3.44], [-76.535, 3.44], [-76.535, 3.435]]]}}, {"type": "Feature", "properties": {"value": 9.5328, "sigma": 7.6619}, "geometry": {"type": "Polygon", "coordinates": [[[-76.53, 3.435], [-76.525, 3.435], [-76.525, 3.44], [-76.53, 3.44], [-76.53, 3.435]]]}}, {"type": "Feature", "properties": {"value": 9.6803, "sigma": 7.6619}, "geometry": {"type": "Polygon", "coordinates": [[[-76.525, 3.435], [-76.52, 3.435], [-76.52, 3.44], [-76.525, 3.44], [-76.525, 3.435]]]}}, {"type": "Feature", "properties": {"value": 9.7678, "sigma": 7.6619}, "geometry": {"type": "Polygon", "coordinates": [[[-76.52, 3.435], [-76.515, 3.435], [-76.515, 3.44], [-76.52, 3.44], [-76.52, 3.435]]]}}, {"type": "Feature", "properties": {"value": 9.7914, "sigma": 7.6619}, "geometry": {"type": "Polygon", "coordinates": [[[-76.515, 3.435], [-76.51, 3.435], [-76.51, 3.44], [-76.515, 3.44], [-76.515, 3.435]]]}}, {"type": "Feature", "properties": {"value": 9.9107, "sigma": 7.6619}, "geometry": {"type": "Polygon", "coordinates": [[[-76.51, 3.435], [-76.505, 3.435], [-76.505, 3.44], [-76.51, 3.44], [-76.51, 3.435]]]}}, {"type": "Feature", "properties": {"value": 10.1223, "sigma": 7.6619}, "geometry": {"type": "Polygon", "coordinates": [[[-76.505, 3.435], [-76.5, 3.435], [-76.5, 3.44], [-76.505, 3.44], [-76.505, 3.435]]]}}, {"type": "Feature", "properties": {"value": 10.0126, "sigma": 7.6619}, "geometry": {"type": "Polygon", "coordinates": [[[-76.5, 3.435], [-76.495, 3.435], [-76.495, 3.44], [-76.5, 3.44], [-76.5, 3.435]]]}}, {"type": "Feature", "properties": {"value": 9.7085, "sigma": 7.6619}, "geometry": {"type": "Polygon", "coordinates": [[[-76.495, 3.435], [-76.49, 3.435], [-76.49, 3.44], [-76.495, 3.44], [-76.495, 3.435]]]}}, {"type": "Feature", "properties": {"value": 9.399, "sigma": 7.6619}, "geometry": {"type": "Polygon", "coordinates": [[[-76.49, 3.435], [-76.485, 3.435], [-76.485, 3.44], [-76.49, 3.44], [-76.49, 3.435]]]}}, {"type": "Feature", "properties": {"value": 9.1414, "sigma": 7.6619}, "geometry": {"type": "Polygon", "coordinates": [[[-76.485, 3.435], [-76.48, 3.435], [-76.48, 3.44], [-76.485, 3.44], [-76.485, 3.435]]]}}, {"type": "Feature", "properties": {"value": 8.941, "sigma": 7.6619}, "geometry": {"type": "Polygon", "coordinates": [[[-76.48, 3.435], [-76.475, 3.435], [-76.475, 3.44], [-76.48, 3.44], [-76.48, 3.435]]]}}, {"type": "Feature", "properties": {"value": 8.8075, "sigma": 7.6619}, "geometry": {"type": "Polygon", "coordinates": [[[-76.475, 3.435], [-76.47, 3.435], [-76.47, 3.44], [-76.475, 3.44], [-76.475, 3.435]]]}}, {"type": "Feature", "properties": {"value": 8.7718, "sigma": 7.6619}, "geometry": {"type": "Polygon", "coordinates": [[[-76.47, 3.435], [-76.465, 3.435], [-76.465, 3.44], [-76.47, 3.44], [-76.47, 3.435]]]}}, {"type": "Feature", "properties": {"value": 8.8825, "sigma": 7.6619}, "geometry": {"type": "Polygon", "coordinates": [[[-76.465, 3.435], [-76.46, 3.435], [-76.46, 3.44], [-76.465, 3.44], [-76.465, 3.435]]]}}, {"type": "Feature", "properties": {"value": 9.1616, "sigma": 7.6619}, "geometry": {"type": "Polygon", "coordinates": [[[-76.46, 3.435], [-76.455, 3.435], [-76.455, 3.44], [-76.46, 3.44], [-76.46, 3.435]]]}}, {"type": "Feature", "properties": {"value": 9.466, "sigma": 7.6619}, "geometry": {"type": "Polygon", "coordinates": [[[-76.455, 3.435], [-76.45, 3.435], [-76.45, 3.44], [-76.455, 3.44], [-76.455, 3.435]]]}}, {"type": "Feature", "properties": {"value": 9.4935, "sigma": 7.6619}, "geometry": {"type": "Polygon", "coordinates": [[[-76.45, 3.435], [-76.445, 3.435], [-76.445, 3.44], [-76.45, 3.44], [-76.45, 3.435]]]}}, {"type": "Feature", "properties": {"value": 9.2411, "sigma": 7.6619}, "geometry": {"type": "Polygon", "coordinates": [[[-76.445, 3.435], [-76.44, 3.435], [-76.44, 3.44], [-76.445, 3.44], [-76.445, 3.435]]]}}, {"type": "Feature", "properties": {"value": 8.9553, "sigma": 7.6619}, "geometry": {"type": "Polygon", "coordinates": [[[-76.44, 3.435], [-76.435, 3.435], [-76.435, 3.44], [-76.44, 3.44], [-76.44, 3.435]]]}}, {"type": "Feature", "properties": {"value": 8.7469, "sigma": 7.6619}, "geometry": {"type": "Polygon", "coordinates": [[[-76.435, 3.435], [-76.43, 3.435], [-76.43, 3.44], [-76.435, 3.44], [-76.435, 3.435]]]}}, {"type": "Feature", "properties": {"value": 8.6126, "sigma": 7.6619}, "geometry": {"type": "Polygon", "coordinates": [[[-76.43, 3.435], [-76.425, 3.435], [-76.425, 3.44], [-76.43, 3.44], [-76.43, 3.435]]]}}, {"type": "Feature", "properties": {"value": 8.5278, "sigma": 7.6619}, "geometry": {"type": "Polygon", "coordinates": [[[-76.425, 3.435], [-76.42, 3.435], [-76.42, 3.44], [-76.425, 3.44], [-76.425, 3.435]]]}}, {"type": "Feature", "properties": {"value": 8.4742, "sigma": 7.6619}, "geometry": {"type": "Polygon", "coordinates": [[[-76.42, 3.435], [-76.415, 3.435], [-76.415, 3.44], [-76.42, 3.44], [-76.42, 3.435]]]}}, {"type": "Feature", "properties": {"value": 8.4402, "sigma": 7.6619}, "geometry": {"type": "Polygon", "coordinates": [[[-76.415, 3.435], [-76.41, 3.435], [-76.41, 3.44], [-76.415, 3.44], [-76.415, 3.435]]]}}, {"type": "Feature", "properties": {"value": 8.4184, "sigma": 7.6619}, "geometry": {"type": "Polygon", "coordinates": [[[-76.41, 3.435], [-76.405, 3.435], [-76.405, 3.44], [-76.41, 3.44], [-76.41, 3.435]]]}}, {"type": "Feature", "properties": {"value": 8.4038, "sigma": 7.6619}, "geometry": {"type": "Polygon", "coordinates": [[[-76.405, 3.435], [-76.4, 3.435], [-76.4, 3.44], [-76.405, 3.44], [-76.405, 3.435]]]}}, {"type": "Feature", "properties": {"value": 9.2805, "sigma": 7.6619}, "geometry": {"type": "Polygon", "coordinates": [[[-76.6, 3.44], [-76.595, 3.44], [-76.595, 3.445], [-76.6, 3.445], [-76.6, 3.44]]]}}, {"type": "Feature", "properties": {"value": 9.2687, "sigma": 7.6619}, "geometry": {"type": "Polygon", "coordinates": [[[-76.595, 3.44], [-76.59, 3.44], [-76.59, 3.445], [-76.595, 3.445], [-76.595, 3.44]]]}}, {"type": "Feature", "properties": {"value": 9.251, "sigma": 7.6619}, "geometry": {"type": "Polygon", "coordinates": [[[-76.59, 3.44], [-76.585, 3.44], [-76.585, 3.445], [-76.59, 3.445], [-76.59, 3.44]]]}}, {"type": "Feature", "properties": {"value": 9.2283, "sigma": 7.6619}, "geometry": {"type": "Polygon", "coordinates": [[[-76.585, 3.44], [-76.58, 3.44], [-76.58, 3.445], [-76.585, 3.445], [-76.585, 3.44]]]}}, {"type": "Feature", "properties": {"value": 9.2023, "sigma": 7.6619}, "geometry": {"type": "Polygon", "coordinates": [[[-76.58, 3.44], [-76.575, 3.44], [-76.575, 3.445], [-76.58, 3.445], [-76.58, 3.44]]]}}, {"type": "Feature", "properties": {"value": 9.1756, "sigma": 7.6619}, "geometry": {"type": "Polygon", "coordinates": [[[-76.575, 3.44], [-76.57, 3.44], [-76.57, 3.445], [-76.575, 3.445], [-76.575, 3.44]]]}}, {"type": "Feature", "properties": {"value": 9.1513, "sigma": 7.6619}, "geometry": {"type": "Polygon", "coordinates": [[[-76.57, 3.44], [-76.565, 3.44], [-76.565, 3.445], [-76.57, 3.445], [-76.57, 3.44]]]}}, {"type": "Feature", "properties": {"value": 9.1331, "sigma": 7.6619}, "geometry": {"type": "Polygon", "coordinates": [[[-76.565, 3.44], [-76.56, 3.44], [-76.56, 3.445], [-76.565, 3.445], [-76.565, 3.44]]]}}, {"type": "Feature", "properties": {"value": 9.125, "sigma": 7.6619}, "geometry": {"type": "Polygon", "coordinates": [[[-76.56, 3.44], [-76.555, 3.44], [-76.555, 3.445], [-76.56, 3.445], [-76.56, 3.44]]]}}, {"type": "Feature", "properties": {"value": 9.1314, "sigma": 7.6619}, "geometry": {"type": "Polygon", "coordinates": [[[-76.555, 3.44], [-76.55, 3.44], [-76.55, 3.445], [-76.555, 3.445], [-76.555, 3.44]]]}}, {"type": "Feature", "properties": {"value": 9.1574, "sigma": 7.6619}, "geometry": {"type": "Polygon", "coordinates": [[[-76.55, 3.44], [-76.545, 3.44], [-76.545, 3.445], [-76.55, 3.445], [-76.55, 3.44]]]}}, {"type": "Feature", "properties": {"value": 9.2079, "sigma": 7.6619}, "geometry": {"type": "Polygon", "coordinates": [[[-76.545, 3.44], [-76.54, 3.44], [-76.54, 3.445], [-76.545, 3.445], [-76.545, 3.44]]]}}, {"type": "Feature", "properties": {"value": 9.2871, "sigma": 7.6619}, "geometry": {"type": "Polygon", "coordinates": [[[-76.54, 3.44], [-76.535, 3.44], [-76.535, 3.445], [-76.54, 3.445], [-76.54, 3.44]]]}}, {"type": "Feature", "properties": {"value": 9.395, "sigma": 7.6619}, "geometry": {"type": "Polygon", "coordinates": [[[-76.535, 3.44], [-76.53, 3.44], [-76.53, 3.445], [-76.535, 3.445], [-76.535, 3.44]]]}}, {"type": "Feature", "properties": {"value": 9.5231, "sigma": 7.6619}, "geometry": {"type": "Polygon", "coordinates": [[[-76.53, 3.44], [-76.525, 3.44], [-76.525, 3.445], [-76.53, 3.445], [-76.53, 3.44]]]}}, {"type": "Feature", "properties": {"value": 9.6485, "sigma": 7.6619}, "geometry": {"type": "Polygon", "coordinates": [[[-76.525, 3.44], [-76.52, 3.44], [-76.52, 3.445], [-76.525, 3.445], [-76.525, 3.44]]]}}, {"type": "Feature", "properties": {"value": 9.7354, "sigma": 7.6619}, "geometry": {"type": "Polygon", "coordinates": [[[-76.52, 3.44], [-76.515, 3.44], [-76.515, 3.445], [-76.52, 3.445], [-76.52, 3.44]]]}}, {"type": "Feature", "properties": {"value": 9.7687, "sigma": 7.6619}, "geometry": {"type": "Polygon", "coordinates": [[[-76.515, 3.44], [-76.51, 3.44], [-76.51, 3.445], [-76.515, 3.445], [-76.515, 3.44]]]}}, {"type": "Feature", "properties": {"value": 9.7949, "sigma": 7.6619}, "geometry": {"type": "Polygon", "coordinates": [[[-76.51, 3.44], [-76.505, 3.44], [-76.505, 3.445], [-76.51, 3.445], [-76.51, 3.44]]]}}, {"type": "Feature", "properties": {"value": 9.8159, "sigma": 7.6619}, "geometry": {"type": "Polygon", "coordinates": [[[-76.505, 3.44], [-76.5, 3.44], [-76.5, 3.445], [-76.505, 3.445], [-76.505, 3.44]]]}}, {"type": "Feature", "properties": {"value": 9.739, "sigma": 7.6619}, "geometry": {"type": "Polygon", "coordinates": [[[-76.5, 3.44], [-76.495, 3.44], [-76.495, 3.445], [-76.5, 3.445], [-76.5, 3.44]]]}}, {"type": "Feature", "properties": {"value": 9.5717, "sigma": 7.6619}, "geometry": {"type": "Polygon", "coordinates": [[[-76.495, 3.44], [-76.49, 3.44], [-76.49, 3.445], [-76.495, 3.445], [-76.495, 3.44]]]}}, {"type": "Feature", "properties": {"value": 9.3771, "sigma": 7.6619}, "geometry": {"type": "Polygon", "coordinates": [[[-76.49, 3.44], [-76.485, 3.44], [-76.485, 3.445], [-76.49, 3.445], [-76.49, 3.44]]]}}, {"type": "Feature", "properties": {"value": 9.1765, "sigma": 7.6619}, "geometry": {"type": "Polygon", "coordinates": [[[-76.485, 3.44], [-76.48, 3.44], [-76.48, 3.445], [-76.485, 3.445], [-76.485, 3.44]]]}}, {"type": "Feature", "properties": {"value": 8.967, "sigma": 7.6619}, "geometry": {"type": "Polygon", "coordinates": [[[-76.48, 3.44], [-76.475, 3.44], [-76.475, 3.445], [-76.48, 3.445], [-76.48, 3.44]]]}}, {"type": "Feature", "properties": {"value": 8.7569, "sigma": 7.6619}, "geometry": {"type": "Polygon", "coordinates": [[[-76.475, 3.44], [-76.47, 3.44], [-76.47, 3.445], [-76.475, 3.445], [-76.475, 3.44]]]}}, {"type": "Feature", "properties": {"value": 8.5688, "sigma": 7.6619}, "geometry": {"type": "Polygon", "coordinates": [[[-76.47, 3.44], [-76.465, 3.44], [-76.465, 3.445], [-76.47, 3.445], [-76.47, 3.44]]]}}, {"type": "Feature", "properties": {"value": 8.4372, "sigma": 7.6619}, "geometry": {"type": "Polygon", "coordinates": [[[-76.465, 3.44], [-76.46, 3.44], [-76.46, 3.445], [-76.465, 3.445], [-76.465, 3.44]]]}}, {"type": "Feature", "properties": {"value": 8.4104, "sigma": 7.6619}, "geometry": {"type": "Polygon", "coordinates": [[[-76.46, 3.44], [-76.455, 3.44], [-76.455, 3.445], [-76.46, 3.445], [-76.46, 3.44]]]}}, {"type": "Feature", "properties": {"value": 8.5064, "sigma": 7.6619}, "geometry": {"type": "Polygon", "coordinates": [[[-76.455, 3.44], [-76.45, 3.44], [-76.45, 3.445], [-76.455, 3.445], [-76.455, 3.44]]]}}, {"type": "Feature", "properties": {"value": 8.6359, "sigma": 7.6619}, "geometry": {"type": "Polygon", "coordinates": [[[-76.45, 3.44], [-76.445, 3.44], [-76.445, 3.445], [-76.45, 3.445], [-76.45, 3.44]]]}}, {"type": "Feature", "properties": {"value": 8.7004, "sigma": 7.6619}, "geometry": {"type": "Polygon", "coordinates": [[[-76.445, 3.44], [-76.44, 3.44], [-76.44, 3.445], [-76.445, 3.445], [-76.445, 3.44]]]}}, {"type": "Feature", "properties": {"value": 8.7025, "sigma": 7.6619}, "geometry": {"type": "Polygon", "coordinates": [[[-76.44, 3.44], [-76.435, 3.44], [-76.435, 3.445], [-76.44, 3.445], [-76.44, 3.44]]]}}, {"type": "Feature", "properties": {"value": 8.677, "sigma": 7.6619}, "geometry": {"type": "Polygon", "coordinates": [[[-76.435, 3.44], [-76.43, 3.44], [-76.43, 3.445], [-76.435, 3.445], [-76.435, 3.44]]]}}, {"type": "Feature", "properties": {"value": 8.6441, "sigma": 7.6619}, "geometry": {"type": "Polygon", "coordinates": [[[-76.43, 3.44], [-76.425, 3.44], [-76.425, 3.445], [-76.43, 3.445], [-76.43, 3.44]]]}}, {"type": "Feature", "properties": {"value": 8.6123, "sigma": 7.6619}, "geometry": {"type": "Polygon", "coordinates": [[[-76.425, 3.44], [-76.42, 3.44], [-76.42, 3.445], [-76.425, 3.445], [-76.425, 3.44]]]}}, {"type": "Feature", "properties": {"value": 8.5854, "sigma": 7.6619}, "geometry": {"type": "Polygon", "coordinates": [[[-76.42, 3.44], [-76.415, 3.44], [-76.415, 3.445], [-76.42, 3.445], [-76.42, 3.44]]]}}, {"type": "Feature", "properties": {"value": 8.5644, "sigma": 7.6619}, "geometry": {"type": "Polygon", "coordinates": [[[-76.415, 3.44], [-76.41, 3.44], [-76.41, 3.445], [-76.415, 3.445], [-76.415, 3.44]]]}}, {"type": "Feature", "properties": {"value": 8.5484, "sigma": 7.6619}, "geometry": {"type": "Polygon", "coordinates": [[[-76.41, 3.44], [-76.405, 3.44], [-76.405, 3.445], [-76.41, 3.445], [-76.41, 3.44]]]}}, {"type": "Feature", "properties": {"value": 8.5352, "sigma": 7.6619}, "geometry": {"type": "Polygon", "coordinates": [[[-76.405, 3.44], [-76.4, 3.44], [-76.4, 3.445], [-76.405, 3.445], [-76.405, 3.44]]]}}, {"type": "Feature", "properties": {"value": 9.3992, "sigma": 7.6619}, "geometry": {"type": "Polygon", "coordinates": [[[-76.6, 3.445], [-76.595, 3.445], [-76.595, 3.45], [-76.6, 3.45], [-76.6, 3.445]]]}}, {"type": "Feature", "properties": {"value": 9.3894, "sigma": 7.6619}, "geometry": {"type": "Polygon", "coordinates": [[[-76.595, 3.445], [-76.59, 3.445], [-76.59, 3.45], [-76.595, 3.45], [-76.595, 3.445]]]}}, {"type": "Feature", "properties": {"value": 9.372, "sigma": 7.6619}, "geometry": {"type": "Polygon", "coordinates": [[[-76.59, 3.445], [-76.585, 3.445], [-76.585, 3.45], [-76.59, 3.45], [-76.59, 3.445]]]}}, {"type": "Feature", "properties": {"value": 9.3475, "sigma": 7.6619}, "geometry": {"type": "Polygon", "coordinates": [[[-76.585, 3.445], [-76.58, 3.445], [-76.58, 3.45], [-76.585, 3.45], [-76.585, 3.445]]]}}, {"type": "Feature", "properties": {"value": 9.3178, "sigma": 7.6619}, "geometry": {"type": "Polygon", "coordinates": [[[-76.58, 3.445], [-76.575, 3.445], [-76.575, 3.45], [-76.58, 3.45], [-76.58, 3.445]]]}}, {"type": "Feature", "properties": {"value": 9.2852, "sigma": 7.6619}, "geometry": {"type": "Polygon", "coordinates": [[[-76.575, 3.445], [-76.57, 3.445], [-76.57, 3.45], [-76.575, 3.45], [-76.575, 3.445]]]}}, {"type": "Feature", "properties": {"value": 9.2531, "sigma": 7.6619}, "geometry": {"type": "Polygon", "coordinates": [[[-76.57, 3.445], [-76.565, 3.445], [-76.565, 3.45], [-76.57, 3.45], [-76.57, 3.445]]]}}, {"type": "Feature", "properties": {"value": 9.2253, "sigma": 7.6619}, "geometry": {"type": "Polygon", "coordinates": [[[-76.565, 3.445], [-76.56, 3.445], [-76.56, 3.45], [-76.565, 3.45], [-76.565, 3.445]]]}}, {"type": "Feature", "properties": {"value": 9.2062, "sigma": 7.6619}, "geometry": {"type": "Polygon", "coordinates": [[[-76.56, 3.445], [-76.555, 3.445], [-76.555, 3.45], [-76.56, 3.45], [-76.56, 3.445]]]}}, {"type": "Feature", "properties": {"value": 9.2001, "sigma": 7.6619}, "geometry": {"type": "Polygon", "coordinates": [[[-76.555, 3.445], [-76.55, 3.445], [-76.55, 3.45], [-76.555, 3.45], [-76.555, 3.445]]]}}, {"type": "Feature", "properties": {"value": 9.2115, "sigma": 7.6619}, "geometry": {"type": "Polygon", "coordinates": [[[-76.55, 3.445], [-76.545, 3.445], [-76.545, 3.45], [-76.55, 3.45], [-76.55, 3.445]]]}}, {"type": "Feature", "properties": {"value": 9.2446, "sigma": 7.6619}, "geometry": {"type": "Polygon", "coordinates": [[[-76.545, 3.445], [-76.54, 3.445], [-76.54, 3.45], [-76.545, 3.45], [-76.545, 3.445]]]}}, {"type": "Feature", "properties": {"value": 9.302, "sigma": 7.6619}, "geometry": {"type": "Polygon", "coordinates": [[[-76.54, 3.445], [-76.535, 3.445], [-76.535, 3.45], [-76.54, 3.45], [-76.54, 3.445]]]}}, {"type": "Feature", "properties": {"value": 9.383, "sigma": 7.6619}, "geometry": {"type": "Polygon", "coordinates": [[[-76.535, 3.445], [-76.53, 3.445], [-76.53, 3.45], [-76.535, 3.45], [-76.535, 3.445]]]}}, {"type": "Feature", "properties": {"value": 9.48, "sigma": 7.6619}, "geometry": {"type": "Polygon", "coordinates": [[[-76.53, 3.445], [-76.525, 3.445], [-76.525, 3.45], [-76.53, 3.45], [-76.53, 3.445]]]}}, {"type": "Feature", "properties": {"value": 9.5765, "sigma": 7.6619}, "geometry": {"type": "Polygon", "coordinates": [[[-76.525, 3.445], [-76.52, 3.445], [-76.52, 3.45], [-76.525, 3.45], [-76.525, 3.445]]]}}, {"type": "Feature", "properties": {"value": 9.6493, "sigma": 7.6619}, "geometry": {"type": "Polygon", "coordinates": [[[-76.52, 3.445], [-76.515, 3.445], [-76.515, 3.45], [-76.52, 3.45], [-76.52, 3.445]]]}}, {"type": "Feature", "properties": {"value": 9.6835, "sigma": 7.6619}, "geometry": {"type": "Polygon", "coordinates": [[[-76.515, 3.445], [-76.51, 3.445], [-76.51, 3.45], [-76.515, 3.45], [-76.515, 3.445]]]}}, {"type": "Feature", "properties": {"value": 9.6854, "sigma": 7.6619}, "geometry": {"type": "Polygon", "coordinates": [[[-76.51, 3.445], [-76.505, 3.445], [-76.505, 3.45], [-76.51, 3.45], [-76.51, 3.445]]]}}, {"type": "Feature", "properties": {"value": 9.6612, "sigma": 7.6619}, "geometry": {"type": "Polygon", "coordinates": [[[-76.505, 3.445], [-76.5, 3.445], [-76.5, 3.45], [-76.505, 3.45], [-76.505, 3.445]]]}}, {"type": "Feature", "properties": {"value": 9.6055, "sigma": 7.6619}, "geometry": {"type": "Polygon", "coordinates": [[[-76.5, 3.445], [-76.495, 3.445], [-76.495, 3.45], [-76.5, 3.45], [-76.5, 3.445]]]}}, {"type": "Feature", "properties": {"value": 9.5284, "sigma": 7.6619}, "geometry": {"type": "Polygon", "coordinates": [[[-76.495, 3.445], [-76.49, 3.445], [-76.49, 3.45], [-76.495, 3.45], [-76.495, 3.445]]]}}, {"type": "Feature", "properties": {"value": 9.4302, "sigma": 7.6619}, "geometry": {"type": "Polygon", "coordinates": [[[-76.49, 3.445], [-76.485, 3.445], [-76.485, 3.45], [-76.49, 3.45], [-76.49, 3.445]]]}}, {"type": "Feature", "properties": {"value": 9.2728, "sigma": 7.6619}, "geometry": {"type": "Polygon", "coordinates": [[[-76.485, 3.445], [-76.48, 3.445], [-76.48, 3.45], [-76.485, 3.45], [-76.485, 3.445]]]}}, {"type": "Feature", "properties": {"value": 9.0287, "sigma": 7.6619}, "geometry": {"type": "Polygon", "coordinates": [[[-76.48, 3.445], [-76.475, 3.445], [-76.475, 3.45], [-76.48, 3.45], [-76.48, 3.445]]]}}, {"type": "Feature", "properties": {"value": 8.7075, "sigma": 7.6619}, "geometry": {"type": "Polygon", "coordinates": [[[-76.475, 3.445], [-76.47, 3.445], [-76.47, 3.45], [-76.475, 3.45], [-76.475, 3.445]]]}}, {"type": "Feature", "properties": {"value": 8.3207, "sigma": 7.6619}, "geometry": {"type": "Polygon", "coordinates": [[[-76.47, 3.445], [-76.465, 3.445], [-76.465, 3.45], [-76.47, 3.45], [-76.47, 3.445]]]}}, {"type": "Feature", "properties": {"value": 7.8837, "sigma": 7.6619}, "geometry": {"type": "Polygon", "coordinates": [[[-76.465, 3.445], [-76.46, 3.445], [-76.46, 3.45], [-76.465, 3.45], [-76.465, 3.445]]]}}, {"type": "Feature", "properties": {"value": 7.5198, "sigma": 7.6619}, "geometry": {"type": "Polygon", "coordinates": [[[-76.46, 3.445], [-76.455, 3.445], [-76.455, 3.45], [-76.46, 3.45], [-76.46, 3.445]]]}}, {"type": "Feature", "properties": {"value": 7.5043, "sigma": 7.6619}, "geometry": {"type": "Polygon", "coordinates": [[[-76.455, 3.445], [-76.45, 3.445], [-76.45, 3.45], [-76.455, 3.45], [-76.455, 3.445]]]}}, {"type": "Feature", "properties": {"value": 7.8602, "sigma": 7.6619}, "geometry": {"type": "Polygon", "coordinates": [[[-76.45, 3.445], [-76.445, 3.445], [-76.445, 3.45], [-76.45, 3.45], [-76.45, 3.445]]]}}, {"type": "Feature", "properties": {"value": 8.2582, "sigma": 7.6619}, "geometry": {"type": "Polygon", "coordinates": [[[-76.445, 3.445], [-76.44, 3.445], [-76.44, 3.45], [-76.445, 3.45], [-76.445, 3.445]]]}}, {"type": "Feature", "properties": {"value": 8.5185, "sigma": 7.6619}, "geometry": {"type": "Polygon", "coordinates": [[[-76.44, 3.445], [-76.435, 3.445], [-76.435, 3.45], [-76.44, 3.45], [-76.44, 3.445]]]}}, {"type": "Feature", "properties": {"value": 8.6499, "sigma": 7.6619}, "geometry": {"type": "Polygon", "coordinates": [[[-76.435, 3.445], [-76.43, 3.445], [-76.43, 3.45], [-76.435, 3.45], [-76.435, 3.445]]]}}, {"type": "Feature", "properties": {"value": 8.7019, "sigma": 7.6619}, "geometry": {"type": "Polygon", "coordinates": [[[-76.43, 3.445], [-76.425, 3.445], [-76.425, 3.45], [-76.43, 3.45], [-76.43, 3.445]]]}}, {"type": "Feature", "properties": {"value": 8.7141, "sigma": 7.6619}, "geometry": {"type": "Polygon", "coordinates": [[[-76.425, 3.445], [-76.42, 3.445], [-76.42, 3.45], [-76.425, 3.45], [-76.425, 3.445]]]}}, {"type": "Feature", "properties": {"value": 8.7104, "sigma": 7.6619}, "geometry": {"type": "Polygon", "coordinates": [[[-76.42, 3.445], [-76.415, 3.445], [-76.415, 3.45], [-76.42, 3.45], [-76.42, 3.445]]]}}, {"type": "Feature", "properties": {"value": 8.7021, "sigma": 7.6619}, "geometry": {"type": "Polygon", "coordinates": [[[-76.415, 3.445], [-76.41, 3.445], [-76.41, 3.45], [-76.415, 3.45], [-76.415, 3.445]]]}}, {"type": "Feature", "properties": {"value": 8.6928, "sigma": 7.6619}, "geometry": {"type": "Polygon", "coordinates": [[[-76.41, 3.445], [-76.405, 3.445], [-76.405, 3.45], [-76.41, 3.45], [-76.41, 3.445]]]}}, {"type": "Feature", "properties": {"value": 8.682, "sigma": 7.6619}, "geometry": {"type": "Polygon", "coordinates": [[[-76.405, 3.445], [-76.4, 3.445], [-76.4, 3.45], [-76.405, 3.45], [-76.405, 3.445]]]}}, {"type": "Feature", "properties": {"value": 9.5442, "sigma": 7.6619}, "geometry": {"type": "Polygon", "coordinates": [[[-76.6, 3.45], [-76.595, 3.45], [-76.595, 3.455], [-76.6, 3.455], [-76.6, 3.45]]]}}, {"type": "Feature", "properties": {"value": 9.5384, "sigma": 7.6619}, "geometry": {"type": "Polygon", "coordinates": [[[-76.595, 3.45], [-76.59, 3.45], [-76.59, 3.455], [-76.595, 3.455], [-76.595, 3.45]]]}}, {"type": "Feature", "properties": {"value": 9.5223, "sigma": 7.6619}, "geometry": {"type": "Polygon", "coordinates": [[[-76.59, 3.45], [-76.585, 3.45], [-76.585, 3.455], [-76.59, 3.455], [-76.59, 3.45]]]}}, {"type": "Feature", "properties": {"value": 9.4962, "sigma": 7.6619}, "geometry": {"type": "Polygon", "coordinates": [[[-76.585, 3.45], [-76.58, 3.45], [-76.58, 3.455], [-76.585, 3.455], [-76.585, 3.45]]]}}, {"type": "Feature", "properties": {"value": 9.4613, "sigma": 7.6619}, "geometry": {"type": "Polygon", "coordinates": [[[-76.58, 3.45], [-76.575, 3.45], [-76.575, 3.455], [-76.58, 3.455], [-76.58, 3.45]]]}}, {"type": "Feature", "properties": {"value": 9.4203, "sigma": 7.6619}, "geometry": {"type": "Polygon", "coordinates": [[[-76.575, 3.45], [-76.57, 3.45], [-76.57, 3.455], [-76.575, 3.455], [-76.575, 3.45]]]}}, {"type": "Feature", "properties": {"value": 9.3764, "sigma": 7.6619}, "geometry": {"type": "Polygon", "coordinates": [[[-76.57, 3.45], [-76.565, 3.45], [-76.565, 3.455], [-76.57, 3.455], [-76.57, 3.45]]]}}, {"type": "Feature", "properties": {"value": 9.3342, "sigma": 7.6619}, "geometry": {"type": "Polygon", "coordinates": [[[-76.565, 3.45], [-76.56, 3.45], [-76.56, 3.455], [-76.565, 3.455], [-76.565, 3.45]]]}}, {"type": "Feature", "properties": {"value": 9.2983, "sigma": 7.6619}, "geometry": {"type": "Polygon", "coordinates": [[[-76.56, 3.45], [-76.555, 3.45], [-76.555, 3.455], [-76.56, 3.455], [-76.56, 3.45]]]}}, {"type": "Feature", "properties": {"value": 9.2735, "sigma": 7.6619}, "geometry": {"type": "Polygon", "coordinates": [[[-76.555, 3.45], [-76.55, 3.45], [-76.55, 3.455], [-76.555, 3.455], [-76.555, 3.45]]]}}, {"type": "Feature", "properties": {"value": 9.2643, "sigma": 7.6619}, "geometry": {"type": "Polygon", "coordinates": [[[-76.55, 3.45], [-76.545, 3.45], [-76.545, 3.455], [-76.55, 3.455], [-76.55, 3.45]]]}}, {"type": "Feature", "properties": {"value": 9.2746, "sigma": 7.6619}, "geometry": {"type": "Polygon", "coordinates": [[[-76.545, 3.45], [-76.54, 3.45], [-76.54, 3.455], [-76.545, 3.455], [-76.545, 3.45]]]}}, {"type": "Feature", "properties": {"value": 9.3062, "sigma": 7.6619}, "geometry": {"type": "Polygon", "coordinates": [[[-76.54, 3.45], [-76.535, 3.45], [-76.535, 3.455], [-76.54, 3.455], [-76.54, 3.45]]]}}, {"type": "Feature", "properties": {"value": 9.3579, "sigma": 7.6619}, "geometry": {"type": "Polygon", "coordinates": [[[-76.535, 3.45], [-76.53, 3.45], [-76.53, 3.455], [-76.535, 3.455], [-76.535, 3.45]]]}}, {"type": "Feature", "properties": {"value": 9.4232, "sigma": 7.6619}, "geometry": {"type": "Polygon", "coordinates": [[[-76.53, 3.45], [-76.525, 3.45], [-76.525, 3.455], [-76.53, 3.455], [-76.53, 3.45]]]}}, {"type": "Feature", "properties": {"value": 9.49, "sigma": 7.6619}, "geometry": {"type": "Polygon", "coordinates": [[[-76.525, 3.45], [-76.52, 3.45], [-76.52, 3.455], [-76.525, 3.455], [-76.525, 3.45]]]}}, {"type": "Feature", "properties": {"value": 9.5429, "sigma": 7.6619}, "geometry": {"type": "Polygon", "coordinates": [[[-76.52, 3.45], [-76.515, 3.45], [-76.515, 3.455], [-76.52, 3.455], [-76.52, 3.45]]]}}, {"type": "Feature", "properties": {"value": 9.5707, "sigma": 7.6619}, "geometry": {"type": "Polygon", "coordinates": [[[-76.515, 3.45], [-76.51, 3.45], [-76.51, 3.455], [-76.515, 3.455], [-76.515, 3.45]]]}}, {"type": "Feature", "properties": {"value": 9.5748, "sigma": 7.6619}, "geometry": {"type": "Polygon", "coordinates": [[[-76.51, 3.45], [-76.505, 3.45], [-76.505, 3.455], [-76.51, 3.455], [-76.51, 3.45]]]}}, {"type": "Feature", "properties": {"value": 9.5683, "sigma": 7.6619}, "geometry": {"type": "Polygon", "coordinates": [[[-76.505, 3.45], [-76.5, 3.45], [-76.5, 3.455], [-76.505, 3.455], [-76.505, 3.45]]]}}, {"type": "Feature", "properties": {"value": 9.5747, "sigma": 7.6619}, "geometry": {"type": "Polygon", "coordinates": [[[-76.5, 3.45], [-76.495, 3.45], [-76.495, 3.455], [-76.5, 3.455], [-76.5, 3.45]]]}}, {"type": "Feature", "properties": {"value": 9.6125, "sigma": 7.6619}, "geometry": {"type": "Polygon", "coordinates": [[[-76.495, 3.45], [-76.49, 3.45], [-76.49, 3.455], [-76.495, 3.455], [-76.495, 3.45]]]}}, {"type": "Feature", "properties": {"value": 9.6315, "sigma": 7.6619}, "geometry": {"type": "Polygon", "coordinates": [[[-76.49, 3.45], [-76.485, 3.45], [-76.485, 3.455], [-76.49, 3.455], [-76.49, 3.45]]]}}, {"type": "Feature", "properties": {"value": 9.5028, "sigma": 7.6619}, "geometry": {"type": "Polygon", "coordinates": [[[-76.485, 3.45], [-76.48, 3.45], [-76.48, 3.455], [-76.485, 3.455], [-76.485, 3.45]]]}}, {"type": "Feature", "properties": {"value": 9.1808, "sigma": 7.6619}, "geometry": {"type": "Polygon", "coordinates": [[[-76.48, 3.45], [-76.475, 3.45], [-76.475, 3.455], [-76.48, 3.455], [-76.48, 3.45]]]}}, {"type": "Feature", "properties": {"value": 8.7146, "sigma": 7.6619}, "geometry": {"type": "Polygon", "coordinates": [[[-76.475, 3.45], [-76.47, 3.45], [-76.47, 3.455], [-76.475, 3.455], [-76.475, 3.45]]]}}, {"type": "Feature", "properties": {"value": 8.1048, "sigma": 7.6619}, "geometry": {"type": "Polygon", "coordinates": [[[-76.47, 3.45], [-76.465, 3.45], [-76.465, 3.455], [-76.47, 3.455], [-76.47, 3.45]]]}}, {"type": "Feature", "properties": {"value": 7.3049, "sigma": 7.6619}, "geometry": {"type": "Polygon", "coordinates": [[[-76.465, 3.45], [-76.46, 3.45], [-76.46, 3.455], [-76.465, 3.455], [-76.465, 3.45]]]}}, {"type": "Feature", "properties": {"value": 6.4931, "sigma": 7.6619}, "geometry": {"type": "Polygon", "coordinates": [[[-76.46, 3.45], [-76.455, 3.45], [-76.455, 3.455], [-76.46, 3.455], [-76.46, 3.45]]]}}, {"type": "Feature", "properties": {"value": 6.3966, "sigma": 7.6619}, "geometry": {"type": "Polygon", "coordinates": [[[-76.455, 3.45], [-76.45, 3.45], [-76.45, 3.455], [-76.455, 3.455], [-76.455, 3.45]]]}}, {"type": "Feature", "properties": {"value": 7.1825, "sigma": 7.6619}, "geometry": {"type": "Polygon", "coordinates": [[[-76.45, 3.45], [-76.445, 3.45], [-76.445, 3.455], [-76.45, 3.455], [-76.45, 3.45]]]}}, {"type": "Feature", "properties": {"value": 8.0067, "sigma": 7.6619}, "geometry": {"type": "Polygon", "coordinates": [[[-76.445, 3.45], [-76.44, 3.45], [-76.44, 3.455], [-76.445, 3.455], [-76.445, 3.45]]]}}, {"type": "Feature", "properties": {"value": 8.5006, "sigma": 7.6619}, "geometry": {"type": "Polygon", "coordinates": [[[-76.44, 3.45], [-76.435, 3.45], [-76.435, 3.455], [-76.44, 3.455], [-76.44, 3.45]]]}}, {"type": "Feature", "properties": {"value": 8.7338, "sigma": 7.6619}, "geometry": {"type": "Polygon", "coordinates": [[[-76.435, 3.45], [-76.43, 3.45], [-76.43, 3.455], [-76.435, 3.455], [-76.435, 3.45]]]}}, {"type": "Feature", "properties": {"value": 8.8254, "sigma": 7.6619}, "geometry": {"type": "Polygon", "coordinates": [[[-76.43, 3.45], [-76.425, 3.45], [-76.425, 3.455], [-76.43, 3.455], [-76.43, 3.45]]]}}, {"type": "Feature", "properties": {"value": 8.8542, "sigma": 7.6619}, "geometry": {"type": "Polygon", "coordinates": [[[-76.425, 3.45], [-76.42, 3.45], [-76.42, 3.455], [-76.425, 3.455], [-76.425, 3.45]]]}}, {"type": "Feature", "properties": {"value": 8.8606, "sigma": 7.6619}, "geometry": {"type": "Polygon", "coordinates": [[[-76.42, 3.45], [-76.415, 3.45], [-76.415, 3.455], [-76.42, 3.455], [-76.42, 3.45]]]}}, {"type": "Feature", "properties": {"value": 8.8609, "sigma": 7.6619}, "geometry": {"type": "Polygon", "coordinates": [[[-76.415, 3.45], [-76.41, 3.45], [-76.41, 3.455], [-76.415, 3.455], [-76.415, 3.45]]]}}, {"type": "Feature", "properties": {"value": 8.8583, "sigma": 7.6619}, "geometry": {"type": "Polygon", "coordinates": [[[-76.41, 3.45], [-76.405, 3.45], [-76.405, 3.455], [-76.41, 3.455], [-76.41, 3.45]]]}}, {"type": "Feature", "properties": {"value": 8.8505, "sigma": 7.6619}, "geometry": {"type": "Polygon", "coordinates": [[[-76.405, 3.45], [-76.4, 3.45], [-76.4, 3.455], [-76.405, 3.455], [-76.405, 3.45]]]}}, {"type": "Feature", "properties": {"value": 9.719, "sigma": 7.6619}, "geometry": {"type": "Polygon", "coordinates": [[[-76.6, 3.455], [-76.595, 3.455], [-76.595, 3.46], [-76.6, 3.46], [-76.6, 3.455]]]}}, {"type": "Feature", "properties": {"value": 9.72, "sigma": 7.6619}, "geometry": {"type": "Polygon", "coordinates": [[[-76.595, 3.455], [-76.59, 3.455], [-76.59, 3.46], [-76.595, 3.46], [-76.595, 3.455]]]}}, {"type": "Feature", "properties": {"value": 9.7073, "sigma": 7.6619}, "geometry": {"type": "Polygon", "coordinates": [[[-76.59, 3.455], [-76.585, 3.455], [-76.585, 3.46], [-76.59, 3.46], [-76.59, 3.455]]]}}, {"type": "Feature", "properties": {"value": 9.6801, "sigma": 7.6619}, "geometry": {"type": "Polygon", "coordinates": [[[-76.585, 3.455], [-76.58, 3.455], [-76.58, 3.46], [-76.585, 3.46], [-76.585, 3.455]]]}}, {"type": "Feature", "properties": {"value": 9.6393, "sigma": 7.6619}, "geometry": {"type": "Polygon", "coordinates": [[[-76.58, 3.455], [-76.575, 3.455], [-76.575, 3.46], [-76.58, 3.46], [-76.58, 3.455]]]}}, {"type": "Feature", "properties": {"value": 9.5871, "sigma": 7.6619}, "geometry": {"type": "Polygon", "coordinates": [[[-76.575, 3.455], [-76.57, 3.455], [-76.57, 3.46], [-76.575, 3.46], [-76.575, 3.455]]]}}, {"type": "Feature", "properties": {"value": 9.5274, "sigma": 7.6619}, "geometry": {"type": "Polygon", "coordinates": [[[-76.57, 3.455], [-76.565, 3.455], [-76.565, 3.46], [-76.57, 3.46], [-76.57, 3.455]]]}}, {"type": "Feature", "properties": {"value": 9.4652, "sigma": 7.6619}, "geometry": {"type": "Polygon", "coordinates": [[[-76.565, 3.455], [-76.56, 3.455], [-76.56, 3.46], [-76.565, 3.46], [-76.565, 3.455]]]}}, {"type": "Feature", "properties": {"value": 9.4063, "sigma": 7.6619}, "geometry": {"type": "Polygon", "coordinates": [[[-76.56, 3.455], [-76.555, 3.455], [-76.555, 3.46], [-76.56, 3.46], [-76.56, 3.455]]]}}, {"type": "Feature", "properties": {"value": 9.3565, "sigma": 7.6619}, "geometry": {"type": "Polygon", "coordinates": [[[-76.555, 3.455], [-76.55, 3.455], [-76.55, 3.46], [-76.555, 3.46], [-76.555, 3.455]]]}}, {"type": "Feature", "properties": {"value": 9.321, "sigma": 7.6619}, "geometry": {"type": "Polygon", "coordinates": [[[-76.55, 3.455], [-76.545, 3.455], [-76.545, 3.46], [-76.55, 3.46], [-76.55, 3.455]]]}}, {"type": "Feature", "properties": {"value": 9.3039, "sigma": 7.6619}, "geometry": {"type": "Polygon", "coordinates": [[[-76.545, 3.455], [-76.54, 3.455], [-76.54, 3.46], [-76.545, 3.46], [-76.545, 3.455]]]}}, {"type": "Feature", "properties": {"value": 9.3071, "sigma": 7.6619}, "geometry": {"type": "Polygon", "coordinates": [[[-76.54, 3.455], [-76.535, 3.455], [-76.535, 3.46], [-76.54, 3.46], [-76.54, 3.455]]]}}, {"type": "Feature", "properties": {"value": 9.3294, "sigma": 7.6619}, "geometry": {"type": "Polygon", "coordinates": [[[-76.535, 3.455], [-76.53, 3.455], [-76.53, 3.46], [-76.535, 3.46], [-76.535, 3.455]]]}}, {"type": "Feature", "properties": {"value": 9.3658, "sigma": 7.6619}, "geometry": {"type": "Polygon", "coordinates": [[[-76.53, 3.455], [-76.525, 3.455], [-76.525, 3.46], [-76.53, 3.46], [-76.53, 3.455]]]}}, {"type": "Feature", "properties": {"value": 9.4072, "sigma": 7.6619}, "geometry": {"type": "Polygon", "coordinates": [[[-76.525, 3.455], [-76.52, 3.455], [-76.52, 3.46], [-76.525, 3.46], [-76.525, 3.455]]]}}, {"type": "Feature", "properties": {"value": 9.4436, "sigma": 7.6619}, "geometry": {"type": "Polygon", "coordinates": [[[-76.52, 3.455], [-76.515, 3.455], [-76.515, 3.46], [-76.52, 3.46], [-76.52, 3.455]]]}}, {"type": "Feature", "properties": {"value": 9.4691, "sigma": 7.6619}, "geometry": {"type": "Polygon", "coordinates": [[[-76.515, 3.455], [-76.51, 3.455], [-76.51, 3.46], [-76.515, 3.46], [-76.515, 3.455]]]}}, {"type": "Feature", "properties": {"value": 9.4885, "sigma": 7.6619}, "geometry": {"type": "Polygon", "coordinates": [[[-76.51, 3.455], [-76.505, 3.455], [-76.505, 3.46], [-76.51, 3.46], [-76.51, 3.455]]]}}, {"type": "Feature", "properties": {"value": 9.523, "sigma": 7.6619}, "geometry": {"type": "Polygon", "coordinates": [[[-76.505, 3.455], [-76.5, 3.455], [-76.5, 3.46], [-76.505, 3.46], [-76.505, 3.455]]]}}, {"type": "Feature", "properties": {"value": 9.614, "sigma": 7.6619}, "geometry": {"type": "Polygon", "coordinates": [[[-76.5, 3.455], [-76.495, 3.455], [-76.495, 3.46], [-76.5, 3.46], [-76.5, 3.455]]]}}, {"type": "Feature", "properties": {"value": 9.7955, "sigma": 7.6619}, "geometry": {"type": "Polygon", "coordinates": [[[-76.495, 3.455], [-76.49, 3.455], [-76.49, 3.46], [-76.495, 3.46], [-76.495, 3.455]]]}}, {"type": "Feature", "properties": {"value": 9.9649, "sigma": 7.6619}, "geometry": {"type": "Polygon", "coordinates": [[[-76.49, 3.455], [-76.485, 3.455], [-76.485, 3.46], [-76.49, 3.46], [-76.49, 3.455]]]}}, {"type": "Feature", "properties": {"value": 9.8479, "sigma": 7.6619}, "geometry": {"type": "Polygon", "coordinates": [[[-76.485, 3.455], [-76.48, 3.455], [-76.48, 3.46], [-76.485, 3.46], [-76.485, 3.455]]]}}, {"type": "Feature", "properties": {"value": 9.4068, "sigma": 7.6619}, "geometry": {"type": "Polygon", "coordinates": [[[-76.48, 3.455], [-76.475, 3.455], [-76.475, 3.46], [-76.48, 3.46], [-76.48, 3.455]]]}}, {"type": "Feature", "properties": {"value": 8.8052, "sigma": 7.6619}, "geometry": {"type": "Polygon", "coordinates": [[[-76.475, 3.455], [-76.47, 3.455], [-76.47, 3.46], [-76.475, 3.46], [-76.475, 3.455]]]}}, {"type": "Feature", "properties": {"value": 8.0559, "sigma": 7.6619}, "geometry": {"type": "Polygon", "coordinates": [[[-76.47, 3.455], [-76.465, 3.455], [-76.465, 3.46], [-76.47, 3.46], [-76.47, 3.455]]]}}, {"type": "Feature", "properties": {"value": 7.059, "sigma": 7.6619}, "geometry": {"type": "Polygon", "coordinates": [[[-76.465, 3.455], [-76.46, 3.455], [-76.46, 3.46], [-76.465, 3.46], [-76.465, 3.455]]]}}, {"type": "Feature", "properties": {"value": 5.9727, "sigma": 7.6619}, "geometry": {"type": "Polygon", "coordinates": [[[-76.46, 3.455], [-76.455, 3.455], [-76.455, 3.46], [-76.46, 3.46], [-76.46, 3.455]]]}}, {"type": "Feature", "properties": {"value": 5.8196, "sigma": 7.6619}, "geometry": {"type": "Polygon", "coordinates": [[[-76.455, 3.455], [-76.45, 3.455], [-76.45, 3.46], [-76.455, 3.46], [-76.455, 3.455]]]}}, {"type": "Feature", "properties": {"value": 7.0031, "sigma": 7.6619}, "geometry": {"type": "Polygon", "coordinates": [[[-76.45, 3.455], [-76.445, 3.455], [-76.445, 3.46], [-76.45, 3.46], [-76.45, 3.455]]]}}, {"type": "Feature", "properties": {"value": 8.1802, "sigma": 7.6619}, "geometry": {"type": "Polygon", "coordinates": [[[-76.445, 3.455], [-76.44, 3.455], [-76.44, 3.46], [-76.445, 3.46], [-76.445, 3.455]]]}}, {"type": "Feature", "properties": {"value": 8.7781, "sigma": 7.6619}, "geometry": {"type": "Polygon", "coordinates": [[[-76.44, 3.455], [-76.435, 3.455], [-76.435, 3.46], [-76.44, 3.46], [-76.44, 3.455]]]}}, {"type": "Feature", "properties": {"value": 8.9883, "sigma": 7.6619}, "geometry": {"type": "Polygon", "coordinates": [[[-76.435, 3.455], [-76.43, 3.455], [-76.43, 3.46], [-76.435, 3.46], [-76.435, 3.455]]]}}, {"type": "Feature", "properties": {"value": 9.0373, "sigma": 7.6619}, "geometry": {"type": "Polygon", "coordinates": [[[-76.43, 3.455], [-76.425, 3.455], [-76.425, 3.46], [-76.43, 3.46], [-76.43, 3.455]]]}}, {"type": "Feature", "properties": {"value": 9.0408, "sigma": 7.6619}, "geometry": {"type": "Polygon", "coordinates": [[[-76.425, 3.455], [-76.42, 3.455], [-76.42, 3.46], [-76.425, 3.46], [-76.425, 3.455]]]}}, {"type": "Feature", "properties": {"value": 9.0411, "sigma": 7.6619}, "geometry": {"type": "Polygon", "coordinates": [[[-76.42, 3.455], [-76.415, 3.455], [-76.415, 3.46], [-76.42, 3.46], [-76.42, 3.455]]]}}, {"type": "Feature", "properties": {"value": 9.0468, "sigma": 7.6619}, "geometry": {"type": "Polygon", "coordinates": [[[-76.415, 3.455], [-76.41, 3.455], [-76.41, 3.46], [-76.415, 3.46], [-76.415, 3.455]]]}}, {"type": "Feature", "properties": {"value": 9.0524, "sigma": 7.6619}, "geometry": {"type": "Polygon", "coordinates": [[[-76.41, 3.455], [-76.405, 3.455], [-76.405, 3.46], [-76.41, 3.46], [-76.41, 3.455]]]}}, {"type": "Feature", "properties": {"value": 9.0491, "sigma": 7.6619}, "geometry": {"type": "Polygon", "coordinates": [[[-76.405, 3.455], [-76.4, 3.455], [-76.4, 3.46], [-76.405, 3.46], [-76.405, 3.455]]]}}, {"type": "Feature", "properties": {"value": 9.9275, "sigma": 7.6619}, "geometry": {"type": "Polygon", "coordinates": [[[-76.6, 3.46], [-76.595, 3.46], [-76.595, 3.465], [-76.6, 3.465], [-76.6, 3.46]]]}}, {"type": "Feature", "properties": {"value": 9.9396, "sigma": 7.6619}, "geometry": {"type": "Polygon", "coordinates": [[[-76.595, 3.46], [-76.59, 3.46], [-76.59, 3.465], [-76.595, 3.465], [-76.595, 3.46]]]}}, {"type": "Feature", "properties": {"value": 9.9335, "sigma": 7.6619}, "geometry": {"type": "Polygon", "coordinates": [[[-76.59, 3.46], [-76.585, 3.46], [-76.585, 3.465], [-76.59, 3.465], [-76.59, 3.46]]]}}, {"type": "Feature", "properties": {"value": 9.9071, "sigma": 7.6619}, "geometry": {"type": "Polygon", "coordinates": [[[-76.585, 3.46], [-76.58, 3.46], [-76.58, 3.465], [-76.585, 3.465], [-76.585, 3.46]]]}}, {"type": "Feature", "properties": {"value": 9.8601, "sigma": 7.6619}, "geometry": {"type": "Polygon", "coordinates": [[[-76.58, 3.46], [-76.575, 3.46], [-76.575, 3.465], [-76.58, 3.465], [-76.58, 3.46]]]}}, {"type": "Feature", "properties": {"value": 9.7943, "sigma": 7.6619}, "geometry": {"type": "Polygon", "coordinates": [[[-76.575, 3.46], [-76.57, 3.46], [-76.57, 3.465], [-76.575, 3.465], [-76.575, 3.46]]]}}, {"type": "Feature", "properties": {"value": 9.714, "sigma": 7.6619}, "geometry": {"type": "Polygon", "coordinates": [[[-76.57, 3.46], [-76.565, 3.46], [-76.565, 3.465], [-76.57, 3.465], [-76.57, 3.46]]]}}, {"type": "Feature", "properties": {"value": 9.6255, "sigma": 7.6619}, "geometry": {"type": "Polygon", "coordinates": [[[-76.565, 3.46], [-76.56, 3.46], [-76.56, 3.465], [-76.565, 3.465], [-76.565, 3.46]]]}}, {"type": "Feature", "properties": {"value": 9.5363, "sigma": 7.6619}, "geometry": {"type": "Polygon", "coordinates": [[[-76.56, 3.46], [-76.555, 3.46], [-76.555, 3.465], [-76.56, 3.465], [-76.56, 3.46]]]}}, {"type": "Feature", "properties": {"value": 9.454, "sigma": 7.6619}, "geometry": {"type": "Polygon", "coordinates": [[[-76.555, 3.46], [-76.55, 3.46], [-76.55, 3.465], [-76.555, 3.465], [-76.555, 3.46]]]}}, {"type": "Feature", "properties": {"value": 9.3856, "sigma": 7.6619}, "geometry": {"type": "Polygon", "coordinates": [[[-76.55, 3.46], [-76.545, 3.46], [-76.545, 3.465], [-76.55, 3.465], [-76.55, 3.46]]]}}, {"type": "Feature", "properties": {"value": 9.3361, "sigma": 7.6619}, "geometry": {"type": "Polygon", "coordinates": [[[-76.545, 3.46], [-76.54, 3.46], [-76.54, 3.465], [-76.545, 3.465], [-76.545, 3.46]]]}}, {"type": "Feature", "properties": {"value": 9.308, "sigma": 7.6619}, "geometry": {"type": "Polygon", "coordinates": [[[-76.54, 3.46], [-76.535, 3.46], [-76.535, 3.465], [-76.54, 3.465], [-76.54, 3.46]]]}}, {"type": "Feature", "properties": {"value": 9.3011, "sigma": 7.6619}, "geometry": {"type": "Polygon", "coordinates": [[[-76.535, 3.46], [-76.53, 3.46], [-76.53, 3.465], [-76.535, 3.465], [-76.535, 3.46]]]}}, {"type": "Feature", "properties": {"value": 9.3113, "sigma": 7.6619}, "geometry": {"type": "Polygon", "coordinates": [[[-76.53, 3.46], [-76.525, 3.46], [-76.525, 3.465], [-76.53, 3.465], [-76.53, 3.46]]]}}, {"type": "Feature", "properties": {"value": 9.3322, "sigma": 7.6619}, "geometry": {"type": "Polygon", "coordinates": [[[-76.525, 3.46], [-76.52, 3.46], [-76.52, 3.465], [-76.525, 3.465], [-76.525, 3.46]]]}}, {"type": "Feature", "properties": {"value": 9.3574, "sigma": 7.6619}, "geometry": {"type": "Polygon", "coordinates": [[[-76.52, 3.46], [-76.515, 3.46], [-76.515, 3.465], [-76.52, 3.465], [-76.52, 3.46]]]}}, {"type": "Feature", "properties": {"value": 9.3846, "sigma": 7.6619}, "geometry": {"type": "Polygon", "coordinates": [[[-76.515, 3.46], [-76.51, 3.46], [-76.51, 3.465], [-76.515, 3.465], [-76.515, 3.46]]]}}, {"type": "Feature", "properties": {"value": 9.4214, "sigma": 7.6619}, "geometry": {"type": "Polygon", "coordinates": [[[-76.51, 3.46], [-76.505, 3.46], [-76.505, 3.465], [-76.51, 3.465], [-76.51, 3.46]]]}}, {"type": "Feature", "properties": {"value": 9.4913, "sigma": 7.6619}, "geometry": {"type": "Polygon", "coordinates": [[[-76.505, 3.46], [-76.5, 3.46], [-76.5, 3.465], [-76.505, 3.465], [-76.505, 3.46]]]}}, {"type": "Feature", "properties": {"value": 9.6379, "sigma": 7.6619}, "geometry": {"type": "Polygon", "coordinates": [[[-76.5, 3.46], [-76.495, 3.46], [-76.495, 3.465], [-76.5, 3.465], [-76.5, 3.46]]]}}, {"type": "Feature", "properties": {"value": 9.8936, "sigma": 7.6619}, "geometry": {"type": "Polygon", "coordinates": [[[-76.495, 3.46], [-76.49, 3.46], [-76.49, 3.465], [-76.495, 3.465], [-76.495, 3.46]]]}}, {"type": "Feature", "properties": {"value": 10.1316, "sigma": 7.6619}, "geometry": {"type": "Polygon", "coordinates": [[[-76.49, 3.46], [-76.485, 3.46], [-76.485, 3.465], [-76.49, 3.465], [-76.49, 3.46]]]}}, {"type": "Feature", "properties": {"value": 10.02, "sigma": 7.6619}, "geometry": {"type": "Polygon", "coordinates": [[[-76.485, 3.46], [-76.48, 3.46], [-76.48, 3.465], [-76.485, 3.465], [-76.485, 3.46]]]}}, {"type": "Feature", "properties": {"value": 9.5389, "sigma": 7.6619}, "geometry": {"type": "Polygon", "coordinates": [[[-76.48, 3.46], [-76.475, 3.46], [-76.475, 3.465], [-76.48, 3.465], [-76.48, 3.46]]]}}, {"type": "Feature", "properties": {"value": 8.9265, "sigma": 7.6619}, "geometry": {"type": "Polygon", "coordinates": [[[-76.475, 3.46], [-76.47, 3.46], [-76.47, 3.465], [-76.475, 3.465], [-76.475, 3.46]]]}}, {"type": "Feature", "properties": {"value": 8.238, "sigma": 7.6619}, "geometry": {"type": "Polygon", "coordinates": [[[-76.47, 3.46], [-76.465, 3.46], [-76.465, 3.465], [-76.47, 3.465], [-76.47, 3.46]]]}}, {"type": "Feature", "properties": {"value": 7.4319, "sigma": 7.6619}, "geometry": {"type": "Polygon", "coordinates": [[[-76.465, 3.46], [-76.46, 3.46], [-76.46, 3.465], [-76.465, 3.465], [-76.465, 3.46]]]}}, {"type": "Feature", "properties": {"value": 6.68, "sigma": 7.6619}, "geometry": {"type": "Polygon", "coordinates": [[[-76.46, 3.46], [-76.455, 3.46], [-76.455, 3.465], [-76.46, 3.465], [-76.46, 3.46]]]}}, {"type": "Feature", "properties": {"value": 6.7024, "sigma": 7.6619}, "geometry": {"type": "Polygon", "coordinates": [[[-76.455, 3.46], [-76.45, 3.46], [-76.45, 3.465], [-76.455, 3.465], [-76.455, 3.46]]]}}, {"type": "Feature", "properties": {"value": 7.8689, "sigma": 7.6619}, "geometry": {"type": "Polygon", "coordinates": [[[-76.45, 3.46], [-76.445, 3.46], [-76.445, 3.465], [-76.45, 3.465], [-76.45, 3.46]]]}}, {"type": "Feature", "properties": {"value": 9.028, "sigma": 7.6619}, "geometry": {"type": "Polygon", "coordinates": [[[-76.445, 3.46], [-76.44, 3.46], [-76.44, 3.465], [-76.445, 3.465], [-76.445, 3.46]]]}}, {"type": "Feature", "properties": {"value": 9.4344, "sigma": 7.6619}, "geometry": {"type": "Polygon", "coordinates": [[[-76.44, 3.46], [-76.435, 3.46], [-76.435, 3.465], [-76.44, 3.465], [-76.44, 3.46]]]}}, {"type": "Feature", "properties": {"value": 9.4157, "sigma": 7.6619}, "geometry": {"type": "Polygon", "coordinates": [[[-76.435, 3.46], [-76.43, 3.46], [-76.43, 3.465], [-76.435, 3.465], [-76.435, 3.46]]]}}, {"type": "Feature", "properties": {"value": 9.3201, "sigma": 7.6619}, "geometry": {"type": "Polygon", "coordinates": [[[-76.43, 3.46], [-76.425, 3.46], [-76.425, 3.465], [-76.43, 3.465], [-76.43, 3.46]]]}}, {"type": "Feature", "properties": {"value": 9.2605, "sigma": 7.6619}, "geometry": {"type": "Polygon", "coordinates": [[[-76.425, 3.46], [-76.42, 3.46], [-76.42, 3.465], [-76.425, 3.465], [-76.425, 3.46]]]}}, {"type": "Feature", "properties": {"value": 9.2478, "sigma": 7.6619}, "geometry": {"type": "Polygon", "coordinates": [[[-76.42, 3.46], [-76.415, 3.46], [-76.415, 3.465], [-76.42, 3.465], [-76.42, 3.46]]]}}, {"type": "Feature", "properties": {"value": 9.2642, "sigma": 7.6619}, "geometry": {"type": "Polygon", "coordinates": [[[-76.415, 3.46], [-76.41, 3.46], [-76.41, 3.465], [-76.415, 3.465], [-76.415, 3.46]]]}}, {"type": "Feature", "properties": {"value": 9.2854, "sigma": 7.6619}, "geometry": {"type": "Polygon", "coordinates": [[[-76.41, 3.46], [-76.405, 3.46], [-76.405, 3.465], [-76.41, 3.465], [-76.41, 3.46]]]}}, {"type": "Feature", "properties": {"value": 9.2898, "sigma": 7.6619}, "geometry": {"type": "Polygon", "coordinates": [[[-76.405, 3.46], [-76.4, 3.46], [-76.4, 3.465], [-76.405, 3.465], [-76.405, 3.46]]]}}, {"type": "Feature", "properties": {"value": 10.1733, "sigma": 7.6619}, "geometry": {"type": "Polygon", "coordinates": [[[-76.6, 3.465], [-76.595, 3.465], [-76.595, 3.47], [-76.6, 3.47], [-76.6, 3.465]]]}}, {"type": "Feature", "properties": {"value": 10.2025, "sigma": 7.6619}, "geometry": {"type": "Polygon", "coordinates": [[[-76.595, 3.465], [-76.59, 3.465], [-76.59, 3.47], [-76.595, 3.47], [-76.595, 3.465]]]}}, {"type": "Feature", "properties": {"value": 10.2084, "sigma": 7.6619}, "geometry": {"type": "Polygon", "coordinates": [[[-76.59, 3.465], [-76.585, 3.465], [-76.585, 3.47], [-76.59, 3.47], [-76.59, 3.465]]]}}, {"type": "Feature", "properties": {"value": 10.1864, "sigma": 7.6619}, "geometry": {"type": "Polygon", "coordinates": [[[-76.585, 3.465], [-76.58, 3.465], [-76.58, 3.47], [-76.585, 3.47], [-76.585, 3.465]]]}}, {"type": "Feature", "properties": {"value": 10.1341, "sigma": 7.6619}, "geometry": {"type": "Polygon", "coordinates": [[[-76.58, 3.465], [-76.575, 3.465], [-76.575, 3.47], [-76.58, 3.47], [-76.58, 3.465]]]}}, {"type": "Feature", "properties": {"value": 10.0524, "sigma": 7.6619}, "geometry": {"type": "Polygon", "coordinates": [[[-76.575, 3.465], [-76.57, 3.465], [-76.57, 3.47], [-76.575, 3.47], [-76.575, 3.465]]]}}, {"type": "Feature", "properties": {"value": 9.9462, "sigma": 7.6619}, "geometry": {"type": "Polygon", "coordinates": [[[-76.57, 3.465], [-76.565, 3.465], [-76.565, 3.47], [-76.57, 3.47], [-76.57, 3.465]]]}}, {"type": "Feature", "properties": {"value": 9.8236, "sigma": 7.6619}, "geometry": {"type": "Polygon", "coordinates": [[[-76.565, 3.465], [-76.56, 3.465], [-76.56, 3.47], [-76.565, 3.47], [-76.565, 3.465]]]}}, {"type": "Feature", "properties": {"value": 9.6949, "sigma": 7.6619}, "geometry": {"type": "Polygon", "coordinates": [[[-76.56, 3.465], [-76.555, 3.465], [-76.555, 3.47], [-76.56, 3.47], [-76.56, 3.465]]]}}, {"type": "Feature", "properties": {"value": 9.5706, "sigma": 7.6619}, "geometry": {"type": "Polygon", "coordinates": [[[-76.555, 3.465], [-76.55, 3.465], [-76.55, 3.47], [-76.555, 3.47], [-76.555, 3.465]]]}}, {"type": "Feature", "properties": {"value": 9.4604, "sigma": 7.6619}, "geometry": {"type": "Polygon", "coordinates": [[[-76.55, 3.465], [-76.545, 3.465], [-76.545, 3.47], [-76.55, 3.47], [-76.55, 3.465]]]}}, {"type": "Feature", "properties": {"value": 9.3714, "sigma": 7.6619}, "geometry": {"type": "Polygon", "coordinates": [[[-76.545, 3.465], [-76.54, 3.465], [-76.54, 3.47], [-76.545, 3.47], [-76.545, 3.465]]]}}, {"type": "Feature", "properties": {"value": 9.3075, "sigma": 7.6619}, "geometry": {"type": "Polygon", "coordinates": [[[-76.54, 3.465], [-76.535, 3.465], [-76.535, 3.47], [-76.54, 3.47], [-76.54, 3.465]]]}}, {"type": "Feature", "properties": {"value": 9.2696, "sigma": 7.6619}, "geometry": {"type": "Polygon", "coordinates": [[[-76.535, 3.465], [-76.53, 3.465], [-76.53, 3.47], [-76.535, 3.47], [-76.535, 3.465]]]}}, {"type": "Feature", "properties": {"value": 9.2549, "sigma": 7.6619}, "geometry": {"type": "Polygon", "coordinates": [[[-76.53, 3.465], [-76.525, 3.465], [-76.525, 3.47], [-76.53, 3.47], [-76.53, 3.465]]]}}, {"type": "Feature", "properties": {"value": 9.2588, "sigma": 7.6619}, "geometry": {"type": "Polygon", "coordinates": [[[-76.525, 3.465], [-76.52, 3.465], [-76.52, 3.47], [-76.525, 3.47], [-76.525, 3.465]]]}}, {"type": "Feature", "properties": {"value": 9.2762, "sigma": 7.6619}, "geometry": {"type": "Polygon", "coordinates": [[[-76.52, 3.465], [-76.515, 3.465], [-76.515, 3.47], [-76.52, 3.47], [-76.52, 3.465]]]}}, {"type": "Feature", "properties": {"value": 9.3059, "sigma": 7.6619}, "geometry": {"type": "Polygon", "coordinates": [[[-76.515, 3.465], [-76.51, 3.465], [-76.51, 3.47], [-76.515, 3.47], [-76.515, 3.465]]]}}, {"type": "Feature", "properties": {"value": 9.3537, "sigma": 7.6619}, "geometry": {"type": "Polygon", "coordinates": [[[-76.51, 3.465], [-76.505, 3.465], [-76.505, 3.47], [-76.51, 3.47], [-76.51, 3.465]]]}}, {"type": "Feature", "properties": {"value": 9.4362, "sigma": 7.6619}, "geometry": {"type": "Polygon", "coordinates": [[[-76.505, 3.465], [-76.5, 3.465], [-76.5, 3.47], [-76.505, 3.47], [-76.505, 3.465]]]}}, {"type": "Feature", "properties": {"value": 9.5776, "sigma": 7.6619}, "geometry": {"type": "Polygon", "coordinates": [[[-76.5, 3.465], [-76.495, 3.465], [-76.495, 3.47], [-76.5, 3.47], [-76.5, 3.465]]]}}, {"type": "Feature", "properties": {"value": 9.7792, "sigma": 7.6619}, "geometry": {"type": "Polygon", "coordinates": [[[-76.495, 3.465], [-76.49, 3.465], [-76.49, 3.47], [-76.495, 3.47], [-76.495, 3.465]]]}}, {"type": "Feature", "properties": {"value": 9.9324, "sigma": 7.6619}, "geometry": {"type": "Polygon", "coordinates": [[[-76.49, 3.465], [-76.485, 3.465], [-76.485, 3.47], [-76.49, 3.47], [-76.49, 3.465]]]}}, {"type": "Feature", "properties": {"value": 9.8338, "sigma": 7.6619}, "geometry": {"type": "Polygon", "coordinates": [[[-76.485, 3.465], [-76.48, 3.465], [-76.48, 3.47], [-76.485, 3.47], [-76.485, 3.465]]]}}, {"type": "Feature", "properties": {"value": 9.4739, "sigma": 7.6619}, "geometry": {"type": "Polygon", "coordinates": [[[-76.48, 3.465], [-76.475, 3.465], [-76.475, 3.47], [-76.48, 3.47], [-76.48, 3.465]]]}}, {"type": "Feature", "properties": {"value": 9.0144, "sigma": 7.6619}, "geometry": {"type": "Polygon", "coordinates": [[[-76.475, 3.465], [-76.47, 3.465], [-76.47, 3.47], [-76.475, 3.47], [-76.475, 3.465]]]}}, {"type": "Feature", "properties": {"value": 8.5363, "sigma": 7.6619}, "geometry": {"type": "Polygon", "coordinates": [[[-76.47, 3.465], [-76.465, 3.465], [-76.465, 3.47], [-76.47, 3.47], [-76.47, 3.465]]]}}, {"type": "Feature", "properties": {"value": 8.0829, "sigma": 7.6619}, "geometry": {"type": "Polygon", "coordinates": [[[-76.465, 3.465], [-76.46, 3.465], [-76.46, 3.47], [-76.465, 3.47], [-76.465, 3.465]]]}}, {"type": "Feature", "properties": {"value": 7.8299, "sigma": 7.6619}, "geometry": {"type": "Polygon", "coordinates": [[[-76.46, 3.465], [-76.455, 3.465], [-76.455, 3.47], [-76.46, 3.47], [-76.46, 3.465]]]}}, {"type": "Feature", "properties": {"value": 8.16, "sigma": 7.6619}, "geometry": {"type": "Polygon", "coordinates": [[[-76.455, 3.465], [-76.45, 3.465], [-76.45, 3.47], [-76.455, 3.47], [-76.455, 3.465]]]}}, {"type": "Feature", "properties": {"value": 9.2362, "sigma": 7.6619}, "geometry": {"type": "Polygon", "coordinates": [[[-76.45, 3.465], [-76.445, 3.465], [-76.445, 3.47], [-76.45, 3.47], [-76.45, 3.465]]]}}, {"type": "Feature", "properties": {"value": 10.197, "sigma": 7.6619}, "geometry": {"type": "Polygon", "coordinates": [[[-76.445, 3.465], [-76.44, 3.465], [-76.44, 3.47], [-76.445, 3.47], [-76.445, 3.465]]]}}, {"type": "Feature", "properties": {"value": 10.2246, "sigma": 7.6619}, "geometry": {"type": "Polygon", "coordinates": [[[-76.44, 3.465], [-76.435, 3.465], [-76.435, 3.47], [-76.44, 3.47], [-76.44, 3.465]]]}}, {"type": "Feature", "properties": {"value": 9.8653, "sigma": 7.6619}, "geometry": {"type": "Polygon", "coordinates": [[[-76.435, 3.465], [-76.43, 3.465], [-76.43, 3.47], [-76.435, 3.47], [-76.435, 3.465]]]}}, {"type": "Feature", "properties": {"value": 9.5963, "sigma": 7.6619}, "geometry": {"type": "Polygon", "coordinates": [[[-76.43, 3.465], [-76.425, 3.465], [-76.425, 3.47], [-76.43, 3.47], [-76.43, 3.465]]]}}, {"type": "Feature", "properties": {"value": 9.4794, "sigma": 7.6619}, "geometry": {"type": "Polygon", "coordinates": [[[-76.425, 3.465], [-76.42, 3.465], [-76.42, 3.47], [-76.425, 3.47], [-76.425, 3.465]]]}}, {"type": "Feature", "properties": {"value": 9.4715, "sigma": 7.6619}, "geometry": {"type": "Polygon", "coordinates": [[[-76.42, 3.465], [-76.415, 3.465], [-76.415, 3.47], [-76.42, 3.47], [-76.42, 3.465]]]}}, {"type": "Feature", "properties": {"value": 9.52, "sigma": 7.6619}, "geometry": {"type": "Polygon", "coordinates": [[[-76.415, 3.465], [-76.41, 3.465], [-76.41, 3.47], [-76.415, 3.47], [-76.415, 3.465]]]}}, {"type": "Feature", "properties": {"value": 9.5729, "sigma": 7.6619}, "geometry": {"type": "Polygon", "coordinates": [[[-76.41, 3.465], [-76.405, 3.465], [-76.405, 3.47], [-76.41, 3.47], [-76.41, 3.465]]]}}, {"type": "Feature", "properties": {"value": 9.5897, "sigma": 7.6619}, "geometry": {"type": "Polygon", "coordinates": [[[-76.405, 3.465], [-76.4, 3.465], [-76.4, 3.47], [-76.405, 3.47], [-76.405, 3.465]]]}}, {"type": "Feature", "properties": {"value": 10.4588, "sigma": 7.6619}, "geometry": {"type": "Polygon", "coordinates": [[[-76.6, 3.47], [-76.595, 3.47], [-76.595, 3.475], [-76.6, 3.475], [-76.6, 3.47]]]}}, {"type": "Feature", "properties": {"value": 10.5137, "sigma": 7.6619}, "geometry": {"type": "Polygon", "coordinates": [[[-76.595, 3.47], [-76.59, 3.47], [-76.59, 3.475], [-76.595, 3.475], [-76.595, 3.47]]]}}, {"type": "Feature", "properties": {"value": 10.5394, "sigma": 7.6619}, "geometry": {"type": "Polygon", "coordinates": [[[-76.59, 3.47], [-76.585, 3.47], [-76.585, 3.475], [-76.59, 3.475], [-76.59, 3.47]]]}}, {"type": "Feature", "properties": {"value": 10.5277, "sigma": 7.6619}, "geometry": {"type": "Polygon", "coordinates": [[[-76.585, 3.47], [-76.58, 3.47], [-76.58, 3.475], [-76.585, 3.475], [-76.585, 3.47]]]}}, {"type": "Feature", "properties": {"value": 10.4729, "sigma": 7.6619}, "geometry": {"type": "Polygon", "coordinates": [[[-76.58, 3.47], [-76.575, 3.47], [-76.575, 3.475], [-76.58, 3.475], [-76.58, 3.47]]]}}, {"type": "Feature", "properties": {"value": 10.3739, "sigma": 7.6619}, "geometry": {"type": "Polygon", "coordinates": [[[-76.575, 3.47], [-76.57, 3.47], [-76.57, 3.475], [-76.575, 3.475], [-76.575, 3.47]]]}}, {"type": "Feature", "properties": {"value": 10.2358, "sigma": 7.6619}, "geometry": {"type": "Polygon", "coordinates": [[[-76.57, 3.47], [-76.565, 3.47], [-76.565, 3.475], [-76.57, 3.475], [-76.57, 3.47]]]}}, {"type": "Feature", "properties": {"value": 10.0692, "sigma": 7.6619}, "geometry": {"type": "Polygon", "coordinates": [[[-76.565, 3.47], [-76.56, 3.47], [-76.56, 3.475], [-76.565, 3.475], [-76.565, 3.47]]]}}, {"type": "Feature", "properties": {"value": 9.8887, "sigma": 7.6619}, "geometry": {"type": "Polygon", "coordinates": [[[-76.56, 3.47], [-76.555, 3.47], [-76.555, 3.475], [-76.56, 3.475], [-76.56, 3.47]]]}}, {"type": "Feature", "properties": {"value": 9.7094, "sigma": 7.6619}, "geometry": {"type": "Polygon", "coordinates": [[[-76.555, 3.47], [-76.55, 3.47], [-76.55, 3.475], [-76.555, 3.475], [-76.555, 3.47]]]}}, {"type": "Feature", "properties": {"value": 9.5451, "sigma": 7.6619}, "geometry": {"type": "Polygon", "coordinates": [[[-76.55, 3.47], [-76.545, 3.47], [-76.545, 3.475], [-76.55, 3.475], [-76.55, 3.47]]]}}, {"type": "Feature", "properties": {"value": 9.4059, "sigma": 7.6619}, "geometry": {"type": "Polygon", "coordinates": [[[-76.545, 3.47], [-76.54, 3.47], [-76.54, 3.475], [-76.545, 3.475], [-76.545, 3.47]]]}}, {"type": "Feature", "properties": {"value": 9.2985, "sigma": 7.6619}, "geometry": {"type": "Polygon", "coordinates": [[[-76.54, 3.47], [-76.535, 3.47], [-76.535, 3.475], [-76.54, 3.475], [-76.54, 3.47]]]}}, {"type": "Feature", "properties": {"value": 9.2252, "sigma": 7.6619}, "geometry": {"type": "Polygon", "coordinates": [[[-76.535, 3.47], [-76.53, 3.47], [-76.53, 3.475], [-76.535, 3.475], [-76.535, 3.47]]]}}, {"type": "Feature", "properties": {"value": 9.1849, "sigma": 7.6619}, "geometry": {"type": "Polygon", "coordinates": [[[-76.53, 3.47], [-76.525, 3.47], [-76.525, 3.475], [-76.53, 3.475], [-76.53, 3.47]]]}}, {"type": "Feature", "properties": {"value": 9.1735, "sigma": 7.6619}, "geometry": {"type": "Polygon", "coordinates": [[[-76.525, 3.47], [-76.52, 3.47], [-76.52, 3.475], [-76.525, 3.475], [-76.525, 3.47]]]}}, {"type": "Feature", "properties": {"value": 9.1859, "sigma": 7.6619}, "geometry": {"type": "Polygon", "coordinates": [[[-76.52, 3.47], [-76.515, 3.47], [-76.515, 3.475], [-76.52, 3.475], [-76.52, 3.47]]]}}, {"type": "Feature", "properties": {"value": 9.2184, "sigma": 7.6619}, "geometry": {"type": "Polygon", "coordinates": [[[-76.515, 3.47], [-76.51, 3.47], [-76.51, 3.475], [-76.515, 3.475], [-76.515, 3.47]]]}}, {"type": "Feature", "properties": {"value": 9.2714, "sigma": 7.6619}, "geometry": {"type": "Polygon", "coordinates": [[[-76.51, 3.47], [-76.505, 3.47], [-76.505, 3.475], [-76.51, 3.475], [-76.51, 3.47]]]}}, {"type": "Feature", "properties": {"value": 9.35, "sigma": 7.6619}, "geometry": {"type": "Polygon", "coordinates": [[[-76.505, 3.47], [-76.5, 3.47], [-76.5, 3.475], [-76.505, 3.475], [-76.505, 3.47]]]}}, {"type": "Feature", "properties": {"value": 9.4574, "sigma": 7.6619}, "geometry": {"type": "Polygon", "coordinates": [[[-76.5, 3.47], [-76.495, 3.47], [-76.495, 3.475], [-76.5, 3.475], [-76.5, 3.47]]]}}, {"type": "Feature", "properties": {"value": 9.5754, "sigma": 7.6619}, "geometry": {"type": "Polygon", "coordinates": [[[-76.495, 3.47], [-76.49, 3.47], [-76.49, 3.475], [-76.495, 3.475], [-76.495, 3.47]]]}}, {"type": "Feature", "properties": {"value": 9.6381, "sigma": 7.6619}, "geometry": {"type": "Polygon", "coordinates": [[[-76.49, 3.47], [-76.485, 3.47], [-76.485, 3.475], [-76.49, 3.475], [-76.49, 3.47]]]}}, {"type": "Feature", "properties": {"value": 9.5639, "sigma": 7.6619}, "geometry": {"type": "Polygon", "coordinates": [[[-76.485, 3.47], [-76.48, 3.47], [-76.48, 3.475], [-76.485, 3.475], [-76.485, 3.47]]]}}, {"type": "Feature", "properties": {"value": 9.3551, "sigma": 7.6619}, "geometry": {"type": "Polygon", "coordinates": [[[-76.48, 3.47], [-76.475, 3.47], [-76.475, 3.475], [-76.48, 3.475], [-76.48, 3.47]]]}}, {"type": "Feature", "properties": {"value": 9.0886, "sigma": 7.6619}, "geometry": {"type": "Polygon", "coordinates": [[[-76.475, 3.47], [-76.47, 3.47], [-76.47, 3.475], [-76.475, 3.475], [-76.475, 3.47]]]}}, {"type": "Feature", "properties": {"value": 8.8294, "sigma": 7.6619}, "geometry": {"type": "Polygon", "coordinates": [[[-76.47, 3.47], [-76.465, 3.47], [-76.465, 3.475], [-76.47, 3.475], [-76.47, 3.47]]]}}, {"type": "Feature", "properties": {"value": 8.6406, "sigma": 7.6619}, "geometry": {"type": "Polygon", "coordinates": [[[-76.465, 3.47], [-76.46, 3.47], [-76.46, 3.475], [-76.465, 3.475], [-76.465, 3.47]]]}}, {"type": "Feature", "properties": {"value": 8.6482, "sigma": 7.6619}, "geometry": {"type": "Polygon", "coordinates": [[[-76.46, 3.47], [-76.455, 3.47], [-76.455, 3.475], [-76.46, 3.475], [-76.46, 3.47]]]}}, {"type": "Feature", "properties": {"value": 9.0462, "sigma": 7.6619}, "geometry": {"type": "Polygon", "coordinates": [[[-76.455, 3.47], [-76.45, 3.47], [-76.45, 3.475], [-76.455, 3.475], [-76.455, 3.47]]]}}, {"type": "Feature", "properties": {"value": 9.8884, "sigma": 7.6619}, "geometry": {"type": "Polygon", "coordinates": [[[-76.45, 3.47], [-76.445, 3.47], [-76.445, 3.475], [-76.45, 3.475], [-76.45, 3.47]]]}}, {"type": "Feature", "properties": {"value": 10.6048, "sigma": 7.6619}, "geometry": {"type": "Polygon", "coordinates": [[[-76.445, 3.47], [-76.44, 3.47], [-76.44, 3.475], [-76.445, 3.475], [-76.445, 3.47]]]}}, {"type": "Feature", "properties": {"value": 10.5183, "sigma": 7.6619}, "geometry": {"type": "Polygon", "coordinates": [[[-76.44, 3.47], [-76.435, 3.47], [-76.435, 3.475], [-76.44, 3.475], [-76.44, 3.47]]]}}, {"type": "Feature", "properties": {"value": 10.0781, "sigma": 7.6619}, "geometry": {"type": "Polygon", "coordinates": [[[-76.435, 3.47], [-76.43, 3.47], [-76.43, 3.475], [-76.435, 3.475], [-76.435, 3.47]]]}}, {"type": "Feature", "properties": {"value": 9.772, "sigma": 7.6619}, "geometry": {"type": "Polygon", "coordinates": [[[-76.43, 3.47], [-76.425, 3.47], [-76.425, 3.475], [-76.43, 3.475], [-76.43, 3.47]]]}}, {"type": "Feature", "properties": {"value": 9.6667, "sigma": 7.6619}, "geometry": {"type": "Polygon", "coordinates": [[[-76.425, 3.47], [-76.42, 3.47], [-76.42, 3.475], [-76.425, 3.475], [-76.425, 3.47]]]}}, {"type": "Feature", "properties": {"value": 9.7096, "sigma": 7.6619}, "geometry": {"type": "Polygon", "coordinates": [[[-76.42, 3.47], [-76.415, 3.47], [-76.415, 3.475], [-76.42, 3.475], [-76.42, 3.47]]]}}, {"type": "Feature", "properties": {"value": 9.828, "sigma": 7.6619}, "geometry": {"type": "Polygon", "coordinates": [[[-76.415, 3.47], [-76.41, 3.47], [-76.41, 3.475], [-76.415, 3.475], [-76.415, 3.47]]]}}, {"type": "Feature", "properties": {"value": 9.9371, "sigma": 7.6619}, "geometry": {"type": "Polygon", "coordinates": [[[-76.41, 3.47], [-76.405, 3.47], [-76.405, 3.475], [-76.41, 3.475], [-76.41, 3.47]]]}}, {"type": "Feature", "properties": {"value": 9.9683, "sigma": 7.6619}, "geometry": {"type": "Polygon", "coordinates": [[[-76.405, 3.47], [-76.4, 3.47], [-76.4, 3.475], [-76.405, 3.475], [-76.405, 3.47]]]}}, {"type": "Feature", "properties": {"value": 10.7837, "sigma": 7.6619}, "geometry": {"type": "Polygon", "coordinates": [[[-76.6, 3.475], [-76.595, 3.475], [-76.595, 3.48], [-76.6, 3.48], [-76.6, 3.475]]]}}, {"type": "Feature", "properties": {"value": 10.8751, "sigma": 7.6619}, "geometry": {"type": "Polygon", "coordinates": [[[-76.595, 3.475], [-76.59, 3.475], [-76.59, 3.48], [-76.595, 3.48], [-76.595, 3.475]]]}}, {"type": "Feature", "properties": {"value": 10.9317, "sigma": 7.6619}, "geometry": {"type": "Polygon", "coordinates": [[[-76.59, 3.475], [-76.585, 3.475], [-76.585, 3.48], [-76.59, 3.48], [-76.59, 3.475]]]}}, {"type": "Feature", "properties": {"value": 10.9397, "sigma": 7.6619}, "geometry": {"type": "Polygon", "coordinates": [[[-76.585, 3.475], [-76.58, 3.475], [-76.58, 3.48], [-76.585, 3.48], [-76.585, 3.475]]]}}, {"type": "Feature", "properties": {"value": 10.8878, "sigma": 7.6619}, "geometry": {"type": "Polygon", "coordinates": [[[-76.58, 3.475], [-76.575, 3.475], [-76.575, 3.48], [-76.58, 3.48], [-76.58, 3.475]]]}}, {"type": "Feature", "properties": {"value": 10.7713, "sigma": 7.6619}, "geometry": {"type": "Polygon", "coordinates": [[[-76.575, 3.475], [-76.57, 3.475], [-76.57, 3.48], [-76.575, 3.48], [-76.575, 3.475]]]}}, {"type": "Feature", "properties": {"value": 10.5946, "sigma": 7.6619}, "geometry": {"type": "Polygon", "coordinates": [[[-76.57, 3.475], [-76.565, 3.475], [-76.565, 3.48], [-76.57, 3.48], [-76.57, 3.475]]]}}, {"type": "Feature", "properties": {"value": 10.3719, "sigma": 7.6619}, "geometry": {"type": "Polygon", "coordinates": [[[-76.565, 3.475], [-76.56, 3.475], [-76.56, 3.48], [-76.565, 3.48], [-76.565, 3.475]]]}}, {"type": "Feature", "properties": {"value": 10.1235, "sigma": 7.6619}, "geometry": {"type": "Polygon", "coordinates": [[[-76.56, 3.475], [-76.555, 3.475], [-76.555, 3.48], [-76.56, 3.48], [-76.56, 3.475]]]}}, {"type": "Feature", "properties": {"value": 9.8715, "sigma": 7.6619}, "geometry": {"type": "Polygon", "coordinates": [[[-76.555, 3.475], [-76.55, 3.475], [-76.55, 3.48], [-76.555, 3.48], [-76.555, 3.475]]]}}, {"type": "Feature", "properties": {"value": 9.6356, "sigma": 7.6619}, "geometry": {"type": "Polygon", "coordinates": [[[-76.55, 3.475], [-76.545, 3.475], [-76.545, 3.48], [-76.55, 3.48], [-76.55, 3.475]]]}}, {"type": "Feature", "properties": {"value": 9.4307, "sigma": 7.6619}, "geometry": {"type": "Polygon", "coordinates": [[[-76.545, 3.475], [-76.54, 3.475], [-76.54, 3.48], [-76.545, 3.48], [-76.545, 3.475]]]}}, {"type": "Feature", "properties": {"value": 9.2672, "sigma": 7.6619}, "geometry": {"type": "Polygon", "coordinates": [[[-76.54, 3.475], [-76.535, 3.475], [-76.535, 3.48], [-76.54, 3.48], [-76.54, 3.475]]]}}, {"type": "Feature", "properties": {"value": 9.1505, "sigma": 7.6619}, "geometry": {"type": "Polygon", "coordinates": [[[-76.535, 3.475], [-76.53, 3.475], [-76.53, 3.48], [-76.535, 3.48], [-76.535, 3.475]]]}}, {"type": "Feature", "properties": {"value": 9.0816, "sigma": 7.6619}, "geometry": {"type": "Polygon", "coordinates": [[[-76.53, 3.475], [-76.525, 3.475], [-76.525, 3.48], [-76.53, 3.48], [-76.53, 3.475]]]}}, {"type": "Feature", "properties": {"value": 9.0568, "sigma": 7.6619}, "geometry": {"type": "Polygon", "coordinates": [[[-76.525, 3.475], [-76.52, 3.475], [-76.52, 3.48], [-76.525, 3.48], [-76.525, 3.475]]]}}, {"type": "Feature", "properties": {"value": 9.0686, "sigma": 7.6619}, "geometry": {"type": "Polygon", "coordinates": [[[-76.52, 3.475], [-76.515, 3.475], [-76.515, 3.48], [-76.52, 3.48], [-76.52, 3.475]]]}}, {"type": "Feature", "properties": {"value": 9.1083, "sigma": 7.6619}, "geometry": {"type": "Polygon", "coordinates": [[[-76.515, 3.475], [-76.51, 3.475], [-76.51, 3.48], [-76.515, 3.48], [-76.515, 3.475]]]}}, {"type": "Feature", "properties": {"value": 9.1687, "sigma": 7.6619}, "geometry": {"type": "Polygon", "coordinates": [[[-76.51, 3.475], [-76.505, 3.475], [-76.505, 3.48], [-76.51, 3.48], [-76.51, 3.475]]]}}, {"type": "Feature", "properties": {"value": 9.2446, "sigma": 7.6619}, "geometry": {"type": "Polygon", "coordinates": [[[-76.505, 3.475], [-76.5, 3.475], [-76.5, 3.48], [-76.505, 3.48], [-76.505, 3.475]]]}}, {"type": "Feature", "properties": {"value": 9.3283, "sigma": 7.6619}, "geometry": {"type": "Polygon", "coordinates": [[[-76.5, 3.475], [-76.495, 3.475], [-76.495, 3.48], [-76.5, 3.48], [-76.5, 3.475]]]}}, {"type": "Feature", "properties": {"value": 9.4016, "sigma": 7.6619}, "geometry": {"type": "Polygon", "coordinates": [[[-76.495, 3.475], [-76.49, 3.475], [-76.49, 3.48], [-76.495, 3.48], [-76.495, 3.475]]]}}, {"type": "Feature", "properties": {"value": 9.4332, "sigma": 7.6619}, "geometry": {"type": "Polygon", "coordinates": [[[-76.49, 3.475], [-76.485, 3.475], [-76.485, 3.48], [-76.49, 3.48], [-76.49, 3.475]]]}}, {"type": "Feature", "properties": {"value": 9.3979, "sigma": 7.6619}, "geometry": {"type": "Polygon", "coordinates": [[[-76.485, 3.475], [-76.48, 3.475], [-76.48, 3.48], [-76.485, 3.48], [-76.485, 3.475]]]}}, {"type": "Feature", "properties": {"value": 9.305, "sigma": 7.6619}, "geometry": {"type": "Polygon", "coordinates": [[[-76.48, 3.475], [-76.475, 3.475], [-76.475, 3.48], [-76.48, 3.48], [-76.48, 3.475]]]}}, {"type": "Feature", "properties": {"value": 9.1922, "sigma": 7.6619}, "geometry": {"type": "Polygon", "coordinates": [[[-76.475, 3.475], [-76.47, 3.475], [-76.47, 3.48], [-76.475, 3.48], [-76.475, 3.475]]]}}, {"type": "Feature", "properties": {"value": 9.0968, "sigma": 7.6619}, "geometry": {"type": "Polygon", "coordinates": [[[-76.47, 3.475], [-76.465, 3.475], [-76.465, 3.48], [-76.47, 3.48], [-76.47, 3.475]]]}}, {"type": "Feature", "properties": {"value": 9.0562, "sigma": 7.6619}, "geometry": {"type": "Polygon", "coordinates": [[[-76.465, 3.475], [-76.46, 3.475], [-76.46, 3.48], [-76.465, 3.48], [-76.465, 3.475]]]}}, {"type": "Feature", "properties": {"value": 9.1305, "sigma": 7.6619}, "geometry": {"type": "Polygon", "coordinates": [[[-76.46, 3.475], [-76.455, 3.475], [-76.455, 3.48], [-76.46, 3.48], [-76.46, 3.475]]]}}, {"type": "Feature", "properties": {"value": 9.4007, "sigma": 7.6619}, "geometry": {"type": "Polygon", "coordinates": [[[-76.455, 3.475], [-76.45, 3.475], [-76.45, 3.48], [-76.455, 3.48], [-76.455, 3.475]]]}}, {"type": "Feature", "properties": {"value": 9.8686, "sigma": 7.6619}, "geometry": {"type": "Polygon", "coordinates": [[[-76.45, 3.475], [-76.445, 3.475], [-76.445, 3.48], [-76.45, 3.48], [-76.45, 3.475]]]}}, {"type": "Feature", "properties": {"value": 10.2641, "sigma": 7.6619}, "geometry": {"type": "Polygon", "coordinates": [[[-76.445, 3.475], [-76.44, 3.475], [-76.44, 3.48], [-76.445, 3.48], [-76.445, 3.475]]]}}, {"type": "Feature", "properties": {"value": 10.2607, "sigma": 7.6619}, "geometry": {"type": "Polygon", "coordinates": [[[-76.44, 3.475], [-76.435, 3.475], [-76.435, 3.48], [-76.44, 3.48], [-76.44, 3.475]]]}}, {"type": "Feature", "properties": {"value": 10.019, "sigma": 7.6619}, "geometry": {"type": "Polygon", "coordinates": [[[-76.435, 3.475], [-76.43, 3.475], [-76.43, 3.48], [-76.435, 3.48], [-76.435, 3.475]]]}}, {"type": "Feature", "properties": {"value": 9.8377, "sigma": 7.6619}, "geometry": {"type": "Polygon", "coordinates": [[[-76.43, 3.475], [-76.425, 3.475], [-76.425, 3.48], [-76.43, 3.48], [-76.43, 3.475]]]}}, {"type": "Feature", "properties": {"value": 9.8229, "sigma": 7.6619}, "geometry": {"type": "Polygon", "coordinates": [[[-76.425, 3.475], [-76.42, 3.475], [-76.42, 3.48], [-76.425, 3.48], [-76.425, 3.475]]]}}, {"type": "Feature", "properties": {"value": 9.9676, "sigma": 7.6619}, "geometry": {"type": "Polygon", "coordinates": [[[-76.42, 3.475], [-76.415, 3.475], [-76.415, 3.48], [-76.42, 3.48], [-76.42, 3.475]]]}}, {"type": "Feature", "properties": {"value": 10.1994, "sigma": 7.6619}, "geometry": {"type": "Polygon", "coordinates": [[[-76.415, 3.475], [-76.41, 3.475], [-76.41, 3.48], [-76.415, 3.48], [-76.415, 3.475]]]}}, {"type": "Feature", "properties": {"value": 10.39, "sigma": 7.6619}, "geometry": {"type": "Polygon", "coordinates": [[[-76.41, 3.475], [-76.405, 3.475], [-76.405, 3.48], [-76.41, 3.48], [-76.41, 3.475]]]}}, {"type": "Feature", "properties": {"value": 10.4279, "sigma": 7.6619}, "geometry": {"type": "Polygon", "coordinates": [[[-76.405, 3.475], [-76.4, 3.475], [-76.4, 3.48], [-76.405, 3.48], [-76.405, 3.475]]]}}, {"type": "Feature", "properties": {"value": 11.1428, "sigma": 7.6619}, "geometry": {"type": "Polygon", "coordinates": [[[-76.6, 3.48], [-76.595, 3.48], [-76.595, 3.485], [-76.6, 3.485], [-76.6, 3.48]]]}}, {"type": "Feature", "properties": {"value": 11.2835, "sigma": 7.6619}, "geometry": {"type": "Polygon", "coordinates": [[[-76.595, 3.48], [-76.59, 3.48], [-76.59, 3.485], [-76.595, 3.485], [-76.595, 3.48]]]}}, {"type": "Feature", "properties": {"value": 11.3849, "sigma": 7.6619}, "geometry": {"type": "Polygon", "coordinates": [[[-76.59, 3.48], [-76.585, 3.48], [-76.585, 3.485], [-76.59, 3.485], [-76.59, 3.48]]]}}, {"type": "Feature", "properties": {"value": 11.4257, "sigma": 7.6619}, "geometry": {"type": "Polygon", "coordinates": [[[-76.585, 3.48], [-76.58, 3.48], [-76.58, 3.485], [-76.585, 3.485], [-76.585, 3.48]]]}}, {"type": "Feature", "properties": {"value": 11.3859, "sigma": 7.6619}, "geometry": {"type": "Polygon", "coordinates": [[[-76.58, 3.48], [-76.575, 3.48], [-76.575, 3.485], [-76.58, 3.485], [-76.58, 3.48]]]}}, {"type": "Feature", "properties": {"value": 11.2542, "sigma": 7.6619}, "geometry": {"type": "Polygon", "coordinates": [[[-76.575, 3.48], [-76.57, 3.48], [-76.57, 3.485], [-76.575, 3.485], [-76.575, 3.48]]]}}, {"type": "Feature", "properties": {"value": 11.0327, "sigma": 7.6619}, "geometry": {"type": "Polygon", "coordinates": [[[-76.57, 3.48], [-76.565, 3.48], [-76.565, 3.485], [-76.57, 3.485], [-76.57, 3.48]]]}}, {"type": "Feature", "properties": {"value": 10.7394, "sigma": 7.6619}, "geometry": {"type": "Polygon", "coordinates": [[[-76.565, 3.48], [-76.56, 3.48], [-76.56, 3.485], [-76.565, 3.485], [-76.565, 3.48]]]}}, {"type": "Feature", "properties": {"value": 10.403, "sigma": 7.6619}, "geometry": {"type": "Polygon", "coordinates": [[[-76.56, 3.48], [-76.555, 3.48], [-76.555, 3.485], [-76.56, 3.485], [-76.56, 3.48]]]}}, {"type": "Feature", "properties": {"value": 10.0553, "sigma": 7.6619}, "geometry": {"type": "Polygon", "coordinates": [[[-76.555, 3.48], [-76.55, 3.48], [-76.55, 3.485], [-76.555, 3.485], [-76.555, 3.48]]]}}, {"type": "Feature", "properties": {"value": 9.7241, "sigma": 7.6619}, "geometry": {"type": "Polygon", "coordinates": [[[-76.55, 3.48], [-76.545, 3.48], [-76.545, 3.485], [-76.55, 3.485], [-76.55, 3.48]]]}}, {"type": "Feature", "properties": {"value": 9.431, "sigma": 7.6619}, "geometry": {"type": "Polygon", "coordinates": [[[-76.545, 3.48], [-76.54, 3.48], [-76.54, 3.485], [-76.545, 3.485], [-76.545, 3.48]]]}}, {"type": "Feature", "properties": {"value": 9.1919, "sigma": 7.6619}, "geometry": {"type": "Polygon", "coordinates": [[[-76.54, 3.48], [-76.535, 3.48], [-76.535, 3.485], [-76.54, 3.485], [-76.54, 3.48]]]}}, {"type": "Feature", "properties": {"value": 9.018, "sigma": 7.6619}, "geometry": {"type": "Polygon", "coordinates": [[[-76.535, 3.48], [-76.53, 3.48], [-76.53, 3.485], [-76.535, 3.485], [-76.535, 3.48]]]}}, {"type": "Feature", "properties": {"value": 8.9151, "sigma": 7.6619}, "geometry": {"type": "Polygon", "coordinates": [[[-76.53, 3.48], [-76.525, 3.48], [-76.525, 3.485], [-76.53, 3.485], [-76.53, 3.48]]]}}, {"type": "Feature", "properties": {"value": 8.8802, "sigma": 7.6619}, "geometry": {"type": "Polygon", "coordinates": [[[-76.525, 3.48], [-76.52, 3.48], [-76.52, 3.485], [-76.525, 3.485], [-76.525, 3.48]]]}}, {"type": "Feature", "properties": {"value": 8.9012, "sigma": 7.6619}, "geometry": {"type": "Polygon", "coordinates": [[[-76.52, 3.48], [-76.515, 3.48], [-76.515, 3.485], [-76.52, 3.485], [-76.52, 3.48]]]}}, {"type": "Feature", "properties": {"value": 8.9605, "sigma": 7.6619}, "geometry": {"type": "Polygon", "coordinates": [[[-76.515, 3.48], [-76.51, 3.48], [-76.51, 3.485], [-76.515, 3.485], [-76.515, 3.48]]]}}, {"type": "Feature", "properties": {"value": 9.0406, "sigma": 7.6619}, "geometry": {"type": "Polygon", "coordinates": [[[-76.51, 3.48], [-76.505, 3.48], [-76.505, 3.485], [-76.51, 3.485], [-76.51, 3.48]]]}}, {"type": "Feature", "properties": {"value": 9.1283, "sigma": 7.6619}, "geometry": {"type": "Polygon", "coordinates": [[[-76.505, 3.48], [-76.5, 3.48], [-76.5, 3.485], [-76.505, 3.485], [-76.505, 3.48]]]}}, {"type": "Feature", "properties": {"value": 9.2125, "sigma": 7.6619}, "geometry": {"type": "Polygon", "coordinates": [[[-76.5, 3.48], [-76.495, 3.48], [-76.495, 3.485], [-76.5, 3.485], [-76.5, 3.48]]]}}, {"type": "Feature", "properties": {"value": 9.2816, "sigma": 7.6619}, "geometry": {"type": "Polygon", "coordinates": [[[-76.495, 3.48], [-76.49, 3.48], [-76.49, 3.485], [-76.495, 3.485], [-76.495, 3.48]]]}}, {"type": "Feature", "properties": {"value": 9.3248, "sigma": 7.6619}, "geometry": {"type": "Polygon", "coordinates": [[[-76.49, 3.48], [-76.485, 3.48], [-76.485, 3.485], [-76.49, 3.485], [-76.49, 3.48]]]}}, {"type": "Feature", "properties": {"value": 9.3395, "sigma": 7.6619}, "geometry": {"type": "Polygon", "coordinates": [[[-76.485, 3.48], [-76.48, 3.48], [-76.48, 3.485], [-76.485, 3.485], [-76.485, 3.48]]]}}, {"type": "Feature", "properties": {"value": 9.3391, "sigma": 7.6619}, "geometry": {"type": "Polygon", "coordinates": [[[-76.48, 3.48], [-76.475, 3.48], [-76.475, 3.485], [-76.48, 3.485], [-76.48, 3.48]]]}}, {"type": "Feature", "properties": {"value": 9.3451, "sigma": 7.6619}, "geometry": {"type": "Polygon", "coordinates": [[[-76.475, 3.48], [-76.47, 3.48], [-76.47, 3.485], [-76.475, 3.485], [-76.475, 3.48]]]}}, {"type": "Feature", "properties": {"value": 9.3716, "sigma": 7.6619}, "geometry": {"type": "Polygon", "coordinates": [[[-76.47, 3.48], [-76.465, 3.48], [-76.465, 3.485], [-76.47, 3.485], [-76.47, 3.48]]]}}, {"type": "Feature", "properties": {"value": 9.418, "sigma": 7.6619}, "geometry": {"type": "Polygon", "coordinates": [[[-76.465, 3.48], [-76.46, 3.48], [-76.46, 3.485], [-76.465, 3.485], [-76.465, 3.48]]]}}, {"type": "Feature", "properties": {"value": 9.4857, "sigma": 7.6619}, "geometry": {"type": "Polygon", "coordinates": [[[-76.46, 3.48], [-76.455, 3.48], [-76.455, 3.485], [-76.46, 3.485], [-76.46, 3.48]]]}}, {"type": "Feature", "properties": {"value": 9.6004, "sigma": 7.6619}, "geometry": {"type": "Polygon", "coordinates": [[[-76.455, 3.48], [-76.45, 3.48], [-76.45, 3.485], [-76.455, 3.485], [-76.455, 3.48]]]}}, {"type": "Feature", "properties": {"value": 9.7786, "sigma": 7.6619}, "geometry": {"type": "Polygon", "coordinates": [[[-76.45, 3.48], [-76.445, 3.48], [-76.445, 3.485], [-76.45, 3.485], [-76.45, 3.48]]]}}, {"type": "Feature", "properties": {"value": 9.9403, "sigma": 7.6619}, "geometry": {"type": "Polygon", "coordinates": [[[-76.445, 3.48], [-76.44, 3.48], [-76.44, 3.485], [-76.445, 3.485], [-76.445, 3.48]]]}}, {"type": "Feature", "properties": {"value": 9.9697, "sigma": 7.6619}, "geometry": {"type": "Polygon", "coordinates": [[[-76.44, 3.48], [-76.435, 3.48], [-76.435, 3.485], [-76.44, 3.485], [-76.44, 3.48]]]}}, {"type": "Feature", "properties": {"value": 9.8997, "sigma": 7.6619}, "geometry": {"type": "Polygon", "coordinates": [[[-76.435, 3.48], [-76.43, 3.48], [-76.43, 3.485], [-76.435, 3.485], [-76.435, 3.48]]]}}, {"type": "Feature", "properties": {"value": 9.8644, "sigma": 7.6619}, "geometry": {"type": "Polygon", "coordinates": [[[-76.43, 3.48], [-76.425, 3.48], [-76.425, 3.485], [-76.43, 3.485], [-76.43, 3.48]]]}}, {"type": "Feature", "properties": {"value": 9.9641, "sigma": 7.6619}, "geometry": {"type": "Polygon", "coordinates": [[[-76.425, 3.48], [-76.42, 3.48], [-76.42, 3.485], [-76.425, 3.485], [-76.425, 3.48]]]}}, {"type": "Feature", "properties": {"value": 10.2311, "sigma": 7.6619}, "geometry": {"type": "Polygon", "coordinates": [[[-76.42, 3.48], [-76.415, 3.48], [-76.415, 3.485], [-76.42, 3.485], [-76.42, 3.48]]]}}, {"type": "Feature", "properties": {"value": 10.5973, "sigma": 7.6619}, "geometry": {"type": "Polygon", "coordinates": [[[-76.415, 3.48], [-76.41, 3.48], [-76.41, 3.485], [-76.415, 3.485], [-76.415, 3.48]]]}}, {"type": "Feature", "properties": {"value": 10.8769, "sigma": 7.6619}, "geometry": {"type": "Polygon", "coordinates": [[[-76.41, 3.48], [-76.405, 3.48], [-76.405, 3.485], [-76.41, 3.485], [-76.41, 3.48]]]}}, {"type": "Feature", "properties": {"value": 10.9037, "sigma": 7.6619}, "geometry": {"type": "Polygon", "coordinates": [[[-76.405, 3.48], [-76.4, 3.48], [-76.4, 3.485], [-76.405, 3.485], [-76.405, 3.48]]]}}, {"type": "Feature", "properties": {"value": 11.5236, "sigma": 7.6619}, "geometry": {"type": "Polygon", "coordinates": [[[-76.6, 3.485], [-76.595, 3.485], [-76.595, 3.49], [-76.6, 3.49], [-76.6, 3.485]]]}}, {"type": "Feature", "properties": {"value": 11.7263, "sigma": 7.6619}, "geometry": {"type": "Polygon", "coordinates": [[[-76.595, 3.485], [-76.59, 3.485], [-76.59, 3.49], [-76.595, 3.49], [-76.595, 3.485]]]}}, {"type": "Feature", "properties": {"value": 11.888, "sigma": 7.6619}, "geometry": {"type": "Polygon", "coordinates": [[[-76.59, 3.485], [-76.585, 3.485], [-76.585, 3.49], [-76.59, 3.49], [-76.59, 3.485]]]}}, {"type": "Feature", "properties": {"value": 11.9776, "sigma": 7.6619}, "geometry": {"type": "Polygon", "coordinates": [[[-76.585, 3.485], [-76.58, 3.485], [-76.58, 3.49], [-76.585, 3.49], [-76.585, 3.485]]]}}, {"type": "Feature", "properties": {"value": 11.9634, "sigma": 7.6619}, "geometry": {"type": "Polygon", "coordinates": [[[-76.58, 3.485], [-76.575, 3.485], [-76.575, 3.49], [-76.58, 3.49], [-76.58, 3.485]]]}}, {"type": "Feature", "properties": {"value": 11.8224, "sigma": 7.6619}, "geometry": {"type": "Polygon", "coordinates": [[[-76.575, 3.485], [-76.57, 3.485], [-76.57, 3.49], [-76.575, 3.49], [-76.575, 3.485]]]}}, {"type": "Feature", "properties": {"value": 11.5519, "sigma": 7.6619}, "geometry": {"type": "Polygon", "coordinates": [[[-76.57, 3.485], [-76.565, 3.485], [-76.565, 3.49], [-76.57, 3.49], [-76.57, 3.485]]]}}, {"type": "Feature", "properties": {"value": 11.1734, "sigma": 7.6619}, "geometry": {"type": "Polygon", "coordinates": [[[-76.565, 3.485], [-76.56, 3.485], [-76.56, 3.49], [-76.565, 3.49], [-76.565, 3.485]]]}}, {"type": "Feature", "properties": {"value": 10.7265, "sigma": 7.6619}, "geometry": {"type": "Polygon", "coordinates": [[[-76.56, 3.485], [-76.555, 3.485], [-76.555, 3.49], [-76.56, 3.49], [-76.56, 3.485]]]}}, {"type": "Feature", "properties": {"value": 10.2554, "sigma": 7.6619}, "geometry": {"type": "Polygon", "coordinates": [[[-76.555, 3.485], [-76.55, 3.485], [-76.55, 3.49], [-76.555, 3.49], [-76.555, 3.485]]]}}, {"type": "Feature", "properties": {"value": 9.7987, "sigma": 7.6619}, "geometry": {"type": "Polygon", "coordinates": [[[-76.55, 3.485], [-76.545, 3.485], [-76.545, 3.49], [-76.55, 3.49], [-76.55, 3.485]]]}}, {"type": "Feature", "properties": {"value": 9.386, "sigma": 7.6619}, "geometry": {"type": "Polygon", "coordinates": [[[-76.545, 3.485], [-76.54, 3.485], [-76.54, 3.49], [-76.545, 3.49], [-76.545, 3.485]]]}}, {"type": "Feature", "properties": {"value": 9.0416, "sigma": 7.6619}, "geometry": {"type": "Polygon", "coordinates": [[[-76.54, 3.485], [-76.535, 3.485], [-76.535, 3.49], [-76.54, 3.49], [-76.54, 3.485]]]}}, {"type": "Feature", "properties": {"value": 8.7877, "sigma": 7.6619}, "geometry": {"type": "Polygon", "coordinates": [[[-76.535, 3.485], [-76.53, 3.485], [-76.53, 3.49], [-76.535, 3.49], [-76.535, 3.485]]]}}, {"type": "Feature", "properties": {"value": 8.6412, "sigma": 7.6619}, "geometry": {"type": "Polygon", "coordinates": [[[-76.53, 3.485], [-76.525, 3.485], [-76.525, 3.49], [-76.53, 3.49], [-76.53, 3.485]]]}}, {"type": "Feature", "properties": {"value": 8.6034, "sigma": 7.6619}, "geometry": {"type": "Polygon", "coordinates": [[[-76.525, 3.485], [-76.52, 3.485], [-76.52, 3.49], [-76.525, 3.49], [-76.525, 3.485]]]}}, {"type": "Feature", "properties": {"value": 8.6535, "sigma": 7.6619}, "geometry": {"type": "Polygon", "coordinates": [[[-76.52, 3.485], [-76.515, 3.485], [-76.515, 3.49], [-76.52, 3.49], [-76.52, 3.485]]]}}, {"type": "Feature", "properties": {"value": 8.7564, "sigma": 7.6619}, "geometry": {"type": "Polygon", "coordinates": [[[-76.515, 3.485], [-76.51, 3.485], [-76.51, 3.49], [-76.515, 3.49], [-76.515, 3.485]]]}}, {"type": "Feature", "properties": {"value": 8.8794, "sigma": 7.6619}, "geometry": {"type": "Polygon", "coordinates": [[[-76.51, 3.485], [-76.505, 3.485], [-76.505, 3.49], [-76.51, 3.49], [-76.51, 3.485]]]}}, {"type": "Feature", "properties": {"value": 9.0006, "sigma": 7.6619}, "geometry": {"type": "Polygon", "coordinates": [[[-76.505, 3.485], [-76.5, 3.485], [-76.5, 3.49], [-76.505, 3.49], [-76.505, 3.485]]]}}, {"type": "Feature", "properties": {"value": 9.1094, "sigma": 7.6619}, "geometry": {"type": "Polygon", "coordinates": [[[-76.5, 3.485], [-76.495, 3.485], [-76.495, 3.49], [-76.5, 3.49], [-76.5, 3.485]]]}}, {"type": "Feature", "properties": {"value": 9.2016, "sigma": 7.6619}, "geometry": {"type": "Polygon", "coordinates": [[[-76.495, 3.485], [-76.49, 3.485], [-76.49, 3.49], [-76.495, 3.49], [-76.495, 3.485]]]}}, {"type": "Feature", "properties": {"value": 9.2792, "sigma": 7.6619}, "geometry": {"type": "Polygon", "coordinates": [[[-76.49, 3.485], [-76.485, 3.485], [-76.485, 3.49], [-76.49, 3.49], [-76.49, 3.485]]]}}, {"type": "Feature", "properties": {"value": 9.3515, "sigma": 7.6619}, "geometry": {"type": "Polygon", "coordinates": [[[-76.485, 3.485], [-76.48, 3.485], [-76.48, 3.49], [-76.485, 3.49], [-76.485, 3.485]]]}}, {"type": "Feature", "properties": {"value": 9.4363, "sigma": 7.6619}, "geometry": {"type": "Polygon", "coordinates": [[[-76.48, 3.485], [-76.475, 3.485], [-76.475, 3.49], [-76.48, 3.49], [-76.48, 3.485]]]}}, {"type": "Feature", "properties": {"value": 9.5513, "sigma": 7.6619}, "geometry": {"type": "Polygon", "coordinates": [[[-76.475, 3.485], [-76.47, 3.485], [-76.47, 3.49], [-76.475, 3.49], [-76.475, 3.485]]]}}, {"type": "Feature", "properties": {"value": 9.6953, "sigma": 7.6619}, "geometry": {"type": "Polygon", "coordinates": [[[-76.47, 3.485], [-76.465, 3.485], [-76.465, 3.49], [-76.47, 3.49], [-76.47, 3.485]]]}}, {"type": "Feature", "properties": {"value": 9.8281, "sigma": 7.6619}, "geometry": {"type": "Polygon", "coordinates": [[[-76.465, 3.485], [-76.46, 3.485], [-76.46, 3.49], [-76.465, 3.49], [-76.465, 3.485]]]}}, {"type": "Feature", "properties": {"value": 9.8893, "sigma": 7.6619}, "geometry": {"type": "Polygon", "coordinates": [[[-76.46, 3.485], [-76.455, 3.485], [-76.455, 3.49], [-76.46, 3.49], [-76.46, 3.485]]]}}, {"type": "Feature", "properties": {"value": 9.8748, "sigma": 7.6619}, "geometry": {"type": "Polygon", "coordinates": [[[-76.455, 3.485], [-76.45, 3.485], [-76.45, 3.49], [-76.455, 3.49], [-76.455, 3.485]]]}}, {"type": "Feature", "properties": {"value": 9.8517, "sigma": 7.6619}, "geometry": {"type": "Polygon", "coordinates": [[[-76.45, 3.485], [-76.445, 3.485], [-76.445, 3.49], [-76.45, 3.49], [-76.45, 3.485]]]}}, {"type": "Feature", "properties": {"value": 9.8524, "sigma": 7.6619}, "geometry": {"type": "Polygon", "coordinates": [[[-76.445, 3.485], [-76.44, 3.485], [-76.44, 3.49], [-76.445, 3.49], [-76.445, 3.485]]]}}, {"type": "Feature", "properties": {"value": 9.8502, "sigma": 7.6619}, "geometry": {"type": "Polygon", "coordinates": [[[-76.44, 3.485], [-76.435, 3.485], [-76.435, 3.49], [-76.44, 3.49], [-76.44, 3.485]]]}}, {"type": "Feature", "properties": {"value": 9.8457, "sigma": 7.6619}, "geometry": {"type": "Polygon", "coordinates": [[[-76.435, 3.485], [-76.43, 3.485], [-76.43, 3.49], [-76.435, 3.49], [-76.435, 3.485]]]}}, {"type": "Feature", "properties": {"value": 9.8966, "sigma": 7.6619}, "geometry": {"type": "Polygon", "coordinates": [[[-76.43, 3.485], [-76.425, 3.485], [-76.425, 3.49], [-76.43, 3.49], [-76.43, 3.485]]]}}, {"type": "Feature", "properties": {"value": 10.0777, "sigma": 7.6619}, "geometry": {"type": "Polygon", "coordinates": [[[-76.425, 3.485], [-76.42, 3.485], [-76.42, 3.49], [-76.425, 3.49], [-76.425, 3.485]]]}}, {"type": "Feature", "properties": {"value": 10.4305, "sigma": 7.6619}, "geometry": {"type": "Polygon", "coordinates": [[[-76.42, 3.485], [-76.415, 3.485], [-76.415, 3.49], [-76.42, 3.49], [-76.42, 3.485]]]}}, {"type": "Feature", "properties": {"value": 10.8864, "sigma": 7.6619}, "geometry": {"type": "Polygon", "coordinates": [[[-76.415, 3.485], [-76.41, 3.485], [-76.41, 3.49], [-76.415, 3.49], [-76.415, 3.485]]]}}, {"type": "Feature", "properties": {"value": 11.2193, "sigma": 7.6619}, "geometry": {"type": "Polygon", "coordinates": [[[-76.41, 3.485], [-76.405, 3.485], [-76.405, 3.49], [-76.41, 3.49], [-76.41, 3.485]]]}}, {"type": "Feature", "properties": {"value": 11.2274, "sigma": 7.6619}, "geometry": {"type": "Polygon", "coordinates": [[[-76.405, 3.485], [-76.4, 3.485], [-76.4, 3.49], [-76.405, 3.49], [-76.405, 3.485]]]}}, {"type": "Feature", "properties": {"value": 11.9043, "sigma": 7.6619}, "geometry": {"type": "Polygon", "coordinates": [[[-76.6, 3.49], [-76.595, 3.49], [-76.595, 3.495], [-76.6, 3.495], [-76.6, 3.49]]]}}, {"type": "Feature", "properties": {"value": 12.178, "sigma": 7.6619}, "geometry": {"type": "Polygon", "coordinates": [[[-76.595, 3.49], [-76.59, 3.49], [-76.59, 3.495], [-76.595, 3.495], [-76.595, 3.49]]]}}, {"type": "Feature", "properties": {"value": 12.413, "sigma": 7.6619}, "geometry": {"type": "Polygon", "coordinates": [[[-76.59, 3.49], [-76.585, 3.49], [-76.585, 3.495], [-76.59, 3.495], [-76.59, 3.49]]]}}, {"type": "Feature", "properties": {"value": 12.5677, "sigma": 7.6619}, "geometry": {"type": "Polygon", "coordinates": [[[-76.585, 3.49], [-76.58, 3.49], [-76.58, 3.495], [-76.585, 3.495], [-76.585, 3.49]]]}}, {"type": "Feature", "properties": {"value": 12.5946, "sigma": 7.6619}, "geometry": {"type": "Polygon", "coordinates": [[[-76.58, 3.49], [-76.575, 3.49], [-76.575, 3.495], [-76.58, 3.495], [-76.58, 3.49]]]}}, {"type": "Feature", "properties": {"value": 12.4549, "sigma": 7.6619}, "geometry": {"type": "Polygon", "coordinates": [[[-76.575, 3.49], [-76.57, 3.49], [-76.57, 3.495], [-76.575, 3.495], [-76.575, 3.49]]]}}, {"type": "Feature", "properties": {"value": 12.1363, "sigma": 7.6619}, "geometry": {"type": "Polygon", "coordinates": [[[-76.57, 3.49], [-76.565, 3.49], [-76.565, 3.495], [-76.57, 3.495], [-76.57, 3.49]]]}}, {"type": "Feature", "properties": {"value": 11.6624, "sigma": 7.6619}, "geometry": {"type": "Polygon", "coordinates": [[[-76.565, 3.49], [-76.56, 3.49], [-76.56, 3.495], [-76.565, 3.495], [-76.565, 3.49]]]}}, {"type": "Feature", "properties": {"value": 11.0847, "sigma": 7.6619}, "geometry": {"type": "Polygon", "coordinates": [[[-76.56, 3.49], [-76.555, 3.49], [-76.555, 3.495], [-76.56, 3.495], [-76.56, 3.49]]]}}, {"type": "Feature", "properties": {"value": 10.4626, "sigma": 7.6619}, "geometry": {"type": "Polygon", "coordinates": [[[-76.555, 3.49], [-76.55, 3.49], [-76.55, 3.495], [-76.555, 3.495], [-76.555, 3.49]]]}}, {"type": "Feature", "properties": {"value": 9.8462, "sigma": 7.6619}, "geometry": {"type": "Polygon", "coordinates": [[[-76.55, 3.49], [-76.545, 3.49], [-76.545, 3.495], [-76.55, 3.495], [-76.55, 3.49]]]}}, {"type": "Feature", "properties": {"value": 9.274, "sigma": 7.6619}, "geometry": {"type": "Polygon", "coordinates": [[[-76.545, 3.49], [-76.54, 3.49], [-76.54, 3.495], [-76.545, 3.495], [-76.545, 3.49]]]}}, {"type": "Feature", "properties": {"value": 8.781, "sigma": 7.6619}, "geometry": {"type": "Polygon", "coordinates": [[[-76.54, 3.49], [-76.535, 3.49], [-76.535, 3.495], [-76.54, 3.495], [-76.54, 3.49]]]}}, {"type": "Feature", "properties": {"value": 8.4097, "sigma": 7.6619}, "geometry": {"type": "Polygon", "coordinates": [[[-76.535, 3.49], [-76.53, 3.49], [-76.53, 3.495], [-76.535, 3.495], [-76.535, 3.49]]]}}, {"type": "Feature", "properties": {"value": 8.2034, "sigma": 7.6619}, "geometry": {"type": "Polygon", "coordinates": [[[-76.53, 3.49], [-76.525, 3.49], [-76.525, 3.495], [-76.53, 3.495], [-76.53, 3.49]]]}}, {"type": "Feature", "properties": {"value": 8.1766, "sigma": 7.6619}, "geometry": {"type": "Polygon", "coordinates": [[[-76.525, 3.49], [-76.52, 3.49], [-76.52, 3.495], [-76.525, 3.495], [-76.525, 3.49]]]}}, {"type": "Feature", "properties": {"value": 8.2917, "sigma": 7.6619}, "geometry": {"type": "Polygon", "coordinates": [[[-76.52, 3.49], [-76.515, 3.49], [-76.515, 3.495], [-76.52, 3.495], [-76.52, 3.49]]]}}, {"type": "Feature", "properties": {"value": 8.479, "sigma": 7.6619}, "geometry": {"type": "Polygon", "coordinates": [[[-76.515, 3.49], [-76.51, 3.49], [-76.51, 3.495], [-76.515, 3.495], [-76.515, 3.49]]]}}, {"type": "Feature", "properties": {"value": 8.6782, "sigma": 7.6619}, "geometry": {"type": "Polygon", "coordinates": [[[-76.51, 3.49], [-76.505, 3.49], [-76.505, 3.495], [-76.51, 3.495], [-76.51, 3.49]]]}}, {"type": "Feature", "properties": {"value": 8.8585, "sigma": 7.6619}, "geometry": {"type": "Polygon", "coordinates": [[[-76.505, 3.49], [-76.5, 3.49], [-76.5, 3.495], [-76.505, 3.495], [-76.505, 3.49]]]}}, {"type": "Feature", "properties": {"value": 9.0119, "sigma": 7.6619}, "geometry": {"type": "Polygon", "coordinates": [[[-76.5, 3.49], [-76.495, 3.49], [-76.495, 3.495], [-76.5, 3.495], [-76.5, 3.49]]]}}, {"type": "Feature", "properties": {"value": 9.1438, "sigma": 7.6619}, "geometry": {"type": "Polygon", "coordinates": [[[-76.495, 3.49], [-76.49, 3.49], [-76.49, 3.495], [-76.495, 3.495], [-76.495, 3.49]]]}}, {"type": "Feature", "properties": {"value": 9.2663, "sigma": 7.6619}, "geometry": {"type": "Polygon", "coordinates": [[[-76.49, 3.49], [-76.485, 3.49], [-76.485, 3.495], [-76.49, 3.495], [-76.49, 3.49]]]}}, {"type": "Feature", "properties": {"value": 9.3987, "sigma": 7.6619}, "geometry": {"type": "Polygon", "coordinates": [[[-76.485, 3.49], [-76.48, 3.49], [-76.48, 3.495], [-76.485, 3.495], [-76.485, 3.49]]]}}, {"type": "Feature", "properties": {"value": 9.566, "sigma": 7.6619}, "geometry": {"type": "Polygon", "coordinates": [[[-76.48, 3.49], [-76.475, 3.49], [-76.475, 3.495], [-76.48, 3.495], [-76.48, 3.49]]]}}, {"type": "Feature", "properties": {"value": 9.792, "sigma": 7.6619}, "geometry": {"type": "Polygon", "coordinates": [[[-76.475, 3.49], [-76.47, 3.49], [-76.47, 3.495], [-76.475, 3.495], [-76.475, 3.49]]]}}, {"type": "Feature", "properties": {"value": 10.0726, "sigma": 7.6619}, "geometry": {"type": "Polygon", "coordinates": [[[-76.47, 3.49], [-76.465, 3.49], [-76.465, 3.495], [-76.47, 3.495], [-76.47, 3.49]]]}}, {"type": "Feature", "properties": {"value": 10.3291, "sigma": 7.6619}, "geometry": {"type": "Polygon", "coordinates": [[[-76.465, 3.49], [-76.46, 3.49], [-76.46, 3.495], [-76.465, 3.495], [-76.465, 3.49]]]}}, {"type": "Feature", "properties": {"value": 10.4133, "sigma": 7.6619}, "geometry": {"type": "Polygon", "coordinates": [[[-76.46, 3.49], [-76.455, 3.49], [-76.455, 3.495], [-76.46, 3.495], [-76.46, 3.49]]]}}, {"type": "Feature", "properties": {"value": 10.2792, "sigma": 7.6619}, "geometry": {"type": "Polygon", "coordinates": [[[-76.455, 3.49], [-76.45, 3.49], [-76.45, 3.495], [-76.455, 3.495], [-76.455, 3.49]]]}}, {"type": "Feature", "properties": {"value": 10.074, "sigma": 7.6619}, "geometry": {"type": "Polygon", "coordinates": [[[-76.45, 3.49], [-76.445, 3.49], [-76.445, 3.495], [-76.45, 3.495], [-76.45, 3.49]]]}}, {"type": "Feature", "properties": {"value": 9.9279, "sigma": 7.6619}, "geometry": {"type": "Polygon", "coordinates": [[[-76.445, 3.49], [-76.44, 3.49], [-76.44, 3.495], [-76.445, 3.495], [-76.445, 3.49]]]}}, {"type": "Feature", "properties": {"value": 9.8567, "sigma": 7.6619}, "geometry": {"type": "Polygon", "coordinates": [[[-76.44, 3.49], [-76.435, 3.49], [-76.435, 3.495], [-76.44, 3.495], [-76.44, 3.49]]]}}, {"type": "Feature", "properties": {"value": 9.849, "sigma": 7.6619}, "geometry": {"type": "Polygon", "coordinates": [[[-76.435, 3.49], [-76.43, 3.49], [-76.43, 3.495], [-76.435, 3.495], [-76.435, 3.49]]]}}, {"type": "Feature", "properties": {"value": 9.9249, "sigma": 7.6619}, "geometry": {"type": "Polygon", "coordinates": [[[-76.43, 3.49], [-76.425, 3.49], [-76.425, 3.495], [-76.43, 3.495], [-76.43, 3.49]]]}}, {"type": "Feature", "properties": {"value": 10.1283, "sigma": 7.6619}, "geometry": {"type": "Polygon", "coordinates": [[[-76.425, 3.49], [-76.42, 3.49], [-76.42, 3.495], [-76.425, 3.495], [-76.425, 3.49]]]}}, {"type": "Feature", "properties": {"value": 10.4846, "sigma": 7.6619}, "geometry": {"type": "Polygon", "coordinates": [[[-76.42, 3.49], [-76.415, 3.49], [-76.415, 3.495], [-76.42, 3.495], [-76.42, 3.49]]]}}, {"type": "Feature", "properties": {"value": 10.9236, "sigma": 7.6619}, "geometry": {"type": "Polygon", "coordinates": [[[-76.415, 3.49], [-76.41, 3.49], [-76.41, 3.495], [-76.415, 3.495], [-76.415, 3.49]]]}}, {"type": "Feature", "properties": {"value": 11.237, "sigma": 7.6619}, "geometry": {"type": "Polygon", "coordinates": [[[-76.41, 3.49], [-76.405, 3.49], [-76.405, 3.495], [-76.41, 3.495], [-76.41, 3.49]]]}}, {"type": "Feature", "properties": {"value": 11.2434, "sigma": 7.6619}, "geometry": {"type": "Polygon", "coordinates": [[[-76.405, 3.49], [-76.4, 3.49], [-76.4, 3.495], [-76.405, 3.495], [-76.405, 3.49]]]}}, {"type": "Feature", "properties": {"value": 12.2545, "sigma": 7.6619}, "geometry": {"type": "Polygon", "coordinates": [[[-76.6, 3.495], [-76.595, 3.495], [-76.595, 3.5], [-76.6, 3.5], [-76.6, 3.495]]]}}, {"type": "Feature", "properties": {"value": 12.5998, "sigma": 7.6619}, "geometry": {"type": "Polygon", "coordinates": [[[-76.595, 3.495], [-76.59, 3.495], [-76.59, 3.5], [-76.595, 3.5], [-76.595, 3.495]]]}}, {"type": "Feature", "properties": {"value": 12.9126, "sigma": 7.6619}, "geometry": {"type": "Polygon", "coordinates": [[[-76.59, 3.495], [-76.585, 3.495], [-76.585, 3.5], [-76.59, 3.5], [-76.59, 3.495]]]}}, {"type": "Feature", "properties": {"value": 13.1413, "sigma": 7.6619}, "geometry": {"type": "Polygon", "coordinates": [[[-76.585, 3.495], [-76.58, 3.495], [-76.58, 3.5], [-76.585, 3.5], [-76.585, 3.495]]]}}, {"type": "Feature", "properties": {"value": 13.222, "sigma": 7.6619}, "geometry": {"type": "Polygon", "coordinates": [[[-76.58, 3.495], [-76.575, 3.495], [-76.575, 3.5], [-76.58, 3.5], [-76.58, 3.495]]]}}, {"type": "Feature", "properties": {"value": 13.0968, "sigma": 7.6619}, "geometry": {"type": "Polygon", "coordinates": [[[-76.575, 3.495], [-76.57, 3.495], [-76.57, 3.5], [-76.575, 3.5], [-76.575, 3.495]]]}}, {"type": "Feature", "properties": {"value": 12.7389, "sigma": 7.6619}, "geometry": {"type": "Polygon", "coordinates": [[[-76.57, 3.495], [-76.565, 3.495], [-76.565, 3.5], [-76.57, 3.5], [-76.57, 3.495]]]}}, {"type": "Feature", "properties": {"value": 12.1704, "sigma": 7.6619}, "geometry": {"type": "Polygon", "coordinates": [[[-76.565, 3.495], [-76.56, 3.495], [-76.56, 3.5], [-76.565, 3.5], [-76.565, 3.495]]]}}, {"type": "Feature", "properties": {"value": 11.4536, "sigma": 7.6619}, "geometry": {"type": "Polygon", "coordinates": [[[-76.56, 3.495], [-76.555, 3.495], [-76.555, 3.5], [-76.56, 3.5], [-76.56, 3.495]]]}}, {"type": "Feature", "properties": {"value": 10.6627, "sigma": 7.6619}, "geometry": {"type": "Polygon", "coordinates": [[[-76.555, 3.495], [-76.55, 3.495], [-76.55, 3.5], [-76.555, 3.5], [-76.555, 3.495]]]}}, {"type": "Feature", "properties": {"value": 9.8585, "sigma": 7.6619}, "geometry": {"type": "Polygon", "coordinates": [[[-76.55, 3.495], [-76.545, 3.495], [-76.545, 3.5], [-76.55, 3.5], [-76.55, 3.495]]]}}, {"type": "Feature", "properties": {"value": 9.0852, "sigma": 7.6619}, "geometry": {"type": "Polygon", "coordinates": [[[-76.545, 3.495], [-76.54, 3.495], [-76.54, 3.5], [-76.545, 3.5], [-76.545, 3.495]]]}}, {"type": "Feature", "properties": {"value": 8.3901, "sigma": 7.6619}, "geometry": {"type": "Polygon", "coordinates": [[[-76.54, 3.495], [-76.535, 3.495], [-76.535, 3.5], [-76.54, 3.5], [-76.54, 3.495]]]}}, {"type": "Feature", "properties": {"value": 7.8487, "sigma": 7.6619}, "geometry": {"type": "Polygon", "coordinates": [[[-76.535, 3.495], [-76.53, 3.495], [-76.53, 3.5], [-76.535, 3.5], [-76.535, 3.495]]]}}, {"type": "Feature", "properties": {"value": 7.5585, "sigma": 7.6619}, "geometry": {"type": "Polygon", "coordinates": [[[-76.53, 3.495], [-76.525, 3.495], [-76.525, 3.5], [-76.53, 3.5], [-76.53, 3.495]]]}}, {"type": "Feature", "properties": {"value": 7.5665, "sigma": 7.6619}, "geometry": {"type": "Polygon", "coordinates": [[[-76.525, 3.495], [-76.52, 3.495], [-76.52, 3.5], [-76.525, 3.5], [-76.525, 3.495]]]}}, {"type": "Feature", "properties": {"value": 7.8022, "sigma": 7.6619}, "geometry": {"type": "Polygon", "coordinates": [[[-76.52, 3.495], [-76.515, 3.495], [-76.515, 3.5], [-76.52, 3.5], [-76.52, 3.495]]]}}, {"type": "Feature", "properties": {"value": 8.1285, "sigma": 7.6619}, "geometry": {"type": "Polygon", "coordinates": [[[-76.515, 3.495], [-76.51, 3.495], [-76.51, 3.5], [-76.515, 3.5], [-76.515, 3.495]]]}}, {"type": "Feature", "properties": {"value": 8.4423, "sigma": 7.6619}, "geometry": {"type": "Polygon", "coordinates": [[[-76.51, 3.495], [-76.505, 3.495], [-76.505, 3.5], [-76.51, 3.5], [-76.51, 3.495]]]}}, {"type": "Feature", "properties": {"value": 8.7045, "sigma": 7.6619}, "geometry": {"type": "Polygon", "coordinates": [[[-76.505, 3.495], [-76.5, 3.495], [-76.5, 3.5], [-76.505, 3.5], [-76.505, 3.495]]]}}, {"type": "Feature", "properties": {"value": 8.9163, "sigma": 7.6619}, "geometry": {"type": "Polygon", "coordinates": [[[-76.5, 3.495], [-76.495, 3.495], [-76.495, 3.5], [-76.5, 3.5], [-76.5, 3.495]]]}}, {"type": "Feature", "properties": {"value": 9.0948, "sigma": 7.6619}, "geometry": {"type": "Polygon", "coordinates": [[[-76.495, 3.495], [-76.49, 3.495], [-76.49, 3.5], [-76.495, 3.5], [-76.495, 3.495]]]}}, {"type": "Feature", "properties": {"value": 9.2633, "sigma": 7.6619}, "geometry": {"type": "Polygon", "coordinates": [[[-76.49, 3.495], [-76.485, 3.495], [-76.485, 3.5], [-76.49, 3.5], [-76.49, 3.495]]]}}, {"type": "Feature", "properties": {"value": 9.4495, "sigma": 7.6619}, "geometry": {"type": "Polygon", "coordinates": [[[-76.485, 3.495], [-76.48, 3.495], [-76.48, 3.5], [-76.485, 3.5], [-76.485, 3.495]]]}}, {"type": "Feature", "properties": {"value": 9.6865, "sigma": 7.6619}, "geometry": {"type": "Polygon", "coordinates": [[[-76.48, 3.495], [-76.475, 3.495], [-76.475, 3.5], [-76.48, 3.5], [-76.48, 3.495]]]}}, {"type": "Feature", "properties": {"value": 10.0069, "sigma": 7.6619}, "geometry": {"type": "Polygon", "coordinates": [[[-76.475, 3.495], [-76.47, 3.495], [-76.47, 3.5], [-76.475, 3.5], [-76.475, 3.495]]]}}, {"type": "Feature", "properties": {"value": 10.412, "sigma": 7.6619}, "geometry": {"type": "Polygon", "coordinates": [[[-76.47, 3.495], [-76.465, 3.495], [-76.465, 3.5], [-76.47, 3.5], [-76.47, 3.495]]]}}, {"type": "Feature", "properties": {"value": 10.7954, "sigma": 7.6619}, "geometry": {"type": "Polygon", "coordinates": [[[-76.465, 3.495], [-76.46, 3.495], [-76.46, 3.5], [-76.465, 3.5], [-76.465, 3.495]]]}}, {"type": "Feature", "properties": {"value": 10.917, "sigma": 7.6619}, "geometry": {"type": "Polygon", "coordinates": [[[-76.46, 3.495], [-76.455, 3.495], [-76.455, 3.5], [-76.46, 3.5], [-76.46, 3.495]]]}}, {"type": "Feature", "properties": {"value": 10.6821, "sigma": 7.6619}, "geometry": {"type": "Polygon", "coordinates": [[[-76.455, 3.495], [-76.45, 3.495], [-76.45, 3.5], [-76.455, 3.5], [-76.455, 3.495]]]}}, {"type": "Feature", "properties": {"value": 10.3234, "sigma": 7.6619}, "geometry": {"type": "Polygon", "coordinates": [[[-76.45, 3.495], [-76.445, 3.495], [-76.445, 3.5], [-76.45, 3.5], [-76.45, 3.495]]]}}, {"type": "Feature", "properties": {"value": 10.053, "sigma": 7.6619}, "geometry": {"type": "Polygon", "coordinates": [[[-76.445, 3.495], [-76.44, 3.495], [-76.44, 3.5], [-76.445, 3.5], [-76.445, 3.495]]]}}, {"type": "Feature", "properties": {"value": 9.9086, "sigma": 7.6619}, "geometry": {"type": "Polygon", "coordinates": [[[-76.44, 3.495], [-76.435, 3.495], [-76.435, 3.5], [-76.44, 3.5], [-76.44, 3.495]]]}}, {"type": "Feature", "properties": {"value": 9.8694, "sigma": 7.6619}, "geometry": {"type": "Polygon", "coordinates": [[[-76.435, 3.495], [-76.43, 3.495], [-76.43, 3.5], [-76.435, 3.5], [-76.435, 3.495]]]}}, {"type": "Feature", "properties": {"value": 9.9303, "sigma": 7.6619}, "geometry": {"type": "Polygon", "coordinates": [[[-76.43, 3.495], [-76.425, 3.495], [-76.425, 3.5], [-76.43, 3.5], [-76.43, 3.495]]]}}, {"type": "Feature", "properties": {"value": 10.1055, "sigma": 7.6619}, "geometry": {"type": "Polygon", "coordinates": [[[-76.425, 3.495], [-76.42, 3.495], [-76.42, 3.5], [-76.425, 3.5], [-76.425, 3.495]]]}}, {"type": "Feature", "properties": {"value": 10.3957, "sigma": 7.6619}, "geometry": {"type": "Polygon", "coordinates": [[[-76.42, 3.495], [-76.415, 3.495], [-76.415, 3.5], [-76.42, 3.5], [-76.42, 3.495]]]}}, {"type": "Feature", "properties": {"value": 10.7354, "sigma": 7.6619}, "geometry": {"type": "Polygon", "coordinates": [[[-76.415, 3.495], [-76.41, 3.495], [-76.41, 3.5], [-76.415, 3.5], [-76.415, 3.495]]]}}, {"type": "Feature", "properties": {"value": 10.9764, "sigma": 7.6619}, "geometry": {"type": "Polygon", "coordinates": [[[-76.41, 3.495], [-76.405, 3.495], [-76.405, 3.5], [-76.41, 3.5], [-76.41, 3.495]]]}}, {"type": "Feature", "properties": {"value": 10.9937, "sigma": 7.6619}, "geometry": {"type": "Polygon", "coordinates": [[[-76.405, 3.495], [-76.4, 3.495], [-76.4, 3.5], [-76.405, 3.5], [-76.405, 3.495]]]}}, {"type": "Feature", "properties": {"value": 12.5391, "sigma": 7.6619}, "geometry": {"type": "Polygon", "coordinates": [[[-76.6, 3.5], [-76.595, 3.5], [-76.595, 3.505], [-76.6, 3.505], [-76.6, 3.5]]]}}, {"type": "Feature", "properties": {"value": 12.9441, "sigma": 7.6619}, "geometry": {"type": "Polygon", "coordinates": [[[-76.595, 3.5], [-76.59, 3.5], [-76.59, 3.505], [-76.595, 3.505], [-76.595, 3.5]]]}}, {"type": "Feature", "properties": {"value": 13.3241, "sigma": 7.6619}, "geometry": {"type": "Polygon", "coordinates": [[[-76.59, 3.5], [-76.585, 3.5], [-76.585, 3.505], [-76.59, 3.505], [-76.59, 3.5]]]}}, {"type": "Feature", "properties": {"value": 13.3819, "sigma": 7.6619}, "geometry": {"type": "Polygon", "coordinates": [[[-76.585, 3.5], [-76.58, 3.5], [-76.58, 3.505], [-76.585, 3.505], [-76.585, 3.5]]]}}, {"type": "Feature", "properties": {"value": 13.3819, "sigma": 7.6619}, "geometry": {"type": "Polygon", "coordinates": [[[-76.58, 3.5], [-76.575, 3.5], [-76.575, 3.505], [-76.58, 3.505], [-76.58, 3.5]]]}}, {"type": "Feature", "properties": {"value": 13.3819, "sigma": 7.6619}, "geometry": {"type": "Polygon", "coordinates": [[[-76.575, 3.5], [-76.57, 3.5], [-76.57, 3.505], [-76.575, 3.505], [-76.575, 3.5]]]}}, {"type": "Feature", "properties": {"value": 13.2737, "sigma": 7.6619}, "geometry": {"type": "Polygon", "coordinates": [[[-76.57, 3.5], [-76.565, 3.5], [-76.565, 3.505], [-76.57, 3.505], [-76.57, 3.5]]]}}, {"type": "Feature", "properties": {"value": 12.629, "sigma": 7.6619}, "geometry": {"type": "Polygon", "coordinates": [[[-76.565, 3.5], [-76.56, 3.5], [-76.56, 3.505], [-76.565, 3.505], [-76.565, 3.5]]]}}, {"type": "Feature", "properties": {"value": 11.7887, "sigma": 7.6619}, "geometry": {"type": "Polygon", "coordinates": [[[-76.56, 3.5], [-76.555, 3.5], [-76.555, 3.505], [-76.56, 3.505], [-76.56, 3.5]]]}}, {"type": "Feature", "properties": {"value": 10.8374, "sigma": 7.6619}, "geometry": {"type": "Polygon", "coordinates": [[[-76.555, 3.5], [-76.55, 3.5], [-76.55, 3.505], [-76.555, 3.505], [-76.555, 3.5]]]}}, {"type": "Feature", "properties": {"value": 9.8424, "sigma": 7.6619}, "geometry": {"type": "Polygon", "coordinates": [[[-76.55, 3.5], [-76.545, 3.5], [-76.545, 3.505], [-76.55, 3.505], [-76.55, 3.5]]]}}, {"type": "Feature", "properties": {"value": 8.8495, "sigma": 7.6619}, "geometry": {"type": "Polygon", "coordinates": [[[-76.545, 3.5], [-76.54, 3.5], [-76.54, 3.505], [-76.545, 3.505], [-76.545, 3.5]]]}}, {"type": "Feature", "properties": {"value": 7.915, "sigma": 7.6619}, "geometry": {"type": "Polygon", "coordinates": [[[-76.54, 3.5], [-76.535, 3.5], [-76.535, 3.505], [-76.54, 3.505], [-76.54, 3.5]]]}}, {"type": "Feature", "properties": {"value": 7.1585, "sigma": 7.6619}, "geometry": {"type": "Polygon", "coordinates": [[[-76.535, 3.5], [-76.53, 3.5], [-76.53, 3.505], [-76.535, 3.505], [-76.535, 3.5]]]}}, {"type": "Feature", "properties": {"value": 6.7643, "sigma": 7.6619}, "geometry": {"type": "Polygon", "coordinates": [[[-76.53, 3.5], [-76.525, 3.5], [-76.525, 3.505], [-76.53, 3.505], [-76.53, 3.5]]]}}, {"type": "Feature", "properties": {"value": 6.8361, "sigma": 7.6619}, "geometry": {"type": "Polygon", "coordinates": [[[-76.525, 3.5], [-76.52, 3.5], [-76.52, 3.505], [-76.525, 3.505], [-76.525, 3.5]]]}}, {"type": "Feature", "properties": {"value": 7.2458, "sigma": 7.6619}, "geometry": {"type": "Polygon", "coordinates": [[[-76.52, 3.5], [-76.515, 3.5], [-76.515, 3.505], [-76.52, 3.505], [-76.52, 3.5]]]}}, {"type": "Feature", "properties": {"value": 7.7527, "sigma": 7.6619}, "geometry": {"type": "Polygon", "coordinates": [[[-76.515, 3.5], [-76.51, 3.5], [-76.51, 3.505], [-76.515, 3.505], [-76.515, 3.5]]]}}, {"type": "Feature", "properties": {"value": 8.2021, "sigma": 7.6619}, "geometry": {"type": "Polygon", "coordinates": [[[-76.51, 3.5], [-76.505, 3.5], [-76.505, 3.505], [-76.51, 3.505], [-76.51, 3.5]]]}}, {"type": "Feature", "properties": {"value": 8.5544, "sigma": 7.6619}, "geometry": {"type": "Polygon", "coordinates": [[[-76.505, 3.5], [-76.5, 3.5], [-76.5, 3.505], [-76.505, 3.505], [-76.505, 3.5]]]}}, {"type": "Feature", "properties": {"value": 8.826, "sigma": 7.6619}, "geometry": {"type": "Polygon", "coordinates": [[[-76.5, 3.5], [-76.495, 3.5], [-76.495, 3.505], [-76.5, 3.505], [-76.5, 3.5]]]}}, {"type": "Feature", "properties": {"value": 9.0484, "sigma": 7.6619}, "geometry": {"type": "Polygon", "coordinates": [[[-76.495, 3.5], [-76.49, 3.5], [-76.49, 3.505], [-76.495, 3.505], [-76.495, 3.5]]]}}, {"type": "Feature", "properties": {"value": 9.2545, "sigma": 7.6619}, "geometry": {"type": "Polygon", "coordinates": [[[-76.49, 3.5], [-76.485, 3.5], [-76.485, 3.505], [-76.49, 3.505], [-76.49, 3.5]]]}}, {"type": "Feature", "properties": {"value": 9.4777, "sigma": 7.6619}, "geometry": {"type": "Polygon", "coordinates": [[[-76.485, 3.5], [-76.48, 3.5], [-76.48, 3.505], [-76.485, 3.505], [-76.485, 3.5]]]}}, {"type": "Feature", "properties": {"value": 9.7537, "sigma": 7.6619}, "geometry": {"type": "Polygon", "coordinates": [[[-76.48, 3.5], [-76.475, 3.5], [-76.475, 3.505], [-76.48, 3.505], [-76.48, 3.5]]]}}, {"type": "Feature", "properties": {"value": 10.1146, "sigma": 7.6619}, "geometry": {"type": "Polygon", "coordinates": [[[-76.475, 3.5], [-76.47, 3.5], [-76.47, 3.505], [-76.475, 3.505], [-76.475, 3.5]]]}}, {"type": "Feature", "properties": {"value": 10.5573, "sigma": 7.6619}, "geometry": {"type": "Polygon", "coordinates": [[[-76.47, 3.5], [-76.465, 3.5], [-76.465, 3.505], [-76.47, 3.505], [-76.47, 3.5]]]}}, {"type": "Feature", "properties": {"value": 10.9653, "sigma": 7.6619}, "geometry": {"type": "Polygon", "coordinates": [[[-76.465, 3.5], [-76.46, 3.5], [-76.46, 3.505], [-76.465, 3.505], [-76.465, 3.5]]]}}, {"type": "Feature", "properties": {"value": 11.0913, "sigma": 7.6619}, "geometry": {"type": "Polygon", "coordinates": [[[-76.46, 3.5], [-76.455, 3.5], [-76.455, 3.505], [-76.46, 3.505], [-76.46, 3.5]]]}}, {"type": "Feature", "properties": {"value": 10.8413, "sigma": 7.6619}, "geometry": {"type": "Polygon", "coordinates": [[[-76.455, 3.5], [-76.45, 3.5], [-76.45, 3.505], [-76.455, 3.505], [-76.455, 3.5]]]}}, {"type": "Feature", "properties": {"value": 10.4471, "sigma": 7.6619}, "geometry": {"type": "Polygon", "coordinates": [[[-76.45, 3.5], [-76.445, 3.5], [-76.445, 3.505], [-76.45, 3.505], [-76.45, 3.5]]]}}, {"type": "Feature", "properties": {"value": 10.1312, "sigma": 7.6619}, "geometry": {"type": "Polygon", "coordinates": [[[-76.445, 3.5], [-76.44, 3.5], [-76.44, 3.505], [-76.445, 3.505], [-76.445, 3.5]]]}}, {"type": "Feature", "properties": {"value": 9.947, "sigma": 7.6619}, "geometry": {"type": "Polygon", "coordinates": [[[-76.44, 3.5], [-76.435, 3.5], [-76.435, 3.505], [-76.44, 3.505], [-76.44, 3.5]]]}}, {"type": "Feature", "properties": {"value": 9.878, "sigma": 7.6619}, "geometry": {"type": "Polygon", "coordinates": [[[-76.435, 3.5], [-76.43, 3.5], [-76.43, 3.505], [-76.435, 3.505], [-76.435, 3.5]]]}}, {"type": "Feature", "properties": {"value": 9.9086, "sigma": 7.6619}, "geometry": {"type": "Polygon", "coordinates": [[[-76.43, 3.5], [-76.425, 3.5], [-76.425, 3.505], [-76.43, 3.505], [-76.43, 3.5]]]}}, {"type": "Feature", "properties": {"value": 10.033, "sigma": 7.6619}, "geometry": {"type": "Polygon", "coordinates": [[[-76.425, 3.5], [-76.42, 3.5], [-76.42, 3.505], [-76.425, 3.505], [-76.425, 3.5]]]}}, {"type": "Feature", "properties": {"value": 10.2356, "sigma": 7.6619}, "geometry": {"type": "Polygon", "coordinates": [[[-76.42, 3.5], [-76.415, 3.5], [-76.415, 3.505], [-76.42, 3.505], [-76.42, 3.5]]]}}, {"type": "Feature", "properties": {"value": 10.4634, "sigma": 7.6619}, "geometry": {"type": "Polygon", "coordinates": [[[-76.415, 3.5], [-76.41, 3.5], [-76.41, 3.505], [-76.415, 3.505], [-76.415, 3.5]]]}}, {"type": "Feature", "properties": {"value": 10.6254, "sigma": 7.6619}, "geometry": {"type": "Polygon", "coordinates": [[[-76.41, 3.5], [-76.405, 3.5], [-76.405, 3.505], [-76.41, 3.505], [-76.41, 3.5]]]}}, {"type": "Feature", "properties": {"value": 10.6474, "sigma": 7.6619}, "geometry": {"type": "Polygon", "coordinates": [[[-76.405, 3.5], [-76.4, 3.5], [-76.4, 3.505], [-76.405, 3.505], [-76.405, 3.5]]]}}, {"type": "Feature", "properties": {"value": 12.727, "sigma": 7.6619}, "geometry": {"type": "Polygon", "coordinates": [[[-76.6, 3.505], [-76.595, 3.505], [-76.595, 3.51], [-76.6, 3.51], [-76.6, 3.505]]]}}, {"type": "Feature", "properties": {"value": 13.1667, "sigma": 7.6619}, "geometry": {"type": "Polygon", "coordinates": [[[-76.595, 3.505], [-76.59, 3.505], [-76.59, 3.51], [-76.595, 3.51], [-76.595, 3.505]]]}}, {"type": "Feature", "properties": {"value": 13.3819, "sigma": 7.6619}, "geometry": {"type": "Polygon", "coordinates": [[[-76.59, 3.505], [-76.585, 3.505], [-76.585, 3.51], [-76.59, 3.51], [-76.59, 3.505]]]}}, {"type": "Feature", "properties": {"value": 13.3819, "sigma": 7.6619}, "geometry": {"type": "Polygon", "coordinates": [[[-76.585, 3.505], [-76.58, 3.505], [-76.58, 3.51], [-76.585, 3.51], [-76.585, 3.505]]]}}, {"type": "Feature", "properties": {"value": 13.3819, "sigma": 7.6619}, "geometry": {"type": "Polygon", "coordinates": [[[-76.58, 3.505], [-76.575, 3.505], [-76.575, 3.51], [-76.58, 3.51], [-76.58, 3.505]]]}}, {"type": "Feature", "properties": {"value": 13.3819, "sigma": 7.6619}, "geometry": {"type": "Polygon", "coordinates": [[[-76.575, 3.505], [-76.57, 3.505], [-76.57, 3.51], [-76.575, 3.51], [-76.575, 3.505]]]}}, {"type": "Feature", "properties": {"value": 13.3819, "sigma": 7.6619}, "geometry": {"type": "Polygon", "coordinates": [[[-76.57, 3.505], [-76.565, 3.505], [-76.565, 3.51], [-76.57, 3.51], [-76.57, 3.505]]]}}, {"type": "Feature", "properties": {"value": 12.9472, "sigma": 7.6619}, "geometry": {"type": "Polygon", "coordinates": [[[-76.565, 3.505], [-76.56, 3.505], [-76.56, 3.51], [-76.565, 3.51], [-76.565, 3.505]]]}}, {"type": "Feature", "properties": {"value": 12.0293, "sigma": 7.6619}, "geometry": {"type": "Polygon", "coordinates": [[[-76.56, 3.505], [-76.555, 3.505], [-76.555, 3.51], [-76.56, 3.51], [-76.56, 3.505]]]}}, {"type": "Feature", "properties": {"value": 10.9659, "sigma": 7.6619}, "geometry": {"type": "Polygon", "coordinates": [[[-76.555, 3.505], [-76.55, 3.505], [-76.55, 3.51], [-76.555, 3.51], [-76.555, 3.505]]]}}, {"type": "Feature", "properties": {"value": 9.8265, "sigma": 7.6619}, "geometry": {"type": "Polygon", "coordinates": [[[-76.55, 3.505], [-76.545, 3.505], [-76.545, 3.51], [-76.55, 3.51], [-76.55, 3.505]]]}}, {"type": "Feature", "properties": {"value": 8.6574, "sigma": 7.6619}, "geometry": {"type": "Polygon", "coordinates": [[[-76.545, 3.505], [-76.54, 3.505], [-76.54, 3.51], [-76.545, 3.51], [-76.545, 3.505]]]}}, {"type": "Feature", "properties": {"value": 7.5231, "sigma": 7.6619}, "geometry": {"type": "Polygon", "coordinates": [[[-76.54, 3.505], [-76.535, 3.505], [-76.535, 3.51], [-76.54, 3.51], [-76.54, 3.505]]]}}, {"type": "Feature", "properties": {"value": 6.5841, "sigma": 7.6619}, "geometry": {"type": "Polygon", "coordinates": [[[-76.535, 3.505], [-76.53, 3.505], [-76.53, 3.51], [-76.535, 3.51], [-76.535, 3.505]]]}}, {"type": "Feature", "properties": {"value": 6.1074, "sigma": 7.6619}, "geometry": {"type": "Polygon", "coordinates": [[[-76.53, 3.505], [-76.525, 3.505], [-76.525, 3.51], [-76.53, 3.51], [-76.53, 3.505]]]}}, {"type": "Feature", "properties": {"value": 6.2453, "sigma": 7.6619}, "geometry": {"type": "Polygon", "coordinates": [[[-76.525, 3.505], [-76.52, 3.505], [-76.52, 3.51], [-76.525, 3.51], [-76.525, 3.505]]]}}, {"type": "Feature", "properties": {"value": 6.8079, "sigma": 7.6619}, "geometry": {"type": "Polygon", "coordinates": [[[-76.52, 3.505], [-76.515, 3.505], [-76.515, 3.51], [-76.52, 3.51], [-76.52, 3.505]]]}}, {"type": "Feature", "properties": {"value": 7.4617, "sigma": 7.6619}, "geometry": {"type": "Polygon", "coordinates": [[[-76.515, 3.505], [-76.51, 3.505], [-76.51, 3.51], [-76.515, 3.51], [-76.515, 3.505]]]}}, {"type": "Feature", "properties": {"value": 8.016, "sigma": 7.6619}, "geometry": {"type": "Polygon", "coordinates": [[[-76.51, 3.505], [-76.505, 3.505], [-76.505, 3.51], [-76.51, 3.51], [-76.51, 3.505]]]}}, {"type": "Feature", "properties": {"value": 8.4361, "sigma": 7.6619}, "geometry": {"type": "Polygon", "coordinates": [[[-76.505, 3.505], [-76.5, 3.505], [-76.5, 3.51], [-76.505, 3.51], [-76.505, 3.505]]]}}, {"type": "Feature", "properties": {"value": 8.7519, "sigma": 7.6619}, "geometry": {"type": "Polygon", "coordinates": [[[-76.5, 3.505], [-76.495, 3.505], [-76.495, 3.51], [-76.5, 3.51], [-76.5, 3.505]]]}}, {"type": "Feature", "properties": {"value": 9.0048, "sigma": 7.6619}, "geometry": {"type": "Polygon", "coordinates": [[[-76.495, 3.505], [-76.49, 3.505], [-76.49, 3.51], [-76.495, 3.51], [-76.495, 3.505]]]}}, {"type": "Feature", "properties": {"value": 9.233, "sigma": 7.6619}, "geometry": {"type": "Polygon", "coordinates": [[[-76.49, 3.505], [-76.485, 3.505], [-76.485, 3.51], [-76.49, 3.51], [-76.49, 3.505]]]}}, {"type": "Feature", "properties": {"value": 9.4703, "sigma": 7.6619}, "geometry": {"type": "Polygon", "coordinates": [[[-76.485, 3.505], [-76.48, 3.505], [-76.48, 3.51], [-76.485, 3.51], [-76.485, 3.505]]]}}, {"type": "Feature", "properties": {"value": 9.7473, "sigma": 7.6619}, "geometry": {"type": "Polygon", "coordinates": [[[-76.48, 3.505], [-76.475, 3.505], [-76.475, 3.51], [-76.48, 3.51], [-76.48, 3.505]]]}}, {"type": "Feature", "properties": {"value": 10.0844, "sigma": 7.6619}, "geometry": {"type": "Polygon", "coordinates": [[[-76.475, 3.505], [-76.47, 3.505], [-76.47, 3.51], [-76.475, 3.51], [-76.475, 3.505]]]}}, {"type": "Feature", "properties": {"value": 10.465, "sigma": 7.6619}, "geometry": {"type": "Polygon", "coordinates": [[[-76.47, 3.505], [-76.465, 3.505], [-76.465, 3.51], [-76.47, 3.51], [-76.47, 3.505]]]}}, {"type": "Feature", "properties": {"value": 10.7881, "sigma": 7.6619}, "geometry": {"type": "Polygon", "coordinates": [[[-76.465, 3.505], [-76.46, 3.505], [-76.46, 3.51], [-76.465, 3.51], [-76.465, 3.505]]]}}, {"type": "Feature", "properties": {"value": 10.8855, "sigma": 7.6619}, "geometry": {"type": "Polygon", "coordinates": [[[-76.46, 3.505], [-76.455, 3.505], [-76.455, 3.51], [-76.46, 3.51], [-76.46, 3.505]]]}}, {"type": "Feature", "properties": {"value": 10.7041, "sigma": 7.6619}, "geometry": {"type": "Polygon", "coordinates": [[[-76.455, 3.505], [-76.45, 3.505], [-76.45, 3.51], [-76.455, 3.51], [-76.455, 3.505]]]}}, {"type": "Feature", "properties": {"value": 10.3946, "sigma": 7.6619}, "geometry": {"type": "Polygon", "coordinates": [[[-76.45, 3.505], [-76.445, 3.505], [-76.445, 3.51], [-76.45, 3.51], [-76.45, 3.505]]]}}, {"type": "Feature", "properties": {"value": 10.1207, "sigma": 7.6619}, "geometry": {"type": "Polygon", "coordinates": [[[-76.445, 3.505], [-76.44, 3.505], [-76.44, 3.51], [-76.445, 3.51], [-76.445, 3.505]]]}}, {"type": "Feature", "properties": {"value": 9.9431, "sigma": 7.6619}, "geometry": {"type": "Polygon", "coordinates": [[[-76.44, 3.505], [-76.435, 3.505], [-76.435, 3.51], [-76.44, 3.51], [-76.44, 3.505]]]}}, {"type": "Feature", "properties": {"value": 9.8622, "sigma": 7.6619}, "geometry": {"type": "Polygon", "coordinates": [[[-76.435, 3.505], [-76.43, 3.505], [-76.43, 3.51], [-76.435, 3.51], [-76.435, 3.505]]]}}, {"type": "Feature", "properties": {"value": 9.8654, "sigma": 7.6619}, "geometry": {"type": "Polygon", "coordinates": [[[-76.43, 3.505], [-76.425, 3.505], [-76.425, 3.51], [-76.43, 3.51], [-76.43, 3.505]]]}}, {"type": "Feature", "properties": {"value": 9.9404, "sigma": 7.6619}, "geometry": {"type": "Polygon", "coordinates": [[[-76.425, 3.505], [-76.42, 3.505], [-76.42, 3.51], [-76.425, 3.51], [-76.425, 3.505]]]}}, {"type": "Feature", "properties": {"value": 10.067, "sigma": 7.6619}, "geometry": {"type": "Polygon", "coordinates": [[[-76.42, 3.505], [-76.415, 3.505], [-76.415, 3.51], [-76.42, 3.51], [-76.42, 3.505]]]}}, {"type": "Feature", "properties": {"value": 10.2069, "sigma": 7.6619}, "geometry": {"type": "Polygon", "coordinates": [[[-76.415, 3.505], [-76.41, 3.505], [-76.41, 3.51], [-76.415, 3.51], [-76.415, 3.505]]]}}, {"type": "Feature", "properties": {"value": 10.3068, "sigma": 7.6619}, "geometry": {"type": "Polygon", "coordinates": [[[-76.41, 3.505], [-76.405, 3.505], [-76.405, 3.51], [-76.41, 3.51], [-76.41, 3.505]]]}}, {"type": "Feature", "properties": {"value": 10.3241, "sigma": 7.6619}, "geometry": {"type": "Polygon", "coordinates": [[[-76.405, 3.505], [-76.4, 3.505], [-76.4, 3.51], [-76.405, 3.51], [-76.405, 3.505]]]}}, {"type": "Feature", "properties": {"value": 12.8001, "sigma": 7.6619}, "geometry": {"type": "Polygon", "coordinates": [[[-76.6, 3.51], [-76.595, 3.51], [-76.595, 3.515], [-76.6, 3.515], [-76.6, 3.51]]]}}, {"type": "Feature", "properties": {"value": 13.2417, "sigma": 7.6619}, "geometry": {"type": "Polygon", "coordinates": [[[-76.595, 3.51], [-76.59, 3.51], [-76.59, 3.515], [-76.595, 3.515], [-76.595, 3.51]]]}}, {"type": "Feature", "properties": {"value": 13.3819, "sigma": 7.6619}, "geometry": {"type": "Polygon", "coordinates": [[[-76.59, 3.51], [-76.585, 3.51], [-76.585, 3.515], [-76.59, 3.515], [-76.59, 3.51]]]}}, {"type": "Feature", "properties": {"value": 13.3819, "sigma": 7.6619}, "geometry": {"type": "Polygon", "coordinates": [[[-76.585, 3.51], [-76.58, 3.51], [-76.58, 3.515], [-76.585, 3.515], [-76.585, 3.51]]]}}, {"type": "Feature", "properties": {"value": 13.3819, "sigma": 7.6619}, "geometry": {"type": "Polygon", "coordinates": [[[-76.58, 3.51], [-76.575, 3.51], [-76.575, 3.515], [-76.58, 3.515], [-76.58, 3.51]]]}}, {"type": "Feature", "properties": {"value": 13.3819, "sigma": 7.6619}, "geometry": {"type": "Polygon", "coordinates": [[[-76.575, 3.51], [-76.57, 3.51], [-76.57, 3.515], [-76.575, 3.515], [-76.575, 3.51]]]}}, {"type": "Feature", "properties": {"value": 13.3819, "sigma": 7.6619}, "geometry": {"type": "Polygon", "coordinates": [[[-76.57, 3.51], [-76.565, 3.51], [-76.565, 3.515], [-76.57, 3.515], [-76.57, 3.51]]]}}, {"type": "Feature", "properties": {"value": 13.0508, "sigma": 7.6619}, "geometry": {"type": "Polygon", "coordinates": [[[-76.565, 3.51], [-76.56, 3.51], [-76.56, 3.515], [-76.565, 3.515], [-76.565, 3.51]]]}}, {"type": "Feature", "properties": {"value": 12.1223, "sigma": 7.6619}, "geometry": {"type": "Polygon", "coordinates": [[[-76.56, 3.51], [-76.555, 3.51], [-76.555, 3.515], [-76.56, 3.515], [-76.56, 3.51]]]}}, {"type": "Feature", "properties": {"value": 11.0304, "sigma": 7.6619}, "geometry": {"type": "Polygon", "coordinates": [[[-76.555, 3.51], [-76.55, 3.51], [-76.55, 3.515], [-76.555, 3.515], [-76.555, 3.51]]]}}, {"type": "Feature", "properties": {"value": 9.8458, "sigma": 7.6619}, "geometry": {"type": "Polygon", "coordinates": [[[-76.55, 3.51], [-76.545, 3.51], [-76.545, 3.515], [-76.55, 3.515], [-76.55, 3.51]]]}}, {"type": "Feature", "properties": {"value": 8.6215, "sigma": 7.6619}, "geometry": {"type": "Polygon", "coordinates": [[[-76.545, 3.51], [-76.54, 3.51], [-76.54, 3.515], [-76.545, 3.515], [-76.545, 3.51]]]}}, {"type": "Feature", "properties": {"value": 7.4352, "sigma": 7.6619}, "geometry": {"type": "Polygon", "coordinates": [[[-76.54, 3.51], [-76.535, 3.51], [-76.535, 3.515], [-76.54, 3.515], [-76.54, 3.51]]]}}, {"type": "Feature", "properties": {"value": 6.4642, "sigma": 7.6619}, "geometry": {"type": "Polygon", "coordinates": [[[-76.535, 3.51], [-76.53, 3.51], [-76.53, 3.515], [-76.535, 3.515], [-76.535, 3.51]]]}}, {"type": "Feature", "properties": {"value": 5.9822, "sigma": 7.6619}, "geometry": {"type": "Polygon", "coordinates": [[[-76.53, 3.51], [-76.525, 3.51], [-76.525, 3.515], [-76.53, 3.515], [-76.53, 3.51]]]}}, {"type": "Feature", "properties": {"value": 6.1289, "sigma": 7.6619}, "geometry": {"type": "Polygon", "coordinates": [[[-76.525, 3.51], [-76.52, 3.51], [-76.52, 3.515], [-76.525, 3.515], [-76.525, 3.51]]]}}, {"type": "Feature", "properties": {"value": 6.703, "sigma": 7.6619}, "geometry": {"type": "Polygon", "coordinates": [[[-76.52, 3.51], [-76.515, 3.51], [-76.515, 3.515], [-76.52, 3.515], [-76.52, 3.51]]]}}, {"type": "Feature", "properties": {"value": 7.3709, "sigma": 7.6619}, "geometry": {"type": "Polygon", "coordinates": [[[-76.515, 3.51], [-76.51, 3.51], [-76.51, 3.515], [-76.515, 3.515], [-76.515, 3.51]]]}}, {"type": "Feature", "properties": {"value": 7.9415, "sigma": 7.6619}, "geometry": {"type": "Polygon", "coordinates": [[[-76.51, 3.51], [-76.505, 3.51], [-76.505, 3.515], [-76.51, 3.515], [-76.51, 3.51]]]}}, {"type": "Feature", "properties": {"value": 8.3774, "sigma": 7.6619}, "geometry": {"type": "Polygon", "coordinates": [[[-76.505, 3.51], [-76.5, 3.51], [-76.5, 3.515], [-76.505, 3.515], [-76.505, 3.51]]]}}, {"type": "Feature", "properties": {"value": 8.7066, "sigma": 7.6619}, "geometry": {"type": "Polygon", "coordinates": [[[-76.5, 3.51], [-76.495, 3.51], [-76.495, 3.515], [-76.5, 3.515], [-76.5, 3.51]]]}}, {"type": "Feature", "properties": {"value": 8.9691, "sigma": 7.6619}, "geometry": {"type": "Polygon", "coordinates": [[[-76.495, 3.51], [-76.49, 3.51], [-76.49, 3.515], [-76.495, 3.515], [-76.495, 3.51]]]}}, {"type": "Feature", "properties": {"value": 9.2008, "sigma": 7.6619}, "geometry": {"type": "Polygon", "coordinates": [[[-76.49, 3.51], [-76.485, 3.51], [-76.485, 3.515], [-76.49, 3.515], [-76.49, 3.51]]]}}, {"type": "Feature", "properties": {"value": 9.4308, "sigma": 7.6619}, "geometry": {"type": "Polygon", "coordinates": [[[-76.485, 3.51], [-76.48, 3.51], [-76.48, 3.515], [-76.485, 3.515], [-76.485, 3.51]]]}}, {"type": "Feature", "properties": {"value": 9.6811, "sigma": 7.6619}, "geometry": {"type": "Polygon", "coordinates": [[[-76.48, 3.51], [-76.475, 3.51], [-76.475, 3.515], [-76.48, 3.515], [-76.48, 3.51]]]}}, {"type": "Feature", "properties": {"value": 9.9594, "sigma": 7.6619}, "geometry": {"type": "Polygon", "coordinates": [[[-76.475, 3.51], [-76.47, 3.51], [-76.47, 3.515], [-76.475, 3.515], [-76.475, 3.51]]]}}, {"type": "Feature", "properties": {"value": 10.2434, "sigma": 7.6619}, "geometry": {"type": "Polygon", "coordinates": [[[-76.47, 3.51], [-76.465, 3.51], [-76.465, 3.515], [-76.47, 3.515], [-76.47, 3.51]]]}}, {"type": "Feature", "properties": {"value": 10.4645, "sigma": 7.6619}, "geometry": {"type": "Polygon", "coordinates": [[[-76.465, 3.51], [-76.46, 3.51], [-76.46, 3.515], [-76.465, 3.515], [-76.465, 3.51]]]}}, {"type": "Feature", "properties": {"value": 10.5345, "sigma": 7.6619}, "geometry": {"type": "Polygon", "coordinates": [[[-76.46, 3.51], [-76.455, 3.51], [-76.455, 3.515], [-76.46, 3.515], [-76.46, 3.51]]]}}, {"type": "Feature", "properties": {"value": 10.432, "sigma": 7.6619}, "geometry": {"type": "Polygon", "coordinates": [[[-76.455, 3.51], [-76.45, 3.51], [-76.45, 3.515], [-76.455, 3.515], [-76.455, 3.51]]]}}, {"type": "Feature", "properties": {"value": 10.2344, "sigma": 7.6619}, "geometry": {"type": "Polygon", "coordinates": [[[-76.45, 3.51], [-76.445, 3.51], [-76.445, 3.515], [-76.45, 3.515], [-76.45, 3.51]]]}}, {"type": "Feature", "properties": {"value": 10.0386, "sigma": 7.6619}, "geometry": {"type": "Polygon", "coordinates": [[[-76.445, 3.51], [-76.44, 3.51], [-76.44, 3.515], [-76.445, 3.515], [-76.445, 3.51]]]}}, {"type": "Feature", "properties": {"value": 9.8966, "sigma": 7.6619}, "geometry": {"type": "Polygon", "coordinates": [[[-76.44, 3.51], [-76.435, 3.51], [-76.435, 3.515], [-76.44, 3.515], [-76.44, 3.51]]]}}, {"type": "Feature", "properties": {"value": 9.8209, "sigma": 7.6619}, "geometry": {"type": "Polygon", "coordinates": [[[-76.435, 3.51], [-76.43, 3.51], [-76.43, 3.515], [-76.435, 3.515], [-76.435, 3.51]]]}}, {"type": "Feature", "properties": {"value": 9.8072, "sigma": 7.6619}, "geometry": {"type": "Polygon", "coordinates": [[[-76.43, 3.51], [-76.425, 3.51], [-76.425, 3.515], [-76.43, 3.515], [-76.43, 3.51]]]}}, {"type": "Feature", "properties": {"value": 9.8449, "sigma": 7.6619}, "geometry": {"type": "Polygon", "coordinates": [[[-76.425, 3.51], [-76.42, 3.51], [-76.42, 3.515], [-76.425, 3.515], [-76.425, 3.51]]]}}, {"type": "Feature", "properties": {"value": 9.9168, "sigma": 7.6619}, "geometry": {"type": "Polygon", "coordinates": [[[-76.42, 3.51], [-76.415, 3.51], [-76.415, 3.515], [-76.42, 3.515], [-76.42, 3.51]]]}}, {"type": "Feature", "properties": {"value": 9.9969, "sigma": 7.6619}, "geometry": {"type": "Polygon", "coordinates": [[[-76.415, 3.51], [-76.41, 3.51], [-76.41, 3.515], [-76.415, 3.515], [-76.415, 3.51]]]}}, {"type": "Feature", "properties": {"value": 10.0536, "sigma": 7.6619}, "geometry": {"type": "Polygon", "coordinates": [[[-76.41, 3.51], [-76.405, 3.51], [-76.405, 3.515], [-76.41, 3.515], [-76.41, 3.51]]]}}, {"type": "Feature", "properties": {"value": 10.0621, "sigma": 7.6619}, "geometry": {"type": "Polygon", "coordinates": [[[-76.405, 3.51], [-76.4, 3.51], [-76.4, 3.515], [-76.405, 3.515], [-76.405, 3.51]]]}}, {"type": "Feature", "properties": {"value": 12.7584, "sigma": 7.6619}, "geometry": {"type": "Polygon", "coordinates": [[[-76.6, 3.515], [-76.595, 3.515], [-76.595, 3.52], [-76.6, 3.52], [-76.6, 3.515]]]}}, {"type": "Feature", "properties": {"value": 13.1704, "sigma": 7.6619}, "geometry": {"type": "Polygon", "coordinates": [[[-76.595, 3.515], [-76.59, 3.515], [-76.59, 3.52], [-76.595, 3.52], [-76.595, 3.515]]]}}, {"type": "Feature", "properties": {"value": 13.3819, "sigma": 7.6619}, "geometry": {"type": "Polygon", "coordinates": [[[-76.59, 3.515], [-76.585, 3.515], [-76.585, 3.52], [-76.59, 3.52], [-76.59, 3.515]]]}}, {"type": "Feature", "properties": {"value": 13.3819, "sigma": 7.6619}, "geometry": {"type": "Polygon", "coordinates": [[[-76.585, 3.515], [-76.58, 3.515], [-76.58, 3.52], [-76.585, 3.52], [-76.585, 3.515]]]}}, {"type": "Feature", "properties": {"value": 13.3819, "sigma": 7.6619}, "geometry": {"type": "Polygon", "coordinates": [[[-76.58, 3.515], [-76.575, 3.515], [-76.575, 3.52], [-76.58, 3.52], [-76.58, 3.515]]]}}, {"type": "Feature", "properties": {"value": 13.3819, "sigma": 7.6619}, "geometry": {"type": "Polygon", "coordinates": [[[-76.575, 3.515], [-76.57, 3.515], [-76.57, 3.52], [-76.575, 3.52], [-76.575, 3.515]]]}}, {"type": "Feature", "properties": {"value": 13.3819, "sigma": 7.6619}, "geometry": {"type": "Polygon", "coordinates": [[[-76.57, 3.515], [-76.565, 3.515], [-76.565, 3.52], [-76.57, 3.52], [-76.57, 3.515]]]}}, {"type": "Feature", "properties": {"value": 12.9294, "sigma": 7.6619}, "geometry": {"type": "Polygon", "coordinates": [[[-76.565, 3.515], [-76.56, 3.515], [-76.56, 3.52], [-76.565, 3.52], [-76.565, 3.515]]]}}, {"type": "Feature", "properties": {"value": 12.0565, "sigma": 7.6619}, "geometry": {"type": "Polygon", "coordinates": [[[-76.56, 3.515], [-76.555, 3.515], [-76.555, 3.52], [-76.56, 3.52], [-76.56, 3.515]]]}}, {"type": "Feature", "properties": {"value": 11.0262, "sigma": 7.6619}, "geometry": {"type": "Polygon", "coordinates": [[[-76.555, 3.515], [-76.55, 3.515], [-76.55, 3.52], [-76.555, 3.52], [-76.555, 3.515]]]}}, {"type": "Feature", "properties": {"value": 9.9101, "sigma": 7.6619}, "geometry": {"type": "Polygon", "coordinates": [[[-76.55, 3.515], [-76.545, 3.515], [-76.545, 3.52], [-76.55, 3.52], [-76.55, 3.515]]]}}, {"type": "Feature", "properties": {"value": 8.7725, "sigma": 7.6619}, "geometry": {"type": "Polygon", "coordinates": [[[-76.545, 3.515], [-76.54, 3.515], [-76.54, 3.52], [-76.545, 3.52], [-76.545, 3.515]]]}}, {"type": "Feature", "properties": {"value": 7.702, "sigma": 7.6619}, "geometry": {"type": "Polygon", "coordinates": [[[-76.54, 3.515], [-76.535, 3.515], [-76.535, 3.52], [-76.54, 3.52], [-76.54, 3.515]]]}}, {"type": "Feature", "properties": {"value": 6.8556, "sigma": 7.6619}, "geometry": {"type": "Polygon", "coordinates": [[[-76.535, 3.515], [-76.53, 3.515], [-76.53, 3.52], [-76.535, 3.52], [-76.535, 3.515]]]}}, {"type": "Feature", "properties": {"value": 6.4335, "sigma": 7.6619}, "geometry": {"type": "Polygon", "coordinates": [[[-76.53, 3.515], [-76.525, 3.515], [-76.525, 3.52], [-76.53, 3.52], [-76.53, 3.515]]]}}, {"type": "Feature", "properties": {"value": 6.5178, "sigma": 7.6619}, "geometry": {"type": "Polygon", "coordinates": [[[-76.525, 3.515], [-76.52, 3.515], [-76.52, 3.52], [-76.525, 3.52], [-76.525, 3.515]]]}}, {"type": "Feature", "properties": {"value": 6.956, "sigma": 7.6619}, "geometry": {"type": "Polygon", "coordinates": [[[-76.52, 3.515], [-76.515, 3.515], [-76.515, 3.52], [-76.52, 3.52], [-76.52, 3.515]]]}}, {"type": "Feature", "properties": {"value": 7.5009, "sigma": 7.6619}, "geometry": {"type": "Polygon", "coordinates": [[[-76.515, 3.515], [-76.51, 3.515], [-76.51, 3.52], [-76.515, 3.52], [-76.515, 3.515]]]}}, {"type": "Feature", "properties": {"value": 7.9939, "sigma": 7.6619}, "geometry": {"type": "Polygon", "coordinates": [[[-76.51, 3.515], [-76.505, 3.515], [-76.505, 3.52], [-76.51, 3.52], [-76.51, 3.515]]]}}, {"type": "Feature", "properties": {"value": 8.3887, "sigma": 7.6619}, "geometry": {"type": "Polygon", "coordinates": [[[-76.505, 3.515], [-76.5, 3.515], [-76.5, 3.52], [-76.505, 3.52], [-76.505, 3.515]]]}}, {"type": "Feature", "properties": {"value": 8.6971, "sigma": 7.6619}, "geometry": {"type": "Polygon", "coordinates": [[[-76.5, 3.515], [-76.495, 3.515], [-76.495, 3.52], [-76.5, 3.52], [-76.5, 3.515]]]}}, {"type": "Feature", "properties": {"value": 8.9468, "sigma": 7.6619}, "geometry": {"type": "Polygon", "coordinates": [[[-76.495, 3.515], [-76.49, 3.515], [-76.49, 3.52], [-76.495, 3.52], [-76.495, 3.515]]]}}, {"type": "Feature", "properties": {"value": 9.1652, "sigma": 7.6619}, "geometry": {"type": "Polygon", "coordinates": [[[-76.49, 3.515], [-76.485, 3.515], [-76.485, 3.52], [-76.49, 3.52], [-76.49, 3.515]]]}}, {"type": "Feature", "properties": {"value": 9.3736, "sigma": 7.6619}, "geometry": {"type": "Polygon", "coordinates": [[[-76.485, 3.515], [-76.48, 3.515], [-76.48, 3.52], [-76.485, 3.52], [-76.485, 3.515]]]}}, {"type": "Feature", "properties": {"value": 9.5858, "sigma": 7.6619}, "geometry": {"type": "Polygon", "coordinates": [[[-76.48, 3.515], [-76.475, 3.515], [-76.475, 3.52], [-76.48, 3.52], [-76.48, 3.515]]]}}, {"type": "Feature", "properties": {"value": 9.8024, "sigma": 7.6619}, "geometry": {"type": "Polygon", "coordinates": [[[-76.475, 3.515], [-76.47, 3.515], [-76.47, 3.52], [-76.475, 3.52], [-76.475, 3.515]]]}}, {"type": "Feature", "properties": {"value": 10.0049, "sigma": 7.6619}, "geometry": {"type": "Polygon", "coordinates": [[[-76.47, 3.515], [-76.465, 3.515], [-76.465, 3.52], [-76.47, 3.52], [-76.47, 3.515]]]}}, {"type": "Feature", "properties": {"value": 10.1538, "sigma": 7.6619}, "geometry": {"type": "Polygon", "coordinates": [[[-76.465, 3.515], [-76.46, 3.515], [-76.46, 3.52], [-76.465, 3.52], [-76.465, 3.515]]]}}, {"type": "Feature", "properties": {"value": 10.2079, "sigma": 7.6619}, "geometry": {"type": "Polygon", "coordinates": [[[-76.46, 3.515], [-76.455, 3.515], [-76.455, 3.52], [-76.46, 3.52], [-76.46, 3.515]]]}}, {"type": "Feature", "properties": {"value": 10.16, "sigma": 7.6619}, "geometry": {"type": "Polygon", "coordinates": [[[-76.455, 3.515], [-76.45, 3.515], [-76.45, 3.52], [-76.455, 3.52], [-76.455, 3.515]]]}}, {"type": "Feature", "properties": {"value": 10.0476, "sigma": 7.6619}, "geometry": {"type": "Polygon", "coordinates": [[[-76.45, 3.515], [-76.445, 3.515], [-76.445, 3.52], [-76.45, 3.52], [-76.45, 3.515]]]}}, {"type": "Feature", "properties": {"value": 9.9227, "sigma": 7.6619}, "geometry": {"type": "Polygon", "coordinates": [[[-76.445, 3.515], [-76.44, 3.515], [-76.44, 3.52], [-76.445, 3.52], [-76.445, 3.515]]]}}, {"type": "Feature", "properties": {"value": 9.8218, "sigma": 7.6619}, "geometry": {"type": "Polygon", "coordinates": [[[-76.44, 3.515], [-76.435, 3.515], [-76.435, 3.52], [-76.44, 3.52], [-76.44, 3.515]]]}}, {"type": "Feature", "properties": {"value": 9.7603, "sigma": 7.6619}, "geometry": {"type": "Polygon", "coordinates": [[[-76.435, 3.515], [-76.43, 3.515], [-76.43, 3.52], [-76.435, 3.52], [-76.435, 3.515]]]}}, {"type": "Feature", "properties": {"value": 9.7395, "sigma": 7.6619}, "geometry": {"type": "Polygon", "coordinates": [[[-76.43, 3.515], [-76.425, 3.515], [-76.425, 3.52], [-76.43, 3.52], [-76.43, 3.515]]]}}, {"type": "Feature", "properties": {"value": 9.7533, "sigma": 7.6619}, "geometry": {"type": "Polygon", "coordinates": [[[-76.425, 3.515], [-76.42, 3.515], [-76.42, 3.52], [-76.425, 3.52], [-76.425, 3.515]]]}}, {"type": "Feature", "properties": {"value": 9.7895, "sigma": 7.6619}, "geometry": {"type": "Polygon", "coordinates": [[[-76.42, 3.515], [-76.415, 3.515], [-76.415, 3.52], [-76.42, 3.52], [-76.42, 3.515]]]}}, {"type": "Feature", "properties": {"value": 9.8312, "sigma": 7.6619}, "geometry": {"type": "Polygon", "coordinates": [[[-76.415, 3.515], [-76.41, 3.515], [-76.41, 3.52], [-76.415, 3.52], [-76.415, 3.515]]]}}, {"type": "Feature", "properties": {"value": 9.8594, "sigma": 7.6619}, "geometry": {"type": "Polygon", "coordinates": [[[-76.41, 3.515], [-76.405, 3.515], [-76.405, 3.52], [-76.41, 3.52], [-76.41, 3.515]]]}}, {"type": "Feature", "properties": {"value": 9.8591, "sigma": 7.6619}, "geometry": {"type": "Polygon", "coordinates": [[[-76.405, 3.515], [-76.4, 3.515], [-76.4, 3.52], [-76.405, 3.52], [-76.405, 3.515]]]}}, {"type": "Feature", "properties": {"value": 12.6191, "sigma": 7.6619}, "geometry": {"type": "Polygon", "coordinates": [[[-76.6, 3.52], [-76.595, 3.52], [-76.595, 3.525], [-76.6, 3.525], [-76.6, 3.52]]]}}, {"type": "Feature", "properties": {"value": 12.979, "sigma": 7.6619}, "geometry": {"type": "Polygon", "coordinates": [[[-76.595, 3.52], [-76.59, 3.52], [-76.59, 3.525], [-76.595, 3.525], [-76.595, 3.52]]]}}, {"type": "Feature", "properties": {"value": 13.3054, "sigma": 7.6619}, "geometry": {"type": "Polygon", "coordinates": [[[-76.59, 3.52], [-76.585, 3.52], [-76.585, 3.525], [-76.59, 3.525], [-76.59, 3.52]]]}}, {"type": "Feature", "properties": {"value": 13.3819, "sigma": 7.6619}, "geometry": {"type": "Polygon", "coordinates": [[[-76.585, 3.52], [-76.58, 3.52], [-76.58, 3.525], [-76.585, 3.525], [-76.585, 3.52]]]}}, {"type": "Feature", "properties": {"value": 13.3819, "sigma": 7.6619}, "geometry": {"type": "Polygon", "coordinates": [[[-76.58, 3.52], [-76.575, 3.52], [-76.575, 3.525], [-76.58, 3.525], [-76.58, 3.52]]]}}, {"type": "Feature", "properties": {"value": 13.3819, "sigma": 7.6619}, "geometry": {"type": "Polygon", "coordinates": [[[-76.575, 3.52], [-76.57, 3.52], [-76.57, 3.525], [-76.575, 3.525], [-76.575, 3.52]]]}}, {"type": "Feature", "properties": {"value": 13.2168, "sigma": 7.6619}, "geometry": {"type": "Polygon", "coordinates": [[[-76.57, 3.52], [-76.565, 3.52], [-76.565, 3.525], [-76.57, 3.525], [-76.57, 3.52]]]}}, {"type": "Feature", "properties": {"value": 12.6418, "sigma": 7.6619}, "geometry": {"type": "Polygon", "coordinates": [[[-76.565, 3.52], [-76.56, 3.52], [-76.56, 3.525], [-76.565, 3.525], [-76.565, 3.52]]]}}, {"type": "Feature", "properties": {"value": 11.8697, "sigma": 7.6619}, "geometry": {"type": "Polygon", "coordinates": [[[-76.56, 3.52], [-76.555, 3.52], [-76.555, 3.525], [-76.56, 3.525], [-76.56, 3.52]]]}}, {"type": "Feature", "properties": {"value": 10.9645, "sigma": 7.6619}, "geometry": {"type": "Polygon", "coordinates": [[[-76.555, 3.52], [-76.55, 3.52], [-76.55, 3.525], [-76.555, 3.525], [-76.555, 3.52]]]}}, {"type": "Feature", "properties": {"value": 9.995, "sigma": 7.6619}, "geometry": {"type": "Polygon", "coordinates": [[[-76.55, 3.52], [-76.545, 3.52], [-76.545, 3.525], [-76.55, 3.525], [-76.55, 3.52]]]}}, {"type": "Feature", "properties": {"value": 9.0301, "sigma": 7.6619}, "geometry": {"type": "Polygon", "coordinates": [[[-76.545, 3.52], [-76.54, 3.52], [-76.54, 3.525], [-76.545, 3.525], [-76.545, 3.52]]]}}, {"type": "Feature", "properties": {"value": 8.1544, "sigma": 7.6619}, "geometry": {"type": "Polygon", "coordinates": [[[-76.54, 3.52], [-76.535, 3.52], [-76.535, 3.525], [-76.54, 3.525], [-76.54, 3.52]]]}}, {"type": "Feature", "properties": {"value": 7.4824, "sigma": 7.6619}, "geometry": {"type": "Polygon", "coordinates": [[[-76.535, 3.52], [-76.53, 3.52], [-76.53, 3.525], [-76.535, 3.525], [-76.535, 3.52]]]}}, {"type": "Feature", "properties": {"value": 7.1304, "sigma": 7.6619}, "geometry": {"type": "Polygon", "coordinates": [[[-76.53, 3.52], [-76.525, 3.52], [-76.525, 3.525], [-76.53, 3.525], [-76.53, 3.52]]]}}, {"type": "Feature", "properties": {"value": 7.1326, "sigma": 7.6619}, "geometry": {"type": "Polygon", "coordinates": [[[-76.525, 3.52], [-76.52, 3.52], [-76.52, 3.525], [-76.525, 3.525], [-76.525, 3.52]]]}}, {"type": "Feature", "properties": {"value": 7.3959, "sigma": 7.6619}, "geometry": {"type": "Polygon", "coordinates": [[[-76.52, 3.52], [-76.515, 3.52], [-76.515, 3.525], [-76.52, 3.525], [-76.52, 3.52]]]}}, {"type": "Feature", "properties": {"value": 7.7689, "sigma": 7.6619}, "geometry": {"type": "Polygon", "coordinates": [[[-76.515, 3.52], [-76.51, 3.52], [-76.51, 3.525], [-76.515, 3.525], [-76.515, 3.52]]]}}, {"type": "Feature", "properties": {"value": 8.1387, "sigma": 7.6619}, "geometry": {"type": "Polygon", "coordinates": [[[-76.51, 3.52], [-76.505, 3.52], [-76.505, 3.525], [-76.51, 3.525], [-76.51, 3.52]]]}}, {"type": "Feature", "properties": {"value": 8.4575, "sigma": 7.6619}, "geometry": {"type": "Polygon", "coordinates": [[[-76.505, 3.52], [-76.5, 3.52], [-76.5, 3.525], [-76.505, 3.525], [-76.505, 3.52]]]}}, {"type": "Feature", "properties": {"value": 8.7206, "sigma": 7.6619}, "geometry": {"type": "Polygon", "coordinates": [[[-76.5, 3.52], [-76.495, 3.52], [-76.495, 3.525], [-76.5, 3.525], [-76.5, 3.52]]]}}, {"type": "Feature", "properties": {"value": 8.9406, "sigma": 7.6619}, "geometry": {"type": "Polygon", "coordinates": [[[-76.495, 3.52], [-76.49, 3.52], [-76.49, 3.525], [-76.495, 3.525], [-76.495, 3.52]]]}}, {"type": "Feature", "properties": {"value": 9.1339, "sigma": 7.6619}, "geometry": {"type": "Polygon", "coordinates": [[[-76.49, 3.52], [-76.485, 3.52], [-76.485, 3.525], [-76.49, 3.525], [-76.49, 3.52]]]}}, {"type": "Feature", "properties": {"value": 9.3137, "sigma": 7.6619}, "geometry": {"type": "Polygon", "coordinates": [[[-76.485, 3.52], [-76.48, 3.52], [-76.48, 3.525], [-76.485, 3.525], [-76.485, 3.52]]]}}, {"type": "Feature", "properties": {"value": 9.4874, "sigma": 7.6619}, "geometry": {"type": "Polygon", "coordinates": [[[-76.48, 3.52], [-76.475, 3.52], [-76.475, 3.525], [-76.48, 3.525], [-76.48, 3.52]]]}}, {"type": "Feature", "properties": {"value": 9.6535, "sigma": 7.6619}, "geometry": {"type": "Polygon", "coordinates": [[[-76.475, 3.52], [-76.47, 3.52], [-76.47, 3.525], [-76.475, 3.525], [-76.475, 3.52]]]}}, {"type": "Feature", "properties": {"value": 9.7996, "sigma": 7.6619}, "geometry": {"type": "Polygon", "coordinates": [[[-76.47, 3.52], [-76.465, 3.52], [-76.465, 3.525], [-76.47, 3.525], [-76.47, 3.52]]]}}, {"type": "Feature", "properties": {"value": 9.9047, "sigma": 7.6619}, "geometry": {"type": "Polygon", "coordinates": [[[-76.465, 3.52], [-76.46, 3.52], [-76.46, 3.525], [-76.465, 3.525], [-76.465, 3.52]]]}}, {"type": "Feature", "properties": {"value": 9.9502, "sigma": 7.6619}, "geometry": {"type": "Polygon", "coordinates": [[[-76.46, 3.52], [-76.455, 3.52], [-76.455, 3.525], [-76.46, 3.525], [-76.46, 3.52]]]}}, {"type": "Feature", "properties": {"value": 9.9342, "sigma": 7.6619}, "geometry": {"type": "Polygon", "coordinates": [[[-76.455, 3.52], [-76.45, 3.52], [-76.45, 3.525], [-76.455, 3.525], [-76.455, 3.52]]]}}, {"type": "Feature", "properties": {"value": 9.8752, "sigma": 7.6619}, "geometry": {"type": "Polygon", "coordinates": [[[-76.45, 3.52], [-76.445, 3.52], [-76.445, 3.525], [-76.45, 3.525], [-76.45, 3.52]]]}}, {"type": "Feature", "properties": {"value": 9.8009, "sigma": 7.6619}, "geometry": {"type": "Polygon", "coordinates": [[[-76.445, 3.52], [-76.44, 3.52], [-76.44, 3.525], [-76.445, 3.525], [-76.445, 3.52]]]}}, {"type": "Feature", "properties": {"value": 9.7344, "sigma": 7.6619}, "geometry": {"type": "Polygon", "coordinates": [[[-76.44, 3.52], [-76.435, 3.52], [-76.435, 3.525], [-76.44, 3.525], [-76.44, 3.52]]]}}, {"type": "Feature", "properties": {"value": 9.6885, "sigma": 7.6619}, "geometry": {"type": "Polygon", "coordinates": [[[-76.435, 3.52], [-76.43, 3.52], [-76.43, 3.525], [-76.435, 3.525], [-76.435, 3.52]]]}}, {"type": "Feature", "properties": {"value": 9.6671, "sigma": 7.6619}, "geometry": {"type": "Polygon", "coordinates": [[[-76.43, 3.52], [-76.425, 3.52], [-76.425, 3.525], [-76.43, 3.525], [-76.43, 3.52]]]}}, {"type": "Feature", "properties": {"value": 9.6673, "sigma": 7.6619}, "geometry": {"type": "Polygon", "coordinates": [[[-76.425, 3.52], [-76.42, 3.52], [-76.42, 3.525], [-76.425, 3.525], [-76.425, 3.52]]]}}, {"type": "Feature", "properties": {"value": 9.6817, "sigma": 7.6619}, "geometry": {"type": "Polygon", "coordinates": [[[-76.42, 3.52], [-76.415, 3.52], [-76.415, 3.525], [-76.42, 3.525], [-76.42, 3.52]]]}}, {"type": "Feature", "properties": {"value": 9.6997, "sigma": 7.6619}, "geometry": {"type": "Polygon", "coordinates": [[[-76.415, 3.52], [-76.41, 3.52], [-76.41, 3.525], [-76.415, 3.525], [-76.415, 3.52]]]}}, {"type": "Feature", "properties": {"value": 9.7097, "sigma": 7.6619}, "geometry": {"type": "Polygon", "coordinates": [[[-76.41, 3.52], [-76.405, 3.52], [-76.405, 3.525], [-76.41, 3.525], [-76.41, 3.52]]]}}, {"type": "Feature", "properties": {"value": 9.7024, "sigma": 7.6619}, "geometry": {"type": "Polygon", "coordinates": [[[-76.405, 3.52], [-76.4, 3.52], [-76.4, 3.525], [-76.405, 3.525], [-76.405, 3.52]]]}}, {"type": "Feature", "properties": {"value": 12.4093, "sigma": 7.6619}, "geometry": {"type": "Polygon", "coordinates": [[[-76.6, 3.525], [-76.595, 3.525], [-76.595, 3.53], [-76.6, 3.53], [-76.6, 3.525]]]}}, {"type": "Feature", "properties": {"value": 12.7067, "sigma": 7.6619}, "geometry": {"type": "Polygon", "coordinates": [[[-76.595, 3.525], [-76.59, 3.525], [-76.59, 3.53], [-76.595, 3.53], [-76.595, 3.525]]]}}, {"type": "Feature", "properties": {"value": 12.9642, "sigma": 7.6619}, "geometry": {"type": "Polygon", "coordinates": [[[-76.59, 3.525], [-76.585, 3.525], [-76.585, 3.53], [-76.59, 3.53], [-76.59, 3.525]]]}}, {"type": "Feature", "properties": {"value": 13.1424, "sigma": 7.6619}, "geometry": {"type": "Polygon", "coordinates": [[[-76.585, 3.525], [-76.58, 3.525], [-76.58, 3.53], [-76.585, 3.53], [-76.585, 3.525]]]}}, {"type": "Feature", "properties": {"value": 13.1949, "sigma": 7.6619}, "geometry": {"type": "Polygon", "coordinates": [[[-76.58, 3.525], [-76.575, 3.525], [-76.575, 3.53], [-76.58, 3.53], [-76.58, 3.525]]]}}, {"type": "Feature", "properties": {"value": 13.0794, "sigma": 7.6619}, "geometry": {"type": "Polygon", "coordinates": [[[-76.575, 3.525], [-76.57, 3.525], [-76.57, 3.53], [-76.575, 3.53], [-76.575, 3.525]]]}}, {"type": "Feature", "properties": {"value": 12.771, "sigma": 7.6619}, "geometry": {"type": "Polygon", "coordinates": [[[-76.57, 3.525], [-76.565, 3.525], [-76.565, 3.53], [-76.57, 3.53], [-76.57, 3.525]]]}}, {"type": "Feature", "properties": {"value": 12.2736, "sigma": 7.6619}, "geometry": {"type": "Polygon", "coordinates": [[[-76.565, 3.525], [-76.56, 3.525], [-76.56, 3.53], [-76.565, 3.53], [-76.565, 3.525]]]}}, {"type": "Feature", "properties": {"value": 11.6205, "sigma": 7.6619}, "geometry": {"type": "Polygon", "coordinates": [[[-76.56, 3.525], [-76.555, 3.525], [-76.555, 3.53], [-76.56, 3.53], [-76.56, 3.525]]]}}, {"type": "Feature", "properties": {"value": 10.865, "sigma": 7.6619}, "geometry": {"type": "Polygon", "coordinates": [[[-76.555, 3.525], [-76.55, 3.525], [-76.55, 3.53], [-76.555, 3.53], [-76.555, 3.525]]]}}, {"type": "Feature", "properties": {"value": 10.0674, "sigma": 7.6619}, "geometry": {"type": "Polygon", "coordinates": [[[-76.55, 3.525], [-76.545, 3.525], [-76.545, 3.53], [-76.55, 3.53], [-76.55, 3.525]]]}}, {"type": "Feature", "properties": {"value": 9.2909, "sigma": 7.6619}, "geometry": {"type": "Polygon", "coordinates": [[[-76.545, 3.525], [-76.54, 3.525], [-76.54, 3.53], [-76.545, 3.53], [-76.545, 3.525]]]}}, {"type": "Feature", "properties": {"value": 8.6042, "sigma": 7.6619}, "geometry": {"type": "Polygon", "coordinates": [[[-76.54, 3.525], [-76.535, 3.525], [-76.535, 3.53], [-76.54, 3.53], [-76.54, 3.525]]]}}, {"type": "Feature", "properties": {"value": 8.0821, "sigma": 7.6619}, "geometry": {"type": "Polygon", "coordinates": [[[-76.535, 3.525], [-76.53, 3.525], [-76.53, 3.53], [-76.535, 3.53], [-76.535, 3.525]]]}}, {"type": "Feature", "properties": {"value": 7.7855, "sigma": 7.6619}, "geometry": {"type": "Polygon", "coordinates": [[[-76.53, 3.525], [-76.525, 3.525], [-76.525, 3.53], [-76.53, 3.53], [-76.53, 3.525]]]}}, {"type": "Feature", "properties": {"value": 7.7258, "sigma": 7.6619}, "geometry": {"type": "Polygon", "coordinates": [[[-76.525, 3.525], [-76.52, 3.525], [-76.52, 3.53], [-76.525, 3.53], [-76.525, 3.525]]]}}, {"type": "Feature", "properties": {"value": 7.8504, "sigma": 7.6619}, "geometry": {"type": "Polygon", "coordinates": [[[-76.52, 3.525], [-76.515, 3.525], [-76.515, 3.53], [-76.52, 3.53], [-76.52, 3.525]]]}}, {"type": "Feature", "properties": {"value": 8.0742, "sigma": 7.6619}, "geometry": {"type": "Polygon", "coordinates": [[[-76.515, 3.525], [-76.51, 3.525], [-76.51, 3.53], [-76.515, 3.53], [-76.515, 3.525]]]}}, {"type": "Feature", "properties": {"value": 8.3242, "sigma": 7.6619}, "geometry": {"type": "Polygon", "coordinates": [[[-76.51, 3.525], [-76.505, 3.525], [-76.505, 3.53], [-76.51, 3.53], [-76.51, 3.525]]]}}, {"type": "Feature", "properties": {"value": 8.5598, "sigma": 7.6619}, "geometry": {"type": "Polygon", "coordinates": [[[-76.505, 3.525], [-76.5, 3.525], [-76.5, 3.53], [-76.505, 3.53], [-76.505, 3.525]]]}}, {"type": "Feature", "properties": {"value": 8.7676, "sigma": 7.6619}, "geometry": {"type": "Polygon", "coordinates": [[[-76.5, 3.525], [-76.495, 3.525], [-76.495, 3.53], [-76.5, 3.53], [-76.5, 3.525]]]}}, {"type": "Feature", "properties": {"value": 8.9492, "sigma": 7.6619}, "geometry": {"type": "Polygon", "coordinates": [[[-76.495, 3.525], [-76.49, 3.525], [-76.49, 3.53], [-76.495, 3.53], [-76.495, 3.525]]]}}, {"type": "Feature", "properties": {"value": 9.1114, "sigma": 7.6619}, "geometry": {"type": "Polygon", "coordinates": [[[-76.49, 3.525], [-76.485, 3.525], [-76.485, 3.53], [-76.49, 3.53], [-76.49, 3.525]]]}}, {"type": "Feature", "properties": {"value": 9.2608, "sigma": 7.6619}, "geometry": {"type": "Polygon", "coordinates": [[[-76.485, 3.525], [-76.48, 3.525], [-76.48, 3.53], [-76.485, 3.53], [-76.485, 3.525]]]}}, {"type": "Feature", "properties": {"value": 9.4004, "sigma": 7.6619}, "geometry": {"type": "Polygon", "coordinates": [[[-76.48, 3.525], [-76.475, 3.525], [-76.475, 3.53], [-76.48, 3.53], [-76.48, 3.525]]]}}, {"type": "Feature", "properties": {"value": 9.5283, "sigma": 7.6619}, "geometry": {"type": "Polygon", "coordinates": [[[-76.475, 3.525], [-76.47, 3.525], [-76.47, 3.53], [-76.475, 3.53], [-76.475, 3.525]]]}}, {"type": "Feature", "properties": {"value": 9.637, "sigma": 7.6619}, "geometry": {"type": "Polygon", "coordinates": [[[-76.47, 3.525], [-76.465, 3.525], [-76.465, 3.53], [-76.47, 3.53], [-76.47, 3.525]]]}}, {"type": "Feature", "properties": {"value": 9.7155, "sigma": 7.6619}, "geometry": {"type": "Polygon", "coordinates": [[[-76.465, 3.525], [-76.46, 3.525], [-76.46, 3.53], [-76.465, 3.53], [-76.465, 3.525]]]}}, {"type": "Feature", "properties": {"value": 9.7554, "sigma": 7.6619}, "geometry": {"type": "Polygon", "coordinates": [[[-76.46, 3.525], [-76.455, 3.525], [-76.455, 3.53], [-76.46, 3.53], [-76.46, 3.525]]]}}, {"type": "Feature", "properties": {"value": 9.7567, "sigma": 7.6619}, "geometry": {"type": "Polygon", "coordinates": [[[-76.455, 3.525], [-76.45, 3.525], [-76.45, 3.53], [-76.455, 3.53], [-76.455, 3.525]]]}}, {"type": "Feature", "properties": {"value": 9.7289, "sigma": 7.6619}, "geometry": {"type": "Polygon", "coordinates": [[[-76.45, 3.525], [-76.445, 3.525], [-76.445, 3.53], [-76.45, 3.53], [-76.45, 3.525]]]}}, {"type": "Feature", "properties": {"value": 9.6871, "sigma": 7.6619}, "geometry": {"type": "Polygon", "coordinates": [[[-76.445, 3.525], [-76.44, 3.525], [-76.44, 3.53], [-76.445, 3.53], [-76.445, 3.525]]]}}, {"type": "Feature", "properties": {"value": 9.6453, "sigma": 7.6619}, "geometry": {"type": "Polygon", "coordinates": [[[-76.44, 3.525], [-76.435, 3.525], [-76.435, 3.53], [-76.44, 3.53], [-76.44, 3.525]]]}}, {"type": "Feature", "properties": {"value": 9.613, "sigma": 7.6619}, "geometry": {"type": "Polygon", "coordinates": [[[-76.435, 3.525], [-76.43, 3.525], [-76.43, 3.53], [-76.435, 3.53], [-76.435, 3.525]]]}}, {"type": "Feature", "properties": {"value": 9.5939, "sigma": 7.6619}, "geometry": {"type": "Polygon", "coordinates": [[[-76.43, 3.525], [-76.425, 3.525], [-76.425, 3.53], [-76.43, 3.53], [-76.43, 3.525]]]}}, {"type": "Feature", "properties": {"value": 9.5873, "sigma": 7.6619}, "geometry": {"type": "Polygon", "coordinates": [[[-76.425, 3.525], [-76.42, 3.525], [-76.42, 3.53], [-76.425, 3.53], [-76.425, 3.525]]]}}, {"type": "Feature", "properties": {"value": 9.5891, "sigma": 7.6619}, "geometry": {"type": "Polygon", "coordinates": [[[-76.42, 3.525], [-76.415, 3.525], [-76.415, 3.53], [-76.42, 3.53], [-76.42, 3.525]]]}}, {"type": "Feature", "properties": {"value": 9.5929, "sigma": 7.6619}, "geometry": {"type": "Polygon", "coordinates": [[[-76.415, 3.525], [-76.41, 3.525], [-76.41, 3.53], [-76.415, 3.53], [-76.415, 3.525]]]}}, {"type": "Feature", "properties": {"value": 9.5916, "sigma": 7.6619}, "geometry": {"type": "Polygon", "coordinates": [[[-76.41, 3.525], [-76.405, 3.525], [-76.405, 3.53], [-76.41, 3.53], [-76.41, 3.525]]]}}, {"type": "Feature", "properties": {"value": 9.5795, "sigma": 7.6619}, "geometry": {"type": "Polygon", "coordinates": [[[-76.405, 3.525], [-76.4, 3.525], [-76.4, 3.53], [-76.405, 3.53], [-76.405, 3.525]]]}}, {"type": "Feature", "properties": {"value": 12.1578, "sigma": 7.6619}, "geometry": {"type": "Polygon", "coordinates": [[[-76.6, 3.53], [-76.595, 3.53], [-76.595, 3.535], [-76.6, 3.535], [-76.6, 3.53]]]}}, {"type": "Feature", "properties": {"value": 12.3926, "sigma": 7.6619}, "geometry": {"type": "Polygon", "coordinates": [[[-76.595, 3.53], [-76.59, 3.53], [-76.59, 3.535], [-76.595, 3.535], [-76.595, 3.53]]]}}, {"type": "Feature", "properties": {"value": 12.5845, "sigma": 7.6619}, "geometry": {"type": "Polygon", "coordinates": [[[-76.59, 3.53], [-76.585, 3.53], [-76.585, 3.535], [-76.59, 3.535], [-76.59, 3.53]]]}}, {"type": "Feature", "properties": {"value": 12.7027, "sigma": 7.6619}, "geometry": {"type": "Polygon", "coordinates": [[[-76.585, 3.53], [-76.58, 3.53], [-76.58, 3.535], [-76.585, 3.535], [-76.585, 3.53]]]}}, {"type": "Feature", "properties": {"value": 12.7136, "sigma": 7.6619}, "geometry": {"type": "Polygon", "coordinates": [[[-76.58, 3.53], [-76.575, 3.53], [-76.575, 3.535], [-76.58, 3.535], [-76.58, 3.53]]]}}, {"type": "Feature", "properties": {"value": 12.5887, "sigma": 7.6619}, "geometry": {"type": "Polygon", "coordinates": [[[-76.575, 3.53], [-76.57, 3.53], [-76.57, 3.535], [-76.575, 3.535], [-76.575, 3.53]]]}}, {"type": "Feature", "properties": {"value": 12.3134, "sigma": 7.6619}, "geometry": {"type": "Polygon", "coordinates": [[[-76.57, 3.53], [-76.565, 3.53], [-76.565, 3.535], [-76.57, 3.535], [-76.57, 3.53]]]}}, {"type": "Feature", "properties": {"value": 11.894, "sigma": 7.6619}, "geometry": {"type": "Polygon", "coordinates": [[[-76.565, 3.53], [-76.56, 3.53], [-76.56, 3.535], [-76.565, 3.535], [-76.565, 3.53]]]}}, {"type": "Feature", "properties": {"value": 11.3575, "sigma": 7.6619}, "geometry": {"type": "Polygon", "coordinates": [[[-76.56, 3.53], [-76.555, 3.53], [-76.555, 3.535], [-76.56, 3.535], [-76.56, 3.53]]]}}, {"type": "Feature", "properties": {"value": 10.7462, "sigma": 7.6619}, "geometry": {"type": "Polygon", "coordinates": [[[-76.555, 3.53], [-76.55, 3.53], [-76.55, 3.535], [-76.555, 3.535], [-76.555, 3.53]]]}}, {"type": "Feature", "properties": {"value": 10.1092, "sigma": 7.6619}, "geometry": {"type": "Polygon", "coordinates": [[[-76.55, 3.53], [-76.545, 3.53], [-76.545, 3.535], [-76.55, 3.535], [-76.55, 3.53]]]}}, {"type": "Feature", "properties": {"value": 9.4978, "sigma": 7.6619}, "geometry": {"type": "Polygon", "coordinates": [[[-76.545, 3.53], [-76.54, 3.53], [-76.54, 3.535], [-76.545, 3.535], [-76.545, 3.53]]]}}, {"type": "Feature", "properties": {"value": 8.9633, "sigma": 7.6619}, "geometry": {"type": "Polygon", "coordinates": [[[-76.54, 3.53], [-76.535, 3.53], [-76.535, 3.535], [-76.54, 3.535], [-76.54, 3.53]]]}}, {"type": "Feature", "properties": {"value": 8.5526, "sigma": 7.6619}, "geometry": {"type": "Polygon", "coordinates": [[[-76.535, 3.53], [-76.53, 3.53], [-76.53, 3.535], [-76.535, 3.535], [-76.535, 3.53]]]}}, {"type": "Feature", "properties": {"value": 8.2981, "sigma": 7.6619}, "geometry": {"type": "Polygon", "coordinates": [[[-76.53, 3.53], [-76.525, 3.53], [-76.525, 3.535], [-76.53, 3.535], [-76.53, 3.53]]]}}, {"type": "Feature", "properties": {"value": 8.2028, "sigma": 7.6619}, "geometry": {"type": "Polygon", "coordinates": [[[-76.525, 3.53], [-76.52, 3.53], [-76.52, 3.535], [-76.525, 3.535], [-76.525, 3.53]]]}}, {"type": "Feature", "properties": {"value": 8.2376, "sigma": 7.6619}, "geometry": {"type": "Polygon", "coordinates": [[[-76.52, 3.53], [-76.515, 3.53], [-76.515, 3.535], [-76.52, 3.535], [-76.52, 3.53]]]}}, {"type": "Feature", "properties": {"value": 8.3552, "sigma": 7.6619}, "geometry": {"type": "Polygon", "coordinates": [[[-76.515, 3.53], [-76.51, 3.53], [-76.51, 3.535], [-76.515, 3.535], [-76.515, 3.53]]]}}, {"type": "Feature", "properties": {"value": 8.5103, "sigma": 7.6619}, "geometry": {"type": "Polygon", "coordinates": [[[-76.51, 3.53], [-76.505, 3.53], [-76.505, 3.535], [-76.51, 3.535], [-76.51, 3.53]]]}}, {"type": "Feature", "properties": {"value": 8.6725, "sigma": 7.6619}, "geometry": {"type": "Polygon", "coordinates": [[[-76.505, 3.53], [-76.5, 3.53], [-76.5, 3.535], [-76.505, 3.535], [-76.505, 3.53]]]}}, {"type": "Feature", "properties": {"value": 8.8268, "sigma": 7.6619}, "geometry": {"type": "Polygon", "coordinates": [[[-76.5, 3.53], [-76.495, 3.53], [-76.495, 3.535], [-76.5, 3.535], [-76.5, 3.53]]]}}, {"type": "Feature", "properties": {"value": 8.9687, "sigma": 7.6619}, "geometry": {"type": "Polygon", "coordinates": [[[-76.495, 3.53], [-76.49, 3.53], [-76.49, 3.535], [-76.495, 3.535], [-76.495, 3.53]]]}}, {"type": "Feature", "properties": {"value": 9.0989, "sigma": 7.6619}, "geometry": {"type": "Polygon", "coordinates": [[[-76.49, 3.53], [-76.485, 3.53], [-76.485, 3.535], [-76.49, 3.535], [-76.49, 3.53]]]}}, {"type": "Feature", "properties": {"value": 9.2191, "sigma": 7.6619}, "geometry": {"type": "Polygon", "coordinates": [[[-76.485, 3.53], [-76.48, 3.53], [-76.48, 3.535], [-76.485, 3.535], [-76.485, 3.53]]]}}, {"type": "Feature", "properties": {"value": 9.3299, "sigma": 7.6619}, "geometry": {"type": "Polygon", "coordinates": [[[-76.48, 3.53], [-76.475, 3.53], [-76.475, 3.535], [-76.48, 3.535], [-76.48, 3.53]]]}}, {"type": "Feature", "properties": {"value": 9.4291, "sigma": 7.6619}, "geometry": {"type": "Polygon", "coordinates": [[[-76.475, 3.53], [-76.47, 3.53], [-76.47, 3.535], [-76.475, 3.535], [-76.475, 3.53]]]}}, {"type": "Feature", "properties": {"value": 9.5121, "sigma": 7.6619}, "geometry": {"type": "Polygon", "coordinates": [[[-76.47, 3.53], [-76.465, 3.53], [-76.465, 3.535], [-76.47, 3.535], [-76.47, 3.53]]]}}, {"type": "Feature", "properties": {"value": 9.5732, "sigma": 7.6619}, "geometry": {"type": "Polygon", "coordinates": [[[-76.465, 3.53], [-76.46, 3.53], [-76.46, 3.535], [-76.465, 3.535], [-76.465, 3.53]]]}}, {"type": "Feature", "properties": {"value": 9.6085, "sigma": 7.6619}, "geometry": {"type": "Polygon", "coordinates": [[[-76.46, 3.53], [-76.455, 3.53], [-76.455, 3.535], [-76.46, 3.535], [-76.46, 3.53]]]}}, {"type": "Feature", "properties": {"value": 9.6184, "sigma": 7.6619}, "geometry": {"type": "Polygon", "coordinates": [[[-76.455, 3.53], [-76.45, 3.53], [-76.45, 3.535], [-76.455, 3.535], [-76.455, 3.53]]]}}, {"type": "Feature", "properties": {"value": 9.6082, "sigma": 7.6619}, "geometry": {"type": "Polygon", "coordinates": [[[-76.45, 3.53], [-76.445, 3.53], [-76.445, 3.535], [-76.45, 3.535], [-76.45, 3.53]]]}}, {"type": "Feature", "properties": {"value": 9.5862, "sigma": 7.6619}, "geometry": {"type": "Polygon", "coordinates": [[[-76.445, 3.53], [-76.44, 3.53], [-76.44, 3.535], [-76.445, 3.535], [-76.445, 3.53]]]}}, {"type": "Feature", "properties": {"value": 9.5609, "sigma": 7.6619}, "geometry": {"type": "Polygon", "coordinates": [[[-76.44, 3.53], [-76.435, 3.53], [-76.435, 3.535], [-76.44, 3.535], [-76.44, 3.53]]]}}, {"type": "Feature", "properties": {"value": 9.5387, "sigma": 7.6619}, "geometry": {"type": "Polygon", "coordinates": [[[-76.435, 3.53], [-76.43, 3.53], [-76.43, 3.535], [-76.435, 3.535], [-76.435, 3.53]]]}}, {"type": "Feature", "properties": {"value": 9.5228, "sigma": 7.6619}, "geometry": {"type": "Polygon", "coordinates": [[[-76.43, 3.53], [-76.425, 3.53], [-76.425, 3.535], [-76.43, 3.535], [-76.43, 3.53]]]}}, {"type": "Feature", "properties": {"value": 9.5134, "sigma": 7.6619}, "geometry": {"type": "Polygon", "coordinates": [[[-76.425, 3.53], [-76.42, 3.53], [-76.42, 3.535], [-76.425, 3.535], [-76.425, 3.53]]]}}, {"type": "Feature", "properties": {"value": 9.5084, "sigma": 7.6619}, "geometry": {"type": "Polygon", "coordinates": [[[-76.42, 3.53], [-76.415, 3.53], [-76.415, 3.535], [-76.42, 3.535], [-76.42, 3.53]]]}}, {"type": "Feature", "properties": {"value": 9.504, "sigma": 7.6619}, "geometry": {"type": "Polygon", "coordinates": [[[-76.415, 3.53], [-76.41, 3.53], [-76.41, 3.535], [-76.415, 3.535], [-76.415, 3.53]]]}}, {"type": "Feature", "properties": {"value": 9.4961, "sigma": 7.6619}, "geometry": {"type": "Polygon", "coordinates": [[[-76.41, 3.53], [-76.405, 3.53], [-76.405, 3.535], [-76.41, 3.535], [-76.41, 3.53]]]}}, {"type": "Feature", "properties": {"value": 9.4809, "sigma": 7.6619}, "geometry": {"type": "Polygon", "coordinates": [[[-76.405, 3.53], [-76.4, 3.53], [-76.4, 3.535], [-76.405, 3.535], [-76.405, 3.53]]]}}, {"type": "Feature", "properties": {"value": 11.8894, "sigma": 7.6619}, "geometry": {"type": "Polygon", "coordinates": [[[-76.6, 3.535], [-76.595, 3.535], [-76.595, 3.54], [-76.6, 3.54], [-76.6, 3.535]]]}}, {"type": "Feature", "properties": {"value": 12.0682, "sigma": 7.6619}, "geometry": {"type": "Polygon", "coordinates": [[[-76.595, 3.535], [-76.59, 3.535], [-76.59, 3.54], [-76.595, 3.54], [-76.595, 3.535]]]}}, {"type": "Feature", "properties": {"value": 12.2044, "sigma": 7.6619}, "geometry": {"type": "Polygon", "coordinates": [[[-76.59, 3.535], [-76.585, 3.535], [-76.585, 3.54], [-76.59, 3.54], [-76.59, 3.535]]]}}, {"type": "Feature", "properties": {"value": 12.2747, "sigma": 7.6619}, "geometry": {"type": "Polygon", "coordinates": [[[-76.585, 3.535], [-76.58, 3.535], [-76.58, 3.54], [-76.585, 3.54], [-76.585, 3.535]]]}}, {"type": "Feature", "properties": {"value": 12.2561, "sigma": 7.6619}, "geometry": {"type": "Polygon", "coordinates": [[[-76.58, 3.535], [-76.575, 3.535], [-76.575, 3.54], [-76.58, 3.54], [-76.58, 3.535]]]}}, {"type": "Feature", "properties": {"value": 12.1303, "sigma": 7.6619}, "geometry": {"type": "Polygon", "coordinates": [[[-76.575, 3.535], [-76.57, 3.535], [-76.57, 3.54], [-76.575, 3.54], [-76.575, 3.535]]]}}, {"type": "Feature", "properties": {"value": 11.89, "sigma": 7.6619}, "geometry": {"type": "Polygon", "coordinates": [[[-76.57, 3.535], [-76.565, 3.535], [-76.565, 3.54], [-76.57, 3.54], [-76.57, 3.535]]]}}, {"type": "Feature", "properties": {"value": 11.5421, "sigma": 7.6619}, "geometry": {"type": "Polygon", "coordinates": [[[-76.565, 3.535], [-76.56, 3.535], [-76.56, 3.54], [-76.565, 3.54], [-76.565, 3.535]]]}}, {"type": "Feature", "properties": {"value": 11.1083, "sigma": 7.6619}, "geometry": {"type": "Polygon", "coordinates": [[[-76.56, 3.535], [-76.555, 3.535], [-76.555, 3.54], [-76.56, 3.54], [-76.56, 3.535]]]}}, {"type": "Feature", "properties": {"value": 10.6211, "sigma": 7.6619}, "geometry": {"type": "Polygon", "coordinates": [[[-76.555, 3.535], [-76.55, 3.535], [-76.55, 3.54], [-76.555, 3.54], [-76.555, 3.535]]]}}, {"type": "Feature", "properties": {"value": 10.1183, "sigma": 7.6619}, "geometry": {"type": "Polygon", "coordinates": [[[-76.55, 3.535], [-76.545, 3.535], [-76.545, 3.54], [-76.55, 3.54], [-76.55, 3.535]]]}}, {"type": "Feature", "properties": {"value": 9.6389, "sigma": 7.6619}, "geometry": {"type": "Polygon", "coordinates": [[[-76.545, 3.535], [-76.54, 3.535], [-76.54, 3.54], [-76.545, 3.54], [-76.545, 3.535]]]}}, {"type": "Feature", "properties": {"value": 9.2195, "sigma": 7.6619}, "geometry": {"type": "Polygon", "coordinates": [[[-76.54, 3.535], [-76.535, 3.535], [-76.535, 3.54], [-76.54, 3.54], [-76.54, 3.535]]]}}, {"type": "Feature", "properties": {"value": 8.8902, "sigma": 7.6619}, "geometry": {"type": "Polygon", "coordinates": [[[-76.535, 3.535], [-76.53, 3.535], [-76.53, 3.54], [-76.535, 3.54], [-76.535, 3.535]]]}}, {"type": "Feature", "properties": {"value": 8.6694, "sigma": 7.6619}, "geometry": {"type": "Polygon", "coordinates": [[[-76.53, 3.535], [-76.525, 3.535], [-76.525, 3.54], [-76.53, 3.54], [-76.53, 3.535]]]}}, {"type": "Feature", "properties": {"value": 8.5581, "sigma": 7.6619}, "geometry": {"type": "Polygon", "coordinates": [[[-76.525, 3.535], [-76.52, 3.535], [-76.52, 3.54], [-76.525, 3.54], [-76.525, 3.535]]]}}, {"type": "Feature", "properties": {"value": 8.5402, "sigma": 7.6619}, "geometry": {"type": "Polygon", "coordinates": [[[-76.52, 3.535], [-76.515, 3.535], [-76.515, 3.54], [-76.52, 3.54], [-76.52, 3.535]]]}}, {"type": "Feature", "properties": {"value": 8.5887, "sigma": 7.6619}, "geometry": {"type": "Polygon", "coordinates": [[[-76.515, 3.535], [-76.51, 3.535], [-76.51, 3.54], [-76.515, 3.54], [-76.515, 3.535]]]}}, {"type": "Feature", "properties": {"value": 8.6759, "sigma": 7.6619}, "geometry": {"type": "Polygon", "coordinates": [[[-76.51, 3.535], [-76.505, 3.535], [-76.505, 3.54], [-76.51, 3.54], [-76.51, 3.535]]]}}, {"type": "Feature", "properties": {"value": 8.7804, "sigma": 7.6619}, "geometry": {"type": "Polygon", "coordinates": [[[-76.505, 3.535], [-76.5, 3.535], [-76.5, 3.54], [-76.505, 3.54], [-76.505, 3.535]]]}}, {"type": "Feature", "properties": {"value": 8.8889, "sigma": 7.6619}, "geometry": {"type": "Polygon", "coordinates": [[[-76.5, 3.535], [-76.495, 3.535], [-76.495, 3.54], [-76.5, 3.54], [-76.5, 3.535]]]}}, {"type": "Feature", "properties": {"value": 8.9946, "sigma": 7.6619}, "geometry": {"type": "Polygon", "coordinates": [[[-76.495, 3.535], [-76.49, 3.535], [-76.49, 3.54], [-76.495, 3.54], [-76.495, 3.535]]]}}, {"type": "Feature", "properties": {"value": 9.095, "sigma": 7.6619}, "geometry": {"type": "Polygon", "coordinates": [[[-76.49, 3.535], [-76.485, 3.535], [-76.485, 3.54], [-76.49, 3.54], [-76.49, 3.535]]]}}, {"type": "Feature", "properties": {"value": 9.189, "sigma": 7.6619}, "geometry": {"type": "Polygon", "coordinates": [[[-76.485, 3.535], [-76.48, 3.535], [-76.48, 3.54], [-76.485, 3.54], [-76.485, 3.535]]]}}, {"type": "Feature", "properties": {"value": 9.2756, "sigma": 7.6619}, "geometry": {"type": "Polygon", "coordinates": [[[-76.48, 3.535], [-76.475, 3.535], [-76.475, 3.54], [-76.48, 3.54], [-76.48, 3.535]]]}}, {"type": "Feature", "properties": {"value": 9.3526, "sigma": 7.6619}, "geometry": {"type": "Polygon", "coordinates": [[[-76.475, 3.535], [-76.47, 3.535], [-76.47, 3.54], [-76.475, 3.54], [-76.475, 3.535]]]}}, {"type": "Feature", "properties": {"value": 9.417, "sigma": 7.6619}, "geometry": {"type": "Polygon", "coordinates": [[[-76.47, 3.535], [-76.465, 3.535], [-76.465, 3.54], [-76.47, 3.54], [-76.47, 3.535]]]}}, {"type": "Feature", "properties": {"value": 9.4656, "sigma": 7.6619}, "geometry": {"type": "Polygon", "coordinates": [[[-76.465, 3.535], [-76.46, 3.535], [-76.46, 3.54], [-76.465, 3.54], [-76.465, 3.535]]]}}, {"type": "Feature", "properties": {"value": 9.4965, "sigma": 7.6619}, "geometry": {"type": "Polygon", "coordinates": [[[-76.46, 3.535], [-76.455, 3.535], [-76.455, 3.54], [-76.46, 3.54], [-76.46, 3.535]]]}}, {"type": "Feature", "properties": {"value": 9.51, "sigma": 7.6619}, "geometry": {"type": "Polygon", "coordinates": [[[-76.455, 3.535], [-76.45, 3.535], [-76.45, 3.54], [-76.455, 3.54], [-76.455, 3.535]]]}}, {"type": "Feature", "properties": {"value": 9.5091, "sigma": 7.6619}, "geometry": {"type": "Polygon", "coordinates": [[[-76.45, 3.535], [-76.445, 3.535], [-76.445, 3.54], [-76.45, 3.54], [-76.45, 3.535]]]}}, {"type": "Feature", "properties": {"value": 9.4987, "sigma": 7.6619}, "geometry": {"type": "Polygon", "coordinates": [[[-76.445, 3.535], [-76.44, 3.535], [-76.44, 3.54], [-76.445, 3.54], [-76.445, 3.535]]]}}, {"type": "Feature", "properties": {"value": 9.4839, "sigma": 7.6619}, "geometry": {"type": "Polygon", "coordinates": [[[-76.44, 3.535], [-76.435, 3.535], [-76.435, 3.54], [-76.44, 3.54], [-76.44, 3.535]]]}}, {"type": "Feature", "properties": {"value": 9.4688, "sigma": 7.6619}, "geometry": {"type": "Polygon", "coordinates": [[[-76.435, 3.535], [-76.43, 3.535], [-76.43, 3.54], [-76.435, 3.54], [-76.435, 3.535]]]}}, {"type": "Feature", "properties": {"value": 9.4559, "sigma": 7.6619}, "geometry": {"type": "Polygon", "coordinates": [[[-76.43, 3.535], [-76.425, 3.535], [-76.425, 3.54], [-76.43, 3.54], [-76.43, 3.535]]]}}, {"type": "Feature", "properties": {"value": 9.4457, "sigma": 7.6619}, "geometry": {"type": "Polygon", "coordinates": [[[-76.425, 3.535], [-76.42, 3.535], [-76.42, 3.54], [-76.425, 3.54], [-76.425, 3.535]]]}}, {"type": "Feature", "properties": {"value": 9.4373, "sigma": 7.6619}, "geometry": {"type": "Polygon", "coordinates": [[[-76.42, 3.535], [-76.415, 3.535], [-76.415, 3.54], [-76.42, 3.54], [-76.42, 3.535]]]}}, {"type": "Feature", "properties": {"value": 9.4284, "sigma": 7.6619}, "geometry": {"type": "Polygon", "coordinates": [[[-76.415, 3.535], [-76.41, 3.535], [-76.41, 3.54], [-76.415, 3.54], [-76.415, 3.535]]]}}, {"type": "Feature", "properties": {"value": 9.4168, "sigma": 7.6619}, "geometry": {"type": "Polygon", "coordinates": [[[-76.41, 3.535], [-76.405, 3.535], [-76.405, 3.54], [-76.41, 3.54], [-76.41, 3.535]]]}}, {"type": "Feature", "properties": {"value": 9.3999, "sigma": 7.6619}, "geometry": {"type": "Polygon", "coordinates": [[[-76.405, 3.535], [-76.4, 3.535], [-76.4, 3.54], [-76.405, 3.54], [-76.405, 3.535]]]}}, {"type": "Feature", "properties": {"value": 11.6222, "sigma": 7.6619}, "geometry": {"type": "Polygon", "coordinates": [[[-76.6, 3.54], [-76.595, 3.54], [-76.595, 3.545], [-76.6, 3.545], [-76.6, 3.54]]]}}, {"type": "Feature", "properties": {"value": 11.7546, "sigma": 7.6619}, "geometry": {"type": "Polygon", "coordinates": [[[-76.595, 3.54], [-76.59, 3.54], [-76.59, 3.545], [-76.595, 3.545], [-76.595, 3.54]]]}}, {"type": "Feature", "properties": {"value": 11.8468, "sigma": 7.6619}, "geometry": {"type": "Polygon", "coordinates": [[[-76.59, 3.54], [-76.585, 3.54], [-76.585, 3.545], [-76.59, 3.545], [-76.59, 3.54]]]}}, {"type": "Feature", "properties": {"value": 11.8823, "sigma": 7.6619}, "geometry": {"type": "Polygon", "coordinates": [[[-76.585, 3.54], [-76.58, 3.54], [-76.58, 3.545], [-76.585, 3.545], [-76.585, 3.54]]]}}, {"type": "Feature", "properties": {"value": 11.8455, "sigma": 7.6619}, "geometry": {"type": "Polygon", "coordinates": [[[-76.58, 3.54], [-76.575, 3.54], [-76.575, 3.545], [-76.58, 3.545], [-76.58, 3.54]]]}}, {"type": "Feature", "properties": {"value": 11.7253, "sigma": 7.6619}, "geometry": {"type": "Polygon", "coordinates": [[[-76.575, 3.54], [-76.57, 3.54], [-76.57, 3.545], [-76.575, 3.545], [-76.575, 3.54]]]}}, {"type": "Feature", "properties": {"value": 11.5186, "sigma": 7.6619}, "geometry": {"type": "Polygon", "coordinates": [[[-76.57, 3.54], [-76.565, 3.54], [-76.565, 3.545], [-76.57, 3.545], [-76.57, 3.54]]]}}, {"type": "Feature", "properties": {"value": 11.2325, "sigma": 7.6619}, "geometry": {"type": "Polygon", "coordinates": [[[-76.565, 3.54], [-76.56, 3.54], [-76.56, 3.545], [-76.565, 3.545], [-76.565, 3.54]]]}}, {"type": "Feature", "properties": {"value": 10.884, "sigma": 7.6619}, "geometry": {"type": "Polygon", "coordinates": [[[-76.56, 3.54], [-76.555, 3.54], [-76.555, 3.545], [-76.56, 3.545], [-76.56, 3.54]]]}}, {"type": "Feature", "properties": {"value": 10.4974, "sigma": 7.6619}, "geometry": {"type": "Polygon", "coordinates": [[[-76.555, 3.54], [-76.55, 3.54], [-76.55, 3.545], [-76.555, 3.545], [-76.555, 3.54]]]}}, {"type": "Feature", "properties": {"value": 10.1009, "sigma": 7.6619}, "geometry": {"type": "Polygon", "coordinates": [[[-76.55, 3.54], [-76.545, 3.54], [-76.545, 3.545], [-76.55, 3.545], [-76.55, 3.54]]]}}, {"type": "Feature", "properties": {"value": 9.7231, "sigma": 7.6619}, "geometry": {"type": "Polygon", "coordinates": [[[-76.545, 3.54], [-76.54, 3.54], [-76.54, 3.545], [-76.545, 3.545], [-76.545, 3.54]]]}}, {"type": "Feature", "properties": {"value": 9.3899, "sigma": 7.6619}, "geometry": {"type": "Polygon", "coordinates": [[[-76.54, 3.54], [-76.535, 3.54], [-76.535, 3.545], [-76.54, 3.545], [-76.54, 3.54]]]}}, {"type": "Feature", "properties": {"value": 9.1214, "sigma": 7.6619}, "geometry": {"type": "Polygon", "coordinates": [[[-76.535, 3.54], [-76.53, 3.54], [-76.53, 3.545], [-76.535, 3.545], [-76.535, 3.54]]]}}, {"type": "Feature", "properties": {"value": 8.9291, "sigma": 7.6619}, "geometry": {"type": "Polygon", "coordinates": [[[-76.53, 3.54], [-76.525, 3.54], [-76.525, 3.545], [-76.53, 3.545], [-76.53, 3.54]]]}}, {"type": "Feature", "properties": {"value": 8.8141, "sigma": 7.6619}, "geometry": {"type": "Polygon", "coordinates": [[[-76.525, 3.54], [-76.52, 3.54], [-76.52, 3.545], [-76.525, 3.545], [-76.525, 3.54]]]}}, {"type": "Feature", "properties": {"value": 8.7672, "sigma": 7.6619}, "geometry": {"type": "Polygon", "coordinates": [[[-76.52, 3.54], [-76.515, 3.54], [-76.515, 3.545], [-76.52, 3.545], [-76.52, 3.54]]]}}, {"type": "Feature", "properties": {"value": 8.7729, "sigma": 7.6619}, "geometry": {"type": "Polygon", "coordinates": [[[-76.515, 3.54], [-76.51, 3.54], [-76.51, 3.545], [-76.515, 3.545], [-76.515, 3.54]]]}}, {"type": "Feature", "properties": {"value": 8.8141, "sigma": 7.6619}, "geometry": {"type": "Polygon", "coordinates": [[[-76.51, 3.54], [-76.505, 3.54], [-76.505, 3.545], [-76.51, 3.545], [-76.51, 3.54]]]}}, {"type": "Feature", "properties": {"value": 8.8759, "sigma": 7.6619}, "geometry": {"type": "Polygon", "coordinates": [[[-76.505, 3.54], [-76.5, 3.54], [-76.5, 3.545], [-76.505, 3.545], [-76.505, 3.54]]]}}, {"type": "Feature", "properties": {"value": 8.9477, "sigma": 7.6619}, "geometry": {"type": "Polygon", "coordinates": [[[-76.5, 3.54], [-76.495, 3.54], [-76.495, 3.545], [-76.5, 3.545], [-76.5, 3.54]]]}}, {"type": "Feature", "properties": {"value": 9.0228, "sigma": 7.6619}, "geometry": {"type": "Polygon", "coordinates": [[[-76.495, 3.54], [-76.49, 3.54], [-76.49, 3.545], [-76.495, 3.545], [-76.495, 3.54]]]}}, {"type": "Feature", "properties": {"value": 9.0972, "sigma": 7.6619}, "geometry": {"type": "Polygon", "coordinates": [[[-76.49, 3.54], [-76.485, 3.54], [-76.485, 3.545], [-76.49, 3.545], [-76.49, 3.54]]]}}, {"type": "Feature", "properties": {"value": 9.1687, "sigma": 7.6619}, "geometry": {"type": "Polygon", "coordinates": [[[-76.485, 3.54], [-76.48, 3.54], [-76.48, 3.545], [-76.485, 3.545], [-76.485, 3.54]]]}}, {"type": "Feature", "properties": {"value": 9.2351, "sigma": 7.6619}, "geometry": {"type": "Polygon", "coordinates": [[[-76.48, 3.54], [-76.475, 3.54], [-76.475, 3.545], [-76.48, 3.545], [-76.48, 3.54]]]}}, {"type": "Feature", "properties": {"value": 9.2945, "sigma": 7.6619}, "geometry": {"type": "Polygon", "coordinates": [[[-76.475, 3.54], [-76.47, 3.54], [-76.47, 3.545], [-76.475, 3.545], [-76.475, 3.54]]]}}, {"type": "Feature", "properties": {"value": 9.3446, "sigma": 7.6619}, "geometry": {"type": "Polygon", "coordinates": [[[-76.47, 3.54], [-76.465, 3.54], [-76.465, 3.545], [-76.47, 3.545], [-76.47, 3.54]]]}}, {"type": "Feature", "properties": {"value": 9.3834, "sigma": 7.6619}, "geometry": {"type": "Polygon", "coordinates": [[[-76.465, 3.54], [-76.46, 3.54], [-76.46, 3.545], [-76.465, 3.545], [-76.465, 3.54]]]}}, {"type": "Feature", "properties": {"value": 9.4098, "sigma": 7.6619}, "geometry": {"type": "Polygon", "coordinates": [[[-76.46, 3.54], [-76.455, 3.54], [-76.455, 3.545], [-76.46, 3.545], [-76.46, 3.54]]]}}, {"type": "Feature", "properties": {"value": 9.424, "sigma": 7.6619}, "geometry": {"type": "Polygon", "coordinates": [[[-76.455, 3.54], [-76.45, 3.54], [-76.45, 3.545], [-76.455, 3.545], [-76.455, 3.54]]]}}, {"type": "Feature", "properties": {"value": 9.4277, "sigma": 7.6619}, "geometry": {"type": "Polygon", "coordinates": [[[-76.45, 3.54], [-76.445, 3.54], [-76.445, 3.545], [-76.45, 3.545], [-76.45, 3.54]]]}}, {"type": "Feature", "properties": {"value": 9.4237, "sigma": 7.6619}, "geometry": {"type": "Polygon", "coordinates": [[[-76.445, 3.54], [-76.44, 3.54], [-76.44, 3.545], [-76.445, 3.545], [-76.445, 3.54]]]}}, {"type": "Feature", "properties": {"value": 9.4152, "sigma": 7.6619}, "geometry": {"type": "Polygon", "coordinates": [[[-76.44, 3.54], [-76.435, 3.54], [-76.435, 3.545], [-76.44, 3.545], [-76.44, 3.54]]]}}, {"type": "Feature", "properties": {"value": 9.4048, "sigma": 7.6619}, "geometry": {"type": "Polygon", "coordinates": [[[-76.435, 3.54], [-76.43, 3.54], [-76.43, 3.545], [-76.435, 3.545], [-76.435, 3.54]]]}}, {"type": "Feature", "properties": {"value": 9.3942, "sigma": 7.6619}, "geometry": {"type": "Polygon", "coordinates": [[[-76.43, 3.54], [-76.425, 3.54], [-76.425, 3.545], [-76.43, 3.545], [-76.43, 3.54]]]}}, {"type": "Feature", "properties": {"value": 9.3842, "sigma": 7.6619}, "geometry": {"type": "Polygon", "coordinates": [[[-76.425, 3.54], [-76.42, 3.54], [-76.42, 3.545], [-76.425, 3.545], [-76.425, 3.54]]]}}, {"type": "Feature", "properties": {"value": 9.3742, "sigma": 7.6619}, "geometry": {"type": "Polygon", "coordinates": [[[-76.42, 3.54], [-76.415, 3.54], [-76.415, 3.545], [-76.42, 3.545], [-76.42, 3.54]]]}}, {"type": "Feature", "properties": {"value": 9.3631, "sigma": 7.6619}, "geometry": {"type": "Polygon", "coordinates": [[[-76.415, 3.54], [-76.41, 3.54], [-76.41, 3.545], [-76.415, 3.545], [-76.415, 3.54]]]}}, {"type": "Feature", "properties": {"value": 9.3495, "sigma": 7.6619}, "geometry": {"type": "Polygon", "coordinates": [[[-76.41, 3.54], [-76.405, 3.54], [-76.405, 3.545], [-76.41, 3.545], [-76.41, 3.54]]]}}, {"type": "Feature", "properties": {"value": 9.3321, "sigma": 7.6619}, "geometry": {"type": "Polygon", "coordinates": [[[-76.405, 3.54], [-76.4, 3.54], [-76.4, 3.545], [-76.405, 3.545], [-76.405, 3.54]]]}}, {"type": "Feature", "properties": {"value": 11.3678, "sigma": 7.6619}, "geometry": {"type": "Polygon", "coordinates": [[[-76.6, 3.545], [-76.595, 3.545], [-76.595, 3.55], [-76.6, 3.55], [-76.6, 3.545]]]}}, {"type": "Feature", "properties": {"value": 11.4635, "sigma": 7.6619}, "geometry": {"type": "Polygon", "coordinates": [[[-76.595, 3.545], [-76.59, 3.545], [-76.59, 3.55], [-76.595, 3.55], [-76.595, 3.545]]]}}, {"type": "Feature", "properties": {"value": 11.523, "sigma": 7.6619}, "geometry": {"type": "Polygon", "coordinates": [[[-76.59, 3.545], [-76.585, 3.545], [-76.585, 3.55], [-76.59, 3.55], [-76.59, 3.545]]]}}, {"type": "Feature", "properties": {"value": 11.5346, "sigma": 7.6619}, "geometry": {"type": "Polygon", "coordinates": [[[-76.585, 3.545], [-76.58, 3.545], [-76.58, 3.55], [-76.585, 3.55], [-76.585, 3.545]]]}}, {"type": "Feature", "properties": {"value": 11.4882, "sigma": 7.6619}, "geometry": {"type": "Polygon", "coordinates": [[[-76.58, 3.545], [-76.575, 3.545], [-76.575, 3.55], [-76.58, 3.55], [-76.58, 3.545]]]}}, {"type": "Feature", "properties": {"value": 11.3773, "sigma": 7.6619}, "geometry": {"type": "Polygon", "coordinates": [[[-76.575, 3.545], [-76.57, 3.545], [-76.57, 3.55], [-76.575, 3.55], [-76.575, 3.545]]]}}, {"type": "Feature", "properties": {"value": 11.2014, "sigma": 7.6619}, "geometry": {"type": "Polygon", "coordinates": [[[-76.57, 3.545], [-76.565, 3.545], [-76.565, 3.55], [-76.57, 3.55], [-76.57, 3.545]]]}}, {"type": "Feature", "properties": {"value": 10.9669, "sigma": 7.6619}, "geometry": {"type": "Polygon", "coordinates": [[[-76.565, 3.545], [-76.56, 3.545], [-76.56, 3.55], [-76.565, 3.55], [-76.565, 3.545]]]}}, {"type": "Feature", "properties": {"value": 10.6868, "sigma": 7.6619}, "geometry": {"type": "Polygon", "coordinates": [[[-76.56, 3.545], [-76.555, 3.545], [-76.555, 3.55], [-76.56, 3.55], [-76.56, 3.545]]]}}, {"type": "Feature", "properties": {"value": 10.3792, "sigma": 7.6619}, "geometry": {"type": "Polygon", "coordinates": [[[-76.555, 3.545], [-76.55, 3.545], [-76.55, 3.55], [-76.555, 3.55], [-76.555, 3.545]]]}}, {"type": "Feature", "properties": {"value": 10.0649, "sigma": 7.6619}, "geometry": {"type": "Polygon", "coordinates": [[[-76.55, 3.545], [-76.545, 3.545], [-76.545, 3.55], [-76.55, 3.55], [-76.55, 3.545]]]}}, {"type": "Feature", "properties": {"value": 9.7645, "sigma": 7.6619}, "geometry": {"type": "Polygon", "coordinates": [[[-76.545, 3.545], [-76.54, 3.545], [-76.54, 3.55], [-76.545, 3.55], [-76.545, 3.545]]]}}, {"type": "Feature", "properties": {"value": 9.4964, "sigma": 7.6619}, "geometry": {"type": "Polygon", "coordinates": [[[-76.54, 3.545], [-76.535, 3.545], [-76.535, 3.55], [-76.54, 3.55], [-76.54, 3.545]]]}}, {"type": "Feature", "properties": {"value": 9.2746, "sigma": 7.6619}, "geometry": {"type": "Polygon", "coordinates": [[[-76.535, 3.545], [-76.53, 3.545], [-76.53, 3.55], [-76.535, 3.55], [-76.535, 3.545]]]}}, {"type": "Feature", "properties": {"value": 9.1071, "sigma": 7.6619}, "geometry": {"type": "Polygon", "coordinates": [[[-76.53, 3.545], [-76.525, 3.545], [-76.525, 3.55], [-76.53, 3.55], [-76.53, 3.545]]]}}, {"type": "Feature", "properties": {"value": 8.9952, "sigma": 7.6619}, "geometry": {"type": "Polygon", "coordinates": [[[-76.525, 3.545], [-76.52, 3.545], [-76.52, 3.55], [-76.525, 3.55], [-76.525, 3.545]]]}}, {"type": "Feature", "properties": {"value": 8.9338, "sigma": 7.6619}, "geometry": {"type": "Polygon", "coordinates": [[[-76.52, 3.545], [-76.515, 3.545], [-76.515, 3.55], [-76.52, 3.55], [-76.52, 3.545]]]}}, {"type": "Feature", "properties": {"value": 8.914, "sigma": 7.6619}, "geometry": {"type": "Polygon", "coordinates": [[[-76.515, 3.545], [-76.51, 3.545], [-76.51, 3.55], [-76.515, 3.55], [-76.515, 3.545]]]}}, {"type": "Feature", "properties": {"value": 8.9248, "sigma": 7.6619}, "geometry": {"type": "Polygon", "coordinates": [[[-76.51, 3.545], [-76.505, 3.545], [-76.505, 3.55], [-76.51, 3.55], [-76.51, 3.545]]]}}, {"type": "Feature", "properties": {"value": 8.9561, "sigma": 7.6619}, "geometry": {"type": "Polygon", "coordinates": [[[-76.505, 3.545], [-76.5, 3.545], [-76.5, 3.55], [-76.505, 3.55], [-76.505, 3.545]]]}}, {"type": "Feature", "properties": {"value": 9.0, "sigma": 7.6619}, "geometry": {"type": "Polygon", "coordinates": [[[-76.5, 3.545], [-76.495, 3.545], [-76.495, 3.55], [-76.5, 3.55], [-76.5, 3.545]]]}}, {"type": "Feature", "properties": {"value": 9.0504, "sigma": 7.6619}, "geometry": {"type": "Polygon", "coordinates": [[[-76.495, 3.545], [-76.49, 3.545], [-76.49, 3.55], [-76.495, 3.55], [-76.495, 3.545]]]}}, {"type": "Feature", "properties": {"value": 9.1032, "sigma": 7.6619}, "geometry": {"type": "Polygon", "coordinates": [[[-76.49, 3.545], [-76.485, 3.545], [-76.485, 3.55], [-76.49, 3.55], [-76.49, 3.545]]]}}, {"type": "Feature", "properties": {"value": 9.1557, "sigma": 7.6619}, "geometry": {"type": "Polygon", "coordinates": [[[-76.485, 3.545], [-76.48, 3.545], [-76.48, 3.55], [-76.485, 3.55], [-76.485, 3.545]]]}}, {"type": "Feature", "properties": {"value": 9.2054, "sigma": 7.6619}, "geometry": {"type": "Polygon", "coordinates": [[[-76.48, 3.545], [-76.475, 3.545], [-76.475, 3.55], [-76.48, 3.55], [-76.48, 3.545]]]}}, {"type": "Feature", "properties": {"value": 9.2505, "sigma": 7.6619}, "geometry": {"type": "Polygon", "coordinates": [[[-76.475, 3.545], [-76.47, 3.545], [-76.47, 3.55], [-76.475, 3.55], [-76.475, 3.545]]]}}, {"type": "Feature", "properties": {"value": 9.2892, "sigma": 7.6619}, "geometry": {"type": "Polygon", "coordinates": [[[-76.47, 3.545], [-76.465, 3.545], [-76.465, 3.55], [-76.47, 3.55], [-76.47, 3.545]]]}}, {"type": "Feature", "properties": {"value": 9.3198, "sigma": 7.6619}, "geometry": {"type": "Polygon", "coordinates": [[[-76.465, 3.545], [-76.46, 3.545], [-76.46, 3.55], [-76.465, 3.55], [-76.465, 3.545]]]}}, {"type": "Feature", "properties": {"value": 9.3417, "sigma": 7.6619}, "geometry": {"type": "Polygon", "coordinates": [[[-76.46, 3.545], [-76.455, 3.545], [-76.455, 3.55], [-76.46, 3.55], [-76.46, 3.545]]]}}, {"type": "Feature", "properties": {"value": 9.3549, "sigma": 7.6619}, "geometry": {"type": "Polygon", "coordinates": [[[-76.455, 3.545], [-76.45, 3.545], [-76.45, 3.55], [-76.455, 3.55], [-76.455, 3.545]]]}}, {"type": "Feature", "properties": {"value": 9.3603, "sigma": 7.6619}, "geometry": {"type": "Polygon", "coordinates": [[[-76.45, 3.545], [-76.445, 3.545], [-76.445, 3.55], [-76.45, 3.55], [-76.45, 3.545]]]}}, {"type": "Feature", "properties": {"value": 9.3595, "sigma": 7.6619}, "geometry": {"type": "Polygon", "coordinates": [[[-76.445, 3.545], [-76.44, 3.545], [-76.44, 3.55], [-76.445, 3.55], [-76.445, 3.545]]]}}, {"type": "Feature", "properties": {"value": 9.3546, "sigma": 7.6619}, "geometry": {"type": "Polygon", "coordinates": [[[-76.44, 3.545], [-76.435, 3.545], [-76.435, 3.55], [-76.44, 3.55], [-76.44, 3.545]]]}}, {"type": "Feature", "properties": {"value": 9.3471, "sigma": 7.6619}, "geometry": {"type": "Polygon", "coordinates": [[[-76.435, 3.545], [-76.43, 3.545], [-76.43, 3.55], [-76.435, 3.55], [-76.435, 3.545]]]}}, {"type": "Feature", "properties": {"value": 9.3382, "sigma": 7.6619}, "geometry": {"type": "Polygon", "coordinates": [[[-76.43, 3.545], [-76.425, 3.545], [-76.425, 3.55], [-76.43, 3.55], [-76.43, 3.545]]]}}, {"type": "Feature", "properties": {"value": 9.3286, "sigma": 7.6619}, "geometry": {"type": "Polygon", "coordinates": [[[-76.425, 3.545], [-76.42, 3.545], [-76.42, 3.55], [-76.425, 3.55], [-76.425, 3.545]]]}}, {"type": "Feature", "properties": {"value": 9.3181, "sigma": 7.6619}, "geometry": {"type": "Polygon", "coordinates": [[[-76.42, 3.545], [-76.415, 3.545], [-76.415, 3.55], [-76.42, 3.55], [-76.42, 3.545]]]}}, {"type": "Feature", "properties": {"value": 9.306, "sigma": 7.6619}, "geometry": {"type": "Polygon", "coordinates": [[[-76.415, 3.545], [-76.41, 3.545], [-76.41, 3.55], [-76.415, 3.55], [-76.415, 3.545]]]}}, {"type": "Feature", "properties": {"value": 9.2917, "sigma": 7.6619}, "geometry": {"type": "Polygon", "coordinates": [[[-76.41, 3.545], [-76.405, 3.545], [-76.405, 3.55], [-76.41, 3.55], [-76.41, 3.545]]]}}, {"type": "Feature", "properties": {"value": 9.2742, "sigma": 7.6619}, "geometry": {"type": "Polygon", "coordinates": [[[-76.405, 3.545], [-76.4, 3.545], [-76.4, 3.55], [-76.405, 3.55], [-76.405, 3.545]]]}}]}