{"type":"FeatureCollection","features":[{"type":"Feature","geometry":{"type":"Polygon","coordinates":[[[-76.6,3.3],[-76.595,3.3],[-76.595,3.3049999999999997],[-76.6,3.3049999999999997],[-76.6,3.3]]]},"properties":{"value":62.5001,"sigma":18.3559}},{"type":"Feature","geometry":{"type":"Polygon","coordinates":[[[-76.595,3.3],[-76.59,3.3],[-76.59,3.3049999999999997],[-76.595,3.3049999999999997],[-76.595,3.3]]]},"properties":{"value":62.383,"sigma":18.1154}},{"type":"Feature","geometry":{"type":"Polygon","coordinates":[[[-76.58999999999999,3.3],[-76.585,3.3],[-76.585,3.3049999999999997],[-76.58999999999999,3.3049999999999997],[-76.58999999999999,3.3]]]},"properties":{"value":64.1623,"sigma":17.0977}},{"type":"Feature","geometry":{"type":"Polygon","coordinates":[[[-76.585,3.3],[-76.58,3.3],[-76.58,3.3049999999999997],[-76.585,3.3049999999999997],[-76.585,3.3]]]},"properties":{"value":65.7821,"sigma":16.223}},{"type":"Feature","geometry":{"type":"Polygon","coordinates":[[[-76.58,3.3],[-76.575,3.3],[-76.575,3.3049999999999997],[-76.58,3.3049999999999997],[-76.58,3.3]]]},"properties":{"value":68.4634,"sigma":17.7936}},{"type":"Feature","geometry":{"type":"Polygon","coordinates":[[[-76.57499999999999,3.3],[-76.57,3.3],[-76.57,3.3049999999999997],[-76.57499999999999,3.3049999999999997],[-76.57499999999999,3.3]]]},"properties":{"value":63.8105,"sigma":17.2877}},{"type":"Feature","geometry":{"type":"Polygon","coordinates":[[[-76.57,3.3],[-76.565,3.3],[-76.565,3.3049999999999997],[-76.57,3.3049999999999997],[-76.57,3.3]]]},"properties":{"value":64.1583,"sigma":17.1673}},{"type":"Feature","geometry":{"type":"Polygon","coordinates":[[[-76.565,3.3],[-76.56,3.3],[-76.56,3.3049999999999997],[-76.565,3.3049999999999997],[-76.565,3.3]]]},"properties":{"value":67.7671,"sigma":16.1987}},{"type":"Feature","geometry":{"type":"Polygon","coordinates":[[[-76.55999999999999,3.3],[-76.55499999999999,3.3],[-76.55499999999999,3.3049999999999997],[-76.55999999999999,3.3049999999999997],[-76.55999999999999,3.3]]]},"properties":{"value":64.3294,"sigma":16.0084}},{"type":"Feature","geometry":{"type":"Polygon","coordinates":[[[-76.55499999999999,3.3],[-76.55,3.3],[-76.55,3.3049999999999997],[-76.55499999999999,3.3049999999999997],[-76.55499999999999,3.3]]]},"properties":{"value":61.4487,"sigma":16.6464}},{"type":"Feature","geometry":{"type":"Polygon","coordinates":[[[-76.55,3.3],[-76.545,3.3],[-76.545,3.3049999999999997],[-76.55,3.3049999999999997],[-76.55,3.3]]]},"properties":{"value":65.0095,"sigma":15.9767}},{"type":"Feature","geometry":{"type":"Polygon","coordinates":[[[-76.54499999999999,3.3],[-76.53999999999999,3.3],[-76.53999999999999,3.3049999999999997],[-76.54499999999999,3.3049999999999997],[-76.54499999999999,3.3]]]},"properties":{"value":65.6585,"sigma":15.8806}},{"type":"Feature","geometry":{"type":"Polygon","coordinates":[[[-76.53999999999999,3.3],[-76.535,3.3],[-76.535,3.3049999999999997],[-76.53999999999999,3.3049999999999997],[-76.53999999999999,3.3]]]},"properties":{"value":67.3878,"sigma":16.3167}},{"type":"Feature","geometry":{"type":"Polygon","coordinates":[[[-76.535,3.3],[-76.53,3.3],[-76.53,3.3049999999999997],[-76.535,3.3049999999999997],[-76.535,3.3]]]},"properties":{"value":66.7552,"sigma":16.4203}},{"type":"Feature","geometry":{"type":"Polygon","coordinates":[[[-76.52999999999999,3.3],[-76.52499999999999,3.3],[-76.52499999999999,3.3049999999999997],[-76.52999999999999,3.3049999999999997],[-76.52999999999999,3.3]]]},"properties":{"value":69.0715,"sigma":15.7687}},{"type":"Feature","geometry":{"type":"Polygon","coordinates":[[[-76.52499999999999,3.3],[-76.52,3.3],[-76.52,3.3049999999999997],[-76.52499999999999,3.3049999999999997],[-76.52499999999999,3.3]]]},"properties":{"value":65.5581,"sigma":15.0048}},{"type":"Feature","geometry":{"type":"Polygon","coordinates":[[[-76.52,3.3],[-76.515,3.3],[-76.515,3.3049999999999997],[-76.52,3.3049999999999997],[-76.52,3.3]]]},"properties":{"value":65.5695,"sigma":16.0625}},{"type":"Feature","geometry":{"type":"Polygon","coordinates":[[[-76.51499999999999,3.3],[-76.50999999999999,3.3],[-76.50999999999999,3.3049999999999997],[-76.51499999999999,3.3049999999999997],[-76.51499999999999,3.3]]]},"properties":{"value":69.8749,"sigma":15.7103}},{"type":"Feature","geometry":{"type":"Polygon","coordinates":[[[-76.50999999999999,3.3],[-76.505,3.3],[-76.505,3.3049999999999997],[-76.50999999999999,3.3049999999999997],[-76.50999999999999,3.3]]]},"properties":{"value":65.3882,"sigma":15.3682}},{"type":"Feature","geometry":{"type":"Polygon","coordinates":[[[-76.505,3.3],[-76.5,3.3],[-76.5,3.3049999999999997],[-76.505,3.3049999999999997],[-76.505,3.3]]]},"properties":{"value":66.9121,"sigma":17.484}},{"type":"Feature","geometry":{"type":"Polygon","coordinates":[[[-76.49999999999999,3.3],[-76.49499999999999,3.3],[-76.49499999999999,3.3049999999999997],[-76.49999999999999,3.3049999999999997],[-76.49999999999999,3.3]]]},"properties":{"value":64.5116,"sigma":15.8052}},{"type":"Feature","geometry":{"type":"Polygon","coordinates":[[[-76.49499999999999,3.3],[-76.49,3.3],[-76.49,3.3049999999999997],[-76.49499999999999,3.3049999999999997],[-76.49499999999999,3.3]]]},"properties":{"value":63.3907,"sigma":18.3229}},{"type":"Feature","geometry":{"type":"Polygon","coordinates":[[[-76.49,3.3],[-76.485,3.3],[-76.485,3.3049999999999997],[-76.49,3.3049999999999997],[-76.49,3.3]]]},"properties":{"value":63.9707,"sigma":17.2734}},{"type":"Feature","geometry":{"type":"Polygon","coordinates":[[[-76.48499999999999,3.3],[-76.47999999999999,3.3],[-76.47999999999999,3.3049999999999997],[-76.48499999999999,3.3049999999999997],[-76.48499999999999,3.3]]]},"properties":{"value":66.5802,"sigma":16.8779}},{"type":"Feature","geometry":{"type":"Polygon","coordinates":[[[-76.47999999999999,3.3],[-76.475,3.3],[-76.475,3.3049999999999997],[-76.47999999999999,3.3049999999999997],[-76.47999999999999,3.3]]]},"properties":{"value":64.2139,"sigma":18.4172}},{"type":"Feature","geometry":{"type":"Polygon","coordinates":[[[-76.475,3.3],[-76.47,3.3],[-76.47,3.3049999999999997],[-76.475,3.3049999999999997],[-76.475,3.3]]]},"properties":{"value":66.2226,"sigma":17.7241}},{"type":"Feature","geometry":{"type":"Polygon","coordinates":[[[-76.47,3.3],[-76.465,3.3],[-76.465,3.3049999999999997],[-76.47,3.3049999999999997],[-76.47,3.3]]]},"properties":{"value":66.3416,"sigma":18.6199}},{"type":"Feature","geometry":{"type":"Polygon","coordinates":[[[-76.46499999999999,3.3],[-76.46,3.3],[-76.46,3.3049999999999997],[-76.46499999999999,3.3049999999999997],[-76.46499999999999,3.3]]]},"properties":{"value":64.7694,"sigma":18.0875}},{"type":"Feature","geometry":{"type":"Polygon","coordinates":[[[-76.46,3.3],[-76.455,3.3],[-76.455,3.3049999999999997],[-76.46,3.3049999999999997],[-76.46,3.3]]]},"properties":{"value":66.8363,"sigma":19.9648}},{"type":"Feature","geometry":{"type":"Polygon","coordinates":[[[-76.455,3.3],[-76.45,3.3],[-76.45,3.3049999999999997],[-76.455,3.3049999999999997],[-76.455,3.3]]]},"properties":{"value":63.5436,"sigma":19.9118}},{"type":"Feature","geometry":{"type":"Polygon","coordinates":[[[-76.44999999999999,3.3],[-76.445,3.3],[-76.445,3.3049999999999997],[-76.44999999999999,3.3049999999999997],[-76.44999999999999,3.3]]]},"properties":{"value":65.4439,"sigma":19.9624}},{"type":"Feature","geometry":{"type":"Polygon","coordinates":[[[-76.445,3.3],[-76.44,3.3],[-76.44,3.3049999999999997],[-76.445,3.3049999999999997],[-76.445,3.3]]]},"properties":{"value":67.2062,"sigma":20.8581}},{"type":"Feature","geometry":{"type":"Polygon","coordinates":[[[-76.44,3.3],[-76.435,3.3],[-76.435,3.3049999999999997],[-76.44,3.3049999999999997],[-76.44,3.3]]]},"properties":{"value":64.4249,"sigma":21.8354}},{"type":"Feature","geometry":{"type":"Polygon","coordinates":[[[-76.43499999999999,3.3],[-76.42999999999999,3.3],[-76.42999999999999,3.3049999999999997],[-76.43499999999999,3.3049999999999997],[-76.43499999999999,3.3]]]},"properties":{"value":62.9542,"sigma":22.393}},{"type":"Feature","geometry":{"type":"Polygon","coordinates":[[[-76.42999999999999,3.3],[-76.425,3.3],[-76.425,3.3049999999999997],[-76.42999999999999,3.3049999999999997],[-76.42999999999999,3.3]]]},"properties":{"value":67.894,"sigma":22.8215}},{"type":"Feature","geometry":{"type":"Polygon","coordinates":[[[-76.425,3.3],[-76.42,3.3],[-76.42,3.3049999999999997],[-76.425,3.3049999999999997],[-76.425,3.3]]]},"properties":{"value":65.3263,"sigma":24.3757}},{"type":"Feature","geometry":{"type":"Polygon","coordinates":[[[-76.41999999999999,3.3],[-76.41499999999999,3.3],[-76.41499999999999,3.3049999999999997],[-76.41999999999999,3.3049999999999997],[-76.41999999999999,3.3]]]},"properties":{"value":63.7836,"sigma":22.5746}},{"type":"Feature","geometry":{"type":"Polygon","coordinates":[[[-76.41499999999999,3.3],[-76.41,3.3],[-76.41,3.3049999999999997],[-76.41499999999999,3.3049999999999997],[-76.41499999999999,3.3]]]},"properties":{"value":67.0223,"sigma":23.7539}},{"type":"Feature","geometry":{"type":"Polygon","coordinates":[[[-76.41,3.3],[-76.405,3.3],[-76.405,3.3049999999999997],[-76.41,3.3049999999999997],[-76.41,3.3]]]},"properties":{"value":65.6106,"sigma":24.1613}},{"type":"Feature","geometry":{"type":"Polygon","coordinates":[[[-76.40499999999999,3.3],[-76.39999999999999,3.3],[-76.39999999999999,3.3049999999999997],[-76.40499999999999,3.3049999999999997],[-76.40499999999999,3.3]]]},"properties":{"value":65.1378,"sigma":23.9613}},{"type":"Feature","geometry":{"type":"Polygon","coordinates":[[[-76.6,3.3049999999999997],[-76.595,3.3049999999999997],[-76.595,3.3099999999999996],[-76.6,3.3099999999999996],[-76.6,3.3049999999999997]]]},"properties":{"value":67.1723,"sigma":18.034}},{"type":"Feature","geometry":{"type":"Polygon","coordinates":[[[-76.595,3.3049999999999997],[-76.59,3.3049999999999997],[-76.59,3.3099999999999996],[-76.595,3.3099999999999996],[-76.595,3.3049999999999997]]]},"properties":{"value":64.3853,"sigma":18.1835}},{"type":"Feature","geometry":{"type":"Polygon","coordinates":[[[-76.58999999999999,3.3049999999999997],[-76.585,3.3049999999999997],[-76.585,3.3099999999999996],[-76.58999999999999,3.3099999999999996],[-76.58999999999999,3.3049999999999997]]]},"properties":{"value":65.84,"sigma":17.3258}},{"type":"Feature","geometry":{"type":"Polygon","coordinates":[[[-76.585,3.3049999999999997],[-76.58,3.3049999999999997],[-76.58,3.3099999999999996],[-76.585,3.3099999999999996],[-76.585,3.3049999999999997]]]},"properties":{"value":64.6674,"sigma":15.8756}},{"type":"Feature","geometry":{"type":"Polygon","coordinates":[[[-76.58,3.3049999999999997],[-76.575,3.3049999999999997],[-76.575,3.3099999999999996],[-76.58,3.3099999999999996],[-76.58,3.3049999999999997]]]},"properties":{"value":62.8651,"sigma":16.661}},{"type":"Feature","geometry":{"type":"Polygon","coordinates":[[[-76.57499999999999,3.3049999999999997],[-76.57,3.3049999999999997],[-76.57,3.3099999999999996],[-76.57499999999999,3.3099999999999996],[-76.57499999999999,3.3049999999999997]]]},"properties":{"value":64.5513,"sigma":16.3112}},{"type":"Feature","geometry":{"type":"Polygon","coordinates":[[[-76.57,3.3049999999999997],[-76.565,3.3049999999999997],[-76.565,3.3099999999999996],[-76.57,3.3099999999999996],[-76.57,3.3049999999999997]]]},"properties":{"value":64.4815,"sigma":15.8137}},{"type":"Feature","geometry":{"type":"Polygon","coordinates":[[[-76.565,3.3049999999999997],[-76.56,3.3049999999999997],[-76.56,3.3099999999999996],[-76.565,3.3099999999999996],[-76.565,3.3049999999999997]]]},"properties":{"value":66.665,"sigma":15.8065}},{"type":"Feature","geometry":{"type":"Polygon","coordinates":[[[-76.55999999999999,3.3049999999999997],[-76.55499999999999,3.3049999999999997],[-76.55499999999999,3.3099999999999996],[-76.55999999999999,3.3099999999999996],[-76.55999999999999,3.3049999999999997]]]},"properties":{"value":67.088,"sigma":16.8205}},{"type":"Feature","geometry":{"type":"Polygon","coordinates":[[[-76.55499999999999,3.3049999999999997],[-76.55,3.3049999999999997],[-76.55,3.3099999999999996],[-76.55499999999999,3.3099999999999996],[-76.55499999999999,3.3049999999999997]]]},"properties":{"value":70.3439,"sigma":14.4293}},{"type":"Feature","geometry":{"type":"Polygon","coordinates":[[[-76.55,3.3049999999999997],[-76.545,3.3049999999999997],[-76.545,3.3099999999999996],[-76.55,3.3099999999999996],[-76.55,3.3049999999999997]]]},"properties":{"value":67.3675,"sigma":14.7977}},{"type":"Feature","geometry":{"type":"Polygon","coordinates":[[[-76.54499999999999,3.3049999999999997],[-76.53999999999999,3.3049999999999997],[-76.53999999999999,3.3099999999999996],[-76.54499999999999,3.3099999999999996],[-76.54499999999999,3.3049999999999997]]]},"properties":{"value":68.6066,"sigma":14.0712}},{"type":"Feature","geometry":{"type":"Polygon","coordinates":[[[-76.53999999999999,3.3049999999999997],[-76.535,3.3049999999999997],[-76.535,3.3099999999999996],[-76.53999999999999,3.3099999999999996],[-76.53999999999999,3.3049999999999997]]]},"properties":{"value":68.0351,"sigma":15.4387}},{"type":"Feature","geometry":{"type":"Polygon","coordinates":[[[-76.535,3.3049999999999997],[-76.53,3.3049999999999997],[-76.53,3.3099999999999996],[-76.535,3.3099999999999996],[-76.535,3.3049999999999997]]]},"properties":{"value":68.3409,"sigma":15.3307}},{"type":"Feature","geometry":{"type":"Polygon","coordinates":[[[-76.52999999999999,3.3049999999999997],[-76.52499999999999,3.3049999999999997],[-76.52499999999999,3.3099999999999996],[-76.52999999999999,3.3099999999999996],[-76.52999999999999,3.3049999999999997]]]},"properties":{"value":63.6609,"sigma":16.0388}},{"type":"Feature","geometry":{"type":"Polygon","coordinates":[[[-76.52499999999999,3.3049999999999997],[-76.52,3.3049999999999997],[-76.52,3.3099999999999996],[-76.52499999999999,3.3099999999999996],[-76.52499999999999,3.3049999999999997]]]},"properties":{"value":67.7457,"sigma":15.701}},{"type":"Feature","geometry":{"type":"Polygon","coordinates":[[[-76.52,3.3049999999999997],[-76.515,3.3049999999999997],[-76.515,3.3099999999999996],[-76.52,3.3099999999999996],[-76.52,3.3049999999999997]]]},"properties":{"value":67.0377,"sigma":15.9361}},{"type":"Feature","geometry":{"type":"Polygon","coordinates":[[[-76.51499999999999,3.3049999999999997],[-76.50999999999999,3.3049999999999997],[-76.50999999999999,3.3099999999999996],[-76.51499999999999,3.3099999999999996],[-76.51499999999999,3.3049999999999997]]]},"properties":{"value":68.2909,"sigma":15.4871}},{"type":"Feature","geometry":{"type":"Polygon","coordinates":[[[-76.50999999999999,3.3049999999999997],[-76.505,3.3049999999999997],[-76.505,3.3099999999999996],[-76.50999999999999,3.3099999999999996],[-76.50999999999999,3.3049999999999997]]]},"properties":{"value":68.358,"sigma":15.723}},{"type":"Feature","geometry":{"type":"Polygon","coordinates":[[[-76.505,3.3049999999999997],[-76.5,3.3049999999999997],[-76.5,3.3099999999999996],[-76.505,3.3099999999999996],[-76.505,3.3049999999999997]]]},"properties":{"value":67.9531,"sigma":16.7978}},{"type":"Feature","geometry":{"type":"Polygon","coordinates":[[[-76.49999999999999,3.3049999999999997],[-76.49499999999999,3.3049999999999997],[-76.49499999999999,3.3099999999999996],[-76.49999999999999,3.3099999999999996],[-76.49999999999999,3.3049999999999997]]]},"properties":{"value":66.6138,"sigma":17.0272}},{"type":"Feature","geometry":{"type":"Polygon","coordinates":[[[-76.49499999999999,3.3049999999999997],[-76.49,3.3049999999999997],[-76.49,3.3099999999999996],[-76.49499999999999,3.3099999999999996],[-76.49499999999999,3.3049999999999997]]]},"properties":{"value":65.3168,"sigma":17.542}},{"type":"Feature","geometry":{"type":"Polygon","coordinates":[[[-76.49,3.3049999999999997],[-76.485,3.3049999999999997],[-76.485,3.3099999999999996],[-76.49,3.3099999999999996],[-76.49,3.3049999999999997]]]},"properties":{"value":68.0301,"sigma":15.7002}},{"type":"Feature","geometry":{"type":"Polygon","coordinates":[[[-76.48499999999999,3.3049999999999997],[-76.47999999999999,3.3049999999999997],[-76.47999999999999,3.3099999999999996],[-76.48499999999999,3.3099999999999996],[-76.48499999999999,3.3049999999999997]]]},"properties":{"value":64.4245,"sigma":17.8912}},{"type":"Feature","geometry":{"type":"Polygon","coordinates":[[[-76.47999999999999,3.3049999999999997],[-76.475,3.3049999999999997],[-76.475,3.3099999999999996],[-76.47999999999999,3.3099999999999996],[-76.47999999999999,3.3049999999999997]]]},"properties":{"value":65.6802,"sigma":17.9559}},{"type":"Feature","geometry":{"type":"Polygon","coordinates":[[[-76.475,3.3049999999999997],[-76.47,3.3049999999999997],[-76.47,3.3099999999999996],[-76.475,3.3099999999999996],[-76.475,3.3049999999999997]]]},"properties":{"value":67.0657,"sigma":18.868}},{"type":"Feature","geometry":{"type":"Polygon","coordinates":[[[-76.47,3.3049999999999997],[-76.465,3.3049999999999997],[-76.465,3.3099999999999996],[-76.47,3.3099999999999996],[-76.47,3.3049999999999997]]]},"properties":{"value":65.5061,"sigma":18.9639}},{"type":"Feature","geometry":{"type":"Polygon","coordinates":[[[-76.46499999999999,3.3049999999999997],[-76.46,3.3049999999999997],[-76.46,3.3099999999999996],[-76.46499999999999,3.3099999999999996],[-76.46499999999999,3.3049999999999997]]]},"properties":{"value":66.6014,"sigma":19.486}},{"type":"Feature","geometry":{"type":"Polygon","coordinates":[[[-76.46,3.3049999999999997],[-76.455,3.3049999999999997],[-76.455,3.3099999999999996],[-76.46,3.3099999999999996],[-76.46,3.3049999999999997]]]},"properties":{"value":65.5549,"sigma":18.6728}},{"type":"Feature","geometry":{"type":"Polygon","coordinates":[[[-76.455,3.3049999999999997],[-76.45,3.3049999999999997],[-76.45,3.3099999999999996],[-76.455,3.3099999999999996],[-76.455,3.3049999999999997]]]},"properties":{"value":64.518,"sigma":20.1963}},{"type":"Feature","geometry":{"type":"Polygon","coordinates":[[[-76.44999999999999,3.3049999999999997],[-76.445,3.3049999999999997],[-76.445,3.3099999999999996],[-76.44999999999999,3.3099999999999996],[-76.44999999999999,3.3049999999999997]]]},"properties":{"value":66.6575,"sigma":19.9732}},{"type":"Feature","geometry":{"type":"Polygon","coordinates":[[[-76.445,3.3049999999999997],[-76.44,3.3049999999999997],[-76.44,3.3099999999999996],[-76.445,3.3099999999999996],[-76.445,3.3049999999999997]]]},"properties":{"value":69.926,"sigma":20.5596}},{"type":"Feature","geometry":{"type":"Polygon","coordinates":[[[-76.44,3.3049999999999997],[-76.435,3.3049999999999997],[-76.435,3.3099999999999996],[-76.44,3.3099999999999996],[-76.44,3.3049999999999997]]]},"properties":{"value":65.4636,"sigma":20.8354}},{"type":"Feature","geometry":{"type":"Polygon","coordinates":[[[-76.43499999999999,3.3049999999999997],[-76.42999999999999,3.3049999999999997],[-76.42999999999999,3.3099999999999996],[-76.43499999999999,3.3099999999999996],[-76.43499999999999,3.3049999999999997]]]},"properties":{"value":65.5252,"sigma":20.9836}},{"type":"Feature","geometry":{"type":"Polygon","coordinates":[[[-76.42999999999999,3.3049999999999997],[-76.425,3.3049999999999997],[-76.425,3.3099999999999996],[-76.42999999999999,3.3099999999999996],[-76.42999999999999,3.3049999999999997]]]},"properties":{"value":69.9197,"sigma":22.3077}},{"type":"Feature","geometry":{"type":"Polygon","coordinates":[[[-76.425,3.3049999999999997],[-76.42,3.3049999999999997],[-76.42,3.3099999999999996],[-76.425,3.3099999999999996],[-76.425,3.3049999999999997]]]},"properties":{"value":65.3707,"sigma":22.7545}},{"type":"Feature","geometry":{"type":"Polygon","coordinates":[[[-76.41999999999999,3.3049999999999997],[-76.41499999999999,3.3049999999999997],[-76.41499999999999,3.3099999999999996],[-76.41999999999999,3.3099999999999996],[-76.41999999999999,3.3049999999999997]]]},"properties":{"value":66.9251,"sigma":21.5337}},{"type":"Feature","geometry":{"type":"Polygon","coordinates":[[[-76.41499999999999,3.3049999999999997],[-76.41,3.3049999999999997],[-76.41,3.3099999999999996],[-76.41499999999999,3.3099999999999996],[-76.41499999999999,3.3049999999999997]]]},"properties":{"value":68.9673,"sigma":22.669}},{"type":"Feature","geometry":{"type":"Polygon","coordinates":[[[-76.41,3.3049999999999997],[-76.405,3.3049999999999997],[-76.405,3.3099999999999996],[-76.41,3.3099999999999996],[-76.41,3.3049999999999997]]]},"properties":{"value":68.3572,"sigma":22.6763}},{"type":"Feature","geometry":{"type":"Polygon","coordinates":[[[-76.40499999999999,3.3049999999999997],[-76.39999999999999,3.3049999999999997],[-76.39999999999999,3.3099999999999996],[-76.40499999999999,3.3099999999999996],[-76.40499999999999,3.3049999999999997]]]},"properties":{"value":63.3335,"sigma":23.4071}},{"type":"Feature","geometry":{"type":"Polygon","coordinates":[[[-76.6,3.31],[-76.595,3.31],[-76.595,3.315],[-76.6,3.315],[-76.6,3.31]]]},"properties":{"value":66.1158,"sigma":16.7991}},{"type":"Feature","geometry":{"type":"Polygon","coordinates":[[[-76.595,3.31],[-76.59,3.31],[-76.59,3.315],[-76.595,3.315],[-76.595,3.31]]]},"properties":{"value":65.343,"sigma":18.2687}},{"type":"Feature","geometry":{"type":"Polygon","coordinates":[[[-76.58999999999999,3.31],[-76.585,3.31],[-76.585,3.315],[-76.58999999999999,3.315],[-76.58999999999999,3.31]]]},"properties":{"value":64.5358,"sigma":16.6137}},{"type":"Feature","geometry":{"type":"Polygon","coordinates":[[[-76.585,3.31],[-76.58,3.31],[-76.58,3.315],[-76.585,3.315],[-76.585,3.31]]]},"properties":{"value":67.3227,"sigma":17.0225}},{"type":"Feature","geometry":{"type":"Polygon","coordinates":[[[-76.58,3.31],[-76.575,3.31],[-76.575,3.315],[-76.58,3.315],[-76.58,3.31]]]},"properties":{"value":66.8155,"sigma":16.4464}},{"type":"Feature","geometry":{"type":"Polygon","coordinates":[[[-76.57499999999999,3.31],[-76.57,3.31],[-76.57,3.315],[-76.57499999999999,3.315],[-76.57499999999999,3.31]]]},"properties":{"value":64.9766,"sigma":15.2118}},{"type":"Feature","geometry":{"type":"Polygon","coordinates":[[[-76.57,3.31],[-76.565,3.31],[-76.565,3.315],[-76.57,3.315],[-76.57,3.31]]]},"properties":{"value":67.4852,"sigma":15.1576}},{"type":"Feature","geometry":{"type":"Polygon","coordinates":[[[-76.565,3.31],[-76.56,3.31],[-76.56,3.315],[-76.565,3.315],[-76.565,3.31]]]},"properties":{"value":67.586,"sigma":15.7877}},{"type":"Feature","geometry":{"type":"Polygon","coordinates":[[[-76.55999999999999,3.31],[-76.55499999999999,3.31],[-76.55499999999999,3.315],[-76.55999999999999,3.315],[-76.55999999999999,3.31]]]},"properties":{"value":64.9967,"sigma":14.8591}},{"type":"Feature","geometry":{"type":"Polygon","coordinates":[[[-76.55499999999999,3.31],[-76.55,3.31],[-76.55,3.315],[-76.55499999999999,3.315],[-76.55499999999999,3.31]]]},"properties":{"value":68.1055,"sigma":14.79}},{"type":"Feature","geometry":{"type":"Polygon","coordinates":[[[-76.55,3.31],[-76.545,3.31],[-76.545,3.315],[-76.55,3.315],[-76.55,3.31]]]},"properties":{"value":67.001,"sigma":14.5315}},{"type":"Feature","geometry":{"type":"Polygon","coordinates":[[[-76.54499999999999,3.31],[-76.53999999999999,3.31],[-76.53999999999999,3.315],[-76.54499999999999,3.315],[-76.54499999999999,3.31]]]},"properties":{"value":69.2155,"sigma":13.8006}},{"type":"Feature","geometry":{"type":"Polygon","coordinates":[[[-76.53999999999999,3.31],[-76.535,3.31],[-76.535,3.315],[-76.53999999999999,3.315],[-76.53999999999999,3.31]]]},"properties":{"value":71.3386,"sigma":14.5233}},{"type":"Feature","geometry":{"type":"Polygon","coordinates":[[[-76.535,3.31],[-76.53,3.31],[-76.53,3.315],[-76.535,3.315],[-76.535,3.31]]]},"properties":{"value":71.1815,"sigma":14.7359}},{"type":"Feature","geometry":{"type":"Polygon","coordinates":[[[-76.52999999999999,3.31],[-76.52499999999999,3.31],[-76.52499999999999,3.315],[-76.52999999999999,3.315],[-76.52999999999999,3.31]]]},"properties":{"value":73.6193,"sigma":13.8501}},{"type":"Feature","geometry":{"type":"Polygon","coordinates":[[[-76.52499999999999,3.31],[-76.52,3.31],[-76.52,3.315],[-76.52499999999999,3.315],[-76.52499999999999,3.31]]]},"properties":{"value":68.781,"sigma":15.3864}},{"type":"Feature","geometry":{"type":"Polygon","coordinates":[[[-76.52,3.31],[-76.515,3.31],[-76.515,3.315],[-76.52,3.315],[-76.52,3.31]]]},"properties":{"value":68.9988,"sigma":16.1062}},{"type":"Feature","geometry":{"type":"Polygon","coordinates":[[[-76.51499999999999,3.31],[-76.50999999999999,3.31],[-76.50999999999999,3.315],[-76.51499999999999,3.315],[-76.51499999999999,3.31]]]},"properties":{"value":70.1322,"sigma":13.9388}},{"type":"Feature","geometry":{"type":"Polygon","coordinates":[[[-76.50999999999999,3.31],[-76.505,3.31],[-76.505,3.315],[-76.50999999999999,3.315],[-76.50999999999999,3.31]]]},"properties":{"value":69.452,"sigma":15.2425}},{"type":"Feature","geometry":{"type":"Polygon","coordinates":[[[-76.505,3.31],[-76.5,3.31],[-76.5,3.315],[-76.505,3.315],[-76.505,3.31]]]},"properties":{"value":69.4148,"sigma":14.3614}},{"type":"Feature","geometry":{"type":"Polygon","coordinates":[[[-76.49999999999999,3.31],[-76.49499999999999,3.31],[-76.49499999999999,3.315],[-76.49999999999999,3.315],[-76.49999999999999,3.31]]]},"properties":{"value":68.3133,"sigma":15.6203}},{"type":"Feature","geometry":{"type":"Polygon","coordinates":[[[-76.49499999999999,3.31],[-76.49,3.31],[-76.49,3.315],[-76.49499999999999,3.315],[-76.49499999999999,3.31]]]},"properties":{"value":66.8636,"sigma":14.792}},{"type":"Feature","geometry":{"type":"Polygon","coordinates":[[[-76.49,3.31],[-76.485,3.31],[-76.485,3.315],[-76.49,3.315],[-76.49,3.31]]]},"properties":{"value":67.4831,"sigma":15.9516}},{"type":"Feature","geometry":{"type":"Polygon","coordinates":[[[-76.48499999999999,3.31],[-76.47999999999999,3.31],[-76.47999999999999,3.315],[-76.48499999999999,3.315],[-76.48499999999999,3.31]]]},"properties":{"value":70.4084,"sigma":17.0864}},{"type":"Feature","geometry":{"type":"Polygon","coordinates":[[[-76.47999999999999,3.31],[-76.475,3.31],[-76.475,3.315],[-76.47999999999999,3.315],[-76.47999999999999,3.31]]]},"properties":{"value":66.0073,"sigma":16.1376}},{"type":"Feature","geometry":{"type":"Polygon","coordinates":[[[-76.475,3.31],[-76.47,3.31],[-76.47,3.315],[-76.475,3.315],[-76.475,3.31]]]},"properties":{"value":68.9206,"sigma":17.7866}},{"type":"Feature","geometry":{"type":"Polygon","coordinates":[[[-76.47,3.31],[-76.465,3.31],[-76.465,3.315],[-76.47,3.315],[-76.47,3.31]]]},"properties":{"value":67.2791,"sigma":17.5396}},{"type":"Feature","geometry":{"type":"Polygon","coordinates":[[[-76.46499999999999,3.31],[-76.46,3.31],[-76.46,3.315],[-76.46499999999999,3.315],[-76.46499999999999,3.31]]]},"properties":{"value":63.1593,"sigma":18.3285}},{"type":"Feature","geometry":{"type":"Polygon","coordinates":[[[-76.46,3.31],[-76.455,3.31],[-76.455,3.315],[-76.46,3.315],[-76.46,3.31]]]},"properties":{"value":62.2562,"sigma":18.4303}},{"type":"Feature","geometry":{"type":"Polygon","coordinates":[[[-76.455,3.31],[-76.45,3.31],[-76.45,3.315],[-76.455,3.315],[-76.455,3.31]]]},"properties":{"value":65.0803,"sigma":18.9247}},{"type":"Feature","geometry":{"type":"Polygon","coordinates":[[[-76.44999999999999,3.31],[-76.445,3.31],[-76.445,3.315],[-76.44999999999999,3.315],[-76.44999999999999,3.31]]]},"properties":{"value":69.2757,"sigma":20.0217}},{"type":"Feature","geometry":{"type":"Polygon","coordinates":[[[-76.445,3.31],[-76.44,3.31],[-76.44,3.315],[-76.445,3.315],[-76.445,3.31]]]},"properties":{"value":67.733,"sigma":20.5058}},{"type":"Feature","geometry":{"type":"Polygon","coordinates":[[[-76.44,3.31],[-76.435,3.31],[-76.435,3.315],[-76.44,3.315],[-76.44,3.31]]]},"properties":{"value":67.2824,"sigma":21.3795}},{"type":"Feature","geometry":{"type":"Polygon","coordinates":[[[-76.43499999999999,3.31],[-76.42999999999999,3.31],[-76.42999999999999,3.315],[-76.43499999999999,3.315],[-76.43499999999999,3.31]]]},"properties":{"value":69.933,"sigma":21.7314}},{"type":"Feature","geometry":{"type":"Polygon","coordinates":[[[-76.42999999999999,3.31],[-76.425,3.31],[-76.425,3.315],[-76.42999999999999,3.315],[-76.42999999999999,3.31]]]},"properties":{"value":68.1763,"sigma":21.9568}},{"type":"Feature","geometry":{"type":"Polygon","coordinates":[[[-76.425,3.31],[-76.42,3.31],[-76.42,3.315],[-76.425,3.315],[-76.425,3.31]]]},"properties":{"value":69.4828,"sigma":21.5451}},{"type":"Feature","geometry":{"type":"Polygon","coordinates":[[[-76.41999999999999,3.31],[-76.41499999999999,3.31],[-76.41499999999999,3.315],[-76.41999999999999,3.315],[-76.41999999999999,3.31]]]},"properties":{"value":64.939,"sigma":21.6385}},{"type":"Feature","geometry":{"type":"Polygon","coordinates":[[[-76.41499999999999,3.31],[-76.41,3.31],[-76.41,3.315],[-76.41499999999999,3.315],[-76.41499999999999,3.31]]]},"properties":{"value":66.1753,"sigma":22.5975}},{"type":"Feature","geometry":{"type":"Polygon","coordinates":[[[-76.41,3.31],[-76.405,3.31],[-76.405,3.315],[-76.41,3.315],[-76.41,3.31]]]},"properties":{"value":63.8621,"sigma":22.7059}},{"type":"Feature","geometry":{"type":"Polygon","coordinates":[[[-76.40499999999999,3.31],[-76.39999999999999,3.31],[-76.39999999999999,3.315],[-76.40499999999999,3.315],[-76.40499999999999,3.31]]]},"properties":{"value":66.0782,"sigma":23.2076}},{"type":"Feature","geometry":{"type":"Polygon","coordinates":[[[-76.6,3.315],[-76.595,3.315],[-76.595,3.32],[-76.6,3.32],[-76.6,3.315]]]},"properties":{"value":66.8992,"sigma":17.5778}},{"type":"Feature","geometry":{"type":"Polygon","coordinates":[[[-76.595,3.315],[-76.59,3.315],[-76.59,3.32],[-76.595,3.32],[-76.595,3.315]]]},"properties":{"value":63.251,"sigma":17.0578}},{"type":"Feature","geometry":{"type":"Polygon","coordinates":[[[-76.58999999999999,3.315],[-76.585,3.315],[-76.585,3.32],[-76.58999999999999,3.32],[-76.58999999999999,3.315]]]},"properties":{"value":63.0625,"sigma":16.6202}},{"type":"Feature","geometry":{"type":"Polygon","coordinates":[[[-76.585,3.315],[-76.58,3.315],[-76.58,3.32],[-76.585,3.32],[-76.585,3.315]]]},"properties":{"value":65.9118,"sigma":15.9918}},{"type":"Feature","geometry":{"type":"Polygon","coordinates":[[[-76.58,3.315],[-76.575,3.315],[-76.575,3.32],[-76.58,3.32],[-76.58,3.315]]]},"properties":{"value":68.3298,"sigma":15.7689}},{"type":"Feature","geometry":{"type":"Polygon","coordinates":[[[-76.57499999999999,3.315],[-76.57,3.315],[-76.57,3.32],[-76.57499999999999,3.32],[-76.57499999999999,3.315]]]},"properties":{"value":68.6376,"sigma":15.7025}},{"type":"Feature","geometry":{"type":"Polygon","coordinates":[[[-76.57,3.315],[-76.565,3.315],[-76.565,3.32],[-76.57,3.32],[-76.57,3.315]]]},"properties":{"value":64.6102,"sigma":14.9339}},{"type":"Feature","geometry":{"type":"Polygon","coordinates":[[[-76.565,3.315],[-76.56,3.315],[-76.56,3.32],[-76.565,3.32],[-76.565,3.315]]]},"properties":{"value":66.9164,"sigma":14.1338}},{"type":"Feature","geometry":{"type":"Polygon","coordinates":[[[-76.55999999999999,3.315],[-76.55499999999999,3.315],[-76.55499999999999,3.32],[-76.55999999999999,3.32],[-76.55999999999999,3.315]]]},"properties":{"value":68.3098,"sigma":14.5287}},{"type":"Feature","geometry":{"type":"Polygon","coordinates":[[[-76.55499999999999,3.315],[-76.55,3.315],[-76.55,3.32],[-76.55499999999999,3.32],[-76.55499999999999,3.315]]]},"properties":{"value":67.5499,"sigma":14.5882}},{"type":"Feature","geometry":{"type":"Polygon","coordinates":[[[-76.55,3.315],[-76.545,3.315],[-76.545,3.32],[-76.55,3.32],[-76.55,3.315]]]},"properties":{"value":69.2003,"sigma":14.0118}},{"type":"Feature","geometry":{"type":"Polygon","coordinates":[[[-76.54499999999999,3.315],[-76.53999999999999,3.315],[-76.53999999999999,3.32],[-76.54499999999999,3.32],[-76.54499999999999,3.315]]]},"properties":{"value":68.2029,"sigma":13.9273}},{"type":"Feature","geometry":{"type":"Polygon","coordinates":[[[-76.53999999999999,3.315],[-76.535,3.315],[-76.535,3.32],[-76.53999999999999,3.32],[-76.53999999999999,3.315]]]},"properties":{"value":67.931,"sigma":12.6584}},{"type":"Feature","geometry":{"type":"Polygon","coordinates":[[[-76.535,3.315],[-76.53,3.315],[-76.53,3.32],[-76.535,3.32],[-76.535,3.315]]]},"properties":{"value":71.689,"sigma":13.7673}},{"type":"Feature","geometry":{"type":"Polygon","coordinates":[[[-76.52999999999999,3.315],[-76.52499999999999,3.315],[-76.52499999999999,3.32],[-76.52999999999999,3.32],[-76.52999999999999,3.315]]]},"properties":{"value":72.0361,"sigma":12.993}},{"type":"Feature","geometry":{"type":"Polygon","coordinates":[[[-76.52499999999999,3.315],[-76.52,3.315],[-76.52,3.32],[-76.52499999999999,3.32],[-76.52499999999999,3.315]]]},"properties":{"value":73.3569,"sigma":13.7257}},{"type":"Feature","geometry":{"type":"Polygon","coordinates":[[[-76.52,3.315],[-76.515,3.315],[-76.515,3.32],[-76.52,3.32],[-76.52,3.315]]]},"properties":{"value":72.5648,"sigma":14.1824}},{"type":"Feature","geometry":{"type":"Polygon","coordinates":[[[-76.51499999999999,3.315],[-76.50999999999999,3.315],[-76.50999999999999,3.32],[-76.51499999999999,3.32],[-76.51499999999999,3.315]]]},"properties":{"value":68.5348,"sigma":13.7749}},{"type":"Feature","geometry":{"type":"Polygon","coordinates":[[[-76.50999999999999,3.315],[-76.505,3.315],[-76.505,3.32],[-76.50999999999999,3.32],[-76.50999999999999,3.315]]]},"properties":{"value":72.4793,"sigma":13.9168}},{"type":"Feature","geometry":{"type":"Polygon","coordinates":[[[-76.505,3.315],[-76.5,3.315],[-76.5,3.32],[-76.505,3.32],[-76.505,3.315]]]},"properties":{"value":71.062,"sigma":15.7496}},{"type":"Feature","geometry":{"type":"Polygon","coordinates":[[[-76.49999999999999,3.315],[-76.49499999999999,3.315],[-76.49499999999999,3.32],[-76.49999999999999,3.32],[-76.49999999999999,3.315]]]},"properties":{"value":69.159,"sigma":15.3063}},{"type":"Feature","geometry":{"type":"Polygon","coordinates":[[[-76.49499999999999,3.315],[-76.49,3.315],[-76.49,3.32],[-76.49499999999999,3.32],[-76.49499999999999,3.315]]]},"properties":{"value":67.8479,"sigma":15.7332}},{"type":"Feature","geometry":{"type":"Polygon","coordinates":[[[-76.49,3.315],[-76.485,3.315],[-76.485,3.32],[-76.49,3.32],[-76.49,3.315]]]},"properties":{"value":68.4858,"sigma":16.1043}},{"type":"Feature","geometry":{"type":"Polygon","coordinates":[[[-76.48499999999999,3.315],[-76.47999999999999,3.315],[-76.47999999999999,3.32],[-76.48499999999999,3.32],[-76.48499999999999,3.315]]]},"properties":{"value":68.3918,"sigma":16.0501}},{"type":"Feature","geometry":{"type":"Polygon","coordinates":[[[-76.47999999999999,3.315],[-76.475,3.315],[-76.475,3.32],[-76.47999999999999,3.32],[-76.47999999999999,3.315]]]},"properties":{"value":64.7054,"sigma":16.7898}},{"type":"Feature","geometry":{"type":"Polygon","coordinates":[[[-76.475,3.315],[-76.47,3.315],[-76.47,3.32],[-76.475,3.32],[-76.475,3.315]]]},"properties":{"value":68.1602,"sigma":16.9784}},{"type":"Feature","geometry":{"type":"Polygon","coordinates":[[[-76.47,3.315],[-76.465,3.315],[-76.465,3.32],[-76.47,3.32],[-76.47,3.315]]]},"properties":{"value":67.5142,"sigma":17.8755}},{"type":"Feature","geometry":{"type":"Polygon","coordinates":[[[-76.46499999999999,3.315],[-76.46,3.315],[-76.46,3.32],[-76.46499999999999,3.32],[-76.46499999999999,3.315]]]},"properties":{"value":69.8867,"sigma":18.6762}},{"type":"Feature","geometry":{"type":"Polygon","coordinates":[[[-76.46,3.315],[-76.455,3.315],[-76.455,3.32],[-76.46,3.32],[-76.46,3.315]]]},"properties":{"value":67.641,"sigma":18.1667}},{"type":"Feature","geometry":{"type":"Polygon","coordinates":[[[-76.455,3.315],[-76.45,3.315],[-76.45,3.32],[-76.455,3.32],[-76.455,3.315]]]},"properties":{"value":68.6325,"sigma":18.3944}},{"type":"Feature","geometry":{"type":"Polygon","coordinates":[[[-76.44999999999999,3.315],[-76.445,3.315],[-76.445,3.32],[-76.44999999999999,3.32],[-76.44999999999999,3.315]]]},"properties":{"value":68.0893,"sigma":18.8533}},{"type":"Feature","geometry":{"type":"Polygon","coordinates":[[[-76.445,3.315],[-76.44,3.315],[-76.44,3.32],[-76.445,3.32],[-76.445,3.315]]]},"properties":{"value":67.6674,"sigma":20.0994}},{"type":"Feature","geometry":{"type":"Polygon","coordinates":[[[-76.44,3.315],[-76.435,3.315],[-76.435,3.32],[-76.44,3.32],[-76.44,3.315]]]},"properties":{"value":68.205,"sigma":19.0873}},{"type":"Feature","geometry":{"type":"Polygon","coordinates":[[[-76.43499999999999,3.315],[-76.42999999999999,3.315],[-76.42999999999999,3.32],[-76.43499999999999,3.32],[-76.43499999999999,3.315]]]},"properties":{"value":68.3556,"sigma":20.8795}},{"type":"Feature","geometry":{"type":"Polygon","coordinates":[[[-76.42999999999999,3.315],[-76.425,3.315],[-76.425,3.32],[-76.42999999999999,3.32],[-76.42999999999999,3.315]]]},"properties":{"value":67.7283,"sigma":21.5627}},{"type":"Feature","geometry":{"type":"Polygon","coordinates":[[[-76.425,3.315],[-76.42,3.315],[-76.42,3.32],[-76.425,3.32],[-76.425,3.315]]]},"properties":{"value":68.989,"sigma":21.148}},{"type":"Feature","geometry":{"type":"Polygon","coordinates":[[[-76.41999999999999,3.315],[-76.41499999999999,3.315],[-76.41499999999999,3.32],[-76.41999999999999,3.32],[-76.41999999999999,3.315]]]},"properties":{"value":71.3832,"sigma":22.0975}},{"type":"Feature","geometry":{"type":"Polygon","coordinates":[[[-76.41499999999999,3.315],[-76.41,3.315],[-76.41,3.32],[-76.41499999999999,3.32],[-76.41499999999999,3.315]]]},"properties":{"value":67.2833,"sigma":21.1062}},{"type":"Feature","geometry":{"type":"Polygon","coordinates":[[[-76.41,3.315],[-76.405,3.315],[-76.405,3.32],[-76.41,3.32],[-76.41,3.315]]]},"properties":{"value":65.9062,"sigma":22.1014}},{"type":"Feature","geometry":{"type":"Polygon","coordinates":[[[-76.40499999999999,3.315],[-76.39999999999999,3.315],[-76.39999999999999,3.32],[-76.40499999999999,3.32],[-76.40499999999999,3.315]]]},"properties":{"value":68.4607,"sigma":21.9874}},{"type":"Feature","geometry":{"type":"Polygon","coordinates":[[[-76.6,3.32],[-76.595,3.32],[-76.595,3.3249999999999997],[-76.6,3.3249999999999997],[-76.6,3.32]]]},"properties":{"value":64.4255,"sigma":16.0165}},{"type":"Feature","geometry":{"type":"Polygon","coordinates":[[[-76.595,3.32],[-76.59,3.32],[-76.59,3.3249999999999997],[-76.595,3.3249999999999997],[-76.595,3.32]]]},"properties":{"value":66.7121,"sigma":16.2965}},{"type":"Feature","geometry":{"type":"Polygon","coordinates":[[[-76.58999999999999,3.32],[-76.585,3.32],[-76.585,3.3249999999999997],[-76.58999999999999,3.3249999999999997],[-76.58999999999999,3.32]]]},"properties":{"value":65.7046,"sigma":15.8887}},{"type":"Feature","geometry":{"type":"Polygon","coordinates":[[[-76.585,3.32],[-76.58,3.32],[-76.58,3.3249999999999997],[-76.585,3.3249999999999997],[-76.585,3.32]]]},"properties":{"value":63.5295,"sigma":15.6077}},{"type":"Feature","geometry":{"type":"Polygon","coordinates":[[[-76.58,3.32],[-76.575,3.32],[-76.575,3.3249999999999997],[-76.58,3.3249999999999997],[-76.58,3.32]]]},"properties":{"value":65.3874,"sigma":14.7796}},{"type":"Feature","geometry":{"type":"Polygon","coordinates":[[[-76.57499999999999,3.32],[-76.57,3.32],[-76.57,3.3249999999999997],[-76.57499999999999,3.3249999999999997],[-76.57499999999999,3.32]]]},"properties":{"value":66.6035,"sigma":14.4963}},{"type":"Feature","geometry":{"type":"Polygon","coordinates":[[[-76.57,3.32],[-76.565,3.32],[-76.565,3.3249999999999997],[-76.57,3.3249999999999997],[-76.57,3.32]]]},"properties":{"value":66.2216,"sigma":15.4641}},{"type":"Feature","geometry":{"type":"Polygon","coordinates":[[[-76.565,3.32],[-76.56,3.32],[-76.56,3.3249999999999997],[-76.565,3.3249999999999997],[-76.565,3.32]]]},"properties":{"value":68.3998,"sigma":14.3553}},{"type":"Feature","geometry":{"type":"Polygon","coordinates":[[[-76.55999999999999,3.32],[-76.55499999999999,3.32],[-76.55499999999999,3.3249999999999997],[-76.55999999999999,3.3249999999999997],[-76.55999999999999,3.32]]]},"properties":{"value":67.5981,"sigma":14.2489}},{"type":"Feature","geometry":{"type":"Polygon","coordinates":[[[-76.55499999999999,3.32],[-76.55,3.32],[-76.55,3.3249999999999997],[-76.55499999999999,3.3249999999999997],[-76.55499999999999,3.32]]]},"properties":{"value":71.9644,"sigma":13.6978}},{"type":"Feature","geometry":{"type":"Polygon","coordinates":[[[-76.55,3.32],[-76.545,3.32],[-76.545,3.3249999999999997],[-76.55,3.3249999999999997],[-76.55,3.32]]]},"properties":{"value":69.9004,"sigma":12.6077}},{"type":"Feature","geometry":{"type":"Polygon","coordinates":[[[-76.54499999999999,3.32],[-76.53999999999999,3.32],[-76.53999999999999,3.3249999999999997],[-76.54499999999999,3.3249999999999997],[-76.54499999999999,3.32]]]},"properties":{"value":71.6386,"sigma":13.6996}},{"type":"Feature","geometry":{"type":"Polygon","coordinates":[[[-76.53999999999999,3.32],[-76.535,3.32],[-76.535,3.3249999999999997],[-76.53999999999999,3.3249999999999997],[-76.53999999999999,3.32]]]},"properties":{"value":73.1646,"sigma":14.5402}},{"type":"Feature","geometry":{"type":"Polygon","coordinates":[[[-76.535,3.32],[-76.53,3.32],[-76.53,3.3249999999999997],[-76.535,3.3249999999999997],[-76.535,3.32]]]},"properties":{"value":76.1746,"sigma":13.7015}},{"type":"Feature","geometry":{"type":"Polygon","coordinates":[[[-76.52999999999999,3.32],[-76.52499999999999,3.32],[-76.52499999999999,3.3249999999999997],[-76.52999999999999,3.3249999999999997],[-76.52999999999999,3.32]]]},"properties":{"value":71.6194,"sigma":13.0673}},{"type":"Feature","geometry":{"type":"Polygon","coordinates":[[[-76.52499999999999,3.32],[-76.52,3.32],[-76.52,3.3249999999999997],[-76.52499999999999,3.3249999999999997],[-76.52499999999999,3.32]]]},"properties":{"value":73.723,"sigma":13.6081}},{"type":"Feature","geometry":{"type":"Polygon","coordinates":[[[-76.52,3.32],[-76.515,3.32],[-76.515,3.3249999999999997],[-76.52,3.3249999999999997],[-76.52,3.32]]]},"properties":{"value":73.9062,"sigma":12.6432}},{"type":"Feature","geometry":{"type":"Polygon","coordinates":[[[-76.51499999999999,3.32],[-76.50999999999999,3.32],[-76.50999999999999,3.3249999999999997],[-76.51499999999999,3.3249999999999997],[-76.51499999999999,3.32]]]},"properties":{"value":72.9223,"sigma":14.7962}},{"type":"Feature","geometry":{"type":"Polygon","coordinates":[[[-76.50999999999999,3.32],[-76.505,3.32],[-76.505,3.3249999999999997],[-76.50999999999999,3.3249999999999997],[-76.50999999999999,3.32]]]},"properties":{"value":71.2718,"sigma":14.1591}},{"type":"Feature","geometry":{"type":"Polygon","coordinates":[[[-76.505,3.32],[-76.5,3.32],[-76.5,3.3249999999999997],[-76.505,3.3249999999999997],[-76.505,3.32]]]},"properties":{"value":75.2255,"sigma":14.0783}},{"type":"Feature","geometry":{"type":"Polygon","coordinates":[[[-76.49999999999999,3.32],[-76.49499999999999,3.32],[-76.49499999999999,3.3249999999999997],[-76.49999999999999,3.3249999999999997],[-76.49999999999999,3.32]]]},"properties":{"value":72.7583,"sigma":13.6757}},{"type":"Feature","geometry":{"type":"Polygon","coordinates":[[[-76.49499999999999,3.32],[-76.49,3.32],[-76.49,3.3249999999999997],[-76.49499999999999,3.3249999999999997],[-76.49499999999999,3.32]]]},"properties":{"value":69.7063,"sigma":15.3858}},{"type":"Feature","geometry":{"type":"Polygon","coordinates":[[[-76.49,3.32],[-76.485,3.32],[-76.485,3.3249999999999997],[-76.49,3.3249999999999997],[-76.49,3.32]]]},"properties":{"value":68.0412,"sigma":14.7028}},{"type":"Feature","geometry":{"type":"Polygon","coordinates":[[[-76.48499999999999,3.32],[-76.47999999999999,3.32],[-76.47999999999999,3.3249999999999997],[-76.48499999999999,3.3249999999999997],[-76.48499999999999,3.32]]]},"properties":{"value":70.9651,"sigma":15.7226}},{"type":"Feature","geometry":{"type":"Polygon","coordinates":[[[-76.47999999999999,3.32],[-76.475,3.32],[-76.475,3.3249999999999997],[-76.47999999999999,3.3249999999999997],[-76.47999999999999,3.32]]]},"properties":{"value":70.8303,"sigma":17.1512}},{"type":"Feature","geometry":{"type":"Polygon","coordinates":[[[-76.475,3.32],[-76.47,3.32],[-76.47,3.3249999999999997],[-76.475,3.3249999999999997],[-76.475,3.32]]]},"properties":{"value":67.325,"sigma":14.9231}},{"type":"Feature","geometry":{"type":"Polygon","coordinates":[[[-76.47,3.32],[-76.465,3.32],[-76.465,3.3249999999999997],[-76.47,3.3249999999999997],[-76.47,3.32]]]},"properties":{"value":68.1038,"sigma":17.3374}},{"type":"Feature","geometry":{"type":"Polygon","coordinates":[[[-76.46499999999999,3.32],[-76.46,3.32],[-76.46,3.3249999999999997],[-76.46499999999999,3.3249999999999997],[-76.46499999999999,3.32]]]},"properties":{"value":64.4981,"sigma":17.685}},{"type":"Feature","geometry":{"type":"Polygon","coordinates":[[[-76.46,3.32],[-76.455,3.32],[-76.455,3.3249999999999997],[-76.46,3.3249999999999997],[-76.46,3.32]]]},"properties":{"value":68.4386,"sigma":17.307}},{"type":"Feature","geometry":{"type":"Polygon","coordinates":[[[-76.455,3.32],[-76.45,3.32],[-76.45,3.3249999999999997],[-76.455,3.3249999999999997],[-76.455,3.32]]]},"properties":{"value":70.51,"sigma":19.5044}},{"type":"Feature","geometry":{"type":"Polygon","coordinates":[[[-76.44999999999999,3.32],[-76.445,3.32],[-76.445,3.3249999999999997],[-76.44999999999999,3.3249999999999997],[-76.44999999999999,3.32]]]},"properties":{"value":72.1572,"sigma":19.1706}},{"type":"Feature","geometry":{"type":"Polygon","coordinates":[[[-76.445,3.32],[-76.44,3.32],[-76.44,3.3249999999999997],[-76.445,3.3249999999999997],[-76.445,3.32]]]},"properties":{"value":73.2987,"sigma":19.4671}},{"type":"Feature","geometry":{"type":"Polygon","coordinates":[[[-76.44,3.32],[-76.435,3.32],[-76.435,3.3249999999999997],[-76.44,3.3249999999999997],[-76.44,3.32]]]},"properties":{"value":68.6038,"sigma":20.1683}},{"type":"Feature","geometry":{"type":"Polygon","coordinates":[[[-76.43499999999999,3.32],[-76.42999999999999,3.32],[-76.42999999999999,3.3249999999999997],[-76.43499999999999,3.3249999999999997],[-76.43499999999999,3.32]]]},"properties":{"value":72.7332,"sigma":20.7284}},{"type":"Feature","geometry":{"type":"Polygon","coordinates":[[[-76.42999999999999,3.32],[-76.425,3.32],[-76.425,3.3249999999999997],[-76.42999999999999,3.3249999999999997],[-76.42999999999999,3.32]]]},"properties":{"value":73.3162,"sigma":20.0533}},{"type":"Feature","geometry":{"type":"Polygon","coordinates":[[[-76.425,3.32],[-76.42,3.32],[-76.42,3.3249999999999997],[-76.425,3.3249999999999997],[-76.425,3.32]]]},"properties":{"value":73.4465,"sigma":20.7484}},{"type":"Feature","geometry":{"type":"Polygon","coordinates":[[[-76.41999999999999,3.32],[-76.41499999999999,3.32],[-76.41499999999999,3.3249999999999997],[-76.41999999999999,3.3249999999999997],[-76.41999999999999,3.32]]]},"properties":{"value":73.6822,"sigma":21.4214}},{"type":"Feature","geometry":{"type":"Polygon","coordinates":[[[-76.41499999999999,3.32],[-76.41,3.32],[-76.41,3.3249999999999997],[-76.41499999999999,3.3249999999999997],[-76.41499999999999,3.32]]]},"properties":{"value":69.4551,"sigma":20.6303}},{"type":"Feature","geometry":{"type":"Polygon","coordinates":[[[-76.41,3.32],[-76.405,3.32],[-76.405,3.3249999999999997],[-76.41,3.3249999999999997],[-76.41,3.32]]]},"properties":{"value":71.4527,"sigma":22.2434}},{"type":"Feature","geometry":{"type":"Polygon","coordinates":[[[-76.40499999999999,3.32],[-76.39999999999999,3.32],[-76.39999999999999,3.3249999999999997],[-76.40499999999999,3.3249999999999997],[-76.40499999999999,3.32]]]},"properties":{"value":69.037,"sigma":21.7944}},{"type":"Feature","geometry":{"type":"Polygon","coordinates":[[[-76.6,3.3249999999999997],[-76.595,3.3249999999999997],[-76.595,3.3299999999999996],[-76.6,3.3299999999999996],[-76.6,3.3249999999999997]]]},"properties":{"value":64.0655,"sigma":16.2228}},{"type":"Feature","geometry":{"type":"Polygon","coordinates":[[[-76.595,3.3249999999999997],[-76.59,3.3249999999999997],[-76.59,3.3299999999999996],[-76.595,3.3299999999999996],[-76.595,3.3249999999999997]]]},"properties":{"value":64.0362,"sigma":16.6743}},{"type":"Feature","geometry":{"type":"Polygon","coordinates":[[[-76.58999999999999,3.3249999999999997],[-76.585,3.3249999999999997],[-76.585,3.3299999999999996],[-76.58999999999999,3.3299999999999996],[-76.58999999999999,3.3249999999999997]]]},"properties":{"value":66.547,"sigma":16.6217}},{"type":"Feature","geometry":{"type":"Polygon","coordinates":[[[-76.585,3.3249999999999997],[-76.58,3.3249999999999997],[-76.58,3.3299999999999996],[-76.585,3.3299999999999996],[-76.585,3.3249999999999997]]]},"properties":{"value":64.8971,"sigma":14.5745}},{"type":"Feature","geometry":{"type":"Polygon","coordinates":[[[-76.58,3.3249999999999997],[-76.575,3.3249999999999997],[-76.575,3.3299999999999996],[-76.58,3.3299999999999996],[-76.58,3.3249999999999997]]]},"properties":{"value":65.4412,"sigma":14.3625}},{"type":"Feature","geometry":{"type":"Polygon","coordinates":[[[-76.57499999999999,3.3249999999999997],[-76.57,3.3249999999999997],[-76.57,3.3299999999999996],[-76.57499999999999,3.3299999999999996],[-76.57499999999999,3.3249999999999997]]]},"properties":{"value":67.5497,"sigma":14.2701}},{"type":"Feature","geometry":{"type":"Polygon","coordinates":[[[-76.57,3.3249999999999997],[-76.565,3.3249999999999997],[-76.565,3.3299999999999996],[-76.57,3.3299999999999996],[-76.57,3.3249999999999997]]]},"properties":{"value":68.3444,"sigma":13.9489}},{"type":"Feature","geometry":{"type":"Polygon","coordinates":[[[-76.565,3.3249999999999997],[-76.56,3.3249999999999997],[-76.56,3.3299999999999996],[-76.565,3.3299999999999996],[-76.565,3.3249999999999997]]]},"properties":{"value":71.553,"sigma":13.4656}},{"type":"Feature","geometry":{"type":"Polygon","coordinates":[[[-76.55999999999999,3.3249999999999997],[-76.55499999999999,3.3249999999999997],[-76.55499999999999,3.3299999999999996],[-76.55999999999999,3.3299999999999996],[-76.55999999999999,3.3249999999999997]]]},"properties":{"value":71.9947,"sigma":12.9945}},{"type":"Feature","geometry":{"type":"Polygon","coordinates":[[[-76.55499999999999,3.3249999999999997],[-76.55,3.3249999999999997],[-76.55,3.3299999999999996],[-76.55499999999999,3.3299999999999996],[-76.55499999999999,3.3249999999999997]]]},"properties":{"value":74.4507,"sigma":12.4699}},{"type":"Feature","geometry":{"type":"Polygon","coordinates":[[[-76.55,3.3249999999999997],[-76.545,3.3249999999999997],[-76.545,3.3299999999999996],[-76.55,3.3299999999999996],[-76.55,3.3249999999999997]]]},"properties":{"value":72.8957,"sigma":13.4067}},{"type":"Feature","geometry":{"type":"Polygon","coordinates":[[[-76.54499999999999,3.3249999999999997],[-76.53999999999999,3.3249999999999997],[-76.53999999999999,3.3299999999999996],[-76.54499999999999,3.3299999999999996],[-76.54499999999999,3.3249999999999997]]]},"properties":{"value":76.1408,"sigma":13.2135}},{"type":"Feature","geometry":{"type":"Polygon","coordinates":[[[-76.53999999999999,3.3249999999999997],[-76.535,3.3249999999999997],[-76.535,3.3299999999999996],[-76.53999999999999,3.3299999999999996],[-76.53999999999999,3.3249999999999997]]]},"properties":{"value":78.0567,"sigma":12.1641}},{"type":"Feature","geometry":{"type":"Polygon","coordinates":[[[-76.535,3.3249999999999997],[-76.53,3.3249999999999997],[-76.53,3.3299999999999996],[-76.535,3.3299999999999996],[-76.535,3.3249999999999997]]]},"properties":{"value":76.1787,"sigma":12.7468}},{"type":"Feature","geometry":{"type":"Polygon","coordinates":[[[-76.52999999999999,3.3249999999999997],[-76.52499999999999,3.3249999999999997],[-76.52499999999999,3.3299999999999996],[-76.52999999999999,3.3299999999999996],[-76.52999999999999,3.3249999999999997]]]},"properties":{"value":76.3274,"sigma":13.0462}},{"type":"Feature","geometry":{"type":"Polygon","coordinates":[[[-76.52499999999999,3.3249999999999997],[-76.52,3.3249999999999997],[-76.52,3.3299999999999996],[-76.52499999999999,3.3299999999999996],[-76.52499999999999,3.3249999999999997]]]},"properties":{"value":80.6595,"sigma":12.5532}},{"type":"Feature","geometry":{"type":"Polygon","coordinates":[[[-76.52,3.3249999999999997],[-76.515,3.3249999999999997],[-76.515,3.3299999999999996],[-76.52,3.3299999999999996],[-76.52,3.3249999999999997]]]},"properties":{"value":79.1239,"sigma":12.5406}},{"type":"Feature","geometry":{"type":"Polygon","coordinates":[[[-76.51499999999999,3.3249999999999997],[-76.50999999999999,3.3249999999999997],[-76.50999999999999,3.3299999999999996],[-76.51499999999999,3.3299999999999996],[-76.51499999999999,3.3249999999999997]]]},"properties":{"value":77.4087,"sigma":13.8929}},{"type":"Feature","geometry":{"type":"Polygon","coordinates":[[[-76.50999999999999,3.3249999999999997],[-76.505,3.3249999999999997],[-76.505,3.3299999999999996],[-76.50999999999999,3.3299999999999996],[-76.50999999999999,3.3249999999999997]]]},"properties":{"value":78.1795,"sigma":13.7841}},{"type":"Feature","geometry":{"type":"Polygon","coordinates":[[[-76.505,3.3249999999999997],[-76.5,3.3249999999999997],[-76.5,3.3299999999999996],[-76.505,3.3299999999999996],[-76.505,3.3249999999999997]]]},"properties":{"value":78.4604,"sigma":12.6596}},{"type":"Feature","geometry":{"type":"Polygon","coordinates":[[[-76.49999999999999,3.3249999999999997],[-76.49499999999999,3.3249999999999997],[-76.49499999999999,3.3299999999999996],[-76.49999999999999,3.3299999999999996],[-76.49999999999999,3.3249999999999997]]]},"properties":{"value":72.8051,"sigma":13.5057}},{"type":"Feature","geometry":{"type":"Polygon","coordinates":[[[-76.49499999999999,3.3249999999999997],[-76.49,3.3249999999999997],[-76.49,3.3299999999999996],[-76.49499999999999,3.3299999999999996],[-76.49499999999999,3.3249999999999997]]]},"properties":{"value":76.5152,"sigma":14.8993}},{"type":"Feature","geometry":{"type":"Polygon","coordinates":[[[-76.49,3.3249999999999997],[-76.485,3.3249999999999997],[-76.485,3.3299999999999996],[-76.49,3.3299999999999996],[-76.49,3.3249999999999997]]]},"properties":{"value":71.5315,"sigma":14.6332}},{"type":"Feature","geometry":{"type":"Polygon","coordinates":[[[-76.48499999999999,3.3249999999999997],[-76.47999999999999,3.3249999999999997],[-76.47999999999999,3.3299999999999996],[-76.48499999999999,3.3299999999999996],[-76.48499999999999,3.3249999999999997]]]},"properties":{"value":71.4654,"sigma":16.3215}},{"type":"Feature","geometry":{"type":"Polygon","coordinates":[[[-76.47999999999999,3.3249999999999997],[-76.475,3.3249999999999997],[-76.475,3.3299999999999996],[-76.47999999999999,3.3299999999999996],[-76.47999999999999,3.3249999999999997]]]},"properties":{"value":78.1799,"sigma":15.8473}},{"type":"Feature","geometry":{"type":"Polygon","coordinates":[[[-76.475,3.3249999999999997],[-76.47,3.3249999999999997],[-76.47,3.3299999999999996],[-76.475,3.3299999999999996],[-76.475,3.3249999999999997]]]},"properties":{"value":70.1926,"sigma":15.5817}},{"type":"Feature","geometry":{"type":"Polygon","coordinates":[[[-76.47,3.3249999999999997],[-76.465,3.3249999999999997],[-76.465,3.3299999999999996],[-76.47,3.3299999999999996],[-76.47,3.3249999999999997]]]},"properties":{"value":73.8955,"sigma":16.49}},{"type":"Feature","geometry":{"type":"Polygon","coordinates":[[[-76.46499999999999,3.3249999999999997],[-76.46,3.3249999999999997],[-76.46,3.3299999999999996],[-76.46499999999999,3.3299999999999996],[-76.46499999999999,3.3249999999999997]]]},"properties":{"value":69.677,"sigma":17.8034}},{"type":"Feature","geometry":{"type":"Polygon","coordinates":[[[-76.46,3.3249999999999997],[-76.455,3.3249999999999997],[-76.455,3.3299999999999996],[-76.46,3.3299999999999996],[-76.46,3.3249999999999997]]]},"properties":{"value":71.174,"sigma":17.4075}},{"type":"Feature","geometry":{"type":"Polygon","coordinates":[[[-76.455,3.3249999999999997],[-76.45,3.3249999999999997],[-76.45,3.3299999999999996],[-76.455,3.3299999999999996],[-76.455,3.3249999999999997]]]},"properties":{"value":68.2099,"sigma":19.122}},{"type":"Feature","geometry":{"type":"Polygon","coordinates":[[[-76.44999999999999,3.3249999999999997],[-76.445,3.3249999999999997],[-76.445,3.3299999999999996],[-76.44999999999999,3.3299999999999996],[-76.44999999999999,3.3249999999999997]]]},"properties":{"value":75.4423,"sigma":19.1657}},{"type":"Feature","geometry":{"type":"Polygon","coordinates":[[[-76.445,3.3249999999999997],[-76.44,3.3249999999999997],[-76.44,3.3299999999999996],[-76.445,3.3299999999999996],[-76.445,3.3249999999999997]]]},"properties":{"value":72.8313,"sigma":19.0196}},{"type":"Feature","geometry":{"type":"Polygon","coordinates":[[[-76.44,3.3249999999999997],[-76.435,3.3249999999999997],[-76.435,3.3299999999999996],[-76.44,3.3299999999999996],[-76.44,3.3249999999999997]]]},"properties":{"value":75.2288,"sigma":18.6696}},{"type":"Feature","geometry":{"type":"Polygon","coordinates":[[[-76.43499999999999,3.3249999999999997],[-76.42999999999999,3.3249999999999997],[-76.42999999999999,3.3299999999999996],[-76.43499999999999,3.3299999999999996],[-76.43499999999999,3.3249999999999997]]]},"properties":{"value":75.283,"sigma":19.9511}},{"type":"Feature","geometry":{"type":"Polygon","coordinates":[[[-76.42999999999999,3.3249999999999997],[-76.425,3.3249999999999997],[-76.425,3.3299999999999996],[-76.42999999999999,3.3299999999999996],[-76.42999999999999,3.3249999999999997]]]},"properties":{"value":78.6437,"sigma":20.2718}},{"type":"Feature","geometry":{"type":"Polygon","coordinates":[[[-76.425,3.3249999999999997],[-76.42,3.3249999999999997],[-76.42,3.3299999999999996],[-76.425,3.3299999999999996],[-76.425,3.3249999999999997]]]},"properties":{"value":74.9207,"sigma":20.1357}},{"type":"Feature","geometry":{"type":"Polygon","coordinates":[[[-76.41999999999999,3.3249999999999997],[-76.41499999999999,3.3249999999999997],[-76.41499999999999,3.3299999999999996],[-76.41999999999999,3.3299999999999996],[-76.41999999999999,3.3249999999999997]]]},"properties":{"value":74.7163,"sigma":19.8648}},{"type":"Feature","geometry":{"type":"Polygon","coordinates":[[[-76.41499999999999,3.3249999999999997],[-76.41,3.3249999999999997],[-76.41,3.3299999999999996],[-76.41499999999999,3.3299999999999996],[-76.41499999999999,3.3249999999999997]]]},"properties":{"value":72.6263,"sigma":19.8095}},{"type":"Feature","geometry":{"type":"Polygon","coordinates":[[[-76.41,3.3249999999999997],[-76.405,3.3249999999999997],[-76.405,3.3299999999999996],[-76.41,3.3299999999999996],[-76.41,3.3249999999999997]]]},"properties":{"value":71.3336,"sigma":20.9054}},{"type":"Feature","geometry":{"type":"Polygon","coordinates":[[[-76.40499999999999,3.3249999999999997],[-76.39999999999999,3.3249999999999997],[-76.39999999999999,3.3299999999999996],[-76.40499999999999,3.3299999999999996],[-76.40499999999999,3.3249999999999997]]]},"properties":{"value":71.4898,"sigma":20.6521}},{"type":"Feature","geometry":{"type":"Polygon","coordinates":[[[-76.6,3.33],[-76.595,3.33],[-76.595,3.335],[-76.6,3.335],[-76.6,3.33]]]},"properties":{"value":60.9287,"sigma":15.9968}},{"type":"Feature","geometry":{"type":"Polygon","coordinates":[[[-76.595,3.33],[-76.59,3.33],[-76.59,3.335],[-76.595,3.335],[-76.595,3.33]]]},"properties":{"value":66.6442,"sigma":15.7699}},{"type":"Feature","geometry":{"type":"Polygon","coordinates":[[[-76.58999999999999,3.33],[-76.585,3.33],[-76.585,3.335],[-76.58999999999999,3.335],[-76.58999999999999,3.33]]]},"properties":{"value":66.151,"sigma":15.2224}},{"type":"Feature","geometry":{"type":"Polygon","coordinates":[[[-76.585,3.33],[-76.58,3.33],[-76.58,3.335],[-76.585,3.335],[-76.585,3.33]]]},"properties":{"value":63.4806,"sigma":14.9813}},{"type":"Feature","geometry":{"type":"Polygon","coordinates":[[[-76.58,3.33],[-76.575,3.33],[-76.575,3.335],[-76.58,3.335],[-76.58,3.33]]]},"properties":{"value":65.2033,"sigma":14.4103}},{"type":"Feature","geometry":{"type":"Polygon","coordinates":[[[-76.57499999999999,3.33],[-76.57,3.33],[-76.57,3.335],[-76.57499999999999,3.335],[-76.57499999999999,3.33]]]},"properties":{"value":67.0153,"sigma":13.7077}},{"type":"Feature","geometry":{"type":"Polygon","coordinates":[[[-76.57,3.33],[-76.565,3.33],[-76.565,3.335],[-76.57,3.335],[-76.57,3.33]]]},"properties":{"value":69.1872,"sigma":13.3475}},{"type":"Feature","geometry":{"type":"Polygon","coordinates":[[[-76.565,3.33],[-76.56,3.33],[-76.56,3.335],[-76.565,3.335],[-76.565,3.33]]]},"properties":{"value":71.2373,"sigma":13.5544}},{"type":"Feature","geometry":{"type":"Polygon","coordinates":[[[-76.55999999999999,3.33],[-76.55499999999999,3.33],[-76.55499999999999,3.335],[-76.55999999999999,3.335],[-76.55999999999999,3.33]]]},"properties":{"value":70.7829,"sigma":13.1953}},{"type":"Feature","geometry":{"type":"Polygon","coordinates":[[[-76.55499999999999,3.33],[-76.55,3.33],[-76.55,3.335],[-76.55499999999999,3.335],[-76.55499999999999,3.33]]]},"properties":{"value":72.6334,"sigma":13.3359}},{"type":"Feature","geometry":{"type":"Polygon","coordinates":[[[-76.55,3.33],[-76.545,3.33],[-76.545,3.335],[-76.55,3.335],[-76.55,3.33]]]},"properties":{"value":74.0723,"sigma":12.6222}},{"type":"Feature","geometry":{"type":"Polygon","coordinates":[[[-76.54499999999999,3.33],[-76.53999999999999,3.33],[-76.53999999999999,3.335],[-76.54499999999999,3.335],[-76.54499999999999,3.33]]]},"properties":{"value":78.0082,"sigma":12.2147}},{"type":"Feature","geometry":{"type":"Polygon","coordinates":[[[-76.53999999999999,3.33],[-76.535,3.33],[-76.535,3.335],[-76.53999999999999,3.335],[-76.53999999999999,3.33]]]},"properties":{"value":79.8985,"sigma":12.0085}},{"type":"Feature","geometry":{"type":"Polygon","coordinates":[[[-76.535,3.33],[-76.53,3.33],[-76.53,3.335],[-76.535,3.335],[-76.535,3.33]]]},"properties":{"value":82.2697,"sigma":11.859}},{"type":"Feature","geometry":{"type":"Polygon","coordinates":[[[-76.52999999999999,3.33],[-76.52499999999999,3.33],[-76.52499999999999,3.335],[-76.52999999999999,3.335],[-76.52999999999999,3.33]]]},"properties":{"value":82.3115,"sigma":12.6685}},{"type":"Feature","geometry":{"type":"Polygon","coordinates":[[[-76.52499999999999,3.33],[-76.52,3.33],[-76.52,3.335],[-76.52499999999999,3.335],[-76.52499999999999,3.33]]]},"properties":{"value":83.8768,"sigma":12.9427}},{"type":"Feature","geometry":{"type":"Polygon","coordinates":[[[-76.52,3.33],[-76.515,3.33],[-76.515,3.335],[-76.52,3.335],[-76.52,3.33]]]},"properties":{"value":83.4705,"sigma":12.5867}},{"type":"Feature","geometry":{"type":"Polygon","coordinates":[[[-76.51499999999999,3.33],[-76.50999999999999,3.33],[-76.50999999999999,3.335],[-76.51499999999999,3.335],[-76.51499999999999,3.33]]]},"properties":{"value":79.9954,"sigma":12.9809}},{"type":"Feature","geometry":{"type":"Polygon","coordinates":[[[-76.50999999999999,3.33],[-76.505,3.33],[-76.505,3.335],[-76.50999999999999,3.335],[-76.50999999999999,3.33]]]},"properties":{"value":79.3538,"sigma":13.7715}},{"type":"Feature","geometry":{"type":"Polygon","coordinates":[[[-76.505,3.33],[-76.5,3.33],[-76.5,3.335],[-76.505,3.335],[-76.505,3.33]]]},"properties":{"value":78.1276,"sigma":14.165}},{"type":"Feature","geometry":{"type":"Polygon","coordinates":[[[-76.49999999999999,3.33],[-76.49499999999999,3.33],[-76.49499999999999,3.335],[-76.49999999999999,3.335],[-76.49999999999999,3.33]]]},"properties":{"value":77.6122,"sigma":13.1778}},{"type":"Feature","geometry":{"type":"Polygon","coordinates":[[[-76.49499999999999,3.33],[-76.49,3.33],[-76.49,3.335],[-76.49499999999999,3.335],[-76.49499999999999,3.33]]]},"properties":{"value":77.1098,"sigma":14.1222}},{"type":"Feature","geometry":{"type":"Polygon","coordinates":[[[-76.49,3.33],[-76.485,3.33],[-76.485,3.335],[-76.49,3.335],[-76.49,3.33]]]},"properties":{"value":76.0794,"sigma":13.7954}},{"type":"Feature","geometry":{"type":"Polygon","coordinates":[[[-76.48499999999999,3.33],[-76.47999999999999,3.33],[-76.47999999999999,3.335],[-76.48499999999999,3.335],[-76.48499999999999,3.33]]]},"properties":{"value":78.0283,"sigma":15.4263}},{"type":"Feature","geometry":{"type":"Polygon","coordinates":[[[-76.47999999999999,3.33],[-76.475,3.33],[-76.475,3.335],[-76.47999999999999,3.335],[-76.47999999999999,3.33]]]},"properties":{"value":75.3578,"sigma":15.6091}},{"type":"Feature","geometry":{"type":"Polygon","coordinates":[[[-76.475,3.33],[-76.47,3.33],[-76.47,3.335],[-76.475,3.335],[-76.475,3.33]]]},"properties":{"value":70.7954,"sigma":15.8655}},{"type":"Feature","geometry":{"type":"Polygon","coordinates":[[[-76.47,3.33],[-76.465,3.33],[-76.465,3.335],[-76.47,3.335],[-76.47,3.33]]]},"properties":{"value":75.3563,"sigma":16.0704}},{"type":"Feature","geometry":{"type":"Polygon","coordinates":[[[-76.46499999999999,3.33],[-76.46,3.33],[-76.46,3.335],[-76.46499999999999,3.335],[-76.46499999999999,3.33]]]},"properties":{"value":72.5815,"sigma":16.0917}},{"type":"Feature","geometry":{"type":"Polygon","coordinates":[[[-76.46,3.33],[-76.455,3.33],[-76.455,3.335],[-76.46,3.335],[-76.46,3.33]]]},"properties":{"value":73.5726,"sigma":18.3456}},{"type":"Feature","geometry":{"type":"Polygon","coordinates":[[[-76.455,3.33],[-76.45,3.33],[-76.45,3.335],[-76.455,3.335],[-76.455,3.33]]]},"properties":{"value":72.5034,"sigma":18.0947}},{"type":"Feature","geometry":{"type":"Polygon","coordinates":[[[-76.44999999999999,3.33],[-76.445,3.33],[-76.445,3.335],[-76.44999999999999,3.335],[-76.44999999999999,3.33]]]},"properties":{"value":76.3845,"sigma":17.9863}},{"type":"Feature","geometry":{"type":"Polygon","coordinates":[[[-76.445,3.33],[-76.44,3.33],[-76.44,3.335],[-76.445,3.335],[-76.445,3.33]]]},"properties":{"value":76.3572,"sigma":19.1876}},{"type":"Feature","geometry":{"type":"Polygon","coordinates":[[[-76.44,3.33],[-76.435,3.33],[-76.435,3.335],[-76.44,3.335],[-76.44,3.33]]]},"properties":{"value":76.0385,"sigma":19.2944}},{"type":"Feature","geometry":{"type":"Polygon","coordinates":[[[-76.43499999999999,3.33],[-76.42999999999999,3.33],[-76.42999999999999,3.335],[-76.43499999999999,3.335],[-76.43499999999999,3.33]]]},"properties":{"value":77.1854,"sigma":18.7847}},{"type":"Feature","geometry":{"type":"Polygon","coordinates":[[[-76.42999999999999,3.33],[-76.425,3.33],[-76.425,3.335],[-76.42999999999999,3.335],[-76.42999999999999,3.33]]]},"properties":{"value":77.8436,"sigma":19.0622}},{"type":"Feature","geometry":{"type":"Polygon","coordinates":[[[-76.425,3.33],[-76.42,3.33],[-76.42,3.335],[-76.425,3.335],[-76.425,3.33]]]},"properties":{"value":80.5856,"sigma":19.7255}},{"type":"Feature","geometry":{"type":"Polygon","coordinates":[[[-76.41999999999999,3.33],[-76.41499999999999,3.33],[-76.41499999999999,3.335],[-76.41999999999999,3.335],[-76.41999999999999,3.33]]]},"properties":{"value":77.6281,"sigma":19.8229}},{"type":"Feature","geometry":{"type":"Polygon","coordinates":[[[-76.41499999999999,3.33],[-76.41,3.33],[-76.41,3.335],[-76.41499999999999,3.335],[-76.41499999999999,3.33]]]},"properties":{"value":78.2681,"sigma":20.4378}},{"type":"Feature","geometry":{"type":"Polygon","coordinates":[[[-76.41,3.33],[-76.405,3.33],[-76.405,3.335],[-76.41,3.335],[-76.41,3.33]]]},"properties":{"value":74.9064,"sigma":21.0207}},{"type":"Feature","geometry":{"type":"Polygon","coordinates":[[[-76.40499999999999,3.33],[-76.39999999999999,3.33],[-76.39999999999999,3.335],[-76.40499999999999,3.335],[-76.40499999999999,3.33]]]},"properties":{"value":72.2162,"sigma":20.9068}},{"type":"Feature","geometry":{"type":"Polygon","coordinates":[[[-76.6,3.335],[-76.595,3.335],[-76.595,3.34],[-76.6,3.34],[-76.6,3.335]]]},"properties":{"value":68.7783,"sigma":15.6358}},{"type":"Feature","geometry":{"type":"Polygon","coordinates":[[[-76.595,3.335],[-76.59,3.335],[-76.59,3.34],[-76.595,3.34],[-76.595,3.335]]]},"properties":{"value":67.6544,"sigma":15.9644}},{"type":"Feature","geometry":{"type":"Polygon","coordinates":[[[-76.58999999999999,3.335],[-76.585,3.335],[-76.585,3.34],[-76.58999999999999,3.34],[-76.58999999999999,3.335]]]},"properties":{"value":63.3402,"sigma":14.2977}},{"type":"Feature","geometry":{"type":"Polygon","coordinates":[[[-76.585,3.335],[-76.58,3.335],[-76.58,3.34],[-76.585,3.34],[-76.585,3.335]]]},"properties":{"value":65.8897,"sigma":14.2118}},{"type":"Feature","geometry":{"type":"Polygon","coordinates":[[[-76.58,3.335],[-76.575,3.335],[-76.575,3.34],[-76.58,3.34],[-76.58,3.335]]]},"properties":{"value":65.1921,"sigma":13.6979}},{"type":"Feature","geometry":{"type":"Polygon","coordinates":[[[-76.57499999999999,3.335],[-76.57,3.335],[-76.57,3.34],[-76.57499999999999,3.34],[-76.57499999999999,3.335]]]},"properties":{"value":63.4503,"sigma":14.0743}},{"type":"Feature","geometry":{"type":"Polygon","coordinates":[[[-76.57,3.335],[-76.565,3.335],[-76.565,3.34],[-76.57,3.34],[-76.57,3.335]]]},"properties":{"value":69.575,"sigma":12.4764}},{"type":"Feature","geometry":{"type":"Polygon","coordinates":[[[-76.565,3.335],[-76.56,3.335],[-76.56,3.34],[-76.565,3.34],[-76.565,3.335]]]},"properties":{"value":69.357,"sigma":12.8871}},{"type":"Feature","geometry":{"type":"Polygon","coordinates":[[[-76.55999999999999,3.335],[-76.55499999999999,3.335],[-76.55499999999999,3.34],[-76.55999999999999,3.34],[-76.55999999999999,3.335]]]},"properties":{"value":72.7435,"sigma":11.7735}},{"type":"Feature","geometry":{"type":"Polygon","coordinates":[[[-76.55499999999999,3.335],[-76.55,3.335],[-76.55,3.34],[-76.55499999999999,3.34],[-76.55499999999999,3.335]]]},"properties":{"value":76.5506,"sigma":11.1504}},{"type":"Feature","geometry":{"type":"Polygon","coordinates":[[[-76.55,3.335],[-76.545,3.335],[-76.545,3.34],[-76.55,3.34],[-76.55,3.335]]]},"properties":{"value":78.4985,"sigma":11.354}},{"type":"Feature","geometry":{"type":"Polygon","coordinates":[[[-76.54499999999999,3.335],[-76.53999999999999,3.335],[-76.53999999999999,3.34],[-76.54499999999999,3.34],[-76.54499999999999,3.335]]]},"properties":{"value":80.1938,"sigma":11.6487}},{"type":"Feature","geometry":{"type":"Polygon","coordinates":[[[-76.53999999999999,3.335],[-76.535,3.335],[-76.535,3.34],[-76.53999999999999,3.34],[-76.53999999999999,3.335]]]},"properties":{"value":83.8252,"sigma":11.5937}},{"type":"Feature","geometry":{"type":"Polygon","coordinates":[[[-76.535,3.335],[-76.53,3.335],[-76.53,3.34],[-76.535,3.34],[-76.535,3.335]]]},"properties":{"value":86.808,"sigma":11.3633}},{"type":"Feature","geometry":{"type":"Polygon","coordinates":[[[-76.52999999999999,3.335],[-76.52499999999999,3.335],[-76.52499999999999,3.34],[-76.52999999999999,3.34],[-76.52999999999999,3.335]]]},"properties":{"value":84.5971,"sigma":11.4055}},{"type":"Feature","geometry":{"type":"Polygon","coordinates":[[[-76.52499999999999,3.335],[-76.52,3.335],[-76.52,3.34],[-76.52499999999999,3.34],[-76.52499999999999,3.335]]]},"properties":{"value":85.4853,"sigma":11.0617}},{"type":"Feature","geometry":{"type":"Polygon","coordinates":[[[-76.52,3.335],[-76.515,3.335],[-76.515,3.34],[-76.52,3.34],[-76.52,3.335]]]},"properties":{"value":88.1892,"sigma":12.0903}},{"type":"Feature","geometry":{"type":"Polygon","coordinates":[[[-76.51499999999999,3.335],[-76.50999999999999,3.335],[-76.50999999999999,3.34],[-76.51499999999999,3.34],[-76.51499999999999,3.335]]]},"properties":{"value":85.7632,"sigma":11.6146}},{"type":"Feature","geometry":{"type":"Polygon","coordinates":[[[-76.50999999999999,3.335],[-76.505,3.335],[-76.505,3.34],[-76.50999999999999,3.34],[-76.50999999999999,3.335]]]},"properties":{"value":81.7938,"sigma":12.5348}},{"type":"Feature","geometry":{"type":"Polygon","coordinates":[[[-76.505,3.335],[-76.5,3.335],[-76.5,3.34],[-76.505,3.34],[-76.505,3.335]]]},"properties":{"value":80.8442,"sigma":12.7544}},{"type":"Feature","geometry":{"type":"Polygon","coordinates":[[[-76.49999999999999,3.335],[-76.49499999999999,3.335],[-76.49499999999999,3.34],[-76.49999999999999,3.34],[-76.49999999999999,3.335]]]},"properties":{"value":78.4226,"sigma":12.8873}},{"type":"Feature","geometry":{"type":"Polygon","coordinates":[[[-76.49499999999999,3.335],[-76.49,3.335],[-76.49,3.34],[-76.49499999999999,3.34],[-76.49499999999999,3.335]]]},"properties":{"value":78.6455,"sigma":13.4792}},{"type":"Feature","geometry":{"type":"Polygon","coordinates":[[[-76.49,3.335],[-76.485,3.335],[-76.485,3.34],[-76.49,3.34],[-76.49,3.335]]]},"properties":{"value":78.3288,"sigma":14.5849}},{"type":"Feature","geometry":{"type":"Polygon","coordinates":[[[-76.48499999999999,3.335],[-76.47999999999999,3.335],[-76.47999999999999,3.34],[-76.48499999999999,3.34],[-76.48499999999999,3.335]]]},"properties":{"value":78.5475,"sigma":15.201}},{"type":"Feature","geometry":{"type":"Polygon","coordinates":[[[-76.47999999999999,3.335],[-76.475,3.335],[-76.475,3.34],[-76.47999999999999,3.34],[-76.47999999999999,3.335]]]},"properties":{"value":77.8802,"sigma":14.9224}},{"type":"Feature","geometry":{"type":"Polygon","coordinates":[[[-76.475,3.335],[-76.47,3.335],[-76.47,3.34],[-76.475,3.34],[-76.475,3.335]]]},"properties":{"value":78.1341,"sigma":16.1634}},{"type":"Feature","geometry":{"type":"Polygon","coordinates":[[[-76.47,3.335],[-76.465,3.335],[-76.465,3.34],[-76.47,3.34],[-76.47,3.335]]]},"properties":{"value":77.3544,"sigma":16.4412}},{"type":"Feature","geometry":{"type":"Polygon","coordinates":[[[-76.46499999999999,3.335],[-76.46,3.335],[-76.46,3.34],[-76.46499999999999,3.34],[-76.46499999999999,3.335]]]},"properties":{"value":77.2637,"sigma":17.1298}},{"type":"Feature","geometry":{"type":"Polygon","coordinates":[[[-76.46,3.335],[-76.455,3.335],[-76.455,3.34],[-76.46,3.34],[-76.46,3.335]]]},"properties":{"value":77.0237,"sigma":16.6611}},{"type":"Feature","geometry":{"type":"Polygon","coordinates":[[[-76.455,3.335],[-76.45,3.335],[-76.45,3.34],[-76.455,3.34],[-76.455,3.335]]]},"properties":{"value":74.3847,"sigma":18.0773}},{"type":"Feature","geometry":{"type":"Polygon","coordinates":[[[-76.44999999999999,3.335],[-76.445,3.335],[-76.445,3.34],[-76.44999999999999,3.34],[-76.44999999999999,3.335]]]},"properties":{"value":79.4974,"sigma":16.8669}},{"type":"Feature","geometry":{"type":"Polygon","coordinates":[[[-76.445,3.335],[-76.44,3.335],[-76.44,3.34],[-76.445,3.34],[-76.445,3.335]]]},"properties":{"value":82.451,"sigma":18.3441}},{"type":"Feature","geometry":{"type":"Polygon","coordinates":[[[-76.44,3.335],[-76.435,3.335],[-76.435,3.34],[-76.44,3.34],[-76.44,3.335]]]},"properties":{"value":83.8479,"sigma":18.9087}},{"type":"Feature","geometry":{"type":"Polygon","coordinates":[[[-76.43499999999999,3.335],[-76.42999999999999,3.335],[-76.42999999999999,3.34],[-76.43499999999999,3.34],[-76.43499999999999,3.335]]]},"properties":{"value":82.7137,"sigma":18.0652}},{"type":"Feature","geometry":{"type":"Polygon","coordinates":[[[-76.42999999999999,3.335],[-76.425,3.335],[-76.425,3.34],[-76.42999999999999,3.34],[-76.42999999999999,3.335]]]},"properties":{"value":86.4583,"sigma":18.5965}},{"type":"Feature","geometry":{"type":"Polygon","coordinates":[[[-76.425,3.335],[-76.42,3.335],[-76.42,3.34],[-76.425,3.34],[-76.425,3.335]]]},"properties":{"value":84.1514,"sigma":18.6306}},{"type":"Feature","geometry":{"type":"Polygon","coordinates":[[[-76.41999999999999,3.335],[-76.41499999999999,3.335],[-76.41499999999999,3.34],[-76.41999999999999,3.34],[-76.41999999999999,3.335]]]},"properties":{"value":77.4391,"sigma":18.6352}},{"type":"Feature","geometry":{"type":"Polygon","coordinates":[[[-76.41499999999999,3.335],[-76.41,3.335],[-76.41,3.34],[-76.41499999999999,3.34],[-76.41499999999999,3.335]]]},"properties":{"value":78.8673,"sigma":19.5271}},{"type":"Feature","geometry":{"type":"Polygon","coordinates":[[[-76.41,3.335],[-76.405,3.335],[-76.405,3.34],[-76.41,3.34],[-76.41,3.335]]]},"properties":{"value":78.8277,"sigma":20.197}},{"type":"Feature","geometry":{"type":"Polygon","coordinates":[[[-76.40499999999999,3.335],[-76.39999999999999,3.335],[-76.39999999999999,3.34],[-76.40499999999999,3.34],[-76.40499999999999,3.335]]]},"properties":{"value":71.3875,"sigma":19.0577}},{"type":"Feature","geometry":{"type":"Polygon","coordinates":[[[-76.6,3.34],[-76.595,3.34],[-76.595,3.3449999999999998],[-76.6,3.3449999999999998],[-76.6,3.34]]]},"properties":{"value":66.9476,"sigma":15.4784}},{"type":"Feature","geometry":{"type":"Polygon","coordinates":[[[-76.595,3.34],[-76.59,3.34],[-76.59,3.3449999999999998],[-76.595,3.3449999999999998],[-76.595,3.34]]]},"properties":{"value":66.4976,"sigma":15.9253}},{"type":"Feature","geometry":{"type":"Polygon","coordinates":[[[-76.58999999999999,3.34],[-76.585,3.34],[-76.585,3.3449999999999998],[-76.58999999999999,3.3449999999999998],[-76.58999999999999,3.34]]]},"properties":{"value":64.7399,"sigma":14.53}},{"type":"Feature","geometry":{"type":"Polygon","coordinates":[[[-76.585,3.34],[-76.58,3.34],[-76.58,3.3449999999999998],[-76.585,3.3449999999999998],[-76.585,3.34]]]},"properties":{"value":65.4124,"sigma":13.947}},{"type":"Feature","geometry":{"type":"Polygon","coordinates":[[[-76.58,3.34],[-76.575,3.34],[-76.575,3.3449999999999998],[-76.58,3.3449999999999998],[-76.58,3.34]]]},"properties":{"value":66.4855,"sigma":13.6295}},{"type":"Feature","geometry":{"type":"Polygon","coordinates":[[[-76.57499999999999,3.34],[-76.57,3.34],[-76.57,3.3449999999999998],[-76.57499999999999,3.3449999999999998],[-76.57499999999999,3.34]]]},"properties":{"value":62.5999,"sigma":12.281}},{"type":"Feature","geometry":{"type":"Polygon","coordinates":[[[-76.57,3.34],[-76.565,3.34],[-76.565,3.3449999999999998],[-76.57,3.3449999999999998],[-76.57,3.34]]]},"properties":{"value":67.9577,"sigma":11.8344}},{"type":"Feature","geometry":{"type":"Polygon","coordinates":[[[-76.565,3.34],[-76.56,3.34],[-76.56,3.3449999999999998],[-76.565,3.3449999999999998],[-76.565,3.34]]]},"properties":{"value":70.2266,"sigma":11.9912}},{"type":"Feature","geometry":{"type":"Polygon","coordinates":[[[-76.55999999999999,3.34],[-76.55499999999999,3.34],[-76.55499999999999,3.3449999999999998],[-76.55999999999999,3.3449999999999998],[-76.55999999999999,3.34]]]},"properties":{"value":72.1429,"sigma":11.938}},{"type":"Feature","geometry":{"type":"Polygon","coordinates":[[[-76.55499999999999,3.34],[-76.55,3.34],[-76.55,3.3449999999999998],[-76.55499999999999,3.3449999999999998],[-76.55499999999999,3.34]]]},"properties":{"value":74.41,"sigma":11.8212}},{"type":"Feature","geometry":{"type":"Polygon","coordinates":[[[-76.55,3.34],[-76.545,3.34],[-76.545,3.3449999999999998],[-76.55,3.3449999999999998],[-76.55,3.34]]]},"properties":{"value":80.8904,"sigma":10.77}},{"type":"Feature","geometry":{"type":"Polygon","coordinates":[[[-76.54499999999999,3.34],[-76.53999999999999,3.34],[-76.53999999999999,3.3449999999999998],[-76.54499999999999,3.3449999999999998],[-76.54499999999999,3.34]]]},"properties":{"value":81.3236,"sigma":10.1431}},{"type":"Feature","geometry":{"type":"Polygon","coordinates":[[[-76.53999999999999,3.34],[-76.535,3.34],[-76.535,3.3449999999999998],[-76.53999999999999,3.3449999999999998],[-76.53999999999999,3.34]]]},"properties":{"value":85.5254,"sigma":10.4408}},{"type":"Feature","geometry":{"type":"Polygon","coordinates":[[[-76.535,3.34],[-76.53,3.34],[-76.53,3.3449999999999998],[-76.535,3.3449999999999998],[-76.535,3.34]]]},"properties":{"value":85.9915,"sigma":11.6113}},{"type":"Feature","geometry":{"type":"Polygon","coordinates":[[[-76.52999999999999,3.34],[-76.52499999999999,3.34],[-76.52499999999999,3.3449999999999998],[-76.52999999999999,3.3449999999999998],[-76.52999999999999,3.34]]]},"properties":{"value":88.893,"sigma":11.2791}},{"type":"Feature","geometry":{"type":"Polygon","coordinates":[[[-76.52499999999999,3.34],[-76.52,3.34],[-76.52,3.3449999999999998],[-76.52499999999999,3.3449999999999998],[-76.52499999999999,3.34]]]},"properties":{"value":86.831,"sigma":12.3753}},{"type":"Feature","geometry":{"type":"Polygon","coordinates":[[[-76.52,3.34],[-76.515,3.34],[-76.515,3.3449999999999998],[-76.52,3.3449999999999998],[-76.52,3.34]]]},"properties":{"value":90.1984,"sigma":11.2102}},{"type":"Feature","geometry":{"type":"Polygon","coordinates":[[[-76.51499999999999,3.34],[-76.50999999999999,3.34],[-76.50999999999999,3.3449999999999998],[-76.51499999999999,3.3449999999999998],[-76.51499999999999,3.34]]]},"properties":{"value":86.9443,"sigma":11.2803}},{"type":"Feature","geometry":{"type":"Polygon","coordinates":[[[-76.50999999999999,3.34],[-76.505,3.34],[-76.505,3.3449999999999998],[-76.50999999999999,3.3449999999999998],[-76.50999999999999,3.34]]]},"properties":{"value":87.5926,"sigma":11.6983}},{"type":"Feature","geometry":{"type":"Polygon","coordinates":[[[-76.505,3.34],[-76.5,3.34],[-76.5,3.3449999999999998],[-76.505,3.3449999999999998],[-76.505,3.34]]]},"properties":{"value":87.7118,"sigma":12.8442}},{"type":"Feature","geometry":{"type":"Polygon","coordinates":[[[-76.49999999999999,3.34],[-76.49499999999999,3.34],[-76.49499999999999,3.3449999999999998],[-76.49999999999999,3.3449999999999998],[-76.49999999999999,3.34]]]},"properties":{"value":83.6005,"sigma":13.1571}},{"type":"Feature","geometry":{"type":"Polygon","coordinates":[[[-76.49499999999999,3.34],[-76.49,3.34],[-76.49,3.3449999999999998],[-76.49499999999999,3.3449999999999998],[-76.49499999999999,3.34]]]},"properties":{"value":81.1642,"sigma":12.2817}},{"type":"Feature","geometry":{"type":"Polygon","coordinates":[[[-76.49,3.34],[-76.485,3.34],[-76.485,3.3449999999999998],[-76.49,3.3449999999999998],[-76.49,3.34]]]},"properties":{"value":82.8032,"sigma":13.3027}},{"type":"Feature","geometry":{"type":"Polygon","coordinates":[[[-76.48499999999999,3.34],[-76.47999999999999,3.34],[-76.47999999999999,3.3449999999999998],[-76.48499999999999,3.3449999999999998],[-76.48499999999999,3.34]]]},"properties":{"value":82.4471,"sigma":15.4014}},{"type":"Feature","geometry":{"type":"Polygon","coordinates":[[[-76.47999999999999,3.34],[-76.475,3.34],[-76.475,3.3449999999999998],[-76.47999999999999,3.3449999999999998],[-76.47999999999999,3.34]]]},"properties":{"value":83.1879,"sigma":13.9644}},{"type":"Feature","geometry":{"type":"Polygon","coordinates":[[[-76.475,3.34],[-76.47,3.34],[-76.47,3.3449999999999998],[-76.475,3.3449999999999998],[-76.475,3.34]]]},"properties":{"value":84.5951,"sigma":14.9165}},{"type":"Feature","geometry":{"type":"Polygon","coordinates":[[[-76.47,3.34],[-76.465,3.34],[-76.465,3.3449999999999998],[-76.47,3.3449999999999998],[-76.47,3.34]]]},"properties":{"value":81.2313,"sigma":16.2278}},{"type":"Feature","geometry":{"type":"Polygon","coordinates":[[[-76.46499999999999,3.34],[-76.46,3.34],[-76.46,3.3449999999999998],[-76.46499999999999,3.3449999999999998],[-76.46499999999999,3.34]]]},"properties":{"value":79.2632,"sigma":16.1194}},{"type":"Feature","geometry":{"type":"Polygon","coordinates":[[[-76.46,3.34],[-76.455,3.34],[-76.455,3.3449999999999998],[-76.46,3.3449999999999998],[-76.46,3.34]]]},"properties":{"value":79.7079,"sigma":16.6497}},{"type":"Feature","geometry":{"type":"Polygon","coordinates":[[[-76.455,3.34],[-76.45,3.34],[-76.45,3.3449999999999998],[-76.455,3.3449999999999998],[-76.455,3.34]]]},"properties":{"value":81.5561,"sigma":16.9842}},{"type":"Feature","geometry":{"type":"Polygon","coordinates":[[[-76.44999999999999,3.34],[-76.445,3.34],[-76.445,3.3449999999999998],[-76.44999999999999,3.3449999999999998],[-76.44999999999999,3.34]]]},"properties":{"value":79.0982,"sigma":17.4076}},{"type":"Feature","geometry":{"type":"Polygon","coordinates":[[[-76.445,3.34],[-76.44,3.34],[-76.44,3.3449999999999998],[-76.445,3.3449999999999998],[-76.445,3.34]]]},"properties":{"value":82.7088,"sigma":17.8344}},{"type":"Feature","geometry":{"type":"Polygon","coordinates":[[[-76.44,3.34],[-76.435,3.34],[-76.435,3.3449999999999998],[-76.44,3.3449999999999998],[-76.44,3.34]]]},"properties":{"value":82.1303,"sigma":17.6689}},{"type":"Feature","geometry":{"type":"Polygon","coordinates":[[[-76.43499999999999,3.34],[-76.42999999999999,3.34],[-76.42999999999999,3.3449999999999998],[-76.43499999999999,3.3449999999999998],[-76.43499999999999,3.34]]]},"properties":{"value":85.9014,"sigma":17.5272}},{"type":"Feature","geometry":{"type":"Polygon","coordinates":[[[-76.42999999999999,3.34],[-76.425,3.34],[-76.425,3.3449999999999998],[-76.42999999999999,3.3449999999999998],[-76.42999999999999,3.34]]]},"properties":{"value":87.0242,"sigma":18.3665}},{"type":"Feature","geometry":{"type":"Polygon","coordinates":[[[-76.425,3.34],[-76.42,3.34],[-76.42,3.3449999999999998],[-76.425,3.3449999999999998],[-76.425,3.34]]]},"properties":{"value":85.4995,"sigma":18.1312}},{"type":"Feature","geometry":{"type":"Polygon","coordinates":[[[-76.41999999999999,3.34],[-76.41499999999999,3.34],[-76.41499999999999,3.3449999999999998],[-76.41999999999999,3.3449999999999998],[-76.41999999999999,3.34]]]},"properties":{"value":81.8854,"sigma":18.7164}},{"type":"Feature","geometry":{"type":"Polygon","coordinates":[[[-76.41499999999999,3.34],[-76.41,3.34],[-76.41,3.3449999999999998],[-76.41499999999999,3.3449999999999998],[-76.41499999999999,3.34]]]},"properties":{"value":80.7122,"sigma":18.6223}},{"type":"Feature","geometry":{"type":"Polygon","coordinates":[[[-76.41,3.34],[-76.405,3.34],[-76.405,3.3449999999999998],[-76.41,3.3449999999999998],[-76.41,3.34]]]},"properties":{"value":80.4507,"sigma":19.529}},{"type":"Feature","geometry":{"type":"Polygon","coordinates":[[[-76.40499999999999,3.34],[-76.39999999999999,3.34],[-76.39999999999999,3.3449999999999998],[-76.40499999999999,3.3449999999999998],[-76.40499999999999,3.34]]]},"properties":{"value":75.4444,"sigma":19.7148}},{"type":"Feature","geometry":{"type":"Polygon","coordinates":[[[-76.6,3.3449999999999998],[-76.595,3.3449999999999998],[-76.595,3.3499999999999996],[-76.6,3.3499999999999996],[-76.6,3.3449999999999998]]]},"properties":{"value":65.3306,"sigma":15.9043}},{"type":"Feature","geometry":{"type":"Polygon","coordinates":[[[-76.595,3.3449999999999998],[-76.59,3.3449999999999998],[-76.59,3.3499999999999996],[-76.595,3.3499999999999996],[-76.595,3.3449999999999998]]]},"properties":{"value":66.0024,"sigma":13.7604}},{"type":"Feature","geometry":{"type":"Polygon","coordinates":[[[-76.58999999999999,3.3449999999999998],[-76.585,3.3449999999999998],[-76.585,3.3499999999999996],[-76.58999999999999,3.3499999999999996],[-76.58999999999999,3.3449999999999998]]]},"properties":{"value":66.9816,"sigma":14.1833}},{"type":"Feature","geometry":{"type":"Polygon","coordinates":[[[-76.585,3.3449999999999998],[-76.58,3.3449999999999998],[-76.58,3.3499999999999996],[-76.585,3.3499999999999996],[-76.585,3.3449999999999998]]]},"properties":{"value":63.5822,"sigma":13.8519}},{"type":"Feature","geometry":{"type":"Polygon","coordinates":[[[-76.58,3.3449999999999998],[-76.575,3.3449999999999998],[-76.575,3.3499999999999996],[-76.58,3.3499999999999996],[-76.58,3.3449999999999998]]]},"properties":{"value":67.0312,"sigma":13.3884}},{"type":"Feature","geometry":{"type":"Polygon","coordinates":[[[-76.57499999999999,3.3449999999999998],[-76.57,3.3449999999999998],[-76.57,3.3499999999999996],[-76.57499999999999,3.3499999999999996],[-76.57499999999999,3.3449999999999998]]]},"properties":{"value":69.1597,"sigma":11.6824}},{"type":"Feature","geometry":{"type":"Polygon","coordinates":[[[-76.57,3.3449999999999998],[-76.565,3.3449999999999998],[-76.565,3.3499999999999996],[-76.57,3.3499999999999996],[-76.57,3.3449999999999998]]]},"properties":{"value":68.9541,"sigma":11.993}},{"type":"Feature","geometry":{"type":"Polygon","coordinates":[[[-76.565,3.3449999999999998],[-76.56,3.3449999999999998],[-76.56,3.3499999999999996],[-76.565,3.3499999999999996],[-76.565,3.3449999999999998]]]},"properties":{"value":68.7963,"sigma":12.3398}},{"type":"Feature","geometry":{"type":"Polygon","coordinates":[[[-76.55999999999999,3.3449999999999998],[-76.55499999999999,3.3449999999999998],[-76.55499999999999,3.3499999999999996],[-76.55999999999999,3.3499999999999996],[-76.55999999999999,3.3449999999999998]]]},"properties":{"value":73.9662,"sigma":10.8437}},{"type":"Feature","geometry":{"type":"Polygon","coordinates":[[[-76.55499999999999,3.3449999999999998],[-76.55,3.3449999999999998],[-76.55,3.3499999999999996],[-76.55499999999999,3.3499999999999996],[-76.55499999999999,3.3449999999999998]]]},"properties":{"value":73.542,"sigma":11.2414}},{"type":"Feature","geometry":{"type":"Polygon","coordinates":[[[-76.55,3.3449999999999998],[-76.545,3.3449999999999998],[-76.545,3.3499999999999996],[-76.55,3.3499999999999996],[-76.55,3.3449999999999998]]]},"properties":{"value":78.7475,"sigma":10.8762}},{"type":"Feature","geometry":{"type":"Polygon","coordinates":[[[-76.54499999999999,3.3449999999999998],[-76.53999999999999,3.3449999999999998],[-76.53999999999999,3.3499999999999996],[-76.54499999999999,3.3499999999999996],[-76.54499999999999,3.3449999999999998]]]},"properties":{"value":83.5484,"sigma":10.2884}},{"type":"Feature","geometry":{"type":"Polygon","coordinates":[[[-76.53999999999999,3.3449999999999998],[-76.535,3.3449999999999998],[-76.535,3.3499999999999996],[-76.53999999999999,3.3499999999999996],[-76.53999999999999,3.3449999999999998]]]},"properties":{"value":86.0387,"sigma":10.6088}},{"type":"Feature","geometry":{"type":"Polygon","coordinates":[[[-76.535,3.3449999999999998],[-76.53,3.3449999999999998],[-76.53,3.3499999999999996],[-76.535,3.3499999999999996],[-76.535,3.3449999999999998]]]},"properties":{"value":90.3746,"sigma":9.9605}},{"type":"Feature","geometry":{"type":"Polygon","coordinates":[[[-76.52999999999999,3.3449999999999998],[-76.52499999999999,3.3449999999999998],[-76.52499999999999,3.3499999999999996],[-76.52999999999999,3.3499999999999996],[-76.52999999999999,3.3449999999999998]]]},"properties":{"value":92.9269,"sigma":10.234}},{"type":"Feature","geometry":{"type":"Polygon","coordinates":[[[-76.52499999999999,3.3449999999999998],[-76.52,3.3449999999999998],[-76.52,3.3499999999999996],[-76.52499999999999,3.3499999999999996],[-76.52499999999999,3.3449999999999998]]]},"properties":{"value":89.7876,"sigma":10.5464}},{"type":"Feature","geometry":{"type":"Polygon","coordinates":[[[-76.52,3.3449999999999998],[-76.515,3.3449999999999998],[-76.515,3.3499999999999996],[-76.52,3.3499999999999996],[-76.52,3.3449999999999998]]]},"properties":{"value":90.9664,"sigma":12.1441}},{"type":"Feature","geometry":{"type":"Polygon","coordinates":[[[-76.51499999999999,3.3449999999999998],[-76.50999999999999,3.3449999999999998],[-76.50999999999999,3.3499999999999996],[-76.51499999999999,3.3499999999999996],[-76.51499999999999,3.3449999999999998]]]},"properties":{"value":88.7844,"sigma":10.844}},{"type":"Feature","geometry":{"type":"Polygon","coordinates":[[[-76.50999999999999,3.3449999999999998],[-76.505,3.3449999999999998],[-76.505,3.3499999999999996],[-76.50999999999999,3.3499999999999996],[-76.50999999999999,3.3449999999999998]]]},"properties":{"value":88.6914,"sigma":10.5631}},{"type":"Feature","geometry":{"type":"Polygon","coordinates":[[[-76.505,3.3449999999999998],[-76.5,3.3449999999999998],[-76.5,3.3499999999999996],[-76.505,3.3499999999999996],[-76.505,3.3449999999999998]]]},"properties":{"value":85.7908,"sigma":10.8918}},{"type":"Feature","geometry":{"type":"Polygon","coordinates":[[[-76.49999999999999,3.3449999999999998],[-76.49499999999999,3.3449999999999998],[-76.49499999999999,3.3499999999999996],[-76.49999999999999,3.3499999999999996],[-76.49999999999999,3.3449999999999998]]]},"properties":{"value":86.9706,"sigma":11.9476}},{"type":"Feature","geometry":{"type":"Polygon","coordinates":[[[-76.49499999999999,3.3449999999999998],[-76.49,3.3449999999999998],[-76.49,3.3499999999999996],[-76.49499999999999,3.3499999999999996],[-76.49499999999999,3.3449999999999998]]]},"properties":{"value":85.648,"sigma":12.2758}},{"type":"Feature","geometry":{"type":"Polygon","coordinates":[[[-76.49,3.3449999999999998],[-76.485,3.3449999999999998],[-76.485,3.3499999999999996],[-76.49,3.3499999999999996],[-76.49,3.3449999999999998]]]},"properties":{"value":87.0651,"sigma":12.6945}},{"type":"Feature","geometry":{"type":"Polygon","coordinates":[[[-76.48499999999999,3.3449999999999998],[-76.47999999999999,3.3449999999999998],[-76.47999999999999,3.3499999999999996],[-76.48499999999999,3.3499999999999996],[-76.48499999999999,3.3449999999999998]]]},"properties":{"value":87.4447,"sigma":14.388}},{"type":"Feature","geometry":{"type":"Polygon","coordinates":[[[-76.47999999999999,3.3449999999999998],[-76.475,3.3449999999999998],[-76.475,3.3499999999999996],[-76.47999999999999,3.3499999999999996],[-76.47999999999999,3.3449999999999998]]]},"properties":{"value":83.8083,"sigma":14.1906}},{"type":"Feature","geometry":{"type":"Polygon","coordinates":[[[-76.475,3.3449999999999998],[-76.47,3.3449999999999998],[-76.47,3.3499999999999996],[-76.475,3.3499999999999996],[-76.475,3.3449999999999998]]]},"properties":{"value":86.6343,"sigma":14.9014}},{"type":"Feature","geometry":{"type":"Polygon","coordinates":[[[-76.47,3.3449999999999998],[-76.465,3.3449999999999998],[-76.465,3.3499999999999996],[-76.47,3.3499999999999996],[-76.47,3.3449999999999998]]]},"properties":{"value":84.8561,"sigma":14.5876}},{"type":"Feature","geometry":{"type":"Polygon","coordinates":[[[-76.46499999999999,3.3449999999999998],[-76.46,3.3449999999999998],[-76.46,3.3499999999999996],[-76.46499999999999,3.3499999999999996],[-76.46499999999999,3.3449999999999998]]]},"properties":{"value":82.4502,"sigma":16.6529}},{"type":"Feature","geometry":{"type":"Polygon","coordinates":[[[-76.46,3.3449999999999998],[-76.455,3.3449999999999998],[-76.455,3.3499999999999996],[-76.46,3.3499999999999996],[-76.46,3.3449999999999998]]]},"properties":{"value":80.6745,"sigma":16.8507}},{"type":"Feature","geometry":{"type":"Polygon","coordinates":[[[-76.455,3.3449999999999998],[-76.45,3.3449999999999998],[-76.45,3.3499999999999996],[-76.455,3.3499999999999996],[-76.455,3.3449999999999998]]]},"properties":{"value":81.9244,"sigma":16.6485}},{"type":"Feature","geometry":{"type":"Polygon","coordinates":[[[-76.44999999999999,3.3449999999999998],[-76.445,3.3449999999999998],[-76.445,3.3499999999999996],[-76.44999999999999,3.3499999999999996],[-76.44999999999999,3.3449999999999998]]]},"properties":{"value":82.4735,"sigma":17.2045}},{"type":"Feature","geometry":{"type":"Polygon","coordinates":[[[-76.445,3.3449999999999998],[-76.44,3.3449999999999998],[-76.44,3.3499999999999996],[-76.445,3.3499999999999996],[-76.445,3.3449999999999998]]]},"properties":{"value":82.249,"sigma":15.9909}},{"type":"Feature","geometry":{"type":"Polygon","coordinates":[[[-76.44,3.3449999999999998],[-76.435,3.3449999999999998],[-76.435,3.3499999999999996],[-76.44,3.3499999999999996],[-76.44,3.3449999999999998]]]},"properties":{"value":83.2744,"sigma":16.6495}},{"type":"Feature","geometry":{"type":"Polygon","coordinates":[[[-76.43499999999999,3.3449999999999998],[-76.42999999999999,3.3449999999999998],[-76.42999999999999,3.3499999999999996],[-76.43499999999999,3.3499999999999996],[-76.43499999999999,3.3449999999999998]]]},"properties":{"value":87.8943,"sigma":16.4442}},{"type":"Feature","geometry":{"type":"Polygon","coordinates":[[[-76.42999999999999,3.3449999999999998],[-76.425,3.3449999999999998],[-76.425,3.3499999999999996],[-76.42999999999999,3.3499999999999996],[-76.42999999999999,3.3449999999999998]]]},"properties":{"value":88.6302,"sigma":16.8771}},{"type":"Feature","geometry":{"type":"Polygon","coordinates":[[[-76.425,3.3449999999999998],[-76.42,3.3449999999999998],[-76.42,3.3499999999999996],[-76.425,3.3499999999999996],[-76.425,3.3449999999999998]]]},"properties":{"value":89.3692,"sigma":17.353}},{"type":"Feature","geometry":{"type":"Polygon","coordinates":[[[-76.41999999999999,3.3449999999999998],[-76.41499999999999,3.3449999999999998],[-76.41499999999999,3.3499999999999996],[-76.41999999999999,3.3499999999999996],[-76.41999999999999,3.3449999999999998]]]},"properties":{"value":87.7859,"sigma":17.6675}},{"type":"Feature","geometry":{"type":"Polygon","coordinates":[[[-76.41499999999999,3.3449999999999998],[-76.41,3.3449999999999998],[-76.41,3.3499999999999996],[-76.41499999999999,3.3499999999999996],[-76.41499999999999,3.3449999999999998]]]},"properties":{"value":85.2378,"sigma":17.8087}},{"type":"Feature","geometry":{"type":"Polygon","coordinates":[[[-76.41,3.3449999999999998],[-76.405,3.3449999999999998],[-76.405,3.3499999999999996],[-76.41,3.3499999999999996],[-76.41,3.3449999999999998]]]},"properties":{"value":81.6425,"sigma":19.2789}},{"type":"Feature","geometry":{"type":"Polygon","coordinates":[[[-76.40499999999999,3.3449999999999998],[-76.39999999999999,3.3449999999999998],[-76.39999999999999,3.3499999999999996],[-76.40499999999999,3.3499999999999996],[-76.40499999999999,3.3449999999999998]]]},"properties":{"value":78.7508,"sigma":18.2819}},{"type":"Feature","geometry":{"type":"Polygon","coordinates":[[[-76.6,3.35],[-76.595,3.35],[-76.595,3.355],[-76.6,3.355],[-76.6,3.35]]]},"properties":{"value":65.5721,"sigma":14.9693}},{"type":"Feature","geometry":{"type":"Polygon","coordinates":[[[-76.595,3.35],[-76.59,3.35],[-76.59,3.355],[-76.595,3.355],[-76.595,3.35]]]},"properties":{"value":63.984,"sigma":15.1183}},{"type":"Feature","geometry":{"type":"Polygon","coordinates":[[[-76.58999999999999,3.35],[-76.585,3.35],[-76.585,3.355],[-76.58999999999999,3.355],[-76.58999999999999,3.35]]]},"properties":{"value":66.6312,"sigma":13.2831}},{"type":"Feature","geometry":{"type":"Polygon","coordinates":[[[-76.585,3.35],[-76.58,3.35],[-76.58,3.355],[-76.585,3.355],[-76.585,3.35]]]},"properties":{"value":65.7753,"sigma":12.6571}},{"type":"Feature","geometry":{"type":"Polygon","coordinates":[[[-76.58,3.35],[-76.575,3.35],[-76.575,3.355],[-76.58,3.355],[-76.58,3.35]]]},"properties":{"value":70.7685,"sigma":12.6765}},{"type":"Feature","geometry":{"type":"Polygon","coordinates":[[[-76.57499999999999,3.35],[-76.57,3.35],[-76.57,3.355],[-76.57499999999999,3.355],[-76.57499999999999,3.35]]]},"properties":{"value":67.5973,"sigma":11.7491}},{"type":"Feature","geometry":{"type":"Polygon","coordinates":[[[-76.57,3.35],[-76.565,3.35],[-76.565,3.355],[-76.57,3.355],[-76.57,3.35]]]},"properties":{"value":68.4933,"sigma":11.8295}},{"type":"Feature","geometry":{"type":"Polygon","coordinates":[[[-76.565,3.35],[-76.56,3.35],[-76.56,3.355],[-76.565,3.355],[-76.565,3.35]]]},"properties":{"value":67.8771,"sigma":11.2223}},{"type":"Feature","geometry":{"type":"Polygon","coordinates":[[[-76.55999999999999,3.35],[-76.55499999999999,3.35],[-76.55499999999999,3.355],[-76.55999999999999,3.355],[-76.55999999999999,3.35]]]},"properties":{"value":71.9497,"sigma":11.6351}},{"type":"Feature","geometry":{"type":"Polygon","coordinates":[[[-76.55499999999999,3.35],[-76.55,3.35],[-76.55,3.355],[-76.55499999999999,3.355],[-76.55499999999999,3.35]]]},"properties":{"value":77.3135,"sigma":10.6153}},{"type":"Feature","geometry":{"type":"Polygon","coordinates":[[[-76.55,3.35],[-76.545,3.35],[-76.545,3.355],[-76.55,3.355],[-76.55,3.35]]]},"properties":{"value":81.357,"sigma":10.3954}},{"type":"Feature","geometry":{"type":"Polygon","coordinates":[[[-76.54499999999999,3.35],[-76.53999999999999,3.35],[-76.53999999999999,3.355],[-76.54499999999999,3.355],[-76.54499999999999,3.35]]]},"properties":{"value":85.5983,"sigma":9.6217}},{"type":"Feature","geometry":{"type":"Polygon","coordinates":[[[-76.53999999999999,3.35],[-76.535,3.35],[-76.535,3.355],[-76.53999999999999,3.355],[-76.53999999999999,3.35]]]},"properties":{"value":84.806,"sigma":9.7883}},{"type":"Feature","geometry":{"type":"Polygon","coordinates":[[[-76.535,3.35],[-76.53,3.35],[-76.53,3.355],[-76.535,3.355],[-76.535,3.35]]]},"properties":{"value":92.4189,"sigma":10.13}},{"type":"Feature","geometry":{"type":"Polygon","coordinates":[[[-76.52999999999999,3.35],[-76.52499999999999,3.35],[-76.52499999999999,3.355],[-76.52999999999999,3.355],[-76.52999999999999,3.35]]]},"properties":{"value":92.7183,"sigma":10.0042}},{"type":"Feature","geometry":{"type":"Polygon","coordinates":[[[-76.52499999999999,3.35],[-76.52,3.35],[-76.52,3.355],[-76.52499999999999,3.355],[-76.52499999999999,3.35]]]},"properties":{"value":90.8878,"sigma":9.4213}},{"type":"Feature","geometry":{"type":"Polygon","coordinates":[[[-76.52,3.35],[-76.515,3.35],[-76.515,3.355],[-76.52,3.355],[-76.52,3.35]]]},"properties":{"value":94.4073,"sigma":9.6358}},{"type":"Feature","geometry":{"type":"Polygon","coordinates":[[[-76.51499999999999,3.35],[-76.50999999999999,3.35],[-76.50999999999999,3.355],[-76.51499999999999,3.355],[-76.51499999999999,3.35]]]},"properties":{"value":89.433,"sigma":10.7723}},{"type":"Feature","geometry":{"type":"Polygon","coordinates":[[[-76.50999999999999,3.35],[-76.505,3.35],[-76.505,3.355],[-76.50999999999999,3.355],[-76.50999999999999,3.35]]]},"properties":{"value":88.6297,"sigma":11.0792}},{"type":"Feature","geometry":{"type":"Polygon","coordinates":[[[-76.505,3.35],[-76.5,3.35],[-76.5,3.355],[-76.505,3.355],[-76.505,3.35]]]},"properties":{"value":87.588,"sigma":11.2494}},{"type":"Feature","geometry":{"type":"Polygon","coordinates":[[[-76.49999999999999,3.35],[-76.49499999999999,3.35],[-76.49499999999999,3.355],[-76.49999999999999,3.355],[-76.49999999999999,3.35]]]},"properties":{"value":87.3237,"sigma":11.8777}},{"type":"Feature","geometry":{"type":"Polygon","coordinates":[[[-76.49499999999999,3.35],[-76.49,3.35],[-76.49,3.355],[-76.49499999999999,3.355],[-76.49499999999999,3.35]]]},"properties":{"value":89.6204,"sigma":12.0453}},{"type":"Feature","geometry":{"type":"Polygon","coordinates":[[[-76.49,3.35],[-76.485,3.35],[-76.485,3.355],[-76.49,3.355],[-76.49,3.35]]]},"properties":{"value":86.554,"sigma":12.4056}},{"type":"Feature","geometry":{"type":"Polygon","coordinates":[[[-76.48499999999999,3.35],[-76.47999999999999,3.35],[-76.47999999999999,3.355],[-76.48499999999999,3.355],[-76.48499999999999,3.35]]]},"properties":{"value":90.2193,"sigma":13.2136}},{"type":"Feature","geometry":{"type":"Polygon","coordinates":[[[-76.47999999999999,3.35],[-76.475,3.35],[-76.475,3.355],[-76.47999999999999,3.355],[-76.47999999999999,3.35]]]},"properties":{"value":89.2175,"sigma":15.0228}},{"type":"Feature","geometry":{"type":"Polygon","coordinates":[[[-76.475,3.35],[-76.47,3.35],[-76.47,3.355],[-76.475,3.355],[-76.475,3.35]]]},"properties":{"value":86.1497,"sigma":15.0376}},{"type":"Feature","geometry":{"type":"Polygon","coordinates":[[[-76.47,3.35],[-76.465,3.35],[-76.465,3.355],[-76.47,3.355],[-76.47,3.35]]]},"properties":{"value":88.8541,"sigma":15.0364}},{"type":"Feature","geometry":{"type":"Polygon","coordinates":[[[-76.46499999999999,3.35],[-76.46,3.35],[-76.46,3.355],[-76.46499999999999,3.355],[-76.46499999999999,3.35]]]},"properties":{"value":83.6617,"sigma":14.7432}},{"type":"Feature","geometry":{"type":"Polygon","coordinates":[[[-76.46,3.35],[-76.455,3.35],[-76.455,3.355],[-76.46,3.355],[-76.46,3.35]]]},"properties":{"value":84.1483,"sigma":14.9506}},{"type":"Feature","geometry":{"type":"Polygon","coordinates":[[[-76.455,3.35],[-76.45,3.35],[-76.45,3.355],[-76.455,3.355],[-76.455,3.35]]]},"properties":{"value":83.0498,"sigma":15.857}},{"type":"Feature","geometry":{"type":"Polygon","coordinates":[[[-76.44999999999999,3.35],[-76.445,3.35],[-76.445,3.355],[-76.44999999999999,3.355],[-76.44999999999999,3.35]]]},"properties":{"value":87.797,"sigma":16.1247}},{"type":"Feature","geometry":{"type":"Polygon","coordinates":[[[-76.445,3.35],[-76.44,3.35],[-76.44,3.355],[-76.445,3.355],[-76.445,3.35]]]},"properties":{"value":82.2775,"sigma":17.2039}},{"type":"Feature","geometry":{"type":"Polygon","coordinates":[[[-76.44,3.35],[-76.435,3.35],[-76.435,3.355],[-76.44,3.355],[-76.44,3.35]]]},"properties":{"value":89.4492,"sigma":17.0972}},{"type":"Feature","geometry":{"type":"Polygon","coordinates":[[[-76.43499999999999,3.35],[-76.42999999999999,3.35],[-76.42999999999999,3.355],[-76.43499999999999,3.355],[-76.43499999999999,3.35]]]},"properties":{"value":93.1866,"sigma":16.6415}},{"type":"Feature","geometry":{"type":"Polygon","coordinates":[[[-76.42999999999999,3.35],[-76.425,3.35],[-76.425,3.355],[-76.42999999999999,3.355],[-76.42999999999999,3.35]]]},"properties":{"value":90.1721,"sigma":17.0011}},{"type":"Feature","geometry":{"type":"Polygon","coordinates":[[[-76.425,3.35],[-76.42,3.35],[-76.42,3.355],[-76.425,3.355],[-76.425,3.35]]]},"properties":{"value":88.0266,"sigma":17.592}},{"type":"Feature","geometry":{"type":"Polygon","coordinates":[[[-76.41999999999999,3.35],[-76.41499999999999,3.35],[-76.41499999999999,3.355],[-76.41999999999999,3.355],[-76.41999999999999,3.35]]]},"properties":{"value":88.8241,"sigma":16.6398}},{"type":"Feature","geometry":{"type":"Polygon","coordinates":[[[-76.41499999999999,3.35],[-76.41,3.35],[-76.41,3.355],[-76.41499999999999,3.355],[-76.41499999999999,3.35]]]},"properties":{"value":84.8482,"sigma":17.0629}},{"type":"Feature","geometry":{"type":"Polygon","coordinates":[[[-76.41,3.35],[-76.405,3.35],[-76.405,3.355],[-76.41,3.355],[-76.41,3.35]]]},"properties":{"value":81.4885,"sigma":17.7864}},{"type":"Feature","geometry":{"type":"Polygon","coordinates":[[[-76.40499999999999,3.35],[-76.39999999999999,3.35],[-76.39999999999999,3.355],[-76.40499999999999,3.355],[-76.40499999999999,3.35]]]},"properties":{"value":76.5642,"sigma":18.645}},{"type":"Feature","geometry":{"type":"Polygon","coordinates":[[[-76.6,3.355],[-76.595,3.355],[-76.595,3.36],[-76.6,3.36],[-76.6,3.355]]]},"properties":{"value":65.8781,"sigma":14.2779}},{"type":"Feature","geometry":{"type":"Polygon","coordinates":[[[-76.595,3.355],[-76.59,3.355],[-76.59,3.36],[-76.595,3.36],[-76.595,3.355]]]},"properties":{"value":62.5517,"sigma":14.0149}},{"type":"Feature","geometry":{"type":"Polygon","coordinates":[[[-76.58999999999999,3.355],[-76.585,3.355],[-76.585,3.36],[-76.58999999999999,3.36],[-76.58999999999999,3.355]]]},"properties":{"value":66.9579,"sigma":13.3068}},{"type":"Feature","geometry":{"type":"Polygon","coordinates":[[[-76.585,3.355],[-76.58,3.355],[-76.58,3.36],[-76.585,3.36],[-76.585,3.355]]]},"properties":{"value":68.0354,"sigma":12.7456}},{"type":"Feature","geometry":{"type":"Polygon","coordinates":[[[-76.58,3.355],[-76.575,3.355],[-76.575,3.36],[-76.58,3.36],[-76.58,3.355]]]},"properties":{"value":65.1104,"sigma":13.0123}},{"type":"Feature","geometry":{"type":"Polygon","coordinates":[[[-76.57499999999999,3.355],[-76.57,3.355],[-76.57,3.36],[-76.57499999999999,3.36],[-76.57499999999999,3.355]]]},"properties":{"value":70.8858,"sigma":12.3985}},{"type":"Feature","geometry":{"type":"Polygon","coordinates":[[[-76.57,3.355],[-76.565,3.355],[-76.565,3.36],[-76.57,3.36],[-76.57,3.355]]]},"properties":{"value":69.9797,"sigma":9.9622}},{"type":"Feature","geometry":{"type":"Polygon","coordinates":[[[-76.565,3.355],[-76.56,3.355],[-76.56,3.36],[-76.565,3.36],[-76.565,3.355]]]},"properties":{"value":71.4568,"sigma":11.3897}},{"type":"Feature","geometry":{"type":"Polygon","coordinates":[[[-76.55999999999999,3.355],[-76.55499999999999,3.355],[-76.55499999999999,3.36],[-76.55999999999999,3.36],[-76.55999999999999,3.355]]]},"properties":{"value":74.9782,"sigma":10.8069}},{"type":"Feature","geometry":{"type":"Polygon","coordinates":[[[-76.55499999999999,3.355],[-76.55,3.355],[-76.55,3.36],[-76.55499999999999,3.36],[-76.55499999999999,3.355]]]},"properties":{"value":77.8713,"sigma":10.4799}},{"type":"Feature","geometry":{"type":"Polygon","coordinates":[[[-76.55,3.355],[-76.545,3.355],[-76.545,3.36],[-76.55,3.36],[-76.55,3.355]]]},"properties":{"value":81.711,"sigma":9.5708}},{"type":"Feature","geometry":{"type":"Polygon","coordinates":[[[-76.54499999999999,3.355],[-76.53999999999999,3.355],[-76.53999999999999,3.36],[-76.54499999999999,3.36],[-76.54499999999999,3.355]]]},"properties":{"value":83.2295,"sigma":8.7661}},{"type":"Feature","geometry":{"type":"Polygon","coordinates":[[[-76.53999999999999,3.355],[-76.535,3.355],[-76.535,3.36],[-76.53999999999999,3.36],[-76.53999999999999,3.355]]]},"properties":{"value":89.7921,"sigma":8.6485}},{"type":"Feature","geometry":{"type":"Polygon","coordinates":[[[-76.535,3.355],[-76.53,3.355],[-76.53,3.36],[-76.535,3.36],[-76.535,3.355]]]},"properties":{"value":91.1208,"sigma":9.1281}},{"type":"Feature","geometry":{"type":"Polygon","coordinates":[[[-76.52999999999999,3.355],[-76.52499999999999,3.355],[-76.52499999999999,3.36],[-76.52999999999999,3.36],[-76.52999999999999,3.355]]]},"properties":{"value":90.2649,"sigma":9.8982}},{"type":"Feature","geometry":{"type":"Polygon","coordinates":[[[-76.52499999999999,3.355],[-76.52,3.355],[-76.52,3.36],[-76.52499999999999,3.36],[-76.52499999999999,3.355]]]},"properties":{"value":90.3037,"sigma":9.9792}},{"type":"Feature","geometry":{"type":"Polygon","coordinates":[[[-76.52,3.355],[-76.515,3.355],[-76.515,3.36],[-76.52,3.36],[-76.52,3.355]]]},"properties":{"value":93.0935,"sigma":9.7729}},{"type":"Feature","geometry":{"type":"Polygon","coordinates":[[[-76.51499999999999,3.355],[-76.50999999999999,3.355],[-76.50999999999999,3.36],[-76.51499999999999,3.36],[-76.51499999999999,3.355]]]},"properties":{"value":91.6595,"sigma":10.7841}},{"type":"Feature","geometry":{"type":"Polygon","coordinates":[[[-76.50999999999999,3.355],[-76.505,3.355],[-76.505,3.36],[-76.50999999999999,3.36],[-76.50999999999999,3.355]]]},"properties":{"value":89.0439,"sigma":9.5288}},{"type":"Feature","geometry":{"type":"Polygon","coordinates":[[[-76.505,3.355],[-76.5,3.355],[-76.5,3.36],[-76.505,3.36],[-76.505,3.355]]]},"properties":{"value":86.3997,"sigma":10.8433}},{"type":"Feature","geometry":{"type":"Polygon","coordinates":[[[-76.49999999999999,3.355],[-76.49499999999999,3.355],[-76.49499999999999,3.36],[-76.49999999999999,3.36],[-76.49999999999999,3.355]]]},"properties":{"value":90.1312,"sigma":12.0299}},{"type":"Feature","geometry":{"type":"Polygon","coordinates":[[[-76.49499999999999,3.355],[-76.49,3.355],[-76.49,3.36],[-76.49499999999999,3.36],[-76.49499999999999,3.355]]]},"properties":{"value":87.6849,"sigma":11.811}},{"type":"Feature","geometry":{"type":"Polygon","coordinates":[[[-76.49,3.355],[-76.485,3.355],[-76.485,3.36],[-76.49,3.36],[-76.49,3.355]]]},"properties":{"value":90.3405,"sigma":12.2322}},{"type":"Feature","geometry":{"type":"Polygon","coordinates":[[[-76.48499999999999,3.355],[-76.47999999999999,3.355],[-76.47999999999999,3.36],[-76.48499999999999,3.36],[-76.48499999999999,3.355]]]},"properties":{"value":90.584,"sigma":12.9779}},{"type":"Feature","geometry":{"type":"Polygon","coordinates":[[[-76.47999999999999,3.355],[-76.475,3.355],[-76.475,3.36],[-76.47999999999999,3.36],[-76.47999999999999,3.355]]]},"properties":{"value":90.407,"sigma":14.1632}},{"type":"Feature","geometry":{"type":"Polygon","coordinates":[[[-76.475,3.355],[-76.47,3.355],[-76.47,3.36],[-76.475,3.36],[-76.475,3.355]]]},"properties":{"value":89.2841,"sigma":13.7843}},{"type":"Feature","geometry":{"type":"Polygon","coordinates":[[[-76.47,3.355],[-76.465,3.355],[-76.465,3.36],[-76.47,3.36],[-76.47,3.355]]]},"properties":{"value":87.6937,"sigma":14.7672}},{"type":"Feature","geometry":{"type":"Polygon","coordinates":[[[-76.46499999999999,3.355],[-76.46,3.355],[-76.46,3.36],[-76.46499999999999,3.36],[-76.46499999999999,3.355]]]},"properties":{"value":88.969,"sigma":15.6064}},{"type":"Feature","geometry":{"type":"Polygon","coordinates":[[[-76.46,3.355],[-76.455,3.355],[-76.455,3.36],[-76.46,3.36],[-76.46,3.355]]]},"properties":{"value":84.3879,"sigma":14.5015}},{"type":"Feature","geometry":{"type":"Polygon","coordinates":[[[-76.455,3.355],[-76.45,3.355],[-76.45,3.36],[-76.455,3.36],[-76.455,3.355]]]},"properties":{"value":83.5406,"sigma":14.7454}},{"type":"Feature","geometry":{"type":"Polygon","coordinates":[[[-76.44999999999999,3.355],[-76.445,3.355],[-76.445,3.36],[-76.44999999999999,3.36],[-76.44999999999999,3.355]]]},"properties":{"value":82.4899,"sigma":15.3458}},{"type":"Feature","geometry":{"type":"Polygon","coordinates":[[[-76.445,3.355],[-76.44,3.355],[-76.44,3.36],[-76.445,3.36],[-76.445,3.355]]]},"properties":{"value":87.6127,"sigma":15.3357}},{"type":"Feature","geometry":{"type":"Polygon","coordinates":[[[-76.44,3.355],[-76.435,3.355],[-76.435,3.36],[-76.44,3.36],[-76.44,3.355]]]},"properties":{"value":87.6907,"sigma":16.0857}},{"type":"Feature","geometry":{"type":"Polygon","coordinates":[[[-76.43499999999999,3.355],[-76.42999999999999,3.355],[-76.42999999999999,3.36],[-76.43499999999999,3.36],[-76.43499999999999,3.355]]]},"properties":{"value":90.2058,"sigma":16.0604}},{"type":"Feature","geometry":{"type":"Polygon","coordinates":[[[-76.42999999999999,3.355],[-76.425,3.355],[-76.425,3.36],[-76.42999999999999,3.36],[-76.42999999999999,3.355]]]},"properties":{"value":86.5848,"sigma":16.7634}},{"type":"Feature","geometry":{"type":"Polygon","coordinates":[[[-76.425,3.355],[-76.42,3.355],[-76.42,3.36],[-76.425,3.36],[-76.425,3.355]]]},"properties":{"value":87.0462,"sigma":16.198}},{"type":"Feature","geometry":{"type":"Polygon","coordinates":[[[-76.41999999999999,3.355],[-76.41499999999999,3.355],[-76.41499999999999,3.36],[-76.41999999999999,3.36],[-76.41999999999999,3.355]]]},"properties":{"value":90.0595,"sigma":15.9856}},{"type":"Feature","geometry":{"type":"Polygon","coordinates":[[[-76.41499999999999,3.355],[-76.41,3.355],[-76.41,3.36],[-76.41499999999999,3.36],[-76.41499999999999,3.355]]]},"properties":{"value":85.5402,"sigma":16.7705}},{"type":"Feature","geometry":{"type":"Polygon","coordinates":[[[-76.41,3.355],[-76.405,3.355],[-76.405,3.36],[-76.41,3.36],[-76.41,3.355]]]},"properties":{"value":79.466,"sigma":17.7699}},{"type":"Feature","geometry":{"type":"Polygon","coordinates":[[[-76.40499999999999,3.355],[-76.39999999999999,3.355],[-76.39999999999999,3.36],[-76.40499999999999,3.36],[-76.40499999999999,3.355]]]},"properties":{"value":75.3883,"sigma":18.5243}},{"type":"Feature","geometry":{"type":"Polygon","coordinates":[[[-76.6,3.36],[-76.595,3.36],[-76.595,3.3649999999999998],[-76.6,3.3649999999999998],[-76.6,3.36]]]},"properties":{"value":66.936,"sigma":13.8825}},{"type":"Feature","geometry":{"type":"Polygon","coordinates":[[[-76.595,3.36],[-76.59,3.36],[-76.59,3.3649999999999998],[-76.595,3.3649999999999998],[-76.595,3.36]]]},"properties":{"value":64.9954,"sigma":14.3329}},{"type":"Feature","geometry":{"type":"Polygon","coordinates":[[[-76.58999999999999,3.36],[-76.585,3.36],[-76.585,3.3649999999999998],[-76.58999999999999,3.3649999999999998],[-76.58999999999999,3.36]]]},"properties":{"value":64.0915,"sigma":13.3191}},{"type":"Feature","geometry":{"type":"Polygon","coordinates":[[[-76.585,3.36],[-76.58,3.36],[-76.58,3.3649999999999998],[-76.585,3.3649999999999998],[-76.585,3.36]]]},"properties":{"value":63.1435,"sigma":12.5176}},{"type":"Feature","geometry":{"type":"Polygon","coordinates":[[[-76.58,3.36],[-76.575,3.36],[-76.575,3.3649999999999998],[-76.58,3.3649999999999998],[-76.58,3.36]]]},"properties":{"value":64.5186,"sigma":11.6118}},{"type":"Feature","geometry":{"type":"Polygon","coordinates":[[[-76.57499999999999,3.36],[-76.57,3.36],[-76.57,3.3649999999999998],[-76.57499999999999,3.3649999999999998],[-76.57499999999999,3.36]]]},"properties":{"value":66.597,"sigma":11.6288}},{"type":"Feature","geometry":{"type":"Polygon","coordinates":[[[-76.57,3.36],[-76.565,3.36],[-76.565,3.3649999999999998],[-76.57,3.3649999999999998],[-76.57,3.36]]]},"properties":{"value":70.2473,"sigma":10.8923}},{"type":"Feature","geometry":{"type":"Polygon","coordinates":[[[-76.565,3.36],[-76.56,3.36],[-76.56,3.3649999999999998],[-76.565,3.3649999999999998],[-76.565,3.36]]]},"properties":{"value":72.7713,"sigma":10.4535}},{"type":"Feature","geometry":{"type":"Polygon","coordinates":[[[-76.55999999999999,3.36],[-76.55499999999999,3.36],[-76.55499999999999,3.3649999999999998],[-76.55999999999999,3.3649999999999998],[-76.55999999999999,3.36]]]},"properties":{"value":72.9357,"sigma":10.189}},{"type":"Feature","geometry":{"type":"Polygon","coordinates":[[[-76.55499999999999,3.36],[-76.55,3.36],[-76.55,3.3649999999999998],[-76.55499999999999,3.3649999999999998],[-76.55499999999999,3.36]]]},"properties":{"value":76.6703,"sigma":8.9676}},{"type":"Feature","geometry":{"type":"Polygon","coordinates":[[[-76.55,3.36],[-76.545,3.36],[-76.545,3.3649999999999998],[-76.55,3.3649999999999998],[-76.55,3.36]]]},"properties":{"value":77.6641,"sigma":9.3968}},{"type":"Feature","geometry":{"type":"Polygon","coordinates":[[[-76.54499999999999,3.36],[-76.53999999999999,3.36],[-76.53999999999999,3.3649999999999998],[-76.54499999999999,3.3649999999999998],[-76.54499999999999,3.36]]]},"properties":{"value":83.3381,"sigma":8.1627}},{"type":"Feature","geometry":{"type":"Polygon","coordinates":[[[-76.53999999999999,3.36],[-76.535,3.36],[-76.535,3.3649999999999998],[-76.53999999999999,3.3649999999999998],[-76.53999999999999,3.36]]]},"properties":{"value":88.2015,"sigma":7.4695}},{"type":"Feature","geometry":{"type":"Polygon","coordinates":[[[-76.535,3.36],[-76.53,3.36],[-76.53,3.3649999999999998],[-76.535,3.3649999999999998],[-76.535,3.36]]]},"properties":{"value":86.9689,"sigma":8.4975}},{"type":"Feature","geometry":{"type":"Polygon","coordinates":[[[-76.52999999999999,3.36],[-76.52499999999999,3.36],[-76.52499999999999,3.3649999999999998],[-76.52999999999999,3.3649999999999998],[-76.52999999999999,3.36]]]},"properties":{"value":88.8452,"sigma":8.0472}},{"type":"Feature","geometry":{"type":"Polygon","coordinates":[[[-76.52499999999999,3.36],[-76.52,3.36],[-76.52,3.3649999999999998],[-76.52499999999999,3.3649999999999998],[-76.52499999999999,3.36]]]},"properties":{"value":88.9763,"sigma":9.1841}},{"type":"Feature","geometry":{"type":"Polygon","coordinates":[[[-76.52,3.36],[-76.515,3.36],[-76.515,3.3649999999999998],[-76.52,3.3649999999999998],[-76.52,3.36]]]},"properties":{"value":93.0688,"sigma":9.7138}},{"type":"Feature","geometry":{"type":"Polygon","coordinates":[[[-76.51499999999999,3.36],[-76.50999999999999,3.36],[-76.50999999999999,3.3649999999999998],[-76.51499999999999,3.3649999999999998],[-76.51499999999999,3.36]]]},"properties":{"value":93.6926,"sigma":11.0652}},{"type":"Feature","geometry":{"type":"Polygon","coordinates":[[[-76.50999999999999,3.36],[-76.505,3.36],[-76.505,3.3649999999999998],[-76.50999999999999,3.3649999999999998],[-76.50999999999999,3.36]]]},"properties":{"value":84.0106,"sigma":9.558}},{"type":"Feature","geometry":{"type":"Polygon","coordinates":[[[-76.505,3.36],[-76.5,3.36],[-76.5,3.3649999999999998],[-76.505,3.3649999999999998],[-76.505,3.36]]]},"properties":{"value":86.6205,"sigma":10.9232}},{"type":"Feature","geometry":{"type":"Polygon","coordinates":[[[-76.49999999999999,3.36],[-76.49499999999999,3.36],[-76.49499999999999,3.3649999999999998],[-76.49999999999999,3.3649999999999998],[-76.49999999999999,3.36]]]},"properties":{"value":89.0316,"sigma":12.2346}},{"type":"Feature","geometry":{"type":"Polygon","coordinates":[[[-76.49499999999999,3.36],[-76.49,3.36],[-76.49,3.3649999999999998],[-76.49499999999999,3.3649999999999998],[-76.49499999999999,3.36]]]},"properties":{"value":87.17,"sigma":12.3967}},{"type":"Feature","geometry":{"type":"Polygon","coordinates":[[[-76.49,3.36],[-76.485,3.36],[-76.485,3.3649999999999998],[-76.49,3.3649999999999998],[-76.49,3.36]]]},"properties":{"value":84.071,"sigma":12.6371}},{"type":"Feature","geometry":{"type":"Polygon","coordinates":[[[-76.48499999999999,3.36],[-76.47999999999999,3.36],[-76.47999999999999,3.3649999999999998],[-76.48499999999999,3.3649999999999998],[-76.48499999999999,3.36]]]},"properties":{"value":90.5697,"sigma":13.5299}},{"type":"Feature","geometry":{"type":"Polygon","coordinates":[[[-76.47999999999999,3.36],[-76.475,3.36],[-76.475,3.3649999999999998],[-76.47999999999999,3.3649999999999998],[-76.47999999999999,3.36]]]},"properties":{"value":88.1782,"sigma":13.8555}},{"type":"Feature","geometry":{"type":"Polygon","coordinates":[[[-76.475,3.36],[-76.47,3.36],[-76.47,3.3649999999999998],[-76.475,3.3649999999999998],[-76.475,3.36]]]},"properties":{"value":89.4242,"sigma":13.5261}},{"type":"Feature","geometry":{"type":"Polygon","coordinates":[[[-76.47,3.36],[-76.465,3.36],[-76.465,3.3649999999999998],[-76.47,3.3649999999999998],[-76.47,3.36]]]},"properties":{"value":84.7532,"sigma":14.4233}},{"type":"Feature","geometry":{"type":"Polygon","coordinates":[[[-76.46499999999999,3.36],[-76.46,3.36],[-76.46,3.3649999999999998],[-76.46499999999999,3.3649999999999998],[-76.46499999999999,3.36]]]},"properties":{"value":83.6367,"sigma":13.5619}},{"type":"Feature","geometry":{"type":"Polygon","coordinates":[[[-76.46,3.36],[-76.455,3.36],[-76.455,3.3649999999999998],[-76.46,3.3649999999999998],[-76.46,3.36]]]},"properties":{"value":83.4673,"sigma":14.0092}},{"type":"Feature","geometry":{"type":"Polygon","coordinates":[[[-76.455,3.36],[-76.45,3.36],[-76.45,3.3649999999999998],[-76.455,3.3649999999999998],[-76.455,3.36]]]},"properties":{"value":81.7764,"sigma":15.2827}},{"type":"Feature","geometry":{"type":"Polygon","coordinates":[[[-76.44999999999999,3.36],[-76.445,3.36],[-76.445,3.3649999999999998],[-76.44999999999999,3.3649999999999998],[-76.44999999999999,3.36]]]},"properties":{"value":85.604,"sigma":15.2733}},{"type":"Feature","geometry":{"type":"Polygon","coordinates":[[[-76.445,3.36],[-76.44,3.36],[-76.44,3.3649999999999998],[-76.445,3.3649999999999998],[-76.445,3.36]]]},"properties":{"value":84.1494,"sigma":14.7445}},{"type":"Feature","geometry":{"type":"Polygon","coordinates":[[[-76.44,3.36],[-76.435,3.36],[-76.435,3.3649999999999998],[-76.44,3.3649999999999998],[-76.44,3.36]]]},"properties":{"value":85.2018,"sigma":15.0964}},{"type":"Feature","geometry":{"type":"Polygon","coordinates":[[[-76.43499999999999,3.36],[-76.42999999999999,3.36],[-76.42999999999999,3.3649999999999998],[-76.43499999999999,3.3649999999999998],[-76.43499999999999,3.36]]]},"properties":{"value":86.2111,"sigma":15.3849}},{"type":"Feature","geometry":{"type":"Polygon","coordinates":[[[-76.42999999999999,3.36],[-76.425,3.36],[-76.425,3.3649999999999998],[-76.42999999999999,3.3649999999999998],[-76.42999999999999,3.36]]]},"properties":{"value":85.9297,"sigma":16.7761}},{"type":"Feature","geometry":{"type":"Polygon","coordinates":[[[-76.425,3.36],[-76.42,3.36],[-76.42,3.3649999999999998],[-76.425,3.3649999999999998],[-76.425,3.36]]]},"properties":{"value":87.7273,"sigma":16.1098}},{"type":"Feature","geometry":{"type":"Polygon","coordinates":[[[-76.41999999999999,3.36],[-76.41499999999999,3.36],[-76.41499999999999,3.3649999999999998],[-76.41999999999999,3.3649999999999998],[-76.41999999999999,3.36]]]},"properties":{"value":88.5374,"sigma":15.7471}},{"type":"Feature","geometry":{"type":"Polygon","coordinates":[[[-76.41499999999999,3.36],[-76.41,3.36],[-76.41,3.3649999999999998],[-76.41499999999999,3.3649999999999998],[-76.41499999999999,3.36]]]},"properties":{"value":84.8888,"sigma":16.54}},{"type":"Feature","geometry":{"type":"Polygon","coordinates":[[[-76.41,3.36],[-76.405,3.36],[-76.405,3.3649999999999998],[-76.41,3.3649999999999998],[-76.41,3.36]]]},"properties":{"value":78.4989,"sigma":17.8257}},{"type":"Feature","geometry":{"type":"Polygon","coordinates":[[[-76.40499999999999,3.36],[-76.39999999999999,3.36],[-76.39999999999999,3.3649999999999998],[-76.40499999999999,3.3649999999999998],[-76.40499999999999,3.36]]]},"properties":{"value":76.8884,"sigma":17.6849}},{"type":"Feature","geometry":{"type":"Polygon","coordinates":[[[-76.6,3.3649999999999998],[-76.595,3.3649999999999998],[-76.595,3.3699999999999997],[-76.6,3.3699999999999997],[-76.6,3.3649999999999998]]]},"properties":{"value":62.9235,"sigma":14.1227}},{"type":"Feature","geometry":{"type":"Polygon","coordinates":[[[-76.595,3.3649999999999998],[-76.59,3.3649999999999998],[-76.59,3.3699999999999997],[-76.595,3.3699999999999997],[-76.595,3.3649999999999998]]]},"properties":{"value":65.1033,"sigma":14.4888}},{"type":"Feature","geometry":{"type":"Polygon","coordinates":[[[-76.58999999999999,3.3649999999999998],[-76.585,3.3649999999999998],[-76.585,3.3699999999999997],[-76.58999999999999,3.3699999999999997],[-76.58999999999999,3.3649999999999998]]]},"properties":{"value":66.4274,"sigma":13.253}},{"type":"Feature","geometry":{"type":"Polygon","coordinates":[[[-76.585,3.3649999999999998],[-76.58,3.3649999999999998],[-76.58,3.3699999999999997],[-76.585,3.3699999999999997],[-76.585,3.3649999999999998]]]},"properties":{"value":65.7034,"sigma":12.5853}},{"type":"Feature","geometry":{"type":"Polygon","coordinates":[[[-76.58,3.3649999999999998],[-76.575,3.3649999999999998],[-76.575,3.3699999999999997],[-76.58,3.3699999999999997],[-76.58,3.3649999999999998]]]},"properties":{"value":65.4429,"sigma":12.4027}},{"type":"Feature","geometry":{"type":"Polygon","coordinates":[[[-76.57499999999999,3.3649999999999998],[-76.57,3.3649999999999998],[-76.57,3.3699999999999997],[-76.57499999999999,3.3699999999999997],[-76.57499999999999,3.3649999999999998]]]},"properties":{"value":65.7319,"sigma":11.2857}},{"type":"Feature","geometry":{"type":"Polygon","coordinates":[[[-76.57,3.3649999999999998],[-76.565,3.3649999999999998],[-76.565,3.3699999999999997],[-76.57,3.3699999999999997],[-76.57,3.3649999999999998]]]},"properties":{"value":71.6314,"sigma":11.2452}},{"type":"Feature","geometry":{"type":"Polygon","coordinates":[[[-76.565,3.3649999999999998],[-76.56,3.3649999999999998],[-76.56,3.3699999999999997],[-76.565,3.3699999999999997],[-76.565,3.3649999999999998]]]},"properties":{"value":73.0004,"sigma":10.1335}},{"type":"Feature","geometry":{"type":"Polygon","coordinates":[[[-76.55999999999999,3.3649999999999998],[-76.55499999999999,3.3649999999999998],[-76.55499999999999,3.3699999999999997],[-76.55999999999999,3.3699999999999997],[-76.55999999999999,3.3649999999999998]]]},"properties":{"value":74.3828,"sigma":8.7691}},{"type":"Feature","geometry":{"type":"Polygon","coordinates":[[[-76.55499999999999,3.3649999999999998],[-76.55,3.3649999999999998],[-76.55,3.3699999999999997],[-76.55499999999999,3.3699999999999997],[-76.55499999999999,3.3649999999999998]]]},"properties":{"value":78.5547,"sigma":9.3326}},{"type":"Feature","geometry":{"type":"Polygon","coordinates":[[[-76.55,3.3649999999999998],[-76.545,3.3649999999999998],[-76.545,3.3699999999999997],[-76.55,3.3699999999999997],[-76.55,3.3649999999999998]]]},"properties":{"value":76.4563,"sigma":8.285}},{"type":"Feature","geometry":{"type":"Polygon","coordinates":[[[-76.54499999999999,3.3649999999999998],[-76.53999999999999,3.3649999999999998],[-76.53999999999999,3.3699999999999997],[-76.54499999999999,3.3699999999999997],[-76.54499999999999,3.3649999999999998]]]},"properties":{"value":83.8062,"sigma":9.153}},{"type":"Feature","geometry":{"type":"Polygon","coordinates":[[[-76.53999999999999,3.3649999999999998],[-76.535,3.3649999999999998],[-76.535,3.3699999999999997],[-76.53999999999999,3.3699999999999997],[-76.53999999999999,3.3649999999999998]]]},"properties":{"value":86.6706,"sigma":9.0168}},{"type":"Feature","geometry":{"type":"Polygon","coordinates":[[[-76.535,3.3649999999999998],[-76.53,3.3649999999999998],[-76.53,3.3699999999999997],[-76.535,3.3699999999999997],[-76.535,3.3649999999999998]]]},"properties":{"value":87.9557,"sigma":7.2161}},{"type":"Feature","geometry":{"type":"Polygon","coordinates":[[[-76.52999999999999,3.3649999999999998],[-76.52499999999999,3.3649999999999998],[-76.52499999999999,3.3699999999999997],[-76.52999999999999,3.3699999999999997],[-76.52999999999999,3.3649999999999998]]]},"properties":{"value":89.1088,"sigma":8.3822}},{"type":"Feature","geometry":{"type":"Polygon","coordinates":[[[-76.52499999999999,3.3649999999999998],[-76.52,3.3649999999999998],[-76.52,3.3699999999999997],[-76.52499999999999,3.3699999999999997],[-76.52499999999999,3.3649999999999998]]]},"properties":{"value":89.1776,"sigma":8.4855}},{"type":"Feature","geometry":{"type":"Polygon","coordinates":[[[-76.52,3.3649999999999998],[-76.515,3.3649999999999998],[-76.515,3.3699999999999997],[-76.52,3.3699999999999997],[-76.52,3.3649999999999998]]]},"properties":{"value":91.5666,"sigma":8.9965}},{"type":"Feature","geometry":{"type":"Polygon","coordinates":[[[-76.51499999999999,3.3649999999999998],[-76.50999999999999,3.3649999999999998],[-76.50999999999999,3.3699999999999997],[-76.51499999999999,3.3699999999999997],[-76.51499999999999,3.3649999999999998]]]},"properties":{"value":91.7275,"sigma":9.2921}},{"type":"Feature","geometry":{"type":"Polygon","coordinates":[[[-76.50999999999999,3.3649999999999998],[-76.505,3.3649999999999998],[-76.505,3.3699999999999997],[-76.50999999999999,3.3699999999999997],[-76.50999999999999,3.3649999999999998]]]},"properties":{"value":88.7266,"sigma":8.7457}},{"type":"Feature","geometry":{"type":"Polygon","coordinates":[[[-76.505,3.3649999999999998],[-76.5,3.3649999999999998],[-76.5,3.3699999999999997],[-76.505,3.3699999999999997],[-76.505,3.3649999999999998]]]},"properties":{"value":83.7239,"sigma":9.7746}},{"type":"Feature","geometry":{"type":"Polygon","coordinates":[[[-76.49999999999999,3.3649999999999998],[-76.49499999999999,3.3649999999999998],[-76.49499999999999,3.3699999999999997],[-76.49999999999999,3.3699999999999997],[-76.49999999999999,3.3649999999999998]]]},"properties":{"value":86.4777,"sigma":10.3165}},{"type":"Feature","geometry":{"type":"Polygon","coordinates":[[[-76.49499999999999,3.3649999999999998],[-76.49,3.3649999999999998],[-76.49,3.3699999999999997],[-76.49499999999999,3.3699999999999997],[-76.49499999999999,3.3649999999999998]]]},"properties":{"value":84.8002,"sigma":10.4364}},{"type":"Feature","geometry":{"type":"Polygon","coordinates":[[[-76.49,3.3649999999999998],[-76.485,3.3649999999999998],[-76.485,3.3699999999999997],[-76.49,3.3699999999999997],[-76.49,3.3649999999999998]]]},"properties":{"value":83.8355,"sigma":12.4278}},{"type":"Feature","geometry":{"type":"Polygon","coordinates":[[[-76.48499999999999,3.3649999999999998],[-76.47999999999999,3.3649999999999998],[-76.47999999999999,3.3699999999999997],[-76.48499999999999,3.3699999999999997],[-76.48499999999999,3.3649999999999998]]]},"properties":{"value":86.86,"sigma":12.8357}},{"type":"Feature","geometry":{"type":"Polygon","coordinates":[[[-76.47999999999999,3.3649999999999998],[-76.475,3.3649999999999998],[-76.475,3.3699999999999997],[-76.47999999999999,3.3699999999999997],[-76.47999999999999,3.3649999999999998]]]},"properties":{"value":86.2,"sigma":11.7661}},{"type":"Feature","geometry":{"type":"Polygon","coordinates":[[[-76.475,3.3649999999999998],[-76.47,3.3649999999999998],[-76.47,3.3699999999999997],[-76.475,3.3699999999999997],[-76.475,3.3649999999999998]]]},"properties":{"value":86.7354,"sigma":12.3526}},{"type":"Feature","geometry":{"type":"Polygon","coordinates":[[[-76.47,3.3649999999999998],[-76.465,3.3649999999999998],[-76.465,3.3699999999999997],[-76.47,3.3699999999999997],[-76.47,3.3649999999999998]]]},"properties":{"value":82.2628,"sigma":13.7538}},{"type":"Feature","geometry":{"type":"Polygon","coordinates":[[[-76.46499999999999,3.3649999999999998],[-76.46,3.3649999999999998],[-76.46,3.3699999999999997],[-76.46499999999999,3.3699999999999997],[-76.46499999999999,3.3649999999999998]]]},"properties":{"value":84.1335,"sigma":14.2681}},{"type":"Feature","geometry":{"type":"Polygon","coordinates":[[[-76.46,3.3649999999999998],[-76.455,3.3649999999999998],[-76.455,3.3699999999999997],[-76.46,3.3699999999999997],[-76.46,3.3649999999999998]]]},"properties":{"value":81.7869,"sigma":12.9652}},{"type":"Feature","geometry":{"type":"Polygon","coordinates":[[[-76.455,3.3649999999999998],[-76.45,3.3649999999999998],[-76.45,3.3699999999999997],[-76.455,3.3699999999999997],[-76.455,3.3649999999999998]]]},"properties":{"value":83.2397,"sigma":13.156}},{"type":"Feature","geometry":{"type":"Polygon","coordinates":[[[-76.44999999999999,3.3649999999999998],[-76.445,3.3649999999999998],[-76.445,3.3699999999999997],[-76.44999999999999,3.3699999999999997],[-76.44999999999999,3.3649999999999998]]]},"properties":{"value":78.0279,"sigma":13.6841}},{"type":"Feature","geometry":{"type":"Polygon","coordinates":[[[-76.445,3.3649999999999998],[-76.44,3.3649999999999998],[-76.44,3.3699999999999997],[-76.445,3.3699999999999997],[-76.445,3.3649999999999998]]]},"properties":{"value":82.1219,"sigma":14.2051}},{"type":"Feature","geometry":{"type":"Polygon","coordinates":[[[-76.44,3.3649999999999998],[-76.435,3.3649999999999998],[-76.435,3.3699999999999997],[-76.44,3.3699999999999997],[-76.44,3.3649999999999998]]]},"properties":{"value":82.7836,"sigma":14.9852}},{"type":"Feature","geometry":{"type":"Polygon","coordinates":[[[-76.43499999999999,3.3649999999999998],[-76.42999999999999,3.3649999999999998],[-76.42999999999999,3.3699999999999997],[-76.43499999999999,3.3699999999999997],[-76.43499999999999,3.3649999999999998]]]},"properties":{"value":83.7543,"sigma":14.8203}},{"type":"Feature","geometry":{"type":"Polygon","coordinates":[[[-76.42999999999999,3.3649999999999998],[-76.425,3.3649999999999998],[-76.425,3.3699999999999997],[-76.42999999999999,3.3699999999999997],[-76.42999999999999,3.3649999999999998]]]},"properties":{"value":83.028,"sigma":15.5934}},{"type":"Feature","geometry":{"type":"Polygon","coordinates":[[[-76.425,3.3649999999999998],[-76.42,3.3649999999999998],[-76.42,3.3699999999999997],[-76.425,3.3699999999999997],[-76.425,3.3649999999999998]]]},"properties":{"value":86.8988,"sigma":15.6671}},{"type":"Feature","geometry":{"type":"Polygon","coordinates":[[[-76.41999999999999,3.3649999999999998],[-76.41499999999999,3.3649999999999998],[-76.41499999999999,3.3699999999999997],[-76.41999999999999,3.3699999999999997],[-76.41999999999999,3.3649999999999998]]]},"properties":{"value":82.8327,"sigma":15.4194}},{"type":"Feature","geometry":{"type":"Polygon","coordinates":[[[-76.41499999999999,3.3649999999999998],[-76.41,3.3649999999999998],[-76.41,3.3699999999999997],[-76.41499999999999,3.3699999999999997],[-76.41499999999999,3.3649999999999998]]]},"properties":{"value":76.9631,"sigma":16.2509}},{"type":"Feature","geometry":{"type":"Polygon","coordinates":[[[-76.41,3.3649999999999998],[-76.405,3.3649999999999998],[-76.405,3.3699999999999997],[-76.41,3.3699999999999997],[-76.41,3.3649999999999998]]]},"properties":{"value":77.2028,"sigma":16.9709}},{"type":"Feature","geometry":{"type":"Polygon","coordinates":[[[-76.40499999999999,3.3649999999999998],[-76.39999999999999,3.3649999999999998],[-76.39999999999999,3.3699999999999997],[-76.40499999999999,3.3699999999999997],[-76.40499999999999,3.3649999999999998]]]},"properties":{"value":74.4932,"sigma":17.4743}},{"type":"Feature","geometry":{"type":"Polygon","coordinates":[[[-76.6,3.3699999999999997],[-76.595,3.3699999999999997],[-76.595,3.3749999999999996],[-76.6,3.3749999999999996],[-76.6,3.3699999999999997]]]},"properties":{"value":62.7148,"sigma":14.4597}},{"type":"Feature","geometry":{"type":"Polygon","coordinates":[[[-76.595,3.3699999999999997],[-76.59,3.3699999999999997],[-76.59,3.3749999999999996],[-76.595,3.3749999999999996],[-76.595,3.3699999999999997]]]},"properties":{"value":64.7197,"sigma":13.7298}},{"type":"Feature","geometry":{"type":"Polygon","coordinates":[[[-76.58999999999999,3.3699999999999997],[-76.585,3.3699999999999997],[-76.585,3.3749999999999996],[-76.58999999999999,3.3749999999999996],[-76.58999999999999,3.3699999999999997]]]},"properties":{"value":67.408,"sigma":11.9447}},{"type":"Feature","geometry":{"type":"Polygon","coordinates":[[[-76.585,3.3699999999999997],[-76.58,3.3699999999999997],[-76.58,3.3749999999999996],[-76.585,3.3749999999999996],[-76.585,3.3699999999999997]]]},"properties":{"value":66.9149,"sigma":12.4123}},{"type":"Feature","geometry":{"type":"Polygon","coordinates":[[[-76.58,3.3699999999999997],[-76.575,3.3699999999999997],[-76.575,3.3749999999999996],[-76.58,3.3749999999999996],[-76.58,3.3699999999999997]]]},"properties":{"value":68.9729,"sigma":11.499}},{"type":"Feature","geometry":{"type":"Polygon","coordinates":[[[-76.57499999999999,3.3699999999999997],[-76.57,3.3699999999999997],[-76.57,3.3749999999999996],[-76.57499999999999,3.3749999999999996],[-76.57499999999999,3.3699999999999997]]]},"properties":{"value":66.0256,"sigma":10.8616}},{"type":"Feature","geometry":{"type":"Polygon","coordinates":[[[-76.57,3.3699999999999997],[-76.565,3.3699999999999997],[-76.565,3.3749999999999996],[-76.57,3.3749999999999996],[-76.57,3.3699999999999997]]]},"properties":{"value":70.1424,"sigma":11.8934}},{"type":"Feature","geometry":{"type":"Polygon","coordinates":[[[-76.565,3.3699999999999997],[-76.56,3.3699999999999997],[-76.56,3.3749999999999996],[-76.565,3.3749999999999996],[-76.565,3.3699999999999997]]]},"properties":{"value":69.6503,"sigma":10.005}},{"type":"Feature","geometry":{"type":"Polygon","coordinates":[[[-76.55999999999999,3.3699999999999997],[-76.55499999999999,3.3699999999999997],[-76.55499999999999,3.3749999999999996],[-76.55999999999999,3.3749999999999996],[-76.55999999999999,3.3699999999999997]]]},"properties":{"value":72.2176,"sigma":9.8205}},{"type":"Feature","geometry":{"type":"Polygon","coordinates":[[[-76.55499999999999,3.3699999999999997],[-76.55,3.3699999999999997],[-76.55,3.3749999999999996],[-76.55499999999999,3.3749999999999996],[-76.55499999999999,3.3699999999999997]]]},"properties":{"value":74.421,"sigma":8.2345}},{"type":"Feature","geometry":{"type":"Polygon","coordinates":[[[-76.55,3.3699999999999997],[-76.545,3.3699999999999997],[-76.545,3.3749999999999996],[-76.55,3.3749999999999996],[-76.55,3.3699999999999997]]]},"properties":{"value":79.6166,"sigma":7.9758}},{"type":"Feature","geometry":{"type":"Polygon","coordinates":[[[-76.54499999999999,3.3699999999999997],[-76.53999999999999,3.3699999999999997],[-76.53999999999999,3.3749999999999996],[-76.54499999999999,3.3749999999999996],[-76.54499999999999,3.3699999999999997]]]},"properties":{"value":76.2996,"sigma":7.4297}},{"type":"Feature","geometry":{"type":"Polygon","coordinates":[[[-76.53999999999999,3.3699999999999997],[-76.535,3.3699999999999997],[-76.535,3.3749999999999996],[-76.53999999999999,3.3749999999999996],[-76.53999999999999,3.3699999999999997]]]},"properties":{"value":82.732,"sigma":7.6992}},{"type":"Feature","geometry":{"type":"Polygon","coordinates":[[[-76.535,3.3699999999999997],[-76.53,3.3699999999999997],[-76.53,3.3749999999999996],[-76.535,3.3749999999999996],[-76.535,3.3699999999999997]]]},"properties":{"value":85.2572,"sigma":7.2886}},{"type":"Feature","geometry":{"type":"Polygon","coordinates":[[[-76.52999999999999,3.3699999999999997],[-76.52499999999999,3.3699999999999997],[-76.52499999999999,3.3749999999999996],[-76.52999999999999,3.3749999999999996],[-76.52999999999999,3.3699999999999997]]]},"properties":{"value":84.8324,"sigma":7.0144}},{"type":"Feature","geometry":{"type":"Polygon","coordinates":[[[-76.52499999999999,3.3699999999999997],[-76.52,3.3699999999999997],[-76.52,3.3749999999999996],[-76.52499999999999,3.3749999999999996],[-76.52499999999999,3.3699999999999997]]]},"properties":{"value":88.1449,"sigma":8.0015}},{"type":"Feature","geometry":{"type":"Polygon","coordinates":[[[-76.52,3.3699999999999997],[-76.515,3.3699999999999997],[-76.515,3.3749999999999996],[-76.52,3.3749999999999996],[-76.52,3.3699999999999997]]]},"properties":{"value":90.4175,"sigma":7.6728}},{"type":"Feature","geometry":{"type":"Polygon","coordinates":[[[-76.51499999999999,3.3699999999999997],[-76.50999999999999,3.3699999999999997],[-76.50999999999999,3.3749999999999996],[-76.51499999999999,3.3749999999999996],[-76.51499999999999,3.3699999999999997]]]},"properties":{"value":88.3308,"sigma":8.6612}},{"type":"Feature","geometry":{"type":"Polygon","coordinates":[[[-76.50999999999999,3.3699999999999997],[-76.505,3.3699999999999997],[-76.505,3.3749999999999996],[-76.50999999999999,3.3749999999999996],[-76.50999999999999,3.3699999999999997]]]},"properties":{"value":81.0507,"sigma":9.3056}},{"type":"Feature","geometry":{"type":"Polygon","coordinates":[[[-76.505,3.3699999999999997],[-76.5,3.3699999999999997],[-76.5,3.3749999999999996],[-76.505,3.3749999999999996],[-76.505,3.3699999999999997]]]},"properties":{"value":84.1899,"sigma":10.7876}},{"type":"Feature","geometry":{"type":"Polygon","coordinates":[[[-76.49999999999999,3.3699999999999997],[-76.49499999999999,3.3699999999999997],[-76.49499999999999,3.3749999999999996],[-76.49999999999999,3.3749999999999996],[-76.49999999999999,3.3699999999999997]]]},"properties":{"value":83.0614,"sigma":11.1232}},{"type":"Feature","geometry":{"type":"Polygon","coordinates":[[[-76.49499999999999,3.3699999999999997],[-76.49,3.3699999999999997],[-76.49,3.3749999999999996],[-76.49499999999999,3.3749999999999996],[-76.49499999999999,3.3699999999999997]]]},"properties":{"value":82.4496,"sigma":11.2408}},{"type":"Feature","geometry":{"type":"Polygon","coordinates":[[[-76.49,3.3699999999999997],[-76.485,3.3699999999999997],[-76.485,3.3749999999999996],[-76.49,3.3749999999999996],[-76.49,3.3699999999999997]]]},"properties":{"value":85.0472,"sigma":12.0642}},{"type":"Feature","geometry":{"type":"Polygon","coordinates":[[[-76.48499999999999,3.3699999999999997],[-76.47999999999999,3.3699999999999997],[-76.47999999999999,3.3749999999999996],[-76.48499999999999,3.3749999999999996],[-76.48499999999999,3.3699999999999997]]]},"properties":{"value":80.5799,"sigma":12.4469}},{"type":"Feature","geometry":{"type":"Polygon","coordinates":[[[-76.47999999999999,3.3699999999999997],[-76.475,3.3699999999999997],[-76.475,3.3749999999999996],[-76.47999999999999,3.3749999999999996],[-76.47999999999999,3.3699999999999997]]]},"properties":{"value":83.4012,"sigma":12.9188}},{"type":"Feature","geometry":{"type":"Polygon","coordinates":[[[-76.475,3.3699999999999997],[-76.47,3.3699999999999997],[-76.47,3.3749999999999996],[-76.475,3.3749999999999996],[-76.475,3.3699999999999997]]]},"properties":{"value":85.4317,"sigma":13.4863}},{"type":"Feature","geometry":{"type":"Polygon","coordinates":[[[-76.47,3.3699999999999997],[-76.465,3.3699999999999997],[-76.465,3.3749999999999996],[-76.47,3.3749999999999996],[-76.47,3.3699999999999997]]]},"properties":{"value":78.4751,"sigma":12.2831}},{"type":"Feature","geometry":{"type":"Polygon","coordinates":[[[-76.46499999999999,3.3699999999999997],[-76.46,3.3699999999999997],[-76.46,3.3749999999999996],[-76.46499999999999,3.3749999999999996],[-76.46499999999999,3.3699999999999997]]]},"properties":{"value":80.1297,"sigma":13.0562}},{"type":"Feature","geometry":{"type":"Polygon","coordinates":[[[-76.46,3.3699999999999997],[-76.455,3.3699999999999997],[-76.455,3.3749999999999996],[-76.46,3.3749999999999996],[-76.46,3.3699999999999997]]]},"properties":{"value":80.9697,"sigma":13.1178}},{"type":"Feature","geometry":{"type":"Polygon","coordinates":[[[-76.455,3.3699999999999997],[-76.45,3.3699999999999997],[-76.45,3.3749999999999996],[-76.455,3.3749999999999996],[-76.455,3.3699999999999997]]]},"properties":{"value":78.3665,"sigma":13.2655}},{"type":"Feature","geometry":{"type":"Polygon","coordinates":[[[-76.44999999999999,3.3699999999999997],[-76.445,3.3699999999999997],[-76.445,3.3749999999999996],[-76.44999999999999,3.3749999999999996],[-76.44999999999999,3.3699999999999997]]]},"properties":{"value":78.6415,"sigma":13.8414}},{"type":"Feature","geometry":{"type":"Polygon","coordinates":[[[-76.445,3.3699999999999997],[-76.44,3.3699999999999997],[-76.44,3.3749999999999996],[-76.445,3.3749999999999996],[-76.445,3.3699999999999997]]]},"properties":{"value":80.8772,"sigma":12.8956}},{"type":"Feature","geometry":{"type":"Polygon","coordinates":[[[-76.44,3.3699999999999997],[-76.435,3.3699999999999997],[-76.435,3.3749999999999996],[-76.44,3.3749999999999996],[-76.44,3.3699999999999997]]]},"properties":{"value":83.3762,"sigma":14.275}},{"type":"Feature","geometry":{"type":"Polygon","coordinates":[[[-76.43499999999999,3.3699999999999997],[-76.42999999999999,3.3699999999999997],[-76.42999999999999,3.3749999999999996],[-76.43499999999999,3.3749999999999996],[-76.43499999999999,3.3699999999999997]]]},"properties":{"value":80.6675,"sigma":13.8857}},{"type":"Feature","geometry":{"type":"Polygon","coordinates":[[[-76.42999999999999,3.3699999999999997],[-76.425,3.3699999999999997],[-76.425,3.3749999999999996],[-76.42999999999999,3.3749999999999996],[-76.42999999999999,3.3699999999999997]]]},"properties":{"value":82.2119,"sigma":14.701}},{"type":"Feature","geometry":{"type":"Polygon","coordinates":[[[-76.425,3.3699999999999997],[-76.42,3.3699999999999997],[-76.42,3.3749999999999996],[-76.425,3.3749999999999996],[-76.425,3.3699999999999997]]]},"properties":{"value":80.9992,"sigma":15.9182}},{"type":"Feature","geometry":{"type":"Polygon","coordinates":[[[-76.41999999999999,3.3699999999999997],[-76.41499999999999,3.3699999999999997],[-76.41499999999999,3.3749999999999996],[-76.41999999999999,3.3749999999999996],[-76.41999999999999,3.3699999999999997]]]},"properties":{"value":78.7634,"sigma":14.706}},{"type":"Feature","geometry":{"type":"Polygon","coordinates":[[[-76.41499999999999,3.3699999999999997],[-76.41,3.3699999999999997],[-76.41,3.3749999999999996],[-76.41499999999999,3.3749999999999996],[-76.41499999999999,3.3699999999999997]]]},"properties":{"value":75.1974,"sigma":15.538}},{"type":"Feature","geometry":{"type":"Polygon","coordinates":[[[-76.41,3.3699999999999997],[-76.405,3.3699999999999997],[-76.405,3.3749999999999996],[-76.41,3.3749999999999996],[-76.41,3.3699999999999997]]]},"properties":{"value":75.8631,"sigma":16.5184}},{"type":"Feature","geometry":{"type":"Polygon","coordinates":[[[-76.40499999999999,3.3699999999999997],[-76.39999999999999,3.3699999999999997],[-76.39999999999999,3.3749999999999996],[-76.40499999999999,3.3749999999999996],[-76.40499999999999,3.3699999999999997]]]},"properties":{"value":73.7037,"sigma":16.8686}},{"type":"Feature","geometry":{"type":"Polygon","coordinates":[[[-76.6,3.375],[-76.595,3.375],[-76.595,3.38],[-76.6,3.38],[-76.6,3.375]]]},"properties":{"value":64.6152,"sigma":14.7369}},{"type":"Feature","geometry":{"type":"Polygon","coordinates":[[[-76.595,3.375],[-76.59,3.375],[-76.59,3.38],[-76.595,3.38],[-76.595,3.375]]]},"properties":{"value":65.3643,"sigma":13.6365}},{"type":"Feature","geometry":{"type":"Polygon","coordinates":[[[-76.58999999999999,3.375],[-76.585,3.375],[-76.585,3.38],[-76.58999999999999,3.38],[-76.58999999999999,3.375]]]},"properties":{"value":66.254,"sigma":12.9395}},{"type":"Feature","geometry":{"type":"Polygon","coordinates":[[[-76.585,3.375],[-76.58,3.375],[-76.58,3.38],[-76.585,3.38],[-76.585,3.375]]]},"properties":{"value":66.4897,"sigma":12.4534}},{"type":"Feature","geometry":{"type":"Polygon","coordinates":[[[-76.58,3.375],[-76.575,3.375],[-76.575,3.38],[-76.58,3.38],[-76.58,3.375]]]},"properties":{"value":64.1518,"sigma":12.2344}},{"type":"Feature","geometry":{"type":"Polygon","coordinates":[[[-76.57499999999999,3.375],[-76.57,3.375],[-76.57,3.38],[-76.57499999999999,3.38],[-76.57499999999999,3.375]]]},"properties":{"value":68.6252,"sigma":11.6951}},{"type":"Feature","geometry":{"type":"Polygon","coordinates":[[[-76.57,3.375],[-76.565,3.375],[-76.565,3.38],[-76.57,3.38],[-76.57,3.375]]]},"properties":{"value":66.1692,"sigma":11.9059}},{"type":"Feature","geometry":{"type":"Polygon","coordinates":[[[-76.565,3.375],[-76.56,3.375],[-76.56,3.38],[-76.565,3.38],[-76.565,3.375]]]},"properties":{"value":72.7587,"sigma":9.9871}},{"type":"Feature","geometry":{"type":"Polygon","coordinates":[[[-76.55999999999999,3.375],[-76.55499999999999,3.375],[-76.55499999999999,3.38],[-76.55999999999999,3.38],[-76.55999999999999,3.375]]]},"properties":{"value":70.2671,"sigma":9.0586}},{"type":"Feature","geometry":{"type":"Polygon","coordinates":[[[-76.55499999999999,3.375],[-76.55,3.375],[-76.55,3.38],[-76.55499999999999,3.38],[-76.55499999999999,3.375]]]},"properties":{"value":71.7744,"sigma":9.0631}},{"type":"Feature","geometry":{"type":"Polygon","coordinates":[[[-76.55,3.375],[-76.545,3.375],[-76.545,3.38],[-76.55,3.38],[-76.55,3.375]]]},"properties":{"value":75.7867,"sigma":7.8211}},{"type":"Feature","geometry":{"type":"Polygon","coordinates":[[[-76.54499999999999,3.375],[-76.53999999999999,3.375],[-76.53999999999999,3.38],[-76.54499999999999,3.38],[-76.54499999999999,3.375]]]},"properties":{"value":76.3949,"sigma":7.1811}},{"type":"Feature","geometry":{"type":"Polygon","coordinates":[[[-76.53999999999999,3.375],[-76.535,3.375],[-76.535,3.38],[-76.53999999999999,3.38],[-76.53999999999999,3.375]]]},"properties":{"value":79.6297,"sigma":6.1287}},{"type":"Feature","geometry":{"type":"Polygon","coordinates":[[[-76.535,3.375],[-76.53,3.375],[-76.53,3.38],[-76.535,3.38],[-76.535,3.375]]]},"properties":{"value":80.1095,"sigma":5.9998}},{"type":"Feature","geometry":{"type":"Polygon","coordinates":[[[-76.52999999999999,3.375],[-76.52499999999999,3.375],[-76.52499999999999,3.38],[-76.52999999999999,3.38],[-76.52999999999999,3.375]]]},"properties":{"value":83.0868,"sigma":7.1722}},{"type":"Feature","geometry":{"type":"Polygon","coordinates":[[[-76.52499999999999,3.375],[-76.52,3.375],[-76.52,3.38],[-76.52499999999999,3.38],[-76.52499999999999,3.375]]]},"properties":{"value":83.7828,"sigma":8.166}},{"type":"Feature","geometry":{"type":"Polygon","coordinates":[[[-76.52,3.375],[-76.515,3.375],[-76.515,3.38],[-76.52,3.38],[-76.52,3.375]]]},"properties":{"value":82.2494,"sigma":9.1933}},{"type":"Feature","geometry":{"type":"Polygon","coordinates":[[[-76.51499999999999,3.375],[-76.50999999999999,3.375],[-76.50999999999999,3.38],[-76.51499999999999,3.38],[-76.51499999999999,3.375]]]},"properties":{"value":82.6118,"sigma":9.4134}},{"type":"Feature","geometry":{"type":"Polygon","coordinates":[[[-76.50999999999999,3.375],[-76.505,3.375],[-76.505,3.38],[-76.50999999999999,3.38],[-76.50999999999999,3.375]]]},"properties":{"value":83.357,"sigma":9.9108}},{"type":"Feature","geometry":{"type":"Polygon","coordinates":[[[-76.505,3.375],[-76.5,3.375],[-76.5,3.38],[-76.505,3.38],[-76.505,3.375]]]},"properties":{"value":77.0294,"sigma":10.5511}},{"type":"Feature","geometry":{"type":"Polygon","coordinates":[[[-76.49999999999999,3.375],[-76.49499999999999,3.375],[-76.49499999999999,3.38],[-76.49999999999999,3.38],[-76.49999999999999,3.375]]]},"properties":{"value":76.8806,"sigma":10.5749}},{"type":"Feature","geometry":{"type":"Polygon","coordinates":[[[-76.49499999999999,3.375],[-76.49,3.375],[-76.49,3.38],[-76.49499999999999,3.38],[-76.49499999999999,3.375]]]},"properties":{"value":78.4851,"sigma":11.7438}},{"type":"Feature","geometry":{"type":"Polygon","coordinates":[[[-76.49,3.375],[-76.485,3.375],[-76.485,3.38],[-76.49,3.38],[-76.49,3.375]]]},"properties":{"value":82.4115,"sigma":11.1233}},{"type":"Feature","geometry":{"type":"Polygon","coordinates":[[[-76.48499999999999,3.375],[-76.47999999999999,3.375],[-76.47999999999999,3.38],[-76.48499999999999,3.38],[-76.48499999999999,3.375]]]},"properties":{"value":78.8372,"sigma":11.687}},{"type":"Feature","geometry":{"type":"Polygon","coordinates":[[[-76.47999999999999,3.375],[-76.475,3.375],[-76.475,3.38],[-76.47999999999999,3.38],[-76.47999999999999,3.375]]]},"properties":{"value":78.7502,"sigma":11.7318}},{"type":"Feature","geometry":{"type":"Polygon","coordinates":[[[-76.475,3.375],[-76.47,3.375],[-76.47,3.38],[-76.475,3.38],[-76.475,3.375]]]},"properties":{"value":76.0198,"sigma":11.7065}},{"type":"Feature","geometry":{"type":"Polygon","coordinates":[[[-76.47,3.375],[-76.465,3.375],[-76.465,3.38],[-76.47,3.38],[-76.47,3.375]]]},"properties":{"value":77.2079,"sigma":12.5006}},{"type":"Feature","geometry":{"type":"Polygon","coordinates":[[[-76.46499999999999,3.375],[-76.46,3.375],[-76.46,3.38],[-76.46499999999999,3.38],[-76.46499999999999,3.375]]]},"properties":{"value":74.6155,"sigma":13.9197}},{"type":"Feature","geometry":{"type":"Polygon","coordinates":[[[-76.46,3.375],[-76.455,3.375],[-76.455,3.38],[-76.46,3.38],[-76.46,3.375]]]},"properties":{"value":74.1806,"sigma":12.6501}},{"type":"Feature","geometry":{"type":"Polygon","coordinates":[[[-76.455,3.375],[-76.45,3.375],[-76.45,3.38],[-76.455,3.38],[-76.455,3.375]]]},"properties":{"value":73.3389,"sigma":12.7871}},{"type":"Feature","geometry":{"type":"Polygon","coordinates":[[[-76.44999999999999,3.375],[-76.445,3.375],[-76.445,3.38],[-76.44999999999999,3.38],[-76.44999999999999,3.375]]]},"properties":{"value":74.7801,"sigma":13.6389}},{"type":"Feature","geometry":{"type":"Polygon","coordinates":[[[-76.445,3.375],[-76.44,3.375],[-76.44,3.38],[-76.445,3.38],[-76.445,3.375]]]},"properties":{"value":75.3901,"sigma":13.2573}},{"type":"Feature","geometry":{"type":"Polygon","coordinates":[[[-76.44,3.375],[-76.435,3.375],[-76.435,3.38],[-76.44,3.38],[-76.44,3.375]]]},"properties":{"value":75.6505,"sigma":14.2575}},{"type":"Feature","geometry":{"type":"Polygon","coordinates":[[[-76.43499999999999,3.375],[-76.42999999999999,3.375],[-76.42999999999999,3.38],[-76.43499999999999,3.38],[-76.43499999999999,3.375]]]},"properties":{"value":79.7156,"sigma":13.9722}},{"type":"Feature","geometry":{"type":"Polygon","coordinates":[[[-76.42999999999999,3.375],[-76.425,3.375],[-76.425,3.38],[-76.42999999999999,3.38],[-76.42999999999999,3.375]]]},"properties":{"value":79.6564,"sigma":14.3106}},{"type":"Feature","geometry":{"type":"Polygon","coordinates":[[[-76.425,3.375],[-76.42,3.375],[-76.42,3.38],[-76.425,3.38],[-76.425,3.375]]]},"properties":{"value":78.7484,"sigma":14.4081}},{"type":"Feature","geometry":{"type":"Polygon","coordinates":[[[-76.41999999999999,3.375],[-76.41499999999999,3.375],[-76.41499999999999,3.38],[-76.41999999999999,3.38],[-76.41999999999999,3.375]]]},"properties":{"value":75.7461,"sigma":14.1499}},{"type":"Feature","geometry":{"type":"Polygon","coordinates":[[[-76.41499999999999,3.375],[-76.41,3.375],[-76.41,3.38],[-76.41499999999999,3.38],[-76.41499999999999,3.375]]]},"properties":{"value":73.4956,"sigma":15.941}},{"type":"Feature","geometry":{"type":"Polygon","coordinates":[[[-76.41,3.375],[-76.405,3.375],[-76.405,3.38],[-76.41,3.38],[-76.41,3.375]]]},"properties":{"value":74.758,"sigma":16.2315}},{"type":"Feature","geometry":{"type":"Polygon","coordinates":[[[-76.40499999999999,3.375],[-76.39999999999999,3.375],[-76.39999999999999,3.38],[-76.40499999999999,3.38],[-76.40499999999999,3.375]]]},"properties":{"value":70.9616,"sigma":16.9436}},{"type":"Feature","geometry":{"type":"Polygon","coordinates":[[[-76.6,3.38],[-76.595,3.38],[-76.595,3.385],[-76.6,3.385],[-76.6,3.38]]]},"properties":{"value":66.0069,"sigma":12.6401}},{"type":"Feature","geometry":{"type":"Polygon","coordinates":[[[-76.595,3.38],[-76.59,3.38],[-76.59,3.385],[-76.595,3.385],[-76.595,3.38]]]},"properties":{"value":64.084,"sigma":13.4548}},{"type":"Feature","geometry":{"type":"Polygon","coordinates":[[[-76.58999999999999,3.38],[-76.585,3.38],[-76.585,3.385],[-76.58999999999999,3.385],[-76.58999999999999,3.38]]]},"properties":{"value":66.7459,"sigma":12.172}},{"type":"Feature","geometry":{"type":"Polygon","coordinates":[[[-76.585,3.38],[-76.58,3.38],[-76.58,3.385],[-76.585,3.385],[-76.585,3.38]]]},"properties":{"value":66.6591,"sigma":12.6105}},{"type":"Feature","geometry":{"type":"Polygon","coordinates":[[[-76.58,3.38],[-76.575,3.38],[-76.575,3.385],[-76.58,3.385],[-76.58,3.38]]]},"properties":{"value":64.6124,"sigma":10.6631}},{"type":"Feature","geometry":{"type":"Polygon","coordinates":[[[-76.57499999999999,3.38],[-76.57,3.38],[-76.57,3.385],[-76.57499999999999,3.385],[-76.57499999999999,3.38]]]},"properties":{"value":65.9137,"sigma":11.9554}},{"type":"Feature","geometry":{"type":"Polygon","coordinates":[[[-76.57,3.38],[-76.565,3.38],[-76.565,3.385],[-76.57,3.385],[-76.57,3.38]]]},"properties":{"value":64.3451,"sigma":10.0966}},{"type":"Feature","geometry":{"type":"Polygon","coordinates":[[[-76.565,3.38],[-76.56,3.38],[-76.56,3.385],[-76.565,3.385],[-76.565,3.38]]]},"properties":{"value":67.2343,"sigma":10.1026}},{"type":"Feature","geometry":{"type":"Polygon","coordinates":[[[-76.55999999999999,3.38],[-76.55499999999999,3.38],[-76.55499999999999,3.385],[-76.55999999999999,3.385],[-76.55999999999999,3.38]]]},"properties":{"value":68.0982,"sigma":9.5183}},{"type":"Feature","geometry":{"type":"Polygon","coordinates":[[[-76.55499999999999,3.38],[-76.55,3.38],[-76.55,3.385],[-76.55499999999999,3.385],[-76.55499999999999,3.38]]]},"properties":{"value":71.8018,"sigma":9.1393}},{"type":"Feature","geometry":{"type":"Polygon","coordinates":[[[-76.55,3.38],[-76.545,3.38],[-76.545,3.385],[-76.55,3.385],[-76.55,3.38]]]},"properties":{"value":73.7655,"sigma":7.8839}},{"type":"Feature","geometry":{"type":"Polygon","coordinates":[[[-76.54499999999999,3.38],[-76.53999999999999,3.38],[-76.53999999999999,3.385],[-76.54499999999999,3.385],[-76.54499999999999,3.38]]]},"properties":{"value":77.1504,"sigma":7.7773}},{"type":"Feature","geometry":{"type":"Polygon","coordinates":[[[-76.53999999999999,3.38],[-76.535,3.38],[-76.535,3.385],[-76.53999999999999,3.385],[-76.53999999999999,3.38]]]},"properties":{"value":77.5615,"sigma":7.556}},{"type":"Feature","geometry":{"type":"Polygon","coordinates":[[[-76.535,3.38],[-76.53,3.38],[-76.53,3.385],[-76.535,3.385],[-76.535,3.38]]]},"properties":{"value":74.9988,"sigma":7.2638}},{"type":"Feature","geometry":{"type":"Polygon","coordinates":[[[-76.52999999999999,3.38],[-76.52499999999999,3.38],[-76.52499999999999,3.385],[-76.52999999999999,3.385],[-76.52999999999999,3.38]]]},"properties":{"value":78.7096,"sigma":8.41}},{"type":"Feature","geometry":{"type":"Polygon","coordinates":[[[-76.52499999999999,3.38],[-76.52,3.38],[-76.52,3.385],[-76.52499999999999,3.385],[-76.52499999999999,3.38]]]},"properties":{"value":80.1747,"sigma":7.4393}},{"type":"Feature","geometry":{"type":"Polygon","coordinates":[[[-76.52,3.38],[-76.515,3.38],[-76.515,3.385],[-76.52,3.385],[-76.52,3.38]]]},"properties":{"value":81.1737,"sigma":8.3342}},{"type":"Feature","geometry":{"type":"Polygon","coordinates":[[[-76.51499999999999,3.38],[-76.50999999999999,3.38],[-76.50999999999999,3.385],[-76.51499999999999,3.385],[-76.51499999999999,3.38]]]},"properties":{"value":80.0999,"sigma":9.666}},{"type":"Feature","geometry":{"type":"Polygon","coordinates":[[[-76.50999999999999,3.38],[-76.505,3.38],[-76.505,3.385],[-76.50999999999999,3.385],[-76.50999999999999,3.38]]]},"properties":{"value":80.6356,"sigma":9.2507}},{"type":"Feature","geometry":{"type":"Polygon","coordinates":[[[-76.505,3.38],[-76.5,3.38],[-76.5,3.385],[-76.505,3.385],[-76.505,3.38]]]},"properties":{"value":77.2224,"sigma":10.5334}},{"type":"Feature","geometry":{"type":"Polygon","coordinates":[[[-76.49999999999999,3.38],[-76.49499999999999,3.38],[-76.49499999999999,3.385],[-76.49999999999999,3.385],[-76.49999999999999,3.38]]]},"properties":{"value":75.6524,"sigma":10.9417}},{"type":"Feature","geometry":{"type":"Polygon","coordinates":[[[-76.49499999999999,3.38],[-76.49,3.38],[-76.49,3.385],[-76.49499999999999,3.385],[-76.49499999999999,3.38]]]},"properties":{"value":72.6861,"sigma":10.7181}},{"type":"Feature","geometry":{"type":"Polygon","coordinates":[[[-76.49,3.38],[-76.485,3.38],[-76.485,3.385],[-76.49,3.385],[-76.49,3.38]]]},"properties":{"value":75.0806,"sigma":10.7417}},{"type":"Feature","geometry":{"type":"Polygon","coordinates":[[[-76.48499999999999,3.38],[-76.47999999999999,3.38],[-76.47999999999999,3.385],[-76.48499999999999,3.385],[-76.48499999999999,3.38]]]},"properties":{"value":74.4817,"sigma":11.0613}},{"type":"Feature","geometry":{"type":"Polygon","coordinates":[[[-76.47999999999999,3.38],[-76.475,3.38],[-76.475,3.385],[-76.47999999999999,3.385],[-76.47999999999999,3.38]]]},"properties":{"value":74.8747,"sigma":11.4498}},{"type":"Feature","geometry":{"type":"Polygon","coordinates":[[[-76.475,3.38],[-76.47,3.38],[-76.47,3.385],[-76.475,3.385],[-76.475,3.38]]]},"properties":{"value":73.4842,"sigma":11.2398}},{"type":"Feature","geometry":{"type":"Polygon","coordinates":[[[-76.47,3.38],[-76.465,3.38],[-76.465,3.385],[-76.47,3.385],[-76.47,3.38]]]},"properties":{"value":74.0542,"sigma":11.9089}},{"type":"Feature","geometry":{"type":"Polygon","coordinates":[[[-76.46499999999999,3.38],[-76.46,3.38],[-76.46,3.385],[-76.46499999999999,3.385],[-76.46499999999999,3.38]]]},"properties":{"value":72.1451,"sigma":11.4695}},{"type":"Feature","geometry":{"type":"Polygon","coordinates":[[[-76.46,3.38],[-76.455,3.38],[-76.455,3.385],[-76.46,3.385],[-76.46,3.38]]]},"properties":{"value":72.9987,"sigma":11.5894}},{"type":"Feature","geometry":{"type":"Polygon","coordinates":[[[-76.455,3.38],[-76.45,3.38],[-76.45,3.385],[-76.455,3.385],[-76.455,3.38]]]},"properties":{"value":70.6954,"sigma":11.912}},{"type":"Feature","geometry":{"type":"Polygon","coordinates":[[[-76.44999999999999,3.38],[-76.445,3.38],[-76.445,3.385],[-76.44999999999999,3.385],[-76.44999999999999,3.38]]]},"properties":{"value":68.8019,"sigma":12.9626}},{"type":"Feature","geometry":{"type":"Polygon","coordinates":[[[-76.445,3.38],[-76.44,3.38],[-76.44,3.385],[-76.445,3.385],[-76.445,3.38]]]},"properties":{"value":73.9026,"sigma":11.8672}},{"type":"Feature","geometry":{"type":"Polygon","coordinates":[[[-76.44,3.38],[-76.435,3.38],[-76.435,3.385],[-76.44,3.385],[-76.44,3.38]]]},"properties":{"value":76.9744,"sigma":12.9845}},{"type":"Feature","geometry":{"type":"Polygon","coordinates":[[[-76.43499999999999,3.38],[-76.42999999999999,3.38],[-76.42999999999999,3.385],[-76.43499999999999,3.385],[-76.43499999999999,3.38]]]},"properties":{"value":73.5893,"sigma":13.4005}},{"type":"Feature","geometry":{"type":"Polygon","coordinates":[[[-76.42999999999999,3.38],[-76.425,3.38],[-76.425,3.385],[-76.42999999999999,3.385],[-76.42999999999999,3.38]]]},"properties":{"value":68.7633,"sigma":13.5596}},{"type":"Feature","geometry":{"type":"Polygon","coordinates":[[[-76.425,3.38],[-76.42,3.38],[-76.42,3.385],[-76.425,3.385],[-76.425,3.38]]]},"properties":{"value":72.8771,"sigma":13.9155}},{"type":"Feature","geometry":{"type":"Polygon","coordinates":[[[-76.41999999999999,3.38],[-76.41499999999999,3.38],[-76.41499999999999,3.385],[-76.41999999999999,3.385],[-76.41999999999999,3.38]]]},"properties":{"value":72.2959,"sigma":14.2947}},{"type":"Feature","geometry":{"type":"Polygon","coordinates":[[[-76.41499999999999,3.38],[-76.41,3.38],[-76.41,3.385],[-76.41499999999999,3.385],[-76.41499999999999,3.38]]]},"properties":{"value":71.1963,"sigma":15.3435}},{"type":"Feature","geometry":{"type":"Polygon","coordinates":[[[-76.41,3.38],[-76.405,3.38],[-76.405,3.385],[-76.41,3.385],[-76.41,3.38]]]},"properties":{"value":71.019,"sigma":15.1642}},{"type":"Feature","geometry":{"type":"Polygon","coordinates":[[[-76.40499999999999,3.38],[-76.39999999999999,3.38],[-76.39999999999999,3.385],[-76.40499999999999,3.385],[-76.40499999999999,3.38]]]},"properties":{"value":70.0466,"sigma":15.7277}},{"type":"Feature","geometry":{"type":"Polygon","coordinates":[[[-76.6,3.385],[-76.595,3.385],[-76.595,3.3899999999999997],[-76.6,3.3899999999999997],[-76.6,3.385]]]},"properties":{"value":65.0359,"sigma":14.3742}},{"type":"Feature","geometry":{"type":"Polygon","coordinates":[[[-76.595,3.385],[-76.59,3.385],[-76.59,3.3899999999999997],[-76.595,3.3899999999999997],[-76.595,3.385]]]},"properties":{"value":65.1286,"sigma":12.6146}},{"type":"Feature","geometry":{"type":"Polygon","coordinates":[[[-76.58999999999999,3.385],[-76.585,3.385],[-76.585,3.3899999999999997],[-76.58999999999999,3.3899999999999997],[-76.58999999999999,3.385]]]},"properties":{"value":63.4947,"sigma":11.2758}},{"type":"Feature","geometry":{"type":"Polygon","coordinates":[[[-76.585,3.385],[-76.58,3.385],[-76.58,3.3899999999999997],[-76.585,3.3899999999999997],[-76.585,3.385]]]},"properties":{"value":69.7019,"sigma":12.6714}},{"type":"Feature","geometry":{"type":"Polygon","coordinates":[[[-76.58,3.385],[-76.575,3.385],[-76.575,3.3899999999999997],[-76.58,3.3899999999999997],[-76.58,3.385]]]},"properties":{"value":64.8266,"sigma":11.1839}},{"type":"Feature","geometry":{"type":"Polygon","coordinates":[[[-76.57499999999999,3.385],[-76.57,3.385],[-76.57,3.3899999999999997],[-76.57499999999999,3.3899999999999997],[-76.57499999999999,3.385]]]},"properties":{"value":66.0186,"sigma":12.2034}},{"type":"Feature","geometry":{"type":"Polygon","coordinates":[[[-76.57,3.385],[-76.565,3.385],[-76.565,3.3899999999999997],[-76.57,3.3899999999999997],[-76.57,3.385]]]},"properties":{"value":66.132,"sigma":9.5026}},{"type":"Feature","geometry":{"type":"Polygon","coordinates":[[[-76.565,3.385],[-76.56,3.385],[-76.56,3.3899999999999997],[-76.565,3.3899999999999997],[-76.565,3.385]]]},"properties":{"value":64.4832,"sigma":9.9305}},{"type":"Feature","geometry":{"type":"Polygon","coordinates":[[[-76.55999999999999,3.385],[-76.55499999999999,3.385],[-76.55499999999999,3.3899999999999997],[-76.55999999999999,3.3899999999999997],[-76.55999999999999,3.385]]]},"properties":{"value":73.221,"sigma":9.2722}},{"type":"Feature","geometry":{"type":"Polygon","coordinates":[[[-76.55499999999999,3.385],[-76.55,3.385],[-76.55,3.3899999999999997],[-76.55499999999999,3.3899999999999997],[-76.55499999999999,3.385]]]},"properties":{"value":72.1011,"sigma":9.2365}},{"type":"Feature","geometry":{"type":"Polygon","coordinates":[[[-76.55,3.385],[-76.545,3.385],[-76.545,3.3899999999999997],[-76.55,3.3899999999999997],[-76.55,3.385]]]},"properties":{"value":73.5618,"sigma":9.2873}},{"type":"Feature","geometry":{"type":"Polygon","coordinates":[[[-76.54499999999999,3.385],[-76.53999999999999,3.385],[-76.53999999999999,3.3899999999999997],[-76.54499999999999,3.3899999999999997],[-76.54499999999999,3.385]]]},"properties":{"value":71.4412,"sigma":8.396}},{"type":"Feature","geometry":{"type":"Polygon","coordinates":[[[-76.53999999999999,3.385],[-76.535,3.385],[-76.535,3.3899999999999997],[-76.53999999999999,3.3899999999999997],[-76.53999999999999,3.385]]]},"properties":{"value":73.3626,"sigma":7.3444}},{"type":"Feature","geometry":{"type":"Polygon","coordinates":[[[-76.535,3.385],[-76.53,3.385],[-76.53,3.3899999999999997],[-76.535,3.3899999999999997],[-76.535,3.385]]]},"properties":{"value":77.8487,"sigma":8.1323}},{"type":"Feature","geometry":{"type":"Polygon","coordinates":[[[-76.52999999999999,3.385],[-76.52499999999999,3.385],[-76.52499999999999,3.3899999999999997],[-76.52999999999999,3.3899999999999997],[-76.52999999999999,3.385]]]},"properties":{"value":78.017,"sigma":8.0911}},{"type":"Feature","geometry":{"type":"Polygon","coordinates":[[[-76.52499999999999,3.385],[-76.52,3.385],[-76.52,3.3899999999999997],[-76.52499999999999,3.3899999999999997],[-76.52499999999999,3.385]]]},"properties":{"value":73.9882,"sigma":8.2116}},{"type":"Feature","geometry":{"type":"Polygon","coordinates":[[[-76.52,3.385],[-76.515,3.385],[-76.515,3.3899999999999997],[-76.52,3.3899999999999997],[-76.52,3.385]]]},"properties":{"value":74.1088,"sigma":8.7016}},{"type":"Feature","geometry":{"type":"Polygon","coordinates":[[[-76.51499999999999,3.385],[-76.50999999999999,3.385],[-76.50999999999999,3.3899999999999997],[-76.51499999999999,3.3899999999999997],[-76.51499999999999,3.385]]]},"properties":{"value":73.6977,"sigma":9.5795}},{"type":"Feature","geometry":{"type":"Polygon","coordinates":[[[-76.50999999999999,3.385],[-76.505,3.385],[-76.505,3.3899999999999997],[-76.50999999999999,3.3899999999999997],[-76.50999999999999,3.385]]]},"properties":{"value":76.0781,"sigma":10.4084}},{"type":"Feature","geometry":{"type":"Polygon","coordinates":[[[-76.505,3.385],[-76.5,3.385],[-76.5,3.3899999999999997],[-76.505,3.3899999999999997],[-76.505,3.385]]]},"properties":{"value":69.8626,"sigma":10.0121}},{"type":"Feature","geometry":{"type":"Polygon","coordinates":[[[-76.49999999999999,3.385],[-76.49499999999999,3.385],[-76.49499999999999,3.3899999999999997],[-76.49999999999999,3.3899999999999997],[-76.49999999999999,3.385]]]},"properties":{"value":74.5889,"sigma":10.9585}},{"type":"Feature","geometry":{"type":"Polygon","coordinates":[[[-76.49499999999999,3.385],[-76.49,3.385],[-76.49,3.3899999999999997],[-76.49499999999999,3.3899999999999997],[-76.49499999999999,3.385]]]},"properties":{"value":73.445,"sigma":10.3772}},{"type":"Feature","geometry":{"type":"Polygon","coordinates":[[[-76.49,3.385],[-76.485,3.385],[-76.485,3.3899999999999997],[-76.49,3.3899999999999997],[-76.49,3.385]]]},"properties":{"value":70.4002,"sigma":10.8533}},{"type":"Feature","geometry":{"type":"Polygon","coordinates":[[[-76.48499999999999,3.385],[-76.47999999999999,3.385],[-76.47999999999999,3.3899999999999997],[-76.48499999999999,3.3899999999999997],[-76.48499999999999,3.385]]]},"properties":{"value":69.05,"sigma":10.5972}},{"type":"Feature","geometry":{"type":"Polygon","coordinates":[[[-76.47999999999999,3.385],[-76.475,3.385],[-76.475,3.3899999999999997],[-76.47999999999999,3.3899999999999997],[-76.47999999999999,3.385]]]},"properties":{"value":69.606,"sigma":11.593}},{"type":"Feature","geometry":{"type":"Polygon","coordinates":[[[-76.475,3.385],[-76.47,3.385],[-76.47,3.3899999999999997],[-76.475,3.3899999999999997],[-76.475,3.385]]]},"properties":{"value":74.1768,"sigma":11.4398}},{"type":"Feature","geometry":{"type":"Polygon","coordinates":[[[-76.47,3.385],[-76.465,3.385],[-76.465,3.3899999999999997],[-76.47,3.3899999999999997],[-76.47,3.385]]]},"properties":{"value":72.3917,"sigma":11.0898}},{"type":"Feature","geometry":{"type":"Polygon","coordinates":[[[-76.46499999999999,3.385],[-76.46,3.385],[-76.46,3.3899999999999997],[-76.46499999999999,3.3899999999999997],[-76.46499999999999,3.385]]]},"properties":{"value":70.9501,"sigma":11.795}},{"type":"Feature","geometry":{"type":"Polygon","coordinates":[[[-76.46,3.385],[-76.455,3.385],[-76.455,3.3899999999999997],[-76.46,3.3899999999999997],[-76.46,3.385]]]},"properties":{"value":71.5796,"sigma":11.9283}},{"type":"Feature","geometry":{"type":"Polygon","coordinates":[[[-76.455,3.385],[-76.45,3.385],[-76.45,3.3899999999999997],[-76.455,3.3899999999999997],[-76.455,3.385]]]},"properties":{"value":72.729,"sigma":12.9701}},{"type":"Feature","geometry":{"type":"Polygon","coordinates":[[[-76.44999999999999,3.385],[-76.445,3.385],[-76.445,3.3899999999999997],[-76.44999999999999,3.3899999999999997],[-76.44999999999999,3.385]]]},"properties":{"value":68.6948,"sigma":12.0339}},{"type":"Feature","geometry":{"type":"Polygon","coordinates":[[[-76.445,3.385],[-76.44,3.385],[-76.44,3.3899999999999997],[-76.445,3.3899999999999997],[-76.445,3.385]]]},"properties":{"value":68.6661,"sigma":11.6736}},{"type":"Feature","geometry":{"type":"Polygon","coordinates":[[[-76.44,3.385],[-76.435,3.385],[-76.435,3.3899999999999997],[-76.44,3.3899999999999997],[-76.44,3.385]]]},"properties":{"value":71.6287,"sigma":12.8424}},{"type":"Feature","geometry":{"type":"Polygon","coordinates":[[[-76.43499999999999,3.385],[-76.42999999999999,3.385],[-76.42999999999999,3.3899999999999997],[-76.43499999999999,3.3899999999999997],[-76.43499999999999,3.385]]]},"properties":{"value":73.3065,"sigma":13.557}},{"type":"Feature","geometry":{"type":"Polygon","coordinates":[[[-76.42999999999999,3.385],[-76.425,3.385],[-76.425,3.3899999999999997],[-76.42999999999999,3.3899999999999997],[-76.42999999999999,3.385]]]},"properties":{"value":72.4639,"sigma":14.2308}},{"type":"Feature","geometry":{"type":"Polygon","coordinates":[[[-76.425,3.385],[-76.42,3.385],[-76.42,3.3899999999999997],[-76.425,3.3899999999999997],[-76.425,3.385]]]},"properties":{"value":69.4471,"sigma":14.2589}},{"type":"Feature","geometry":{"type":"Polygon","coordinates":[[[-76.41999999999999,3.385],[-76.41499999999999,3.385],[-76.41499999999999,3.3899999999999997],[-76.41999999999999,3.3899999999999997],[-76.41999999999999,3.385]]]},"properties":{"value":69.3316,"sigma":15.1571}},{"type":"Feature","geometry":{"type":"Polygon","coordinates":[[[-76.41499999999999,3.385],[-76.41,3.385],[-76.41,3.3899999999999997],[-76.41499999999999,3.3899999999999997],[-76.41499999999999,3.385]]]},"properties":{"value":71.7257,"sigma":15.2316}},{"type":"Feature","geometry":{"type":"Polygon","coordinates":[[[-76.41,3.385],[-76.405,3.385],[-76.405,3.3899999999999997],[-76.41,3.3899999999999997],[-76.41,3.385]]]},"properties":{"value":68.667,"sigma":14.1257}},{"type":"Feature","geometry":{"type":"Polygon","coordinates":[[[-76.40499999999999,3.385],[-76.39999999999999,3.385],[-76.39999999999999,3.3899999999999997],[-76.40499999999999,3.3899999999999997],[-76.40499999999999,3.385]]]},"properties":{"value":69.3087,"sigma":14.968}},{"type":"Feature","geometry":{"type":"Polygon","coordinates":[[[-76.6,3.3899999999999997],[-76.595,3.3899999999999997],[-76.595,3.3949999999999996],[-76.6,3.3949999999999996],[-76.6,3.3899999999999997]]]},"properties":{"value":59.951,"sigma":12.6909}},{"type":"Feature","geometry":{"type":"Polygon","coordinates":[[[-76.595,3.3899999999999997],[-76.59,3.3899999999999997],[-76.59,3.3949999999999996],[-76.595,3.3949999999999996],[-76.595,3.3899999999999997]]]},"properties":{"value":68.2995,"sigma":12.7785}},{"type":"Feature","geometry":{"type":"Polygon","coordinates":[[[-76.58999999999999,3.3899999999999997],[-76.585,3.3899999999999997],[-76.585,3.3949999999999996],[-76.58999999999999,3.3949999999999996],[-76.58999999999999,3.3899999999999997]]]},"properties":{"value":64.5368,"sigma":11.4584}},{"type":"Feature","geometry":{"type":"Polygon","coordinates":[[[-76.585,3.3899999999999997],[-76.58,3.3899999999999997],[-76.58,3.3949999999999996],[-76.585,3.3949999999999996],[-76.585,3.3899999999999997]]]},"properties":{"value":69.7184,"sigma":11.0559}},{"type":"Feature","geometry":{"type":"Polygon","coordinates":[[[-76.58,3.3899999999999997],[-76.575,3.3899999999999997],[-76.575,3.3949999999999996],[-76.58,3.3949999999999996],[-76.58,3.3899999999999997]]]},"properties":{"value":66.5274,"sigma":10.6321}},{"type":"Feature","geometry":{"type":"Polygon","coordinates":[[[-76.57499999999999,3.3899999999999997],[-76.57,3.3899999999999997],[-76.57,3.3949999999999996],[-76.57499999999999,3.3949999999999996],[-76.57499999999999,3.3899999999999997]]]},"properties":{"value":68.6007,"sigma":10.5823}},{"type":"Feature","geometry":{"type":"Polygon","coordinates":[[[-76.57,3.3899999999999997],[-76.565,3.3899999999999997],[-76.565,3.3949999999999996],[-76.57,3.3949999999999996],[-76.57,3.3899999999999997]]]},"properties":{"value":70.0583,"sigma":11.3847}},{"type":"Feature","geometry":{"type":"Polygon","coordinates":[[[-76.565,3.3899999999999997],[-76.56,3.3899999999999997],[-76.56,3.3949999999999996],[-76.565,3.3949999999999996],[-76.565,3.3899999999999997]]]},"properties":{"value":67.2619,"sigma":9.9353}},{"type":"Feature","geometry":{"type":"Polygon","coordinates":[[[-76.55999999999999,3.3899999999999997],[-76.55499999999999,3.3899999999999997],[-76.55499999999999,3.3949999999999996],[-76.55999999999999,3.3949999999999996],[-76.55999999999999,3.3899999999999997]]]},"properties":{"value":70.0303,"sigma":9.6675}},{"type":"Feature","geometry":{"type":"Polygon","coordinates":[[[-76.55499999999999,3.3899999999999997],[-76.55,3.3899999999999997],[-76.55,3.3949999999999996],[-76.55499999999999,3.3949999999999996],[-76.55499999999999,3.3899999999999997]]]},"properties":{"value":69.1136,"sigma":8.7633}},{"type":"Feature","geometry":{"type":"Polygon","coordinates":[[[-76.55,3.3899999999999997],[-76.545,3.3899999999999997],[-76.545,3.3949999999999996],[-76.55,3.3949999999999996],[-76.55,3.3899999999999997]]]},"properties":{"value":71.4332,"sigma":7.8522}},{"type":"Feature","geometry":{"type":"Polygon","coordinates":[[[-76.54499999999999,3.3899999999999997],[-76.53999999999999,3.3899999999999997],[-76.53999999999999,3.3949999999999996],[-76.54499999999999,3.3949999999999996],[-76.54499999999999,3.3899999999999997]]]},"properties":{"value":74.45,"sigma":9.0871}},{"type":"Feature","geometry":{"type":"Polygon","coordinates":[[[-76.53999999999999,3.3899999999999997],[-76.535,3.3899999999999997],[-76.535,3.3949999999999996],[-76.53999999999999,3.3949999999999996],[-76.53999999999999,3.3899999999999997]]]},"properties":{"value":74.3587,"sigma":8.5333}},{"type":"Feature","geometry":{"type":"Polygon","coordinates":[[[-76.535,3.3899999999999997],[-76.53,3.3899999999999997],[-76.53,3.3949999999999996],[-76.535,3.3949999999999996],[-76.535,3.3899999999999997]]]},"properties":{"value":73.4998,"sigma":7.9956}},{"type":"Feature","geometry":{"type":"Polygon","coordinates":[[[-76.52999999999999,3.3899999999999997],[-76.52499999999999,3.3899999999999997],[-76.52499999999999,3.3949999999999996],[-76.52999999999999,3.3949999999999996],[-76.52999999999999,3.3899999999999997]]]},"properties":{"value":73.6945,"sigma":8.3662}},{"type":"Feature","geometry":{"type":"Polygon","coordinates":[[[-76.52499999999999,3.3899999999999997],[-76.52,3.3899999999999997],[-76.52,3.3949999999999996],[-76.52499999999999,3.3949999999999996],[-76.52499999999999,3.3899999999999997]]]},"properties":{"value":75.4597,"sigma":9.5826}},{"type":"Feature","geometry":{"type":"Polygon","coordinates":[[[-76.52,3.3899999999999997],[-76.515,3.3899999999999997],[-76.515,3.3949999999999996],[-76.52,3.3949999999999996],[-76.52,3.3899999999999997]]]},"properties":{"value":77.205,"sigma":8.8821}},{"type":"Feature","geometry":{"type":"Polygon","coordinates":[[[-76.51499999999999,3.3899999999999997],[-76.50999999999999,3.3899999999999997],[-76.50999999999999,3.3949999999999996],[-76.51499999999999,3.3949999999999996],[-76.51499999999999,3.3899999999999997]]]},"properties":{"value":73.687,"sigma":9.968}},{"type":"Feature","geometry":{"type":"Polygon","coordinates":[[[-76.50999999999999,3.3899999999999997],[-76.505,3.3899999999999997],[-76.505,3.3949999999999996],[-76.50999999999999,3.3949999999999996],[-76.50999999999999,3.3899999999999997]]]},"properties":{"value":73.4385,"sigma":9.045}},{"type":"Feature","geometry":{"type":"Polygon","coordinates":[[[-76.505,3.3899999999999997],[-76.5,3.3899999999999997],[-76.5,3.3949999999999996],[-76.505,3.3949999999999996],[-76.505,3.3899999999999997]]]},"properties":{"value":69.5309,"sigma":9.4516}},{"type":"Feature","geometry":{"type":"Polygon","coordinates":[[[-76.49999999999999,3.3899999999999997],[-76.49499999999999,3.3899999999999997],[-76.49499999999999,3.3949999999999996],[-76.49999999999999,3.3949999999999996],[-76.49999999999999,3.3899999999999997]]]},"properties":{"value":73.2588,"sigma":9.8204}},{"type":"Feature","geometry":{"type":"Polygon","coordinates":[[[-76.49499999999999,3.3899999999999997],[-76.49,3.3899999999999997],[-76.49,3.3949999999999996],[-76.49499999999999,3.3949999999999996],[-76.49499999999999,3.3899999999999997]]]},"properties":{"value":68.5599,"sigma":9.4107}},{"type":"Feature","geometry":{"type":"Polygon","coordinates":[[[-76.49,3.3899999999999997],[-76.485,3.3899999999999997],[-76.485,3.3949999999999996],[-76.49,3.3949999999999996],[-76.49,3.3899999999999997]]]},"properties":{"value":72.0938,"sigma":9.8371}},{"type":"Feature","geometry":{"type":"Polygon","coordinates":[[[-76.48499999999999,3.3899999999999997],[-76.47999999999999,3.3899999999999997],[-76.47999999999999,3.3949999999999996],[-76.48499999999999,3.3949999999999996],[-76.48499999999999,3.3899999999999997]]]},"properties":{"value":68.3091,"sigma":10.4947}},{"type":"Feature","geometry":{"type":"Polygon","coordinates":[[[-76.47999999999999,3.3899999999999997],[-76.475,3.3899999999999997],[-76.475,3.3949999999999996],[-76.47999999999999,3.3949999999999996],[-76.47999999999999,3.3899999999999997]]]},"properties":{"value":65.0244,"sigma":9.9295}},{"type":"Feature","geometry":{"type":"Polygon","coordinates":[[[-76.475,3.3899999999999997],[-76.47,3.3899999999999997],[-76.47,3.3949999999999996],[-76.475,3.3949999999999996],[-76.475,3.3899999999999997]]]},"properties":{"value":67.2714,"sigma":11.7531}},{"type":"Feature","geometry":{"type":"Polygon","coordinates":[[[-76.47,3.3899999999999997],[-76.465,3.3899999999999997],[-76.465,3.3949999999999996],[-76.47,3.3949999999999996],[-76.47,3.3899999999999997]]]},"properties":{"value":68.5185,"sigma":11.6927}},{"type":"Feature","geometry":{"type":"Polygon","coordinates":[[[-76.46499999999999,3.3899999999999997],[-76.46,3.3899999999999997],[-76.46,3.3949999999999996],[-76.46499999999999,3.3949999999999996],[-76.46499999999999,3.3899999999999997]]]},"properties":{"value":66.3395,"sigma":11.0755}},{"type":"Feature","geometry":{"type":"Polygon","coordinates":[[[-76.46,3.3899999999999997],[-76.455,3.3899999999999997],[-76.455,3.3949999999999996],[-76.46,3.3949999999999996],[-76.46,3.3899999999999997]]]},"properties":{"value":68.1832,"sigma":11.2728}},{"type":"Feature","geometry":{"type":"Polygon","coordinates":[[[-76.455,3.3899999999999997],[-76.45,3.3899999999999997],[-76.45,3.3949999999999996],[-76.455,3.3949999999999996],[-76.455,3.3899999999999997]]]},"properties":{"value":69.7333,"sigma":10.7078}},{"type":"Feature","geometry":{"type":"Polygon","coordinates":[[[-76.44999999999999,3.3899999999999997],[-76.445,3.3899999999999997],[-76.445,3.3949999999999996],[-76.44999999999999,3.3949999999999996],[-76.44999999999999,3.3899999999999997]]]},"properties":{"value":67.1431,"sigma":10.5253}},{"type":"Feature","geometry":{"type":"Polygon","coordinates":[[[-76.445,3.3899999999999997],[-76.44,3.3899999999999997],[-76.44,3.3949999999999996],[-76.445,3.3949999999999996],[-76.445,3.3899999999999997]]]},"properties":{"value":65.7982,"sigma":12.0647}},{"type":"Feature","geometry":{"type":"Polygon","coordinates":[[[-76.44,3.3899999999999997],[-76.435,3.3899999999999997],[-76.435,3.3949999999999996],[-76.44,3.3949999999999996],[-76.44,3.3899999999999997]]]},"properties":{"value":70.4525,"sigma":13.0547}},{"type":"Feature","geometry":{"type":"Polygon","coordinates":[[[-76.43499999999999,3.3899999999999997],[-76.42999999999999,3.3899999999999997],[-76.42999999999999,3.3949999999999996],[-76.43499999999999,3.3949999999999996],[-76.43499999999999,3.3899999999999997]]]},"properties":{"value":70.3805,"sigma":12.9749}},{"type":"Feature","geometry":{"type":"Polygon","coordinates":[[[-76.42999999999999,3.3899999999999997],[-76.425,3.3899999999999997],[-76.425,3.3949999999999996],[-76.42999999999999,3.3949999999999996],[-76.42999999999999,3.3899999999999997]]]},"properties":{"value":67.8309,"sigma":12.8022}},{"type":"Feature","geometry":{"type":"Polygon","coordinates":[[[-76.425,3.3899999999999997],[-76.42,3.3899999999999997],[-76.42,3.3949999999999996],[-76.425,3.3949999999999996],[-76.425,3.3899999999999997]]]},"properties":{"value":69.9832,"sigma":13.5904}},{"type":"Feature","geometry":{"type":"Polygon","coordinates":[[[-76.41999999999999,3.3899999999999997],[-76.41499999999999,3.3899999999999997],[-76.41499999999999,3.3949999999999996],[-76.41999999999999,3.3949999999999996],[-76.41999999999999,3.3899999999999997]]]},"properties":{"value":71.5796,"sigma":13.2736}},{"type":"Feature","geometry":{"type":"Polygon","coordinates":[[[-76.41499999999999,3.3899999999999997],[-76.41,3.3899999999999997],[-76.41,3.3949999999999996],[-76.41499999999999,3.3949999999999996],[-76.41499999999999,3.3899999999999997]]]},"properties":{"value":65.9495,"sigma":14.3752}},{"type":"Feature","geometry":{"type":"Polygon","coordinates":[[[-76.41,3.3899999999999997],[-76.405,3.3899999999999997],[-76.405,3.3949999999999996],[-76.41,3.3949999999999996],[-76.41,3.3899999999999997]]]},"properties":{"value":67.8252,"sigma":16.1919}},{"type":"Feature","geometry":{"type":"Polygon","coordinates":[[[-76.40499999999999,3.3899999999999997],[-76.39999999999999,3.3899999999999997],[-76.39999999999999,3.3949999999999996],[-76.40499999999999,3.3949999999999996],[-76.40499999999999,3.3899999999999997]]]},"properties":{"value":69.8625,"sigma":15.3818}},{"type":"Feature","geometry":{"type":"Polygon","coordinates":[[[-76.6,3.395],[-76.595,3.395],[-76.595,3.4],[-76.6,3.4],[-76.6,3.395]]]},"properties":{"value":60.8918,"sigma":13.081}},{"type":"Feature","geometry":{"type":"Polygon","coordinates":[[[-76.595,3.395],[-76.59,3.395],[-76.59,3.4],[-76.595,3.4],[-76.595,3.395]]]},"properties":{"value":64.3104,"sigma":11.4173}},{"type":"Feature","geometry":{"type":"Polygon","coordinates":[[[-76.58999999999999,3.395],[-76.585,3.395],[-76.585,3.4],[-76.58999999999999,3.4],[-76.58999999999999,3.395]]]},"properties":{"value":66.0895,"sigma":11.6561}},{"type":"Feature","geometry":{"type":"Polygon","coordinates":[[[-76.585,3.395],[-76.58,3.395],[-76.58,3.4],[-76.585,3.4],[-76.585,3.395]]]},"properties":{"value":65.0784,"sigma":11.2066}},{"type":"Feature","geometry":{"type":"Polygon","coordinates":[[[-76.58,3.395],[-76.575,3.395],[-76.575,3.4],[-76.58,3.4],[-76.58,3.395]]]},"properties":{"value":64.0837,"sigma":10.0432}},{"type":"Feature","geometry":{"type":"Polygon","coordinates":[[[-76.57499999999999,3.395],[-76.57,3.395],[-76.57,3.4],[-76.57499999999999,3.4],[-76.57499999999999,3.395]]]},"properties":{"value":69.171,"sigma":10.9388}},{"type":"Feature","geometry":{"type":"Polygon","coordinates":[[[-76.57,3.395],[-76.565,3.395],[-76.565,3.4],[-76.57,3.4],[-76.57,3.395]]]},"properties":{"value":66.7467,"sigma":8.9059}},{"type":"Feature","geometry":{"type":"Polygon","coordinates":[[[-76.565,3.395],[-76.56,3.395],[-76.56,3.4],[-76.565,3.4],[-76.565,3.395]]]},"properties":{"value":63.855,"sigma":7.7381}},{"type":"Feature","geometry":{"type":"Polygon","coordinates":[[[-76.55999999999999,3.395],[-76.55499999999999,3.395],[-76.55499999999999,3.4],[-76.55999999999999,3.4],[-76.55999999999999,3.395]]]},"properties":{"value":68.9919,"sigma":8.7293}},{"type":"Feature","geometry":{"type":"Polygon","coordinates":[[[-76.55499999999999,3.395],[-76.55,3.395],[-76.55,3.4],[-76.55499999999999,3.4],[-76.55499999999999,3.395]]]},"properties":{"value":70.2005,"sigma":8.649}},{"type":"Feature","geometry":{"type":"Polygon","coordinates":[[[-76.55,3.395],[-76.545,3.395],[-76.545,3.4],[-76.55,3.4],[-76.55,3.395]]]},"properties":{"value":71.9566,"sigma":7.4758}},{"type":"Feature","geometry":{"type":"Polygon","coordinates":[[[-76.54499999999999,3.395],[-76.53999999999999,3.395],[-76.53999999999999,3.4],[-76.54499999999999,3.4],[-76.54499999999999,3.395]]]},"properties":{"value":70.9541,"sigma":8.3595}},{"type":"Feature","geometry":{"type":"Polygon","coordinates":[[[-76.53999999999999,3.395],[-76.535,3.395],[-76.535,3.4],[-76.53999999999999,3.4],[-76.53999999999999,3.395]]]},"properties":{"value":75.5353,"sigma":9.153}},{"type":"Feature","geometry":{"type":"Polygon","coordinates":[[[-76.535,3.395],[-76.53,3.395],[-76.53,3.4],[-76.535,3.4],[-76.535,3.395]]]},"properties":{"value":69.4886,"sigma":8.6108}},{"type":"Feature","geometry":{"type":"Polygon","coordinates":[[[-76.52999999999999,3.395],[-76.52499999999999,3.395],[-76.52499999999999,3.4],[-76.52999999999999,3.4],[-76.52999999999999,3.395]]]},"properties":{"value":70.6014,"sigma":8.3319}},{"type":"Feature","geometry":{"type":"Polygon","coordinates":[[[-76.52499999999999,3.395],[-76.52,3.395],[-76.52,3.4],[-76.52499999999999,3.4],[-76.52499999999999,3.395]]]},"properties":{"value":71.4244,"sigma":8.8183}},{"type":"Feature","geometry":{"type":"Polygon","coordinates":[[[-76.52,3.395],[-76.515,3.395],[-76.515,3.4],[-76.52,3.4],[-76.52,3.395]]]},"properties":{"value":73.9222,"sigma":9.0299}},{"type":"Feature","geometry":{"type":"Polygon","coordinates":[[[-76.51499999999999,3.395],[-76.50999999999999,3.395],[-76.50999999999999,3.4],[-76.51499999999999,3.4],[-76.51499999999999,3.395]]]},"properties":{"value":74.3149,"sigma":10.4463}},{"type":"Feature","geometry":{"type":"Polygon","coordinates":[[[-76.50999999999999,3.395],[-76.505,3.395],[-76.505,3.4],[-76.50999999999999,3.4],[-76.50999999999999,3.395]]]},"properties":{"value":69.8168,"sigma":10.2558}},{"type":"Feature","geometry":{"type":"Polygon","coordinates":[[[-76.505,3.395],[-76.5,3.395],[-76.5,3.4],[-76.505,3.4],[-76.505,3.395]]]},"properties":{"value":70.4909,"sigma":8.4092}},{"type":"Feature","geometry":{"type":"Polygon","coordinates":[[[-76.49999999999999,3.395],[-76.49499999999999,3.395],[-76.49499999999999,3.4],[-76.49999999999999,3.4],[-76.49999999999999,3.395]]]},"properties":{"value":68.4844,"sigma":9.4951}},{"type":"Feature","geometry":{"type":"Polygon","coordinates":[[[-76.49499999999999,3.395],[-76.49,3.395],[-76.49,3.4],[-76.49499999999999,3.4],[-76.49499999999999,3.395]]]},"properties":{"value":69.6404,"sigma":8.7428}},{"type":"Feature","geometry":{"type":"Polygon","coordinates":[[[-76.49,3.395],[-76.485,3.395],[-76.485,3.4],[-76.49,3.4],[-76.49,3.395]]]},"properties":{"value":69.6495,"sigma":7.7977}},{"type":"Feature","geometry":{"type":"Polygon","coordinates":[[[-76.48499999999999,3.395],[-76.47999999999999,3.395],[-76.47999999999999,3.4],[-76.48499999999999,3.4],[-76.48499999999999,3.395]]]},"properties":{"value":66.8108,"sigma":9.1625}},{"type":"Feature","geometry":{"type":"Polygon","coordinates":[[[-76.47999999999999,3.395],[-76.475,3.395],[-76.475,3.4],[-76.47999999999999,3.4],[-76.47999999999999,3.395]]]},"properties":{"value":62.5333,"sigma":9.2801}},{"type":"Feature","geometry":{"type":"Polygon","coordinates":[[[-76.475,3.395],[-76.47,3.395],[-76.47,3.4],[-76.475,3.4],[-76.475,3.395]]]},"properties":{"value":67.8153,"sigma":10.1765}},{"type":"Feature","geometry":{"type":"Polygon","coordinates":[[[-76.47,3.395],[-76.465,3.395],[-76.465,3.4],[-76.47,3.4],[-76.47,3.395]]]},"properties":{"value":67.4087,"sigma":11.5005}},{"type":"Feature","geometry":{"type":"Polygon","coordinates":[[[-76.46499999999999,3.395],[-76.46,3.395],[-76.46,3.4],[-76.46499999999999,3.4],[-76.46499999999999,3.395]]]},"properties":{"value":68.098,"sigma":9.7633}},{"type":"Feature","geometry":{"type":"Polygon","coordinates":[[[-76.46,3.395],[-76.455,3.395],[-76.455,3.4],[-76.46,3.4],[-76.46,3.395]]]},"properties":{"value":68.1578,"sigma":10.2123}},{"type":"Feature","geometry":{"type":"Polygon","coordinates":[[[-76.455,3.395],[-76.45,3.395],[-76.45,3.4],[-76.455,3.4],[-76.455,3.395]]]},"properties":{"value":64.3309,"sigma":10.8452}},{"type":"Feature","geometry":{"type":"Polygon","coordinates":[[[-76.44999999999999,3.395],[-76.445,3.395],[-76.445,3.4],[-76.44999999999999,3.4],[-76.44999999999999,3.395]]]},"properties":{"value":65.4129,"sigma":11.4736}},{"type":"Feature","geometry":{"type":"Polygon","coordinates":[[[-76.445,3.395],[-76.44,3.395],[-76.44,3.4],[-76.445,3.4],[-76.445,3.395]]]},"properties":{"value":66.12,"sigma":11.8796}},{"type":"Feature","geometry":{"type":"Polygon","coordinates":[[[-76.44,3.395],[-76.435,3.395],[-76.435,3.4],[-76.44,3.4],[-76.44,3.395]]]},"properties":{"value":67.1554,"sigma":12.1448}},{"type":"Feature","geometry":{"type":"Polygon","coordinates":[[[-76.43499999999999,3.395],[-76.42999999999999,3.395],[-76.42999999999999,3.4],[-76.43499999999999,3.4],[-76.43499999999999,3.395]]]},"properties":{"value":68.3149,"sigma":12.4862}},{"type":"Feature","geometry":{"type":"Polygon","coordinates":[[[-76.42999999999999,3.395],[-76.425,3.395],[-76.425,3.4],[-76.42999999999999,3.4],[-76.42999999999999,3.395]]]},"properties":{"value":68.3021,"sigma":12.4287}},{"type":"Feature","geometry":{"type":"Polygon","coordinates":[[[-76.425,3.395],[-76.42,3.395],[-76.42,3.4],[-76.425,3.4],[-76.425,3.395]]]},"properties":{"value":67.7689,"sigma":12.6006}},{"type":"Feature","geometry":{"type":"Polygon","coordinates":[[[-76.41999999999999,3.395],[-76.41499999999999,3.395],[-76.41499999999999,3.4],[-76.41999999999999,3.4],[-76.41999999999999,3.395]]]},"properties":{"value":68.6808,"sigma":14.9719}},{"type":"Feature","geometry":{"type":"Polygon","coordinates":[[[-76.41499999999999,3.395],[-76.41,3.395],[-76.41,3.4],[-76.41499999999999,3.4],[-76.41499999999999,3.395]]]},"properties":{"value":66.4823,"sigma":14.0803}},{"type":"Feature","geometry":{"type":"Polygon","coordinates":[[[-76.41,3.395],[-76.405,3.395],[-76.405,3.4],[-76.41,3.4],[-76.41,3.395]]]},"properties":{"value":67.5854,"sigma":14.7111}},{"type":"Feature","geometry":{"type":"Polygon","coordinates":[[[-76.40499999999999,3.395],[-76.39999999999999,3.395],[-76.39999999999999,3.4],[-76.40499999999999,3.4],[-76.40499999999999,3.395]]]},"properties":{"value":65.235,"sigma":16.1154}},{"type":"Feature","geometry":{"type":"Polygon","coordinates":[[[-76.6,3.4],[-76.595,3.4],[-76.595,3.405],[-76.6,3.405],[-76.6,3.4]]]},"properties":{"value":64.0769,"sigma":12.5925}},{"type":"Feature","geometry":{"type":"Polygon","coordinates":[[[-76.595,3.4],[-76.59,3.4],[-76.59,3.405],[-76.595,3.405],[-76.595,3.4]]]},"properties":{"value":65.8943,"sigma":11.6405}},{"type":"Feature","geometry":{"type":"Polygon","coordinates":[[[-76.58999999999999,3.4],[-76.585,3.4],[-76.585,3.405],[-76.58999999999999,3.405],[-76.58999999999999,3.4]]]},"properties":{"value":66.6053,"sigma":11.6206}},{"type":"Feature","geometry":{"type":"Polygon","coordinates":[[[-76.585,3.4],[-76.58,3.4],[-76.58,3.405],[-76.585,3.405],[-76.585,3.4]]]},"properties":{"value":64.9324,"sigma":10.5651}},{"type":"Feature","geometry":{"type":"Polygon","coordinates":[[[-76.58,3.4],[-76.575,3.4],[-76.575,3.405],[-76.58,3.405],[-76.58,3.4]]]},"properties":{"value":66.6422,"sigma":9.8009}},{"type":"Feature","geometry":{"type":"Polygon","coordinates":[[[-76.57499999999999,3.4],[-76.57,3.4],[-76.57,3.405],[-76.57499999999999,3.405],[-76.57499999999999,3.4]]]},"properties":{"value":65.8007,"sigma":9.9296}},{"type":"Feature","geometry":{"type":"Polygon","coordinates":[[[-76.57,3.4],[-76.565,3.4],[-76.565,3.405],[-76.57,3.405],[-76.57,3.4]]]},"properties":{"value":66.1556,"sigma":8.7506}},{"type":"Feature","geometry":{"type":"Polygon","coordinates":[[[-76.565,3.4],[-76.56,3.4],[-76.56,3.405],[-76.565,3.405],[-76.565,3.4]]]},"properties":{"value":67.2915,"sigma":8.9444}},{"type":"Feature","geometry":{"type":"Polygon","coordinates":[[[-76.55999999999999,3.4],[-76.55499999999999,3.4],[-76.55499999999999,3.405],[-76.55999999999999,3.405],[-76.55999999999999,3.4]]]},"properties":{"value":66.5475,"sigma":8.4592}},{"type":"Feature","geometry":{"type":"Polygon","coordinates":[[[-76.55499999999999,3.4],[-76.55,3.4],[-76.55,3.405],[-76.55499999999999,3.405],[-76.55499999999999,3.4]]]},"properties":{"value":67.9559,"sigma":7.5678}},{"type":"Feature","geometry":{"type":"Polygon","coordinates":[[[-76.55,3.4],[-76.545,3.4],[-76.545,3.405],[-76.55,3.405],[-76.55,3.4]]]},"properties":{"value":71.712,"sigma":8.3802}},{"type":"Feature","geometry":{"type":"Polygon","coordinates":[[[-76.54499999999999,3.4],[-76.53999999999999,3.4],[-76.53999999999999,3.405],[-76.54499999999999,3.405],[-76.54499999999999,3.4]]]},"properties":{"value":73.5125,"sigma":7.8252}},{"type":"Feature","geometry":{"type":"Polygon","coordinates":[[[-76.53999999999999,3.4],[-76.535,3.4],[-76.535,3.405],[-76.53999999999999,3.405],[-76.53999999999999,3.4]]]},"properties":{"value":71.2393,"sigma":8.5433}},{"type":"Feature","geometry":{"type":"Polygon","coordinates":[[[-76.535,3.4],[-76.53,3.4],[-76.53,3.405],[-76.535,3.405],[-76.535,3.4]]]},"properties":{"value":73.439,"sigma":10.1016}},{"type":"Feature","geometry":{"type":"Polygon","coordinates":[[[-76.52999999999999,3.4],[-76.52499999999999,3.4],[-76.52499999999999,3.405],[-76.52999999999999,3.405],[-76.52999999999999,3.4]]]},"properties":{"value":73.1984,"sigma":9.612}},{"type":"Feature","geometry":{"type":"Polygon","coordinates":[[[-76.52499999999999,3.4],[-76.52,3.4],[-76.52,3.405],[-76.52499999999999,3.405],[-76.52499999999999,3.4]]]},"properties":{"value":70.6044,"sigma":8.7931}},{"type":"Feature","geometry":{"type":"Polygon","coordinates":[[[-76.52,3.4],[-76.515,3.4],[-76.515,3.405],[-76.52,3.405],[-76.52,3.4]]]},"properties":{"value":71.1448,"sigma":9.964}},{"type":"Feature","geometry":{"type":"Polygon","coordinates":[[[-76.51499999999999,3.4],[-76.50999999999999,3.4],[-76.50999999999999,3.405],[-76.51499999999999,3.405],[-76.51499999999999,3.4]]]},"properties":{"value":71.0856,"sigma":10.0607}},{"type":"Feature","geometry":{"type":"Polygon","coordinates":[[[-76.50999999999999,3.4],[-76.505,3.4],[-76.505,3.405],[-76.50999999999999,3.405],[-76.50999999999999,3.4]]]},"properties":{"value":71.5405,"sigma":8.4986}},{"type":"Feature","geometry":{"type":"Polygon","coordinates":[[[-76.505,3.4],[-76.5,3.4],[-76.5,3.405],[-76.505,3.405],[-76.505,3.4]]]},"properties":{"value":69.3626,"sigma":8.3536}},{"type":"Feature","geometry":{"type":"Polygon","coordinates":[[[-76.49999999999999,3.4],[-76.49499999999999,3.4],[-76.49499999999999,3.405],[-76.49999999999999,3.405],[-76.49999999999999,3.4]]]},"properties":{"value":70.607,"sigma":6.9544}},{"type":"Feature","geometry":{"type":"Polygon","coordinates":[[[-76.49499999999999,3.4],[-76.49,3.4],[-76.49,3.405],[-76.49499999999999,3.405],[-76.49499999999999,3.4]]]},"properties":{"value":70.4173,"sigma":8.1671}},{"type":"Feature","geometry":{"type":"Polygon","coordinates":[[[-76.49,3.4],[-76.485,3.4],[-76.485,3.405],[-76.49,3.405],[-76.49,3.4]]]},"properties":{"value":68.0012,"sigma":8.6739}},{"type":"Feature","geometry":{"type":"Polygon","coordinates":[[[-76.48499999999999,3.4],[-76.47999999999999,3.4],[-76.47999999999999,3.405],[-76.48499999999999,3.405],[-76.48499999999999,3.4]]]},"properties":{"value":65.7783,"sigma":7.818}},{"type":"Feature","geometry":{"type":"Polygon","coordinates":[[[-76.47999999999999,3.4],[-76.475,3.4],[-76.475,3.405],[-76.47999999999999,3.405],[-76.47999999999999,3.4]]]},"properties":{"value":67.5884,"sigma":9.9927}},{"type":"Feature","geometry":{"type":"Polygon","coordinates":[[[-76.475,3.4],[-76.47,3.4],[-76.47,3.405],[-76.475,3.405],[-76.475,3.4]]]},"properties":{"value":67.588,"sigma":9.0361}},{"type":"Feature","geometry":{"type":"Polygon","coordinates":[[[-76.47,3.4],[-76.465,3.4],[-76.465,3.405],[-76.47,3.405],[-76.47,3.4]]]},"properties":{"value":66.9353,"sigma":9.9551}},{"type":"Feature","geometry":{"type":"Polygon","coordinates":[[[-76.46499999999999,3.4],[-76.46,3.4],[-76.46,3.405],[-76.46499999999999,3.405],[-76.46499999999999,3.4]]]},"properties":{"value":67.0357,"sigma":9.598}},{"type":"Feature","geometry":{"type":"Polygon","coordinates":[[[-76.46,3.4],[-76.455,3.4],[-76.455,3.405],[-76.46,3.405],[-76.46,3.4]]]},"properties":{"value":68.4606,"sigma":9.4378}},{"type":"Feature","geometry":{"type":"Polygon","coordinates":[[[-76.455,3.4],[-76.45,3.4],[-76.45,3.405],[-76.455,3.405],[-76.455,3.4]]]},"properties":{"value":65.062,"sigma":10.2597}},{"type":"Feature","geometry":{"type":"Polygon","coordinates":[[[-76.44999999999999,3.4],[-76.445,3.4],[-76.445,3.405],[-76.44999999999999,3.405],[-76.44999999999999,3.4]]]},"properties":{"value":64.5931,"sigma":10.126}},{"type":"Feature","geometry":{"type":"Polygon","coordinates":[[[-76.445,3.4],[-76.44,3.4],[-76.44,3.405],[-76.445,3.405],[-76.445,3.4]]]},"properties":{"value":66.9945,"sigma":10.9238}},{"type":"Feature","geometry":{"type":"Polygon","coordinates":[[[-76.44,3.4],[-76.435,3.4],[-76.435,3.405],[-76.44,3.405],[-76.44,3.4]]]},"properties":{"value":67.3774,"sigma":11.1102}},{"type":"Feature","geometry":{"type":"Polygon","coordinates":[[[-76.43499999999999,3.4],[-76.42999999999999,3.4],[-76.42999999999999,3.405],[-76.43499999999999,3.405],[-76.43499999999999,3.4]]]},"properties":{"value":67.9833,"sigma":11.7901}},{"type":"Feature","geometry":{"type":"Polygon","coordinates":[[[-76.42999999999999,3.4],[-76.425,3.4],[-76.425,3.405],[-76.42999999999999,3.405],[-76.42999999999999,3.4]]]},"properties":{"value":66.235,"sigma":11.8317}},{"type":"Feature","geometry":{"type":"Polygon","coordinates":[[[-76.425,3.4],[-76.42,3.4],[-76.42,3.405],[-76.425,3.405],[-76.425,3.4]]]},"properties":{"value":66.9047,"sigma":12.2796}},{"type":"Feature","geometry":{"type":"Polygon","coordinates":[[[-76.41999999999999,3.4],[-76.41499999999999,3.4],[-76.41499999999999,3.405],[-76.41999999999999,3.405],[-76.41999999999999,3.4]]]},"properties":{"value":66.6069,"sigma":13.3541}},{"type":"Feature","geometry":{"type":"Polygon","coordinates":[[[-76.41499999999999,3.4],[-76.41,3.4],[-76.41,3.405],[-76.41499999999999,3.405],[-76.41499999999999,3.4]]]},"properties":{"value":65.5511,"sigma":13.399}},{"type":"Feature","geometry":{"type":"Polygon","coordinates":[[[-76.41,3.4],[-76.405,3.4],[-76.405,3.405],[-76.41,3.405],[-76.41,3.4]]]},"properties":{"value":62.355,"sigma":13.9409}},{"type":"Feature","geometry":{"type":"Polygon","coordinates":[[[-76.40499999999999,3.4],[-76.39999999999999,3.4],[-76.39999999999999,3.405],[-76.40499999999999,3.405],[-76.40499999999999,3.4]]]},"properties":{"value":66.939,"sigma":14.5563}},{"type":"Feature","geometry":{"type":"Polygon","coordinates":[[[-76.6,3.405],[-76.595,3.405],[-76.595,3.4099999999999997],[-76.6,3.4099999999999997],[-76.6,3.405]]]},"properties":{"value":67.5181,"sigma":13.0777}},{"type":"Feature","geometry":{"type":"Polygon","coordinates":[[[-76.595,3.405],[-76.59,3.405],[-76.59,3.4099999999999997],[-76.595,3.4099999999999997],[-76.595,3.405]]]},"properties":{"value":66.8593,"sigma":12.9191}},{"type":"Feature","geometry":{"type":"Polygon","coordinates":[[[-76.58999999999999,3.405],[-76.585,3.405],[-76.585,3.4099999999999997],[-76.58999999999999,3.4099999999999997],[-76.58999999999999,3.405]]]},"properties":{"value":63.1621,"sigma":11.1619}},{"type":"Feature","geometry":{"type":"Polygon","coordinates":[[[-76.585,3.405],[-76.58,3.405],[-76.58,3.4099999999999997],[-76.585,3.4099999999999997],[-76.585,3.405]]]},"properties":{"value":65.888,"sigma":10.7037}},{"type":"Feature","geometry":{"type":"Polygon","coordinates":[[[-76.58,3.405],[-76.575,3.405],[-76.575,3.4099999999999997],[-76.58,3.4099999999999997],[-76.58,3.405]]]},"properties":{"value":68.3824,"sigma":9.2297}},{"type":"Feature","geometry":{"type":"Polygon","coordinates":[[[-76.57499999999999,3.405],[-76.57,3.405],[-76.57,3.4099999999999997],[-76.57499999999999,3.4099999999999997],[-76.57499999999999,3.405]]]},"properties":{"value":66.1608,"sigma":8.5784}},{"type":"Feature","geometry":{"type":"Polygon","coordinates":[[[-76.57,3.405],[-76.565,3.405],[-76.565,3.4099999999999997],[-76.57,3.4099999999999997],[-76.57,3.405]]]},"properties":{"value":71.5388,"sigma":7.8342}},{"type":"Feature","geometry":{"type":"Polygon","coordinates":[[[-76.565,3.405],[-76.56,3.405],[-76.56,3.4099999999999997],[-76.565,3.4099999999999997],[-76.565,3.405]]]},"properties":{"value":65.9499,"sigma":9.2961}},{"type":"Feature","geometry":{"type":"Polygon","coordinates":[[[-76.55999999999999,3.405],[-76.55499999999999,3.405],[-76.55499999999999,3.4099999999999997],[-76.55999999999999,3.4099999999999997],[-76.55999999999999,3.405]]]},"properties":{"value":70.2549,"sigma":8.0971}},{"type":"Feature","geometry":{"type":"Polygon","coordinates":[[[-76.55499999999999,3.405],[-76.55,3.405],[-76.55,3.4099999999999997],[-76.55499999999999,3.4099999999999997],[-76.55499999999999,3.405]]]},"properties":{"value":70.1065,"sigma":7.3324}},{"type":"Feature","geometry":{"type":"Polygon","coordinates":[[[-76.55,3.405],[-76.545,3.405],[-76.545,3.4099999999999997],[-76.55,3.4099999999999997],[-76.55,3.405]]]},"properties":{"value":68.6437,"sigma":6.9945}},{"type":"Feature","geometry":{"type":"Polygon","coordinates":[[[-76.54499999999999,3.405],[-76.53999999999999,3.405],[-76.53999999999999,3.4099999999999997],[-76.54499999999999,3.4099999999999997],[-76.54499999999999,3.405]]]},"properties":{"value":73.2124,"sigma":7.7651}},{"type":"Feature","geometry":{"type":"Polygon","coordinates":[[[-76.53999999999999,3.405],[-76.535,3.405],[-76.535,3.4099999999999997],[-76.53999999999999,3.4099999999999997],[-76.53999999999999,3.405]]]},"properties":{"value":71.5144,"sigma":8.376}},{"type":"Feature","geometry":{"type":"Polygon","coordinates":[[[-76.535,3.405],[-76.53,3.405],[-76.53,3.4099999999999997],[-76.535,3.4099999999999997],[-76.535,3.405]]]},"properties":{"value":72.288,"sigma":9.3994}},{"type":"Feature","geometry":{"type":"Polygon","coordinates":[[[-76.52999999999999,3.405],[-76.52499999999999,3.405],[-76.52499999999999,3.4099999999999997],[-76.52999999999999,3.4099999999999997],[-76.52999999999999,3.405]]]},"properties":{"value":73.911,"sigma":8.9982}},{"type":"Feature","geometry":{"type":"Polygon","coordinates":[[[-76.52499999999999,3.405],[-76.52,3.405],[-76.52,3.4099999999999997],[-76.52499999999999,3.4099999999999997],[-76.52499999999999,3.405]]]},"properties":{"value":74.9329,"sigma":10.3674}},{"type":"Feature","geometry":{"type":"Polygon","coordinates":[[[-76.52,3.405],[-76.515,3.405],[-76.515,3.4099999999999997],[-76.52,3.4099999999999997],[-76.52,3.405]]]},"properties":{"value":71.953,"sigma":9.9393}},{"type":"Feature","geometry":{"type":"Polygon","coordinates":[[[-76.51499999999999,3.405],[-76.50999999999999,3.405],[-76.50999999999999,3.4099999999999997],[-76.51499999999999,3.4099999999999997],[-76.51499999999999,3.405]]]},"properties":{"value":71.096,"sigma":9.3984}},{"type":"Feature","geometry":{"type":"Polygon","coordinates":[[[-76.50999999999999,3.405],[-76.505,3.405],[-76.505,3.4099999999999997],[-76.50999999999999,3.4099999999999997],[-76.50999999999999,3.405]]]},"properties":{"value":72.6791,"sigma":8.665}},{"type":"Feature","geometry":{"type":"Polygon","coordinates":[[[-76.505,3.405],[-76.5,3.405],[-76.5,3.4099999999999997],[-76.505,3.4099999999999997],[-76.505,3.405]]]},"properties":{"value":69.8034,"sigma":8.0105}},{"type":"Feature","geometry":{"type":"Polygon","coordinates":[[[-76.49999999999999,3.405],[-76.49499999999999,3.405],[-76.49499999999999,3.4099999999999997],[-76.49999999999999,3.4099999999999997],[-76.49999999999999,3.405]]]},"properties":{"value":71.1304,"sigma":7.0596}},{"type":"Feature","geometry":{"type":"Polygon","coordinates":[[[-76.49499999999999,3.405],[-76.49,3.405],[-76.49,3.4099999999999997],[-76.49499999999999,3.4099999999999997],[-76.49499999999999,3.405]]]},"properties":{"value":67.8276,"sigma":8.2997}},{"type":"Feature","geometry":{"type":"Polygon","coordinates":[[[-76.49,3.405],[-76.485,3.405],[-76.485,3.4099999999999997],[-76.49,3.4099999999999997],[-76.49,3.405]]]},"properties":{"value":65.0668,"sigma":8.0284}},{"type":"Feature","geometry":{"type":"Polygon","coordinates":[[[-76.48499999999999,3.405],[-76.47999999999999,3.405],[-76.47999999999999,3.4099999999999997],[-76.48499999999999,3.4099999999999997],[-76.48499999999999,3.405]]]},"properties":{"value":69.1278,"sigma":8.7549}},{"type":"Feature","geometry":{"type":"Polygon","coordinates":[[[-76.47999999999999,3.405],[-76.475,3.405],[-76.475,3.4099999999999997],[-76.47999999999999,3.4099999999999997],[-76.47999999999999,3.405]]]},"properties":{"value":68.1561,"sigma":8.56}},{"type":"Feature","geometry":{"type":"Polygon","coordinates":[[[-76.475,3.405],[-76.47,3.405],[-76.47,3.4099999999999997],[-76.475,3.4099999999999997],[-76.475,3.405]]]},"properties":{"value":67.7648,"sigma":9.2921}},{"type":"Feature","geometry":{"type":"Polygon","coordinates":[[[-76.47,3.405],[-76.465,3.405],[-76.465,3.4099999999999997],[-76.47,3.4099999999999997],[-76.47,3.405]]]},"properties":{"value":63.9061,"sigma":8.7176}},{"type":"Feature","geometry":{"type":"Polygon","coordinates":[[[-76.46499999999999,3.405],[-76.46,3.405],[-76.46,3.4099999999999997],[-76.46499999999999,3.4099999999999997],[-76.46499999999999,3.405]]]},"properties":{"value":64.1134,"sigma":9.2611}},{"type":"Feature","geometry":{"type":"Polygon","coordinates":[[[-76.46,3.405],[-76.455,3.405],[-76.455,3.4099999999999997],[-76.46,3.4099999999999997],[-76.46,3.405]]]},"properties":{"value":65.6634,"sigma":8.8333}},{"type":"Feature","geometry":{"type":"Polygon","coordinates":[[[-76.455,3.405],[-76.45,3.405],[-76.45,3.4099999999999997],[-76.455,3.4099999999999997],[-76.455,3.405]]]},"properties":{"value":67.5551,"sigma":9.2632}},{"type":"Feature","geometry":{"type":"Polygon","coordinates":[[[-76.44999999999999,3.405],[-76.445,3.405],[-76.445,3.4099999999999997],[-76.44999999999999,3.4099999999999997],[-76.44999999999999,3.405]]]},"properties":{"value":63.6731,"sigma":10.4593}},{"type":"Feature","geometry":{"type":"Polygon","coordinates":[[[-76.445,3.405],[-76.44,3.405],[-76.44,3.4099999999999997],[-76.445,3.4099999999999997],[-76.445,3.405]]]},"properties":{"value":64.6843,"sigma":11.0251}},{"type":"Feature","geometry":{"type":"Polygon","coordinates":[[[-76.44,3.405],[-76.435,3.405],[-76.435,3.4099999999999997],[-76.44,3.4099999999999997],[-76.44,3.405]]]},"properties":{"value":67.2208,"sigma":11.6408}},{"type":"Feature","geometry":{"type":"Polygon","coordinates":[[[-76.43499999999999,3.405],[-76.42999999999999,3.405],[-76.42999999999999,3.4099999999999997],[-76.43499999999999,3.4099999999999997],[-76.43499999999999,3.405]]]},"properties":{"value":64.8984,"sigma":11.5714}},{"type":"Feature","geometry":{"type":"Polygon","coordinates":[[[-76.42999999999999,3.405],[-76.425,3.405],[-76.425,3.4099999999999997],[-76.42999999999999,3.4099999999999997],[-76.42999999999999,3.405]]]},"properties":{"value":66.9452,"sigma":13.1148}},{"type":"Feature","geometry":{"type":"Polygon","coordinates":[[[-76.425,3.405],[-76.42,3.405],[-76.42,3.4099999999999997],[-76.425,3.4099999999999997],[-76.425,3.405]]]},"properties":{"value":66.6763,"sigma":13.0311}},{"type":"Feature","geometry":{"type":"Polygon","coordinates":[[[-76.41999999999999,3.405],[-76.41499999999999,3.405],[-76.41499999999999,3.4099999999999997],[-76.41999999999999,3.4099999999999997],[-76.41999999999999,3.405]]]},"properties":{"value":65.7221,"sigma":13.5574}},{"type":"Feature","geometry":{"type":"Polygon","coordinates":[[[-76.41499999999999,3.405],[-76.41,3.405],[-76.41,3.4099999999999997],[-76.41499999999999,3.4099999999999997],[-76.41499999999999,3.405]]]},"properties":{"value":65.3556,"sigma":13.952}},{"type":"Feature","geometry":{"type":"Polygon","coordinates":[[[-76.41,3.405],[-76.405,3.405],[-76.405,3.4099999999999997],[-76.41,3.4099999999999997],[-76.41,3.405]]]},"properties":{"value":63.3229,"sigma":13.8884}},{"type":"Feature","geometry":{"type":"Polygon","coordinates":[[[-76.40499999999999,3.405],[-76.39999999999999,3.405],[-76.39999999999999,3.4099999999999997],[-76.40499999999999,3.4099999999999997],[-76.40499999999999,3.405]]]},"properties":{"value":67.2314,"sigma":15.5539}},{"type":"Feature","geometry":{"type":"Polygon","coordinates":[[[-76.6,3.4099999999999997],[-76.595,3.4099999999999997],[-76.595,3.4149999999999996],[-76.6,3.4149999999999996],[-76.6,3.4099999999999997]]]},"properties":{"value":66.3708,"sigma":12.1948}},{"type":"Feature","geometry":{"type":"Polygon","coordinates":[[[-76.595,3.4099999999999997],[-76.59,3.4099999999999997],[-76.59,3.4149999999999996],[-76.595,3.4149999999999996],[-76.595,3.4099999999999997]]]},"properties":{"value":65.9641,"sigma":11.9932}},{"type":"Feature","geometry":{"type":"Polygon","coordinates":[[[-76.58999999999999,3.4099999999999997],[-76.585,3.4099999999999997],[-76.585,3.4149999999999996],[-76.58999999999999,3.4149999999999996],[-76.58999999999999,3.4099999999999997]]]},"properties":{"value":68.1308,"sigma":11.2599}},{"type":"Feature","geometry":{"type":"Polygon","coordinates":[[[-76.585,3.4099999999999997],[-76.58,3.4099999999999997],[-76.58,3.4149999999999996],[-76.585,3.4149999999999996],[-76.585,3.4099999999999997]]]},"properties":{"value":65.1102,"sigma":11.9632}},{"type":"Feature","geometry":{"type":"Polygon","coordinates":[[[-76.58,3.4099999999999997],[-76.575,3.4099999999999997],[-76.575,3.4149999999999996],[-76.58,3.4149999999999996],[-76.58,3.4099999999999997]]]},"properties":{"value":66.5169,"sigma":9.6024}},{"type":"Feature","geometry":{"type":"Polygon","coordinates":[[[-76.57499999999999,3.4099999999999997],[-76.57,3.4099999999999997],[-76.57,3.4149999999999996],[-76.57499999999999,3.4149999999999996],[-76.57499999999999,3.4099999999999997]]]},"properties":{"value":67.022,"sigma":8.4202}},{"type":"Feature","geometry":{"type":"Polygon","coordinates":[[[-76.57,3.4099999999999997],[-76.565,3.4099999999999997],[-76.565,3.4149999999999996],[-76.57,3.4149999999999996],[-76.57,3.4099999999999997]]]},"properties":{"value":66.449,"sigma":8.861}},{"type":"Feature","geometry":{"type":"Polygon","coordinates":[[[-76.565,3.4099999999999997],[-76.56,3.4099999999999997],[-76.56,3.4149999999999996],[-76.565,3.4149999999999996],[-76.565,3.4099999999999997]]]},"properties":{"value":67.1796,"sigma":8.8149}},{"type":"Feature","geometry":{"type":"Polygon","coordinates":[[[-76.55999999999999,3.4099999999999997],[-76.55499999999999,3.4099999999999997],[-76.55499999999999,3.4149999999999996],[-76.55999999999999,3.4149999999999996],[-76.55999999999999,3.4099999999999997]]]},"properties":{"value":68.3071,"sigma":7.7924}},{"type":"Feature","geometry":{"type":"Polygon","coordinates":[[[-76.55499999999999,3.4099999999999997],[-76.55,3.4099999999999997],[-76.55,3.4149999999999996],[-76.55499999999999,3.4149999999999996],[-76.55499999999999,3.4099999999999997]]]},"properties":{"value":74.2455,"sigma":6.2839}},{"type":"Feature","geometry":{"type":"Polygon","coordinates":[[[-76.55,3.4099999999999997],[-76.545,3.4099999999999997],[-76.545,3.4149999999999996],[-76.55,3.4149999999999996],[-76.55,3.4099999999999997]]]},"properties":{"value":73.2557,"sigma":7.0623}},{"type":"Feature","geometry":{"type":"Polygon","coordinates":[[[-76.54499999999999,3.4099999999999997],[-76.53999999999999,3.4099999999999997],[-76.53999999999999,3.4149999999999996],[-76.54499999999999,3.4149999999999996],[-76.54499999999999,3.4099999999999997]]]},"properties":{"value":72.2836,"sigma":7.3771}},{"type":"Feature","geometry":{"type":"Polygon","coordinates":[[[-76.53999999999999,3.4099999999999997],[-76.535,3.4099999999999997],[-76.535,3.4149999999999996],[-76.53999999999999,3.4149999999999996],[-76.53999999999999,3.4099999999999997]]]},"properties":{"value":73.8281,"sigma":8.0495}},{"type":"Feature","geometry":{"type":"Polygon","coordinates":[[[-76.535,3.4099999999999997],[-76.53,3.4099999999999997],[-76.53,3.4149999999999996],[-76.535,3.4149999999999996],[-76.535,3.4099999999999997]]]},"properties":{"value":75.6173,"sigma":8.6176}},{"type":"Feature","geometry":{"type":"Polygon","coordinates":[[[-76.52999999999999,3.4099999999999997],[-76.52499999999999,3.4099999999999997],[-76.52499999999999,3.4149999999999996],[-76.52999999999999,3.4149999999999996],[-76.52999999999999,3.4099999999999997]]]},"properties":{"value":75.5398,"sigma":9.1955}},{"type":"Feature","geometry":{"type":"Polygon","coordinates":[[[-76.52499999999999,3.4099999999999997],[-76.52,3.4099999999999997],[-76.52,3.4149999999999996],[-76.52499999999999,3.4149999999999996],[-76.52499999999999,3.4099999999999997]]]},"properties":{"value":72.85,"sigma":9.8146}},{"type":"Feature","geometry":{"type":"Polygon","coordinates":[[[-76.52,3.4099999999999997],[-76.515,3.4099999999999997],[-76.515,3.4149999999999996],[-76.52,3.4149999999999996],[-76.52,3.4099999999999997]]]},"properties":{"value":73.0349,"sigma":8.3784}},{"type":"Feature","geometry":{"type":"Polygon","coordinates":[[[-76.51499999999999,3.4099999999999997],[-76.50999999999999,3.4099999999999997],[-76.50999999999999,3.4149999999999996],[-76.51499999999999,3.4149999999999996],[-76.51499999999999,3.4099999999999997]]]},"properties":{"value":74.3833,"sigma":8.5162}},{"type":"Feature","geometry":{"type":"Polygon","coordinates":[[[-76.50999999999999,3.4099999999999997],[-76.505,3.4099999999999997],[-76.505,3.4149999999999996],[-76.50999999999999,3.4149999999999996],[-76.50999999999999,3.4099999999999997]]]},"properties":{"value":71.641,"sigma":8.2834}},{"type":"Feature","geometry":{"type":"Polygon","coordinates":[[[-76.505,3.4099999999999997],[-76.5,3.4099999999999997],[-76.5,3.4149999999999996],[-76.505,3.4149999999999996],[-76.505,3.4099999999999997]]]},"properties":{"value":71.3882,"sigma":8.6012}},{"type":"Feature","geometry":{"type":"Polygon","coordinates":[[[-76.49999999999999,3.4099999999999997],[-76.49499999999999,3.4099999999999997],[-76.49499999999999,3.4149999999999996],[-76.49999999999999,3.4149999999999996],[-76.49999999999999,3.4099999999999997]]]},"properties":{"value":67.9138,"sigma":8.2614}},{"type":"Feature","geometry":{"type":"Polygon","coordinates":[[[-76.49499999999999,3.4099999999999997],[-76.49,3.4099999999999997],[-76.49,3.4149999999999996],[-76.49499999999999,3.4149999999999996],[-76.49499999999999,3.4099999999999997]]]},"properties":{"value":68.7399,"sigma":7.6222}},{"type":"Feature","geometry":{"type":"Polygon","coordinates":[[[-76.49,3.4099999999999997],[-76.485,3.4099999999999997],[-76.485,3.4149999999999996],[-76.49,3.4149999999999996],[-76.49,3.4099999999999997]]]},"properties":{"value":66.8449,"sigma":7.6337}},{"type":"Feature","geometry":{"type":"Polygon","coordinates":[[[-76.48499999999999,3.4099999999999997],[-76.47999999999999,3.4099999999999997],[-76.47999999999999,3.4149999999999996],[-76.48499999999999,3.4149999999999996],[-76.48499999999999,3.4099999999999997]]]},"properties":{"value":68.6601,"sigma":6.6015}},{"type":"Feature","geometry":{"type":"Polygon","coordinates":[[[-76.47999999999999,3.4099999999999997],[-76.475,3.4099999999999997],[-76.475,3.4149999999999996],[-76.47999999999999,3.4149999999999996],[-76.47999999999999,3.4099999999999997]]]},"properties":{"value":63.367,"sigma":8.8317}},{"type":"Feature","geometry":{"type":"Polygon","coordinates":[[[-76.475,3.4099999999999997],[-76.47,3.4099999999999997],[-76.47,3.4149999999999996],[-76.475,3.4149999999999996],[-76.475,3.4099999999999997]]]},"properties":{"value":68.1764,"sigma":8.2626}},{"type":"Feature","geometry":{"type":"Polygon","coordinates":[[[-76.47,3.4099999999999997],[-76.465,3.4099999999999997],[-76.465,3.4149999999999996],[-76.47,3.4149999999999996],[-76.47,3.4099999999999997]]]},"properties":{"value":65.8277,"sigma":8.8354}},{"type":"Feature","geometry":{"type":"Polygon","coordinates":[[[-76.46499999999999,3.4099999999999997],[-76.46,3.4099999999999997],[-76.46,3.4149999999999996],[-76.46499999999999,3.4149999999999996],[-76.46499999999999,3.4099999999999997]]]},"properties":{"value":65.6171,"sigma":8.3514}},{"type":"Feature","geometry":{"type":"Polygon","coordinates":[[[-76.46,3.4099999999999997],[-76.455,3.4099999999999997],[-76.455,3.4149999999999996],[-76.46,3.4149999999999996],[-76.46,3.4099999999999997]]]},"properties":{"value":64.6216,"sigma":8.0485}},{"type":"Feature","geometry":{"type":"Polygon","coordinates":[[[-76.455,3.4099999999999997],[-76.45,3.4099999999999997],[-76.45,3.4149999999999996],[-76.455,3.4149999999999996],[-76.455,3.4099999999999997]]]},"properties":{"value":66.7397,"sigma":9.5496}},{"type":"Feature","geometry":{"type":"Polygon","coordinates":[[[-76.44999999999999,3.4099999999999997],[-76.445,3.4099999999999997],[-76.445,3.4149999999999996],[-76.44999999999999,3.4149999999999996],[-76.44999999999999,3.4099999999999997]]]},"properties":{"value":65.6158,"sigma":9.7206}},{"type":"Feature","geometry":{"type":"Polygon","coordinates":[[[-76.445,3.4099999999999997],[-76.44,3.4099999999999997],[-76.44,3.4149999999999996],[-76.445,3.4149999999999996],[-76.445,3.4099999999999997]]]},"properties":{"value":67.6148,"sigma":10.5061}},{"type":"Feature","geometry":{"type":"Polygon","coordinates":[[[-76.44,3.4099999999999997],[-76.435,3.4099999999999997],[-76.435,3.4149999999999996],[-76.44,3.4149999999999996],[-76.44,3.4099999999999997]]]},"properties":{"value":66.8376,"sigma":10.4226}},{"type":"Feature","geometry":{"type":"Polygon","coordinates":[[[-76.43499999999999,3.4099999999999997],[-76.42999999999999,3.4099999999999997],[-76.42999999999999,3.4149999999999996],[-76.43499999999999,3.4149999999999996],[-76.43499999999999,3.4099999999999997]]]},"properties":{"value":65.1447,"sigma":9.9469}},{"type":"Feature","geometry":{"type":"Polygon","coordinates":[[[-76.42999999999999,3.4099999999999997],[-76.425,3.4099999999999997],[-76.425,3.4149999999999996],[-76.42999999999999,3.4149999999999996],[-76.42999999999999,3.4099999999999997]]]},"properties":{"value":65.4043,"sigma":12.2085}},{"type":"Feature","geometry":{"type":"Polygon","coordinates":[[[-76.425,3.4099999999999997],[-76.42,3.4099999999999997],[-76.42,3.4149999999999996],[-76.425,3.4149999999999996],[-76.425,3.4099999999999997]]]},"properties":{"value":65.6798,"sigma":12.4015}},{"type":"Feature","geometry":{"type":"Polygon","coordinates":[[[-76.41999999999999,3.4099999999999997],[-76.41499999999999,3.4099999999999997],[-76.41499999999999,3.4149999999999996],[-76.41999999999999,3.4149999999999996],[-76.41999999999999,3.4099999999999997]]]},"properties":{"value":65.4446,"sigma":12.1333}},{"type":"Feature","geometry":{"type":"Polygon","coordinates":[[[-76.41499999999999,3.4099999999999997],[-76.41,3.4099999999999997],[-76.41,3.4149999999999996],[-76.41499999999999,3.4149999999999996],[-76.41499999999999,3.4099999999999997]]]},"properties":{"value":64.713,"sigma":12.1898}},{"type":"Feature","geometry":{"type":"Polygon","coordinates":[[[-76.41,3.4099999999999997],[-76.405,3.4099999999999997],[-76.405,3.4149999999999996],[-76.41,3.4149999999999996],[-76.41,3.4099999999999997]]]},"properties":{"value":67.003,"sigma":14.4385}},{"type":"Feature","geometry":{"type":"Polygon","coordinates":[[[-76.40499999999999,3.4099999999999997],[-76.39999999999999,3.4099999999999997],[-76.39999999999999,3.4149999999999996],[-76.40499999999999,3.4149999999999996],[-76.40499999999999,3.4099999999999997]]]},"properties":{"value":63.7661,"sigma":14.1081}},{"type":"Feature","geometry":{"type":"Polygon","coordinates":[[[-76.6,3.415],[-76.595,3.415],[-76.595,3.42],[-76.6,3.42],[-76.6,3.415]]]},"properties":{"value":65.6766,"sigma":13.0125}},{"type":"Feature","geometry":{"type":"Polygon","coordinates":[[[-76.595,3.415],[-76.59,3.415],[-76.59,3.42],[-76.595,3.42],[-76.595,3.415]]]},"properties":{"value":67.138,"sigma":12.273}},{"type":"Feature","geometry":{"type":"Polygon","coordinates":[[[-76.58999999999999,3.415],[-76.585,3.415],[-76.585,3.42],[-76.58999999999999,3.42],[-76.58999999999999,3.415]]]},"properties":{"value":66.3891,"sigma":10.7952}},{"type":"Feature","geometry":{"type":"Polygon","coordinates":[[[-76.585,3.415],[-76.58,3.415],[-76.58,3.42],[-76.585,3.42],[-76.585,3.415]]]},"properties":{"value":66.6555,"sigma":11.4653}},{"type":"Feature","geometry":{"type":"Polygon","coordinates":[[[-76.58,3.415],[-76.575,3.415],[-76.575,3.42],[-76.58,3.42],[-76.58,3.415]]]},"properties":{"value":66.3016,"sigma":9.4141}},{"type":"Feature","geometry":{"type":"Polygon","coordinates":[[[-76.57499999999999,3.415],[-76.57,3.415],[-76.57,3.42],[-76.57499999999999,3.42],[-76.57499999999999,3.415]]]},"properties":{"value":68.1437,"sigma":8.8873}},{"type":"Feature","geometry":{"type":"Polygon","coordinates":[[[-76.57,3.415],[-76.565,3.415],[-76.565,3.42],[-76.57,3.42],[-76.57,3.415]]]},"properties":{"value":68.2367,"sigma":8.0041}},{"type":"Feature","geometry":{"type":"Polygon","coordinates":[[[-76.565,3.415],[-76.56,3.415],[-76.56,3.42],[-76.565,3.42],[-76.565,3.415]]]},"properties":{"value":72.5871,"sigma":8.2306}},{"type":"Feature","geometry":{"type":"Polygon","coordinates":[[[-76.55999999999999,3.415],[-76.55499999999999,3.415],[-76.55499999999999,3.42],[-76.55999999999999,3.42],[-76.55999999999999,3.415]]]},"properties":{"value":70.4446,"sigma":7.6125}},{"type":"Feature","geometry":{"type":"Polygon","coordinates":[[[-76.55499999999999,3.415],[-76.55,3.415],[-76.55,3.42],[-76.55499999999999,3.42],[-76.55499999999999,3.415]]]},"properties":{"value":73.9263,"sigma":7.5242}},{"type":"Feature","geometry":{"type":"Polygon","coordinates":[[[-76.55,3.415],[-76.545,3.415],[-76.545,3.42],[-76.55,3.42],[-76.55,3.415]]]},"properties":{"value":74.7881,"sigma":6.9167}},{"type":"Feature","geometry":{"type":"Polygon","coordinates":[[[-76.54499999999999,3.415],[-76.53999999999999,3.415],[-76.53999999999999,3.42],[-76.54499999999999,3.42],[-76.54499999999999,3.415]]]},"properties":{"value":74.039,"sigma":8.369}},{"type":"Feature","geometry":{"type":"Polygon","coordinates":[[[-76.53999999999999,3.415],[-76.535,3.415],[-76.535,3.42],[-76.53999999999999,3.42],[-76.53999999999999,3.415]]]},"properties":{"value":74.6086,"sigma":7.6746}},{"type":"Feature","geometry":{"type":"Polygon","coordinates":[[[-76.535,3.415],[-76.53,3.415],[-76.53,3.42],[-76.535,3.42],[-76.535,3.415]]]},"properties":{"value":78.714,"sigma":8.35}},{"type":"Feature","geometry":{"type":"Polygon","coordinates":[[[-76.52999999999999,3.415],[-76.52499999999999,3.415],[-76.52499999999999,3.42],[-76.52999999999999,3.42],[-76.52999999999999,3.415]]]},"properties":{"value":75.1258,"sigma":9.4414}},{"type":"Feature","geometry":{"type":"Polygon","coordinates":[[[-76.52499999999999,3.415],[-76.52,3.415],[-76.52,3.42],[-76.52499999999999,3.42],[-76.52499999999999,3.415]]]},"properties":{"value":76.1157,"sigma":9.3778}},{"type":"Feature","geometry":{"type":"Polygon","coordinates":[[[-76.52,3.415],[-76.515,3.415],[-76.515,3.42],[-76.52,3.42],[-76.52,3.415]]]},"properties":{"value":76.5653,"sigma":8.8096}},{"type":"Feature","geometry":{"type":"Polygon","coordinates":[[[-76.51499999999999,3.415],[-76.50999999999999,3.415],[-76.50999999999999,3.42],[-76.51499999999999,3.42],[-76.51499999999999,3.415]]]},"properties":{"value":73.0213,"sigma":8.7158}},{"type":"Feature","geometry":{"type":"Polygon","coordinates":[[[-76.50999999999999,3.415],[-76.505,3.415],[-76.505,3.42],[-76.50999999999999,3.42],[-76.50999999999999,3.415]]]},"properties":{"value":70.605,"sigma":8.1121}},{"type":"Feature","geometry":{"type":"Polygon","coordinates":[[[-76.505,3.415],[-76.5,3.415],[-76.5,3.42],[-76.505,3.42],[-76.505,3.415]]]},"properties":{"value":74.914,"sigma":7.0838}},{"type":"Feature","geometry":{"type":"Polygon","coordinates":[[[-76.49999999999999,3.415],[-76.49499999999999,3.415],[-76.49499999999999,3.42],[-76.49999999999999,3.42],[-76.49999999999999,3.415]]]},"properties":{"value":68.3929,"sigma":6.9757}},{"type":"Feature","geometry":{"type":"Polygon","coordinates":[[[-76.49499999999999,3.415],[-76.49,3.415],[-76.49,3.42],[-76.49499999999999,3.42],[-76.49499999999999,3.415]]]},"properties":{"value":67.3018,"sigma":5.367}},{"type":"Feature","geometry":{"type":"Polygon","coordinates":[[[-76.49,3.415],[-76.485,3.415],[-76.485,3.42],[-76.49,3.42],[-76.49,3.415]]]},"properties":{"value":68.2233,"sigma":8.235}},{"type":"Feature","geometry":{"type":"Polygon","coordinates":[[[-76.48499999999999,3.415],[-76.47999999999999,3.415],[-76.47999999999999,3.42],[-76.48499999999999,3.42],[-76.48499999999999,3.415]]]},"properties":{"value":66.6054,"sigma":7.7889}},{"type":"Feature","geometry":{"type":"Polygon","coordinates":[[[-76.47999999999999,3.415],[-76.475,3.415],[-76.475,3.42],[-76.47999999999999,3.42],[-76.47999999999999,3.415]]]},"properties":{"value":70.7569,"sigma":8.7922}},{"type":"Feature","geometry":{"type":"Polygon","coordinates":[[[-76.475,3.415],[-76.47,3.415],[-76.47,3.42],[-76.475,3.42],[-76.475,3.415]]]},"properties":{"value":67.4242,"sigma":7.8834}},{"type":"Feature","geometry":{"type":"Polygon","coordinates":[[[-76.47,3.415],[-76.465,3.415],[-76.465,3.42],[-76.47,3.42],[-76.47,3.415]]]},"properties":{"value":63.8858,"sigma":8.2671}},{"type":"Feature","geometry":{"type":"Polygon","coordinates":[[[-76.46499999999999,3.415],[-76.46,3.415],[-76.46,3.42],[-76.46499999999999,3.42],[-76.46499999999999,3.415]]]},"properties":{"value":64.4362,"sigma":7.8928}},{"type":"Feature","geometry":{"type":"Polygon","coordinates":[[[-76.46,3.415],[-76.455,3.415],[-76.455,3.42],[-76.46,3.42],[-76.46,3.415]]]},"properties":{"value":63.6111,"sigma":8.0034}},{"type":"Feature","geometry":{"type":"Polygon","coordinates":[[[-76.455,3.415],[-76.45,3.415],[-76.45,3.42],[-76.455,3.42],[-76.455,3.415]]]},"properties":{"value":65.1807,"sigma":8.8824}},{"type":"Feature","geometry":{"type":"Polygon","coordinates":[[[-76.44999999999999,3.415],[-76.445,3.415],[-76.445,3.42],[-76.44999999999999,3.42],[-76.44999999999999,3.415]]]},"properties":{"value":64.754,"sigma":9.9422}},{"type":"Feature","geometry":{"type":"Polygon","coordinates":[[[-76.445,3.415],[-76.44,3.415],[-76.44,3.42],[-76.445,3.42],[-76.445,3.415]]]},"properties":{"value":67.3072,"sigma":9.7632}},{"type":"Feature","geometry":{"type":"Polygon","coordinates":[[[-76.44,3.415],[-76.435,3.415],[-76.435,3.42],[-76.44,3.42],[-76.44,3.415]]]},"properties":{"value":65.0534,"sigma":10.3717}},{"type":"Feature","geometry":{"type":"Polygon","coordinates":[[[-76.43499999999999,3.415],[-76.42999999999999,3.415],[-76.42999999999999,3.42],[-76.43499999999999,3.42],[-76.43499999999999,3.415]]]},"properties":{"value":64.3549,"sigma":10.8463}},{"type":"Feature","geometry":{"type":"Polygon","coordinates":[[[-76.42999999999999,3.415],[-76.425,3.415],[-76.425,3.42],[-76.42999999999999,3.42],[-76.42999999999999,3.415]]]},"properties":{"value":63.5459,"sigma":11.2107}},{"type":"Feature","geometry":{"type":"Polygon","coordinates":[[[-76.425,3.415],[-76.42,3.415],[-76.42,3.42],[-76.425,3.42],[-76.425,3.415]]]},"properties":{"value":64.683,"sigma":12.0193}},{"type":"Feature","geometry":{"type":"Polygon","coordinates":[[[-76.41999999999999,3.415],[-76.41499999999999,3.415],[-76.41499999999999,3.42],[-76.41999999999999,3.42],[-76.41999999999999,3.415]]]},"properties":{"value":65.0057,"sigma":12.3304}},{"type":"Feature","geometry":{"type":"Polygon","coordinates":[[[-76.41499999999999,3.415],[-76.41,3.415],[-76.41,3.42],[-76.41499999999999,3.42],[-76.41499999999999,3.415]]]},"properties":{"value":66.4784,"sigma":13.4402}},{"type":"Feature","geometry":{"type":"Polygon","coordinates":[[[-76.41,3.415],[-76.405,3.415],[-76.405,3.42],[-76.41,3.42],[-76.41,3.415]]]},"properties":{"value":65.4921,"sigma":13.4506}},{"type":"Feature","geometry":{"type":"Polygon","coordinates":[[[-76.40499999999999,3.415],[-76.39999999999999,3.415],[-76.39999999999999,3.42],[-76.40499999999999,3.42],[-76.40499999999999,3.415]]]},"properties":{"value":65.185,"sigma":14.7412}},{"type":"Feature","geometry":{"type":"Polygon","coordinates":[[[-76.6,3.42],[-76.595,3.42],[-76.595,3.425],[-76.6,3.425],[-76.6,3.42]]]},"properties":{"value":63.6712,"sigma":11.9998}},{"type":"Feature","geometry":{"type":"Polygon","coordinates":[[[-76.595,3.42],[-76.59,3.42],[-76.59,3.425],[-76.595,3.425],[-76.595,3.42]]]},"properties":{"value":66.013,"sigma":11.5768}},{"type":"Feature","geometry":{"type":"Polygon","coordinates":[[[-76.58999999999999,3.42],[-76.585,3.42],[-76.585,3.425],[-76.58999999999999,3.425],[-76.58999999999999,3.42]]]},"properties":{"value":67.4022,"sigma":11.1794}},{"type":"Feature","geometry":{"type":"Polygon","coordinates":[[[-76.585,3.42],[-76.58,3.42],[-76.58,3.425],[-76.585,3.425],[-76.585,3.42]]]},"properties":{"value":67.3162,"sigma":10.7504}},{"type":"Feature","geometry":{"type":"Polygon","coordinates":[[[-76.58,3.42],[-76.575,3.42],[-76.575,3.425],[-76.58,3.425],[-76.58,3.42]]]},"properties":{"value":66.7935,"sigma":8.8374}},{"type":"Feature","geometry":{"type":"Polygon","coordinates":[[[-76.57499999999999,3.42],[-76.57,3.42],[-76.57,3.425],[-76.57499999999999,3.425],[-76.57499999999999,3.42]]]},"properties":{"value":67.5932,"sigma":9.4063}},{"type":"Feature","geometry":{"type":"Polygon","coordinates":[[[-76.57,3.42],[-76.565,3.42],[-76.565,3.425],[-76.57,3.425],[-76.57,3.42]]]},"properties":{"value":73.0796,"sigma":8.5515}},{"type":"Feature","geometry":{"type":"Polygon","coordinates":[[[-76.565,3.42],[-76.56,3.42],[-76.56,3.425],[-76.565,3.425],[-76.565,3.42]]]},"properties":{"value":72.7617,"sigma":8.8098}},{"type":"Feature","geometry":{"type":"Polygon","coordinates":[[[-76.55999999999999,3.42],[-76.55499999999999,3.42],[-76.55499999999999,3.425],[-76.55999999999999,3.425],[-76.55999999999999,3.42]]]},"properties":{"value":72.7089,"sigma":8.366}},{"type":"Feature","geometry":{"type":"Polygon","coordinates":[[[-76.55499999999999,3.42],[-76.55,3.42],[-76.55,3.425],[-76.55499999999999,3.425],[-76.55499999999999,3.42]]]},"properties":{"value":75.5966,"sigma":7.6931}},{"type":"Feature","geometry":{"type":"Polygon","coordinates":[[[-76.55,3.42],[-76.545,3.42],[-76.545,3.425],[-76.55,3.425],[-76.55,3.42]]]},"properties":{"value":78.2907,"sigma":7.5988}},{"type":"Feature","geometry":{"type":"Polygon","coordinates":[[[-76.54499999999999,3.42],[-76.53999999999999,3.42],[-76.53999999999999,3.425],[-76.54499999999999,3.425],[-76.54499999999999,3.42]]]},"properties":{"value":79.7212,"sigma":7.3875}},{"type":"Feature","geometry":{"type":"Polygon","coordinates":[[[-76.53999999999999,3.42],[-76.535,3.42],[-76.535,3.425],[-76.53999999999999,3.425],[-76.53999999999999,3.42]]]},"properties":{"value":81.1897,"sigma":8.4157}},{"type":"Feature","geometry":{"type":"Polygon","coordinates":[[[-76.535,3.42],[-76.53,3.42],[-76.53,3.425],[-76.535,3.425],[-76.535,3.42]]]},"properties":{"value":81.5892,"sigma":8.5225}},{"type":"Feature","geometry":{"type":"Polygon","coordinates":[[[-76.52999999999999,3.42],[-76.52499999999999,3.42],[-76.52499999999999,3.425],[-76.52999999999999,3.425],[-76.52999999999999,3.42]]]},"properties":{"value":78.9542,"sigma":10.2786}},{"type":"Feature","geometry":{"type":"Polygon","coordinates":[[[-76.52499999999999,3.42],[-76.52,3.42],[-76.52,3.425],[-76.52499999999999,3.425],[-76.52499999999999,3.42]]]},"properties":{"value":78.8986,"sigma":9.7752}},{"type":"Feature","geometry":{"type":"Polygon","coordinates":[[[-76.52,3.42],[-76.515,3.42],[-76.515,3.425],[-76.52,3.425],[-76.52,3.42]]]},"properties":{"value":79.1928,"sigma":8.5576}},{"type":"Feature","geometry":{"type":"Polygon","coordinates":[[[-76.51499999999999,3.42],[-76.50999999999999,3.42],[-76.50999999999999,3.425],[-76.51499999999999,3.425],[-76.51499999999999,3.42]]]},"properties":{"value":75.7176,"sigma":8.8398}},{"type":"Feature","geometry":{"type":"Polygon","coordinates":[[[-76.50999999999999,3.42],[-76.505,3.42],[-76.505,3.425],[-76.50999999999999,3.425],[-76.50999999999999,3.42]]]},"properties":{"value":75.7843,"sigma":7.6372}},{"type":"Feature","geometry":{"type":"Polygon","coordinates":[[[-76.505,3.42],[-76.5,3.42],[-76.5,3.425],[-76.505,3.425],[-76.505,3.42]]]},"properties":{"value":72.1209,"sigma":7.6411}},{"type":"Feature","geometry":{"type":"Polygon","coordinates":[[[-76.49999999999999,3.42],[-76.49499999999999,3.42],[-76.49499999999999,3.425],[-76.49999999999999,3.425],[-76.49999999999999,3.42]]]},"properties":{"value":71.2493,"sigma":7.6765}},{"type":"Feature","geometry":{"type":"Polygon","coordinates":[[[-76.49499999999999,3.42],[-76.49,3.42],[-76.49,3.425],[-76.49499999999999,3.425],[-76.49499999999999,3.42]]]},"properties":{"value":70.212,"sigma":6.4009}},{"type":"Feature","geometry":{"type":"Polygon","coordinates":[[[-76.49,3.42],[-76.485,3.42],[-76.485,3.425],[-76.49,3.425],[-76.49,3.42]]]},"properties":{"value":69.8961,"sigma":7.8781}},{"type":"Feature","geometry":{"type":"Polygon","coordinates":[[[-76.48499999999999,3.42],[-76.47999999999999,3.42],[-76.47999999999999,3.425],[-76.48499999999999,3.425],[-76.48499999999999,3.42]]]},"properties":{"value":68.9961,"sigma":6.9705}},{"type":"Feature","geometry":{"type":"Polygon","coordinates":[[[-76.47999999999999,3.42],[-76.475,3.42],[-76.475,3.425],[-76.47999999999999,3.425],[-76.47999999999999,3.42]]]},"properties":{"value":64.2565,"sigma":7.4423}},{"type":"Feature","geometry":{"type":"Polygon","coordinates":[[[-76.475,3.42],[-76.47,3.42],[-76.47,3.425],[-76.475,3.425],[-76.475,3.42]]]},"properties":{"value":65.0922,"sigma":7.3728}},{"type":"Feature","geometry":{"type":"Polygon","coordinates":[[[-76.47,3.42],[-76.465,3.42],[-76.465,3.425],[-76.47,3.425],[-76.47,3.42]]]},"properties":{"value":61.8882,"sigma":7.877}},{"type":"Feature","geometry":{"type":"Polygon","coordinates":[[[-76.46499999999999,3.42],[-76.46,3.42],[-76.46,3.425],[-76.46499999999999,3.425],[-76.46499999999999,3.42]]]},"properties":{"value":65.4031,"sigma":7.4428}},{"type":"Feature","geometry":{"type":"Polygon","coordinates":[[[-76.46,3.42],[-76.455,3.42],[-76.455,3.425],[-76.46,3.425],[-76.46,3.42]]]},"properties":{"value":64.1382,"sigma":7.8005}},{"type":"Feature","geometry":{"type":"Polygon","coordinates":[[[-76.455,3.42],[-76.45,3.42],[-76.45,3.425],[-76.455,3.425],[-76.455,3.42]]]},"properties":{"value":65.8608,"sigma":7.7501}},{"type":"Feature","geometry":{"type":"Polygon","coordinates":[[[-76.44999999999999,3.42],[-76.445,3.42],[-76.445,3.425],[-76.44999999999999,3.425],[-76.44999999999999,3.42]]]},"properties":{"value":64.5155,"sigma":9.5013}},{"type":"Feature","geometry":{"type":"Polygon","coordinates":[[[-76.445,3.42],[-76.44,3.42],[-76.44,3.425],[-76.445,3.425],[-76.445,3.42]]]},"properties":{"value":65.2763,"sigma":9.6823}},{"type":"Feature","geometry":{"type":"Polygon","coordinates":[[[-76.44,3.42],[-76.435,3.42],[-76.435,3.425],[-76.44,3.425],[-76.44,3.42]]]},"properties":{"value":65.9948,"sigma":10.0097}},{"type":"Feature","geometry":{"type":"Polygon","coordinates":[[[-76.43499999999999,3.42],[-76.42999999999999,3.42],[-76.42999999999999,3.425],[-76.43499999999999,3.425],[-76.43499999999999,3.42]]]},"properties":{"value":64.7368,"sigma":10.8179}},{"type":"Feature","geometry":{"type":"Polygon","coordinates":[[[-76.42999999999999,3.42],[-76.425,3.42],[-76.425,3.425],[-76.42999999999999,3.425],[-76.42999999999999,3.42]]]},"properties":{"value":63.102,"sigma":11.7968}},{"type":"Feature","geometry":{"type":"Polygon","coordinates":[[[-76.425,3.42],[-76.42,3.42],[-76.42,3.425],[-76.425,3.425],[-76.425,3.42]]]},"properties":{"value":67.1547,"sigma":12.1786}},{"type":"Feature","geometry":{"type":"Polygon","coordinates":[[[-76.41999999999999,3.42],[-76.41499999999999,3.42],[-76.41499999999999,3.425],[-76.41999999999999,3.425],[-76.41999999999999,3.42]]]},"properties":{"value":64.7953,"sigma":12.6301}},{"type":"Feature","geometry":{"type":"Polygon","coordinates":[[[-76.41499999999999,3.42],[-76.41,3.42],[-76.41,3.425],[-76.41499999999999,3.425],[-76.41499999999999,3.42]]]},"properties":{"value":67.1316,"sigma":12.6466}},{"type":"Feature","geometry":{"type":"Polygon","coordinates":[[[-76.41,3.42],[-76.405,3.42],[-76.405,3.425],[-76.41,3.425],[-76.41,3.42]]]},"properties":{"value":65.6364,"sigma":13.5189}},{"type":"Feature","geometry":{"type":"Polygon","coordinates":[[[-76.40499999999999,3.42],[-76.39999999999999,3.42],[-76.39999999999999,3.425],[-76.40499999999999,3.425],[-76.40499999999999,3.42]]]},"properties":{"value":65.7596,"sigma":14.4299}},{"type":"Feature","geometry":{"type":"Polygon","coordinates":[[[-76.6,3.425],[-76.595,3.425],[-76.595,3.4299999999999997],[-76.6,3.4299999999999997],[-76.6,3.425]]]},"properties":{"value":64.9575,"sigma":12.8763}},{"type":"Feature","geometry":{"type":"Polygon","coordinates":[[[-76.595,3.425],[-76.59,3.425],[-76.59,3.4299999999999997],[-76.595,3.4299999999999997],[-76.595,3.425]]]},"properties":{"value":66.1058,"sigma":12.0318}},{"type":"Feature","geometry":{"type":"Polygon","coordinates":[[[-76.58999999999999,3.425],[-76.585,3.425],[-76.585,3.4299999999999997],[-76.58999999999999,3.4299999999999997],[-76.58999999999999,3.425]]]},"properties":{"value":69.1276,"sigma":11.27}},{"type":"Feature","geometry":{"type":"Polygon","coordinates":[[[-76.585,3.425],[-76.58,3.425],[-76.58,3.4299999999999997],[-76.585,3.4299999999999997],[-76.585,3.425]]]},"properties":{"value":65.1865,"sigma":10.9826}},{"type":"Feature","geometry":{"type":"Polygon","coordinates":[[[-76.58,3.425],[-76.575,3.425],[-76.575,3.4299999999999997],[-76.58,3.4299999999999997],[-76.58,3.425]]]},"properties":{"value":68.8095,"sigma":10.0982}},{"type":"Feature","geometry":{"type":"Polygon","coordinates":[[[-76.57499999999999,3.425],[-76.57,3.425],[-76.57,3.4299999999999997],[-76.57499999999999,3.4299999999999997],[-76.57499999999999,3.425]]]},"properties":{"value":69.7768,"sigma":8.9464}},{"type":"Feature","geometry":{"type":"Polygon","coordinates":[[[-76.57,3.425],[-76.565,3.425],[-76.565,3.4299999999999997],[-76.57,3.4299999999999997],[-76.57,3.425]]]},"properties":{"value":73.4703,"sigma":9.6529}},{"type":"Feature","geometry":{"type":"Polygon","coordinates":[[[-76.565,3.425],[-76.56,3.425],[-76.56,3.4299999999999997],[-76.565,3.4299999999999997],[-76.565,3.425]]]},"properties":{"value":74.019,"sigma":9.0589}},{"type":"Feature","geometry":{"type":"Polygon","coordinates":[[[-76.55999999999999,3.425],[-76.55499999999999,3.425],[-76.55499999999999,3.4299999999999997],[-76.55999999999999,3.4299999999999997],[-76.55999999999999,3.425]]]},"properties":{"value":76.9558,"sigma":8.525}},{"type":"Feature","geometry":{"type":"Polygon","coordinates":[[[-76.55499999999999,3.425],[-76.55,3.425],[-76.55,3.4299999999999997],[-76.55499999999999,3.4299999999999997],[-76.55499999999999,3.425]]]},"properties":{"value":77.6093,"sigma":8.2302}},{"type":"Feature","geometry":{"type":"Polygon","coordinates":[[[-76.55,3.425],[-76.545,3.425],[-76.545,3.4299999999999997],[-76.55,3.4299999999999997],[-76.55,3.425]]]},"properties":{"value":77.7328,"sigma":7.5551}},{"type":"Feature","geometry":{"type":"Polygon","coordinates":[[[-76.54499999999999,3.425],[-76.53999999999999,3.425],[-76.53999999999999,3.4299999999999997],[-76.54499999999999,3.4299999999999997],[-76.54499999999999,3.425]]]},"properties":{"value":79.7752,"sigma":8.7994}},{"type":"Feature","geometry":{"type":"Polygon","coordinates":[[[-76.53999999999999,3.425],[-76.535,3.425],[-76.535,3.4299999999999997],[-76.53999999999999,3.4299999999999997],[-76.53999999999999,3.425]]]},"properties":{"value":82.6778,"sigma":8.8237}},{"type":"Feature","geometry":{"type":"Polygon","coordinates":[[[-76.535,3.425],[-76.53,3.425],[-76.53,3.4299999999999997],[-76.535,3.4299999999999997],[-76.535,3.425]]]},"properties":{"value":82.4381,"sigma":9.3114}},{"type":"Feature","geometry":{"type":"Polygon","coordinates":[[[-76.52999999999999,3.425],[-76.52499999999999,3.425],[-76.52499999999999,3.4299999999999997],[-76.52999999999999,3.4299999999999997],[-76.52999999999999,3.425]]]},"properties":{"value":82.3547,"sigma":9.8825}},{"type":"Feature","geometry":{"type":"Polygon","coordinates":[[[-76.52499999999999,3.425],[-76.52,3.425],[-76.52,3.4299999999999997],[-76.52499999999999,3.4299999999999997],[-76.52499999999999,3.425]]]},"properties":{"value":77.7341,"sigma":8.4445}},{"type":"Feature","geometry":{"type":"Polygon","coordinates":[[[-76.52,3.425],[-76.515,3.425],[-76.515,3.4299999999999997],[-76.52,3.4299999999999997],[-76.52,3.425]]]},"properties":{"value":81.1662,"sigma":8.3874}},{"type":"Feature","geometry":{"type":"Polygon","coordinates":[[[-76.51499999999999,3.425],[-76.50999999999999,3.425],[-76.50999999999999,3.4299999999999997],[-76.51499999999999,3.4299999999999997],[-76.51499999999999,3.425]]]},"properties":{"value":78.7805,"sigma":9.0289}},{"type":"Feature","geometry":{"type":"Polygon","coordinates":[[[-76.50999999999999,3.425],[-76.505,3.425],[-76.505,3.4299999999999997],[-76.50999999999999,3.4299999999999997],[-76.50999999999999,3.425]]]},"properties":{"value":78.7163,"sigma":8.4559}},{"type":"Feature","geometry":{"type":"Polygon","coordinates":[[[-76.505,3.425],[-76.5,3.425],[-76.5,3.4299999999999997],[-76.505,3.4299999999999997],[-76.505,3.425]]]},"properties":{"value":74.2186,"sigma":7.9504}},{"type":"Feature","geometry":{"type":"Polygon","coordinates":[[[-76.49999999999999,3.425],[-76.49499999999999,3.425],[-76.49499999999999,3.4299999999999997],[-76.49999999999999,3.4299999999999997],[-76.49999999999999,3.425]]]},"properties":{"value":71.4001,"sigma":7.3765}},{"type":"Feature","geometry":{"type":"Polygon","coordinates":[[[-76.49499999999999,3.425],[-76.49,3.425],[-76.49,3.4299999999999997],[-76.49499999999999,3.4299999999999997],[-76.49499999999999,3.425]]]},"properties":{"value":68.9345,"sigma":7.9722}},{"type":"Feature","geometry":{"type":"Polygon","coordinates":[[[-76.49,3.425],[-76.485,3.425],[-76.485,3.4299999999999997],[-76.49,3.4299999999999997],[-76.49,3.425]]]},"properties":{"value":65.2806,"sigma":8.6623}},{"type":"Feature","geometry":{"type":"Polygon","coordinates":[[[-76.48499999999999,3.425],[-76.47999999999999,3.425],[-76.47999999999999,3.4299999999999997],[-76.48499999999999,3.4299999999999997],[-76.48499999999999,3.425]]]},"properties":{"value":67.926,"sigma":8.4544}},{"type":"Feature","geometry":{"type":"Polygon","coordinates":[[[-76.47999999999999,3.425],[-76.475,3.425],[-76.475,3.4299999999999997],[-76.47999999999999,3.4299999999999997],[-76.47999999999999,3.425]]]},"properties":{"value":70.2371,"sigma":7.7824}},{"type":"Feature","geometry":{"type":"Polygon","coordinates":[[[-76.475,3.425],[-76.47,3.425],[-76.47,3.4299999999999997],[-76.475,3.4299999999999997],[-76.475,3.425]]]},"properties":{"value":66.2664,"sigma":7.7216}},{"type":"Feature","geometry":{"type":"Polygon","coordinates":[[[-76.47,3.425],[-76.465,3.425],[-76.465,3.4299999999999997],[-76.47,3.4299999999999997],[-76.47,3.425]]]},"properties":{"value":66.0553,"sigma":6.1077}},{"type":"Feature","geometry":{"type":"Polygon","coordinates":[[[-76.46499999999999,3.425],[-76.46,3.425],[-76.46,3.4299999999999997],[-76.46499999999999,3.4299999999999997],[-76.46499999999999,3.425]]]},"properties":{"value":64.2921,"sigma":7.7032}},{"type":"Feature","geometry":{"type":"Polygon","coordinates":[[[-76.46,3.425],[-76.455,3.425],[-76.455,3.4299999999999997],[-76.46,3.4299999999999997],[-76.46,3.425]]]},"properties":{"value":67.1138,"sigma":7.6285}},{"type":"Feature","geometry":{"type":"Polygon","coordinates":[[[-76.455,3.425],[-76.45,3.425],[-76.45,3.4299999999999997],[-76.455,3.4299999999999997],[-76.455,3.425]]]},"properties":{"value":63.0654,"sigma":7.4426}},{"type":"Feature","geometry":{"type":"Polygon","coordinates":[[[-76.44999999999999,3.425],[-76.445,3.425],[-76.445,3.4299999999999997],[-76.44999999999999,3.4299999999999997],[-76.44999999999999,3.425]]]},"properties":{"value":66.9203,"sigma":8.8386}},{"type":"Feature","geometry":{"type":"Polygon","coordinates":[[[-76.445,3.425],[-76.44,3.425],[-76.44,3.4299999999999997],[-76.445,3.4299999999999997],[-76.445,3.425]]]},"properties":{"value":68.0598,"sigma":9.4552}},{"type":"Feature","geometry":{"type":"Polygon","coordinates":[[[-76.44,3.425],[-76.435,3.425],[-76.435,3.4299999999999997],[-76.44,3.4299999999999997],[-76.44,3.425]]]},"properties":{"value":63.6076,"sigma":10.1859}},{"type":"Feature","geometry":{"type":"Polygon","coordinates":[[[-76.43499999999999,3.425],[-76.42999999999999,3.425],[-76.42999999999999,3.4299999999999997],[-76.43499999999999,3.4299999999999997],[-76.43499999999999,3.425]]]},"properties":{"value":64.5968,"sigma":10.5804}},{"type":"Feature","geometry":{"type":"Polygon","coordinates":[[[-76.42999999999999,3.425],[-76.425,3.425],[-76.425,3.4299999999999997],[-76.42999999999999,3.4299999999999997],[-76.42999999999999,3.425]]]},"properties":{"value":67.0672,"sigma":11.8832}},{"type":"Feature","geometry":{"type":"Polygon","coordinates":[[[-76.425,3.425],[-76.42,3.425],[-76.42,3.4299999999999997],[-76.425,3.4299999999999997],[-76.425,3.425]]]},"properties":{"value":65.7801,"sigma":12.2453}},{"type":"Feature","geometry":{"type":"Polygon","coordinates":[[[-76.41999999999999,3.425],[-76.41499999999999,3.425],[-76.41499999999999,3.4299999999999997],[-76.41999999999999,3.4299999999999997],[-76.41999999999999,3.425]]]},"properties":{"value":66.7769,"sigma":12.8382}},{"type":"Feature","geometry":{"type":"Polygon","coordinates":[[[-76.41499999999999,3.425],[-76.41,3.425],[-76.41,3.4299999999999997],[-76.41499999999999,3.4299999999999997],[-76.41499999999999,3.425]]]},"properties":{"value":66.397,"sigma":13.6073}},{"type":"Feature","geometry":{"type":"Polygon","coordinates":[[[-76.41,3.425],[-76.405,3.425],[-76.405,3.4299999999999997],[-76.41,3.4299999999999997],[-76.41,3.425]]]},"properties":{"value":66.8383,"sigma":14.2157}},{"type":"Feature","geometry":{"type":"Polygon","coordinates":[[[-76.40499999999999,3.425],[-76.39999999999999,3.425],[-76.39999999999999,3.4299999999999997],[-76.40499999999999,3.4299999999999997],[-76.40499999999999,3.425]]]},"properties":{"value":63.9414,"sigma":14.4329}},{"type":"Feature","geometry":{"type":"Polygon","coordinates":[[[-76.6,3.4299999999999997],[-76.595,3.4299999999999997],[-76.595,3.4349999999999996],[-76.6,3.4349999999999996],[-76.6,3.4299999999999997]]]},"properties":{"value":64.1579,"sigma":12.5195}},{"type":"Feature","geometry":{"type":"Polygon","coordinates":[[[-76.595,3.4299999999999997],[-76.59,3.4299999999999997],[-76.59,3.4349999999999996],[-76.595,3.4349999999999996],[-76.595,3.4299999999999997]]]},"properties":{"value":65.5426,"sigma":12.014}},{"type":"Feature","geometry":{"type":"Polygon","coordinates":[[[-76.58999999999999,3.4299999999999997],[-76.585,3.4299999999999997],[-76.585,3.4349999999999996],[-76.58999999999999,3.4349999999999996],[-76.58999999999999,3.4299999999999997]]]},"properties":{"value":65.9482,"sigma":12.8527}},{"type":"Feature","geometry":{"type":"Polygon","coordinates":[[[-76.585,3.4299999999999997],[-76.58,3.4299999999999997],[-76.58,3.4349999999999996],[-76.585,3.4349999999999996],[-76.585,3.4299999999999997]]]},"properties":{"value":67.4229,"sigma":10.3919}},{"type":"Feature","geometry":{"type":"Polygon","coordinates":[[[-76.58,3.4299999999999997],[-76.575,3.4299999999999997],[-76.575,3.4349999999999996],[-76.58,3.4349999999999996],[-76.58,3.4299999999999997]]]},"properties":{"value":68.2264,"sigma":9.8313}},{"type":"Feature","geometry":{"type":"Polygon","coordinates":[[[-76.57499999999999,3.4299999999999997],[-76.57,3.4299999999999997],[-76.57,3.4349999999999996],[-76.57499999999999,3.4349999999999996],[-76.57499999999999,3.4299999999999997]]]},"properties":{"value":70.704,"sigma":9.785}},{"type":"Feature","geometry":{"type":"Polygon","coordinates":[[[-76.57,3.4299999999999997],[-76.565,3.4299999999999997],[-76.565,3.4349999999999996],[-76.57,3.4349999999999996],[-76.57,3.4299999999999997]]]},"properties":{"value":76.725,"sigma":9.4104}},{"type":"Feature","geometry":{"type":"Polygon","coordinates":[[[-76.565,3.4299999999999997],[-76.56,3.4299999999999997],[-76.56,3.4349999999999996],[-76.565,3.4349999999999996],[-76.565,3.4299999999999997]]]},"properties":{"value":75.4968,"sigma":9.5072}},{"type":"Feature","geometry":{"type":"Polygon","coordinates":[[[-76.55999999999999,3.4299999999999997],[-76.55499999999999,3.4299999999999997],[-76.55499999999999,3.4349999999999996],[-76.55999999999999,3.4349999999999996],[-76.55999999999999,3.4299999999999997]]]},"properties":{"value":76.4011,"sigma":7.6044}},{"type":"Feature","geometry":{"type":"Polygon","coordinates":[[[-76.55499999999999,3.4299999999999997],[-76.55,3.4299999999999997],[-76.55,3.4349999999999996],[-76.55499999999999,3.4349999999999996],[-76.55499999999999,3.4299999999999997]]]},"properties":{"value":79.6012,"sigma":9.386}},{"type":"Feature","geometry":{"type":"Polygon","coordinates":[[[-76.55,3.4299999999999997],[-76.545,3.4299999999999997],[-76.545,3.4349999999999996],[-76.55,3.4349999999999996],[-76.55,3.4299999999999997]]]},"properties":{"value":79.6598,"sigma":7.683}},{"type":"Feature","geometry":{"type":"Polygon","coordinates":[[[-76.54499999999999,3.4299999999999997],[-76.53999999999999,3.4299999999999997],[-76.53999999999999,3.4349999999999996],[-76.54499999999999,3.4349999999999996],[-76.54499999999999,3.4299999999999997]]]},"properties":{"value":84.1745,"sigma":8.5969}},{"type":"Feature","geometry":{"type":"Polygon","coordinates":[[[-76.53999999999999,3.4299999999999997],[-76.535,3.4299999999999997],[-76.535,3.4349999999999996],[-76.53999999999999,3.4349999999999996],[-76.53999999999999,3.4299999999999997]]]},"properties":{"value":86.1897,"sigma":8.9787}},{"type":"Feature","geometry":{"type":"Polygon","coordinates":[[[-76.535,3.4299999999999997],[-76.53,3.4299999999999997],[-76.53,3.4349999999999996],[-76.535,3.4349999999999996],[-76.535,3.4299999999999997]]]},"properties":{"value":85.1691,"sigma":9.0111}},{"type":"Feature","geometry":{"type":"Polygon","coordinates":[[[-76.52999999999999,3.4299999999999997],[-76.52499999999999,3.4299999999999997],[-76.52499999999999,3.4349999999999996],[-76.52999999999999,3.4349999999999996],[-76.52999999999999,3.4299999999999997]]]},"properties":{"value":86.2652,"sigma":7.3589}},{"type":"Feature","geometry":{"type":"Polygon","coordinates":[[[-76.52499999999999,3.4299999999999997],[-76.52,3.4299999999999997],[-76.52,3.4349999999999996],[-76.52499999999999,3.4349999999999996],[-76.52499999999999,3.4299999999999997]]]},"properties":{"value":83.4985,"sigma":7.0033}},{"type":"Feature","geometry":{"type":"Polygon","coordinates":[[[-76.52,3.4299999999999997],[-76.515,3.4299999999999997],[-76.515,3.4349999999999996],[-76.52,3.4349999999999996],[-76.52,3.4299999999999997]]]},"properties":{"value":85.8016,"sigma":7.9288}},{"type":"Feature","geometry":{"type":"Polygon","coordinates":[[[-76.51499999999999,3.4299999999999997],[-76.50999999999999,3.4299999999999997],[-76.50999999999999,3.4349999999999996],[-76.51499999999999,3.4349999999999996],[-76.51499999999999,3.4299999999999997]]]},"properties":{"value":78.4634,"sigma":9.2652}},{"type":"Feature","geometry":{"type":"Polygon","coordinates":[[[-76.50999999999999,3.4299999999999997],[-76.505,3.4299999999999997],[-76.505,3.4349999999999996],[-76.50999999999999,3.4349999999999996],[-76.50999999999999,3.4299999999999997]]]},"properties":{"value":79.7608,"sigma":8.4473}},{"type":"Feature","geometry":{"type":"Polygon","coordinates":[[[-76.505,3.4299999999999997],[-76.5,3.4299999999999997],[-76.5,3.4349999999999996],[-76.505,3.4349999999999996],[-76.505,3.4299999999999997]]]},"properties":{"value":77.8681,"sigma":8.9393}},{"type":"Feature","geometry":{"type":"Polygon","coordinates":[[[-76.49999999999999,3.4299999999999997],[-76.49499999999999,3.4299999999999997],[-76.49499999999999,3.4349999999999996],[-76.49999999999999,3.4349999999999996],[-76.49999999999999,3.4299999999999997]]]},"properties":{"value":75.199,"sigma":8.712}},{"type":"Feature","geometry":{"type":"Polygon","coordinates":[[[-76.49499999999999,3.4299999999999997],[-76.49,3.4299999999999997],[-76.49,3.4349999999999996],[-76.49499999999999,3.4349999999999996],[-76.49499999999999,3.4299999999999997]]]},"properties":{"value":71.6379,"sigma":8.4699}},{"type":"Feature","geometry":{"type":"Polygon","coordinates":[[[-76.49,3.4299999999999997],[-76.485,3.4299999999999997],[-76.485,3.4349999999999996],[-76.49,3.4349999999999996],[-76.49,3.4299999999999997]]]},"properties":{"value":69.4385,"sigma":7.8469}},{"type":"Feature","geometry":{"type":"Polygon","coordinates":[[[-76.48499999999999,3.4299999999999997],[-76.47999999999999,3.4299999999999997],[-76.47999999999999,3.4349999999999996],[-76.48499999999999,3.4349999999999996],[-76.48499999999999,3.4299999999999997]]]},"properties":{"value":69.1157,"sigma":7.9606}},{"type":"Feature","geometry":{"type":"Polygon","coordinates":[[[-76.47999999999999,3.4299999999999997],[-76.475,3.4299999999999997],[-76.475,3.4349999999999996],[-76.47999999999999,3.4349999999999996],[-76.47999999999999,3.4299999999999997]]]},"properties":{"value":63.9837,"sigma":7.3112}},{"type":"Feature","geometry":{"type":"Polygon","coordinates":[[[-76.475,3.4299999999999997],[-76.47,3.4299999999999997],[-76.47,3.4349999999999996],[-76.475,3.4349999999999996],[-76.475,3.4299999999999997]]]},"properties":{"value":69.1208,"sigma":6.6995}},{"type":"Feature","geometry":{"type":"Polygon","coordinates":[[[-76.47,3.4299999999999997],[-76.465,3.4299999999999997],[-76.465,3.4349999999999996],[-76.47,3.4349999999999996],[-76.47,3.4299999999999997]]]},"properties":{"value":68.6317,"sigma":7.143}},{"type":"Feature","geometry":{"type":"Polygon","coordinates":[[[-76.46499999999999,3.4299999999999997],[-76.46,3.4299999999999997],[-76.46,3.4349999999999996],[-76.46499999999999,3.4349999999999996],[-76.46499999999999,3.4299999999999997]]]},"properties":{"value":66.7707,"sigma":6.7783}},{"type":"Feature","geometry":{"type":"Polygon","coordinates":[[[-76.46,3.4299999999999997],[-76.455,3.4299999999999997],[-76.455,3.4349999999999996],[-76.46,3.4349999999999996],[-76.46,3.4299999999999997]]]},"properties":{"value":62.8352,"sigma":7.6668}},{"type":"Feature","geometry":{"type":"Polygon","coordinates":[[[-76.455,3.4299999999999997],[-76.45,3.4299999999999997],[-76.45,3.4349999999999996],[-76.455,3.4349999999999996],[-76.455,3.4299999999999997]]]},"properties":{"value":65.4391,"sigma":9.6033}},{"type":"Feature","geometry":{"type":"Polygon","coordinates":[[[-76.44999999999999,3.4299999999999997],[-76.445,3.4299999999999997],[-76.445,3.4349999999999996],[-76.44999999999999,3.4349999999999996],[-76.44999999999999,3.4299999999999997]]]},"properties":{"value":65.69,"sigma":9.3949}},{"type":"Feature","geometry":{"type":"Polygon","coordinates":[[[-76.445,3.4299999999999997],[-76.44,3.4299999999999997],[-76.44,3.4349999999999996],[-76.445,3.4349999999999996],[-76.445,3.4299999999999997]]]},"properties":{"value":67.8735,"sigma":9.1502}},{"type":"Feature","geometry":{"type":"Polygon","coordinates":[[[-76.44,3.4299999999999997],[-76.435,3.4299999999999997],[-76.435,3.4349999999999996],[-76.44,3.4349999999999996],[-76.44,3.4299999999999997]]]},"properties":{"value":65.045,"sigma":9.8763}},{"type":"Feature","geometry":{"type":"Polygon","coordinates":[[[-76.43499999999999,3.4299999999999997],[-76.42999999999999,3.4299999999999997],[-76.42999999999999,3.4349999999999996],[-76.43499999999999,3.4349999999999996],[-76.43499999999999,3.4299999999999997]]]},"properties":{"value":63.3543,"sigma":10.4787}},{"type":"Feature","geometry":{"type":"Polygon","coordinates":[[[-76.42999999999999,3.4299999999999997],[-76.425,3.4299999999999997],[-76.425,3.4349999999999996],[-76.42999999999999,3.4349999999999996],[-76.42999999999999,3.4299999999999997]]]},"properties":{"value":64.9754,"sigma":11.3853}},{"type":"Feature","geometry":{"type":"Polygon","coordinates":[[[-76.425,3.4299999999999997],[-76.42,3.4299999999999997],[-76.42,3.4349999999999996],[-76.425,3.4349999999999996],[-76.425,3.4299999999999997]]]},"properties":{"value":63.4983,"sigma":12.3656}},{"type":"Feature","geometry":{"type":"Polygon","coordinates":[[[-76.41999999999999,3.4299999999999997],[-76.41499999999999,3.4299999999999997],[-76.41499999999999,3.4349999999999996],[-76.41999999999999,3.4349999999999996],[-76.41999999999999,3.4299999999999997]]]},"properties":{"value":66.7546,"sigma":12.8946}},{"type":"Feature","geometry":{"type":"Polygon","coordinates":[[[-76.41499999999999,3.4299999999999997],[-76.41,3.4299999999999997],[-76.41,3.4349999999999996],[-76.41499999999999,3.4349999999999996],[-76.41499999999999,3.4299999999999997]]]},"properties":{"value":62.5499,"sigma":12.2357}},{"type":"Feature","geometry":{"type":"Polygon","coordinates":[[[-76.41,3.4299999999999997],[-76.405,3.4299999999999997],[-76.405,3.4349999999999996],[-76.41,3.4349999999999996],[-76.41,3.4299999999999997]]]},"properties":{"value":67.5155,"sigma":14.0804}},{"type":"Feature","geometry":{"type":"Polygon","coordinates":[[[-76.40499999999999,3.4299999999999997],[-76.39999999999999,3.4299999999999997],[-76.39999999999999,3.4349999999999996],[-76.40499999999999,3.4349999999999996],[-76.40499999999999,3.4299999999999997]]]},"properties":{"value":63.8218,"sigma":14.2178}},{"type":"Feature","geometry":{"type":"Polygon","coordinates":[[[-76.6,3.435],[-76.595,3.435],[-76.595,3.44],[-76.6,3.44],[-76.6,3.435]]]},"properties":{"value":64.3877,"sigma":12.9752}},{"type":"Feature","geometry":{"type":"Polygon","coordinates":[[[-76.595,3.435],[-76.59,3.435],[-76.59,3.44],[-76.595,3.44],[-76.595,3.435]]]},"properties":{"value":64.647,"sigma":11.6492}},{"type":"Feature","geometry":{"type":"Polygon","coordinates":[[[-76.58999999999999,3.435],[-76.585,3.435],[-76.585,3.44],[-76.58999999999999,3.44],[-76.58999999999999,3.435]]]},"properties":{"value":67.7377,"sigma":12.1589}},{"type":"Feature","geometry":{"type":"Polygon","coordinates":[[[-76.585,3.435],[-76.58,3.435],[-76.58,3.44],[-76.585,3.44],[-76.585,3.435]]]},"properties":{"value":69.9499,"sigma":11.0676}},{"type":"Feature","geometry":{"type":"Polygon","coordinates":[[[-76.58,3.435],[-76.575,3.435],[-76.575,3.44],[-76.58,3.44],[-76.58,3.435]]]},"properties":{"value":72.1212,"sigma":11.5842}},{"type":"Feature","geometry":{"type":"Polygon","coordinates":[[[-76.57499999999999,3.435],[-76.57,3.435],[-76.57,3.44],[-76.57499999999999,3.44],[-76.57499999999999,3.435]]]},"properties":{"value":71.8342,"sigma":9.8482}},{"type":"Feature","geometry":{"type":"Polygon","coordinates":[[[-76.57,3.435],[-76.565,3.435],[-76.565,3.44],[-76.57,3.44],[-76.57,3.435]]]},"properties":{"value":70.237,"sigma":10.0112}},{"type":"Feature","geometry":{"type":"Polygon","coordinates":[[[-76.565,3.435],[-76.56,3.435],[-76.56,3.44],[-76.565,3.44],[-76.565,3.435]]]},"properties":{"value":78.7579,"sigma":9.617}},{"type":"Feature","geometry":{"type":"Polygon","coordinates":[[[-76.55999999999999,3.435],[-76.55499999999999,3.435],[-76.55499999999999,3.44],[-76.55999999999999,3.44],[-76.55999999999999,3.435]]]},"properties":{"value":80.5419,"sigma":10.1939}},{"type":"Feature","geometry":{"type":"Polygon","coordinates":[[[-76.55499999999999,3.435],[-76.55,3.435],[-76.55,3.44],[-76.55499999999999,3.44],[-76.55499999999999,3.435]]]},"properties":{"value":82.8687,"sigma":9.5273}},{"type":"Feature","geometry":{"type":"Polygon","coordinates":[[[-76.55,3.435],[-76.545,3.435],[-76.545,3.44],[-76.55,3.44],[-76.55,3.435]]]},"properties":{"value":82.948,"sigma":9.8704}},{"type":"Feature","geometry":{"type":"Polygon","coordinates":[[[-76.54499999999999,3.435],[-76.53999999999999,3.435],[-76.53999999999999,3.44],[-76.54499999999999,3.44],[-76.54499999999999,3.435]]]},"properties":{"value":82.6331,"sigma":8.8622}},{"type":"Feature","geometry":{"type":"Polygon","coordinates":[[[-76.53999999999999,3.435],[-76.535,3.435],[-76.535,3.44],[-76.53999999999999,3.44],[-76.53999999999999,3.435]]]},"properties":{"value":90.4723,"sigma":7.8388}},{"type":"Feature","geometry":{"type":"Polygon","coordinates":[[[-76.535,3.435],[-76.53,3.435],[-76.53,3.44],[-76.535,3.44],[-76.535,3.435]]]},"properties":{"value":87.2136,"sigma":7.8277}},{"type":"Feature","geometry":{"type":"Polygon","coordinates":[[[-76.52999999999999,3.435],[-76.52499999999999,3.435],[-76.52499999999999,3.44],[-76.52999999999999,3.44],[-76.52999999999999,3.435]]]},"properties":{"value":87.0683,"sigma":9.3388}},{"type":"Feature","geometry":{"type":"Polygon","coordinates":[[[-76.52499999999999,3.435],[-76.52,3.435],[-76.52,3.44],[-76.52499999999999,3.44],[-76.52499999999999,3.435]]]},"properties":{"value":88.5474,"sigma":8.7356}},{"type":"Feature","geometry":{"type":"Polygon","coordinates":[[[-76.52,3.435],[-76.515,3.435],[-76.515,3.44],[-76.52,3.44],[-76.52,3.435]]]},"properties":{"value":86.3366,"sigma":7.8575}},{"type":"Feature","geometry":{"type":"Polygon","coordinates":[[[-76.51499999999999,3.435],[-76.50999999999999,3.435],[-76.50999999999999,3.44],[-76.51499999999999,3.44],[-76.51499999999999,3.435]]]},"properties":{"value":83.0867,"sigma":8.3125}},{"type":"Feature","geometry":{"type":"Polygon","coordinates":[[[-76.50999999999999,3.435],[-76.505,3.435],[-76.505,3.44],[-76.50999999999999,3.44],[-76.50999999999999,3.435]]]},"properties":{"value":77.8021,"sigma":7.8447}},{"type":"Feature","geometry":{"type":"Polygon","coordinates":[[[-76.505,3.435],[-76.5,3.435],[-76.5,3.44],[-76.505,3.44],[-76.505,3.435]]]},"properties":{"value":77.8696,"sigma":8.7688}},{"type":"Feature","geometry":{"type":"Polygon","coordinates":[[[-76.49999999999999,3.435],[-76.49499999999999,3.435],[-76.49499999999999,3.44],[-76.49999999999999,3.44],[-76.49999999999999,3.435]]]},"properties":{"value":74.0325,"sigma":9.2731}},{"type":"Feature","geometry":{"type":"Polygon","coordinates":[[[-76.49499999999999,3.435],[-76.49,3.435],[-76.49,3.44],[-76.49499999999999,3.44],[-76.49499999999999,3.435]]]},"properties":{"value":71.0517,"sigma":8.7883}},{"type":"Feature","geometry":{"type":"Polygon","coordinates":[[[-76.49,3.435],[-76.485,3.435],[-76.485,3.44],[-76.49,3.44],[-76.49,3.435]]]},"properties":{"value":71.6182,"sigma":9.0133}},{"type":"Feature","geometry":{"type":"Polygon","coordinates":[[[-76.48499999999999,3.435],[-76.47999999999999,3.435],[-76.47999999999999,3.44],[-76.48499999999999,3.44],[-76.48499999999999,3.435]]]},"properties":{"value":70.3051,"sigma":8.5099}},{"type":"Feature","geometry":{"type":"Polygon","coordinates":[[[-76.47999999999999,3.435],[-76.475,3.435],[-76.475,3.44],[-76.47999999999999,3.44],[-76.47999999999999,3.435]]]},"properties":{"value":67.6365,"sigma":7.875}},{"type":"Feature","geometry":{"type":"Polygon","coordinates":[[[-76.475,3.435],[-76.47,3.435],[-76.47,3.44],[-76.475,3.44],[-76.475,3.435]]]},"properties":{"value":65.1854,"sigma":6.8065}},{"type":"Feature","geometry":{"type":"Polygon","coordinates":[[[-76.47,3.435],[-76.465,3.435],[-76.465,3.44],[-76.47,3.44],[-76.47,3.435]]]},"properties":{"value":64.9719,"sigma":6.9049}},{"type":"Feature","geometry":{"type":"Polygon","coordinates":[[[-76.46499999999999,3.435],[-76.46,3.435],[-76.46,3.44],[-76.46499999999999,3.44],[-76.46499999999999,3.435]]]},"properties":{"value":68.5559,"sigma":7.2265}},{"type":"Feature","geometry":{"type":"Polygon","coordinates":[[[-76.46,3.435],[-76.455,3.435],[-76.455,3.44],[-76.46,3.44],[-76.46,3.435]]]},"properties":{"value":66.3486,"sigma":9.0017}},{"type":"Feature","geometry":{"type":"Polygon","coordinates":[[[-76.455,3.435],[-76.45,3.435],[-76.45,3.44],[-76.455,3.44],[-76.455,3.435]]]},"properties":{"value":64.3226,"sigma":9.5356}},{"type":"Feature","geometry":{"type":"Polygon","coordinates":[[[-76.44999999999999,3.435],[-76.445,3.435],[-76.445,3.44],[-76.44999999999999,3.44],[-76.44999999999999,3.435]]]},"properties":{"value":66.8016,"sigma":8.8567}},{"type":"Feature","geometry":{"type":"Polygon","coordinates":[[[-76.445,3.435],[-76.44,3.435],[-76.44,3.44],[-76.445,3.44],[-76.445,3.435]]]},"properties":{"value":66.0706,"sigma":9.0693}},{"type":"Feature","geometry":{"type":"Polygon","coordinates":[[[-76.44,3.435],[-76.435,3.435],[-76.435,3.44],[-76.44,3.44],[-76.44,3.435]]]},"properties":{"value":64.9206,"sigma":9.3574}},{"type":"Feature","geometry":{"type":"Polygon","coordinates":[[[-76.43499999999999,3.435],[-76.42999999999999,3.435],[-76.42999999999999,3.44],[-76.43499999999999,3.44],[-76.43499999999999,3.435]]]},"properties":{"value":65.2362,"sigma":10.5775}},{"type":"Feature","geometry":{"type":"Polygon","coordinates":[[[-76.42999999999999,3.435],[-76.425,3.435],[-76.425,3.44],[-76.42999999999999,3.44],[-76.42999999999999,3.435]]]},"properties":{"value":65.5445,"sigma":12.4411}},{"type":"Feature","geometry":{"type":"Polygon","coordinates":[[[-76.425,3.435],[-76.42,3.435],[-76.42,3.44],[-76.425,3.44],[-76.425,3.435]]]},"properties":{"value":67.7386,"sigma":12.0756}},{"type":"Feature","geometry":{"type":"Polygon","coordinates":[[[-76.41999999999999,3.435],[-76.41499999999999,3.435],[-76.41499999999999,3.44],[-76.41999999999999,3.44],[-76.41999999999999,3.435]]]},"properties":{"value":69.4655,"sigma":12.61}},{"type":"Feature","geometry":{"type":"Polygon","coordinates":[[[-76.41499999999999,3.435],[-76.41,3.435],[-76.41,3.44],[-76.41499999999999,3.44],[-76.41499999999999,3.435]]]},"properties":{"value":67.7194,"sigma":13.3331}},{"type":"Feature","geometry":{"type":"Polygon","coordinates":[[[-76.41,3.435],[-76.405,3.435],[-76.405,3.44],[-76.41,3.44],[-76.41,3.435]]]},"properties":{"value":64.4894,"sigma":14.2005}},{"type":"Feature","geometry":{"type":"Polygon","coordinates":[[[-76.40499999999999,3.435],[-76.39999999999999,3.435],[-76.39999999999999,3.44],[-76.40499999999999,3.44],[-76.40499999999999,3.435]]]},"properties":{"value":63.4543,"sigma":14.4793}},{"type":"Feature","geometry":{"type":"Polygon","coordinates":[[[-76.6,3.44],[-76.595,3.44],[-76.595,3.445],[-76.6,3.445],[-76.6,3.44]]]},"properties":{"value":65.5294,"sigma":12.1154}},{"type":"Feature","geometry":{"type":"Polygon","coordinates":[[[-76.595,3.44],[-76.59,3.44],[-76.59,3.445],[-76.595,3.445],[-76.595,3.44]]]},"properties":{"value":64.8773,"sigma":12.9494}},{"type":"Feature","geometry":{"type":"Polygon","coordinates":[[[-76.58999999999999,3.44],[-76.585,3.44],[-76.585,3.445],[-76.58999999999999,3.445],[-76.58999999999999,3.44]]]},"properties":{"value":68.1805,"sigma":12.3258}},{"type":"Feature","geometry":{"type":"Polygon","coordinates":[[[-76.585,3.44],[-76.58,3.44],[-76.58,3.445],[-76.585,3.445],[-76.585,3.44]]]},"properties":{"value":69.7353,"sigma":10.6897}},{"type":"Feature","geometry":{"type":"Polygon","coordinates":[[[-76.58,3.44],[-76.575,3.44],[-76.575,3.445],[-76.58,3.445],[-76.58,3.44]]]},"properties":{"value":69.3847,"sigma":10.3586}},{"type":"Feature","geometry":{"type":"Polygon","coordinates":[[[-76.57499999999999,3.44],[-76.57,3.44],[-76.57,3.445],[-76.57499999999999,3.445],[-76.57499999999999,3.44]]]},"properties":{"value":74.5326,"sigma":10.5674}},{"type":"Feature","geometry":{"type":"Polygon","coordinates":[[[-76.57,3.44],[-76.565,3.44],[-76.565,3.445],[-76.57,3.445],[-76.57,3.44]]]},"properties":{"value":75.495,"sigma":10.5522}},{"type":"Feature","geometry":{"type":"Polygon","coordinates":[[[-76.565,3.44],[-76.56,3.44],[-76.56,3.445],[-76.565,3.445],[-76.565,3.44]]]},"properties":{"value":78.61,"sigma":10.3783}},{"type":"Feature","geometry":{"type":"Polygon","coordinates":[[[-76.55999999999999,3.44],[-76.55499999999999,3.44],[-76.55499999999999,3.445],[-76.55999999999999,3.445],[-76.55999999999999,3.44]]]},"properties":{"value":80.2631,"sigma":9.9319}},{"type":"Feature","geometry":{"type":"Polygon","coordinates":[[[-76.55499999999999,3.44],[-76.55,3.44],[-76.55,3.445],[-76.55499999999999,3.445],[-76.55499999999999,3.44]]]},"properties":{"value":83.4368,"sigma":10.1198}},{"type":"Feature","geometry":{"type":"Polygon","coordinates":[[[-76.55,3.44],[-76.545,3.44],[-76.545,3.445],[-76.55,3.445],[-76.55,3.44]]]},"properties":{"value":84.2481,"sigma":9.1709}},{"type":"Feature","geometry":{"type":"Polygon","coordinates":[[[-76.54499999999999,3.44],[-76.53999999999999,3.44],[-76.53999999999999,3.445],[-76.54499999999999,3.445],[-76.54499999999999,3.44]]]},"properties":{"value":91.3533,"sigma":9.1977}},{"type":"Feature","geometry":{"type":"Polygon","coordinates":[[[-76.53999999999999,3.44],[-76.535,3.44],[-76.535,3.445],[-76.53999999999999,3.445],[-76.53999999999999,3.44]]]},"properties":{"value":85.5433,"sigma":8.6616}},{"type":"Feature","geometry":{"type":"Polygon","coordinates":[[[-76.535,3.44],[-76.53,3.44],[-76.53,3.445],[-76.535,3.445],[-76.535,3.44]]]},"properties":{"value":90.8819,"sigma":8.0794}},{"type":"Feature","geometry":{"type":"Polygon","coordinates":[[[-76.52999999999999,3.44],[-76.52499999999999,3.44],[-76.52499999999999,3.445],[-76.52999999999999,3.445],[-76.52999999999999,3.44]]]},"properties":{"value":89.3667,"sigma":8.097}},{"type":"Feature","geometry":{"type":"Polygon","coordinates":[[[-76.52499999999999,3.44],[-76.52,3.44],[-76.52,3.445],[-76.52499999999999,3.445],[-76.52499999999999,3.44]]]},"properties":{"value":89.0456,"sigma":7.2436}},{"type":"Feature","geometry":{"type":"Polygon","coordinates":[[[-76.52,3.44],[-76.515,3.44],[-76.515,3.445],[-76.52,3.445],[-76.52,3.44]]]},"properties":{"value":87.213,"sigma":7.8868}},{"type":"Feature","geometry":{"type":"Polygon","coordinates":[[[-76.51499999999999,3.44],[-76.50999999999999,3.44],[-76.50999999999999,3.445],[-76.51499999999999,3.445],[-76.51499999999999,3.44]]]},"properties":{"value":84.0599,"sigma":7.2258}},{"type":"Feature","geometry":{"type":"Polygon","coordinates":[[[-76.50999999999999,3.44],[-76.505,3.44],[-76.505,3.445],[-76.50999999999999,3.445],[-76.50999999999999,3.44]]]},"properties":{"value":79.6959,"sigma":7.6821}},{"type":"Feature","geometry":{"type":"Polygon","coordinates":[[[-76.505,3.44],[-76.5,3.44],[-76.5,3.445],[-76.505,3.445],[-76.505,3.44]]]},"properties":{"value":79.3183,"sigma":8.781}},{"type":"Feature","geometry":{"type":"Polygon","coordinates":[[[-76.49999999999999,3.44],[-76.49499999999999,3.44],[-76.49499999999999,3.445],[-76.49999999999999,3.445],[-76.49999999999999,3.44]]]},"properties":{"value":77.1014,"sigma":8.0997}},{"type":"Feature","geometry":{"type":"Polygon","coordinates":[[[-76.49499999999999,3.44],[-76.49,3.44],[-76.49,3.445],[-76.49499999999999,3.445],[-76.49499999999999,3.44]]]},"properties":{"value":73.3982,"sigma":8.1316}},{"type":"Feature","geometry":{"type":"Polygon","coordinates":[[[-76.49,3.44],[-76.485,3.44],[-76.485,3.445],[-76.49,3.445],[-76.49,3.44]]]},"properties":{"value":69.7336,"sigma":9.9461}},{"type":"Feature","geometry":{"type":"Polygon","coordinates":[[[-76.48499999999999,3.44],[-76.47999999999999,3.44],[-76.47999999999999,3.445],[-76.48499999999999,3.445],[-76.48499999999999,3.44]]]},"properties":{"value":68.9397,"sigma":8.655}},{"type":"Feature","geometry":{"type":"Polygon","coordinates":[[[-76.47999999999999,3.44],[-76.475,3.44],[-76.475,3.445],[-76.47999999999999,3.445],[-76.47999999999999,3.44]]]},"properties":{"value":68.5133,"sigma":8.2619}},{"type":"Feature","geometry":{"type":"Polygon","coordinates":[[[-76.475,3.44],[-76.47,3.44],[-76.47,3.445],[-76.475,3.445],[-76.475,3.44]]]},"properties":{"value":68.7219,"sigma":8.3662}},{"type":"Feature","geometry":{"type":"Polygon","coordinates":[[[-76.47,3.44],[-76.465,3.44],[-76.465,3.445],[-76.47,3.445],[-76.47,3.44]]]},"properties":{"value":65.7965,"sigma":8.5962}},{"type":"Feature","geometry":{"type":"Polygon","coordinates":[[[-76.46499999999999,3.44],[-76.46,3.44],[-76.46,3.445],[-76.46499999999999,3.445],[-76.46499999999999,3.44]]]},"properties":{"value":65.6519,"sigma":7.8556}},{"type":"Feature","geometry":{"type":"Polygon","coordinates":[[[-76.46,3.44],[-76.455,3.44],[-76.455,3.445],[-76.46,3.445],[-76.46,3.44]]]},"properties":{"value":64.1136,"sigma":8.0539}},{"type":"Feature","geometry":{"type":"Polygon","coordinates":[[[-76.455,3.44],[-76.45,3.44],[-76.45,3.445],[-76.455,3.445],[-76.455,3.44]]]},"properties":{"value":65.9973,"sigma":9.8519}},{"type":"Feature","geometry":{"type":"Polygon","coordinates":[[[-76.44999999999999,3.44],[-76.445,3.44],[-76.445,3.445],[-76.44999999999999,3.445],[-76.44999999999999,3.44]]]},"properties":{"value":62.9034,"sigma":9.5621}},{"type":"Feature","geometry":{"type":"Polygon","coordinates":[[[-76.445,3.44],[-76.44,3.44],[-76.44,3.445],[-76.445,3.445],[-76.445,3.44]]]},"properties":{"value":65.9244,"sigma":10.2208}},{"type":"Feature","geometry":{"type":"Polygon","coordinates":[[[-76.44,3.44],[-76.435,3.44],[-76.435,3.445],[-76.44,3.445],[-76.44,3.44]]]},"properties":{"value":64.3491,"sigma":10.5735}},{"type":"Feature","geometry":{"type":"Polygon","coordinates":[[[-76.43499999999999,3.44],[-76.42999999999999,3.44],[-76.42999999999999,3.445],[-76.43499999999999,3.445],[-76.43499999999999,3.44]]]},"properties":{"value":68.344,"sigma":10.4939}},{"type":"Feature","geometry":{"type":"Polygon","coordinates":[[[-76.42999999999999,3.44],[-76.425,3.44],[-76.425,3.445],[-76.42999999999999,3.445],[-76.42999999999999,3.44]]]},"properties":{"value":63.3314,"sigma":12.5375}},{"type":"Feature","geometry":{"type":"Polygon","coordinates":[[[-76.425,3.44],[-76.42,3.44],[-76.42,3.445],[-76.425,3.445],[-76.425,3.44]]]},"properties":{"value":64.536,"sigma":11.5179}},{"type":"Feature","geometry":{"type":"Polygon","coordinates":[[[-76.41999999999999,3.44],[-76.41499999999999,3.44],[-76.41499999999999,3.445],[-76.41999999999999,3.445],[-76.41999999999999,3.44]]]},"properties":{"value":62.9351,"sigma":12.8396}},{"type":"Feature","geometry":{"type":"Polygon","coordinates":[[[-76.41499999999999,3.44],[-76.41,3.44],[-76.41,3.445],[-76.41499999999999,3.445],[-76.41499999999999,3.44]]]},"properties":{"value":60.1046,"sigma":12.8476}},{"type":"Feature","geometry":{"type":"Polygon","coordinates":[[[-76.41,3.44],[-76.405,3.44],[-76.405,3.445],[-76.41,3.445],[-76.41,3.44]]]},"properties":{"value":67.2504,"sigma":13.0327}},{"type":"Feature","geometry":{"type":"Polygon","coordinates":[[[-76.40499999999999,3.44],[-76.39999999999999,3.44],[-76.39999999999999,3.445],[-76.40499999999999,3.445],[-76.40499999999999,3.44]]]},"properties":{"value":63.2936,"sigma":14.3019}},{"type":"Feature","geometry":{"type":"Polygon","coordinates":[[[-76.6,3.445],[-76.595,3.445],[-76.595,3.4499999999999997],[-76.6,3.4499999999999997],[-76.6,3.445]]]},"properties":{"value":66.8429,"sigma":13.5201}},{"type":"Feature","geometry":{"type":"Polygon","coordinates":[[[-76.595,3.445],[-76.59,3.445],[-76.59,3.4499999999999997],[-76.595,3.4499999999999997],[-76.595,3.445]]]},"properties":{"value":69.2833,"sigma":13.162}},{"type":"Feature","geometry":{"type":"Polygon","coordinates":[[[-76.58999999999999,3.445],[-76.585,3.445],[-76.585,3.4499999999999997],[-76.58999999999999,3.4499999999999997],[-76.58999999999999,3.445]]]},"properties":{"value":67.08,"sigma":12.7066}},{"type":"Feature","geometry":{"type":"Polygon","coordinates":[[[-76.585,3.445],[-76.58,3.445],[-76.58,3.4499999999999997],[-76.585,3.4499999999999997],[-76.585,3.445]]]},"properties":{"value":68.2092,"sigma":12.2072}},{"type":"Feature","geometry":{"type":"Polygon","coordinates":[[[-76.58,3.445],[-76.575,3.445],[-76.575,3.4499999999999997],[-76.58,3.4499999999999997],[-76.58,3.445]]]},"properties":{"value":71.303,"sigma":12.1575}},{"type":"Feature","geometry":{"type":"Polygon","coordinates":[[[-76.57499999999999,3.445],[-76.57,3.445],[-76.57,3.4499999999999997],[-76.57499999999999,3.4499999999999997],[-76.57499999999999,3.445]]]},"properties":{"value":73.7577,"sigma":11.8917}},{"type":"Feature","geometry":{"type":"Polygon","coordinates":[[[-76.57,3.445],[-76.565,3.445],[-76.565,3.4499999999999997],[-76.57,3.4499999999999997],[-76.57,3.445]]]},"properties":{"value":79.5069,"sigma":10.98}},{"type":"Feature","geometry":{"type":"Polygon","coordinates":[[[-76.565,3.445],[-76.56,3.445],[-76.56,3.4499999999999997],[-76.565,3.4499999999999997],[-76.565,3.445]]]},"properties":{"value":80.5695,"sigma":10.6155}},{"type":"Feature","geometry":{"type":"Polygon","coordinates":[[[-76.55999999999999,3.445],[-76.55499999999999,3.445],[-76.55499999999999,3.4499999999999997],[-76.55999999999999,3.4499999999999997],[-76.55999999999999,3.445]]]},"properties":{"value":83.8783,"sigma":9.4143}},{"type":"Feature","geometry":{"type":"Polygon","coordinates":[[[-76.55499999999999,3.445],[-76.55,3.445],[-76.55,3.4499999999999997],[-76.55499999999999,3.4499999999999997],[-76.55499999999999,3.445]]]},"properties":{"value":82.8424,"sigma":9.2072}},{"type":"Feature","geometry":{"type":"Polygon","coordinates":[[[-76.55,3.445],[-76.545,3.445],[-76.545,3.4499999999999997],[-76.55,3.4499999999999997],[-76.55,3.445]]]},"properties":{"value":87.6093,"sigma":9.1121}},{"type":"Feature","geometry":{"type":"Polygon","coordinates":[[[-76.54499999999999,3.445],[-76.53999999999999,3.445],[-76.53999999999999,3.4499999999999997],[-76.54499999999999,3.4499999999999997],[-76.54499999999999,3.445]]]},"properties":{"value":89.6779,"sigma":8.431}},{"type":"Feature","geometry":{"type":"Polygon","coordinates":[[[-76.53999999999999,3.445],[-76.535,3.445],[-76.535,3.4499999999999997],[-76.53999999999999,3.4499999999999997],[-76.53999999999999,3.445]]]},"properties":{"value":90.2081,"sigma":7.232}},{"type":"Feature","geometry":{"type":"Polygon","coordinates":[[[-76.535,3.445],[-76.53,3.445],[-76.53,3.4499999999999997],[-76.535,3.4499999999999997],[-76.535,3.445]]]},"properties":{"value":91.7829,"sigma":8.0734}},{"type":"Feature","geometry":{"type":"Polygon","coordinates":[[[-76.52999999999999,3.445],[-76.52499999999999,3.445],[-76.52499999999999,3.4499999999999997],[-76.52999999999999,3.4499999999999997],[-76.52999999999999,3.445]]]},"properties":{"value":88.3014,"sigma":7.4924}},{"type":"Feature","geometry":{"type":"Polygon","coordinates":[[[-76.52499999999999,3.445],[-76.52,3.445],[-76.52,3.4499999999999997],[-76.52499999999999,3.4499999999999997],[-76.52499999999999,3.445]]]},"properties":{"value":89.3186,"sigma":6.4674}},{"type":"Feature","geometry":{"type":"Polygon","coordinates":[[[-76.52,3.445],[-76.515,3.445],[-76.515,3.4499999999999997],[-76.52,3.4499999999999997],[-76.52,3.445]]]},"properties":{"value":88.8494,"sigma":6.7675}},{"type":"Feature","geometry":{"type":"Polygon","coordinates":[[[-76.51499999999999,3.445],[-76.50999999999999,3.445],[-76.50999999999999,3.4499999999999997],[-76.51499999999999,3.4499999999999997],[-76.51499999999999,3.445]]]},"properties":{"value":85.9552,"sigma":7.1761}},{"type":"Feature","geometry":{"type":"Polygon","coordinates":[[[-76.50999999999999,3.445],[-76.505,3.445],[-76.505,3.4499999999999997],[-76.50999999999999,3.4499999999999997],[-76.50999999999999,3.445]]]},"properties":{"value":82.8203,"sigma":9.0185}},{"type":"Feature","geometry":{"type":"Polygon","coordinates":[[[-76.505,3.445],[-76.5,3.445],[-76.5,3.4499999999999997],[-76.505,3.4499999999999997],[-76.505,3.445]]]},"properties":{"value":76.827,"sigma":8.4221}},{"type":"Feature","geometry":{"type":"Polygon","coordinates":[[[-76.49999999999999,3.445],[-76.49499999999999,3.445],[-76.49499999999999,3.4499999999999997],[-76.49999999999999,3.4499999999999997],[-76.49999999999999,3.445]]]},"properties":{"value":75.9741,"sigma":7.2094}},{"type":"Feature","geometry":{"type":"Polygon","coordinates":[[[-76.49499999999999,3.445],[-76.49,3.445],[-76.49,3.4499999999999997],[-76.49499999999999,3.4499999999999997],[-76.49499999999999,3.445]]]},"properties":{"value":76.042,"sigma":8.6223}},{"type":"Feature","geometry":{"type":"Polygon","coordinates":[[[-76.49,3.445],[-76.485,3.445],[-76.485,3.4499999999999997],[-76.49,3.4499999999999997],[-76.49,3.445]]]},"properties":{"value":67.717,"sigma":8.7036}},{"type":"Feature","geometry":{"type":"Polygon","coordinates":[[[-76.48499999999999,3.445],[-76.47999999999999,3.445],[-76.47999999999999,3.4499999999999997],[-76.48499999999999,3.4499999999999997],[-76.48499999999999,3.445]]]},"properties":{"value":65.8908,"sigma":9.7364}},{"type":"Feature","geometry":{"type":"Polygon","coordinates":[[[-76.47999999999999,3.445],[-76.475,3.445],[-76.475,3.4499999999999997],[-76.47999999999999,3.4499999999999997],[-76.47999999999999,3.445]]]},"properties":{"value":69.5014,"sigma":9.3161}},{"type":"Feature","geometry":{"type":"Polygon","coordinates":[[[-76.475,3.445],[-76.47,3.445],[-76.47,3.4499999999999997],[-76.475,3.4499999999999997],[-76.475,3.445]]]},"properties":{"value":71.6037,"sigma":7.9601}},{"type":"Feature","geometry":{"type":"Polygon","coordinates":[[[-76.47,3.445],[-76.465,3.445],[-76.465,3.4499999999999997],[-76.47,3.4499999999999997],[-76.47,3.445]]]},"properties":{"value":65.5579,"sigma":8.9484}},{"type":"Feature","geometry":{"type":"Polygon","coordinates":[[[-76.46499999999999,3.445],[-76.46,3.445],[-76.46,3.4499999999999997],[-76.46499999999999,3.4499999999999997],[-76.46499999999999,3.445]]]},"properties":{"value":66.1838,"sigma":9.3815}},{"type":"Feature","geometry":{"type":"Polygon","coordinates":[[[-76.46,3.445],[-76.455,3.445],[-76.455,3.4499999999999997],[-76.46,3.4499999999999997],[-76.46,3.445]]]},"properties":{"value":66.7127,"sigma":9.0503}},{"type":"Feature","geometry":{"type":"Polygon","coordinates":[[[-76.455,3.445],[-76.45,3.445],[-76.45,3.4499999999999997],[-76.455,3.4499999999999997],[-76.455,3.445]]]},"properties":{"value":65.9181,"sigma":9.4787}},{"type":"Feature","geometry":{"type":"Polygon","coordinates":[[[-76.44999999999999,3.445],[-76.445,3.445],[-76.445,3.4499999999999997],[-76.44999999999999,3.4499999999999997],[-76.44999999999999,3.445]]]},"properties":{"value":63.7823,"sigma":10.0807}},{"type":"Feature","geometry":{"type":"Polygon","coordinates":[[[-76.445,3.445],[-76.44,3.445],[-76.44,3.4499999999999997],[-76.445,3.4499999999999997],[-76.445,3.445]]]},"properties":{"value":68.3107,"sigma":9.6283}},{"type":"Feature","geometry":{"type":"Polygon","coordinates":[[[-76.44,3.445],[-76.435,3.445],[-76.435,3.4499999999999997],[-76.44,3.4499999999999997],[-76.44,3.445]]]},"properties":{"value":62.8685,"sigma":11.3998}},{"type":"Feature","geometry":{"type":"Polygon","coordinates":[[[-76.43499999999999,3.445],[-76.42999999999999,3.445],[-76.42999999999999,3.4499999999999997],[-76.43499999999999,3.4499999999999997],[-76.43499999999999,3.445]]]},"properties":{"value":63.7286,"sigma":11.2957}},{"type":"Feature","geometry":{"type":"Polygon","coordinates":[[[-76.42999999999999,3.445],[-76.425,3.445],[-76.425,3.4499999999999997],[-76.42999999999999,3.4499999999999997],[-76.42999999999999,3.445]]]},"properties":{"value":64.8146,"sigma":12.1115}},{"type":"Feature","geometry":{"type":"Polygon","coordinates":[[[-76.425,3.445],[-76.42,3.445],[-76.42,3.4499999999999997],[-76.425,3.4499999999999997],[-76.425,3.445]]]},"properties":{"value":68.4852,"sigma":12.718}},{"type":"Feature","geometry":{"type":"Polygon","coordinates":[[[-76.41999999999999,3.445],[-76.41499999999999,3.445],[-76.41499999999999,3.4499999999999997],[-76.41999999999999,3.4499999999999997],[-76.41999999999999,3.445]]]},"properties":{"value":64.6441,"sigma":12.6598}},{"type":"Feature","geometry":{"type":"Polygon","coordinates":[[[-76.41499999999999,3.445],[-76.41,3.445],[-76.41,3.4499999999999997],[-76.41499999999999,3.4499999999999997],[-76.41499999999999,3.445]]]},"properties":{"value":65.3493,"sigma":13.3496}},{"type":"Feature","geometry":{"type":"Polygon","coordinates":[[[-76.41,3.445],[-76.405,3.445],[-76.405,3.4499999999999997],[-76.41,3.4499999999999997],[-76.41,3.445]]]},"properties":{"value":66.8418,"sigma":13.0068}},{"type":"Feature","geometry":{"type":"Polygon","coordinates":[[[-76.40499999999999,3.445],[-76.39999999999999,3.445],[-76.39999999999999,3.4499999999999997],[-76.40499999999999,3.4499999999999997],[-76.40499999999999,3.445]]]},"properties":{"value":62.0793,"sigma":13.4587}},{"type":"Feature","geometry":{"type":"Polygon","coordinates":[[[-76.6,3.4499999999999997],[-76.595,3.4499999999999997],[-76.595,3.4549999999999996],[-76.6,3.4549999999999996],[-76.6,3.4499999999999997]]]},"properties":{"value":69.6768,"sigma":14.4324}},{"type":"Feature","geometry":{"type":"Polygon","coordinates":[[[-76.595,3.4499999999999997],[-76.59,3.4499999999999997],[-76.59,3.4549999999999996],[-76.595,3.4549999999999996],[-76.595,3.4499999999999997]]]},"properties":{"value":66.329,"sigma":12.6255}},{"type":"Feature","geometry":{"type":"Polygon","coordinates":[[[-76.58999999999999,3.4499999999999997],[-76.585,3.4499999999999997],[-76.585,3.4549999999999996],[-76.58999999999999,3.4549999999999996],[-76.58999999999999,3.4499999999999997]]]},"properties":{"value":69.1007,"sigma":12.436}},{"type":"Feature","geometry":{"type":"Polygon","coordinates":[[[-76.585,3.4499999999999997],[-76.58,3.4499999999999997],[-76.58,3.4549999999999996],[-76.585,3.4549999999999996],[-76.585,3.4499999999999997]]]},"properties":{"value":69.8558,"sigma":12.5327}},{"type":"Feature","geometry":{"type":"Polygon","coordinates":[[[-76.58,3.4499999999999997],[-76.575,3.4499999999999997],[-76.575,3.4549999999999996],[-76.58,3.4549999999999996],[-76.58,3.4499999999999997]]]},"properties":{"value":73.5572,"sigma":11.8195}},{"type":"Feature","geometry":{"type":"Polygon","coordinates":[[[-76.57499999999999,3.4499999999999997],[-76.57,3.4499999999999997],[-76.57,3.4549999999999996],[-76.57499999999999,3.4549999999999996],[-76.57499999999999,3.4499999999999997]]]},"properties":{"value":76.0207,"sigma":11.1745}},{"type":"Feature","geometry":{"type":"Polygon","coordinates":[[[-76.57,3.4499999999999997],[-76.565,3.4499999999999997],[-76.565,3.4549999999999996],[-76.57,3.4549999999999996],[-76.57,3.4499999999999997]]]},"properties":{"value":77.0476,"sigma":10.5211}},{"type":"Feature","geometry":{"type":"Polygon","coordinates":[[[-76.565,3.4499999999999997],[-76.56,3.4499999999999997],[-76.56,3.4549999999999996],[-76.565,3.4549999999999996],[-76.565,3.4499999999999997]]]},"properties":{"value":79.7431,"sigma":10.7025}},{"type":"Feature","geometry":{"type":"Polygon","coordinates":[[[-76.55999999999999,3.4499999999999997],[-76.55499999999999,3.4499999999999997],[-76.55499999999999,3.4549999999999996],[-76.55999999999999,3.4549999999999996],[-76.55999999999999,3.4499999999999997]]]},"properties":{"value":76.4457,"sigma":8.6829}},{"type":"Feature","geometry":{"type":"Polygon","coordinates":[[[-76.55499999999999,3.4499999999999997],[-76.55,3.4499999999999997],[-76.55,3.4549999999999996],[-76.55499999999999,3.4549999999999996],[-76.55499999999999,3.4499999999999997]]]},"properties":{"value":82.7276,"sigma":8.8135}},{"type":"Feature","geometry":{"type":"Polygon","coordinates":[[[-76.55,3.4499999999999997],[-76.545,3.4499999999999997],[-76.545,3.4549999999999996],[-76.55,3.4549999999999996],[-76.55,3.4499999999999997]]]},"properties":{"value":88.7662,"sigma":8.9892}},{"type":"Feature","geometry":{"type":"Polygon","coordinates":[[[-76.54499999999999,3.4499999999999997],[-76.53999999999999,3.4499999999999997],[-76.53999999999999,3.4549999999999996],[-76.54499999999999,3.4549999999999996],[-76.54499999999999,3.4499999999999997]]]},"properties":{"value":87.9579,"sigma":7.7806}},{"type":"Feature","geometry":{"type":"Polygon","coordinates":[[[-76.53999999999999,3.4499999999999997],[-76.535,3.4499999999999997],[-76.535,3.4549999999999996],[-76.53999999999999,3.4549999999999996],[-76.53999999999999,3.4499999999999997]]]},"properties":{"value":89.5307,"sigma":6.8283}},{"type":"Feature","geometry":{"type":"Polygon","coordinates":[[[-76.535,3.4499999999999997],[-76.53,3.4499999999999997],[-76.53,3.4549999999999996],[-76.535,3.4549999999999996],[-76.535,3.4499999999999997]]]},"properties":{"value":92.3963,"sigma":7.0211}},{"type":"Feature","geometry":{"type":"Polygon","coordinates":[[[-76.52999999999999,3.4499999999999997],[-76.52499999999999,3.4499999999999997],[-76.52499999999999,3.4549999999999996],[-76.52999999999999,3.4549999999999996],[-76.52999999999999,3.4499999999999997]]]},"properties":{"value":89.7699,"sigma":7.3738}},{"type":"Feature","geometry":{"type":"Polygon","coordinates":[[[-76.52499999999999,3.4499999999999997],[-76.52,3.4499999999999997],[-76.52,3.4549999999999996],[-76.52499999999999,3.4549999999999996],[-76.52499999999999,3.4499999999999997]]]},"properties":{"value":86.7986,"sigma":7.9708}},{"type":"Feature","geometry":{"type":"Polygon","coordinates":[[[-76.52,3.4499999999999997],[-76.515,3.4499999999999997],[-76.515,3.4549999999999996],[-76.52,3.4549999999999996],[-76.52,3.4499999999999997]]]},"properties":{"value":84.6236,"sigma":6.7652}},{"type":"Feature","geometry":{"type":"Polygon","coordinates":[[[-76.51499999999999,3.4499999999999997],[-76.50999999999999,3.4499999999999997],[-76.50999999999999,3.4549999999999996],[-76.51499999999999,3.4549999999999996],[-76.51499999999999,3.4499999999999997]]]},"properties":{"value":84.3871,"sigma":6.7118}},{"type":"Feature","geometry":{"type":"Polygon","coordinates":[[[-76.50999999999999,3.4499999999999997],[-76.505,3.4499999999999997],[-76.505,3.4549999999999996],[-76.50999999999999,3.4549999999999996],[-76.50999999999999,3.4499999999999997]]]},"properties":{"value":83.0288,"sigma":6.8131}},{"type":"Feature","geometry":{"type":"Polygon","coordinates":[[[-76.505,3.4499999999999997],[-76.5,3.4499999999999997],[-76.5,3.4549999999999996],[-76.505,3.4549999999999996],[-76.505,3.4499999999999997]]]},"properties":{"value":76.1312,"sigma":7.1004}},{"type":"Feature","geometry":{"type":"Polygon","coordinates":[[[-76.49999999999999,3.4499999999999997],[-76.49499999999999,3.4499999999999997],[-76.49499999999999,3.4549999999999996],[-76.49999999999999,3.4549999999999996],[-76.49999999999999,3.4499999999999997]]]},"properties":{"value":77.562,"sigma":7.684}},{"type":"Feature","geometry":{"type":"Polygon","coordinates":[[[-76.49499999999999,3.4499999999999997],[-76.49,3.4499999999999997],[-76.49,3.4549999999999996],[-76.49499999999999,3.4549999999999996],[-76.49499999999999,3.4499999999999997]]]},"properties":{"value":70.0142,"sigma":7.2101}},{"type":"Feature","geometry":{"type":"Polygon","coordinates":[[[-76.49,3.4499999999999997],[-76.485,3.4499999999999997],[-76.485,3.4549999999999996],[-76.49,3.4549999999999996],[-76.49,3.4499999999999997]]]},"properties":{"value":72.8071,"sigma":9.0413}},{"type":"Feature","geometry":{"type":"Polygon","coordinates":[[[-76.48499999999999,3.4499999999999997],[-76.47999999999999,3.4499999999999997],[-76.47999999999999,3.4549999999999996],[-76.48499999999999,3.4549999999999996],[-76.48499999999999,3.4499999999999997]]]},"properties":{"value":67.8667,"sigma":10.228}},{"type":"Feature","geometry":{"type":"Polygon","coordinates":[[[-76.47999999999999,3.4499999999999997],[-76.475,3.4499999999999997],[-76.475,3.4549999999999996],[-76.47999999999999,3.4549999999999996],[-76.47999999999999,3.4499999999999997]]]},"properties":{"value":66.9518,"sigma":8.5628}},{"type":"Feature","geometry":{"type":"Polygon","coordinates":[[[-76.475,3.4499999999999997],[-76.47,3.4499999999999997],[-76.47,3.4549999999999996],[-76.475,3.4549999999999996],[-76.475,3.4499999999999997]]]},"properties":{"value":68.0395,"sigma":9.9125}},{"type":"Feature","geometry":{"type":"Polygon","coordinates":[[[-76.47,3.4499999999999997],[-76.465,3.4499999999999997],[-76.465,3.4549999999999996],[-76.47,3.4549999999999996],[-76.47,3.4499999999999997]]]},"properties":{"value":62.9158,"sigma":9.3086}},{"type":"Feature","geometry":{"type":"Polygon","coordinates":[[[-76.46499999999999,3.4499999999999997],[-76.46,3.4499999999999997],[-76.46,3.4549999999999996],[-76.46499999999999,3.4549999999999996],[-76.46499999999999,3.4499999999999997]]]},"properties":{"value":67.5679,"sigma":10.0924}},{"type":"Feature","geometry":{"type":"Polygon","coordinates":[[[-76.46,3.4499999999999997],[-76.455,3.4499999999999997],[-76.455,3.4549999999999996],[-76.46,3.4549999999999996],[-76.46,3.4499999999999997]]]},"properties":{"value":64.6598,"sigma":9.5655}},{"type":"Feature","geometry":{"type":"Polygon","coordinates":[[[-76.455,3.4499999999999997],[-76.45,3.4499999999999997],[-76.45,3.4549999999999996],[-76.455,3.4549999999999996],[-76.455,3.4499999999999997]]]},"properties":{"value":66.7371,"sigma":9.4938}},{"type":"Feature","geometry":{"type":"Polygon","coordinates":[[[-76.44999999999999,3.4499999999999997],[-76.445,3.4499999999999997],[-76.445,3.4549999999999996],[-76.44999999999999,3.4549999999999996],[-76.44999999999999,3.4499999999999997]]]},"properties":{"value":67.6217,"sigma":9.9323}},{"type":"Feature","geometry":{"type":"Polygon","coordinates":[[[-76.445,3.4499999999999997],[-76.44,3.4499999999999997],[-76.44,3.4549999999999996],[-76.445,3.4549999999999996],[-76.445,3.4499999999999997]]]},"properties":{"value":68.9072,"sigma":11.0162}},{"type":"Feature","geometry":{"type":"Polygon","coordinates":[[[-76.44,3.4499999999999997],[-76.435,3.4499999999999997],[-76.435,3.4549999999999996],[-76.44,3.4549999999999996],[-76.44,3.4499999999999997]]]},"properties":{"value":64.9519,"sigma":10.7375}},{"type":"Feature","geometry":{"type":"Polygon","coordinates":[[[-76.43499999999999,3.4499999999999997],[-76.42999999999999,3.4499999999999997],[-76.42999999999999,3.4549999999999996],[-76.43499999999999,3.4549999999999996],[-76.43499999999999,3.4499999999999997]]]},"properties":{"value":65.9704,"sigma":12.3772}},{"type":"Feature","geometry":{"type":"Polygon","coordinates":[[[-76.42999999999999,3.4499999999999997],[-76.425,3.4499999999999997],[-76.425,3.4549999999999996],[-76.42999999999999,3.4549999999999996],[-76.42999999999999,3.4499999999999997]]]},"properties":{"value":66.2673,"sigma":11.4799}},{"type":"Feature","geometry":{"type":"Polygon","coordinates":[[[-76.425,3.4499999999999997],[-76.42,3.4499999999999997],[-76.42,3.4549999999999996],[-76.425,3.4549999999999996],[-76.425,3.4499999999999997]]]},"properties":{"value":68.4951,"sigma":13.1221}},{"type":"Feature","geometry":{"type":"Polygon","coordinates":[[[-76.41999999999999,3.4499999999999997],[-76.41499999999999,3.4499999999999997],[-76.41499999999999,3.4549999999999996],[-76.41999999999999,3.4549999999999996],[-76.41999999999999,3.4499999999999997]]]},"properties":{"value":68.7581,"sigma":12.8028}},{"type":"Feature","geometry":{"type":"Polygon","coordinates":[[[-76.41499999999999,3.4499999999999997],[-76.41,3.4499999999999997],[-76.41,3.4549999999999996],[-76.41499999999999,3.4549999999999996],[-76.41499999999999,3.4499999999999997]]]},"properties":{"value":64.6442,"sigma":13.6027}},{"type":"Feature","geometry":{"type":"Polygon","coordinates":[[[-76.41,3.4499999999999997],[-76.405,3.4499999999999997],[-76.405,3.4549999999999996],[-76.41,3.4549999999999996],[-76.41,3.4499999999999997]]]},"properties":{"value":63.6742,"sigma":13.8752}},{"type":"Feature","geometry":{"type":"Polygon","coordinates":[[[-76.40499999999999,3.4499999999999997],[-76.39999999999999,3.4499999999999997],[-76.39999999999999,3.4549999999999996],[-76.40499999999999,3.4549999999999996],[-76.40499999999999,3.4499999999999997]]]},"properties":{"value":63.7554,"sigma":14.7954}},{"type":"Feature","geometry":{"type":"Polygon","coordinates":[[[-76.6,3.455],[-76.595,3.455],[-76.595,3.46],[-76.6,3.46],[-76.6,3.455]]]},"properties":{"value":65.4105,"sigma":13.7133}},{"type":"Feature","geometry":{"type":"Polygon","coordinates":[[[-76.595,3.455],[-76.59,3.455],[-76.59,3.46],[-76.595,3.46],[-76.595,3.455]]]},"properties":{"value":66.8666,"sigma":14.6459}},{"type":"Feature","geometry":{"type":"Polygon","coordinates":[[[-76.58999999999999,3.455],[-76.585,3.455],[-76.585,3.46],[-76.58999999999999,3.46],[-76.58999999999999,3.455]]]},"properties":{"value":68.1184,"sigma":13.4663}},{"type":"Feature","geometry":{"type":"Polygon","coordinates":[[[-76.585,3.455],[-76.58,3.455],[-76.58,3.46],[-76.585,3.46],[-76.585,3.455]]]},"properties":{"value":67.5596,"sigma":12.963}},{"type":"Feature","geometry":{"type":"Polygon","coordinates":[[[-76.58,3.455],[-76.575,3.455],[-76.575,3.46],[-76.58,3.46],[-76.58,3.455]]]},"properties":{"value":70.4163,"sigma":12.9766}},{"type":"Feature","geometry":{"type":"Polygon","coordinates":[[[-76.57499999999999,3.455],[-76.57,3.455],[-76.57,3.46],[-76.57499999999999,3.46],[-76.57499999999999,3.455]]]},"properties":{"value":74.0407,"sigma":11.2285}},{"type":"Feature","geometry":{"type":"Polygon","coordinates":[[[-76.57,3.455],[-76.565,3.455],[-76.565,3.46],[-76.57,3.46],[-76.57,3.455]]]},"properties":{"value":76.1241,"sigma":11.8415}},{"type":"Feature","geometry":{"type":"Polygon","coordinates":[[[-76.565,3.455],[-76.56,3.455],[-76.56,3.46],[-76.565,3.46],[-76.565,3.455]]]},"properties":{"value":73.6908,"sigma":9.7015}},{"type":"Feature","geometry":{"type":"Polygon","coordinates":[[[-76.55999999999999,3.455],[-76.55499999999999,3.455],[-76.55499999999999,3.46],[-76.55999999999999,3.46],[-76.55999999999999,3.455]]]},"properties":{"value":81.4595,"sigma":9.6808}},{"type":"Feature","geometry":{"type":"Polygon","coordinates":[[[-76.55499999999999,3.455],[-76.55,3.455],[-76.55,3.46],[-76.55499999999999,3.46],[-76.55499999999999,3.455]]]},"properties":{"value":82.4822,"sigma":9.1411}},{"type":"Feature","geometry":{"type":"Polygon","coordinates":[[[-76.55,3.455],[-76.545,3.455],[-76.545,3.46],[-76.55,3.46],[-76.55,3.455]]]},"properties":{"value":86.3411,"sigma":8.8614}},{"type":"Feature","geometry":{"type":"Polygon","coordinates":[[[-76.54499999999999,3.455],[-76.53999999999999,3.455],[-76.53999999999999,3.46],[-76.54499999999999,3.46],[-76.54499999999999,3.455]]]},"properties":{"value":88.8683,"sigma":8.5602}},{"type":"Feature","geometry":{"type":"Polygon","coordinates":[[[-76.53999999999999,3.455],[-76.535,3.455],[-76.535,3.46],[-76.53999999999999,3.46],[-76.53999999999999,3.455]]]},"properties":{"value":88.6262,"sigma":6.9882}},{"type":"Feature","geometry":{"type":"Polygon","coordinates":[[[-76.535,3.455],[-76.53,3.455],[-76.53,3.46],[-76.535,3.46],[-76.535,3.455]]]},"properties":{"value":91.2826,"sigma":6.6556}},{"type":"Feature","geometry":{"type":"Polygon","coordinates":[[[-76.52999999999999,3.455],[-76.52499999999999,3.455],[-76.52499999999999,3.46],[-76.52999999999999,3.46],[-76.52999999999999,3.455]]]},"properties":{"value":90.7689,"sigma":6.5231}},{"type":"Feature","geometry":{"type":"Polygon","coordinates":[[[-76.52499999999999,3.455],[-76.52,3.455],[-76.52,3.46],[-76.52499999999999,3.46],[-76.52499999999999,3.455]]]},"properties":{"value":87.681,"sigma":7.9588}},{"type":"Feature","geometry":{"type":"Polygon","coordinates":[[[-76.52,3.455],[-76.515,3.455],[-76.515,3.46],[-76.52,3.46],[-76.52,3.455]]]},"properties":{"value":89.6343,"sigma":7.5219}},{"type":"Feature","geometry":{"type":"Polygon","coordinates":[[[-76.51499999999999,3.455],[-76.50999999999999,3.455],[-76.50999999999999,3.46],[-76.51499999999999,3.46],[-76.51499999999999,3.455]]]},"properties":{"value":83.3339,"sigma":7.0136}},{"type":"Feature","geometry":{"type":"Polygon","coordinates":[[[-76.50999999999999,3.455],[-76.505,3.455],[-76.505,3.46],[-76.50999999999999,3.46],[-76.50999999999999,3.455]]]},"properties":{"value":81.5326,"sigma":6.1567}},{"type":"Feature","geometry":{"type":"Polygon","coordinates":[[[-76.505,3.455],[-76.5,3.455],[-76.5,3.46],[-76.505,3.46],[-76.505,3.455]]]},"properties":{"value":77.4769,"sigma":7.1}},{"type":"Feature","geometry":{"type":"Polygon","coordinates":[[[-76.49999999999999,3.455],[-76.49499999999999,3.455],[-76.49499999999999,3.46],[-76.49999999999999,3.46],[-76.49999999999999,3.455]]]},"properties":{"value":77.3856,"sigma":8.0893}},{"type":"Feature","geometry":{"type":"Polygon","coordinates":[[[-76.49499999999999,3.455],[-76.49,3.455],[-76.49,3.46],[-76.49499999999999,3.46],[-76.49499999999999,3.455]]]},"properties":{"value":70.4953,"sigma":8.5781}},{"type":"Feature","geometry":{"type":"Polygon","coordinates":[[[-76.49,3.455],[-76.485,3.455],[-76.485,3.46],[-76.49,3.46],[-76.49,3.455]]]},"properties":{"value":71.1307,"sigma":8.8685}},{"type":"Feature","geometry":{"type":"Polygon","coordinates":[[[-76.48499999999999,3.455],[-76.47999999999999,3.455],[-76.47999999999999,3.46],[-76.48499999999999,3.46],[-76.48499999999999,3.455]]]},"properties":{"value":70.5491,"sigma":9.7351}},{"type":"Feature","geometry":{"type":"Polygon","coordinates":[[[-76.47999999999999,3.455],[-76.475,3.455],[-76.475,3.46],[-76.47999999999999,3.46],[-76.47999999999999,3.455]]]},"properties":{"value":67.5617,"sigma":9.8024}},{"type":"Feature","geometry":{"type":"Polygon","coordinates":[[[-76.475,3.455],[-76.47,3.455],[-76.47,3.46],[-76.475,3.46],[-76.475,3.455]]]},"properties":{"value":68.0082,"sigma":9.0943}},{"type":"Feature","geometry":{"type":"Polygon","coordinates":[[[-76.47,3.455],[-76.465,3.455],[-76.465,3.46],[-76.47,3.46],[-76.47,3.455]]]},"properties":{"value":68.5991,"sigma":10.7619}},{"type":"Feature","geometry":{"type":"Polygon","coordinates":[[[-76.46499999999999,3.455],[-76.46,3.455],[-76.46,3.46],[-76.46499999999999,3.46],[-76.46499999999999,3.455]]]},"properties":{"value":64.4173,"sigma":10.7521}},{"type":"Feature","geometry":{"type":"Polygon","coordinates":[[[-76.46,3.455],[-76.455,3.455],[-76.455,3.46],[-76.46,3.46],[-76.46,3.455]]]},"properties":{"value":64.5116,"sigma":9.6845}},{"type":"Feature","geometry":{"type":"Polygon","coordinates":[[[-76.455,3.455],[-76.45,3.455],[-76.45,3.46],[-76.455,3.46],[-76.455,3.455]]]},"properties":{"value":64.3533,"sigma":10.6313}},{"type":"Feature","geometry":{"type":"Polygon","coordinates":[[[-76.44999999999999,3.455],[-76.445,3.455],[-76.445,3.46],[-76.44999999999999,3.46],[-76.44999999999999,3.455]]]},"properties":{"value":63.7846,"sigma":10.9519}},{"type":"Feature","geometry":{"type":"Polygon","coordinates":[[[-76.445,3.455],[-76.44,3.455],[-76.44,3.46],[-76.445,3.46],[-76.445,3.455]]]},"properties":{"value":63.9548,"sigma":11.4695}},{"type":"Feature","geometry":{"type":"Polygon","coordinates":[[[-76.44,3.455],[-76.435,3.455],[-76.435,3.46],[-76.44,3.46],[-76.44,3.455]]]},"properties":{"value":64.516,"sigma":11.79}},{"type":"Feature","geometry":{"type":"Polygon","coordinates":[[[-76.43499999999999,3.455],[-76.42999999999999,3.455],[-76.42999999999999,3.46],[-76.43499999999999,3.46],[-76.43499999999999,3.455]]]},"properties":{"value":67.6522,"sigma":11.6089}},{"type":"Feature","geometry":{"type":"Polygon","coordinates":[[[-76.42999999999999,3.455],[-76.425,3.455],[-76.425,3.46],[-76.42999999999999,3.46],[-76.42999999999999,3.455]]]},"properties":{"value":64.0621,"sigma":12.6585}},{"type":"Feature","geometry":{"type":"Polygon","coordinates":[[[-76.425,3.455],[-76.42,3.455],[-76.42,3.46],[-76.425,3.46],[-76.425,3.455]]]},"properties":{"value":63.9505,"sigma":13.6281}},{"type":"Feature","geometry":{"type":"Polygon","coordinates":[[[-76.41999999999999,3.455],[-76.41499999999999,3.455],[-76.41499999999999,3.46],[-76.41999999999999,3.46],[-76.41999999999999,3.455]]]},"properties":{"value":65.0772,"sigma":13.9726}},{"type":"Feature","geometry":{"type":"Polygon","coordinates":[[[-76.41499999999999,3.455],[-76.41,3.455],[-76.41,3.46],[-76.41499999999999,3.46],[-76.41499999999999,3.455]]]},"properties":{"value":66.377,"sigma":13.7111}},{"type":"Feature","geometry":{"type":"Polygon","coordinates":[[[-76.41,3.455],[-76.405,3.455],[-76.405,3.46],[-76.41,3.46],[-76.41,3.455]]]},"properties":{"value":63.7401,"sigma":15.4754}},{"type":"Feature","geometry":{"type":"Polygon","coordinates":[[[-76.40499999999999,3.455],[-76.39999999999999,3.455],[-76.39999999999999,3.46],[-76.40499999999999,3.46],[-76.40499999999999,3.455]]]},"properties":{"value":63.4295,"sigma":14.6648}},{"type":"Feature","geometry":{"type":"Polygon","coordinates":[[[-76.6,3.46],[-76.595,3.46],[-76.595,3.465],[-76.6,3.465],[-76.6,3.46]]]},"properties":{"value":65.8177,"sigma":14.0882}},{"type":"Feature","geometry":{"type":"Polygon","coordinates":[[[-76.595,3.46],[-76.59,3.46],[-76.59,3.465],[-76.595,3.465],[-76.595,3.46]]]},"properties":{"value":67.3517,"sigma":14.313}},{"type":"Feature","geometry":{"type":"Polygon","coordinates":[[[-76.58999999999999,3.46],[-76.585,3.46],[-76.585,3.465],[-76.58999999999999,3.465],[-76.58999999999999,3.46]]]},"properties":{"value":65.7311,"sigma":13.5233}},{"type":"Feature","geometry":{"type":"Polygon","coordinates":[[[-76.585,3.46],[-76.58,3.46],[-76.58,3.465],[-76.585,3.465],[-76.585,3.46]]]},"properties":{"value":69.555,"sigma":13.1502}},{"type":"Feature","geometry":{"type":"Polygon","coordinates":[[[-76.58,3.46],[-76.575,3.46],[-76.575,3.465],[-76.58,3.465],[-76.58,3.46]]]},"properties":{"value":68.2792,"sigma":11.9391}},{"type":"Feature","geometry":{"type":"Polygon","coordinates":[[[-76.57499999999999,3.46],[-76.57,3.46],[-76.57,3.465],[-76.57499999999999,3.465],[-76.57499999999999,3.46]]]},"properties":{"value":73.4607,"sigma":12.0067}},{"type":"Feature","geometry":{"type":"Polygon","coordinates":[[[-76.57,3.46],[-76.565,3.46],[-76.565,3.465],[-76.57,3.465],[-76.57,3.46]]]},"properties":{"value":75.6574,"sigma":11.6188}},{"type":"Feature","geometry":{"type":"Polygon","coordinates":[[[-76.565,3.46],[-76.56,3.46],[-76.56,3.465],[-76.565,3.465],[-76.565,3.46]]]},"properties":{"value":76.9107,"sigma":10.344}},{"type":"Feature","geometry":{"type":"Polygon","coordinates":[[[-76.55999999999999,3.46],[-76.55499999999999,3.46],[-76.55499999999999,3.465],[-76.55999999999999,3.465],[-76.55999999999999,3.46]]]},"properties":{"value":83.4013,"sigma":9.5489}},{"type":"Feature","geometry":{"type":"Polygon","coordinates":[[[-76.55499999999999,3.46],[-76.55,3.46],[-76.55,3.465],[-76.55499999999999,3.465],[-76.55499999999999,3.46]]]},"properties":{"value":82.5675,"sigma":9.0436}},{"type":"Feature","geometry":{"type":"Polygon","coordinates":[[[-76.55,3.46],[-76.545,3.46],[-76.545,3.465],[-76.55,3.465],[-76.55,3.46]]]},"properties":{"value":82.9743,"sigma":8.8959}},{"type":"Feature","geometry":{"type":"Polygon","coordinates":[[[-76.54499999999999,3.46],[-76.53999999999999,3.46],[-76.53999999999999,3.465],[-76.54499999999999,3.465],[-76.54499999999999,3.46]]]},"properties":{"value":88.1005,"sigma":8.3309}},{"type":"Feature","geometry":{"type":"Polygon","coordinates":[[[-76.53999999999999,3.46],[-76.535,3.46],[-76.535,3.465],[-76.53999999999999,3.465],[-76.53999999999999,3.46]]]},"properties":{"value":89.1707,"sigma":7.3898}},{"type":"Feature","geometry":{"type":"Polygon","coordinates":[[[-76.535,3.46],[-76.53,3.46],[-76.53,3.465],[-76.535,3.465],[-76.535,3.46]]]},"properties":{"value":88.7292,"sigma":7.636}},{"type":"Feature","geometry":{"type":"Polygon","coordinates":[[[-76.52999999999999,3.46],[-76.52499999999999,3.46],[-76.52499999999999,3.465],[-76.52999999999999,3.465],[-76.52999999999999,3.46]]]},"properties":{"value":85.2723,"sigma":7.296}},{"type":"Feature","geometry":{"type":"Polygon","coordinates":[[[-76.52499999999999,3.46],[-76.52,3.46],[-76.52,3.465],[-76.52499999999999,3.465],[-76.52499999999999,3.46]]]},"properties":{"value":86.6406,"sigma":8.1283}},{"type":"Feature","geometry":{"type":"Polygon","coordinates":[[[-76.52,3.46],[-76.515,3.46],[-76.515,3.465],[-76.52,3.465],[-76.52,3.46]]]},"properties":{"value":86.3331,"sigma":7.3203}},{"type":"Feature","geometry":{"type":"Polygon","coordinates":[[[-76.51499999999999,3.46],[-76.50999999999999,3.46],[-76.50999999999999,3.465],[-76.51499999999999,3.465],[-76.51499999999999,3.46]]]},"properties":{"value":81.7403,"sigma":7.1589}},{"type":"Feature","geometry":{"type":"Polygon","coordinates":[[[-76.50999999999999,3.46],[-76.505,3.46],[-76.505,3.465],[-76.50999999999999,3.465],[-76.50999999999999,3.46]]]},"properties":{"value":79.3014,"sigma":7.5797}},{"type":"Feature","geometry":{"type":"Polygon","coordinates":[[[-76.505,3.46],[-76.5,3.46],[-76.5,3.465],[-76.505,3.465],[-76.505,3.46]]]},"properties":{"value":79.5489,"sigma":7.1096}},{"type":"Feature","geometry":{"type":"Polygon","coordinates":[[[-76.49999999999999,3.46],[-76.49499999999999,3.46],[-76.49499999999999,3.465],[-76.49999999999999,3.465],[-76.49999999999999,3.46]]]},"properties":{"value":73.239,"sigma":8.3734}},{"type":"Feature","geometry":{"type":"Polygon","coordinates":[[[-76.49499999999999,3.46],[-76.49,3.46],[-76.49,3.465],[-76.49499999999999,3.465],[-76.49499999999999,3.46]]]},"properties":{"value":73.4093,"sigma":7.6481}},{"type":"Feature","geometry":{"type":"Polygon","coordinates":[[[-76.49,3.46],[-76.485,3.46],[-76.485,3.465],[-76.49,3.465],[-76.49,3.46]]]},"properties":{"value":72.0423,"sigma":8.6582}},{"type":"Feature","geometry":{"type":"Polygon","coordinates":[[[-76.48499999999999,3.46],[-76.47999999999999,3.46],[-76.47999999999999,3.465],[-76.48499999999999,3.465],[-76.48499999999999,3.46]]]},"properties":{"value":68.8801,"sigma":9.6414}},{"type":"Feature","geometry":{"type":"Polygon","coordinates":[[[-76.47999999999999,3.46],[-76.475,3.46],[-76.475,3.465],[-76.47999999999999,3.465],[-76.47999999999999,3.46]]]},"properties":{"value":67.1547,"sigma":10.707}},{"type":"Feature","geometry":{"type":"Polygon","coordinates":[[[-76.475,3.46],[-76.47,3.46],[-76.47,3.465],[-76.475,3.465],[-76.475,3.46]]]},"properties":{"value":70.6661,"sigma":10.4303}},{"type":"Feature","geometry":{"type":"Polygon","coordinates":[[[-76.47,3.46],[-76.465,3.46],[-76.465,3.465],[-76.47,3.465],[-76.47,3.46]]]},"properties":{"value":63.9927,"sigma":11.1127}},{"type":"Feature","geometry":{"type":"Polygon","coordinates":[[[-76.46499999999999,3.46],[-76.46,3.46],[-76.46,3.465],[-76.46499999999999,3.465],[-76.46499999999999,3.46]]]},"properties":{"value":64.2181,"sigma":10.4954}},{"type":"Feature","geometry":{"type":"Polygon","coordinates":[[[-76.46,3.46],[-76.455,3.46],[-76.455,3.465],[-76.46,3.465],[-76.46,3.46]]]},"properties":{"value":65.0382,"sigma":11.0169}},{"type":"Feature","geometry":{"type":"Polygon","coordinates":[[[-76.455,3.46],[-76.45,3.46],[-76.45,3.465],[-76.455,3.465],[-76.455,3.46]]]},"properties":{"value":64.2999,"sigma":10.7183}},{"type":"Feature","geometry":{"type":"Polygon","coordinates":[[[-76.44999999999999,3.46],[-76.445,3.46],[-76.445,3.465],[-76.44999999999999,3.465],[-76.44999999999999,3.46]]]},"properties":{"value":65.8621,"sigma":11.2789}},{"type":"Feature","geometry":{"type":"Polygon","coordinates":[[[-76.445,3.46],[-76.44,3.46],[-76.44,3.465],[-76.445,3.465],[-76.445,3.46]]]},"properties":{"value":62.2344,"sigma":11.7657}},{"type":"Feature","geometry":{"type":"Polygon","coordinates":[[[-76.44,3.46],[-76.435,3.46],[-76.435,3.465],[-76.44,3.465],[-76.44,3.46]]]},"properties":{"value":65.9694,"sigma":12.6082}},{"type":"Feature","geometry":{"type":"Polygon","coordinates":[[[-76.43499999999999,3.46],[-76.42999999999999,3.46],[-76.42999999999999,3.465],[-76.43499999999999,3.465],[-76.43499999999999,3.46]]]},"properties":{"value":70.0519,"sigma":11.7169}},{"type":"Feature","geometry":{"type":"Polygon","coordinates":[[[-76.42999999999999,3.46],[-76.425,3.46],[-76.425,3.465],[-76.42999999999999,3.465],[-76.42999999999999,3.46]]]},"properties":{"value":66.7919,"sigma":13.7335}},{"type":"Feature","geometry":{"type":"Polygon","coordinates":[[[-76.425,3.46],[-76.42,3.46],[-76.42,3.465],[-76.425,3.465],[-76.425,3.46]]]},"properties":{"value":66.8508,"sigma":13.2384}},{"type":"Feature","geometry":{"type":"Polygon","coordinates":[[[-76.41999999999999,3.46],[-76.41499999999999,3.46],[-76.41499999999999,3.465],[-76.41999999999999,3.465],[-76.41999999999999,3.46]]]},"properties":{"value":63.0566,"sigma":14.3511}},{"type":"Feature","geometry":{"type":"Polygon","coordinates":[[[-76.41499999999999,3.46],[-76.41,3.46],[-76.41,3.465],[-76.41499999999999,3.465],[-76.41499999999999,3.46]]]},"properties":{"value":64.2339,"sigma":13.8478}},{"type":"Feature","geometry":{"type":"Polygon","coordinates":[[[-76.41,3.46],[-76.405,3.46],[-76.405,3.465],[-76.41,3.465],[-76.41,3.46]]]},"properties":{"value":63.5889,"sigma":14.8241}},{"type":"Feature","geometry":{"type":"Polygon","coordinates":[[[-76.40499999999999,3.46],[-76.39999999999999,3.46],[-76.39999999999999,3.465],[-76.40499999999999,3.465],[-76.40499999999999,3.46]]]},"properties":{"value":62.2529,"sigma":15.1494}},{"type":"Feature","geometry":{"type":"Polygon","coordinates":[[[-76.6,3.465],[-76.595,3.465],[-76.595,3.4699999999999998],[-76.6,3.4699999999999998],[-76.6,3.465]]]},"properties":{"value":67.6679,"sigma":14.9567}},{"type":"Feature","geometry":{"type":"Polygon","coordinates":[[[-76.595,3.465],[-76.59,3.465],[-76.59,3.4699999999999998],[-76.595,3.4699999999999998],[-76.595,3.465]]]},"properties":{"value":62.7575,"sigma":13.7017}},{"type":"Feature","geometry":{"type":"Polygon","coordinates":[[[-76.58999999999999,3.465],[-76.585,3.465],[-76.585,3.4699999999999998],[-76.58999999999999,3.4699999999999998],[-76.58999999999999,3.465]]]},"properties":{"value":67.4077,"sigma":13.4469}},{"type":"Feature","geometry":{"type":"Polygon","coordinates":[[[-76.585,3.465],[-76.58,3.465],[-76.58,3.4699999999999998],[-76.585,3.4699999999999998],[-76.585,3.465]]]},"properties":{"value":68.6082,"sigma":12.5277}},{"type":"Feature","geometry":{"type":"Polygon","coordinates":[[[-76.58,3.465],[-76.575,3.465],[-76.575,3.4699999999999998],[-76.58,3.4699999999999998],[-76.58,3.465]]]},"properties":{"value":71.8381,"sigma":11.8578}},{"type":"Feature","geometry":{"type":"Polygon","coordinates":[[[-76.57499999999999,3.465],[-76.57,3.465],[-76.57,3.4699999999999998],[-76.57499999999999,3.4699999999999998],[-76.57499999999999,3.465]]]},"properties":{"value":71.7339,"sigma":12.2759}},{"type":"Feature","geometry":{"type":"Polygon","coordinates":[[[-76.57,3.465],[-76.565,3.465],[-76.565,3.4699999999999998],[-76.57,3.4699999999999998],[-76.57,3.465]]]},"properties":{"value":74.9079,"sigma":11.0079}},{"type":"Feature","geometry":{"type":"Polygon","coordinates":[[[-76.565,3.465],[-76.56,3.465],[-76.56,3.4699999999999998],[-76.565,3.4699999999999998],[-76.565,3.465]]]},"properties":{"value":75.4258,"sigma":11.1399}},{"type":"Feature","geometry":{"type":"Polygon","coordinates":[[[-76.55999999999999,3.465],[-76.55499999999999,3.465],[-76.55499999999999,3.4699999999999998],[-76.55999999999999,3.4699999999999998],[-76.55999999999999,3.465]]]},"properties":{"value":76.603,"sigma":10.4008}},{"type":"Feature","geometry":{"type":"Polygon","coordinates":[[[-76.55499999999999,3.465],[-76.55,3.465],[-76.55,3.4699999999999998],[-76.55499999999999,3.4699999999999998],[-76.55499999999999,3.465]]]},"properties":{"value":81.6442,"sigma":9.4047}},{"type":"Feature","geometry":{"type":"Polygon","coordinates":[[[-76.55,3.465],[-76.545,3.465],[-76.545,3.4699999999999998],[-76.55,3.4699999999999998],[-76.55,3.465]]]},"properties":{"value":81.9947,"sigma":8.9779}},{"type":"Feature","geometry":{"type":"Polygon","coordinates":[[[-76.54499999999999,3.465],[-76.53999999999999,3.465],[-76.53999999999999,3.4699999999999998],[-76.54499999999999,3.4699999999999998],[-76.54499999999999,3.465]]]},"properties":{"value":85.2368,"sigma":8.4052}},{"type":"Feature","geometry":{"type":"Polygon","coordinates":[[[-76.53999999999999,3.465],[-76.535,3.465],[-76.535,3.4699999999999998],[-76.53999999999999,3.4699999999999998],[-76.53999999999999,3.465]]]},"properties":{"value":86.477,"sigma":8.0798}},{"type":"Feature","geometry":{"type":"Polygon","coordinates":[[[-76.535,3.465],[-76.53,3.465],[-76.53,3.4699999999999998],[-76.535,3.4699999999999998],[-76.535,3.465]]]},"properties":{"value":87.6075,"sigma":7.2678}},{"type":"Feature","geometry":{"type":"Polygon","coordinates":[[[-76.52999999999999,3.465],[-76.52499999999999,3.465],[-76.52499999999999,3.4699999999999998],[-76.52999999999999,3.4699999999999998],[-76.52999999999999,3.465]]]},"properties":{"value":88.05,"sigma":7.7072}},{"type":"Feature","geometry":{"type":"Polygon","coordinates":[[[-76.52499999999999,3.465],[-76.52,3.465],[-76.52,3.4699999999999998],[-76.52499999999999,3.4699999999999998],[-76.52499999999999,3.465]]]},"properties":{"value":86.8652,"sigma":7.8022}},{"type":"Feature","geometry":{"type":"Polygon","coordinates":[[[-76.52,3.465],[-76.515,3.465],[-76.515,3.4699999999999998],[-76.52,3.4699999999999998],[-76.52,3.465]]]},"properties":{"value":85.812,"sigma":9.1237}},{"type":"Feature","geometry":{"type":"Polygon","coordinates":[[[-76.51499999999999,3.465],[-76.50999999999999,3.465],[-76.50999999999999,3.4699999999999998],[-76.51499999999999,3.4699999999999998],[-76.51499999999999,3.465]]]},"properties":{"value":82.2986,"sigma":7.2907}},{"type":"Feature","geometry":{"type":"Polygon","coordinates":[[[-76.50999999999999,3.465],[-76.505,3.465],[-76.505,3.4699999999999998],[-76.50999999999999,3.4699999999999998],[-76.50999999999999,3.465]]]},"properties":{"value":75.7295,"sigma":8.3017}},{"type":"Feature","geometry":{"type":"Polygon","coordinates":[[[-76.505,3.465],[-76.5,3.465],[-76.5,3.4699999999999998],[-76.505,3.4699999999999998],[-76.505,3.465]]]},"properties":{"value":77.2546,"sigma":6.9657}},{"type":"Feature","geometry":{"type":"Polygon","coordinates":[[[-76.49999999999999,3.465],[-76.49499999999999,3.465],[-76.49499999999999,3.4699999999999998],[-76.49999999999999,3.4699999999999998],[-76.49999999999999,3.465]]]},"properties":{"value":77.2287,"sigma":8.6551}},{"type":"Feature","geometry":{"type":"Polygon","coordinates":[[[-76.49499999999999,3.465],[-76.49,3.465],[-76.49,3.4699999999999998],[-76.49499999999999,3.4699999999999998],[-76.49499999999999,3.465]]]},"properties":{"value":73.6733,"sigma":8.8979}},{"type":"Feature","geometry":{"type":"Polygon","coordinates":[[[-76.49,3.465],[-76.485,3.465],[-76.485,3.4699999999999998],[-76.49,3.4699999999999998],[-76.49,3.465]]]},"properties":{"value":67.6557,"sigma":9.7239}},{"type":"Feature","geometry":{"type":"Polygon","coordinates":[[[-76.48499999999999,3.465],[-76.47999999999999,3.465],[-76.47999999999999,3.4699999999999998],[-76.48499999999999,3.4699999999999998],[-76.48499999999999,3.465]]]},"properties":{"value":69.6578,"sigma":9.9224}},{"type":"Feature","geometry":{"type":"Polygon","coordinates":[[[-76.47999999999999,3.465],[-76.475,3.465],[-76.475,3.4699999999999998],[-76.47999999999999,3.4699999999999998],[-76.47999999999999,3.465]]]},"properties":{"value":68.8156,"sigma":10.8825}},{"type":"Feature","geometry":{"type":"Polygon","coordinates":[[[-76.475,3.465],[-76.47,3.465],[-76.47,3.4699999999999998],[-76.475,3.4699999999999998],[-76.475,3.465]]]},"properties":{"value":68.8436,"sigma":10.45}},{"type":"Feature","geometry":{"type":"Polygon","coordinates":[[[-76.47,3.465],[-76.465,3.465],[-76.465,3.4699999999999998],[-76.47,3.4699999999999998],[-76.47,3.465]]]},"properties":{"value":65.8426,"sigma":11.5056}},{"type":"Feature","geometry":{"type":"Polygon","coordinates":[[[-76.46499999999999,3.465],[-76.46,3.465],[-76.46,3.4699999999999998],[-76.46499999999999,3.4699999999999998],[-76.46499999999999,3.465]]]},"properties":{"value":63.968,"sigma":11.2912}},{"type":"Feature","geometry":{"type":"Polygon","coordinates":[[[-76.46,3.465],[-76.455,3.465],[-76.455,3.4699999999999998],[-76.46,3.4699999999999998],[-76.46,3.465]]]},"properties":{"value":69.6024,"sigma":10.8809}},{"type":"Feature","geometry":{"type":"Polygon","coordinates":[[[-76.455,3.465],[-76.45,3.465],[-76.45,3.4699999999999998],[-76.455,3.4699999999999998],[-76.455,3.465]]]},"properties":{"value":67.0654,"sigma":11.6373}},{"type":"Feature","geometry":{"type":"Polygon","coordinates":[[[-76.44999999999999,3.465],[-76.445,3.465],[-76.445,3.4699999999999998],[-76.44999999999999,3.4699999999999998],[-76.44999999999999,3.465]]]},"properties":{"value":61.7254,"sigma":11.3356}},{"type":"Feature","geometry":{"type":"Polygon","coordinates":[[[-76.445,3.465],[-76.44,3.465],[-76.44,3.4699999999999998],[-76.445,3.4699999999999998],[-76.445,3.465]]]},"properties":{"value":64.0166,"sigma":10.6927}},{"type":"Feature","geometry":{"type":"Polygon","coordinates":[[[-76.44,3.465],[-76.435,3.465],[-76.435,3.4699999999999998],[-76.44,3.4699999999999998],[-76.44,3.465]]]},"properties":{"value":61.2379,"sigma":13.0578}},{"type":"Feature","geometry":{"type":"Polygon","coordinates":[[[-76.43499999999999,3.465],[-76.42999999999999,3.465],[-76.42999999999999,3.4699999999999998],[-76.43499999999999,3.4699999999999998],[-76.43499999999999,3.465]]]},"properties":{"value":65.065,"sigma":13.1084}},{"type":"Feature","geometry":{"type":"Polygon","coordinates":[[[-76.42999999999999,3.465],[-76.425,3.465],[-76.425,3.4699999999999998],[-76.42999999999999,3.4699999999999998],[-76.42999999999999,3.465]]]},"properties":{"value":62.482,"sigma":13.396}},{"type":"Feature","geometry":{"type":"Polygon","coordinates":[[[-76.425,3.465],[-76.42,3.465],[-76.42,3.4699999999999998],[-76.425,3.4699999999999998],[-76.425,3.465]]]},"properties":{"value":65.139,"sigma":14.3551}},{"type":"Feature","geometry":{"type":"Polygon","coordinates":[[[-76.41999999999999,3.465],[-76.41499999999999,3.465],[-76.41499999999999,3.4699999999999998],[-76.41999999999999,3.4699999999999998],[-76.41999999999999,3.465]]]},"properties":{"value":67.3554,"sigma":14.4409}},{"type":"Feature","geometry":{"type":"Polygon","coordinates":[[[-76.41499999999999,3.465],[-76.41,3.465],[-76.41,3.4699999999999998],[-76.41499999999999,3.4699999999999998],[-76.41499999999999,3.465]]]},"properties":{"value":64.0691,"sigma":15.1136}},{"type":"Feature","geometry":{"type":"Polygon","coordinates":[[[-76.41,3.465],[-76.405,3.465],[-76.405,3.4699999999999998],[-76.41,3.4699999999999998],[-76.41,3.465]]]},"properties":{"value":66.2152,"sigma":15.8524}},{"type":"Feature","geometry":{"type":"Polygon","coordinates":[[[-76.40499999999999,3.465],[-76.39999999999999,3.465],[-76.39999999999999,3.4699999999999998],[-76.40499999999999,3.4699999999999998],[-76.40499999999999,3.465]]]},"properties":{"value":64.8064,"sigma":15.1112}},{"type":"Feature","geometry":{"type":"Polygon","coordinates":[[[-76.6,3.4699999999999998],[-76.595,3.4699999999999998],[-76.595,3.4749999999999996],[-76.6,3.4749999999999996],[-76.6,3.4699999999999998]]]},"properties":{"value":65.2131,"sigma":15.6826}},{"type":"Feature","geometry":{"type":"Polygon","coordinates":[[[-76.595,3.4699999999999998],[-76.59,3.4699999999999998],[-76.59,3.4749999999999996],[-76.595,3.4749999999999996],[-76.595,3.4699999999999998]]]},"properties":{"value":67.546,"sigma":13.6929}},{"type":"Feature","geometry":{"type":"Polygon","coordinates":[[[-76.58999999999999,3.4699999999999998],[-76.585,3.4699999999999998],[-76.585,3.4749999999999996],[-76.58999999999999,3.4749999999999996],[-76.58999999999999,3.4699999999999998]]]},"properties":{"value":66.1913,"sigma":13.1611}},{"type":"Feature","geometry":{"type":"Polygon","coordinates":[[[-76.585,3.4699999999999998],[-76.58,3.4699999999999998],[-76.58,3.4749999999999996],[-76.585,3.4749999999999996],[-76.585,3.4699999999999998]]]},"properties":{"value":70.7487,"sigma":12.5753}},{"type":"Feature","geometry":{"type":"Polygon","coordinates":[[[-76.58,3.4699999999999998],[-76.575,3.4699999999999998],[-76.575,3.4749999999999996],[-76.58,3.4749999999999996],[-76.58,3.4699999999999998]]]},"properties":{"value":70.21,"sigma":12.4349}},{"type":"Feature","geometry":{"type":"Polygon","coordinates":[[[-76.57499999999999,3.4699999999999998],[-76.57,3.4699999999999998],[-76.57,3.4749999999999996],[-76.57499999999999,3.4749999999999996],[-76.57499999999999,3.4699999999999998]]]},"properties":{"value":69.0404,"sigma":12.8121}},{"type":"Feature","geometry":{"type":"Polygon","coordinates":[[[-76.57,3.4699999999999998],[-76.565,3.4699999999999998],[-76.565,3.4749999999999996],[-76.57,3.4749999999999996],[-76.57,3.4699999999999998]]]},"properties":{"value":70.0877,"sigma":12.2729}},{"type":"Feature","geometry":{"type":"Polygon","coordinates":[[[-76.565,3.4699999999999998],[-76.56,3.4699999999999998],[-76.56,3.4749999999999996],[-76.565,3.4749999999999996],[-76.565,3.4699999999999998]]]},"properties":{"value":76.3838,"sigma":10.6876}},{"type":"Feature","geometry":{"type":"Polygon","coordinates":[[[-76.55999999999999,3.4699999999999998],[-76.55499999999999,3.4699999999999998],[-76.55499999999999,3.4749999999999996],[-76.55999999999999,3.4749999999999996],[-76.55999999999999,3.4699999999999998]]]},"properties":{"value":78.4524,"sigma":9.5776}},{"type":"Feature","geometry":{"type":"Polygon","coordinates":[[[-76.55499999999999,3.4699999999999998],[-76.55,3.4699999999999998],[-76.55,3.4749999999999996],[-76.55499999999999,3.4749999999999996],[-76.55499999999999,3.4699999999999998]]]},"properties":{"value":80.4762,"sigma":9.5545}},{"type":"Feature","geometry":{"type":"Polygon","coordinates":[[[-76.55,3.4699999999999998],[-76.545,3.4699999999999998],[-76.545,3.4749999999999996],[-76.55,3.4749999999999996],[-76.55,3.4699999999999998]]]},"properties":{"value":82.0815,"sigma":9.9821}},{"type":"Feature","geometry":{"type":"Polygon","coordinates":[[[-76.54499999999999,3.4699999999999998],[-76.53999999999999,3.4699999999999998],[-76.53999999999999,3.4749999999999996],[-76.54499999999999,3.4749999999999996],[-76.54499999999999,3.4699999999999998]]]},"properties":{"value":83.4839,"sigma":9.5036}},{"type":"Feature","geometry":{"type":"Polygon","coordinates":[[[-76.53999999999999,3.4699999999999998],[-76.535,3.4699999999999998],[-76.535,3.4749999999999996],[-76.53999999999999,3.4749999999999996],[-76.53999999999999,3.4699999999999998]]]},"properties":{"value":83.5423,"sigma":8.5895}},{"type":"Feature","geometry":{"type":"Polygon","coordinates":[[[-76.535,3.4699999999999998],[-76.53,3.4699999999999998],[-76.53,3.4749999999999996],[-76.535,3.4749999999999996],[-76.535,3.4699999999999998]]]},"properties":{"value":83.3772,"sigma":8.8797}},{"type":"Feature","geometry":{"type":"Polygon","coordinates":[[[-76.52999999999999,3.4699999999999998],[-76.52499999999999,3.4699999999999998],[-76.52499999999999,3.4749999999999996],[-76.52999999999999,3.4749999999999996],[-76.52999999999999,3.4699999999999998]]]},"properties":{"value":82.278,"sigma":7.9447}},{"type":"Feature","geometry":{"type":"Polygon","coordinates":[[[-76.52499999999999,3.4699999999999998],[-76.52,3.4699999999999998],[-76.52,3.4749999999999996],[-76.52499999999999,3.4749999999999996],[-76.52499999999999,3.4699999999999998]]]},"properties":{"value":80.5789,"sigma":8.5513}},{"type":"Feature","geometry":{"type":"Polygon","coordinates":[[[-76.52,3.4699999999999998],[-76.515,3.4699999999999998],[-76.515,3.4749999999999996],[-76.52,3.4749999999999996],[-76.52,3.4699999999999998]]]},"properties":{"value":85.5996,"sigma":8.2368}},{"type":"Feature","geometry":{"type":"Polygon","coordinates":[[[-76.51499999999999,3.4699999999999998],[-76.50999999999999,3.4699999999999998],[-76.50999999999999,3.4749999999999996],[-76.51499999999999,3.4749999999999996],[-76.51499999999999,3.4699999999999998]]]},"properties":{"value":78.8694,"sigma":8.254}},{"type":"Feature","geometry":{"type":"Polygon","coordinates":[[[-76.50999999999999,3.4699999999999998],[-76.505,3.4699999999999998],[-76.505,3.4749999999999996],[-76.50999999999999,3.4749999999999996],[-76.50999999999999,3.4699999999999998]]]},"properties":{"value":77.1017,"sigma":8.6863}},{"type":"Feature","geometry":{"type":"Polygon","coordinates":[[[-76.505,3.4699999999999998],[-76.5,3.4699999999999998],[-76.5,3.4749999999999996],[-76.505,3.4749999999999996],[-76.505,3.4699999999999998]]]},"properties":{"value":73.6011,"sigma":8.061}},{"type":"Feature","geometry":{"type":"Polygon","coordinates":[[[-76.49999999999999,3.4699999999999998],[-76.49499999999999,3.4699999999999998],[-76.49499999999999,3.4749999999999996],[-76.49999999999999,3.4749999999999996],[-76.49999999999999,3.4699999999999998]]]},"properties":{"value":71.4012,"sigma":7.8917}},{"type":"Feature","geometry":{"type":"Polygon","coordinates":[[[-76.49499999999999,3.4699999999999998],[-76.49,3.4699999999999998],[-76.49,3.4749999999999996],[-76.49499999999999,3.4749999999999996],[-76.49499999999999,3.4699999999999998]]]},"properties":{"value":69.1915,"sigma":9.3887}},{"type":"Feature","geometry":{"type":"Polygon","coordinates":[[[-76.49,3.4699999999999998],[-76.485,3.4699999999999998],[-76.485,3.4749999999999996],[-76.49,3.4749999999999996],[-76.49,3.4699999999999998]]]},"properties":{"value":71.1356,"sigma":9.5976}},{"type":"Feature","geometry":{"type":"Polygon","coordinates":[[[-76.48499999999999,3.4699999999999998],[-76.47999999999999,3.4699999999999998],[-76.47999999999999,3.4749999999999996],[-76.48499999999999,3.4749999999999996],[-76.48499999999999,3.4699999999999998]]]},"properties":{"value":67.7573,"sigma":9.6777}},{"type":"Feature","geometry":{"type":"Polygon","coordinates":[[[-76.47999999999999,3.4699999999999998],[-76.475,3.4699999999999998],[-76.475,3.4749999999999996],[-76.47999999999999,3.4749999999999996],[-76.47999999999999,3.4699999999999998]]]},"properties":{"value":67.9484,"sigma":11.6274}},{"type":"Feature","geometry":{"type":"Polygon","coordinates":[[[-76.475,3.4699999999999998],[-76.47,3.4699999999999998],[-76.47,3.4749999999999996],[-76.475,3.4749999999999996],[-76.475,3.4699999999999998]]]},"properties":{"value":67.4632,"sigma":10.6412}},{"type":"Feature","geometry":{"type":"Polygon","coordinates":[[[-76.47,3.4699999999999998],[-76.465,3.4699999999999998],[-76.465,3.4749999999999996],[-76.47,3.4749999999999996],[-76.47,3.4699999999999998]]]},"properties":{"value":65.1483,"sigma":11.6967}},{"type":"Feature","geometry":{"type":"Polygon","coordinates":[[[-76.46499999999999,3.4699999999999998],[-76.46,3.4699999999999998],[-76.46,3.4749999999999996],[-76.46499999999999,3.4749999999999996],[-76.46499999999999,3.4699999999999998]]]},"properties":{"value":61.9794,"sigma":11.1746}},{"type":"Feature","geometry":{"type":"Polygon","coordinates":[[[-76.46,3.4699999999999998],[-76.455,3.4699999999999998],[-76.455,3.4749999999999996],[-76.46,3.4749999999999996],[-76.46,3.4699999999999998]]]},"properties":{"value":64.0436,"sigma":12.1045}},{"type":"Feature","geometry":{"type":"Polygon","coordinates":[[[-76.455,3.4699999999999998],[-76.45,3.4699999999999998],[-76.45,3.4749999999999996],[-76.455,3.4749999999999996],[-76.455,3.4699999999999998]]]},"properties":{"value":66.3296,"sigma":12.274}},{"type":"Feature","geometry":{"type":"Polygon","coordinates":[[[-76.44999999999999,3.4699999999999998],[-76.445,3.4699999999999998],[-76.445,3.4749999999999996],[-76.44999999999999,3.4749999999999996],[-76.44999999999999,3.4699999999999998]]]},"properties":{"value":66.1422,"sigma":12.5249}},{"type":"Feature","geometry":{"type":"Polygon","coordinates":[[[-76.445,3.4699999999999998],[-76.44,3.4699999999999998],[-76.44,3.4749999999999996],[-76.445,3.4749999999999996],[-76.445,3.4699999999999998]]]},"properties":{"value":64.3669,"sigma":12.2117}},{"type":"Feature","geometry":{"type":"Polygon","coordinates":[[[-76.44,3.4699999999999998],[-76.435,3.4699999999999998],[-76.435,3.4749999999999996],[-76.44,3.4749999999999996],[-76.44,3.4699999999999998]]]},"properties":{"value":62.0993,"sigma":12.9891}},{"type":"Feature","geometry":{"type":"Polygon","coordinates":[[[-76.43499999999999,3.4699999999999998],[-76.42999999999999,3.4699999999999998],[-76.42999999999999,3.4749999999999996],[-76.43499999999999,3.4749999999999996],[-76.43499999999999,3.4699999999999998]]]},"properties":{"value":65.9851,"sigma":13.3087}},{"type":"Feature","geometry":{"type":"Polygon","coordinates":[[[-76.42999999999999,3.4699999999999998],[-76.425,3.4699999999999998],[-76.425,3.4749999999999996],[-76.42999999999999,3.4749999999999996],[-76.42999999999999,3.4699999999999998]]]},"properties":{"value":65.6079,"sigma":13.3356}},{"type":"Feature","geometry":{"type":"Polygon","coordinates":[[[-76.425,3.4699999999999998],[-76.42,3.4699999999999998],[-76.42,3.4749999999999996],[-76.425,3.4749999999999996],[-76.425,3.4699999999999998]]]},"properties":{"value":62.6507,"sigma":14.322}},{"type":"Feature","geometry":{"type":"Polygon","coordinates":[[[-76.41999999999999,3.4699999999999998],[-76.41499999999999,3.4699999999999998],[-76.41499999999999,3.4749999999999996],[-76.41999999999999,3.4749999999999996],[-76.41999999999999,3.4699999999999998]]]},"properties":{"value":64.471,"sigma":14.389}},{"type":"Feature","geometry":{"type":"Polygon","coordinates":[[[-76.41499999999999,3.4699999999999998],[-76.41,3.4699999999999998],[-76.41,3.4749999999999996],[-76.41499999999999,3.4749999999999996],[-76.41499999999999,3.4699999999999998]]]},"properties":{"value":65.0312,"sigma":15.0417}},{"type":"Feature","geometry":{"type":"Polygon","coordinates":[[[-76.41,3.4699999999999998],[-76.405,3.4699999999999998],[-76.405,3.4749999999999996],[-76.41,3.4749999999999996],[-76.41,3.4699999999999998]]]},"properties":{"value":67.4969,"sigma":14.614}},{"type":"Feature","geometry":{"type":"Polygon","coordinates":[[[-76.40499999999999,3.4699999999999998],[-76.39999999999999,3.4699999999999998],[-76.39999999999999,3.4749999999999996],[-76.40499999999999,3.4749999999999996],[-76.40499999999999,3.4699999999999998]]]},"properties":{"value":66.8646,"sigma":15.8939}},{"type":"Feature","geometry":{"type":"Polygon","coordinates":[[[-76.6,3.475],[-76.595,3.475],[-76.595,3.48],[-76.6,3.48],[-76.6,3.475]]]},"properties":{"value":66.4701,"sigma":14.5332}},{"type":"Feature","geometry":{"type":"Polygon","coordinates":[[[-76.595,3.475],[-76.59,3.475],[-76.59,3.48],[-76.595,3.48],[-76.595,3.475]]]},"properties":{"value":67.4713,"sigma":13.6299}},{"type":"Feature","geometry":{"type":"Polygon","coordinates":[[[-76.58999999999999,3.475],[-76.585,3.475],[-76.585,3.48],[-76.58999999999999,3.48],[-76.58999999999999,3.475]]]},"properties":{"value":68.8833,"sigma":14.3681}},{"type":"Feature","geometry":{"type":"Polygon","coordinates":[[[-76.585,3.475],[-76.58,3.475],[-76.58,3.48],[-76.585,3.48],[-76.585,3.475]]]},"properties":{"value":65.9035,"sigma":13.3882}},{"type":"Feature","geometry":{"type":"Polygon","coordinates":[[[-76.58,3.475],[-76.575,3.475],[-76.575,3.48],[-76.58,3.48],[-76.58,3.475]]]},"properties":{"value":70.9162,"sigma":12.1171}},{"type":"Feature","geometry":{"type":"Polygon","coordinates":[[[-76.57499999999999,3.475],[-76.57,3.475],[-76.57,3.48],[-76.57499999999999,3.48],[-76.57499999999999,3.475]]]},"properties":{"value":68.7439,"sigma":11.1634}},{"type":"Feature","geometry":{"type":"Polygon","coordinates":[[[-76.57,3.475],[-76.565,3.475],[-76.565,3.48],[-76.57,3.48],[-76.57,3.475]]]},"properties":{"value":70.621,"sigma":12.3927}},{"type":"Feature","geometry":{"type":"Polygon","coordinates":[[[-76.565,3.475],[-76.56,3.475],[-76.56,3.48],[-76.565,3.48],[-76.565,3.475]]]},"properties":{"value":72.0687,"sigma":10.8067}},{"type":"Feature","geometry":{"type":"Polygon","coordinates":[[[-76.55999999999999,3.475],[-76.55499999999999,3.475],[-76.55499999999999,3.48],[-76.55999999999999,3.48],[-76.55999999999999,3.475]]]},"properties":{"value":74.7632,"sigma":10.19}},{"type":"Feature","geometry":{"type":"Polygon","coordinates":[[[-76.55499999999999,3.475],[-76.55,3.475],[-76.55,3.48],[-76.55499999999999,3.48],[-76.55499999999999,3.475]]]},"properties":{"value":77.8619,"sigma":11.078}},{"type":"Feature","geometry":{"type":"Polygon","coordinates":[[[-76.55,3.475],[-76.545,3.475],[-76.545,3.48],[-76.55,3.48],[-76.55,3.475]]]},"properties":{"value":79.8286,"sigma":8.9915}},{"type":"Feature","geometry":{"type":"Polygon","coordinates":[[[-76.54499999999999,3.475],[-76.53999999999999,3.475],[-76.53999999999999,3.48],[-76.54499999999999,3.48],[-76.54499999999999,3.475]]]},"properties":{"value":81.472,"sigma":9.4763}},{"type":"Feature","geometry":{"type":"Polygon","coordinates":[[[-76.53999999999999,3.475],[-76.535,3.475],[-76.535,3.48],[-76.53999999999999,3.48],[-76.53999999999999,3.475]]]},"properties":{"value":81.1196,"sigma":8.8393}},{"type":"Feature","geometry":{"type":"Polygon","coordinates":[[[-76.535,3.475],[-76.53,3.475],[-76.53,3.48],[-76.535,3.48],[-76.535,3.475]]]},"properties":{"value":84.3818,"sigma":8.6544}},{"type":"Feature","geometry":{"type":"Polygon","coordinates":[[[-76.52999999999999,3.475],[-76.52499999999999,3.475],[-76.52499999999999,3.48],[-76.52999999999999,3.48],[-76.52999999999999,3.475]]]},"properties":{"value":82.035,"sigma":8.2738}},{"type":"Feature","geometry":{"type":"Polygon","coordinates":[[[-76.52499999999999,3.475],[-76.52,3.475],[-76.52,3.48],[-76.52499999999999,3.48],[-76.52499999999999,3.475]]]},"properties":{"value":81.1459,"sigma":7.5286}},{"type":"Feature","geometry":{"type":"Polygon","coordinates":[[[-76.52,3.475],[-76.515,3.475],[-76.515,3.48],[-76.52,3.48],[-76.52,3.475]]]},"properties":{"value":77.9522,"sigma":7.5492}},{"type":"Feature","geometry":{"type":"Polygon","coordinates":[[[-76.51499999999999,3.475],[-76.50999999999999,3.475],[-76.50999999999999,3.48],[-76.51499999999999,3.48],[-76.51499999999999,3.475]]]},"properties":{"value":78.6079,"sigma":7.8671}},{"type":"Feature","geometry":{"type":"Polygon","coordinates":[[[-76.50999999999999,3.475],[-76.505,3.475],[-76.505,3.48],[-76.50999999999999,3.48],[-76.50999999999999,3.475]]]},"properties":{"value":74.8562,"sigma":8.4443}},{"type":"Feature","geometry":{"type":"Polygon","coordinates":[[[-76.505,3.475],[-76.5,3.475],[-76.5,3.48],[-76.505,3.48],[-76.505,3.475]]]},"properties":{"value":75.5597,"sigma":9.33}},{"type":"Feature","geometry":{"type":"Polygon","coordinates":[[[-76.49999999999999,3.475],[-76.49499999999999,3.475],[-76.49499999999999,3.48],[-76.49999999999999,3.48],[-76.49999999999999,3.475]]]},"properties":{"value":73.8046,"sigma":8.8482}},{"type":"Feature","geometry":{"type":"Polygon","coordinates":[[[-76.49499999999999,3.475],[-76.49,3.475],[-76.49,3.48],[-76.49499999999999,3.48],[-76.49499999999999,3.475]]]},"properties":{"value":71.0083,"sigma":9.7129}},{"type":"Feature","geometry":{"type":"Polygon","coordinates":[[[-76.49,3.475],[-76.485,3.475],[-76.485,3.48],[-76.49,3.48],[-76.49,3.475]]]},"properties":{"value":69.8797,"sigma":9.9296}},{"type":"Feature","geometry":{"type":"Polygon","coordinates":[[[-76.48499999999999,3.475],[-76.47999999999999,3.475],[-76.47999999999999,3.48],[-76.48499999999999,3.48],[-76.48499999999999,3.475]]]},"properties":{"value":67.5352,"sigma":9.4743}},{"type":"Feature","geometry":{"type":"Polygon","coordinates":[[[-76.47999999999999,3.475],[-76.475,3.475],[-76.475,3.48],[-76.47999999999999,3.48],[-76.47999999999999,3.475]]]},"properties":{"value":68.3426,"sigma":10.7496}},{"type":"Feature","geometry":{"type":"Polygon","coordinates":[[[-76.475,3.475],[-76.47,3.475],[-76.47,3.48],[-76.475,3.48],[-76.475,3.475]]]},"properties":{"value":69.5063,"sigma":10.7614}},{"type":"Feature","geometry":{"type":"Polygon","coordinates":[[[-76.47,3.475],[-76.465,3.475],[-76.465,3.48],[-76.47,3.48],[-76.47,3.475]]]},"properties":{"value":64.0097,"sigma":11.1302}},{"type":"Feature","geometry":{"type":"Polygon","coordinates":[[[-76.46499999999999,3.475],[-76.46,3.475],[-76.46,3.48],[-76.46499999999999,3.48],[-76.46499999999999,3.475]]]},"properties":{"value":64.0164,"sigma":12.2969}},{"type":"Feature","geometry":{"type":"Polygon","coordinates":[[[-76.46,3.475],[-76.455,3.475],[-76.455,3.48],[-76.46,3.48],[-76.46,3.475]]]},"properties":{"value":66.3452,"sigma":12.5467}},{"type":"Feature","geometry":{"type":"Polygon","coordinates":[[[-76.455,3.475],[-76.45,3.475],[-76.45,3.48],[-76.455,3.48],[-76.455,3.475]]]},"properties":{"value":63.7329,"sigma":12.8183}},{"type":"Feature","geometry":{"type":"Polygon","coordinates":[[[-76.44999999999999,3.475],[-76.445,3.475],[-76.445,3.48],[-76.44999999999999,3.48],[-76.44999999999999,3.475]]]},"properties":{"value":64.3648,"sigma":12.6137}},{"type":"Feature","geometry":{"type":"Polygon","coordinates":[[[-76.445,3.475],[-76.44,3.475],[-76.44,3.48],[-76.445,3.48],[-76.445,3.475]]]},"properties":{"value":66.7437,"sigma":13.1936}},{"type":"Feature","geometry":{"type":"Polygon","coordinates":[[[-76.44,3.475],[-76.435,3.475],[-76.435,3.48],[-76.44,3.48],[-76.44,3.475]]]},"properties":{"value":64.6028,"sigma":12.9765}},{"type":"Feature","geometry":{"type":"Polygon","coordinates":[[[-76.43499999999999,3.475],[-76.42999999999999,3.475],[-76.42999999999999,3.48],[-76.43499999999999,3.48],[-76.43499999999999,3.475]]]},"properties":{"value":65.4972,"sigma":13.717}},{"type":"Feature","geometry":{"type":"Polygon","coordinates":[[[-76.42999999999999,3.475],[-76.425,3.475],[-76.425,3.48],[-76.42999999999999,3.48],[-76.42999999999999,3.475]]]},"properties":{"value":68.8265,"sigma":14.5926}},{"type":"Feature","geometry":{"type":"Polygon","coordinates":[[[-76.425,3.475],[-76.42,3.475],[-76.42,3.48],[-76.425,3.48],[-76.425,3.475]]]},"properties":{"value":66.1166,"sigma":15.8843}},{"type":"Feature","geometry":{"type":"Polygon","coordinates":[[[-76.41999999999999,3.475],[-76.41499999999999,3.475],[-76.41499999999999,3.48],[-76.41999999999999,3.48],[-76.41999999999999,3.475]]]},"properties":{"value":64.2508,"sigma":14.9593}},{"type":"Feature","geometry":{"type":"Polygon","coordinates":[[[-76.41499999999999,3.475],[-76.41,3.475],[-76.41,3.48],[-76.41499999999999,3.48],[-76.41499999999999,3.475]]]},"properties":{"value":65.8144,"sigma":15.4828}},{"type":"Feature","geometry":{"type":"Polygon","coordinates":[[[-76.41,3.475],[-76.405,3.475],[-76.405,3.48],[-76.41,3.48],[-76.41,3.475]]]},"properties":{"value":64.8347,"sigma":15.7866}},{"type":"Feature","geometry":{"type":"Polygon","coordinates":[[[-76.40499999999999,3.475],[-76.39999999999999,3.475],[-76.39999999999999,3.48],[-76.40499999999999,3.48],[-76.40499999999999,3.475]]]},"properties":{"value":67.4024,"sigma":16.0306}},{"type":"Feature","geometry":{"type":"Polygon","coordinates":[[[-76.6,3.48],[-76.595,3.48],[-76.595,3.485],[-76.6,3.485],[-76.6,3.48]]]},"properties":{"value":67.6351,"sigma":15.1115}},{"type":"Feature","geometry":{"type":"Polygon","coordinates":[[[-76.595,3.48],[-76.59,3.48],[-76.59,3.485],[-76.595,3.485],[-76.595,3.48]]]},"properties":{"value":65.9662,"sigma":14.3993}},{"type":"Feature","geometry":{"type":"Polygon","coordinates":[[[-76.58999999999999,3.48],[-76.585,3.48],[-76.585,3.485],[-76.58999999999999,3.485],[-76.58999999999999,3.48]]]},"properties":{"value":66.9844,"sigma":13.2475}},{"type":"Feature","geometry":{"type":"Polygon","coordinates":[[[-76.585,3.48],[-76.58,3.48],[-76.58,3.485],[-76.585,3.485],[-76.585,3.48]]]},"properties":{"value":65.5315,"sigma":13.3155}},{"type":"Feature","geometry":{"type":"Polygon","coordinates":[[[-76.58,3.48],[-76.575,3.48],[-76.575,3.485],[-76.58,3.485],[-76.58,3.48]]]},"properties":{"value":68.214,"sigma":12.2738}},{"type":"Feature","geometry":{"type":"Polygon","coordinates":[[[-76.57499999999999,3.48],[-76.57,3.48],[-76.57,3.485],[-76.57499999999999,3.485],[-76.57499999999999,3.48]]]},"properties":{"value":69.7236,"sigma":12.7179}},{"type":"Feature","geometry":{"type":"Polygon","coordinates":[[[-76.57,3.48],[-76.565,3.48],[-76.565,3.485],[-76.57,3.485],[-76.57,3.48]]]},"properties":{"value":71.0289,"sigma":12.346}},{"type":"Feature","geometry":{"type":"Polygon","coordinates":[[[-76.565,3.48],[-76.56,3.48],[-76.56,3.485],[-76.565,3.485],[-76.565,3.48]]]},"properties":{"value":70.148,"sigma":12.2401}},{"type":"Feature","geometry":{"type":"Polygon","coordinates":[[[-76.55999999999999,3.48],[-76.55499999999999,3.48],[-76.55499999999999,3.485],[-76.55999999999999,3.485],[-76.55999999999999,3.48]]]},"properties":{"value":73.6593,"sigma":11.4045}},{"type":"Feature","geometry":{"type":"Polygon","coordinates":[[[-76.55499999999999,3.48],[-76.55,3.48],[-76.55,3.485],[-76.55499999999999,3.485],[-76.55499999999999,3.48]]]},"properties":{"value":76.7101,"sigma":11.7056}},{"type":"Feature","geometry":{"type":"Polygon","coordinates":[[[-76.55,3.48],[-76.545,3.48],[-76.545,3.485],[-76.55,3.485],[-76.55,3.48]]]},"properties":{"value":74.3855,"sigma":9.6005}},{"type":"Feature","geometry":{"type":"Polygon","coordinates":[[[-76.54499999999999,3.48],[-76.53999999999999,3.48],[-76.53999999999999,3.485],[-76.54499999999999,3.485],[-76.54499999999999,3.48]]]},"properties":{"value":76.5688,"sigma":10.0927}},{"type":"Feature","geometry":{"type":"Polygon","coordinates":[[[-76.53999999999999,3.48],[-76.535,3.48],[-76.535,3.485],[-76.53999999999999,3.485],[-76.53999999999999,3.48]]]},"properties":{"value":76.3398,"sigma":9.4649}},{"type":"Feature","geometry":{"type":"Polygon","coordinates":[[[-76.535,3.48],[-76.53,3.48],[-76.53,3.485],[-76.535,3.485],[-76.535,3.48]]]},"properties":{"value":76.2857,"sigma":8.6418}},{"type":"Feature","geometry":{"type":"Polygon","coordinates":[[[-76.52999999999999,3.48],[-76.52499999999999,3.48],[-76.52499999999999,3.485],[-76.52999999999999,3.485],[-76.52999999999999,3.48]]]},"properties":{"value":79.9383,"sigma":7.7507}},{"type":"Feature","geometry":{"type":"Polygon","coordinates":[[[-76.52499999999999,3.48],[-76.52,3.48],[-76.52,3.485],[-76.52499999999999,3.485],[-76.52499999999999,3.48]]]},"properties":{"value":79.2096,"sigma":6.4166}},{"type":"Feature","geometry":{"type":"Polygon","coordinates":[[[-76.52,3.48],[-76.515,3.48],[-76.515,3.485],[-76.52,3.485],[-76.52,3.48]]]},"properties":{"value":78.4192,"sigma":6.5225}},{"type":"Feature","geometry":{"type":"Polygon","coordinates":[[[-76.51499999999999,3.48],[-76.50999999999999,3.48],[-76.50999999999999,3.485],[-76.51499999999999,3.485],[-76.51499999999999,3.48]]]},"properties":{"value":75.3818,"sigma":8.0688}},{"type":"Feature","geometry":{"type":"Polygon","coordinates":[[[-76.50999999999999,3.48],[-76.505,3.48],[-76.505,3.485],[-76.50999999999999,3.485],[-76.50999999999999,3.48]]]},"properties":{"value":74.7787,"sigma":7.1507}},{"type":"Feature","geometry":{"type":"Polygon","coordinates":[[[-76.505,3.48],[-76.5,3.48],[-76.5,3.485],[-76.505,3.485],[-76.505,3.48]]]},"properties":{"value":72.9839,"sigma":7.3614}},{"type":"Feature","geometry":{"type":"Polygon","coordinates":[[[-76.49999999999999,3.48],[-76.49499999999999,3.48],[-76.49499999999999,3.485],[-76.49999999999999,3.485],[-76.49999999999999,3.48]]]},"properties":{"value":71.4584,"sigma":9.6051}},{"type":"Feature","geometry":{"type":"Polygon","coordinates":[[[-76.49499999999999,3.48],[-76.49,3.48],[-76.49,3.485],[-76.49499999999999,3.485],[-76.49499999999999,3.48]]]},"properties":{"value":69.1835,"sigma":9.3621}},{"type":"Feature","geometry":{"type":"Polygon","coordinates":[[[-76.49,3.48],[-76.485,3.48],[-76.485,3.485],[-76.49,3.485],[-76.49,3.48]]]},"properties":{"value":67.3733,"sigma":9.3995}},{"type":"Feature","geometry":{"type":"Polygon","coordinates":[[[-76.48499999999999,3.48],[-76.47999999999999,3.48],[-76.47999999999999,3.485],[-76.48499999999999,3.485],[-76.48499999999999,3.48]]]},"properties":{"value":69.7408,"sigma":10.489}},{"type":"Feature","geometry":{"type":"Polygon","coordinates":[[[-76.47999999999999,3.48],[-76.475,3.48],[-76.475,3.485],[-76.47999999999999,3.485],[-76.47999999999999,3.48]]]},"properties":{"value":64.8949,"sigma":11.1039}},{"type":"Feature","geometry":{"type":"Polygon","coordinates":[[[-76.475,3.48],[-76.47,3.48],[-76.47,3.485],[-76.475,3.485],[-76.475,3.48]]]},"properties":{"value":64.4048,"sigma":11.2691}},{"type":"Feature","geometry":{"type":"Polygon","coordinates":[[[-76.47,3.48],[-76.465,3.48],[-76.465,3.485],[-76.47,3.485],[-76.47,3.48]]]},"properties":{"value":64.0809,"sigma":11.8706}},{"type":"Feature","geometry":{"type":"Polygon","coordinates":[[[-76.46499999999999,3.48],[-76.46,3.48],[-76.46,3.485],[-76.46499999999999,3.485],[-76.46499999999999,3.48]]]},"properties":{"value":63.7235,"sigma":12.465}},{"type":"Feature","geometry":{"type":"Polygon","coordinates":[[[-76.46,3.48],[-76.455,3.48],[-76.455,3.485],[-76.46,3.485],[-76.46,3.48]]]},"properties":{"value":66.1335,"sigma":12.9825}},{"type":"Feature","geometry":{"type":"Polygon","coordinates":[[[-76.455,3.48],[-76.45,3.48],[-76.45,3.485],[-76.455,3.485],[-76.455,3.48]]]},"properties":{"value":66.3121,"sigma":13.5344}},{"type":"Feature","geometry":{"type":"Polygon","coordinates":[[[-76.44999999999999,3.48],[-76.445,3.48],[-76.445,3.485],[-76.44999999999999,3.485],[-76.44999999999999,3.48]]]},"properties":{"value":64.762,"sigma":14.5092}},{"type":"Feature","geometry":{"type":"Polygon","coordinates":[[[-76.445,3.48],[-76.44,3.48],[-76.44,3.485],[-76.445,3.485],[-76.445,3.48]]]},"properties":{"value":64.1648,"sigma":14.1671}},{"type":"Feature","geometry":{"type":"Polygon","coordinates":[[[-76.44,3.48],[-76.435,3.48],[-76.435,3.485],[-76.44,3.485],[-76.44,3.48]]]},"properties":{"value":66.9252,"sigma":13.9656}},{"type":"Feature","geometry":{"type":"Polygon","coordinates":[[[-76.43499999999999,3.48],[-76.42999999999999,3.48],[-76.42999999999999,3.485],[-76.43499999999999,3.485],[-76.43499999999999,3.48]]]},"properties":{"value":63.7955,"sigma":14.5115}},{"type":"Feature","geometry":{"type":"Polygon","coordinates":[[[-76.42999999999999,3.48],[-76.425,3.48],[-76.425,3.485],[-76.42999999999999,3.485],[-76.42999999999999,3.48]]]},"properties":{"value":66.4135,"sigma":15.0772}},{"type":"Feature","geometry":{"type":"Polygon","coordinates":[[[-76.425,3.48],[-76.42,3.48],[-76.42,3.485],[-76.425,3.485],[-76.425,3.48]]]},"properties":{"value":63.8867,"sigma":14.8194}},{"type":"Feature","geometry":{"type":"Polygon","coordinates":[[[-76.41999999999999,3.48],[-76.41499999999999,3.48],[-76.41499999999999,3.485],[-76.41999999999999,3.485],[-76.41999999999999,3.48]]]},"properties":{"value":69.6049,"sigma":15.5136}},{"type":"Feature","geometry":{"type":"Polygon","coordinates":[[[-76.41499999999999,3.48],[-76.41,3.48],[-76.41,3.485],[-76.41499999999999,3.485],[-76.41499999999999,3.48]]]},"properties":{"value":66.8331,"sigma":15.8796}},{"type":"Feature","geometry":{"type":"Polygon","coordinates":[[[-76.41,3.48],[-76.405,3.48],[-76.405,3.485],[-76.41,3.485],[-76.41,3.48]]]},"properties":{"value":65.5099,"sigma":16.5606}},{"type":"Feature","geometry":{"type":"Polygon","coordinates":[[[-76.40499999999999,3.48],[-76.39999999999999,3.48],[-76.39999999999999,3.485],[-76.40499999999999,3.485],[-76.40499999999999,3.48]]]},"properties":{"value":63.1636,"sigma":17.0503}},{"type":"Feature","geometry":{"type":"Polygon","coordinates":[[[-76.6,3.485],[-76.595,3.485],[-76.595,3.4899999999999998],[-76.6,3.4899999999999998],[-76.6,3.485]]]},"properties":{"value":66.7055,"sigma":16.1128}},{"type":"Feature","geometry":{"type":"Polygon","coordinates":[[[-76.595,3.485],[-76.59,3.485],[-76.59,3.4899999999999998],[-76.595,3.4899999999999998],[-76.595,3.485]]]},"properties":{"value":63.5514,"sigma":14.6334}},{"type":"Feature","geometry":{"type":"Polygon","coordinates":[[[-76.58999999999999,3.485],[-76.585,3.485],[-76.585,3.4899999999999998],[-76.58999999999999,3.4899999999999998],[-76.58999999999999,3.485]]]},"properties":{"value":67.7435,"sigma":15.7617}},{"type":"Feature","geometry":{"type":"Polygon","coordinates":[[[-76.585,3.485],[-76.58,3.485],[-76.58,3.4899999999999998],[-76.585,3.4899999999999998],[-76.585,3.485]]]},"properties":{"value":66.1948,"sigma":13.6499}},{"type":"Feature","geometry":{"type":"Polygon","coordinates":[[[-76.58,3.485],[-76.575,3.485],[-76.575,3.4899999999999998],[-76.58,3.4899999999999998],[-76.58,3.485]]]},"properties":{"value":69.6884,"sigma":13.0144}},{"type":"Feature","geometry":{"type":"Polygon","coordinates":[[[-76.57499999999999,3.485],[-76.57,3.485],[-76.57,3.4899999999999998],[-76.57499999999999,3.4899999999999998],[-76.57499999999999,3.485]]]},"properties":{"value":67.8809,"sigma":12.3894}},{"type":"Feature","geometry":{"type":"Polygon","coordinates":[[[-76.57,3.485],[-76.565,3.485],[-76.565,3.4899999999999998],[-76.57,3.4899999999999998],[-76.57,3.485]]]},"properties":{"value":69.4863,"sigma":11.5355}},{"type":"Feature","geometry":{"type":"Polygon","coordinates":[[[-76.565,3.485],[-76.56,3.485],[-76.56,3.4899999999999998],[-76.565,3.4899999999999998],[-76.565,3.485]]]},"properties":{"value":69.8616,"sigma":12.3959}},{"type":"Feature","geometry":{"type":"Polygon","coordinates":[[[-76.55999999999999,3.485],[-76.55499999999999,3.485],[-76.55499999999999,3.4899999999999998],[-76.55999999999999,3.4899999999999998],[-76.55999999999999,3.485]]]},"properties":{"value":71.5281,"sigma":11.4611}},{"type":"Feature","geometry":{"type":"Polygon","coordinates":[[[-76.55499999999999,3.485],[-76.55,3.485],[-76.55,3.4899999999999998],[-76.55499999999999,3.4899999999999998],[-76.55499999999999,3.485]]]},"properties":{"value":73.6074,"sigma":10.5503}},{"type":"Feature","geometry":{"type":"Polygon","coordinates":[[[-76.55,3.485],[-76.545,3.485],[-76.545,3.4899999999999998],[-76.55,3.4899999999999998],[-76.55,3.485]]]},"properties":{"value":71.4262,"sigma":10.6465}},{"type":"Feature","geometry":{"type":"Polygon","coordinates":[[[-76.54499999999999,3.485],[-76.53999999999999,3.485],[-76.53999999999999,3.4899999999999998],[-76.54499999999999,3.4899999999999998],[-76.54499999999999,3.485]]]},"properties":{"value":72.4605,"sigma":10.2545}},{"type":"Feature","geometry":{"type":"Polygon","coordinates":[[[-76.53999999999999,3.485],[-76.535,3.485],[-76.535,3.4899999999999998],[-76.53999999999999,3.4899999999999998],[-76.53999999999999,3.485]]]},"properties":{"value":75.8841,"sigma":8.3388}},{"type":"Feature","geometry":{"type":"Polygon","coordinates":[[[-76.535,3.485],[-76.53,3.485],[-76.53,3.4899999999999998],[-76.535,3.4899999999999998],[-76.535,3.485]]]},"properties":{"value":75.9834,"sigma":8.84}},{"type":"Feature","geometry":{"type":"Polygon","coordinates":[[[-76.52999999999999,3.485],[-76.52499999999999,3.485],[-76.52499999999999,3.4899999999999998],[-76.52999999999999,3.4899999999999998],[-76.52999999999999,3.485]]]},"properties":{"value":76.5783,"sigma":7.9752}},{"type":"Feature","geometry":{"type":"Polygon","coordinates":[[[-76.52499999999999,3.485],[-76.52,3.485],[-76.52,3.4899999999999998],[-76.52499999999999,3.4899999999999998],[-76.52499999999999,3.485]]]},"properties":{"value":73.3794,"sigma":6.981}},{"type":"Feature","geometry":{"type":"Polygon","coordinates":[[[-76.52,3.485],[-76.515,3.485],[-76.515,3.4899999999999998],[-76.52,3.4899999999999998],[-76.52,3.485]]]},"properties":{"value":74.5353,"sigma":6.5936}},{"type":"Feature","geometry":{"type":"Polygon","coordinates":[[[-76.51499999999999,3.485],[-76.50999999999999,3.485],[-76.50999999999999,3.4899999999999998],[-76.51499999999999,3.4899999999999998],[-76.51499999999999,3.485]]]},"properties":{"value":72.5131,"sigma":6.2067}},{"type":"Feature","geometry":{"type":"Polygon","coordinates":[[[-76.50999999999999,3.485],[-76.505,3.485],[-76.505,3.4899999999999998],[-76.50999999999999,3.4899999999999998],[-76.50999999999999,3.485]]]},"properties":{"value":72.0747,"sigma":7.3978}},{"type":"Feature","geometry":{"type":"Polygon","coordinates":[[[-76.505,3.485],[-76.5,3.485],[-76.5,3.4899999999999998],[-76.505,3.4899999999999998],[-76.505,3.485]]]},"properties":{"value":71.0933,"sigma":8.75}},{"type":"Feature","geometry":{"type":"Polygon","coordinates":[[[-76.49999999999999,3.485],[-76.49499999999999,3.485],[-76.49499999999999,3.4899999999999998],[-76.49999999999999,3.4899999999999998],[-76.49999999999999,3.485]]]},"properties":{"value":68.2439,"sigma":8.4771}},{"type":"Feature","geometry":{"type":"Polygon","coordinates":[[[-76.49499999999999,3.485],[-76.49,3.485],[-76.49,3.4899999999999998],[-76.49499999999999,3.4899999999999998],[-76.49499999999999,3.485]]]},"properties":{"value":69.164,"sigma":9.8703}},{"type":"Feature","geometry":{"type":"Polygon","coordinates":[[[-76.49,3.485],[-76.485,3.485],[-76.485,3.4899999999999998],[-76.49,3.4899999999999998],[-76.49,3.485]]]},"properties":{"value":65.4216,"sigma":9.7183}},{"type":"Feature","geometry":{"type":"Polygon","coordinates":[[[-76.48499999999999,3.485],[-76.47999999999999,3.485],[-76.47999999999999,3.4899999999999998],[-76.48499999999999,3.4899999999999998],[-76.48499999999999,3.485]]]},"properties":{"value":64.6978,"sigma":11.4757}},{"type":"Feature","geometry":{"type":"Polygon","coordinates":[[[-76.47999999999999,3.485],[-76.475,3.485],[-76.475,3.4899999999999998],[-76.47999999999999,3.4899999999999998],[-76.47999999999999,3.485]]]},"properties":{"value":64.9894,"sigma":10.7253}},{"type":"Feature","geometry":{"type":"Polygon","coordinates":[[[-76.475,3.485],[-76.47,3.485],[-76.47,3.4899999999999998],[-76.475,3.4899999999999998],[-76.475,3.485]]]},"properties":{"value":68.9953,"sigma":11.9816}},{"type":"Feature","geometry":{"type":"Polygon","coordinates":[[[-76.47,3.485],[-76.465,3.485],[-76.465,3.4899999999999998],[-76.47,3.4899999999999998],[-76.47,3.485]]]},"properties":{"value":70.3728,"sigma":12.429}},{"type":"Feature","geometry":{"type":"Polygon","coordinates":[[[-76.46499999999999,3.485],[-76.46,3.485],[-76.46,3.4899999999999998],[-76.46499999999999,3.4899999999999998],[-76.46499999999999,3.485]]]},"properties":{"value":64.2862,"sigma":13.0307}},{"type":"Feature","geometry":{"type":"Polygon","coordinates":[[[-76.46,3.485],[-76.455,3.485],[-76.455,3.4899999999999998],[-76.46,3.4899999999999998],[-76.46,3.485]]]},"properties":{"value":64.5745,"sigma":12.9841}},{"type":"Feature","geometry":{"type":"Polygon","coordinates":[[[-76.455,3.485],[-76.45,3.485],[-76.45,3.4899999999999998],[-76.455,3.4899999999999998],[-76.455,3.485]]]},"properties":{"value":65.9088,"sigma":13.9591}},{"type":"Feature","geometry":{"type":"Polygon","coordinates":[[[-76.44999999999999,3.485],[-76.445,3.485],[-76.445,3.4899999999999998],[-76.44999999999999,3.4899999999999998],[-76.44999999999999,3.485]]]},"properties":{"value":65.0348,"sigma":14.4557}},{"type":"Feature","geometry":{"type":"Polygon","coordinates":[[[-76.445,3.485],[-76.44,3.485],[-76.44,3.4899999999999998],[-76.445,3.4899999999999998],[-76.445,3.485]]]},"properties":{"value":66.41,"sigma":14.4497}},{"type":"Feature","geometry":{"type":"Polygon","coordinates":[[[-76.44,3.485],[-76.435,3.485],[-76.435,3.4899999999999998],[-76.44,3.4899999999999998],[-76.44,3.485]]]},"properties":{"value":64.4265,"sigma":15.1137}},{"type":"Feature","geometry":{"type":"Polygon","coordinates":[[[-76.43499999999999,3.485],[-76.42999999999999,3.485],[-76.42999999999999,3.4899999999999998],[-76.43499999999999,3.4899999999999998],[-76.43499999999999,3.485]]]},"properties":{"value":67.723,"sigma":15.4634}},{"type":"Feature","geometry":{"type":"Polygon","coordinates":[[[-76.42999999999999,3.485],[-76.425,3.485],[-76.425,3.4899999999999998],[-76.42999999999999,3.4899999999999998],[-76.42999999999999,3.485]]]},"properties":{"value":63.2914,"sigma":15.6116}},{"type":"Feature","geometry":{"type":"Polygon","coordinates":[[[-76.425,3.485],[-76.42,3.485],[-76.42,3.4899999999999998],[-76.425,3.4899999999999998],[-76.425,3.485]]]},"properties":{"value":68.4159,"sigma":15.9026}},{"type":"Feature","geometry":{"type":"Polygon","coordinates":[[[-76.41999999999999,3.485],[-76.41499999999999,3.485],[-76.41499999999999,3.4899999999999998],[-76.41999999999999,3.4899999999999998],[-76.41999999999999,3.485]]]},"properties":{"value":63.628,"sigma":15.9346}},{"type":"Feature","geometry":{"type":"Polygon","coordinates":[[[-76.41499999999999,3.485],[-76.41,3.485],[-76.41,3.4899999999999998],[-76.41499999999999,3.4899999999999998],[-76.41499999999999,3.485]]]},"properties":{"value":68.5412,"sigma":16.6174}},{"type":"Feature","geometry":{"type":"Polygon","coordinates":[[[-76.41,3.485],[-76.405,3.485],[-76.405,3.4899999999999998],[-76.41,3.4899999999999998],[-76.41,3.485]]]},"properties":{"value":64.2313,"sigma":17.1197}},{"type":"Feature","geometry":{"type":"Polygon","coordinates":[[[-76.40499999999999,3.485],[-76.39999999999999,3.485],[-76.39999999999999,3.4899999999999998],[-76.40499999999999,3.4899999999999998],[-76.40499999999999,3.485]]]},"properties":{"value":68.4972,"sigma":17.2011}},{"type":"Feature","geometry":{"type":"Polygon","coordinates":[[[-76.6,3.4899999999999998],[-76.595,3.4899999999999998],[-76.595,3.4949999999999997],[-76.6,3.4949999999999997],[-76.6,3.4899999999999998]]]},"properties":{"value":62.1646,"sigma":16.0894}},{"type":"Feature","geometry":{"type":"Polygon","coordinates":[[[-76.595,3.4899999999999998],[-76.59,3.4899999999999998],[-76.59,3.4949999999999997],[-76.595,3.4949999999999997],[-76.595,3.4899999999999998]]]},"properties":{"value":63.9361,"sigma":15.2059}},{"type":"Feature","geometry":{"type":"Polygon","coordinates":[[[-76.58999999999999,3.4899999999999998],[-76.585,3.4899999999999998],[-76.585,3.4949999999999997],[-76.58999999999999,3.4949999999999997],[-76.58999999999999,3.4899999999999998]]]},"properties":{"value":60.5028,"sigma":15.9542}},{"type":"Feature","geometry":{"type":"Polygon","coordinates":[[[-76.585,3.4899999999999998],[-76.58,3.4899999999999998],[-76.58,3.4949999999999997],[-76.585,3.4949999999999997],[-76.585,3.4899999999999998]]]},"properties":{"value":65.1381,"sigma":14.1333}},{"type":"Feature","geometry":{"type":"Polygon","coordinates":[[[-76.58,3.4899999999999998],[-76.575,3.4899999999999998],[-76.575,3.4949999999999997],[-76.58,3.4949999999999997],[-76.58,3.4899999999999998]]]},"properties":{"value":65.7628,"sigma":13.7997}},{"type":"Feature","geometry":{"type":"Polygon","coordinates":[[[-76.57499999999999,3.4899999999999998],[-76.57,3.4899999999999998],[-76.57,3.4949999999999997],[-76.57499999999999,3.4949999999999997],[-76.57499999999999,3.4899999999999998]]]},"properties":{"value":69.2743,"sigma":13.0262}},{"type":"Feature","geometry":{"type":"Polygon","coordinates":[[[-76.57,3.4899999999999998],[-76.565,3.4899999999999998],[-76.565,3.4949999999999997],[-76.57,3.4949999999999997],[-76.57,3.4899999999999998]]]},"properties":{"value":69.562,"sigma":12.7524}},{"type":"Feature","geometry":{"type":"Polygon","coordinates":[[[-76.565,3.4899999999999998],[-76.56,3.4899999999999998],[-76.56,3.4949999999999997],[-76.565,3.4949999999999997],[-76.565,3.4899999999999998]]]},"properties":{"value":72.1255,"sigma":12.0887}},{"type":"Feature","geometry":{"type":"Polygon","coordinates":[[[-76.55999999999999,3.4899999999999998],[-76.55499999999999,3.4899999999999998],[-76.55499999999999,3.4949999999999997],[-76.55999999999999,3.4949999999999997],[-76.55999999999999,3.4899999999999998]]]},"properties":{"value":69.9756,"sigma":12.0034}},{"type":"Feature","geometry":{"type":"Polygon","coordinates":[[[-76.55499999999999,3.4899999999999998],[-76.55,3.4899999999999998],[-76.55,3.4949999999999997],[-76.55499999999999,3.4949999999999997],[-76.55499999999999,3.4899999999999998]]]},"properties":{"value":72.95,"sigma":10.2129}},{"type":"Feature","geometry":{"type":"Polygon","coordinates":[[[-76.55,3.4899999999999998],[-76.545,3.4899999999999998],[-76.545,3.4949999999999997],[-76.55,3.4949999999999997],[-76.55,3.4899999999999998]]]},"properties":{"value":72.6171,"sigma":10.205}},{"type":"Feature","geometry":{"type":"Polygon","coordinates":[[[-76.54499999999999,3.4899999999999998],[-76.53999999999999,3.4899999999999998],[-76.53999999999999,3.4949999999999997],[-76.54499999999999,3.4949999999999997],[-76.54499999999999,3.4899999999999998]]]},"properties":{"value":75.0568,"sigma":10.7493}},{"type":"Feature","geometry":{"type":"Polygon","coordinates":[[[-76.53999999999999,3.4899999999999998],[-76.535,3.4899999999999998],[-76.535,3.4949999999999997],[-76.53999999999999,3.4949999999999997],[-76.53999999999999,3.4899999999999998]]]},"properties":{"value":73.8481,"sigma":9.1202}},{"type":"Feature","geometry":{"type":"Polygon","coordinates":[[[-76.535,3.4899999999999998],[-76.53,3.4899999999999998],[-76.53,3.4949999999999997],[-76.535,3.4949999999999997],[-76.535,3.4899999999999998]]]},"properties":{"value":74.819,"sigma":8.6384}},{"type":"Feature","geometry":{"type":"Polygon","coordinates":[[[-76.52999999999999,3.4899999999999998],[-76.52499999999999,3.4899999999999998],[-76.52499999999999,3.4949999999999997],[-76.52999999999999,3.4949999999999997],[-76.52999999999999,3.4899999999999998]]]},"properties":{"value":72.1304,"sigma":8.1644}},{"type":"Feature","geometry":{"type":"Polygon","coordinates":[[[-76.52499999999999,3.4899999999999998],[-76.52,3.4899999999999998],[-76.52,3.4949999999999997],[-76.52499999999999,3.4949999999999997],[-76.52499999999999,3.4899999999999998]]]},"properties":{"value":71.3333,"sigma":6.8775}},{"type":"Feature","geometry":{"type":"Polygon","coordinates":[[[-76.52,3.4899999999999998],[-76.515,3.4899999999999998],[-76.515,3.4949999999999997],[-76.52,3.4949999999999997],[-76.52,3.4899999999999998]]]},"properties":{"value":69.7247,"sigma":6.9215}},{"type":"Feature","geometry":{"type":"Polygon","coordinates":[[[-76.51499999999999,3.4899999999999998],[-76.50999999999999,3.4899999999999998],[-76.50999999999999,3.4949999999999997],[-76.51499999999999,3.4949999999999997],[-76.51499999999999,3.4899999999999998]]]},"properties":{"value":70.2495,"sigma":8.3689}},{"type":"Feature","geometry":{"type":"Polygon","coordinates":[[[-76.50999999999999,3.4899999999999998],[-76.505,3.4899999999999998],[-76.505,3.4949999999999997],[-76.50999999999999,3.4949999999999997],[-76.50999999999999,3.4899999999999998]]]},"properties":{"value":68.8994,"sigma":7.2358}},{"type":"Feature","geometry":{"type":"Polygon","coordinates":[[[-76.505,3.4899999999999998],[-76.5,3.4899999999999998],[-76.5,3.4949999999999997],[-76.505,3.4949999999999997],[-76.505,3.4899999999999998]]]},"properties":{"value":69.1832,"sigma":8.3224}},{"type":"Feature","geometry":{"type":"Polygon","coordinates":[[[-76.49999999999999,3.4899999999999998],[-76.49499999999999,3.4899999999999998],[-76.49499999999999,3.4949999999999997],[-76.49999999999999,3.4949999999999997],[-76.49999999999999,3.4899999999999998]]]},"properties":{"value":68.9993,"sigma":8.7216}},{"type":"Feature","geometry":{"type":"Polygon","coordinates":[[[-76.49499999999999,3.4899999999999998],[-76.49,3.4899999999999998],[-76.49,3.4949999999999997],[-76.49499999999999,3.4949999999999997],[-76.49499999999999,3.4899999999999998]]]},"properties":{"value":69.5582,"sigma":9.7804}},{"type":"Feature","geometry":{"type":"Polygon","coordinates":[[[-76.49,3.4899999999999998],[-76.485,3.4899999999999998],[-76.485,3.4949999999999997],[-76.49,3.4949999999999997],[-76.49,3.4899999999999998]]]},"properties":{"value":67.4264,"sigma":10.626}},{"type":"Feature","geometry":{"type":"Polygon","coordinates":[[[-76.48499999999999,3.4899999999999998],[-76.47999999999999,3.4899999999999998],[-76.47999999999999,3.4949999999999997],[-76.48499999999999,3.4949999999999997],[-76.48499999999999,3.4899999999999998]]]},"properties":{"value":65.4751,"sigma":10.6742}},{"type":"Feature","geometry":{"type":"Polygon","coordinates":[[[-76.47999999999999,3.4899999999999998],[-76.475,3.4899999999999998],[-76.475,3.4949999999999997],[-76.47999999999999,3.4949999999999997],[-76.47999999999999,3.4899999999999998]]]},"properties":{"value":65.3211,"sigma":11.8585}},{"type":"Feature","geometry":{"type":"Polygon","coordinates":[[[-76.475,3.4899999999999998],[-76.47,3.4899999999999998],[-76.47,3.4949999999999997],[-76.475,3.4949999999999997],[-76.475,3.4899999999999998]]]},"properties":{"value":64.5057,"sigma":11.5801}},{"type":"Feature","geometry":{"type":"Polygon","coordinates":[[[-76.47,3.4899999999999998],[-76.465,3.4899999999999998],[-76.465,3.4949999999999997],[-76.47,3.4949999999999997],[-76.47,3.4899999999999998]]]},"properties":{"value":68.034,"sigma":12.5692}},{"type":"Feature","geometry":{"type":"Polygon","coordinates":[[[-76.46499999999999,3.4899999999999998],[-76.46,3.4899999999999998],[-76.46,3.4949999999999997],[-76.46499999999999,3.4949999999999997],[-76.46499999999999,3.4899999999999998]]]},"properties":{"value":64.8325,"sigma":12.9575}},{"type":"Feature","geometry":{"type":"Polygon","coordinates":[[[-76.46,3.4899999999999998],[-76.455,3.4899999999999998],[-76.455,3.4949999999999997],[-76.46,3.4949999999999997],[-76.46,3.4899999999999998]]]},"properties":{"value":63.0732,"sigma":13.608}},{"type":"Feature","geometry":{"type":"Polygon","coordinates":[[[-76.455,3.4899999999999998],[-76.45,3.4899999999999998],[-76.45,3.4949999999999997],[-76.455,3.4949999999999997],[-76.455,3.4899999999999998]]]},"properties":{"value":64.8659,"sigma":15.7083}},{"type":"Feature","geometry":{"type":"Polygon","coordinates":[[[-76.44999999999999,3.4899999999999998],[-76.445,3.4899999999999998],[-76.445,3.4949999999999997],[-76.44999999999999,3.4949999999999997],[-76.44999999999999,3.4899999999999998]]]},"properties":{"value":67.7618,"sigma":14.0443}},{"type":"Feature","geometry":{"type":"Polygon","coordinates":[[[-76.445,3.4899999999999998],[-76.44,3.4899999999999998],[-76.44,3.4949999999999997],[-76.445,3.4949999999999997],[-76.445,3.4899999999999998]]]},"properties":{"value":66.5659,"sigma":14.7773}},{"type":"Feature","geometry":{"type":"Polygon","coordinates":[[[-76.44,3.4899999999999998],[-76.435,3.4899999999999998],[-76.435,3.4949999999999997],[-76.44,3.4949999999999997],[-76.44,3.4899999999999998]]]},"properties":{"value":66.8092,"sigma":15.2596}},{"type":"Feature","geometry":{"type":"Polygon","coordinates":[[[-76.43499999999999,3.4899999999999998],[-76.42999999999999,3.4899999999999998],[-76.42999999999999,3.4949999999999997],[-76.43499999999999,3.4949999999999997],[-76.43499999999999,3.4899999999999998]]]},"properties":{"value":66.1423,"sigma":15.1391}},{"type":"Feature","geometry":{"type":"Polygon","coordinates":[[[-76.42999999999999,3.4899999999999998],[-76.425,3.4899999999999998],[-76.425,3.4949999999999997],[-76.42999999999999,3.4949999999999997],[-76.42999999999999,3.4899999999999998]]]},"properties":{"value":64.1307,"sigma":16.0278}},{"type":"Feature","geometry":{"type":"Polygon","coordinates":[[[-76.425,3.4899999999999998],[-76.42,3.4899999999999998],[-76.42,3.4949999999999997],[-76.425,3.4949999999999997],[-76.425,3.4899999999999998]]]},"properties":{"value":65.2263,"sigma":16.5721}},{"type":"Feature","geometry":{"type":"Polygon","coordinates":[[[-76.41999999999999,3.4899999999999998],[-76.41499999999999,3.4899999999999998],[-76.41499999999999,3.4949999999999997],[-76.41999999999999,3.4949999999999997],[-76.41999999999999,3.4899999999999998]]]},"properties":{"value":65.0158,"sigma":16.5456}},{"type":"Feature","geometry":{"type":"Polygon","coordinates":[[[-76.41499999999999,3.4899999999999998],[-76.41,3.4899999999999998],[-76.41,3.4949999999999997],[-76.41499999999999,3.4949999999999997],[-76.41499999999999,3.4899999999999998]]]},"properties":{"value":65.0912,"sigma":16.9799}},{"type":"Feature","geometry":{"type":"Polygon","coordinates":[[[-76.41,3.4899999999999998],[-76.405,3.4899999999999998],[-76.405,3.4949999999999997],[-76.41,3.4949999999999997],[-76.41,3.4899999999999998]]]},"properties":{"value":64.4429,"sigma":15.8527}},{"type":"Feature","geometry":{"type":"Polygon","coordinates":[[[-76.40499999999999,3.4899999999999998],[-76.39999999999999,3.4899999999999998],[-76.39999999999999,3.4949999999999997],[-76.40499999999999,3.4949999999999997],[-76.40499999999999,3.4899999999999998]]]},"properties":{"value":64.5555,"sigma":17.1455}},{"type":"Feature","geometry":{"type":"Polygon","coordinates":[[[-76.6,3.4949999999999997],[-76.595,3.4949999999999997],[-76.595,3.4999999999999996],[-76.6,3.4999999999999996],[-76.6,3.4949999999999997]]]},"properties":{"value":63.7068,"sigma":15.7702}},{"type":"Feature","geometry":{"type":"Polygon","coordinates":[[[-76.595,3.4949999999999997],[-76.59,3.4949999999999997],[-76.59,3.4999999999999996],[-76.595,3.4999999999999996],[-76.595,3.4949999999999997]]]},"properties":{"value":64.3334,"sigma":15.6389}},{"type":"Feature","geometry":{"type":"Polygon","coordinates":[[[-76.58999999999999,3.4949999999999997],[-76.585,3.4949999999999997],[-76.585,3.4999999999999996],[-76.58999999999999,3.4999999999999996],[-76.58999999999999,3.4949999999999997]]]},"properties":{"value":66.4183,"sigma":14.3975}},{"type":"Feature","geometry":{"type":"Polygon","coordinates":[[[-76.585,3.4949999999999997],[-76.58,3.4949999999999997],[-76.58,3.4999999999999996],[-76.585,3.4999999999999996],[-76.585,3.4949999999999997]]]},"properties":{"value":67.2228,"sigma":15.6047}},{"type":"Feature","geometry":{"type":"Polygon","coordinates":[[[-76.58,3.4949999999999997],[-76.575,3.4949999999999997],[-76.575,3.4999999999999996],[-76.58,3.4999999999999996],[-76.58,3.4949999999999997]]]},"properties":{"value":67.6965,"sigma":14.0302}},{"type":"Feature","geometry":{"type":"Polygon","coordinates":[[[-76.57499999999999,3.4949999999999997],[-76.57,3.4949999999999997],[-76.57,3.4999999999999996],[-76.57499999999999,3.4999999999999996],[-76.57499999999999,3.4949999999999997]]]},"properties":{"value":67.0313,"sigma":13.6892}},{"type":"Feature","geometry":{"type":"Polygon","coordinates":[[[-76.57,3.4949999999999997],[-76.565,3.4949999999999997],[-76.565,3.4999999999999996],[-76.57,3.4999999999999996],[-76.57,3.4949999999999997]]]},"properties":{"value":67.2196,"sigma":12.5652}},{"type":"Feature","geometry":{"type":"Polygon","coordinates":[[[-76.565,3.4949999999999997],[-76.56,3.4949999999999997],[-76.56,3.4999999999999996],[-76.565,3.4999999999999996],[-76.565,3.4949999999999997]]]},"properties":{"value":66.0608,"sigma":11.2046}},{"type":"Feature","geometry":{"type":"Polygon","coordinates":[[[-76.55999999999999,3.4949999999999997],[-76.55499999999999,3.4949999999999997],[-76.55499999999999,3.4999999999999996],[-76.55999999999999,3.4999999999999996],[-76.55999999999999,3.4949999999999997]]]},"properties":{"value":67.7886,"sigma":11.7224}},{"type":"Feature","geometry":{"type":"Polygon","coordinates":[[[-76.55499999999999,3.4949999999999997],[-76.55,3.4949999999999997],[-76.55,3.4999999999999996],[-76.55499999999999,3.4999999999999996],[-76.55499999999999,3.4949999999999997]]]},"properties":{"value":68.8427,"sigma":10.9712}},{"type":"Feature","geometry":{"type":"Polygon","coordinates":[[[-76.55,3.4949999999999997],[-76.545,3.4949999999999997],[-76.545,3.4999999999999996],[-76.55,3.4999999999999996],[-76.55,3.4949999999999997]]]},"properties":{"value":69.25,"sigma":9.8148}},{"type":"Feature","geometry":{"type":"Polygon","coordinates":[[[-76.54499999999999,3.4949999999999997],[-76.53999999999999,3.4949999999999997],[-76.53999999999999,3.4999999999999996],[-76.54499999999999,3.4999999999999996],[-76.54499999999999,3.4949999999999997]]]},"properties":{"value":69.7051,"sigma":10.1968}},{"type":"Feature","geometry":{"type":"Polygon","coordinates":[[[-76.53999999999999,3.4949999999999997],[-76.535,3.4949999999999997],[-76.535,3.4999999999999996],[-76.53999999999999,3.4999999999999996],[-76.53999999999999,3.4949999999999997]]]},"properties":{"value":70.7542,"sigma":9.701}},{"type":"Feature","geometry":{"type":"Polygon","coordinates":[[[-76.535,3.4949999999999997],[-76.53,3.4949999999999997],[-76.53,3.4999999999999996],[-76.535,3.4999999999999996],[-76.535,3.4949999999999997]]]},"properties":{"value":71.2479,"sigma":8.9095}},{"type":"Feature","geometry":{"type":"Polygon","coordinates":[[[-76.52999999999999,3.4949999999999997],[-76.52499999999999,3.4949999999999997],[-76.52499999999999,3.4999999999999996],[-76.52999999999999,3.4999999999999996],[-76.52999999999999,3.4949999999999997]]]},"properties":{"value":71.8602,"sigma":8.094}},{"type":"Feature","geometry":{"type":"Polygon","coordinates":[[[-76.52499999999999,3.4949999999999997],[-76.52,3.4949999999999997],[-76.52,3.4999999999999996],[-76.52499999999999,3.4999999999999996],[-76.52499999999999,3.4949999999999997]]]},"properties":{"value":72.5559,"sigma":7.3839}},{"type":"Feature","geometry":{"type":"Polygon","coordinates":[[[-76.52,3.4949999999999997],[-76.515,3.4949999999999997],[-76.515,3.4999999999999996],[-76.52,3.4999999999999996],[-76.52,3.4949999999999997]]]},"properties":{"value":70.4221,"sigma":7.7411}},{"type":"Feature","geometry":{"type":"Polygon","coordinates":[[[-76.51499999999999,3.4949999999999997],[-76.50999999999999,3.4949999999999997],[-76.50999999999999,3.4999999999999996],[-76.51499999999999,3.4999999999999996],[-76.51499999999999,3.4949999999999997]]]},"properties":{"value":72.4393,"sigma":7.8486}},{"type":"Feature","geometry":{"type":"Polygon","coordinates":[[[-76.50999999999999,3.4949999999999997],[-76.505,3.4949999999999997],[-76.505,3.4999999999999996],[-76.50999999999999,3.4999999999999996],[-76.50999999999999,3.4949999999999997]]]},"properties":{"value":68.74,"sigma":7.6596}},{"type":"Feature","geometry":{"type":"Polygon","coordinates":[[[-76.505,3.4949999999999997],[-76.5,3.4949999999999997],[-76.5,3.4999999999999996],[-76.505,3.4999999999999996],[-76.505,3.4949999999999997]]]},"properties":{"value":69.786,"sigma":9.2424}},{"type":"Feature","geometry":{"type":"Polygon","coordinates":[[[-76.49999999999999,3.4949999999999997],[-76.49499999999999,3.4949999999999997],[-76.49499999999999,3.4999999999999996],[-76.49999999999999,3.4999999999999996],[-76.49999999999999,3.4949999999999997]]]},"properties":{"value":70.1877,"sigma":9.6979}},{"type":"Feature","geometry":{"type":"Polygon","coordinates":[[[-76.49499999999999,3.4949999999999997],[-76.49,3.4949999999999997],[-76.49,3.4999999999999996],[-76.49499999999999,3.4999999999999996],[-76.49499999999999,3.4949999999999997]]]},"properties":{"value":64.6944,"sigma":9.1912}},{"type":"Feature","geometry":{"type":"Polygon","coordinates":[[[-76.49,3.4949999999999997],[-76.485,3.4949999999999997],[-76.485,3.4999999999999996],[-76.49,3.4999999999999996],[-76.49,3.4949999999999997]]]},"properties":{"value":67.198,"sigma":9.9061}},{"type":"Feature","geometry":{"type":"Polygon","coordinates":[[[-76.48499999999999,3.4949999999999997],[-76.47999999999999,3.4949999999999997],[-76.47999999999999,3.4999999999999996],[-76.48499999999999,3.4999999999999996],[-76.48499999999999,3.4949999999999997]]]},"properties":{"value":64.7115,"sigma":11.0884}},{"type":"Feature","geometry":{"type":"Polygon","coordinates":[[[-76.47999999999999,3.4949999999999997],[-76.475,3.4949999999999997],[-76.475,3.4999999999999996],[-76.47999999999999,3.4999999999999996],[-76.47999999999999,3.4949999999999997]]]},"properties":{"value":65.2488,"sigma":11.933}},{"type":"Feature","geometry":{"type":"Polygon","coordinates":[[[-76.475,3.4949999999999997],[-76.47,3.4949999999999997],[-76.47,3.4999999999999996],[-76.475,3.4999999999999996],[-76.475,3.4949999999999997]]]},"properties":{"value":66.6851,"sigma":11.6311}},{"type":"Feature","geometry":{"type":"Polygon","coordinates":[[[-76.47,3.4949999999999997],[-76.465,3.4949999999999997],[-76.465,3.4999999999999996],[-76.47,3.4999999999999996],[-76.47,3.4949999999999997]]]},"properties":{"value":64.544,"sigma":13.2843}},{"type":"Feature","geometry":{"type":"Polygon","coordinates":[[[-76.46499999999999,3.4949999999999997],[-76.46,3.4949999999999997],[-76.46,3.4999999999999996],[-76.46499999999999,3.4999999999999996],[-76.46499999999999,3.4949999999999997]]]},"properties":{"value":66.5568,"sigma":13.8841}},{"type":"Feature","geometry":{"type":"Polygon","coordinates":[[[-76.46,3.4949999999999997],[-76.455,3.4949999999999997],[-76.455,3.4999999999999996],[-76.46,3.4999999999999996],[-76.46,3.4949999999999997]]]},"properties":{"value":67.3363,"sigma":14.2807}},{"type":"Feature","geometry":{"type":"Polygon","coordinates":[[[-76.455,3.4949999999999997],[-76.45,3.4949999999999997],[-76.45,3.4999999999999996],[-76.455,3.4999999999999996],[-76.455,3.4949999999999997]]]},"properties":{"value":65.5024,"sigma":14.6167}},{"type":"Feature","geometry":{"type":"Polygon","coordinates":[[[-76.44999999999999,3.4949999999999997],[-76.445,3.4949999999999997],[-76.445,3.4999999999999996],[-76.44999999999999,3.4999999999999996],[-76.44999999999999,3.4949999999999997]]]},"properties":{"value":66.2434,"sigma":16.1271}},{"type":"Feature","geometry":{"type":"Polygon","coordinates":[[[-76.445,3.4949999999999997],[-76.44,3.4949999999999997],[-76.44,3.4999999999999996],[-76.445,3.4999999999999996],[-76.445,3.4949999999999997]]]},"properties":{"value":68.1532,"sigma":15.2934}},{"type":"Feature","geometry":{"type":"Polygon","coordinates":[[[-76.44,3.4949999999999997],[-76.435,3.4949999999999997],[-76.435,3.4999999999999996],[-76.44,3.4999999999999996],[-76.44,3.4949999999999997]]]},"properties":{"value":62.3671,"sigma":15.9083}},{"type":"Feature","geometry":{"type":"Polygon","coordinates":[[[-76.43499999999999,3.4949999999999997],[-76.42999999999999,3.4949999999999997],[-76.42999999999999,3.4999999999999996],[-76.43499999999999,3.4999999999999996],[-76.43499999999999,3.4949999999999997]]]},"properties":{"value":64.4851,"sigma":15.7237}},{"type":"Feature","geometry":{"type":"Polygon","coordinates":[[[-76.42999999999999,3.4949999999999997],[-76.425,3.4949999999999997],[-76.425,3.4999999999999996],[-76.42999999999999,3.4999999999999996],[-76.42999999999999,3.4949999999999997]]]},"properties":{"value":64.2147,"sigma":16.517}},{"type":"Feature","geometry":{"type":"Polygon","coordinates":[[[-76.425,3.4949999999999997],[-76.42,3.4949999999999997],[-76.42,3.4999999999999996],[-76.425,3.4999999999999996],[-76.425,3.4949999999999997]]]},"properties":{"value":66.2616,"sigma":16.1963}},{"type":"Feature","geometry":{"type":"Polygon","coordinates":[[[-76.41999999999999,3.4949999999999997],[-76.41499999999999,3.4949999999999997],[-76.41499999999999,3.4999999999999996],[-76.41999999999999,3.4999999999999996],[-76.41999999999999,3.4949999999999997]]]},"properties":{"value":68.2356,"sigma":17.0167}},{"type":"Feature","geometry":{"type":"Polygon","coordinates":[[[-76.41499999999999,3.4949999999999997],[-76.41,3.4949999999999997],[-76.41,3.4999999999999996],[-76.41499999999999,3.4999999999999996],[-76.41499999999999,3.4949999999999997]]]},"properties":{"value":66.5889,"sigma":17.8288}},{"type":"Feature","geometry":{"type":"Polygon","coordinates":[[[-76.41,3.4949999999999997],[-76.405,3.4949999999999997],[-76.405,3.4999999999999996],[-76.41,3.4999999999999996],[-76.41,3.4949999999999997]]]},"properties":{"value":63.8366,"sigma":18.5187}},{"type":"Feature","geometry":{"type":"Polygon","coordinates":[[[-76.40499999999999,3.4949999999999997],[-76.39999999999999,3.4949999999999997],[-76.39999999999999,3.4999999999999996],[-76.40499999999999,3.4999999999999996],[-76.40499999999999,3.4949999999999997]]]},"properties":{"value":64.7926,"sigma":18.1655}},{"type":"Feature","geometry":{"type":"Polygon","coordinates":[[[-76.6,3.5],[-76.595,3.5],[-76.595,3.505],[-76.6,3.505],[-76.6,3.5]]]},"properties":{"value":62.4879,"sigma":16.6245}},{"type":"Feature","geometry":{"type":"Polygon","coordinates":[[[-76.595,3.5],[-76.59,3.5],[-76.59,3.505],[-76.595,3.505],[-76.595,3.5]]]},"properties":{"value":66.6955,"sigma":15.6961}},{"type":"Feature","geometry":{"type":"Polygon","coordinates":[[[-76.58999999999999,3.5],[-76.585,3.5],[-76.585,3.505],[-76.58999999999999,3.505],[-76.58999999999999,3.5]]]},"properties":{"value":61.1322,"sigma":14.9968}},{"type":"Feature","geometry":{"type":"Polygon","coordinates":[[[-76.585,3.5],[-76.58,3.5],[-76.58,3.505],[-76.585,3.505],[-76.585,3.5]]]},"properties":{"value":66.5962,"sigma":14.0972}},{"type":"Feature","geometry":{"type":"Polygon","coordinates":[[[-76.58,3.5],[-76.575,3.5],[-76.575,3.505],[-76.58,3.505],[-76.58,3.5]]]},"properties":{"value":65.6224,"sigma":14.1648}},{"type":"Feature","geometry":{"type":"Polygon","coordinates":[[[-76.57499999999999,3.5],[-76.57,3.5],[-76.57,3.505],[-76.57499999999999,3.505],[-76.57499999999999,3.5]]]},"properties":{"value":66.1379,"sigma":14.3959}},{"type":"Feature","geometry":{"type":"Polygon","coordinates":[[[-76.57,3.5],[-76.565,3.5],[-76.565,3.505],[-76.57,3.505],[-76.57,3.5]]]},"properties":{"value":66.9167,"sigma":12.1168}},{"type":"Feature","geometry":{"type":"Polygon","coordinates":[[[-76.565,3.5],[-76.56,3.5],[-76.56,3.505],[-76.565,3.505],[-76.565,3.5]]]},"properties":{"value":68.0586,"sigma":12.4876}},{"type":"Feature","geometry":{"type":"Polygon","coordinates":[[[-76.55999999999999,3.5],[-76.55499999999999,3.5],[-76.55499999999999,3.505],[-76.55999999999999,3.505],[-76.55999999999999,3.5]]]},"properties":{"value":67.1411,"sigma":11.3865}},{"type":"Feature","geometry":{"type":"Polygon","coordinates":[[[-76.55499999999999,3.5],[-76.55,3.5],[-76.55,3.505],[-76.55499999999999,3.505],[-76.55499999999999,3.5]]]},"properties":{"value":70.084,"sigma":11.7699}},{"type":"Feature","geometry":{"type":"Polygon","coordinates":[[[-76.55,3.5],[-76.545,3.5],[-76.545,3.505],[-76.55,3.505],[-76.55,3.5]]]},"properties":{"value":68.0142,"sigma":10.7443}},{"type":"Feature","geometry":{"type":"Polygon","coordinates":[[[-76.54499999999999,3.5],[-76.53999999999999,3.5],[-76.53999999999999,3.505],[-76.54499999999999,3.505],[-76.54499999999999,3.5]]]},"properties":{"value":70.5003,"sigma":10.2125}},{"type":"Feature","geometry":{"type":"Polygon","coordinates":[[[-76.53999999999999,3.5],[-76.535,3.5],[-76.535,3.505],[-76.53999999999999,3.505],[-76.53999999999999,3.5]]]},"properties":{"value":66.4089,"sigma":9.9718}},{"type":"Feature","geometry":{"type":"Polygon","coordinates":[[[-76.535,3.5],[-76.53,3.5],[-76.53,3.505],[-76.535,3.505],[-76.535,3.5]]]},"properties":{"value":69.6178,"sigma":9.2681}},{"type":"Feature","geometry":{"type":"Polygon","coordinates":[[[-76.52999999999999,3.5],[-76.52499999999999,3.5],[-76.52499999999999,3.505],[-76.52999999999999,3.505],[-76.52999999999999,3.5]]]},"properties":{"value":67.9212,"sigma":8.1698}},{"type":"Feature","geometry":{"type":"Polygon","coordinates":[[[-76.52499999999999,3.5],[-76.52,3.5],[-76.52,3.505],[-76.52499999999999,3.505],[-76.52499999999999,3.5]]]},"properties":{"value":70.4899,"sigma":8.7635}},{"type":"Feature","geometry":{"type":"Polygon","coordinates":[[[-76.52,3.5],[-76.515,3.5],[-76.515,3.505],[-76.52,3.505],[-76.52,3.5]]]},"properties":{"value":72.0601,"sigma":8.4773}},{"type":"Feature","geometry":{"type":"Polygon","coordinates":[[[-76.51499999999999,3.5],[-76.50999999999999,3.5],[-76.50999999999999,3.505],[-76.51499999999999,3.505],[-76.51499999999999,3.5]]]},"properties":{"value":68.8976,"sigma":9.546}},{"type":"Feature","geometry":{"type":"Polygon","coordinates":[[[-76.50999999999999,3.5],[-76.505,3.5],[-76.505,3.505],[-76.50999999999999,3.505],[-76.50999999999999,3.5]]]},"properties":{"value":66.4356,"sigma":8.6491}},{"type":"Feature","geometry":{"type":"Polygon","coordinates":[[[-76.505,3.5],[-76.5,3.5],[-76.5,3.505],[-76.505,3.505],[-76.505,3.5]]]},"properties":{"value":66.3133,"sigma":8.366}},{"type":"Feature","geometry":{"type":"Polygon","coordinates":[[[-76.49999999999999,3.5],[-76.49499999999999,3.5],[-76.49499999999999,3.505],[-76.49999999999999,3.505],[-76.49999999999999,3.5]]]},"properties":{"value":66.799,"sigma":10.3828}},{"type":"Feature","geometry":{"type":"Polygon","coordinates":[[[-76.49499999999999,3.5],[-76.49,3.5],[-76.49,3.505],[-76.49499999999999,3.505],[-76.49499999999999,3.5]]]},"properties":{"value":67.9727,"sigma":10.1707}},{"type":"Feature","geometry":{"type":"Polygon","coordinates":[[[-76.49,3.5],[-76.485,3.5],[-76.485,3.505],[-76.49,3.505],[-76.49,3.5]]]},"properties":{"value":66.0063,"sigma":10.8088}},{"type":"Feature","geometry":{"type":"Polygon","coordinates":[[[-76.48499999999999,3.5],[-76.47999999999999,3.5],[-76.47999999999999,3.505],[-76.48499999999999,3.505],[-76.48499999999999,3.5]]]},"properties":{"value":67.2978,"sigma":10.6424}},{"type":"Feature","geometry":{"type":"Polygon","coordinates":[[[-76.47999999999999,3.5],[-76.475,3.5],[-76.475,3.505],[-76.47999999999999,3.505],[-76.47999999999999,3.5]]]},"properties":{"value":65.2183,"sigma":10.8961}},{"type":"Feature","geometry":{"type":"Polygon","coordinates":[[[-76.475,3.5],[-76.47,3.5],[-76.47,3.505],[-76.475,3.505],[-76.475,3.5]]]},"properties":{"value":64.5569,"sigma":12.2599}},{"type":"Feature","geometry":{"type":"Polygon","coordinates":[[[-76.47,3.5],[-76.465,3.5],[-76.465,3.505],[-76.47,3.505],[-76.47,3.5]]]},"properties":{"value":63.3634,"sigma":13.479}},{"type":"Feature","geometry":{"type":"Polygon","coordinates":[[[-76.46499999999999,3.5],[-76.46,3.5],[-76.46,3.505],[-76.46499999999999,3.505],[-76.46499999999999,3.5]]]},"properties":{"value":62.2136,"sigma":13.708}},{"type":"Feature","geometry":{"type":"Polygon","coordinates":[[[-76.46,3.5],[-76.455,3.5],[-76.455,3.505],[-76.46,3.505],[-76.46,3.5]]]},"properties":{"value":64.8471,"sigma":14.5056}},{"type":"Feature","geometry":{"type":"Polygon","coordinates":[[[-76.455,3.5],[-76.45,3.5],[-76.45,3.505],[-76.455,3.505],[-76.455,3.5]]]},"properties":{"value":65.8757,"sigma":14.7975}},{"type":"Feature","geometry":{"type":"Polygon","coordinates":[[[-76.44999999999999,3.5],[-76.445,3.5],[-76.445,3.505],[-76.44999999999999,3.505],[-76.44999999999999,3.5]]]},"properties":{"value":63.9093,"sigma":14.4098}},{"type":"Feature","geometry":{"type":"Polygon","coordinates":[[[-76.445,3.5],[-76.44,3.5],[-76.44,3.505],[-76.445,3.505],[-76.445,3.5]]]},"properties":{"value":65.0276,"sigma":15.9381}},{"type":"Feature","geometry":{"type":"Polygon","coordinates":[[[-76.44,3.5],[-76.435,3.5],[-76.435,3.505],[-76.44,3.505],[-76.44,3.5]]]},"properties":{"value":64.8525,"sigma":15.5759}},{"type":"Feature","geometry":{"type":"Polygon","coordinates":[[[-76.43499999999999,3.5],[-76.42999999999999,3.5],[-76.42999999999999,3.505],[-76.43499999999999,3.505],[-76.43499999999999,3.5]]]},"properties":{"value":63.4476,"sigma":16.3712}},{"type":"Feature","geometry":{"type":"Polygon","coordinates":[[[-76.42999999999999,3.5],[-76.425,3.5],[-76.425,3.505],[-76.42999999999999,3.505],[-76.42999999999999,3.5]]]},"properties":{"value":65.3748,"sigma":16.5978}},{"type":"Feature","geometry":{"type":"Polygon","coordinates":[[[-76.425,3.5],[-76.42,3.5],[-76.42,3.505],[-76.425,3.505],[-76.425,3.5]]]},"properties":{"value":66.9334,"sigma":17.0527}},{"type":"Feature","geometry":{"type":"Polygon","coordinates":[[[-76.41999999999999,3.5],[-76.41499999999999,3.5],[-76.41499999999999,3.505],[-76.41999999999999,3.505],[-76.41999999999999,3.5]]]},"properties":{"value":62.9998,"sigma":17.2517}},{"type":"Feature","geometry":{"type":"Polygon","coordinates":[[[-76.41499999999999,3.5],[-76.41,3.5],[-76.41,3.505],[-76.41499999999999,3.505],[-76.41499999999999,3.5]]]},"properties":{"value":63.6652,"sigma":17.0719}},{"type":"Feature","geometry":{"type":"Polygon","coordinates":[[[-76.41,3.5],[-76.405,3.5],[-76.405,3.505],[-76.41,3.505],[-76.41,3.5]]]},"properties":{"value":65.5027,"sigma":17.9138}},{"type":"Feature","geometry":{"type":"Polygon","coordinates":[[[-76.40499999999999,3.5],[-76.39999999999999,3.5],[-76.39999999999999,3.505],[-76.40499999999999,3.505],[-76.40499999999999,3.5]]]},"properties":{"value":65.5308,"sigma":18.3999}},{"type":"Feature","geometry":{"type":"Polygon","coordinates":[[[-76.6,3.505],[-76.595,3.505],[-76.595,3.51],[-76.6,3.51],[-76.6,3.505]]]},"properties":{"value":63.82,"sigma":17.1058}},{"type":"Feature","geometry":{"type":"Polygon","coordinates":[[[-76.595,3.505],[-76.59,3.505],[-76.59,3.51],[-76.595,3.51],[-76.595,3.505]]]},"properties":{"value":68.641,"sigma":15.8662}},{"type":"Feature","geometry":{"type":"Polygon","coordinates":[[[-76.58999999999999,3.505],[-76.585,3.505],[-76.585,3.51],[-76.58999999999999,3.51],[-76.58999999999999,3.505]]]},"properties":{"value":66.0905,"sigma":15.9971}},{"type":"Feature","geometry":{"type":"Polygon","coordinates":[[[-76.585,3.505],[-76.58,3.505],[-76.58,3.51],[-76.585,3.51],[-76.585,3.505]]]},"properties":{"value":63.9944,"sigma":14.6884}},{"type":"Feature","geometry":{"type":"Polygon","coordinates":[[[-76.58,3.505],[-76.575,3.505],[-76.575,3.51],[-76.58,3.51],[-76.58,3.505]]]},"properties":{"value":68.4634,"sigma":15.4618}},{"type":"Feature","geometry":{"type":"Polygon","coordinates":[[[-76.57499999999999,3.505],[-76.57,3.505],[-76.57,3.51],[-76.57499999999999,3.51],[-76.57499999999999,3.505]]]},"properties":{"value":63.7066,"sigma":14.1658}},{"type":"Feature","geometry":{"type":"Polygon","coordinates":[[[-76.57,3.505],[-76.565,3.505],[-76.565,3.51],[-76.57,3.51],[-76.57,3.505]]]},"properties":{"value":67.1734,"sigma":13.0671}},{"type":"Feature","geometry":{"type":"Polygon","coordinates":[[[-76.565,3.505],[-76.56,3.505],[-76.56,3.51],[-76.565,3.51],[-76.565,3.505]]]},"properties":{"value":66.073,"sigma":11.3087}},{"type":"Feature","geometry":{"type":"Polygon","coordinates":[[[-76.55999999999999,3.505],[-76.55499999999999,3.505],[-76.55499999999999,3.51],[-76.55999999999999,3.51],[-76.55999999999999,3.505]]]},"properties":{"value":65.8425,"sigma":11.2668}},{"type":"Feature","geometry":{"type":"Polygon","coordinates":[[[-76.55499999999999,3.505],[-76.55,3.505],[-76.55,3.51],[-76.55499999999999,3.51],[-76.55499999999999,3.505]]]},"properties":{"value":66.9956,"sigma":11.8093}},{"type":"Feature","geometry":{"type":"Polygon","coordinates":[[[-76.55,3.505],[-76.545,3.505],[-76.545,3.51],[-76.55,3.51],[-76.55,3.505]]]},"properties":{"value":65.4216,"sigma":10.6687}},{"type":"Feature","geometry":{"type":"Polygon","coordinates":[[[-76.54499999999999,3.505],[-76.53999999999999,3.505],[-76.53999999999999,3.51],[-76.54499999999999,3.51],[-76.54499999999999,3.505]]]},"properties":{"value":66.8159,"sigma":9.4319}},{"type":"Feature","geometry":{"type":"Polygon","coordinates":[[[-76.53999999999999,3.505],[-76.535,3.505],[-76.535,3.51],[-76.53999999999999,3.51],[-76.53999999999999,3.505]]]},"properties":{"value":66.8525,"sigma":9.972}},{"type":"Feature","geometry":{"type":"Polygon","coordinates":[[[-76.535,3.505],[-76.53,3.505],[-76.53,3.51],[-76.535,3.51],[-76.535,3.505]]]},"properties":{"value":66.4701,"sigma":9.2802}},{"type":"Feature","geometry":{"type":"Polygon","coordinates":[[[-76.52999999999999,3.505],[-76.52499999999999,3.505],[-76.52499999999999,3.51],[-76.52999999999999,3.51],[-76.52999999999999,3.505]]]},"properties":{"value":66.9336,"sigma":8.1786}},{"type":"Feature","geometry":{"type":"Polygon","coordinates":[[[-76.52499999999999,3.505],[-76.52,3.505],[-76.52,3.51],[-76.52499999999999,3.51],[-76.52499999999999,3.505]]]},"properties":{"value":69.1171,"sigma":8.9379}},{"type":"Feature","geometry":{"type":"Polygon","coordinates":[[[-76.52,3.505],[-76.515,3.505],[-76.515,3.51],[-76.52,3.51],[-76.52,3.505]]]},"properties":{"value":68.5137,"sigma":8.6079}},{"type":"Feature","geometry":{"type":"Polygon","coordinates":[[[-76.51499999999999,3.505],[-76.50999999999999,3.505],[-76.50999999999999,3.51],[-76.51499999999999,3.51],[-76.51499999999999,3.505]]]},"properties":{"value":66.1368,"sigma":9.2171}},{"type":"Feature","geometry":{"type":"Polygon","coordinates":[[[-76.50999999999999,3.505],[-76.505,3.505],[-76.505,3.51],[-76.50999999999999,3.51],[-76.50999999999999,3.505]]]},"properties":{"value":68.1382,"sigma":9.3816}},{"type":"Feature","geometry":{"type":"Polygon","coordinates":[[[-76.505,3.505],[-76.5,3.505],[-76.5,3.51],[-76.505,3.51],[-76.505,3.505]]]},"properties":{"value":64.8808,"sigma":9.6069}},{"type":"Feature","geometry":{"type":"Polygon","coordinates":[[[-76.49999999999999,3.505],[-76.49499999999999,3.505],[-76.49499999999999,3.51],[-76.49999999999999,3.51],[-76.49999999999999,3.505]]]},"properties":{"value":65.939,"sigma":10.0311}},{"type":"Feature","geometry":{"type":"Polygon","coordinates":[[[-76.49499999999999,3.505],[-76.49,3.505],[-76.49,3.51],[-76.49499999999999,3.51],[-76.49499999999999,3.505]]]},"properties":{"value":63.4158,"sigma":10.5758}},{"type":"Feature","geometry":{"type":"Polygon","coordinates":[[[-76.49,3.505],[-76.485,3.505],[-76.485,3.51],[-76.49,3.51],[-76.49,3.505]]]},"properties":{"value":67.2783,"sigma":10.3873}},{"type":"Feature","geometry":{"type":"Polygon","coordinates":[[[-76.48499999999999,3.505],[-76.47999999999999,3.505],[-76.47999999999999,3.51],[-76.48499999999999,3.51],[-76.48499999999999,3.505]]]},"properties":{"value":62.9495,"sigma":11.7319}},{"type":"Feature","geometry":{"type":"Polygon","coordinates":[[[-76.47999999999999,3.505],[-76.475,3.505],[-76.475,3.51],[-76.47999999999999,3.51],[-76.47999999999999,3.505]]]},"properties":{"value":67.3349,"sigma":12.0963}},{"type":"Feature","geometry":{"type":"Polygon","coordinates":[[[-76.475,3.505],[-76.47,3.505],[-76.47,3.51],[-76.475,3.51],[-76.475,3.505]]]},"properties":{"value":65.7766,"sigma":12.4853}},{"type":"Feature","geometry":{"type":"Polygon","coordinates":[[[-76.47,3.505],[-76.465,3.505],[-76.465,3.51],[-76.47,3.51],[-76.47,3.505]]]},"properties":{"value":63.6434,"sigma":13.0011}},{"type":"Feature","geometry":{"type":"Polygon","coordinates":[[[-76.46499999999999,3.505],[-76.46,3.505],[-76.46,3.51],[-76.46499999999999,3.51],[-76.46499999999999,3.505]]]},"properties":{"value":66.1801,"sigma":14.3722}},{"type":"Feature","geometry":{"type":"Polygon","coordinates":[[[-76.46,3.505],[-76.455,3.505],[-76.455,3.51],[-76.46,3.51],[-76.46,3.505]]]},"properties":{"value":68.2868,"sigma":14.1948}},{"type":"Feature","geometry":{"type":"Polygon","coordinates":[[[-76.455,3.505],[-76.45,3.505],[-76.45,3.51],[-76.455,3.51],[-76.455,3.505]]]},"properties":{"value":67.9127,"sigma":15.2136}},{"type":"Feature","geometry":{"type":"Polygon","coordinates":[[[-76.44999999999999,3.505],[-76.445,3.505],[-76.445,3.51],[-76.44999999999999,3.51],[-76.44999999999999,3.505]]]},"properties":{"value":64.3539,"sigma":15.3582}},{"type":"Feature","geometry":{"type":"Polygon","coordinates":[[[-76.445,3.505],[-76.44,3.505],[-76.44,3.51],[-76.445,3.51],[-76.445,3.505]]]},"properties":{"value":63.9556,"sigma":15.4304}},{"type":"Feature","geometry":{"type":"Polygon","coordinates":[[[-76.44,3.505],[-76.435,3.505],[-76.435,3.51],[-76.44,3.51],[-76.44,3.505]]]},"properties":{"value":69.9688,"sigma":16.9921}},{"type":"Feature","geometry":{"type":"Polygon","coordinates":[[[-76.43499999999999,3.505],[-76.42999999999999,3.505],[-76.42999999999999,3.51],[-76.43499999999999,3.51],[-76.43499999999999,3.505]]]},"properties":{"value":64.5959,"sigma":17.1831}},{"type":"Feature","geometry":{"type":"Polygon","coordinates":[[[-76.42999999999999,3.505],[-76.425,3.505],[-76.425,3.51],[-76.42999999999999,3.51],[-76.42999999999999,3.505]]]},"properties":{"value":67.5558,"sigma":17.7011}},{"type":"Feature","geometry":{"type":"Polygon","coordinates":[[[-76.425,3.505],[-76.42,3.505],[-76.42,3.51],[-76.425,3.51],[-76.425,3.505]]]},"properties":{"value":64.7067,"sigma":17.1147}},{"type":"Feature","geometry":{"type":"Polygon","coordinates":[[[-76.41999999999999,3.505],[-76.41499999999999,3.505],[-76.41499999999999,3.51],[-76.41999999999999,3.51],[-76.41999999999999,3.505]]]},"properties":{"value":64.6517,"sigma":18.7201}},{"type":"Feature","geometry":{"type":"Polygon","coordinates":[[[-76.41499999999999,3.505],[-76.41,3.505],[-76.41,3.51],[-76.41499999999999,3.51],[-76.41499999999999,3.505]]]},"properties":{"value":66.3805,"sigma":17.389}},{"type":"Feature","geometry":{"type":"Polygon","coordinates":[[[-76.41,3.505],[-76.405,3.505],[-76.405,3.51],[-76.41,3.51],[-76.41,3.505]]]},"properties":{"value":65.3617,"sigma":19.2322}},{"type":"Feature","geometry":{"type":"Polygon","coordinates":[[[-76.40499999999999,3.505],[-76.39999999999999,3.505],[-76.39999999999999,3.51],[-76.40499999999999,3.51],[-76.40499999999999,3.505]]]},"properties":{"value":64.504,"sigma":18.7373}},{"type":"Feature","geometry":{"type":"Polygon","coordinates":[[[-76.6,3.51],[-76.595,3.51],[-76.595,3.5149999999999997],[-76.6,3.5149999999999997],[-76.6,3.51]]]},"properties":{"value":62.2667,"sigma":16.7781}},{"type":"Feature","geometry":{"type":"Polygon","coordinates":[[[-76.595,3.51],[-76.59,3.51],[-76.59,3.5149999999999997],[-76.595,3.5149999999999997],[-76.595,3.51]]]},"properties":{"value":64.6351,"sigma":15.8855}},{"type":"Feature","geometry":{"type":"Polygon","coordinates":[[[-76.58999999999999,3.51],[-76.585,3.51],[-76.585,3.5149999999999997],[-76.58999999999999,3.5149999999999997],[-76.58999999999999,3.51]]]},"properties":{"value":65.1049,"sigma":15.6263}},{"type":"Feature","geometry":{"type":"Polygon","coordinates":[[[-76.585,3.51],[-76.58,3.51],[-76.58,3.5149999999999997],[-76.585,3.5149999999999997],[-76.585,3.51]]]},"properties":{"value":65.7628,"sigma":15.5945}},{"type":"Feature","geometry":{"type":"Polygon","coordinates":[[[-76.58,3.51],[-76.575,3.51],[-76.575,3.5149999999999997],[-76.58,3.5149999999999997],[-76.58,3.51]]]},"properties":{"value":65.5573,"sigma":15.0043}},{"type":"Feature","geometry":{"type":"Polygon","coordinates":[[[-76.57499999999999,3.51],[-76.57,3.51],[-76.57,3.5149999999999997],[-76.57499999999999,3.5149999999999997],[-76.57499999999999,3.51]]]},"properties":{"value":66.7012,"sigma":13.6307}},{"type":"Feature","geometry":{"type":"Polygon","coordinates":[[[-76.57,3.51],[-76.565,3.51],[-76.565,3.5149999999999997],[-76.57,3.5149999999999997],[-76.57,3.51]]]},"properties":{"value":64.8715,"sigma":12.8042}},{"type":"Feature","geometry":{"type":"Polygon","coordinates":[[[-76.565,3.51],[-76.56,3.51],[-76.56,3.5149999999999997],[-76.565,3.5149999999999997],[-76.565,3.51]]]},"properties":{"value":62.836,"sigma":13.0707}},{"type":"Feature","geometry":{"type":"Polygon","coordinates":[[[-76.55999999999999,3.51],[-76.55499999999999,3.51],[-76.55499999999999,3.5149999999999997],[-76.55999999999999,3.5149999999999997],[-76.55999999999999,3.51]]]},"properties":{"value":68.5824,"sigma":12.9906}},{"type":"Feature","geometry":{"type":"Polygon","coordinates":[[[-76.55499999999999,3.51],[-76.55,3.51],[-76.55,3.5149999999999997],[-76.55499999999999,3.5149999999999997],[-76.55499999999999,3.51]]]},"properties":{"value":65.9698,"sigma":11.3945}},{"type":"Feature","geometry":{"type":"Polygon","coordinates":[[[-76.55,3.51],[-76.545,3.51],[-76.545,3.5149999999999997],[-76.55,3.5149999999999997],[-76.55,3.51]]]},"properties":{"value":68.2191,"sigma":11.0318}},{"type":"Feature","geometry":{"type":"Polygon","coordinates":[[[-76.54499999999999,3.51],[-76.53999999999999,3.51],[-76.53999999999999,3.5149999999999997],[-76.54499999999999,3.5149999999999997],[-76.54499999999999,3.51]]]},"properties":{"value":65.7564,"sigma":10.311}},{"type":"Feature","geometry":{"type":"Polygon","coordinates":[[[-76.53999999999999,3.51],[-76.535,3.51],[-76.535,3.5149999999999997],[-76.53999999999999,3.5149999999999997],[-76.53999999999999,3.51]]]},"properties":{"value":65.0358,"sigma":9.9185}},{"type":"Feature","geometry":{"type":"Polygon","coordinates":[[[-76.535,3.51],[-76.53,3.51],[-76.53,3.5149999999999997],[-76.535,3.5149999999999997],[-76.535,3.51]]]},"properties":{"value":66.0452,"sigma":9.4572}},{"type":"Feature","geometry":{"type":"Polygon","coordinates":[[[-76.52999999999999,3.51],[-76.52499999999999,3.51],[-76.52499999999999,3.5149999999999997],[-76.52999999999999,3.5149999999999997],[-76.52999999999999,3.51]]]},"properties":{"value":69.253,"sigma":9.627}},{"type":"Feature","geometry":{"type":"Polygon","coordinates":[[[-76.52499999999999,3.51],[-76.52,3.51],[-76.52,3.5149999999999997],[-76.52499999999999,3.5149999999999997],[-76.52499999999999,3.51]]]},"properties":{"value":64.5368,"sigma":9.399}},{"type":"Feature","geometry":{"type":"Polygon","coordinates":[[[-76.52,3.51],[-76.515,3.51],[-76.515,3.5149999999999997],[-76.52,3.5149999999999997],[-76.52,3.51]]]},"properties":{"value":66.2257,"sigma":10.8439}},{"type":"Feature","geometry":{"type":"Polygon","coordinates":[[[-76.51499999999999,3.51],[-76.50999999999999,3.51],[-76.50999999999999,3.5149999999999997],[-76.51499999999999,3.5149999999999997],[-76.51499999999999,3.51]]]},"properties":{"value":64.2583,"sigma":9.3139}},{"type":"Feature","geometry":{"type":"Polygon","coordinates":[[[-76.50999999999999,3.51],[-76.505,3.51],[-76.505,3.5149999999999997],[-76.50999999999999,3.5149999999999997],[-76.50999999999999,3.51]]]},"properties":{"value":65.2004,"sigma":8.7373}},{"type":"Feature","geometry":{"type":"Polygon","coordinates":[[[-76.505,3.51],[-76.5,3.51],[-76.5,3.5149999999999997],[-76.505,3.5149999999999997],[-76.505,3.51]]]},"properties":{"value":65.5483,"sigma":10.5455}},{"type":"Feature","geometry":{"type":"Polygon","coordinates":[[[-76.49999999999999,3.51],[-76.49499999999999,3.51],[-76.49499999999999,3.5149999999999997],[-76.49999999999999,3.5149999999999997],[-76.49999999999999,3.51]]]},"properties":{"value":64.1253,"sigma":10.6958}},{"type":"Feature","geometry":{"type":"Polygon","coordinates":[[[-76.49499999999999,3.51],[-76.49,3.51],[-76.49,3.5149999999999997],[-76.49499999999999,3.5149999999999997],[-76.49499999999999,3.51]]]},"properties":{"value":66.3724,"sigma":9.9818}},{"type":"Feature","geometry":{"type":"Polygon","coordinates":[[[-76.49,3.51],[-76.485,3.51],[-76.485,3.5149999999999997],[-76.49,3.5149999999999997],[-76.49,3.51]]]},"properties":{"value":64.7281,"sigma":12.0473}},{"type":"Feature","geometry":{"type":"Polygon","coordinates":[[[-76.48499999999999,3.51],[-76.47999999999999,3.51],[-76.47999999999999,3.5149999999999997],[-76.48499999999999,3.5149999999999997],[-76.48499999999999,3.51]]]},"properties":{"value":65.735,"sigma":11.6735}},{"type":"Feature","geometry":{"type":"Polygon","coordinates":[[[-76.47999999999999,3.51],[-76.475,3.51],[-76.475,3.5149999999999997],[-76.47999999999999,3.5149999999999997],[-76.47999999999999,3.51]]]},"properties":{"value":62.5097,"sigma":13.1549}},{"type":"Feature","geometry":{"type":"Polygon","coordinates":[[[-76.475,3.51],[-76.47,3.51],[-76.47,3.5149999999999997],[-76.475,3.5149999999999997],[-76.475,3.51]]]},"properties":{"value":66.7738,"sigma":12.5635}},{"type":"Feature","geometry":{"type":"Polygon","coordinates":[[[-76.47,3.51],[-76.465,3.51],[-76.465,3.5149999999999997],[-76.47,3.5149999999999997],[-76.47,3.51]]]},"properties":{"value":65.533,"sigma":13.4017}},{"type":"Feature","geometry":{"type":"Polygon","coordinates":[[[-76.46499999999999,3.51],[-76.46,3.51],[-76.46,3.5149999999999997],[-76.46499999999999,3.5149999999999997],[-76.46499999999999,3.51]]]},"properties":{"value":66.7147,"sigma":14.1823}},{"type":"Feature","geometry":{"type":"Polygon","coordinates":[[[-76.46,3.51],[-76.455,3.51],[-76.455,3.5149999999999997],[-76.46,3.5149999999999997],[-76.46,3.51]]]},"properties":{"value":65.6818,"sigma":14.3497}},{"type":"Feature","geometry":{"type":"Polygon","coordinates":[[[-76.455,3.51],[-76.45,3.51],[-76.45,3.5149999999999997],[-76.455,3.5149999999999997],[-76.455,3.51]]]},"properties":{"value":64.0752,"sigma":15.2267}},{"type":"Feature","geometry":{"type":"Polygon","coordinates":[[[-76.44999999999999,3.51],[-76.445,3.51],[-76.445,3.5149999999999997],[-76.44999999999999,3.5149999999999997],[-76.44999999999999,3.51]]]},"properties":{"value":65.8261,"sigma":15.057}},{"type":"Feature","geometry":{"type":"Polygon","coordinates":[[[-76.445,3.51],[-76.44,3.51],[-76.44,3.5149999999999997],[-76.445,3.5149999999999997],[-76.445,3.51]]]},"properties":{"value":66.6739,"sigma":15.9487}},{"type":"Feature","geometry":{"type":"Polygon","coordinates":[[[-76.44,3.51],[-76.435,3.51],[-76.435,3.5149999999999997],[-76.44,3.5149999999999997],[-76.44,3.51]]]},"properties":{"value":64.7745,"sigma":16.7538}},{"type":"Feature","geometry":{"type":"Polygon","coordinates":[[[-76.43499999999999,3.51],[-76.42999999999999,3.51],[-76.42999999999999,3.5149999999999997],[-76.43499999999999,3.5149999999999997],[-76.43499999999999,3.51]]]},"properties":{"value":68.1626,"sigma":17.5726}},{"type":"Feature","geometry":{"type":"Polygon","coordinates":[[[-76.42999999999999,3.51],[-76.425,3.51],[-76.425,3.5149999999999997],[-76.42999999999999,3.5149999999999997],[-76.42999999999999,3.51]]]},"properties":{"value":65.6755,"sigma":18.0143}},{"type":"Feature","geometry":{"type":"Polygon","coordinates":[[[-76.425,3.51],[-76.42,3.51],[-76.42,3.5149999999999997],[-76.425,3.5149999999999997],[-76.425,3.51]]]},"properties":{"value":65.7822,"sigma":17.8288}},{"type":"Feature","geometry":{"type":"Polygon","coordinates":[[[-76.41999999999999,3.51],[-76.41499999999999,3.51],[-76.41499999999999,3.5149999999999997],[-76.41999999999999,3.5149999999999997],[-76.41999999999999,3.51]]]},"properties":{"value":63.7726,"sigma":16.6816}},{"type":"Feature","geometry":{"type":"Polygon","coordinates":[[[-76.41499999999999,3.51],[-76.41,3.51],[-76.41,3.5149999999999997],[-76.41499999999999,3.5149999999999997],[-76.41499999999999,3.51]]]},"properties":{"value":64.9874,"sigma":18.6029}},{"type":"Feature","geometry":{"type":"Polygon","coordinates":[[[-76.41,3.51],[-76.405,3.51],[-76.405,3.5149999999999997],[-76.41,3.5149999999999997],[-76.41,3.51]]]},"properties":{"value":65.5988,"sigma":19.9006}},{"type":"Feature","geometry":{"type":"Polygon","coordinates":[[[-76.40499999999999,3.51],[-76.39999999999999,3.51],[-76.39999999999999,3.5149999999999997],[-76.40499999999999,3.5149999999999997],[-76.40499999999999,3.51]]]},"properties":{"value":64.7096,"sigma":18.7387}},{"type":"Feature","geometry":{"type":"Polygon","coordinates":[[[-76.6,3.5149999999999997],[-76.595,3.5149999999999997],[-76.595,3.5199999999999996],[-76.6,3.5199999999999996],[-76.6,3.5149999999999997]]]},"properties":{"value":64.4928,"sigma":17.0007}},{"type":"Feature","geometry":{"type":"Polygon","coordinates":[[[-76.595,3.5149999999999997],[-76.59,3.5149999999999997],[-76.59,3.5199999999999996],[-76.595,3.5199999999999996],[-76.595,3.5149999999999997]]]},"properties":{"value":66.3219,"sigma":15.7261}},{"type":"Feature","geometry":{"type":"Polygon","coordinates":[[[-76.58999999999999,3.5149999999999997],[-76.585,3.5149999999999997],[-76.585,3.5199999999999996],[-76.58999999999999,3.5199999999999996],[-76.58999999999999,3.5149999999999997]]]},"properties":{"value":65.4632,"sigma":16.8255}},{"type":"Feature","geometry":{"type":"Polygon","coordinates":[[[-76.585,3.5149999999999997],[-76.58,3.5149999999999997],[-76.58,3.5199999999999996],[-76.585,3.5199999999999996],[-76.585,3.5149999999999997]]]},"properties":{"value":64.9223,"sigma":14.9663}},{"type":"Feature","geometry":{"type":"Polygon","coordinates":[[[-76.58,3.5149999999999997],[-76.575,3.5149999999999997],[-76.575,3.5199999999999996],[-76.58,3.5199999999999996],[-76.58,3.5149999999999997]]]},"properties":{"value":63.4666,"sigma":15.2254}},{"type":"Feature","geometry":{"type":"Polygon","coordinates":[[[-76.57499999999999,3.5149999999999997],[-76.57,3.5149999999999997],[-76.57,3.5199999999999996],[-76.57499999999999,3.5199999999999996],[-76.57499999999999,3.5149999999999997]]]},"properties":{"value":62.9549,"sigma":13.0714}},{"type":"Feature","geometry":{"type":"Polygon","coordinates":[[[-76.57,3.5149999999999997],[-76.565,3.5149999999999997],[-76.565,3.5199999999999996],[-76.57,3.5199999999999996],[-76.57,3.5149999999999997]]]},"properties":{"value":66.2441,"sigma":12.9299}},{"type":"Feature","geometry":{"type":"Polygon","coordinates":[[[-76.565,3.5149999999999997],[-76.56,3.5149999999999997],[-76.56,3.5199999999999996],[-76.565,3.5199999999999996],[-76.565,3.5149999999999997]]]},"properties":{"value":64.6287,"sigma":13.8535}},{"type":"Feature","geometry":{"type":"Polygon","coordinates":[[[-76.55999999999999,3.5149999999999997],[-76.55499999999999,3.5149999999999997],[-76.55499999999999,3.5199999999999996],[-76.55999999999999,3.5199999999999996],[-76.55999999999999,3.5149999999999997]]]},"properties":{"value":65.7215,"sigma":12.3079}},{"type":"Feature","geometry":{"type":"Polygon","coordinates":[[[-76.55499999999999,3.5149999999999997],[-76.55,3.5149999999999997],[-76.55,3.5199999999999996],[-76.55499999999999,3.5199999999999996],[-76.55499999999999,3.5149999999999997]]]},"properties":{"value":66.5674,"sigma":12.8029}},{"type":"Feature","geometry":{"type":"Polygon","coordinates":[[[-76.55,3.5149999999999997],[-76.545,3.5149999999999997],[-76.545,3.5199999999999996],[-76.55,3.5199999999999996],[-76.55,3.5149999999999997]]]},"properties":{"value":63.8152,"sigma":11.6117}},{"type":"Feature","geometry":{"type":"Polygon","coordinates":[[[-76.54499999999999,3.5149999999999997],[-76.53999999999999,3.5149999999999997],[-76.53999999999999,3.5199999999999996],[-76.54499999999999,3.5199999999999996],[-76.54499999999999,3.5149999999999997]]]},"properties":{"value":67.3902,"sigma":11.5406}},{"type":"Feature","geometry":{"type":"Polygon","coordinates":[[[-76.53999999999999,3.5149999999999997],[-76.535,3.5149999999999997],[-76.535,3.5199999999999996],[-76.53999999999999,3.5199999999999996],[-76.53999999999999,3.5149999999999997]]]},"properties":{"value":66.2925,"sigma":11.3873}},{"type":"Feature","geometry":{"type":"Polygon","coordinates":[[[-76.535,3.5149999999999997],[-76.53,3.5149999999999997],[-76.53,3.5199999999999996],[-76.535,3.5199999999999996],[-76.535,3.5149999999999997]]]},"properties":{"value":66.1546,"sigma":11.334}},{"type":"Feature","geometry":{"type":"Polygon","coordinates":[[[-76.52999999999999,3.5149999999999997],[-76.52499999999999,3.5149999999999997],[-76.52499999999999,3.5199999999999996],[-76.52999999999999,3.5199999999999996],[-76.52999999999999,3.5149999999999997]]]},"properties":{"value":65.3945,"sigma":9.3544}},{"type":"Feature","geometry":{"type":"Polygon","coordinates":[[[-76.52499999999999,3.5149999999999997],[-76.52,3.5149999999999997],[-76.52,3.5199999999999996],[-76.52499999999999,3.5199999999999996],[-76.52499999999999,3.5149999999999997]]]},"properties":{"value":64.9258,"sigma":10.8203}},{"type":"Feature","geometry":{"type":"Polygon","coordinates":[[[-76.52,3.5149999999999997],[-76.515,3.5149999999999997],[-76.515,3.5199999999999996],[-76.52,3.5199999999999996],[-76.52,3.5149999999999997]]]},"properties":{"value":64.7832,"sigma":10.601}},{"type":"Feature","geometry":{"type":"Polygon","coordinates":[[[-76.51499999999999,3.5149999999999997],[-76.50999999999999,3.5149999999999997],[-76.50999999999999,3.5199999999999996],[-76.51499999999999,3.5199999999999996],[-76.51499999999999,3.5149999999999997]]]},"properties":{"value":66.6906,"sigma":11.1865}},{"type":"Feature","geometry":{"type":"Polygon","coordinates":[[[-76.50999999999999,3.5149999999999997],[-76.505,3.5149999999999997],[-76.505,3.5199999999999996],[-76.50999999999999,3.5199999999999996],[-76.50999999999999,3.5149999999999997]]]},"properties":{"value":66.7093,"sigma":9.2017}},{"type":"Feature","geometry":{"type":"Polygon","coordinates":[[[-76.505,3.5149999999999997],[-76.5,3.5149999999999997],[-76.5,3.5199999999999996],[-76.505,3.5199999999999996],[-76.505,3.5149999999999997]]]},"properties":{"value":68.5512,"sigma":11.053}},{"type":"Feature","geometry":{"type":"Polygon","coordinates":[[[-76.49999999999999,3.5149999999999997],[-76.49499999999999,3.5149999999999997],[-76.49499999999999,3.5199999999999996],[-76.49999999999999,3.5199999999999996],[-76.49999999999999,3.5149999999999997]]]},"properties":{"value":65.1338,"sigma":10.708}},{"type":"Feature","geometry":{"type":"Polygon","coordinates":[[[-76.49499999999999,3.5149999999999997],[-76.49,3.5149999999999997],[-76.49,3.5199999999999996],[-76.49499999999999,3.5199999999999996],[-76.49499999999999,3.5149999999999997]]]},"properties":{"value":67.0924,"sigma":11.2177}},{"type":"Feature","geometry":{"type":"Polygon","coordinates":[[[-76.49,3.5149999999999997],[-76.485,3.5149999999999997],[-76.485,3.5199999999999996],[-76.49,3.5199999999999996],[-76.49,3.5149999999999997]]]},"properties":{"value":62.6797,"sigma":12.1926}},{"type":"Feature","geometry":{"type":"Polygon","coordinates":[[[-76.48499999999999,3.5149999999999997],[-76.47999999999999,3.5149999999999997],[-76.47999999999999,3.5199999999999996],[-76.48499999999999,3.5199999999999996],[-76.48499999999999,3.5149999999999997]]]},"properties":{"value":63.6117,"sigma":11.4022}},{"type":"Feature","geometry":{"type":"Polygon","coordinates":[[[-76.47999999999999,3.5149999999999997],[-76.475,3.5149999999999997],[-76.475,3.5199999999999996],[-76.47999999999999,3.5199999999999996],[-76.47999999999999,3.5149999999999997]]]},"properties":{"value":61.6904,"sigma":13.242}},{"type":"Feature","geometry":{"type":"Polygon","coordinates":[[[-76.475,3.5149999999999997],[-76.47,3.5149999999999997],[-76.47,3.5199999999999996],[-76.475,3.5199999999999996],[-76.475,3.5149999999999997]]]},"properties":{"value":64.4615,"sigma":11.9581}},{"type":"Feature","geometry":{"type":"Polygon","coordinates":[[[-76.47,3.5149999999999997],[-76.465,3.5149999999999997],[-76.465,3.5199999999999996],[-76.47,3.5199999999999996],[-76.47,3.5149999999999997]]]},"properties":{"value":65.0328,"sigma":12.9994}},{"type":"Feature","geometry":{"type":"Polygon","coordinates":[[[-76.46499999999999,3.5149999999999997],[-76.46,3.5149999999999997],[-76.46,3.5199999999999996],[-76.46499999999999,3.5199999999999996],[-76.46499999999999,3.5149999999999997]]]},"properties":{"value":64.8418,"sigma":13.5189}},{"type":"Feature","geometry":{"type":"Polygon","coordinates":[[[-76.46,3.5149999999999997],[-76.455,3.5149999999999997],[-76.455,3.5199999999999996],[-76.46,3.5199999999999996],[-76.46,3.5149999999999997]]]},"properties":{"value":63.2248,"sigma":14.1545}},{"type":"Feature","geometry":{"type":"Polygon","coordinates":[[[-76.455,3.5149999999999997],[-76.45,3.5149999999999997],[-76.45,3.5199999999999996],[-76.455,3.5199999999999996],[-76.455,3.5149999999999997]]]},"properties":{"value":64.0252,"sigma":14.1156}},{"type":"Feature","geometry":{"type":"Polygon","coordinates":[[[-76.44999999999999,3.5149999999999997],[-76.445,3.5149999999999997],[-76.445,3.5199999999999996],[-76.44999999999999,3.5199999999999996],[-76.44999999999999,3.5149999999999997]]]},"properties":{"value":65.6222,"sigma":15.303}},{"type":"Feature","geometry":{"type":"Polygon","coordinates":[[[-76.445,3.5149999999999997],[-76.44,3.5149999999999997],[-76.44,3.5199999999999996],[-76.445,3.5199999999999996],[-76.445,3.5149999999999997]]]},"properties":{"value":65.7194,"sigma":16.1182}},{"type":"Feature","geometry":{"type":"Polygon","coordinates":[[[-76.44,3.5149999999999997],[-76.435,3.5149999999999997],[-76.435,3.5199999999999996],[-76.44,3.5199999999999996],[-76.44,3.5149999999999997]]]},"properties":{"value":63.9054,"sigma":16.9973}},{"type":"Feature","geometry":{"type":"Polygon","coordinates":[[[-76.43499999999999,3.5149999999999997],[-76.42999999999999,3.5149999999999997],[-76.42999999999999,3.5199999999999996],[-76.43499999999999,3.5199999999999996],[-76.43499999999999,3.5149999999999997]]]},"properties":{"value":64.9669,"sigma":16.7099}},{"type":"Feature","geometry":{"type":"Polygon","coordinates":[[[-76.42999999999999,3.5149999999999997],[-76.425,3.5149999999999997],[-76.425,3.5199999999999996],[-76.42999999999999,3.5199999999999996],[-76.42999999999999,3.5149999999999997]]]},"properties":{"value":64.5486,"sigma":19.1711}},{"type":"Feature","geometry":{"type":"Polygon","coordinates":[[[-76.425,3.5149999999999997],[-76.42,3.5149999999999997],[-76.42,3.5199999999999996],[-76.425,3.5199999999999996],[-76.425,3.5149999999999997]]]},"properties":{"value":65.5614,"sigma":18.0744}},{"type":"Feature","geometry":{"type":"Polygon","coordinates":[[[-76.41999999999999,3.5149999999999997],[-76.41499999999999,3.5149999999999997],[-76.41499999999999,3.5199999999999996],[-76.41999999999999,3.5199999999999996],[-76.41999999999999,3.5149999999999997]]]},"properties":{"value":67.4803,"sigma":19.1891}},{"type":"Feature","geometry":{"type":"Polygon","coordinates":[[[-76.41499999999999,3.5149999999999997],[-76.41,3.5149999999999997],[-76.41,3.5199999999999996],[-76.41499999999999,3.5199999999999996],[-76.41499999999999,3.5149999999999997]]]},"properties":{"value":63.9118,"sigma":18.7805}},{"type":"Feature","geometry":{"type":"Polygon","coordinates":[[[-76.41,3.5149999999999997],[-76.405,3.5149999999999997],[-76.405,3.5199999999999996],[-76.41,3.5199999999999996],[-76.41,3.5149999999999997]]]},"properties":{"value":66.4126,"sigma":19.9927}},{"type":"Feature","geometry":{"type":"Polygon","coordinates":[[[-76.40499999999999,3.5149999999999997],[-76.39999999999999,3.5149999999999997],[-76.39999999999999,3.5199999999999996],[-76.40499999999999,3.5199999999999996],[-76.40499999999999,3.5149999999999997]]]},"properties":{"value":64.5583,"sigma":19.0437}},{"type":"Feature","geometry":{"type":"Polygon","coordinates":[[[-76.6,3.52],[-76.595,3.52],[-76.595,3.525],[-76.6,3.525],[-76.6,3.52]]]},"properties":{"value":66.3657,"sigma":16.4378}},{"type":"Feature","geometry":{"type":"Polygon","coordinates":[[[-76.595,3.52],[-76.59,3.52],[-76.59,3.525],[-76.595,3.525],[-76.595,3.52]]]},"properties":{"value":62.7263,"sigma":16.6734}},{"type":"Feature","geometry":{"type":"Polygon","coordinates":[[[-76.58999999999999,3.52],[-76.585,3.52],[-76.585,3.525],[-76.58999999999999,3.525],[-76.58999999999999,3.52]]]},"properties":{"value":65.808,"sigma":15.9143}},{"type":"Feature","geometry":{"type":"Polygon","coordinates":[[[-76.585,3.52],[-76.58,3.52],[-76.58,3.525],[-76.585,3.525],[-76.585,3.52]]]},"properties":{"value":60.0887,"sigma":14.5855}},{"type":"Feature","geometry":{"type":"Polygon","coordinates":[[[-76.58,3.52],[-76.575,3.52],[-76.575,3.525],[-76.58,3.525],[-76.58,3.52]]]},"properties":{"value":64.4078,"sigma":13.8486}},{"type":"Feature","geometry":{"type":"Polygon","coordinates":[[[-76.57499999999999,3.52],[-76.57,3.52],[-76.57,3.525],[-76.57499999999999,3.525],[-76.57499999999999,3.52]]]},"properties":{"value":63.9659,"sigma":14.9079}},{"type":"Feature","geometry":{"type":"Polygon","coordinates":[[[-76.57,3.52],[-76.565,3.52],[-76.565,3.525],[-76.57,3.525],[-76.57,3.52]]]},"properties":{"value":64.3506,"sigma":13.8324}},{"type":"Feature","geometry":{"type":"Polygon","coordinates":[[[-76.565,3.52],[-76.56,3.52],[-76.56,3.525],[-76.565,3.525],[-76.565,3.52]]]},"properties":{"value":65.3075,"sigma":13.0515}},{"type":"Feature","geometry":{"type":"Polygon","coordinates":[[[-76.55999999999999,3.52],[-76.55499999999999,3.52],[-76.55499999999999,3.525],[-76.55999999999999,3.525],[-76.55999999999999,3.52]]]},"properties":{"value":63.9222,"sigma":13.952}},{"type":"Feature","geometry":{"type":"Polygon","coordinates":[[[-76.55499999999999,3.52],[-76.55,3.52],[-76.55,3.525],[-76.55499999999999,3.525],[-76.55499999999999,3.52]]]},"properties":{"value":64.2147,"sigma":11.9541}},{"type":"Feature","geometry":{"type":"Polygon","coordinates":[[[-76.55,3.52],[-76.545,3.52],[-76.545,3.525],[-76.55,3.525],[-76.55,3.52]]]},"properties":{"value":65.5405,"sigma":11.8155}},{"type":"Feature","geometry":{"type":"Polygon","coordinates":[[[-76.54499999999999,3.52],[-76.53999999999999,3.52],[-76.53999999999999,3.525],[-76.54499999999999,3.525],[-76.54499999999999,3.52]]]},"properties":{"value":64.4712,"sigma":12.3012}},{"type":"Feature","geometry":{"type":"Polygon","coordinates":[[[-76.53999999999999,3.52],[-76.535,3.52],[-76.535,3.525],[-76.53999999999999,3.525],[-76.53999999999999,3.52]]]},"properties":{"value":64.941,"sigma":10.274}},{"type":"Feature","geometry":{"type":"Polygon","coordinates":[[[-76.535,3.52],[-76.53,3.52],[-76.53,3.525],[-76.535,3.525],[-76.535,3.52]]]},"properties":{"value":66.3986,"sigma":12.2376}},{"type":"Feature","geometry":{"type":"Polygon","coordinates":[[[-76.52999999999999,3.52],[-76.52499999999999,3.52],[-76.52499999999999,3.525],[-76.52999999999999,3.525],[-76.52999999999999,3.52]]]},"properties":{"value":66.9837,"sigma":11.2717}},{"type":"Feature","geometry":{"type":"Polygon","coordinates":[[[-76.52499999999999,3.52],[-76.52,3.52],[-76.52,3.525],[-76.52499999999999,3.525],[-76.52499999999999,3.52]]]},"properties":{"value":67.6971,"sigma":10.1491}},{"type":"Feature","geometry":{"type":"Polygon","coordinates":[[[-76.52,3.52],[-76.515,3.52],[-76.515,3.525],[-76.52,3.525],[-76.52,3.52]]]},"properties":{"value":64.315,"sigma":9.9052}},{"type":"Feature","geometry":{"type":"Polygon","coordinates":[[[-76.51499999999999,3.52],[-76.50999999999999,3.52],[-76.50999999999999,3.525],[-76.51499999999999,3.525],[-76.51499999999999,3.52]]]},"properties":{"value":63.1201,"sigma":10.6959}},{"type":"Feature","geometry":{"type":"Polygon","coordinates":[[[-76.50999999999999,3.52],[-76.505,3.52],[-76.505,3.525],[-76.50999999999999,3.525],[-76.50999999999999,3.52]]]},"properties":{"value":64.8742,"sigma":11.2038}},{"type":"Feature","geometry":{"type":"Polygon","coordinates":[[[-76.505,3.52],[-76.5,3.52],[-76.5,3.525],[-76.505,3.525],[-76.505,3.52]]]},"properties":{"value":65.4205,"sigma":10.3771}},{"type":"Feature","geometry":{"type":"Polygon","coordinates":[[[-76.49999999999999,3.52],[-76.49499999999999,3.52],[-76.49499999999999,3.525],[-76.49999999999999,3.525],[-76.49999999999999,3.52]]]},"properties":{"value":64.3266,"sigma":11.4771}},{"type":"Feature","geometry":{"type":"Polygon","coordinates":[[[-76.49499999999999,3.52],[-76.49,3.52],[-76.49,3.525],[-76.49499999999999,3.525],[-76.49499999999999,3.52]]]},"properties":{"value":67.3591,"sigma":11.5991}},{"type":"Feature","geometry":{"type":"Polygon","coordinates":[[[-76.49,3.52],[-76.485,3.52],[-76.485,3.525],[-76.49,3.525],[-76.49,3.52]]]},"properties":{"value":63.6009,"sigma":11.8821}},{"type":"Feature","geometry":{"type":"Polygon","coordinates":[[[-76.48499999999999,3.52],[-76.47999999999999,3.52],[-76.47999999999999,3.525],[-76.48499999999999,3.525],[-76.48499999999999,3.52]]]},"properties":{"value":63.9287,"sigma":12.247}},{"type":"Feature","geometry":{"type":"Polygon","coordinates":[[[-76.47999999999999,3.52],[-76.475,3.52],[-76.475,3.525],[-76.47999999999999,3.525],[-76.47999999999999,3.52]]]},"properties":{"value":66.7089,"sigma":12.3924}},{"type":"Feature","geometry":{"type":"Polygon","coordinates":[[[-76.475,3.52],[-76.47,3.52],[-76.47,3.525],[-76.475,3.525],[-76.475,3.52]]]},"properties":{"value":65.147,"sigma":13.1587}},{"type":"Feature","geometry":{"type":"Polygon","coordinates":[[[-76.47,3.52],[-76.465,3.52],[-76.465,3.525],[-76.47,3.525],[-76.47,3.52]]]},"properties":{"value":64.4867,"sigma":14.807}},{"type":"Feature","geometry":{"type":"Polygon","coordinates":[[[-76.46499999999999,3.52],[-76.46,3.52],[-76.46,3.525],[-76.46499999999999,3.525],[-76.46499999999999,3.52]]]},"properties":{"value":67.0839,"sigma":14.3618}},{"type":"Feature","geometry":{"type":"Polygon","coordinates":[[[-76.46,3.52],[-76.455,3.52],[-76.455,3.525],[-76.46,3.525],[-76.46,3.52]]]},"properties":{"value":63.5819,"sigma":14.4952}},{"type":"Feature","geometry":{"type":"Polygon","coordinates":[[[-76.455,3.52],[-76.45,3.52],[-76.45,3.525],[-76.455,3.525],[-76.455,3.52]]]},"properties":{"value":66.2115,"sigma":15.8934}},{"type":"Feature","geometry":{"type":"Polygon","coordinates":[[[-76.44999999999999,3.52],[-76.445,3.52],[-76.445,3.525],[-76.44999999999999,3.525],[-76.44999999999999,3.52]]]},"properties":{"value":66.5444,"sigma":16.2087}},{"type":"Feature","geometry":{"type":"Polygon","coordinates":[[[-76.445,3.52],[-76.44,3.52],[-76.44,3.525],[-76.445,3.525],[-76.445,3.52]]]},"properties":{"value":66.5378,"sigma":16.7407}},{"type":"Feature","geometry":{"type":"Polygon","coordinates":[[[-76.44,3.52],[-76.435,3.52],[-76.435,3.525],[-76.44,3.525],[-76.44,3.52]]]},"properties":{"value":64.9306,"sigma":17.317}},{"type":"Feature","geometry":{"type":"Polygon","coordinates":[[[-76.43499999999999,3.52],[-76.42999999999999,3.52],[-76.42999999999999,3.525],[-76.43499999999999,3.525],[-76.43499999999999,3.52]]]},"properties":{"value":66.6728,"sigma":18.1679}},{"type":"Feature","geometry":{"type":"Polygon","coordinates":[[[-76.42999999999999,3.52],[-76.425,3.52],[-76.425,3.525],[-76.42999999999999,3.525],[-76.42999999999999,3.52]]]},"properties":{"value":62.5501,"sigma":17.6097}},{"type":"Feature","geometry":{"type":"Polygon","coordinates":[[[-76.425,3.52],[-76.42,3.52],[-76.42,3.525],[-76.425,3.525],[-76.425,3.52]]]},"properties":{"value":64.6209,"sigma":18.9365}},{"type":"Feature","geometry":{"type":"Polygon","coordinates":[[[-76.41999999999999,3.52],[-76.41499999999999,3.52],[-76.41499999999999,3.525],[-76.41999999999999,3.525],[-76.41999999999999,3.52]]]},"properties":{"value":63.3183,"sigma":19.5851}},{"type":"Feature","geometry":{"type":"Polygon","coordinates":[[[-76.41499999999999,3.52],[-76.41,3.52],[-76.41,3.525],[-76.41499999999999,3.525],[-76.41499999999999,3.52]]]},"properties":{"value":61.968,"sigma":18.582}},{"type":"Feature","geometry":{"type":"Polygon","coordinates":[[[-76.41,3.52],[-76.405,3.52],[-76.405,3.525],[-76.41,3.525],[-76.41,3.52]]]},"properties":{"value":66.024,"sigma":20.4009}},{"type":"Feature","geometry":{"type":"Polygon","coordinates":[[[-76.40499999999999,3.52],[-76.39999999999999,3.52],[-76.39999999999999,3.525],[-76.40499999999999,3.525],[-76.40499999999999,3.52]]]},"properties":{"value":65.4614,"sigma":20.4775}},{"type":"Feature","geometry":{"type":"Polygon","coordinates":[[[-76.6,3.525],[-76.595,3.525],[-76.595,3.53],[-76.6,3.53],[-76.6,3.525]]]},"properties":{"value":65.7831,"sigma":16.7249}},{"type":"Feature","geometry":{"type":"Polygon","coordinates":[[[-76.595,3.525],[-76.59,3.525],[-76.59,3.53],[-76.595,3.53],[-76.595,3.525]]]},"properties":{"value":64.8626,"sigma":17.0215}},{"type":"Feature","geometry":{"type":"Polygon","coordinates":[[[-76.58999999999999,3.525],[-76.585,3.525],[-76.585,3.53],[-76.58999999999999,3.53],[-76.58999999999999,3.525]]]},"properties":{"value":66.9302,"sigma":16.4409}},{"type":"Feature","geometry":{"type":"Polygon","coordinates":[[[-76.585,3.525],[-76.58,3.525],[-76.58,3.53],[-76.585,3.53],[-76.585,3.525]]]},"properties":{"value":65.1969,"sigma":15.896}},{"type":"Feature","geometry":{"type":"Polygon","coordinates":[[[-76.58,3.525],[-76.575,3.525],[-76.575,3.53],[-76.58,3.53],[-76.58,3.525]]]},"properties":{"value":65.8485,"sigma":15.7209}},{"type":"Feature","geometry":{"type":"Polygon","coordinates":[[[-76.57499999999999,3.525],[-76.57,3.525],[-76.57,3.53],[-76.57499999999999,3.53],[-76.57499999999999,3.525]]]},"properties":{"value":63.733,"sigma":14.2324}},{"type":"Feature","geometry":{"type":"Polygon","coordinates":[[[-76.57,3.525],[-76.565,3.525],[-76.565,3.53],[-76.57,3.53],[-76.57,3.525]]]},"properties":{"value":64.6999,"sigma":14.1558}},{"type":"Feature","geometry":{"type":"Polygon","coordinates":[[[-76.565,3.525],[-76.56,3.525],[-76.56,3.53],[-76.565,3.53],[-76.565,3.525]]]},"properties":{"value":65.6501,"sigma":14.1421}},{"type":"Feature","geometry":{"type":"Polygon","coordinates":[[[-76.55999999999999,3.525],[-76.55499999999999,3.525],[-76.55499999999999,3.53],[-76.55999999999999,3.53],[-76.55999999999999,3.525]]]},"properties":{"value":68.3854,"sigma":12.7886}},{"type":"Feature","geometry":{"type":"Polygon","coordinates":[[[-76.55499999999999,3.525],[-76.55,3.525],[-76.55,3.53],[-76.55499999999999,3.53],[-76.55499999999999,3.525]]]},"properties":{"value":65.8051,"sigma":13.6053}},{"type":"Feature","geometry":{"type":"Polygon","coordinates":[[[-76.55,3.525],[-76.545,3.525],[-76.545,3.53],[-76.55,3.53],[-76.55,3.525]]]},"properties":{"value":65.1239,"sigma":12.5923}},{"type":"Feature","geometry":{"type":"Polygon","coordinates":[[[-76.54499999999999,3.525],[-76.53999999999999,3.525],[-76.53999999999999,3.53],[-76.54499999999999,3.53],[-76.54499999999999,3.525]]]},"properties":{"value":65.0459,"sigma":13.1386}},{"type":"Feature","geometry":{"type":"Polygon","coordinates":[[[-76.53999999999999,3.525],[-76.535,3.525],[-76.535,3.53],[-76.53999999999999,3.53],[-76.53999999999999,3.525]]]},"properties":{"value":65.2952,"sigma":11.8373}},{"type":"Feature","geometry":{"type":"Polygon","coordinates":[[[-76.535,3.525],[-76.53,3.525],[-76.53,3.53],[-76.535,3.53],[-76.535,3.525]]]},"properties":{"value":69.0304,"sigma":11.762}},{"type":"Feature","geometry":{"type":"Polygon","coordinates":[[[-76.52999999999999,3.525],[-76.52499999999999,3.525],[-76.52499999999999,3.53],[-76.52999999999999,3.53],[-76.52999999999999,3.525]]]},"properties":{"value":66.4003,"sigma":11.5666}},{"type":"Feature","geometry":{"type":"Polygon","coordinates":[[[-76.52499999999999,3.525],[-76.52,3.525],[-76.52,3.53],[-76.52499999999999,3.53],[-76.52499999999999,3.525]]]},"properties":{"value":64.0457,"sigma":10.9047}},{"type":"Feature","geometry":{"type":"Polygon","coordinates":[[[-76.52,3.525],[-76.515,3.525],[-76.515,3.53],[-76.52,3.53],[-76.52,3.525]]]},"properties":{"value":65.4252,"sigma":11.4954}},{"type":"Feature","geometry":{"type":"Polygon","coordinates":[[[-76.51499999999999,3.525],[-76.50999999999999,3.525],[-76.50999999999999,3.53],[-76.51499999999999,3.53],[-76.51499999999999,3.525]]]},"properties":{"value":66.1218,"sigma":11.2295}},{"type":"Feature","geometry":{"type":"Polygon","coordinates":[[[-76.50999999999999,3.525],[-76.505,3.525],[-76.505,3.53],[-76.50999999999999,3.53],[-76.50999999999999,3.525]]]},"properties":{"value":64.5834,"sigma":10.8289}},{"type":"Feature","geometry":{"type":"Polygon","coordinates":[[[-76.505,3.525],[-76.5,3.525],[-76.5,3.53],[-76.505,3.53],[-76.505,3.525]]]},"properties":{"value":60.2115,"sigma":11.8916}},{"type":"Feature","geometry":{"type":"Polygon","coordinates":[[[-76.49999999999999,3.525],[-76.49499999999999,3.525],[-76.49499999999999,3.53],[-76.49999999999999,3.53],[-76.49999999999999,3.525]]]},"properties":{"value":69.094,"sigma":11.3269}},{"type":"Feature","geometry":{"type":"Polygon","coordinates":[[[-76.49499999999999,3.525],[-76.49,3.525],[-76.49,3.53],[-76.49499999999999,3.53],[-76.49499999999999,3.525]]]},"properties":{"value":62.3742,"sigma":12.1905}},{"type":"Feature","geometry":{"type":"Polygon","coordinates":[[[-76.49,3.525],[-76.485,3.525],[-76.485,3.53],[-76.49,3.53],[-76.49,3.525]]]},"properties":{"value":64.992,"sigma":13.2402}},{"type":"Feature","geometry":{"type":"Polygon","coordinates":[[[-76.48499999999999,3.525],[-76.47999999999999,3.525],[-76.47999999999999,3.53],[-76.48499999999999,3.53],[-76.48499999999999,3.525]]]},"properties":{"value":64.8688,"sigma":12.6551}},{"type":"Feature","geometry":{"type":"Polygon","coordinates":[[[-76.47999999999999,3.525],[-76.475,3.525],[-76.475,3.53],[-76.47999999999999,3.53],[-76.47999999999999,3.525]]]},"properties":{"value":64.0425,"sigma":13.1544}},{"type":"Feature","geometry":{"type":"Polygon","coordinates":[[[-76.475,3.525],[-76.47,3.525],[-76.47,3.53],[-76.475,3.53],[-76.475,3.525]]]},"properties":{"value":68.8258,"sigma":14.3308}},{"type":"Feature","geometry":{"type":"Polygon","coordinates":[[[-76.47,3.525],[-76.465,3.525],[-76.465,3.53],[-76.47,3.53],[-76.47,3.525]]]},"properties":{"value":66.8185,"sigma":15.3016}},{"type":"Feature","geometry":{"type":"Polygon","coordinates":[[[-76.46499999999999,3.525],[-76.46,3.525],[-76.46,3.53],[-76.46499999999999,3.53],[-76.46499999999999,3.525]]]},"properties":{"value":63.8314,"sigma":14.4307}},{"type":"Feature","geometry":{"type":"Polygon","coordinates":[[[-76.46,3.525],[-76.455,3.525],[-76.455,3.53],[-76.46,3.53],[-76.46,3.525]]]},"properties":{"value":61.3384,"sigma":15.9953}},{"type":"Feature","geometry":{"type":"Polygon","coordinates":[[[-76.455,3.525],[-76.45,3.525],[-76.45,3.53],[-76.455,3.53],[-76.455,3.525]]]},"properties":{"value":63.8464,"sigma":14.777}},{"type":"Feature","geometry":{"type":"Polygon","coordinates":[[[-76.44999999999999,3.525],[-76.445,3.525],[-76.445,3.53],[-76.44999999999999,3.53],[-76.44999999999999,3.525]]]},"properties":{"value":66.0027,"sigma":16.2313}},{"type":"Feature","geometry":{"type":"Polygon","coordinates":[[[-76.445,3.525],[-76.44,3.525],[-76.44,3.53],[-76.445,3.53],[-76.445,3.525]]]},"properties":{"value":63.8509,"sigma":17.6987}},{"type":"Feature","geometry":{"type":"Polygon","coordinates":[[[-76.44,3.525],[-76.435,3.525],[-76.435,3.53],[-76.44,3.53],[-76.44,3.525]]]},"properties":{"value":63.9544,"sigma":17.012}},{"type":"Feature","geometry":{"type":"Polygon","coordinates":[[[-76.43499999999999,3.525],[-76.42999999999999,3.525],[-76.42999999999999,3.53],[-76.43499999999999,3.53],[-76.43499999999999,3.525]]]},"properties":{"value":63.7622,"sigma":17.6488}},{"type":"Feature","geometry":{"type":"Polygon","coordinates":[[[-76.42999999999999,3.525],[-76.425,3.525],[-76.425,3.53],[-76.42999999999999,3.53],[-76.42999999999999,3.525]]]},"properties":{"value":64.0847,"sigma":18.9214}},{"type":"Feature","geometry":{"type":"Polygon","coordinates":[[[-76.425,3.525],[-76.42,3.525],[-76.42,3.53],[-76.425,3.53],[-76.425,3.525]]]},"properties":{"value":65.5977,"sigma":18.6471}},{"type":"Feature","geometry":{"type":"Polygon","coordinates":[[[-76.41999999999999,3.525],[-76.41499999999999,3.525],[-76.41499999999999,3.53],[-76.41999999999999,3.53],[-76.41999999999999,3.525]]]},"properties":{"value":67.5192,"sigma":19.392}},{"type":"Feature","geometry":{"type":"Polygon","coordinates":[[[-76.41499999999999,3.525],[-76.41,3.525],[-76.41,3.53],[-76.41499999999999,3.53],[-76.41499999999999,3.525]]]},"properties":{"value":66.7752,"sigma":20.1703}},{"type":"Feature","geometry":{"type":"Polygon","coordinates":[[[-76.41,3.525],[-76.405,3.525],[-76.405,3.53],[-76.41,3.53],[-76.41,3.525]]]},"properties":{"value":61.5341,"sigma":21.1472}},{"type":"Feature","geometry":{"type":"Polygon","coordinates":[[[-76.40499999999999,3.525],[-76.39999999999999,3.525],[-76.39999999999999,3.53],[-76.40499999999999,3.53],[-76.40499999999999,3.525]]]},"properties":{"value":63.781,"sigma":19.8566}},{"type":"Feature","geometry":{"type":"Polygon","coordinates":[[[-76.6,3.53],[-76.595,3.53],[-76.595,3.5349999999999997],[-76.6,3.5349999999999997],[-76.6,3.53]]]},"properties":{"value":63.2421,"sigma":18.6776}},{"type":"Feature","geometry":{"type":"Polygon","coordinates":[[[-76.595,3.53],[-76.59,3.53],[-76.59,3.5349999999999997],[-76.595,3.5349999999999997],[-76.595,3.53]]]},"properties":{"value":64.598,"sigma":16.7607}},{"type":"Feature","geometry":{"type":"Polygon","coordinates":[[[-76.58999999999999,3.53],[-76.585,3.53],[-76.585,3.5349999999999997],[-76.58999999999999,3.5349999999999997],[-76.58999999999999,3.53]]]},"properties":{"value":69.7445,"sigma":16.9385}},{"type":"Feature","geometry":{"type":"Polygon","coordinates":[[[-76.585,3.53],[-76.58,3.53],[-76.58,3.5349999999999997],[-76.585,3.5349999999999997],[-76.585,3.53]]]},"properties":{"value":63.4458,"sigma":16.0549}},{"type":"Feature","geometry":{"type":"Polygon","coordinates":[[[-76.58,3.53],[-76.575,3.53],[-76.575,3.5349999999999997],[-76.58,3.5349999999999997],[-76.58,3.53]]]},"properties":{"value":63.9271,"sigma":15.7929}},{"type":"Feature","geometry":{"type":"Polygon","coordinates":[[[-76.57499999999999,3.53],[-76.57,3.53],[-76.57,3.5349999999999997],[-76.57499999999999,3.5349999999999997],[-76.57499999999999,3.53]]]},"properties":{"value":67.5433,"sigma":15.8667}},{"type":"Feature","geometry":{"type":"Polygon","coordinates":[[[-76.57,3.53],[-76.565,3.53],[-76.565,3.5349999999999997],[-76.57,3.5349999999999997],[-76.57,3.53]]]},"properties":{"value":62.7831,"sigma":14.6063}},{"type":"Feature","geometry":{"type":"Polygon","coordinates":[[[-76.565,3.53],[-76.56,3.53],[-76.56,3.5349999999999997],[-76.565,3.5349999999999997],[-76.565,3.53]]]},"properties":{"value":61.5382,"sigma":14.0948}},{"type":"Feature","geometry":{"type":"Polygon","coordinates":[[[-76.55999999999999,3.53],[-76.55499999999999,3.53],[-76.55499999999999,3.5349999999999997],[-76.55999999999999,3.5349999999999997],[-76.55999999999999,3.53]]]},"properties":{"value":64.4786,"sigma":13.2664}},{"type":"Feature","geometry":{"type":"Polygon","coordinates":[[[-76.55499999999999,3.53],[-76.55,3.53],[-76.55,3.5349999999999997],[-76.55499999999999,3.5349999999999997],[-76.55499999999999,3.53]]]},"properties":{"value":62.352,"sigma":13.652}},{"type":"Feature","geometry":{"type":"Polygon","coordinates":[[[-76.55,3.53],[-76.545,3.53],[-76.545,3.5349999999999997],[-76.55,3.5349999999999997],[-76.55,3.53]]]},"properties":{"value":62.8177,"sigma":12.8221}},{"type":"Feature","geometry":{"type":"Polygon","coordinates":[[[-76.54499999999999,3.53],[-76.53999999999999,3.53],[-76.53999999999999,3.5349999999999997],[-76.54499999999999,3.5349999999999997],[-76.54499999999999,3.53]]]},"properties":{"value":61.9308,"sigma":12.2178}},{"type":"Feature","geometry":{"type":"Polygon","coordinates":[[[-76.53999999999999,3.53],[-76.535,3.53],[-76.535,3.5349999999999997],[-76.53999999999999,3.5349999999999997],[-76.53999999999999,3.53]]]},"properties":{"value":67.7184,"sigma":13.5445}},{"type":"Feature","geometry":{"type":"Polygon","coordinates":[[[-76.535,3.53],[-76.53,3.53],[-76.53,3.5349999999999997],[-76.535,3.5349999999999997],[-76.535,3.53]]]},"properties":{"value":64.1257,"sigma":12.0691}},{"type":"Feature","geometry":{"type":"Polygon","coordinates":[[[-76.52999999999999,3.53],[-76.52499999999999,3.53],[-76.52499999999999,3.5349999999999997],[-76.52999999999999,3.5349999999999997],[-76.52999999999999,3.53]]]},"properties":{"value":66.8081,"sigma":13.166}},{"type":"Feature","geometry":{"type":"Polygon","coordinates":[[[-76.52499999999999,3.53],[-76.52,3.53],[-76.52,3.5349999999999997],[-76.52499999999999,3.5349999999999997],[-76.52499999999999,3.53]]]},"properties":{"value":64.5373,"sigma":11.521}},{"type":"Feature","geometry":{"type":"Polygon","coordinates":[[[-76.52,3.53],[-76.515,3.53],[-76.515,3.5349999999999997],[-76.52,3.5349999999999997],[-76.52,3.53]]]},"properties":{"value":64.5385,"sigma":11.6684}},{"type":"Feature","geometry":{"type":"Polygon","coordinates":[[[-76.51499999999999,3.53],[-76.50999999999999,3.53],[-76.50999999999999,3.5349999999999997],[-76.51499999999999,3.5349999999999997],[-76.51499999999999,3.53]]]},"properties":{"value":63.4299,"sigma":12.3962}},{"type":"Feature","geometry":{"type":"Polygon","coordinates":[[[-76.50999999999999,3.53],[-76.505,3.53],[-76.505,3.5349999999999997],[-76.50999999999999,3.5349999999999997],[-76.50999999999999,3.53]]]},"properties":{"value":65.7175,"sigma":13.1407}},{"type":"Feature","geometry":{"type":"Polygon","coordinates":[[[-76.505,3.53],[-76.5,3.53],[-76.5,3.5349999999999997],[-76.505,3.5349999999999997],[-76.505,3.53]]]},"properties":{"value":65.7431,"sigma":13.2347}},{"type":"Feature","geometry":{"type":"Polygon","coordinates":[[[-76.49999999999999,3.53],[-76.49499999999999,3.53],[-76.49499999999999,3.5349999999999997],[-76.49999999999999,3.5349999999999997],[-76.49999999999999,3.53]]]},"properties":{"value":67.912,"sigma":12.0497}},{"type":"Feature","geometry":{"type":"Polygon","coordinates":[[[-76.49499999999999,3.53],[-76.49,3.53],[-76.49,3.5349999999999997],[-76.49499999999999,3.5349999999999997],[-76.49499999999999,3.53]]]},"properties":{"value":65.9934,"sigma":12.7307}},{"type":"Feature","geometry":{"type":"Polygon","coordinates":[[[-76.49,3.53],[-76.485,3.53],[-76.485,3.5349999999999997],[-76.49,3.5349999999999997],[-76.49,3.53]]]},"properties":{"value":64.9774,"sigma":13.6036}},{"type":"Feature","geometry":{"type":"Polygon","coordinates":[[[-76.48499999999999,3.53],[-76.47999999999999,3.53],[-76.47999999999999,3.5349999999999997],[-76.48499999999999,3.5349999999999997],[-76.48499999999999,3.53]]]},"properties":{"value":62.3512,"sigma":12.7135}},{"type":"Feature","geometry":{"type":"Polygon","coordinates":[[[-76.47999999999999,3.53],[-76.475,3.53],[-76.475,3.5349999999999997],[-76.47999999999999,3.5349999999999997],[-76.47999999999999,3.53]]]},"properties":{"value":65.674,"sigma":13.4754}},{"type":"Feature","geometry":{"type":"Polygon","coordinates":[[[-76.475,3.53],[-76.47,3.53],[-76.47,3.5349999999999997],[-76.475,3.5349999999999997],[-76.475,3.53]]]},"properties":{"value":64.3862,"sigma":14.9424}},{"type":"Feature","geometry":{"type":"Polygon","coordinates":[[[-76.47,3.53],[-76.465,3.53],[-76.465,3.5349999999999997],[-76.47,3.5349999999999997],[-76.47,3.53]]]},"properties":{"value":66.4718,"sigma":14.8936}},{"type":"Feature","geometry":{"type":"Polygon","coordinates":[[[-76.46499999999999,3.53],[-76.46,3.53],[-76.46,3.5349999999999997],[-76.46499999999999,3.5349999999999997],[-76.46499999999999,3.53]]]},"properties":{"value":66.167,"sigma":15.9227}},{"type":"Feature","geometry":{"type":"Polygon","coordinates":[[[-76.46,3.53],[-76.455,3.53],[-76.455,3.5349999999999997],[-76.46,3.5349999999999997],[-76.46,3.53]]]},"properties":{"value":64.4519,"sigma":14.6648}},{"type":"Feature","geometry":{"type":"Polygon","coordinates":[[[-76.455,3.53],[-76.45,3.53],[-76.45,3.5349999999999997],[-76.455,3.5349999999999997],[-76.455,3.53]]]},"properties":{"value":63.5124,"sigma":15.8231}},{"type":"Feature","geometry":{"type":"Polygon","coordinates":[[[-76.44999999999999,3.53],[-76.445,3.53],[-76.445,3.5349999999999997],[-76.44999999999999,3.5349999999999997],[-76.44999999999999,3.53]]]},"properties":{"value":63.3358,"sigma":15.7575}},{"type":"Feature","geometry":{"type":"Polygon","coordinates":[[[-76.445,3.53],[-76.44,3.53],[-76.44,3.5349999999999997],[-76.445,3.5349999999999997],[-76.445,3.53]]]},"properties":{"value":63.5545,"sigma":16.1082}},{"type":"Feature","geometry":{"type":"Polygon","coordinates":[[[-76.44,3.53],[-76.435,3.53],[-76.435,3.5349999999999997],[-76.44,3.5349999999999997],[-76.44,3.53]]]},"properties":{"value":65.0433,"sigma":18.7659}},{"type":"Feature","geometry":{"type":"Polygon","coordinates":[[[-76.43499999999999,3.53],[-76.42999999999999,3.53],[-76.42999999999999,3.5349999999999997],[-76.43499999999999,3.5349999999999997],[-76.43499999999999,3.53]]]},"properties":{"value":64.8747,"sigma":17.2654}},{"type":"Feature","geometry":{"type":"Polygon","coordinates":[[[-76.42999999999999,3.53],[-76.425,3.53],[-76.425,3.5349999999999997],[-76.42999999999999,3.5349999999999997],[-76.42999999999999,3.53]]]},"properties":{"value":64.1422,"sigma":18.6614}},{"type":"Feature","geometry":{"type":"Polygon","coordinates":[[[-76.425,3.53],[-76.42,3.53],[-76.42,3.5349999999999997],[-76.425,3.5349999999999997],[-76.425,3.53]]]},"properties":{"value":64.8962,"sigma":19.9218}},{"type":"Feature","geometry":{"type":"Polygon","coordinates":[[[-76.41999999999999,3.53],[-76.41499999999999,3.53],[-76.41499999999999,3.5349999999999997],[-76.41999999999999,3.5349999999999997],[-76.41999999999999,3.53]]]},"properties":{"value":66.413,"sigma":19.1137}},{"type":"Feature","geometry":{"type":"Polygon","coordinates":[[[-76.41499999999999,3.53],[-76.41,3.53],[-76.41,3.5349999999999997],[-76.41499999999999,3.5349999999999997],[-76.41499999999999,3.53]]]},"properties":{"value":64.31,"sigma":20.0412}},{"type":"Feature","geometry":{"type":"Polygon","coordinates":[[[-76.41,3.53],[-76.405,3.53],[-76.405,3.5349999999999997],[-76.41,3.5349999999999997],[-76.41,3.53]]]},"properties":{"value":64.3465,"sigma":21.6959}},{"type":"Feature","geometry":{"type":"Polygon","coordinates":[[[-76.40499999999999,3.53],[-76.39999999999999,3.53],[-76.39999999999999,3.5349999999999997],[-76.40499999999999,3.5349999999999997],[-76.40499999999999,3.53]]]},"properties":{"value":70.707,"sigma":21.3692}},{"type":"Feature","geometry":{"type":"Polygon","coordinates":[[[-76.6,3.5349999999999997],[-76.595,3.5349999999999997],[-76.595,3.5399999999999996],[-76.6,3.5399999999999996],[-76.6,3.5349999999999997]]]},"properties":{"value":64.9278,"sigma":18.6425}},{"type":"Feature","geometry":{"type":"Polygon","coordinates":[[[-76.595,3.5349999999999997],[-76.59,3.5349999999999997],[-76.59,3.5399999999999996],[-76.595,3.5399999999999996],[-76.595,3.5349999999999997]]]},"properties":{"value":62.2719,"sigma":17.4432}},{"type":"Feature","geometry":{"type":"Polygon","coordinates":[[[-76.58999999999999,3.5349999999999997],[-76.585,3.5349999999999997],[-76.585,3.5399999999999996],[-76.58999999999999,3.5399999999999996],[-76.58999999999999,3.5349999999999997]]]},"properties":{"value":69.0408,"sigma":15.5037}},{"type":"Feature","geometry":{"type":"Polygon","coordinates":[[[-76.585,3.5349999999999997],[-76.58,3.5349999999999997],[-76.58,3.5399999999999996],[-76.585,3.5399999999999996],[-76.585,3.5349999999999997]]]},"properties":{"value":65.7558,"sigma":16.5051}},{"type":"Feature","geometry":{"type":"Polygon","coordinates":[[[-76.58,3.5349999999999997],[-76.575,3.5349999999999997],[-76.575,3.5399999999999996],[-76.58,3.5399999999999996],[-76.58,3.5349999999999997]]]},"properties":{"value":62.1683,"sigma":16.2073}},{"type":"Feature","geometry":{"type":"Polygon","coordinates":[[[-76.57499999999999,3.5349999999999997],[-76.57,3.5349999999999997],[-76.57,3.5399999999999996],[-76.57499999999999,3.5399999999999996],[-76.57499999999999,3.5349999999999997]]]},"properties":{"value":66.6461,"sigma":16.1532}},{"type":"Feature","geometry":{"type":"Polygon","coordinates":[[[-76.57,3.5349999999999997],[-76.565,3.5349999999999997],[-76.565,3.5399999999999996],[-76.57,3.5399999999999996],[-76.57,3.5349999999999997]]]},"properties":{"value":64.4382,"sigma":14.8481}},{"type":"Feature","geometry":{"type":"Polygon","coordinates":[[[-76.565,3.5349999999999997],[-76.56,3.5349999999999997],[-76.56,3.5399999999999996],[-76.565,3.5399999999999996],[-76.565,3.5349999999999997]]]},"properties":{"value":67.7529,"sigma":14.9686}},{"type":"Feature","geometry":{"type":"Polygon","coordinates":[[[-76.55999999999999,3.5349999999999997],[-76.55499999999999,3.5349999999999997],[-76.55499999999999,3.5399999999999996],[-76.55999999999999,3.5399999999999996],[-76.55999999999999,3.5349999999999997]]]},"properties":{"value":64.752,"sigma":13.3061}},{"type":"Feature","geometry":{"type":"Polygon","coordinates":[[[-76.55499999999999,3.5349999999999997],[-76.55,3.5349999999999997],[-76.55,3.5399999999999996],[-76.55499999999999,3.5399999999999996],[-76.55499999999999,3.5349999999999997]]]},"properties":{"value":65.3804,"sigma":13.9415}},{"type":"Feature","geometry":{"type":"Polygon","coordinates":[[[-76.55,3.5349999999999997],[-76.545,3.5349999999999997],[-76.545,3.5399999999999996],[-76.55,3.5399999999999996],[-76.55,3.5349999999999997]]]},"properties":{"value":68.4655,"sigma":13.9871}},{"type":"Feature","geometry":{"type":"Polygon","coordinates":[[[-76.54499999999999,3.5349999999999997],[-76.53999999999999,3.5349999999999997],[-76.53999999999999,3.5399999999999996],[-76.54499999999999,3.5399999999999996],[-76.54499999999999,3.5349999999999997]]]},"properties":{"value":65.7247,"sigma":14.9982}},{"type":"Feature","geometry":{"type":"Polygon","coordinates":[[[-76.53999999999999,3.5349999999999997],[-76.535,3.5349999999999997],[-76.535,3.5399999999999996],[-76.53999999999999,3.5399999999999996],[-76.53999999999999,3.5349999999999997]]]},"properties":{"value":63.667,"sigma":12.676}},{"type":"Feature","geometry":{"type":"Polygon","coordinates":[[[-76.535,3.5349999999999997],[-76.53,3.5349999999999997],[-76.53,3.5399999999999996],[-76.535,3.5399999999999996],[-76.535,3.5349999999999997]]]},"properties":{"value":66.693,"sigma":11.5894}},{"type":"Feature","geometry":{"type":"Polygon","coordinates":[[[-76.52999999999999,3.5349999999999997],[-76.52499999999999,3.5349999999999997],[-76.52499999999999,3.5399999999999996],[-76.52999999999999,3.5399999999999996],[-76.52999999999999,3.5349999999999997]]]},"properties":{"value":65.8546,"sigma":13.5467}},{"type":"Feature","geometry":{"type":"Polygon","coordinates":[[[-76.52499999999999,3.5349999999999997],[-76.52,3.5349999999999997],[-76.52,3.5399999999999996],[-76.52499999999999,3.5399999999999996],[-76.52499999999999,3.5349999999999997]]]},"properties":{"value":63.792,"sigma":13.5452}},{"type":"Feature","geometry":{"type":"Polygon","coordinates":[[[-76.52,3.5349999999999997],[-76.515,3.5349999999999997],[-76.515,3.5399999999999996],[-76.52,3.5399999999999996],[-76.52,3.5349999999999997]]]},"properties":{"value":65.1635,"sigma":13.0376}},{"type":"Feature","geometry":{"type":"Polygon","coordinates":[[[-76.51499999999999,3.5349999999999997],[-76.50999999999999,3.5349999999999997],[-76.50999999999999,3.5399999999999996],[-76.51499999999999,3.5399999999999996],[-76.51499999999999,3.5349999999999997]]]},"properties":{"value":64.5315,"sigma":12.1146}},{"type":"Feature","geometry":{"type":"Polygon","coordinates":[[[-76.50999999999999,3.5349999999999997],[-76.505,3.5349999999999997],[-76.505,3.5399999999999996],[-76.50999999999999,3.5399999999999996],[-76.50999999999999,3.5349999999999997]]]},"properties":{"value":64.2292,"sigma":11.9247}},{"type":"Feature","geometry":{"type":"Polygon","coordinates":[[[-76.505,3.5349999999999997],[-76.5,3.5349999999999997],[-76.5,3.5399999999999996],[-76.505,3.5399999999999996],[-76.505,3.5349999999999997]]]},"properties":{"value":66.5447,"sigma":13.5032}},{"type":"Feature","geometry":{"type":"Polygon","coordinates":[[[-76.49999999999999,3.5349999999999997],[-76.49499999999999,3.5349999999999997],[-76.49499999999999,3.5399999999999996],[-76.49999999999999,3.5399999999999996],[-76.49999999999999,3.5349999999999997]]]},"properties":{"value":64.8251,"sigma":14.2313}},{"type":"Feature","geometry":{"type":"Polygon","coordinates":[[[-76.49499999999999,3.5349999999999997],[-76.49,3.5349999999999997],[-76.49,3.5399999999999996],[-76.49499999999999,3.5399999999999996],[-76.49499999999999,3.5349999999999997]]]},"properties":{"value":63.3013,"sigma":12.7608}},{"type":"Feature","geometry":{"type":"Polygon","coordinates":[[[-76.49,3.5349999999999997],[-76.485,3.5349999999999997],[-76.485,3.5399999999999996],[-76.49,3.5399999999999996],[-76.49,3.5349999999999997]]]},"properties":{"value":65.0031,"sigma":14.2726}},{"type":"Feature","geometry":{"type":"Polygon","coordinates":[[[-76.48499999999999,3.5349999999999997],[-76.47999999999999,3.5349999999999997],[-76.47999999999999,3.5399999999999996],[-76.48499999999999,3.5399999999999996],[-76.48499999999999,3.5349999999999997]]]},"properties":{"value":68.0694,"sigma":13.68}},{"type":"Feature","geometry":{"type":"Polygon","coordinates":[[[-76.47999999999999,3.5349999999999997],[-76.475,3.5349999999999997],[-76.475,3.5399999999999996],[-76.47999999999999,3.5399999999999996],[-76.47999999999999,3.5349999999999997]]]},"properties":{"value":66.7384,"sigma":14.0188}},{"type":"Feature","geometry":{"type":"Polygon","coordinates":[[[-76.475,3.5349999999999997],[-76.47,3.5349999999999997],[-76.47,3.5399999999999996],[-76.475,3.5399999999999996],[-76.475,3.5349999999999997]]]},"properties":{"value":65.9447,"sigma":15.0348}},{"type":"Feature","geometry":{"type":"Polygon","coordinates":[[[-76.47,3.5349999999999997],[-76.465,3.5349999999999997],[-76.465,3.5399999999999996],[-76.47,3.5399999999999996],[-76.47,3.5349999999999997]]]},"properties":{"value":64.0602,"sigma":15.6672}},{"type":"Feature","geometry":{"type":"Polygon","coordinates":[[[-76.46499999999999,3.5349999999999997],[-76.46,3.5349999999999997],[-76.46,3.5399999999999996],[-76.46499999999999,3.5399999999999996],[-76.46499999999999,3.5349999999999997]]]},"properties":{"value":65.8306,"sigma":14.7029}},{"type":"Feature","geometry":{"type":"Polygon","coordinates":[[[-76.46,3.5349999999999997],[-76.455,3.5349999999999997],[-76.455,3.5399999999999996],[-76.46,3.5399999999999996],[-76.46,3.5349999999999997]]]},"properties":{"value":65.4827,"sigma":15.6205}},{"type":"Feature","geometry":{"type":"Polygon","coordinates":[[[-76.455,3.5349999999999997],[-76.45,3.5349999999999997],[-76.45,3.5399999999999996],[-76.455,3.5399999999999996],[-76.455,3.5349999999999997]]]},"properties":{"value":66.3649,"sigma":15.7634}},{"type":"Feature","geometry":{"type":"Polygon","coordinates":[[[-76.44999999999999,3.5349999999999997],[-76.445,3.5349999999999997],[-76.445,3.5399999999999996],[-76.44999999999999,3.5399999999999996],[-76.44999999999999,3.5349999999999997]]]},"properties":{"value":64.7583,"sigma":17.1015}},{"type":"Feature","geometry":{"type":"Polygon","coordinates":[[[-76.445,3.5349999999999997],[-76.44,3.5349999999999997],[-76.44,3.5399999999999996],[-76.445,3.5399999999999996],[-76.445,3.5349999999999997]]]},"properties":{"value":65.8705,"sigma":16.0911}},{"type":"Feature","geometry":{"type":"Polygon","coordinates":[[[-76.44,3.5349999999999997],[-76.435,3.5349999999999997],[-76.435,3.5399999999999996],[-76.44,3.5399999999999996],[-76.44,3.5349999999999997]]]},"properties":{"value":67.2798,"sigma":18.6934}},{"type":"Feature","geometry":{"type":"Polygon","coordinates":[[[-76.43499999999999,3.5349999999999997],[-76.42999999999999,3.5349999999999997],[-76.42999999999999,3.5399999999999996],[-76.43499999999999,3.5399999999999996],[-76.43499999999999,3.5349999999999997]]]},"properties":{"value":66.0403,"sigma":18.6763}},{"type":"Feature","geometry":{"type":"Polygon","coordinates":[[[-76.42999999999999,3.5349999999999997],[-76.425,3.5349999999999997],[-76.425,3.5399999999999996],[-76.42999999999999,3.5399999999999996],[-76.42999999999999,3.5349999999999997]]]},"properties":{"value":64.9745,"sigma":19.3347}},{"type":"Feature","geometry":{"type":"Polygon","coordinates":[[[-76.425,3.5349999999999997],[-76.42,3.5349999999999997],[-76.42,3.5399999999999996],[-76.425,3.5399999999999996],[-76.425,3.5349999999999997]]]},"properties":{"value":64.0347,"sigma":18.9379}},{"type":"Feature","geometry":{"type":"Polygon","coordinates":[[[-76.41999999999999,3.5349999999999997],[-76.41499999999999,3.5349999999999997],[-76.41499999999999,3.5399999999999996],[-76.41999999999999,3.5399999999999996],[-76.41999999999999,3.5349999999999997]]]},"properties":{"value":64.96,"sigma":20.4428}},{"type":"Feature","geometry":{"type":"Polygon","coordinates":[[[-76.41499999999999,3.5349999999999997],[-76.41,3.5349999999999997],[-76.41,3.5399999999999996],[-76.41499999999999,3.5399999999999996],[-76.41499999999999,3.5349999999999997]]]},"properties":{"value":65.9686,"sigma":20.1264}},{"type":"Feature","geometry":{"type":"Polygon","coordinates":[[[-76.41,3.5349999999999997],[-76.405,3.5349999999999997],[-76.405,3.5399999999999996],[-76.41,3.5399999999999996],[-76.41,3.5349999999999997]]]},"properties":{"value":64.6454,"sigma":21.7114}},{"type":"Feature","geometry":{"type":"Polygon","coordinates":[[[-76.40499999999999,3.5349999999999997],[-76.39999999999999,3.5349999999999997],[-76.39999999999999,3.5399999999999996],[-76.40499999999999,3.5399999999999996],[-76.40499999999999,3.5349999999999997]]]},"properties":{"value":66.004,"sigma":22.1474}},{"type":"Feature","geometry":{"type":"Polygon","coordinates":[[[-76.6,3.54],[-76.595,3.54],[-76.595,3.545],[-76.6,3.545],[-76.6,3.54]]]},"properties":{"value":67.0876,"sigma":18.1673}},{"type":"Feature","geometry":{"type":"Polygon","coordinates":[[[-76.595,3.54],[-76.59,3.54],[-76.59,3.545],[-76.595,3.545],[-76.595,3.54]]]},"properties":{"value":66.0996,"sigma":18.5662}},{"type":"Feature","geometry":{"type":"Polygon","coordinates":[[[-76.58999999999999,3.54],[-76.585,3.54],[-76.585,3.545],[-76.58999999999999,3.545],[-76.58999999999999,3.54]]]},"properties":{"value":64.5593,"sigma":16.4123}},{"type":"Feature","geometry":{"type":"Polygon","coordinates":[[[-76.585,3.54],[-76.58,3.54],[-76.58,3.545],[-76.585,3.545],[-76.585,3.54]]]},"properties":{"value":66.4668,"sigma":17.0427}},{"type":"Feature","geometry":{"type":"Polygon","coordinates":[[[-76.58,3.54],[-76.575,3.54],[-76.575,3.545],[-76.58,3.545],[-76.58,3.54]]]},"properties":{"value":64.302,"sigma":15.5854}},{"type":"Feature","geometry":{"type":"Polygon","coordinates":[[[-76.57499999999999,3.54],[-76.57,3.54],[-76.57,3.545],[-76.57499999999999,3.545],[-76.57499999999999,3.54]]]},"properties":{"value":64.6691,"sigma":15.9824}},{"type":"Feature","geometry":{"type":"Polygon","coordinates":[[[-76.57,3.54],[-76.565,3.54],[-76.565,3.545],[-76.57,3.545],[-76.57,3.54]]]},"properties":{"value":63.4227,"sigma":15.0523}},{"type":"Feature","geometry":{"type":"Polygon","coordinates":[[[-76.565,3.54],[-76.56,3.54],[-76.56,3.545],[-76.565,3.545],[-76.565,3.54]]]},"properties":{"value":65.8999,"sigma":14.5664}},{"type":"Feature","geometry":{"type":"Polygon","coordinates":[[[-76.55999999999999,3.54],[-76.55499999999999,3.54],[-76.55499999999999,3.545],[-76.55999999999999,3.545],[-76.55999999999999,3.54]]]},"properties":{"value":66.4019,"sigma":14.9853}},{"type":"Feature","geometry":{"type":"Polygon","coordinates":[[[-76.55499999999999,3.54],[-76.55,3.54],[-76.55,3.545],[-76.55499999999999,3.545],[-76.55499999999999,3.54]]]},"properties":{"value":66.9171,"sigma":14.944}},{"type":"Feature","geometry":{"type":"Polygon","coordinates":[[[-76.55,3.54],[-76.545,3.54],[-76.545,3.545],[-76.55,3.545],[-76.55,3.54]]]},"properties":{"value":64.7972,"sigma":14.2338}},{"type":"Feature","geometry":{"type":"Polygon","coordinates":[[[-76.54499999999999,3.54],[-76.53999999999999,3.54],[-76.53999999999999,3.545],[-76.54499999999999,3.545],[-76.54499999999999,3.54]]]},"properties":{"value":64.8105,"sigma":14.3615}},{"type":"Feature","geometry":{"type":"Polygon","coordinates":[[[-76.53999999999999,3.54],[-76.535,3.54],[-76.535,3.545],[-76.53999999999999,3.545],[-76.53999999999999,3.54]]]},"properties":{"value":67.8442,"sigma":13.683}},{"type":"Feature","geometry":{"type":"Polygon","coordinates":[[[-76.535,3.54],[-76.53,3.54],[-76.53,3.545],[-76.535,3.545],[-76.535,3.54]]]},"properties":{"value":66.748,"sigma":12.1032}},{"type":"Feature","geometry":{"type":"Polygon","coordinates":[[[-76.52999999999999,3.54],[-76.52499999999999,3.54],[-76.52499999999999,3.545],[-76.52999999999999,3.545],[-76.52999999999999,3.54]]]},"properties":{"value":62.4963,"sigma":13.7682}},{"type":"Feature","geometry":{"type":"Polygon","coordinates":[[[-76.52499999999999,3.54],[-76.52,3.54],[-76.52,3.545],[-76.52499999999999,3.545],[-76.52499999999999,3.54]]]},"properties":{"value":66.0947,"sigma":12.0883}},{"type":"Feature","geometry":{"type":"Polygon","coordinates":[[[-76.52,3.54],[-76.515,3.54],[-76.515,3.545],[-76.52,3.545],[-76.52,3.54]]]},"properties":{"value":64.4793,"sigma":12.6724}},{"type":"Feature","geometry":{"type":"Polygon","coordinates":[[[-76.51499999999999,3.54],[-76.50999999999999,3.54],[-76.50999999999999,3.545],[-76.51499999999999,3.545],[-76.51499999999999,3.54]]]},"properties":{"value":64.4129,"sigma":12.9455}},{"type":"Feature","geometry":{"type":"Polygon","coordinates":[[[-76.50999999999999,3.54],[-76.505,3.54],[-76.505,3.545],[-76.50999999999999,3.545],[-76.50999999999999,3.54]]]},"properties":{"value":62.9482,"sigma":13.6757}},{"type":"Feature","geometry":{"type":"Polygon","coordinates":[[[-76.505,3.54],[-76.5,3.54],[-76.5,3.545],[-76.505,3.545],[-76.505,3.54]]]},"properties":{"value":63.3205,"sigma":12.631}},{"type":"Feature","geometry":{"type":"Polygon","coordinates":[[[-76.49999999999999,3.54],[-76.49499999999999,3.54],[-76.49499999999999,3.545],[-76.49999999999999,3.545],[-76.49999999999999,3.54]]]},"properties":{"value":67.5183,"sigma":14.141}},{"type":"Feature","geometry":{"type":"Polygon","coordinates":[[[-76.49499999999999,3.54],[-76.49,3.54],[-76.49,3.545],[-76.49499999999999,3.545],[-76.49499999999999,3.54]]]},"properties":{"value":64.6599,"sigma":13.2651}},{"type":"Feature","geometry":{"type":"Polygon","coordinates":[[[-76.49,3.54],[-76.485,3.54],[-76.485,3.545],[-76.49,3.545],[-76.49,3.54]]]},"properties":{"value":66.7475,"sigma":14.0141}},{"type":"Feature","geometry":{"type":"Polygon","coordinates":[[[-76.48499999999999,3.54],[-76.47999999999999,3.54],[-76.47999999999999,3.545],[-76.48499999999999,3.545],[-76.48499999999999,3.54]]]},"properties":{"value":66.8515,"sigma":13.5023}},{"type":"Feature","geometry":{"type":"Polygon","coordinates":[[[-76.47999999999999,3.54],[-76.475,3.54],[-76.475,3.545],[-76.47999999999999,3.545],[-76.47999999999999,3.54]]]},"properties":{"value":64.2283,"sigma":15.0682}},{"type":"Feature","geometry":{"type":"Polygon","coordinates":[[[-76.475,3.54],[-76.47,3.54],[-76.47,3.545],[-76.475,3.545],[-76.475,3.54]]]},"properties":{"value":65.5286,"sigma":15.51}},{"type":"Feature","geometry":{"type":"Polygon","coordinates":[[[-76.47,3.54],[-76.465,3.54],[-76.465,3.545],[-76.47,3.545],[-76.47,3.54]]]},"properties":{"value":65.2558,"sigma":15.8506}},{"type":"Feature","geometry":{"type":"Polygon","coordinates":[[[-76.46499999999999,3.54],[-76.46,3.54],[-76.46,3.545],[-76.46499999999999,3.545],[-76.46499999999999,3.54]]]},"properties":{"value":67.5216,"sigma":16.6689}},{"type":"Feature","geometry":{"type":"Polygon","coordinates":[[[-76.46,3.54],[-76.455,3.54],[-76.455,3.545],[-76.46,3.545],[-76.46,3.54]]]},"properties":{"value":62.8015,"sigma":16.3102}},{"type":"Feature","geometry":{"type":"Polygon","coordinates":[[[-76.455,3.54],[-76.45,3.54],[-76.45,3.545],[-76.455,3.545],[-76.455,3.54]]]},"properties":{"value":64.0032,"sigma":18.0081}},{"type":"Feature","geometry":{"type":"Polygon","coordinates":[[[-76.44999999999999,3.54],[-76.445,3.54],[-76.445,3.545],[-76.44999999999999,3.545],[-76.44999999999999,3.54]]]},"properties":{"value":66.4089,"sigma":17.5346}},{"type":"Feature","geometry":{"type":"Polygon","coordinates":[[[-76.445,3.54],[-76.44,3.54],[-76.44,3.545],[-76.445,3.545],[-76.445,3.54]]]},"properties":{"value":62.7958,"sigma":17.9172}},{"type":"Feature","geometry":{"type":"Polygon","coordinates":[[[-76.44,3.54],[-76.435,3.54],[-76.435,3.545],[-76.44,3.545],[-76.44,3.54]]]},"properties":{"value":65.1682,"sigma":19.1707}},{"type":"Feature","geometry":{"type":"Polygon","coordinates":[[[-76.43499999999999,3.54],[-76.42999999999999,3.54],[-76.42999999999999,3.545],[-76.43499999999999,3.545],[-76.43499999999999,3.54]]]},"properties":{"value":62.7825,"sigma":18.0047}},{"type":"Feature","geometry":{"type":"Polygon","coordinates":[[[-76.42999999999999,3.54],[-76.425,3.54],[-76.425,3.545],[-76.42999999999999,3.545],[-76.42999999999999,3.54]]]},"properties":{"value":64.4543,"sigma":19.4084}},{"type":"Feature","geometry":{"type":"Polygon","coordinates":[[[-76.425,3.54],[-76.42,3.54],[-76.42,3.545],[-76.425,3.545],[-76.425,3.54]]]},"properties":{"value":66.3907,"sigma":19.07}},{"type":"Feature","geometry":{"type":"Polygon","coordinates":[[[-76.41999999999999,3.54],[-76.41499999999999,3.54],[-76.41499999999999,3.545],[-76.41999999999999,3.545],[-76.41999999999999,3.54]]]},"properties":{"value":65.7675,"sigma":20.1953}},{"type":"Feature","geometry":{"type":"Polygon","coordinates":[[[-76.41499999999999,3.54],[-76.41,3.54],[-76.41,3.545],[-76.41499999999999,3.545],[-76.41499999999999,3.54]]]},"properties":{"value":67.8548,"sigma":21.4439}},{"type":"Feature","geometry":{"type":"Polygon","coordinates":[[[-76.41,3.54],[-76.405,3.54],[-76.405,3.545],[-76.41,3.545],[-76.41,3.54]]]},"properties":{"value":65.6928,"sigma":21.8049}},{"type":"Feature","geometry":{"type":"Polygon","coordinates":[[[-76.40499999999999,3.54],[-76.39999999999999,3.54],[-76.39999999999999,3.545],[-76.40499999999999,3.545],[-76.40499999999999,3.54]]]},"properties":{"value":65.2675,"sigma":22.393}},{"type":"Feature","geometry":{"type":"Polygon","coordinates":[[[-76.6,3.545],[-76.595,3.545],[-76.595,3.55],[-76.6,3.55],[-76.6,3.545]]]},"properties":{"value":60.2167,"sigma":17.835}},{"type":"Feature","geometry":{"type":"Polygon","coordinates":[[[-76.595,3.545],[-76.59,3.545],[-76.59,3.55],[-76.595,3.55],[-76.595,3.545]]]},"properties":{"value":63.8709,"sigma":18.7768}},{"type":"Feature","geometry":{"type":"Polygon","coordinates":[[[-76.58999999999999,3.545],[-76.585,3.545],[-76.585,3.55],[-76.58999999999999,3.55],[-76.58999999999999,3.545]]]},"properties":{"value":66.598,"sigma":18.9071}},{"type":"Feature","geometry":{"type":"Polygon","coordinates":[[[-76.585,3.545],[-76.58,3.545],[-76.58,3.55],[-76.585,3.55],[-76.585,3.545]]]},"properties":{"value":65.0338,"sigma":16.533}},{"type":"Feature","geometry":{"type":"Polygon","coordinates":[[[-76.58,3.545],[-76.575,3.545],[-76.575,3.55],[-76.58,3.55],[-76.58,3.545]]]},"properties":{"value":67.8568,"sigma":16.5374}},{"type":"Feature","geometry":{"type":"Polygon","coordinates":[[[-76.57499999999999,3.545],[-76.57,3.545],[-76.57,3.55],[-76.57499999999999,3.55],[-76.57499999999999,3.545]]]},"properties":{"value":64.997,"sigma":16.1032}},{"type":"Feature","geometry":{"type":"Polygon","coordinates":[[[-76.57,3.545],[-76.565,3.545],[-76.565,3.55],[-76.57,3.55],[-76.57,3.545]]]},"properties":{"value":68.92,"sigma":15.9885}},{"type":"Feature","geometry":{"type":"Polygon","coordinates":[[[-76.565,3.545],[-76.56,3.545],[-76.56,3.55],[-76.565,3.55],[-76.565,3.545]]]},"properties":{"value":66.7848,"sigma":16.2318}},{"type":"Feature","geometry":{"type":"Polygon","coordinates":[[[-76.55999999999999,3.545],[-76.55499999999999,3.545],[-76.55499999999999,3.55],[-76.55999999999999,3.55],[-76.55999999999999,3.545]]]},"properties":{"value":64.491,"sigma":14.9351}},{"type":"Feature","geometry":{"type":"Polygon","coordinates":[[[-76.55499999999999,3.545],[-76.55,3.545],[-76.55,3.55],[-76.55499999999999,3.55],[-76.55499999999999,3.545]]]},"properties":{"value":63.5003,"sigma":14.8189}},{"type":"Feature","geometry":{"type":"Polygon","coordinates":[[[-76.55,3.545],[-76.545,3.545],[-76.545,3.55],[-76.55,3.55],[-76.55,3.545]]]},"properties":{"value":68.0117,"sigma":14.3062}},{"type":"Feature","geometry":{"type":"Polygon","coordinates":[[[-76.54499999999999,3.545],[-76.53999999999999,3.545],[-76.53999999999999,3.55],[-76.54499999999999,3.55],[-76.54499999999999,3.545]]]},"properties":{"value":64.4281,"sigma":12.9687}},{"type":"Feature","geometry":{"type":"Polygon","coordinates":[[[-76.53999999999999,3.545],[-76.535,3.545],[-76.535,3.55],[-76.53999999999999,3.55],[-76.53999999999999,3.545]]]},"properties":{"value":63.7534,"sigma":13.929}},{"type":"Feature","geometry":{"type":"Polygon","coordinates":[[[-76.535,3.545],[-76.53,3.545],[-76.53,3.55],[-76.535,3.55],[-76.535,3.545]]]},"properties":{"value":67.9915,"sigma":13.3411}},{"type":"Feature","geometry":{"type":"Polygon","coordinates":[[[-76.52999999999999,3.545],[-76.52499999999999,3.545],[-76.52499999999999,3.55],[-76.52999999999999,3.55],[-76.52999999999999,3.545]]]},"properties":{"value":65.684,"sigma":13.925}},{"type":"Feature","geometry":{"type":"Polygon","coordinates":[[[-76.52499999999999,3.545],[-76.52,3.545],[-76.52,3.55],[-76.52499999999999,3.55],[-76.52499999999999,3.545]]]},"properties":{"value":65.7134,"sigma":13.3047}},{"type":"Feature","geometry":{"type":"Polygon","coordinates":[[[-76.52,3.545],[-76.515,3.545],[-76.515,3.55],[-76.52,3.55],[-76.52,3.545]]]},"properties":{"value":66.8251,"sigma":15.2471}},{"type":"Feature","geometry":{"type":"Polygon","coordinates":[[[-76.51499999999999,3.545],[-76.50999999999999,3.545],[-76.50999999999999,3.55],[-76.51499999999999,3.55],[-76.51499999999999,3.545]]]},"properties":{"value":65.17,"sigma":14.1984}},{"type":"Feature","geometry":{"type":"Polygon","coordinates":[[[-76.50999999999999,3.545],[-76.505,3.545],[-76.505,3.55],[-76.50999999999999,3.55],[-76.50999999999999,3.545]]]},"properties":{"value":66.466,"sigma":13.9996}},{"type":"Feature","geometry":{"type":"Polygon","coordinates":[[[-76.505,3.545],[-76.5,3.545],[-76.5,3.55],[-76.505,3.55],[-76.505,3.545]]]},"properties":{"value":66.8966,"sigma":13.2508}},{"type":"Feature","geometry":{"type":"Polygon","coordinates":[[[-76.49999999999999,3.545],[-76.49499999999999,3.545],[-76.49499999999999,3.55],[-76.49999999999999,3.55],[-76.49999999999999,3.545]]]},"properties":{"value":64.9781,"sigma":13.9178}},{"type":"Feature","geometry":{"type":"Polygon","coordinates":[[[-76.49499999999999,3.545],[-76.49,3.545],[-76.49,3.55],[-76.49499999999999,3.55],[-76.49499999999999,3.545]]]},"properties":{"value":66.4518,"sigma":14.8881}},{"type":"Feature","geometry":{"type":"Polygon","coordinates":[[[-76.49,3.545],[-76.485,3.545],[-76.485,3.55],[-76.49,3.55],[-76.49,3.545]]]},"properties":{"value":62.2109,"sigma":15.7987}},{"type":"Feature","geometry":{"type":"Polygon","coordinates":[[[-76.48499999999999,3.545],[-76.47999999999999,3.545],[-76.47999999999999,3.55],[-76.48499999999999,3.55],[-76.48499999999999,3.545]]]},"properties":{"value":64.9314,"sigma":14.968}},{"type":"Feature","geometry":{"type":"Polygon","coordinates":[[[-76.47999999999999,3.545],[-76.475,3.545],[-76.475,3.55],[-76.47999999999999,3.55],[-76.47999999999999,3.545]]]},"properties":{"value":65.728,"sigma":15.2415}},{"type":"Feature","geometry":{"type":"Polygon","coordinates":[[[-76.475,3.545],[-76.47,3.545],[-76.47,3.55],[-76.475,3.55],[-76.475,3.545]]]},"properties":{"value":64.3465,"sigma":15.7954}},{"type":"Feature","geometry":{"type":"Polygon","coordinates":[[[-76.47,3.545],[-76.465,3.545],[-76.465,3.55],[-76.47,3.55],[-76.47,3.545]]]},"properties":{"value":66.9509,"sigma":15.6866}},{"type":"Feature","geometry":{"type":"Polygon","coordinates":[[[-76.46499999999999,3.545],[-76.46,3.545],[-76.46,3.55],[-76.46499999999999,3.55],[-76.46499999999999,3.545]]]},"properties":{"value":64.6059,"sigma":16.5509}},{"type":"Feature","geometry":{"type":"Polygon","coordinates":[[[-76.46,3.545],[-76.455,3.545],[-76.455,3.55],[-76.46,3.55],[-76.46,3.545]]]},"properties":{"value":61.3567,"sigma":16.5454}},{"type":"Feature","geometry":{"type":"Polygon","coordinates":[[[-76.455,3.545],[-76.45,3.545],[-76.45,3.55],[-76.455,3.55],[-76.455,3.545]]]},"properties":{"value":66.0488,"sigma":17.1212}},{"type":"Feature","geometry":{"type":"Polygon","coordinates":[[[-76.44999999999999,3.545],[-76.445,3.545],[-76.445,3.55],[-76.44999999999999,3.55],[-76.44999999999999,3.545]]]},"properties":{"value":65.033,"sigma":17.8258}},{"type":"Feature","geometry":{"type":"Polygon","coordinates":[[[-76.445,3.545],[-76.44,3.545],[-76.44,3.55],[-76.445,3.55],[-76.445,3.545]]]},"properties":{"value":66.3013,"sigma":18.0788}},{"type":"Feature","geometry":{"type":"Polygon","coordinates":[[[-76.44,3.545],[-76.435,3.545],[-76.435,3.55],[-76.44,3.55],[-76.44,3.545]]]},"properties":{"value":64.9853,"sigma":19.2102}},{"type":"Feature","geometry":{"type":"Polygon","coordinates":[[[-76.43499999999999,3.545],[-76.42999999999999,3.545],[-76.42999999999999,3.55],[-76.43499999999999,3.55],[-76.43499999999999,3.545]]]},"properties":{"value":63.6212,"sigma":20.1136}},{"type":"Feature","geometry":{"type":"Polygon","coordinates":[[[-76.42999999999999,3.545],[-76.425,3.545],[-76.425,3.55],[-76.42999999999999,3.55],[-76.42999999999999,3.545]]]},"properties":{"value":66.0777,"sigma":19.4359}},{"type":"Feature","geometry":{"type":"Polygon","coordinates":[[[-76.425,3.545],[-76.42,3.545],[-76.42,3.55],[-76.425,3.55],[-76.425,3.545]]]},"properties":{"value":64.3289,"sigma":20.2048}},{"type":"Feature","geometry":{"type":"Polygon","coordinates":[[[-76.41999999999999,3.545],[-76.41499999999999,3.545],[-76.41499999999999,3.55],[-76.41999999999999,3.55],[-76.41999999999999,3.545]]]},"properties":{"value":63.4038,"sigma":20.8263}},{"type":"Feature","geometry":{"type":"Polygon","coordinates":[[[-76.41499999999999,3.545],[-76.41,3.545],[-76.41,3.55],[-76.41499999999999,3.55],[-76.41499999999999,3.545]]]},"properties":{"value":63.2019,"sigma":20.8131}},{"type":"Feature","geometry":{"type":"Polygon","coordinates":[[[-76.41,3.545],[-76.405,3.545],[-76.405,3.55],[-76.41,3.55],[-76.41,3.545]]]},"properties":{"value":63.6118,"sigma":21.4325}},{"type":"Feature","geometry":{"type":"Polygon","coordinates":[[[-76.40499999999999,3.545],[-76.39999999999999,3.545],[-76.39999999999999,3.55],[-76.40499999999999,3.55],[-76.40499999999999,3.545]]]},"properties":{"value":68.238,"sigma":22.8695}}],"properties":{"pollutant":"NO2","horizon":"T+3","modelVersion":"mvp-0.1-mock","generatedAt":"2026-05-23T16:09:29.470879+00:00","cellDeg":0.005,"valueMin":59.951,"valueMax":94.4073,"sigmaMin":5.367,"sigmaMax":24.3757}}