{"type":"FeatureCollection","features":[{"type":"Feature","geometry":{"type":"Polygon","coordinates":[[[-76.6,3.3],[-76.595,3.3],[-76.595,3.3049999999999997],[-76.6,3.3049999999999997],[-76.6,3.3]]]},"properties":{"value":244.0931,"sigma":21.7121}},{"type":"Feature","geometry":{"type":"Polygon","coordinates":[[[-76.595,3.3],[-76.59,3.3],[-76.59,3.3049999999999997],[-76.595,3.3049999999999997],[-76.595,3.3]]]},"properties":{"value":244.8651,"sigma":19.0566}},{"type":"Feature","geometry":{"type":"Polygon","coordinates":[[[-76.58999999999999,3.3],[-76.585,3.3],[-76.585,3.3049999999999997],[-76.58999999999999,3.3049999999999997],[-76.58999999999999,3.3]]]},"properties":{"value":248.7538,"sigma":18.6702}},{"type":"Feature","geometry":{"type":"Polygon","coordinates":[[[-76.585,3.3],[-76.58,3.3],[-76.58,3.3049999999999997],[-76.585,3.3049999999999997],[-76.585,3.3]]]},"properties":{"value":249.0094,"sigma":17.1479}},{"type":"Feature","geometry":{"type":"Polygon","coordinates":[[[-76.58,3.3],[-76.575,3.3],[-76.575,3.3049999999999997],[-76.58,3.3049999999999997],[-76.58,3.3]]]},"properties":{"value":247.2213,"sigma":17.3525}},{"type":"Feature","geometry":{"type":"Polygon","coordinates":[[[-76.57499999999999,3.3],[-76.57,3.3],[-76.57,3.3049999999999997],[-76.57499999999999,3.3049999999999997],[-76.57499999999999,3.3]]]},"properties":{"value":247.468,"sigma":17.0469}},{"type":"Feature","geometry":{"type":"Polygon","coordinates":[[[-76.57,3.3],[-76.565,3.3],[-76.565,3.3049999999999997],[-76.57,3.3049999999999997],[-76.57,3.3]]]},"properties":{"value":247.2296,"sigma":16.9607}},{"type":"Feature","geometry":{"type":"Polygon","coordinates":[[[-76.565,3.3],[-76.56,3.3],[-76.56,3.3049999999999997],[-76.565,3.3049999999999997],[-76.565,3.3]]]},"properties":{"value":247.9169,"sigma":16.088}},{"type":"Feature","geometry":{"type":"Polygon","coordinates":[[[-76.55999999999999,3.3],[-76.55499999999999,3.3],[-76.55499999999999,3.3049999999999997],[-76.55999999999999,3.3049999999999997],[-76.55999999999999,3.3]]]},"properties":{"value":250.4662,"sigma":13.6948}},{"type":"Feature","geometry":{"type":"Polygon","coordinates":[[[-76.55499999999999,3.3],[-76.55,3.3],[-76.55,3.3049999999999997],[-76.55499999999999,3.3049999999999997],[-76.55499999999999,3.3]]]},"properties":{"value":246.1599,"sigma":13.3586}},{"type":"Feature","geometry":{"type":"Polygon","coordinates":[[[-76.55,3.3],[-76.545,3.3],[-76.545,3.3049999999999997],[-76.55,3.3049999999999997],[-76.55,3.3]]]},"properties":{"value":249.4626,"sigma":13.5449}},{"type":"Feature","geometry":{"type":"Polygon","coordinates":[[[-76.54499999999999,3.3],[-76.53999999999999,3.3],[-76.53999999999999,3.3049999999999997],[-76.54499999999999,3.3049999999999997],[-76.54499999999999,3.3]]]},"properties":{"value":246.4351,"sigma":11.4438}},{"type":"Feature","geometry":{"type":"Polygon","coordinates":[[[-76.53999999999999,3.3],[-76.535,3.3],[-76.535,3.3049999999999997],[-76.53999999999999,3.3049999999999997],[-76.53999999999999,3.3]]]},"properties":{"value":247.1121,"sigma":10.7533}},{"type":"Feature","geometry":{"type":"Polygon","coordinates":[[[-76.535,3.3],[-76.53,3.3],[-76.53,3.3049999999999997],[-76.535,3.3049999999999997],[-76.535,3.3]]]},"properties":{"value":246.2772,"sigma":9.7764}},{"type":"Feature","geometry":{"type":"Polygon","coordinates":[[[-76.52999999999999,3.3],[-76.52499999999999,3.3],[-76.52499999999999,3.3049999999999997],[-76.52999999999999,3.3049999999999997],[-76.52999999999999,3.3]]]},"properties":{"value":246.8365,"sigma":10.2848}},{"type":"Feature","geometry":{"type":"Polygon","coordinates":[[[-76.52499999999999,3.3],[-76.52,3.3],[-76.52,3.3049999999999997],[-76.52499999999999,3.3049999999999997],[-76.52499999999999,3.3]]]},"properties":{"value":246.4998,"sigma":10.6834}},{"type":"Feature","geometry":{"type":"Polygon","coordinates":[[[-76.52,3.3],[-76.515,3.3],[-76.515,3.3049999999999997],[-76.52,3.3049999999999997],[-76.52,3.3]]]},"properties":{"value":246.1578,"sigma":11.714}},{"type":"Feature","geometry":{"type":"Polygon","coordinates":[[[-76.51499999999999,3.3],[-76.50999999999999,3.3],[-76.50999999999999,3.3049999999999997],[-76.51499999999999,3.3049999999999997],[-76.51499999999999,3.3]]]},"properties":{"value":244.4596,"sigma":14.5693}},{"type":"Feature","geometry":{"type":"Polygon","coordinates":[[[-76.50999999999999,3.3],[-76.505,3.3],[-76.505,3.3049999999999997],[-76.50999999999999,3.3049999999999997],[-76.50999999999999,3.3]]]},"properties":{"value":245.6482,"sigma":14.0529}},{"type":"Feature","geometry":{"type":"Polygon","coordinates":[[[-76.505,3.3],[-76.5,3.3],[-76.5,3.3049999999999997],[-76.505,3.3049999999999997],[-76.505,3.3]]]},"properties":{"value":245.0019,"sigma":15.1236}},{"type":"Feature","geometry":{"type":"Polygon","coordinates":[[[-76.49999999999999,3.3],[-76.49499999999999,3.3],[-76.49499999999999,3.3049999999999997],[-76.49999999999999,3.3049999999999997],[-76.49999999999999,3.3]]]},"properties":{"value":246.8602,"sigma":14.6199}},{"type":"Feature","geometry":{"type":"Polygon","coordinates":[[[-76.49499999999999,3.3],[-76.49,3.3],[-76.49,3.3049999999999997],[-76.49499999999999,3.3049999999999997],[-76.49499999999999,3.3]]]},"properties":{"value":244.0985,"sigma":15.7052}},{"type":"Feature","geometry":{"type":"Polygon","coordinates":[[[-76.49,3.3],[-76.485,3.3],[-76.485,3.3049999999999997],[-76.49,3.3049999999999997],[-76.49,3.3]]]},"properties":{"value":245.3734,"sigma":18.1304}},{"type":"Feature","geometry":{"type":"Polygon","coordinates":[[[-76.48499999999999,3.3],[-76.47999999999999,3.3],[-76.47999999999999,3.3049999999999997],[-76.48499999999999,3.3049999999999997],[-76.48499999999999,3.3]]]},"properties":{"value":248.4953,"sigma":16.9372}},{"type":"Feature","geometry":{"type":"Polygon","coordinates":[[[-76.47999999999999,3.3],[-76.475,3.3],[-76.475,3.3049999999999997],[-76.47999999999999,3.3049999999999997],[-76.47999999999999,3.3]]]},"properties":{"value":244.323,"sigma":20.105}},{"type":"Feature","geometry":{"type":"Polygon","coordinates":[[[-76.475,3.3],[-76.47,3.3],[-76.47,3.3049999999999997],[-76.475,3.3049999999999997],[-76.475,3.3]]]},"properties":{"value":244.654,"sigma":20.3459}},{"type":"Feature","geometry":{"type":"Polygon","coordinates":[[[-76.47,3.3],[-76.465,3.3],[-76.465,3.3049999999999997],[-76.47,3.3049999999999997],[-76.47,3.3]]]},"properties":{"value":243.9877,"sigma":20.736}},{"type":"Feature","geometry":{"type":"Polygon","coordinates":[[[-76.46499999999999,3.3],[-76.46,3.3],[-76.46,3.3049999999999997],[-76.46499999999999,3.3049999999999997],[-76.46499999999999,3.3]]]},"properties":{"value":247.9029,"sigma":21.1687}},{"type":"Feature","geometry":{"type":"Polygon","coordinates":[[[-76.46,3.3],[-76.455,3.3],[-76.455,3.3049999999999997],[-76.46,3.3049999999999997],[-76.46,3.3]]]},"properties":{"value":246.8325,"sigma":22.2994}},{"type":"Feature","geometry":{"type":"Polygon","coordinates":[[[-76.455,3.3],[-76.45,3.3],[-76.45,3.3049999999999997],[-76.455,3.3049999999999997],[-76.455,3.3]]]},"properties":{"value":245.8533,"sigma":23.5036}},{"type":"Feature","geometry":{"type":"Polygon","coordinates":[[[-76.44999999999999,3.3],[-76.445,3.3],[-76.445,3.3049999999999997],[-76.44999999999999,3.3049999999999997],[-76.44999999999999,3.3]]]},"properties":{"value":244.5064,"sigma":24.3179}},{"type":"Feature","geometry":{"type":"Polygon","coordinates":[[[-76.445,3.3],[-76.44,3.3],[-76.44,3.3049999999999997],[-76.445,3.3049999999999997],[-76.445,3.3]]]},"properties":{"value":245.4677,"sigma":24.702}},{"type":"Feature","geometry":{"type":"Polygon","coordinates":[[[-76.44,3.3],[-76.435,3.3],[-76.435,3.3049999999999997],[-76.44,3.3049999999999997],[-76.44,3.3]]]},"properties":{"value":245.1908,"sigma":25.322}},{"type":"Feature","geometry":{"type":"Polygon","coordinates":[[[-76.43499999999999,3.3],[-76.42999999999999,3.3],[-76.42999999999999,3.3049999999999997],[-76.43499999999999,3.3049999999999997],[-76.43499999999999,3.3]]]},"properties":{"value":244.6485,"sigma":27.0481}},{"type":"Feature","geometry":{"type":"Polygon","coordinates":[[[-76.42999999999999,3.3],[-76.425,3.3],[-76.425,3.3049999999999997],[-76.42999999999999,3.3049999999999997],[-76.42999999999999,3.3]]]},"properties":{"value":245.1198,"sigma":27.1274}},{"type":"Feature","geometry":{"type":"Polygon","coordinates":[[[-76.425,3.3],[-76.42,3.3],[-76.42,3.3049999999999997],[-76.425,3.3049999999999997],[-76.425,3.3]]]},"properties":{"value":245.5248,"sigma":29.2398}},{"type":"Feature","geometry":{"type":"Polygon","coordinates":[[[-76.41999999999999,3.3],[-76.41499999999999,3.3],[-76.41499999999999,3.3049999999999997],[-76.41999999999999,3.3049999999999997],[-76.41999999999999,3.3]]]},"properties":{"value":243.4802,"sigma":28.9581}},{"type":"Feature","geometry":{"type":"Polygon","coordinates":[[[-76.41499999999999,3.3],[-76.41,3.3],[-76.41,3.3049999999999997],[-76.41499999999999,3.3049999999999997],[-76.41499999999999,3.3]]]},"properties":{"value":244.292,"sigma":29.5979}},{"type":"Feature","geometry":{"type":"Polygon","coordinates":[[[-76.41,3.3],[-76.405,3.3],[-76.405,3.3049999999999997],[-76.41,3.3049999999999997],[-76.41,3.3]]]},"properties":{"value":245.389,"sigma":30.5003}},{"type":"Feature","geometry":{"type":"Polygon","coordinates":[[[-76.40499999999999,3.3],[-76.39999999999999,3.3],[-76.39999999999999,3.3049999999999997],[-76.40499999999999,3.3049999999999997],[-76.40499999999999,3.3]]]},"properties":{"value":246.3612,"sigma":32.5903}},{"type":"Feature","geometry":{"type":"Polygon","coordinates":[[[-76.6,3.3049999999999997],[-76.595,3.3049999999999997],[-76.595,3.3099999999999996],[-76.6,3.3099999999999996],[-76.6,3.3049999999999997]]]},"properties":{"value":246.033,"sigma":20.6601}},{"type":"Feature","geometry":{"type":"Polygon","coordinates":[[[-76.595,3.3049999999999997],[-76.59,3.3049999999999997],[-76.59,3.3099999999999996],[-76.595,3.3099999999999996],[-76.595,3.3049999999999997]]]},"properties":{"value":247.1144,"sigma":20.2443}},{"type":"Feature","geometry":{"type":"Polygon","coordinates":[[[-76.58999999999999,3.3049999999999997],[-76.585,3.3049999999999997],[-76.585,3.3099999999999996],[-76.58999999999999,3.3099999999999996],[-76.58999999999999,3.3049999999999997]]]},"properties":{"value":246.5482,"sigma":20.3861}},{"type":"Feature","geometry":{"type":"Polygon","coordinates":[[[-76.585,3.3049999999999997],[-76.58,3.3049999999999997],[-76.58,3.3099999999999996],[-76.585,3.3099999999999996],[-76.585,3.3049999999999997]]]},"properties":{"value":249.7013,"sigma":18.2503}},{"type":"Feature","geometry":{"type":"Polygon","coordinates":[[[-76.58,3.3049999999999997],[-76.575,3.3049999999999997],[-76.575,3.3099999999999996],[-76.58,3.3099999999999996],[-76.58,3.3049999999999997]]]},"properties":{"value":248.5737,"sigma":16.9986}},{"type":"Feature","geometry":{"type":"Polygon","coordinates":[[[-76.57499999999999,3.3049999999999997],[-76.57,3.3049999999999997],[-76.57,3.3099999999999996],[-76.57499999999999,3.3099999999999996],[-76.57499999999999,3.3049999999999997]]]},"properties":{"value":246.5984,"sigma":16.618}},{"type":"Feature","geometry":{"type":"Polygon","coordinates":[[[-76.57,3.3049999999999997],[-76.565,3.3049999999999997],[-76.565,3.3099999999999996],[-76.57,3.3099999999999996],[-76.57,3.3049999999999997]]]},"properties":{"value":248.4017,"sigma":16.0479}},{"type":"Feature","geometry":{"type":"Polygon","coordinates":[[[-76.565,3.3049999999999997],[-76.56,3.3049999999999997],[-76.56,3.3099999999999996],[-76.565,3.3099999999999996],[-76.565,3.3049999999999997]]]},"properties":{"value":251.087,"sigma":15.3245}},{"type":"Feature","geometry":{"type":"Polygon","coordinates":[[[-76.55999999999999,3.3049999999999997],[-76.55499999999999,3.3049999999999997],[-76.55499999999999,3.3099999999999996],[-76.55999999999999,3.3099999999999996],[-76.55999999999999,3.3049999999999997]]]},"properties":{"value":250.2047,"sigma":14.5201}},{"type":"Feature","geometry":{"type":"Polygon","coordinates":[[[-76.55499999999999,3.3049999999999997],[-76.55,3.3049999999999997],[-76.55,3.3099999999999996],[-76.55499999999999,3.3099999999999996],[-76.55499999999999,3.3049999999999997]]]},"properties":{"value":251.7944,"sigma":12.9381}},{"type":"Feature","geometry":{"type":"Polygon","coordinates":[[[-76.55,3.3049999999999997],[-76.545,3.3049999999999997],[-76.545,3.3099999999999996],[-76.55,3.3099999999999996],[-76.55,3.3049999999999997]]]},"properties":{"value":250.918,"sigma":12.8371}},{"type":"Feature","geometry":{"type":"Polygon","coordinates":[[[-76.54499999999999,3.3049999999999997],[-76.53999999999999,3.3049999999999997],[-76.53999999999999,3.3099999999999996],[-76.54499999999999,3.3099999999999996],[-76.54499999999999,3.3049999999999997]]]},"properties":{"value":248.5632,"sigma":10.756}},{"type":"Feature","geometry":{"type":"Polygon","coordinates":[[[-76.53999999999999,3.3049999999999997],[-76.535,3.3049999999999997],[-76.535,3.3099999999999996],[-76.53999999999999,3.3099999999999996],[-76.53999999999999,3.3049999999999997]]]},"properties":{"value":248.0695,"sigma":10.1259}},{"type":"Feature","geometry":{"type":"Polygon","coordinates":[[[-76.535,3.3049999999999997],[-76.53,3.3049999999999997],[-76.53,3.3099999999999996],[-76.535,3.3099999999999996],[-76.535,3.3049999999999997]]]},"properties":{"value":249.2798,"sigma":10.1687}},{"type":"Feature","geometry":{"type":"Polygon","coordinates":[[[-76.52999999999999,3.3049999999999997],[-76.52499999999999,3.3049999999999997],[-76.52499999999999,3.3099999999999996],[-76.52999999999999,3.3099999999999996],[-76.52999999999999,3.3049999999999997]]]},"properties":{"value":246.4779,"sigma":10.6197}},{"type":"Feature","geometry":{"type":"Polygon","coordinates":[[[-76.52499999999999,3.3049999999999997],[-76.52,3.3049999999999997],[-76.52,3.3099999999999996],[-76.52499999999999,3.3099999999999996],[-76.52499999999999,3.3049999999999997]]]},"properties":{"value":243.9979,"sigma":10.4842}},{"type":"Feature","geometry":{"type":"Polygon","coordinates":[[[-76.52,3.3049999999999997],[-76.515,3.3049999999999997],[-76.515,3.3099999999999996],[-76.52,3.3099999999999996],[-76.52,3.3049999999999997]]]},"properties":{"value":246.7117,"sigma":12.6669}},{"type":"Feature","geometry":{"type":"Polygon","coordinates":[[[-76.51499999999999,3.3049999999999997],[-76.50999999999999,3.3049999999999997],[-76.50999999999999,3.3099999999999996],[-76.51499999999999,3.3099999999999996],[-76.51499999999999,3.3049999999999997]]]},"properties":{"value":245.0847,"sigma":12.5202}},{"type":"Feature","geometry":{"type":"Polygon","coordinates":[[[-76.50999999999999,3.3049999999999997],[-76.505,3.3049999999999997],[-76.505,3.3099999999999996],[-76.50999999999999,3.3099999999999996],[-76.50999999999999,3.3049999999999997]]]},"properties":{"value":247.2594,"sigma":13.1676}},{"type":"Feature","geometry":{"type":"Polygon","coordinates":[[[-76.505,3.3049999999999997],[-76.5,3.3049999999999997],[-76.5,3.3099999999999996],[-76.505,3.3099999999999996],[-76.505,3.3049999999999997]]]},"properties":{"value":245.1604,"sigma":13.8477}},{"type":"Feature","geometry":{"type":"Polygon","coordinates":[[[-76.49999999999999,3.3049999999999997],[-76.49499999999999,3.3049999999999997],[-76.49499999999999,3.3099999999999996],[-76.49999999999999,3.3099999999999996],[-76.49999999999999,3.3049999999999997]]]},"properties":{"value":244.0545,"sigma":15.1116}},{"type":"Feature","geometry":{"type":"Polygon","coordinates":[[[-76.49499999999999,3.3049999999999997],[-76.49,3.3049999999999997],[-76.49,3.3099999999999996],[-76.49499999999999,3.3099999999999996],[-76.49499999999999,3.3049999999999997]]]},"properties":{"value":244.1515,"sigma":15.6679}},{"type":"Feature","geometry":{"type":"Polygon","coordinates":[[[-76.49,3.3049999999999997],[-76.485,3.3049999999999997],[-76.485,3.3099999999999996],[-76.49,3.3099999999999996],[-76.49,3.3049999999999997]]]},"properties":{"value":244.8992,"sigma":17.1822}},{"type":"Feature","geometry":{"type":"Polygon","coordinates":[[[-76.48499999999999,3.3049999999999997],[-76.47999999999999,3.3049999999999997],[-76.47999999999999,3.3099999999999996],[-76.48499999999999,3.3099999999999996],[-76.48499999999999,3.3049999999999997]]]},"properties":{"value":245.0532,"sigma":17.6315}},{"type":"Feature","geometry":{"type":"Polygon","coordinates":[[[-76.47999999999999,3.3049999999999997],[-76.475,3.3049999999999997],[-76.475,3.3099999999999996],[-76.47999999999999,3.3099999999999996],[-76.47999999999999,3.3049999999999997]]]},"properties":{"value":245.3765,"sigma":19.0831}},{"type":"Feature","geometry":{"type":"Polygon","coordinates":[[[-76.475,3.3049999999999997],[-76.47,3.3049999999999997],[-76.47,3.3099999999999996],[-76.475,3.3099999999999996],[-76.475,3.3049999999999997]]]},"properties":{"value":242.3935,"sigma":20.5704}},{"type":"Feature","geometry":{"type":"Polygon","coordinates":[[[-76.47,3.3049999999999997],[-76.465,3.3049999999999997],[-76.465,3.3099999999999996],[-76.47,3.3099999999999996],[-76.47,3.3049999999999997]]]},"properties":{"value":246.0144,"sigma":20.3876}},{"type":"Feature","geometry":{"type":"Polygon","coordinates":[[[-76.46499999999999,3.3049999999999997],[-76.46,3.3049999999999997],[-76.46,3.3099999999999996],[-76.46499999999999,3.3099999999999996],[-76.46499999999999,3.3049999999999997]]]},"properties":{"value":245.7024,"sigma":19.3912}},{"type":"Feature","geometry":{"type":"Polygon","coordinates":[[[-76.46,3.3049999999999997],[-76.455,3.3049999999999997],[-76.455,3.3099999999999996],[-76.46,3.3099999999999996],[-76.46,3.3049999999999997]]]},"properties":{"value":242.3639,"sigma":22.7471}},{"type":"Feature","geometry":{"type":"Polygon","coordinates":[[[-76.455,3.3049999999999997],[-76.45,3.3049999999999997],[-76.45,3.3099999999999996],[-76.455,3.3099999999999996],[-76.455,3.3049999999999997]]]},"properties":{"value":244.7657,"sigma":23.79}},{"type":"Feature","geometry":{"type":"Polygon","coordinates":[[[-76.44999999999999,3.3049999999999997],[-76.445,3.3049999999999997],[-76.445,3.3099999999999996],[-76.44999999999999,3.3099999999999996],[-76.44999999999999,3.3049999999999997]]]},"properties":{"value":244.9252,"sigma":25.012}},{"type":"Feature","geometry":{"type":"Polygon","coordinates":[[[-76.445,3.3049999999999997],[-76.44,3.3049999999999997],[-76.44,3.3099999999999996],[-76.445,3.3099999999999996],[-76.445,3.3049999999999997]]]},"properties":{"value":245.2788,"sigma":25.6921}},{"type":"Feature","geometry":{"type":"Polygon","coordinates":[[[-76.44,3.3049999999999997],[-76.435,3.3049999999999997],[-76.435,3.3099999999999996],[-76.44,3.3099999999999996],[-76.44,3.3049999999999997]]]},"properties":{"value":245.0632,"sigma":25.7562}},{"type":"Feature","geometry":{"type":"Polygon","coordinates":[[[-76.43499999999999,3.3049999999999997],[-76.42999999999999,3.3049999999999997],[-76.42999999999999,3.3099999999999996],[-76.43499999999999,3.3099999999999996],[-76.43499999999999,3.3049999999999997]]]},"properties":{"value":245.2737,"sigma":26.1167}},{"type":"Feature","geometry":{"type":"Polygon","coordinates":[[[-76.42999999999999,3.3049999999999997],[-76.425,3.3049999999999997],[-76.425,3.3099999999999996],[-76.42999999999999,3.3099999999999996],[-76.42999999999999,3.3049999999999997]]]},"properties":{"value":245.3511,"sigma":27.7781}},{"type":"Feature","geometry":{"type":"Polygon","coordinates":[[[-76.425,3.3049999999999997],[-76.42,3.3049999999999997],[-76.42,3.3099999999999996],[-76.425,3.3099999999999996],[-76.425,3.3049999999999997]]]},"properties":{"value":245.5399,"sigma":28.2944}},{"type":"Feature","geometry":{"type":"Polygon","coordinates":[[[-76.41999999999999,3.3049999999999997],[-76.41499999999999,3.3049999999999997],[-76.41499999999999,3.3099999999999996],[-76.41999999999999,3.3099999999999996],[-76.41999999999999,3.3049999999999997]]]},"properties":{"value":244.3133,"sigma":29.5184}},{"type":"Feature","geometry":{"type":"Polygon","coordinates":[[[-76.41499999999999,3.3049999999999997],[-76.41,3.3049999999999997],[-76.41,3.3099999999999996],[-76.41499999999999,3.3099999999999996],[-76.41499999999999,3.3049999999999997]]]},"properties":{"value":241.4275,"sigma":29.9687}},{"type":"Feature","geometry":{"type":"Polygon","coordinates":[[[-76.41,3.3049999999999997],[-76.405,3.3049999999999997],[-76.405,3.3099999999999996],[-76.41,3.3099999999999996],[-76.41,3.3049999999999997]]]},"properties":{"value":244.6151,"sigma":32.8076}},{"type":"Feature","geometry":{"type":"Polygon","coordinates":[[[-76.40499999999999,3.3049999999999997],[-76.39999999999999,3.3049999999999997],[-76.39999999999999,3.3099999999999996],[-76.40499999999999,3.3099999999999996],[-76.40499999999999,3.3049999999999997]]]},"properties":{"value":245.8206,"sigma":30.7829}},{"type":"Feature","geometry":{"type":"Polygon","coordinates":[[[-76.6,3.31],[-76.595,3.31],[-76.595,3.315],[-76.6,3.315],[-76.6,3.31]]]},"properties":{"value":245.8285,"sigma":21.9755}},{"type":"Feature","geometry":{"type":"Polygon","coordinates":[[[-76.595,3.31],[-76.59,3.31],[-76.59,3.315],[-76.595,3.315],[-76.595,3.31]]]},"properties":{"value":246.8235,"sigma":21.3932}},{"type":"Feature","geometry":{"type":"Polygon","coordinates":[[[-76.58999999999999,3.31],[-76.585,3.31],[-76.585,3.315],[-76.58999999999999,3.315],[-76.58999999999999,3.31]]]},"properties":{"value":247.2464,"sigma":18.3042}},{"type":"Feature","geometry":{"type":"Polygon","coordinates":[[[-76.585,3.31],[-76.58,3.31],[-76.58,3.315],[-76.585,3.315],[-76.585,3.31]]]},"properties":{"value":250.7165,"sigma":19.2022}},{"type":"Feature","geometry":{"type":"Polygon","coordinates":[[[-76.58,3.31],[-76.575,3.31],[-76.575,3.315],[-76.58,3.315],[-76.58,3.31]]]},"properties":{"value":248.782,"sigma":16.6806}},{"type":"Feature","geometry":{"type":"Polygon","coordinates":[[[-76.57499999999999,3.31],[-76.57,3.31],[-76.57,3.315],[-76.57499999999999,3.315],[-76.57499999999999,3.31]]]},"properties":{"value":249.1968,"sigma":18.2404}},{"type":"Feature","geometry":{"type":"Polygon","coordinates":[[[-76.57,3.31],[-76.565,3.31],[-76.565,3.315],[-76.57,3.315],[-76.57,3.31]]]},"properties":{"value":251.6576,"sigma":15.8028}},{"type":"Feature","geometry":{"type":"Polygon","coordinates":[[[-76.565,3.31],[-76.56,3.31],[-76.56,3.315],[-76.565,3.315],[-76.565,3.31]]]},"properties":{"value":251.3057,"sigma":15.507}},{"type":"Feature","geometry":{"type":"Polygon","coordinates":[[[-76.55999999999999,3.31],[-76.55499999999999,3.31],[-76.55499999999999,3.315],[-76.55999999999999,3.315],[-76.55999999999999,3.31]]]},"properties":{"value":252.284,"sigma":14.4637}},{"type":"Feature","geometry":{"type":"Polygon","coordinates":[[[-76.55499999999999,3.31],[-76.55,3.31],[-76.55,3.315],[-76.55499999999999,3.315],[-76.55499999999999,3.31]]]},"properties":{"value":252.072,"sigma":13.3336}},{"type":"Feature","geometry":{"type":"Polygon","coordinates":[[[-76.55,3.31],[-76.545,3.31],[-76.545,3.315],[-76.55,3.315],[-76.55,3.31]]]},"properties":{"value":252.6423,"sigma":13.7967}},{"type":"Feature","geometry":{"type":"Polygon","coordinates":[[[-76.54499999999999,3.31],[-76.53999999999999,3.31],[-76.53999999999999,3.315],[-76.54499999999999,3.315],[-76.54499999999999,3.31]]]},"properties":{"value":252.1707,"sigma":12.1688}},{"type":"Feature","geometry":{"type":"Polygon","coordinates":[[[-76.53999999999999,3.31],[-76.535,3.31],[-76.535,3.315],[-76.53999999999999,3.315],[-76.53999999999999,3.31]]]},"properties":{"value":249.9037,"sigma":12.94}},{"type":"Feature","geometry":{"type":"Polygon","coordinates":[[[-76.535,3.31],[-76.53,3.31],[-76.53,3.315],[-76.535,3.315],[-76.535,3.31]]]},"properties":{"value":248.8759,"sigma":11.8334}},{"type":"Feature","geometry":{"type":"Polygon","coordinates":[[[-76.52999999999999,3.31],[-76.52499999999999,3.31],[-76.52499999999999,3.315],[-76.52999999999999,3.315],[-76.52999999999999,3.31]]]},"properties":{"value":247.6848,"sigma":11.6039}},{"type":"Feature","geometry":{"type":"Polygon","coordinates":[[[-76.52499999999999,3.31],[-76.52,3.31],[-76.52,3.315],[-76.52499999999999,3.315],[-76.52499999999999,3.31]]]},"properties":{"value":249.2503,"sigma":10.2895}},{"type":"Feature","geometry":{"type":"Polygon","coordinates":[[[-76.52,3.31],[-76.515,3.31],[-76.515,3.315],[-76.52,3.315],[-76.52,3.31]]]},"properties":{"value":247.394,"sigma":12.5285}},{"type":"Feature","geometry":{"type":"Polygon","coordinates":[[[-76.51499999999999,3.31],[-76.50999999999999,3.31],[-76.50999999999999,3.315],[-76.51499999999999,3.315],[-76.51499999999999,3.31]]]},"properties":{"value":245.1438,"sigma":13.5243}},{"type":"Feature","geometry":{"type":"Polygon","coordinates":[[[-76.50999999999999,3.31],[-76.505,3.31],[-76.505,3.315],[-76.50999999999999,3.315],[-76.50999999999999,3.31]]]},"properties":{"value":246.8807,"sigma":15.323}},{"type":"Feature","geometry":{"type":"Polygon","coordinates":[[[-76.505,3.31],[-76.5,3.31],[-76.5,3.315],[-76.505,3.315],[-76.505,3.31]]]},"properties":{"value":244.1947,"sigma":13.6655}},{"type":"Feature","geometry":{"type":"Polygon","coordinates":[[[-76.49999999999999,3.31],[-76.49499999999999,3.31],[-76.49499999999999,3.315],[-76.49999999999999,3.315],[-76.49999999999999,3.31]]]},"properties":{"value":246.7695,"sigma":16.659}},{"type":"Feature","geometry":{"type":"Polygon","coordinates":[[[-76.49499999999999,3.31],[-76.49,3.31],[-76.49,3.315],[-76.49499999999999,3.315],[-76.49499999999999,3.31]]]},"properties":{"value":243.0378,"sigma":15.1664}},{"type":"Feature","geometry":{"type":"Polygon","coordinates":[[[-76.49,3.31],[-76.485,3.31],[-76.485,3.315],[-76.49,3.315],[-76.49,3.31]]]},"properties":{"value":241.2112,"sigma":17.1334}},{"type":"Feature","geometry":{"type":"Polygon","coordinates":[[[-76.48499999999999,3.31],[-76.47999999999999,3.31],[-76.47999999999999,3.315],[-76.48499999999999,3.315],[-76.48499999999999,3.31]]]},"properties":{"value":246.3446,"sigma":18.6037}},{"type":"Feature","geometry":{"type":"Polygon","coordinates":[[[-76.47999999999999,3.31],[-76.475,3.31],[-76.475,3.315],[-76.47999999999999,3.315],[-76.47999999999999,3.31]]]},"properties":{"value":243.7335,"sigma":20.2315}},{"type":"Feature","geometry":{"type":"Polygon","coordinates":[[[-76.475,3.31],[-76.47,3.31],[-76.47,3.315],[-76.475,3.315],[-76.475,3.31]]]},"properties":{"value":242.661,"sigma":19.7051}},{"type":"Feature","geometry":{"type":"Polygon","coordinates":[[[-76.47,3.31],[-76.465,3.31],[-76.465,3.315],[-76.47,3.315],[-76.47,3.31]]]},"properties":{"value":247.9693,"sigma":20.0816}},{"type":"Feature","geometry":{"type":"Polygon","coordinates":[[[-76.46499999999999,3.31],[-76.46,3.31],[-76.46,3.315],[-76.46499999999999,3.315],[-76.46499999999999,3.31]]]},"properties":{"value":246.4614,"sigma":21.0727}},{"type":"Feature","geometry":{"type":"Polygon","coordinates":[[[-76.46,3.31],[-76.455,3.31],[-76.455,3.315],[-76.46,3.315],[-76.46,3.31]]]},"properties":{"value":244.9959,"sigma":22.2954}},{"type":"Feature","geometry":{"type":"Polygon","coordinates":[[[-76.455,3.31],[-76.45,3.31],[-76.45,3.315],[-76.455,3.315],[-76.455,3.31]]]},"properties":{"value":245.2153,"sigma":23.4876}},{"type":"Feature","geometry":{"type":"Polygon","coordinates":[[[-76.44999999999999,3.31],[-76.445,3.31],[-76.445,3.315],[-76.44999999999999,3.315],[-76.44999999999999,3.31]]]},"properties":{"value":242.9283,"sigma":24.1724}},{"type":"Feature","geometry":{"type":"Polygon","coordinates":[[[-76.445,3.31],[-76.44,3.31],[-76.44,3.315],[-76.445,3.315],[-76.445,3.31]]]},"properties":{"value":244.455,"sigma":24.8368}},{"type":"Feature","geometry":{"type":"Polygon","coordinates":[[[-76.44,3.31],[-76.435,3.31],[-76.435,3.315],[-76.44,3.315],[-76.44,3.31]]]},"properties":{"value":246.3895,"sigma":26.6783}},{"type":"Feature","geometry":{"type":"Polygon","coordinates":[[[-76.43499999999999,3.31],[-76.42999999999999,3.31],[-76.42999999999999,3.315],[-76.43499999999999,3.315],[-76.43499999999999,3.31]]]},"properties":{"value":245.8956,"sigma":26.5982}},{"type":"Feature","geometry":{"type":"Polygon","coordinates":[[[-76.42999999999999,3.31],[-76.425,3.31],[-76.425,3.315],[-76.42999999999999,3.315],[-76.42999999999999,3.31]]]},"properties":{"value":247.3432,"sigma":27.4801}},{"type":"Feature","geometry":{"type":"Polygon","coordinates":[[[-76.425,3.31],[-76.42,3.31],[-76.42,3.315],[-76.425,3.315],[-76.425,3.31]]]},"properties":{"value":243.2122,"sigma":26.6426}},{"type":"Feature","geometry":{"type":"Polygon","coordinates":[[[-76.41999999999999,3.31],[-76.41499999999999,3.31],[-76.41499999999999,3.315],[-76.41999999999999,3.315],[-76.41999999999999,3.31]]]},"properties":{"value":245.0768,"sigma":28.3734}},{"type":"Feature","geometry":{"type":"Polygon","coordinates":[[[-76.41499999999999,3.31],[-76.41,3.31],[-76.41,3.315],[-76.41499999999999,3.315],[-76.41499999999999,3.31]]]},"properties":{"value":243.4475,"sigma":29.4647}},{"type":"Feature","geometry":{"type":"Polygon","coordinates":[[[-76.41,3.31],[-76.405,3.31],[-76.405,3.315],[-76.41,3.315],[-76.41,3.31]]]},"properties":{"value":246.2219,"sigma":30.4782}},{"type":"Feature","geometry":{"type":"Polygon","coordinates":[[[-76.40499999999999,3.31],[-76.39999999999999,3.31],[-76.39999999999999,3.315],[-76.40499999999999,3.315],[-76.40499999999999,3.31]]]},"properties":{"value":243.0256,"sigma":31.076}},{"type":"Feature","geometry":{"type":"Polygon","coordinates":[[[-76.6,3.315],[-76.595,3.315],[-76.595,3.32],[-76.6,3.32],[-76.6,3.315]]]},"properties":{"value":245.5783,"sigma":21.6817}},{"type":"Feature","geometry":{"type":"Polygon","coordinates":[[[-76.595,3.315],[-76.59,3.315],[-76.59,3.32],[-76.595,3.32],[-76.595,3.315]]]},"properties":{"value":248.1463,"sigma":20.7896}},{"type":"Feature","geometry":{"type":"Polygon","coordinates":[[[-76.58999999999999,3.315],[-76.585,3.315],[-76.585,3.32],[-76.58999999999999,3.32],[-76.58999999999999,3.315]]]},"properties":{"value":250.8217,"sigma":20.1566}},{"type":"Feature","geometry":{"type":"Polygon","coordinates":[[[-76.585,3.315],[-76.58,3.315],[-76.58,3.32],[-76.585,3.32],[-76.585,3.315]]]},"properties":{"value":250.0744,"sigma":19.2105}},{"type":"Feature","geometry":{"type":"Polygon","coordinates":[[[-76.58,3.315],[-76.575,3.315],[-76.575,3.32],[-76.58,3.32],[-76.58,3.315]]]},"properties":{"value":250.8196,"sigma":17.7672}},{"type":"Feature","geometry":{"type":"Polygon","coordinates":[[[-76.57499999999999,3.315],[-76.57,3.315],[-76.57,3.32],[-76.57499999999999,3.32],[-76.57499999999999,3.315]]]},"properties":{"value":252.1008,"sigma":17.0401}},{"type":"Feature","geometry":{"type":"Polygon","coordinates":[[[-76.57,3.315],[-76.565,3.315],[-76.565,3.32],[-76.57,3.32],[-76.57,3.315]]]},"properties":{"value":254.5339,"sigma":17.1032}},{"type":"Feature","geometry":{"type":"Polygon","coordinates":[[[-76.565,3.315],[-76.56,3.315],[-76.56,3.32],[-76.565,3.32],[-76.565,3.315]]]},"properties":{"value":256.1446,"sigma":15.6357}},{"type":"Feature","geometry":{"type":"Polygon","coordinates":[[[-76.55999999999999,3.315],[-76.55499999999999,3.315],[-76.55499999999999,3.32],[-76.55999999999999,3.32],[-76.55999999999999,3.315]]]},"properties":{"value":254.8123,"sigma":15.3724}},{"type":"Feature","geometry":{"type":"Polygon","coordinates":[[[-76.55499999999999,3.315],[-76.55,3.315],[-76.55,3.32],[-76.55499999999999,3.32],[-76.55499999999999,3.315]]]},"properties":{"value":253.1264,"sigma":14.4141}},{"type":"Feature","geometry":{"type":"Polygon","coordinates":[[[-76.55,3.315],[-76.545,3.315],[-76.545,3.32],[-76.55,3.32],[-76.55,3.315]]]},"properties":{"value":254.2857,"sigma":14.3681}},{"type":"Feature","geometry":{"type":"Polygon","coordinates":[[[-76.54499999999999,3.315],[-76.53999999999999,3.315],[-76.53999999999999,3.32],[-76.54499999999999,3.32],[-76.54499999999999,3.315]]]},"properties":{"value":254.0089,"sigma":11.2582}},{"type":"Feature","geometry":{"type":"Polygon","coordinates":[[[-76.53999999999999,3.315],[-76.535,3.315],[-76.535,3.32],[-76.53999999999999,3.32],[-76.53999999999999,3.315]]]},"properties":{"value":251.4778,"sigma":11.8887}},{"type":"Feature","geometry":{"type":"Polygon","coordinates":[[[-76.535,3.315],[-76.53,3.315],[-76.53,3.32],[-76.535,3.32],[-76.535,3.315]]]},"properties":{"value":248.2003,"sigma":12.5021}},{"type":"Feature","geometry":{"type":"Polygon","coordinates":[[[-76.52999999999999,3.315],[-76.52499999999999,3.315],[-76.52499999999999,3.32],[-76.52999999999999,3.32],[-76.52999999999999,3.315]]]},"properties":{"value":247.1562,"sigma":11.7892}},{"type":"Feature","geometry":{"type":"Polygon","coordinates":[[[-76.52499999999999,3.315],[-76.52,3.315],[-76.52,3.32],[-76.52499999999999,3.32],[-76.52499999999999,3.315]]]},"properties":{"value":247.0526,"sigma":13.0132}},{"type":"Feature","geometry":{"type":"Polygon","coordinates":[[[-76.52,3.315],[-76.515,3.315],[-76.515,3.32],[-76.52,3.32],[-76.52,3.315]]]},"properties":{"value":247.938,"sigma":13.4481}},{"type":"Feature","geometry":{"type":"Polygon","coordinates":[[[-76.51499999999999,3.315],[-76.50999999999999,3.315],[-76.50999999999999,3.32],[-76.51499999999999,3.32],[-76.51499999999999,3.315]]]},"properties":{"value":245.5397,"sigma":14.1427}},{"type":"Feature","geometry":{"type":"Polygon","coordinates":[[[-76.50999999999999,3.315],[-76.505,3.315],[-76.505,3.32],[-76.50999999999999,3.32],[-76.50999999999999,3.315]]]},"properties":{"value":246.1286,"sigma":14.6101}},{"type":"Feature","geometry":{"type":"Polygon","coordinates":[[[-76.505,3.315],[-76.5,3.315],[-76.5,3.32],[-76.505,3.32],[-76.505,3.315]]]},"properties":{"value":247.1339,"sigma":15.588}},{"type":"Feature","geometry":{"type":"Polygon","coordinates":[[[-76.49999999999999,3.315],[-76.49499999999999,3.315],[-76.49499999999999,3.32],[-76.49999999999999,3.32],[-76.49999999999999,3.315]]]},"properties":{"value":243.2456,"sigma":15.8735}},{"type":"Feature","geometry":{"type":"Polygon","coordinates":[[[-76.49499999999999,3.315],[-76.49,3.315],[-76.49,3.32],[-76.49499999999999,3.32],[-76.49499999999999,3.315]]]},"properties":{"value":246.0658,"sigma":17.2654}},{"type":"Feature","geometry":{"type":"Polygon","coordinates":[[[-76.49,3.315],[-76.485,3.315],[-76.485,3.32],[-76.49,3.32],[-76.49,3.315]]]},"properties":{"value":245.3048,"sigma":18.2708}},{"type":"Feature","geometry":{"type":"Polygon","coordinates":[[[-76.48499999999999,3.315],[-76.47999999999999,3.315],[-76.47999999999999,3.32],[-76.48499999999999,3.32],[-76.48499999999999,3.315]]]},"properties":{"value":244.9302,"sigma":16.6717}},{"type":"Feature","geometry":{"type":"Polygon","coordinates":[[[-76.47999999999999,3.315],[-76.475,3.315],[-76.475,3.32],[-76.47999999999999,3.32],[-76.47999999999999,3.315]]]},"properties":{"value":243.8937,"sigma":19.4212}},{"type":"Feature","geometry":{"type":"Polygon","coordinates":[[[-76.475,3.315],[-76.47,3.315],[-76.47,3.32],[-76.475,3.32],[-76.475,3.315]]]},"properties":{"value":245.3673,"sigma":20.0439}},{"type":"Feature","geometry":{"type":"Polygon","coordinates":[[[-76.47,3.315],[-76.465,3.315],[-76.465,3.32],[-76.47,3.32],[-76.47,3.315]]]},"properties":{"value":243.3437,"sigma":20.2797}},{"type":"Feature","geometry":{"type":"Polygon","coordinates":[[[-76.46499999999999,3.315],[-76.46,3.315],[-76.46,3.32],[-76.46499999999999,3.32],[-76.46499999999999,3.315]]]},"properties":{"value":243.8104,"sigma":23.246}},{"type":"Feature","geometry":{"type":"Polygon","coordinates":[[[-76.46,3.315],[-76.455,3.315],[-76.455,3.32],[-76.46,3.32],[-76.46,3.315]]]},"properties":{"value":245.1251,"sigma":23.2921}},{"type":"Feature","geometry":{"type":"Polygon","coordinates":[[[-76.455,3.315],[-76.45,3.315],[-76.45,3.32],[-76.455,3.32],[-76.455,3.315]]]},"properties":{"value":246.6964,"sigma":21.7943}},{"type":"Feature","geometry":{"type":"Polygon","coordinates":[[[-76.44999999999999,3.315],[-76.445,3.315],[-76.445,3.32],[-76.44999999999999,3.32],[-76.44999999999999,3.315]]]},"properties":{"value":244.088,"sigma":24.97}},{"type":"Feature","geometry":{"type":"Polygon","coordinates":[[[-76.445,3.315],[-76.44,3.315],[-76.44,3.32],[-76.445,3.32],[-76.445,3.315]]]},"properties":{"value":246.7809,"sigma":24.1806}},{"type":"Feature","geometry":{"type":"Polygon","coordinates":[[[-76.44,3.315],[-76.435,3.315],[-76.435,3.32],[-76.44,3.32],[-76.44,3.315]]]},"properties":{"value":244.8842,"sigma":24.3269}},{"type":"Feature","geometry":{"type":"Polygon","coordinates":[[[-76.43499999999999,3.315],[-76.42999999999999,3.315],[-76.42999999999999,3.32],[-76.43499999999999,3.32],[-76.43499999999999,3.315]]]},"properties":{"value":242.7154,"sigma":26.6275}},{"type":"Feature","geometry":{"type":"Polygon","coordinates":[[[-76.42999999999999,3.315],[-76.425,3.315],[-76.425,3.32],[-76.42999999999999,3.32],[-76.42999999999999,3.315]]]},"properties":{"value":245.6197,"sigma":27.471}},{"type":"Feature","geometry":{"type":"Polygon","coordinates":[[[-76.425,3.315],[-76.42,3.315],[-76.42,3.32],[-76.425,3.32],[-76.425,3.315]]]},"properties":{"value":245.3975,"sigma":28.8605}},{"type":"Feature","geometry":{"type":"Polygon","coordinates":[[[-76.41999999999999,3.315],[-76.41499999999999,3.315],[-76.41499999999999,3.32],[-76.41999999999999,3.32],[-76.41999999999999,3.315]]]},"properties":{"value":245.7805,"sigma":28.9234}},{"type":"Feature","geometry":{"type":"Polygon","coordinates":[[[-76.41499999999999,3.315],[-76.41,3.315],[-76.41,3.32],[-76.41499999999999,3.32],[-76.41499999999999,3.315]]]},"properties":{"value":246.6596,"sigma":30.6968}},{"type":"Feature","geometry":{"type":"Polygon","coordinates":[[[-76.41,3.315],[-76.405,3.315],[-76.405,3.32],[-76.41,3.32],[-76.41,3.315]]]},"properties":{"value":245.8427,"sigma":31.0037}},{"type":"Feature","geometry":{"type":"Polygon","coordinates":[[[-76.40499999999999,3.315],[-76.39999999999999,3.315],[-76.39999999999999,3.32],[-76.40499999999999,3.32],[-76.40499999999999,3.315]]]},"properties":{"value":245.2478,"sigma":32.216}},{"type":"Feature","geometry":{"type":"Polygon","coordinates":[[[-76.6,3.32],[-76.595,3.32],[-76.595,3.3249999999999997],[-76.6,3.3249999999999997],[-76.6,3.32]]]},"properties":{"value":247.0157,"sigma":20.3369}},{"type":"Feature","geometry":{"type":"Polygon","coordinates":[[[-76.595,3.32],[-76.59,3.32],[-76.59,3.3249999999999997],[-76.595,3.3249999999999997],[-76.595,3.32]]]},"properties":{"value":249.2003,"sigma":20.7161}},{"type":"Feature","geometry":{"type":"Polygon","coordinates":[[[-76.58999999999999,3.32],[-76.585,3.32],[-76.585,3.3249999999999997],[-76.58999999999999,3.3249999999999997],[-76.58999999999999,3.32]]]},"properties":{"value":249.9509,"sigma":18.1367}},{"type":"Feature","geometry":{"type":"Polygon","coordinates":[[[-76.585,3.32],[-76.58,3.32],[-76.58,3.3249999999999997],[-76.585,3.3249999999999997],[-76.585,3.32]]]},"properties":{"value":253.2296,"sigma":19.4657}},{"type":"Feature","geometry":{"type":"Polygon","coordinates":[[[-76.58,3.32],[-76.575,3.32],[-76.575,3.3249999999999997],[-76.58,3.3249999999999997],[-76.58,3.32]]]},"properties":{"value":253.4903,"sigma":16.9754}},{"type":"Feature","geometry":{"type":"Polygon","coordinates":[[[-76.57499999999999,3.32],[-76.57,3.32],[-76.57,3.3249999999999997],[-76.57499999999999,3.3249999999999997],[-76.57499999999999,3.32]]]},"properties":{"value":255.6641,"sigma":16.5834}},{"type":"Feature","geometry":{"type":"Polygon","coordinates":[[[-76.57,3.32],[-76.565,3.32],[-76.565,3.3249999999999997],[-76.57,3.3249999999999997],[-76.57,3.32]]]},"properties":{"value":254.3625,"sigma":16.5242}},{"type":"Feature","geometry":{"type":"Polygon","coordinates":[[[-76.565,3.32],[-76.56,3.32],[-76.56,3.3249999999999997],[-76.565,3.3249999999999997],[-76.565,3.32]]]},"properties":{"value":255.6301,"sigma":15.2372}},{"type":"Feature","geometry":{"type":"Polygon","coordinates":[[[-76.55999999999999,3.32],[-76.55499999999999,3.32],[-76.55499999999999,3.3249999999999997],[-76.55999999999999,3.3249999999999997],[-76.55999999999999,3.32]]]},"properties":{"value":258.7368,"sigma":15.2028}},{"type":"Feature","geometry":{"type":"Polygon","coordinates":[[[-76.55499999999999,3.32],[-76.55,3.32],[-76.55,3.3249999999999997],[-76.55499999999999,3.3249999999999997],[-76.55499999999999,3.32]]]},"properties":{"value":252.3848,"sigma":14.6077}},{"type":"Feature","geometry":{"type":"Polygon","coordinates":[[[-76.55,3.32],[-76.545,3.32],[-76.545,3.3249999999999997],[-76.55,3.3249999999999997],[-76.55,3.32]]]},"properties":{"value":255.6158,"sigma":13.0565}},{"type":"Feature","geometry":{"type":"Polygon","coordinates":[[[-76.54499999999999,3.32],[-76.53999999999999,3.32],[-76.53999999999999,3.3249999999999997],[-76.54499999999999,3.3249999999999997],[-76.54499999999999,3.32]]]},"properties":{"value":252.5012,"sigma":12.9962}},{"type":"Feature","geometry":{"type":"Polygon","coordinates":[[[-76.53999999999999,3.32],[-76.535,3.32],[-76.535,3.3249999999999997],[-76.53999999999999,3.3249999999999997],[-76.53999999999999,3.32]]]},"properties":{"value":251.401,"sigma":13.6922}},{"type":"Feature","geometry":{"type":"Polygon","coordinates":[[[-76.535,3.32],[-76.53,3.32],[-76.53,3.3249999999999997],[-76.535,3.3249999999999997],[-76.535,3.32]]]},"properties":{"value":250.2116,"sigma":13.3541}},{"type":"Feature","geometry":{"type":"Polygon","coordinates":[[[-76.52999999999999,3.32],[-76.52499999999999,3.32],[-76.52499999999999,3.3249999999999997],[-76.52999999999999,3.3249999999999997],[-76.52999999999999,3.32]]]},"properties":{"value":250.0096,"sigma":12.5334}},{"type":"Feature","geometry":{"type":"Polygon","coordinates":[[[-76.52499999999999,3.32],[-76.52,3.32],[-76.52,3.3249999999999997],[-76.52499999999999,3.3249999999999997],[-76.52499999999999,3.32]]]},"properties":{"value":248.097,"sigma":13.7768}},{"type":"Feature","geometry":{"type":"Polygon","coordinates":[[[-76.52,3.32],[-76.515,3.32],[-76.515,3.3249999999999997],[-76.52,3.3249999999999997],[-76.52,3.32]]]},"properties":{"value":250.3757,"sigma":15.6483}},{"type":"Feature","geometry":{"type":"Polygon","coordinates":[[[-76.51499999999999,3.32],[-76.50999999999999,3.32],[-76.50999999999999,3.3249999999999997],[-76.51499999999999,3.3249999999999997],[-76.51499999999999,3.32]]]},"properties":{"value":246.1479,"sigma":14.0361}},{"type":"Feature","geometry":{"type":"Polygon","coordinates":[[[-76.50999999999999,3.32],[-76.505,3.32],[-76.505,3.3249999999999997],[-76.50999999999999,3.3249999999999997],[-76.50999999999999,3.32]]]},"properties":{"value":246.7699,"sigma":14.4187}},{"type":"Feature","geometry":{"type":"Polygon","coordinates":[[[-76.505,3.32],[-76.5,3.32],[-76.5,3.3249999999999997],[-76.505,3.3249999999999997],[-76.505,3.32]]]},"properties":{"value":245.0395,"sigma":15.4006}},{"type":"Feature","geometry":{"type":"Polygon","coordinates":[[[-76.49999999999999,3.32],[-76.49499999999999,3.32],[-76.49499999999999,3.3249999999999997],[-76.49999999999999,3.3249999999999997],[-76.49999999999999,3.32]]]},"properties":{"value":244.1878,"sigma":15.2552}},{"type":"Feature","geometry":{"type":"Polygon","coordinates":[[[-76.49499999999999,3.32],[-76.49,3.32],[-76.49,3.3249999999999997],[-76.49499999999999,3.3249999999999997],[-76.49499999999999,3.32]]]},"properties":{"value":246.1548,"sigma":16.0746}},{"type":"Feature","geometry":{"type":"Polygon","coordinates":[[[-76.49,3.32],[-76.485,3.32],[-76.485,3.3249999999999997],[-76.49,3.3249999999999997],[-76.49,3.32]]]},"properties":{"value":244.9343,"sigma":16.1902}},{"type":"Feature","geometry":{"type":"Polygon","coordinates":[[[-76.48499999999999,3.32],[-76.47999999999999,3.32],[-76.47999999999999,3.3249999999999997],[-76.48499999999999,3.3249999999999997],[-76.48499999999999,3.32]]]},"properties":{"value":243.0237,"sigma":18.8164}},{"type":"Feature","geometry":{"type":"Polygon","coordinates":[[[-76.47999999999999,3.32],[-76.475,3.32],[-76.475,3.3249999999999997],[-76.47999999999999,3.3249999999999997],[-76.47999999999999,3.32]]]},"properties":{"value":244.2876,"sigma":18.6949}},{"type":"Feature","geometry":{"type":"Polygon","coordinates":[[[-76.475,3.32],[-76.47,3.32],[-76.47,3.3249999999999997],[-76.475,3.3249999999999997],[-76.475,3.32]]]},"properties":{"value":245.789,"sigma":20.4801}},{"type":"Feature","geometry":{"type":"Polygon","coordinates":[[[-76.47,3.32],[-76.465,3.32],[-76.465,3.3249999999999997],[-76.47,3.3249999999999997],[-76.47,3.32]]]},"properties":{"value":245.165,"sigma":21.3114}},{"type":"Feature","geometry":{"type":"Polygon","coordinates":[[[-76.46499999999999,3.32],[-76.46,3.32],[-76.46,3.3249999999999997],[-76.46499999999999,3.3249999999999997],[-76.46499999999999,3.32]]]},"properties":{"value":246.8335,"sigma":23.32}},{"type":"Feature","geometry":{"type":"Polygon","coordinates":[[[-76.46,3.32],[-76.455,3.32],[-76.455,3.3249999999999997],[-76.46,3.3249999999999997],[-76.46,3.32]]]},"properties":{"value":243.9708,"sigma":22.5772}},{"type":"Feature","geometry":{"type":"Polygon","coordinates":[[[-76.455,3.32],[-76.45,3.32],[-76.45,3.3249999999999997],[-76.455,3.3249999999999997],[-76.455,3.32]]]},"properties":{"value":245.6459,"sigma":22.5136}},{"type":"Feature","geometry":{"type":"Polygon","coordinates":[[[-76.44999999999999,3.32],[-76.445,3.32],[-76.445,3.3249999999999997],[-76.44999999999999,3.3249999999999997],[-76.44999999999999,3.32]]]},"properties":{"value":244.9139,"sigma":23.7463}},{"type":"Feature","geometry":{"type":"Polygon","coordinates":[[[-76.445,3.32],[-76.44,3.32],[-76.44,3.3249999999999997],[-76.445,3.3249999999999997],[-76.445,3.32]]]},"properties":{"value":244.5359,"sigma":25.6421}},{"type":"Feature","geometry":{"type":"Polygon","coordinates":[[[-76.44,3.32],[-76.435,3.32],[-76.435,3.3249999999999997],[-76.44,3.3249999999999997],[-76.44,3.32]]]},"properties":{"value":242.9115,"sigma":26.1774}},{"type":"Feature","geometry":{"type":"Polygon","coordinates":[[[-76.43499999999999,3.32],[-76.42999999999999,3.32],[-76.42999999999999,3.3249999999999997],[-76.43499999999999,3.3249999999999997],[-76.43499999999999,3.32]]]},"properties":{"value":244.9488,"sigma":27.3965}},{"type":"Feature","geometry":{"type":"Polygon","coordinates":[[[-76.42999999999999,3.32],[-76.425,3.32],[-76.425,3.3249999999999997],[-76.42999999999999,3.3249999999999997],[-76.42999999999999,3.32]]]},"properties":{"value":245.9189,"sigma":27.724}},{"type":"Feature","geometry":{"type":"Polygon","coordinates":[[[-76.425,3.32],[-76.42,3.32],[-76.42,3.3249999999999997],[-76.425,3.3249999999999997],[-76.425,3.32]]]},"properties":{"value":245.3897,"sigma":28.4396}},{"type":"Feature","geometry":{"type":"Polygon","coordinates":[[[-76.41999999999999,3.32],[-76.41499999999999,3.32],[-76.41499999999999,3.3249999999999997],[-76.41999999999999,3.3249999999999997],[-76.41999999999999,3.32]]]},"properties":{"value":245.2492,"sigma":29.3301}},{"type":"Feature","geometry":{"type":"Polygon","coordinates":[[[-76.41499999999999,3.32],[-76.41,3.32],[-76.41,3.3249999999999997],[-76.41499999999999,3.3249999999999997],[-76.41499999999999,3.32]]]},"properties":{"value":244.6743,"sigma":29.6913}},{"type":"Feature","geometry":{"type":"Polygon","coordinates":[[[-76.41,3.32],[-76.405,3.32],[-76.405,3.3249999999999997],[-76.41,3.3249999999999997],[-76.41,3.32]]]},"properties":{"value":247.3628,"sigma":31.4717}},{"type":"Feature","geometry":{"type":"Polygon","coordinates":[[[-76.40499999999999,3.32],[-76.39999999999999,3.32],[-76.39999999999999,3.3249999999999997],[-76.40499999999999,3.3249999999999997],[-76.40499999999999,3.32]]]},"properties":{"value":243.3024,"sigma":29.6163}},{"type":"Feature","geometry":{"type":"Polygon","coordinates":[[[-76.6,3.3249999999999997],[-76.595,3.3249999999999997],[-76.595,3.3299999999999996],[-76.6,3.3299999999999996],[-76.6,3.3249999999999997]]]},"properties":{"value":247.8544,"sigma":22.8714}},{"type":"Feature","geometry":{"type":"Polygon","coordinates":[[[-76.595,3.3249999999999997],[-76.59,3.3249999999999997],[-76.59,3.3299999999999996],[-76.595,3.3299999999999996],[-76.595,3.3249999999999997]]]},"properties":{"value":247.4007,"sigma":20.1714}},{"type":"Feature","geometry":{"type":"Polygon","coordinates":[[[-76.58999999999999,3.3249999999999997],[-76.585,3.3249999999999997],[-76.585,3.3299999999999996],[-76.58999999999999,3.3299999999999996],[-76.58999999999999,3.3249999999999997]]]},"properties":{"value":252.1288,"sigma":20.0679}},{"type":"Feature","geometry":{"type":"Polygon","coordinates":[[[-76.585,3.3249999999999997],[-76.58,3.3249999999999997],[-76.58,3.3299999999999996],[-76.585,3.3299999999999996],[-76.585,3.3249999999999997]]]},"properties":{"value":252.4929,"sigma":19.4441}},{"type":"Feature","geometry":{"type":"Polygon","coordinates":[[[-76.58,3.3249999999999997],[-76.575,3.3249999999999997],[-76.575,3.3299999999999996],[-76.58,3.3299999999999996],[-76.58,3.3249999999999997]]]},"properties":{"value":253.9035,"sigma":19.52}},{"type":"Feature","geometry":{"type":"Polygon","coordinates":[[[-76.57499999999999,3.3249999999999997],[-76.57,3.3249999999999997],[-76.57,3.3299999999999996],[-76.57499999999999,3.3299999999999996],[-76.57499999999999,3.3249999999999997]]]},"properties":{"value":256.1154,"sigma":17.6001}},{"type":"Feature","geometry":{"type":"Polygon","coordinates":[[[-76.57,3.3249999999999997],[-76.565,3.3249999999999997],[-76.565,3.3299999999999996],[-76.57,3.3299999999999996],[-76.57,3.3249999999999997]]]},"properties":{"value":257.7611,"sigma":17.9005}},{"type":"Feature","geometry":{"type":"Polygon","coordinates":[[[-76.565,3.3249999999999997],[-76.56,3.3249999999999997],[-76.56,3.3299999999999996],[-76.565,3.3299999999999996],[-76.565,3.3249999999999997]]]},"properties":{"value":259.9398,"sigma":15.9341}},{"type":"Feature","geometry":{"type":"Polygon","coordinates":[[[-76.55999999999999,3.3249999999999997],[-76.55499999999999,3.3249999999999997],[-76.55499999999999,3.3299999999999996],[-76.55999999999999,3.3299999999999996],[-76.55999999999999,3.3249999999999997]]]},"properties":{"value":258.9184,"sigma":15.3854}},{"type":"Feature","geometry":{"type":"Polygon","coordinates":[[[-76.55499999999999,3.3249999999999997],[-76.55,3.3249999999999997],[-76.55,3.3299999999999996],[-76.55499999999999,3.3299999999999996],[-76.55499999999999,3.3249999999999997]]]},"properties":{"value":258.2285,"sigma":16.1783}},{"type":"Feature","geometry":{"type":"Polygon","coordinates":[[[-76.55,3.3249999999999997],[-76.545,3.3249999999999997],[-76.545,3.3299999999999996],[-76.55,3.3299999999999996],[-76.55,3.3249999999999997]]]},"properties":{"value":257.8791,"sigma":13.3712}},{"type":"Feature","geometry":{"type":"Polygon","coordinates":[[[-76.54499999999999,3.3249999999999997],[-76.53999999999999,3.3249999999999997],[-76.53999999999999,3.3299999999999996],[-76.54499999999999,3.3299999999999996],[-76.54499999999999,3.3249999999999997]]]},"properties":{"value":257.7379,"sigma":13.9807}},{"type":"Feature","geometry":{"type":"Polygon","coordinates":[[[-76.53999999999999,3.3249999999999997],[-76.535,3.3249999999999997],[-76.535,3.3299999999999996],[-76.53999999999999,3.3299999999999996],[-76.53999999999999,3.3249999999999997]]]},"properties":{"value":252.9423,"sigma":13.9954}},{"type":"Feature","geometry":{"type":"Polygon","coordinates":[[[-76.535,3.3249999999999997],[-76.53,3.3249999999999997],[-76.53,3.3299999999999996],[-76.535,3.3299999999999996],[-76.535,3.3249999999999997]]]},"properties":{"value":249.9686,"sigma":14.1615}},{"type":"Feature","geometry":{"type":"Polygon","coordinates":[[[-76.52999999999999,3.3249999999999997],[-76.52499999999999,3.3249999999999997],[-76.52499999999999,3.3299999999999996],[-76.52999999999999,3.3299999999999996],[-76.52999999999999,3.3249999999999997]]]},"properties":{"value":250.6924,"sigma":13.5622}},{"type":"Feature","geometry":{"type":"Polygon","coordinates":[[[-76.52499999999999,3.3249999999999997],[-76.52,3.3249999999999997],[-76.52,3.3299999999999996],[-76.52499999999999,3.3299999999999996],[-76.52499999999999,3.3249999999999997]]]},"properties":{"value":248.6021,"sigma":14.1847}},{"type":"Feature","geometry":{"type":"Polygon","coordinates":[[[-76.52,3.3249999999999997],[-76.515,3.3249999999999997],[-76.515,3.3299999999999996],[-76.52,3.3299999999999996],[-76.52,3.3249999999999997]]]},"properties":{"value":247.3335,"sigma":14.2893}},{"type":"Feature","geometry":{"type":"Polygon","coordinates":[[[-76.51499999999999,3.3249999999999997],[-76.50999999999999,3.3249999999999997],[-76.50999999999999,3.3299999999999996],[-76.51499999999999,3.3299999999999996],[-76.51499999999999,3.3249999999999997]]]},"properties":{"value":243.5473,"sigma":14.9568}},{"type":"Feature","geometry":{"type":"Polygon","coordinates":[[[-76.50999999999999,3.3249999999999997],[-76.505,3.3249999999999997],[-76.505,3.3299999999999996],[-76.50999999999999,3.3299999999999996],[-76.50999999999999,3.3249999999999997]]]},"properties":{"value":246.5255,"sigma":14.3797}},{"type":"Feature","geometry":{"type":"Polygon","coordinates":[[[-76.505,3.3249999999999997],[-76.5,3.3249999999999997],[-76.5,3.3299999999999996],[-76.505,3.3299999999999996],[-76.505,3.3249999999999997]]]},"properties":{"value":243.9863,"sigma":17.152}},{"type":"Feature","geometry":{"type":"Polygon","coordinates":[[[-76.49999999999999,3.3249999999999997],[-76.49499999999999,3.3249999999999997],[-76.49499999999999,3.3299999999999996],[-76.49999999999999,3.3299999999999996],[-76.49999999999999,3.3249999999999997]]]},"properties":{"value":245.3545,"sigma":16.9047}},{"type":"Feature","geometry":{"type":"Polygon","coordinates":[[[-76.49499999999999,3.3249999999999997],[-76.49,3.3249999999999997],[-76.49,3.3299999999999996],[-76.49499999999999,3.3299999999999996],[-76.49499999999999,3.3249999999999997]]]},"properties":{"value":245.6342,"sigma":15.921}},{"type":"Feature","geometry":{"type":"Polygon","coordinates":[[[-76.49,3.3249999999999997],[-76.485,3.3249999999999997],[-76.485,3.3299999999999996],[-76.49,3.3299999999999996],[-76.49,3.3249999999999997]]]},"properties":{"value":244.1155,"sigma":19.0159}},{"type":"Feature","geometry":{"type":"Polygon","coordinates":[[[-76.48499999999999,3.3249999999999997],[-76.47999999999999,3.3249999999999997],[-76.47999999999999,3.3299999999999996],[-76.48499999999999,3.3299999999999996],[-76.48499999999999,3.3249999999999997]]]},"properties":{"value":244.8492,"sigma":18.917}},{"type":"Feature","geometry":{"type":"Polygon","coordinates":[[[-76.47999999999999,3.3249999999999997],[-76.475,3.3249999999999997],[-76.475,3.3299999999999996],[-76.47999999999999,3.3299999999999996],[-76.47999999999999,3.3249999999999997]]]},"properties":{"value":245.247,"sigma":18.929}},{"type":"Feature","geometry":{"type":"Polygon","coordinates":[[[-76.475,3.3249999999999997],[-76.47,3.3249999999999997],[-76.47,3.3299999999999996],[-76.475,3.3299999999999996],[-76.475,3.3249999999999997]]]},"properties":{"value":245.04,"sigma":21.6804}},{"type":"Feature","geometry":{"type":"Polygon","coordinates":[[[-76.47,3.3249999999999997],[-76.465,3.3249999999999997],[-76.465,3.3299999999999996],[-76.47,3.3299999999999996],[-76.47,3.3249999999999997]]]},"properties":{"value":243.5895,"sigma":20.7748}},{"type":"Feature","geometry":{"type":"Polygon","coordinates":[[[-76.46499999999999,3.3249999999999997],[-76.46,3.3249999999999997],[-76.46,3.3299999999999996],[-76.46499999999999,3.3299999999999996],[-76.46499999999999,3.3249999999999997]]]},"properties":{"value":246.2086,"sigma":21.1425}},{"type":"Feature","geometry":{"type":"Polygon","coordinates":[[[-76.46,3.3249999999999997],[-76.455,3.3249999999999997],[-76.455,3.3299999999999996],[-76.46,3.3299999999999996],[-76.46,3.3249999999999997]]]},"properties":{"value":244.1358,"sigma":23.1622}},{"type":"Feature","geometry":{"type":"Polygon","coordinates":[[[-76.455,3.3249999999999997],[-76.45,3.3249999999999997],[-76.45,3.3299999999999996],[-76.455,3.3299999999999996],[-76.455,3.3249999999999997]]]},"properties":{"value":247.1304,"sigma":23.1847}},{"type":"Feature","geometry":{"type":"Polygon","coordinates":[[[-76.44999999999999,3.3249999999999997],[-76.445,3.3249999999999997],[-76.445,3.3299999999999996],[-76.44999999999999,3.3299999999999996],[-76.44999999999999,3.3249999999999997]]]},"properties":{"value":243.7647,"sigma":24.9133}},{"type":"Feature","geometry":{"type":"Polygon","coordinates":[[[-76.445,3.3249999999999997],[-76.44,3.3249999999999997],[-76.44,3.3299999999999996],[-76.445,3.3299999999999996],[-76.445,3.3249999999999997]]]},"properties":{"value":245.46,"sigma":27.0914}},{"type":"Feature","geometry":{"type":"Polygon","coordinates":[[[-76.44,3.3249999999999997],[-76.435,3.3249999999999997],[-76.435,3.3299999999999996],[-76.44,3.3299999999999996],[-76.44,3.3249999999999997]]]},"properties":{"value":244.619,"sigma":26.4049}},{"type":"Feature","geometry":{"type":"Polygon","coordinates":[[[-76.43499999999999,3.3249999999999997],[-76.42999999999999,3.3249999999999997],[-76.42999999999999,3.3299999999999996],[-76.43499999999999,3.3299999999999996],[-76.43499999999999,3.3249999999999997]]]},"properties":{"value":246.67,"sigma":28.2461}},{"type":"Feature","geometry":{"type":"Polygon","coordinates":[[[-76.42999999999999,3.3249999999999997],[-76.425,3.3249999999999997],[-76.425,3.3299999999999996],[-76.42999999999999,3.3299999999999996],[-76.42999999999999,3.3249999999999997]]]},"properties":{"value":245.0381,"sigma":28.9452}},{"type":"Feature","geometry":{"type":"Polygon","coordinates":[[[-76.425,3.3249999999999997],[-76.42,3.3249999999999997],[-76.42,3.3299999999999996],[-76.425,3.3299999999999996],[-76.425,3.3249999999999997]]]},"properties":{"value":245.1664,"sigma":28.684}},{"type":"Feature","geometry":{"type":"Polygon","coordinates":[[[-76.41999999999999,3.3249999999999997],[-76.41499999999999,3.3249999999999997],[-76.41499999999999,3.3299999999999996],[-76.41999999999999,3.3299999999999996],[-76.41999999999999,3.3249999999999997]]]},"properties":{"value":243.1485,"sigma":28.7547}},{"type":"Feature","geometry":{"type":"Polygon","coordinates":[[[-76.41499999999999,3.3249999999999997],[-76.41,3.3249999999999997],[-76.41,3.3299999999999996],[-76.41499999999999,3.3299999999999996],[-76.41499999999999,3.3249999999999997]]]},"properties":{"value":244.2791,"sigma":27.431}},{"type":"Feature","geometry":{"type":"Polygon","coordinates":[[[-76.41,3.3249999999999997],[-76.405,3.3249999999999997],[-76.405,3.3299999999999996],[-76.41,3.3299999999999996],[-76.41,3.3249999999999997]]]},"properties":{"value":245.6833,"sigma":30.7382}},{"type":"Feature","geometry":{"type":"Polygon","coordinates":[[[-76.40499999999999,3.3249999999999997],[-76.39999999999999,3.3249999999999997],[-76.39999999999999,3.3299999999999996],[-76.40499999999999,3.3299999999999996],[-76.40499999999999,3.3249999999999997]]]},"properties":{"value":244.9806,"sigma":29.5718}},{"type":"Feature","geometry":{"type":"Polygon","coordinates":[[[-76.6,3.33],[-76.595,3.33],[-76.595,3.335],[-76.6,3.335],[-76.6,3.33]]]},"properties":{"value":246.6913,"sigma":20.0268}},{"type":"Feature","geometry":{"type":"Polygon","coordinates":[[[-76.595,3.33],[-76.59,3.33],[-76.59,3.335],[-76.595,3.335],[-76.595,3.33]]]},"properties":{"value":249.217,"sigma":21.0216}},{"type":"Feature","geometry":{"type":"Polygon","coordinates":[[[-76.58999999999999,3.33],[-76.585,3.33],[-76.585,3.335],[-76.58999999999999,3.335],[-76.58999999999999,3.33]]]},"properties":{"value":251.202,"sigma":20.3275}},{"type":"Feature","geometry":{"type":"Polygon","coordinates":[[[-76.585,3.33],[-76.58,3.33],[-76.58,3.335],[-76.585,3.335],[-76.585,3.33]]]},"properties":{"value":252.852,"sigma":20.5071}},{"type":"Feature","geometry":{"type":"Polygon","coordinates":[[[-76.58,3.33],[-76.575,3.33],[-76.575,3.335],[-76.58,3.335],[-76.58,3.33]]]},"properties":{"value":255.8304,"sigma":20.1897}},{"type":"Feature","geometry":{"type":"Polygon","coordinates":[[[-76.57499999999999,3.33],[-76.57,3.33],[-76.57,3.335],[-76.57499999999999,3.335],[-76.57499999999999,3.33]]]},"properties":{"value":256.6546,"sigma":18.0627}},{"type":"Feature","geometry":{"type":"Polygon","coordinates":[[[-76.57,3.33],[-76.565,3.33],[-76.565,3.335],[-76.57,3.335],[-76.57,3.33]]]},"properties":{"value":259.4255,"sigma":16.6345}},{"type":"Feature","geometry":{"type":"Polygon","coordinates":[[[-76.565,3.33],[-76.56,3.33],[-76.56,3.335],[-76.565,3.335],[-76.565,3.33]]]},"properties":{"value":259.1809,"sigma":16.6019}},{"type":"Feature","geometry":{"type":"Polygon","coordinates":[[[-76.55999999999999,3.33],[-76.55499999999999,3.33],[-76.55499999999999,3.335],[-76.55999999999999,3.335],[-76.55999999999999,3.33]]]},"properties":{"value":261.5306,"sigma":15.8498}},{"type":"Feature","geometry":{"type":"Polygon","coordinates":[[[-76.55499999999999,3.33],[-76.55,3.33],[-76.55,3.335],[-76.55499999999999,3.335],[-76.55499999999999,3.33]]]},"properties":{"value":261.4004,"sigma":15.7389}},{"type":"Feature","geometry":{"type":"Polygon","coordinates":[[[-76.55,3.33],[-76.545,3.33],[-76.545,3.335],[-76.55,3.335],[-76.55,3.33]]]},"properties":{"value":257.0351,"sigma":17.1976}},{"type":"Feature","geometry":{"type":"Polygon","coordinates":[[[-76.54499999999999,3.33],[-76.53999999999999,3.33],[-76.53999999999999,3.335],[-76.54499999999999,3.335],[-76.54499999999999,3.33]]]},"properties":{"value":261.0506,"sigma":15.1508}},{"type":"Feature","geometry":{"type":"Polygon","coordinates":[[[-76.53999999999999,3.33],[-76.535,3.33],[-76.535,3.335],[-76.53999999999999,3.335],[-76.53999999999999,3.33]]]},"properties":{"value":253.9715,"sigma":15.353}},{"type":"Feature","geometry":{"type":"Polygon","coordinates":[[[-76.535,3.33],[-76.53,3.33],[-76.53,3.335],[-76.535,3.335],[-76.535,3.33]]]},"properties":{"value":251.8812,"sigma":13.4303}},{"type":"Feature","geometry":{"type":"Polygon","coordinates":[[[-76.52999999999999,3.33],[-76.52499999999999,3.33],[-76.52499999999999,3.335],[-76.52999999999999,3.335],[-76.52999999999999,3.33]]]},"properties":{"value":251.1681,"sigma":12.8788}},{"type":"Feature","geometry":{"type":"Polygon","coordinates":[[[-76.52499999999999,3.33],[-76.52,3.33],[-76.52,3.335],[-76.52499999999999,3.335],[-76.52499999999999,3.33]]]},"properties":{"value":248.5375,"sigma":15.4526}},{"type":"Feature","geometry":{"type":"Polygon","coordinates":[[[-76.52,3.33],[-76.515,3.33],[-76.515,3.335],[-76.52,3.335],[-76.52,3.33]]]},"properties":{"value":244.9426,"sigma":14.8875}},{"type":"Feature","geometry":{"type":"Polygon","coordinates":[[[-76.51499999999999,3.33],[-76.50999999999999,3.33],[-76.50999999999999,3.335],[-76.51499999999999,3.335],[-76.51499999999999,3.33]]]},"properties":{"value":245.2053,"sigma":14.5423}},{"type":"Feature","geometry":{"type":"Polygon","coordinates":[[[-76.50999999999999,3.33],[-76.505,3.33],[-76.505,3.335],[-76.50999999999999,3.335],[-76.50999999999999,3.33]]]},"properties":{"value":244.5464,"sigma":15.7981}},{"type":"Feature","geometry":{"type":"Polygon","coordinates":[[[-76.505,3.33],[-76.5,3.33],[-76.5,3.335],[-76.505,3.335],[-76.505,3.33]]]},"properties":{"value":244.7361,"sigma":16.5533}},{"type":"Feature","geometry":{"type":"Polygon","coordinates":[[[-76.49999999999999,3.33],[-76.49499999999999,3.33],[-76.49499999999999,3.335],[-76.49999999999999,3.335],[-76.49999999999999,3.33]]]},"properties":{"value":244.3861,"sigma":19.3239}},{"type":"Feature","geometry":{"type":"Polygon","coordinates":[[[-76.49499999999999,3.33],[-76.49,3.33],[-76.49,3.335],[-76.49499999999999,3.335],[-76.49499999999999,3.33]]]},"properties":{"value":245.1549,"sigma":18.211}},{"type":"Feature","geometry":{"type":"Polygon","coordinates":[[[-76.49,3.33],[-76.485,3.33],[-76.485,3.335],[-76.49,3.335],[-76.49,3.33]]]},"properties":{"value":244.5173,"sigma":17.5049}},{"type":"Feature","geometry":{"type":"Polygon","coordinates":[[[-76.48499999999999,3.33],[-76.47999999999999,3.33],[-76.47999999999999,3.335],[-76.48499999999999,3.335],[-76.48499999999999,3.33]]]},"properties":{"value":244.8201,"sigma":18.7556}},{"type":"Feature","geometry":{"type":"Polygon","coordinates":[[[-76.47999999999999,3.33],[-76.475,3.33],[-76.475,3.335],[-76.47999999999999,3.335],[-76.47999999999999,3.33]]]},"properties":{"value":245.1078,"sigma":19.1242}},{"type":"Feature","geometry":{"type":"Polygon","coordinates":[[[-76.475,3.33],[-76.47,3.33],[-76.47,3.335],[-76.475,3.335],[-76.475,3.33]]]},"properties":{"value":245.6018,"sigma":20.7742}},{"type":"Feature","geometry":{"type":"Polygon","coordinates":[[[-76.47,3.33],[-76.465,3.33],[-76.465,3.335],[-76.47,3.335],[-76.47,3.33]]]},"properties":{"value":243.7957,"sigma":21.8538}},{"type":"Feature","geometry":{"type":"Polygon","coordinates":[[[-76.46499999999999,3.33],[-76.46,3.33],[-76.46,3.335],[-76.46499999999999,3.335],[-76.46499999999999,3.33]]]},"properties":{"value":246.4395,"sigma":22.0426}},{"type":"Feature","geometry":{"type":"Polygon","coordinates":[[[-76.46,3.33],[-76.455,3.33],[-76.455,3.335],[-76.46,3.335],[-76.46,3.33]]]},"properties":{"value":241.9401,"sigma":23.2929}},{"type":"Feature","geometry":{"type":"Polygon","coordinates":[[[-76.455,3.33],[-76.45,3.33],[-76.45,3.335],[-76.455,3.335],[-76.455,3.33]]]},"properties":{"value":245.3979,"sigma":22.6689}},{"type":"Feature","geometry":{"type":"Polygon","coordinates":[[[-76.44999999999999,3.33],[-76.445,3.33],[-76.445,3.335],[-76.44999999999999,3.335],[-76.44999999999999,3.33]]]},"properties":{"value":246.2252,"sigma":24.4896}},{"type":"Feature","geometry":{"type":"Polygon","coordinates":[[[-76.445,3.33],[-76.44,3.33],[-76.44,3.335],[-76.445,3.335],[-76.445,3.33]]]},"properties":{"value":245.4141,"sigma":26.4597}},{"type":"Feature","geometry":{"type":"Polygon","coordinates":[[[-76.44,3.33],[-76.435,3.33],[-76.435,3.335],[-76.44,3.335],[-76.44,3.33]]]},"properties":{"value":243.9695,"sigma":27.7185}},{"type":"Feature","geometry":{"type":"Polygon","coordinates":[[[-76.43499999999999,3.33],[-76.42999999999999,3.33],[-76.42999999999999,3.335],[-76.43499999999999,3.335],[-76.43499999999999,3.33]]]},"properties":{"value":243.2795,"sigma":27.6222}},{"type":"Feature","geometry":{"type":"Polygon","coordinates":[[[-76.42999999999999,3.33],[-76.425,3.33],[-76.425,3.335],[-76.42999999999999,3.335],[-76.42999999999999,3.33]]]},"properties":{"value":246.0513,"sigma":28.1186}},{"type":"Feature","geometry":{"type":"Polygon","coordinates":[[[-76.425,3.33],[-76.42,3.33],[-76.42,3.335],[-76.425,3.335],[-76.425,3.33]]]},"properties":{"value":242.4074,"sigma":27.6217}},{"type":"Feature","geometry":{"type":"Polygon","coordinates":[[[-76.41999999999999,3.33],[-76.41499999999999,3.33],[-76.41499999999999,3.335],[-76.41999999999999,3.335],[-76.41999999999999,3.33]]]},"properties":{"value":244.1805,"sigma":29.1216}},{"type":"Feature","geometry":{"type":"Polygon","coordinates":[[[-76.41499999999999,3.33],[-76.41,3.33],[-76.41,3.335],[-76.41499999999999,3.335],[-76.41499999999999,3.33]]]},"properties":{"value":243.5922,"sigma":27.7689}},{"type":"Feature","geometry":{"type":"Polygon","coordinates":[[[-76.41,3.33],[-76.405,3.33],[-76.405,3.335],[-76.41,3.335],[-76.41,3.33]]]},"properties":{"value":246.1876,"sigma":30.2688}},{"type":"Feature","geometry":{"type":"Polygon","coordinates":[[[-76.40499999999999,3.33],[-76.39999999999999,3.33],[-76.39999999999999,3.335],[-76.40499999999999,3.335],[-76.40499999999999,3.33]]]},"properties":{"value":243.4146,"sigma":30.567}},{"type":"Feature","geometry":{"type":"Polygon","coordinates":[[[-76.6,3.335],[-76.595,3.335],[-76.595,3.34],[-76.6,3.34],[-76.6,3.335]]]},"properties":{"value":248.8753,"sigma":22.0882}},{"type":"Feature","geometry":{"type":"Polygon","coordinates":[[[-76.595,3.335],[-76.59,3.335],[-76.59,3.34],[-76.595,3.34],[-76.595,3.335]]]},"properties":{"value":249.6407,"sigma":21.6152}},{"type":"Feature","geometry":{"type":"Polygon","coordinates":[[[-76.58999999999999,3.335],[-76.585,3.335],[-76.585,3.34],[-76.58999999999999,3.34],[-76.58999999999999,3.335]]]},"properties":{"value":248.4139,"sigma":20.6881}},{"type":"Feature","geometry":{"type":"Polygon","coordinates":[[[-76.585,3.335],[-76.58,3.335],[-76.58,3.34],[-76.585,3.34],[-76.585,3.335]]]},"properties":{"value":253.7744,"sigma":21.7708}},{"type":"Feature","geometry":{"type":"Polygon","coordinates":[[[-76.58,3.335],[-76.575,3.335],[-76.575,3.34],[-76.58,3.34],[-76.58,3.335]]]},"properties":{"value":255.3548,"sigma":20.3408}},{"type":"Feature","geometry":{"type":"Polygon","coordinates":[[[-76.57499999999999,3.335],[-76.57,3.335],[-76.57,3.34],[-76.57499999999999,3.34],[-76.57499999999999,3.335]]]},"properties":{"value":260.325,"sigma":19.6839}},{"type":"Feature","geometry":{"type":"Polygon","coordinates":[[[-76.57,3.335],[-76.565,3.335],[-76.565,3.34],[-76.57,3.34],[-76.57,3.335]]]},"properties":{"value":260.3382,"sigma":16.6147}},{"type":"Feature","geometry":{"type":"Polygon","coordinates":[[[-76.565,3.335],[-76.56,3.335],[-76.56,3.34],[-76.565,3.34],[-76.565,3.335]]]},"properties":{"value":262.1334,"sigma":18.2967}},{"type":"Feature","geometry":{"type":"Polygon","coordinates":[[[-76.55999999999999,3.335],[-76.55499999999999,3.335],[-76.55499999999999,3.34],[-76.55999999999999,3.34],[-76.55999999999999,3.335]]]},"properties":{"value":262.2612,"sigma":15.7704}},{"type":"Feature","geometry":{"type":"Polygon","coordinates":[[[-76.55499999999999,3.335],[-76.55,3.335],[-76.55,3.34],[-76.55499999999999,3.34],[-76.55499999999999,3.335]]]},"properties":{"value":259.6929,"sigma":15.4438}},{"type":"Feature","geometry":{"type":"Polygon","coordinates":[[[-76.55,3.335],[-76.545,3.335],[-76.545,3.34],[-76.55,3.34],[-76.55,3.335]]]},"properties":{"value":260.7844,"sigma":16.6478}},{"type":"Feature","geometry":{"type":"Polygon","coordinates":[[[-76.54499999999999,3.335],[-76.53999999999999,3.335],[-76.53999999999999,3.34],[-76.54499999999999,3.34],[-76.54499999999999,3.335]]]},"properties":{"value":258.0443,"sigma":14.3281}},{"type":"Feature","geometry":{"type":"Polygon","coordinates":[[[-76.53999999999999,3.335],[-76.535,3.335],[-76.535,3.34],[-76.53999999999999,3.34],[-76.53999999999999,3.335]]]},"properties":{"value":255.8559,"sigma":15.712}},{"type":"Feature","geometry":{"type":"Polygon","coordinates":[[[-76.535,3.335],[-76.53,3.335],[-76.53,3.34],[-76.535,3.34],[-76.535,3.335]]]},"properties":{"value":254.7546,"sigma":14.9471}},{"type":"Feature","geometry":{"type":"Polygon","coordinates":[[[-76.52999999999999,3.335],[-76.52499999999999,3.335],[-76.52499999999999,3.34],[-76.52999999999999,3.34],[-76.52999999999999,3.335]]]},"properties":{"value":251.3693,"sigma":15.7396}},{"type":"Feature","geometry":{"type":"Polygon","coordinates":[[[-76.52499999999999,3.335],[-76.52,3.335],[-76.52,3.34],[-76.52499999999999,3.34],[-76.52499999999999,3.335]]]},"properties":{"value":248.8947,"sigma":14.1914}},{"type":"Feature","geometry":{"type":"Polygon","coordinates":[[[-76.52,3.335],[-76.515,3.335],[-76.515,3.34],[-76.52,3.34],[-76.52,3.335]]]},"properties":{"value":248.4405,"sigma":16.0891}},{"type":"Feature","geometry":{"type":"Polygon","coordinates":[[[-76.51499999999999,3.335],[-76.50999999999999,3.335],[-76.50999999999999,3.34],[-76.51499999999999,3.34],[-76.51499999999999,3.335]]]},"properties":{"value":245.7161,"sigma":18.094}},{"type":"Feature","geometry":{"type":"Polygon","coordinates":[[[-76.50999999999999,3.335],[-76.505,3.335],[-76.505,3.34],[-76.50999999999999,3.34],[-76.50999999999999,3.335]]]},"properties":{"value":244.9901,"sigma":16.1707}},{"type":"Feature","geometry":{"type":"Polygon","coordinates":[[[-76.505,3.335],[-76.5,3.335],[-76.5,3.34],[-76.505,3.34],[-76.505,3.335]]]},"properties":{"value":243.5937,"sigma":17.5984}},{"type":"Feature","geometry":{"type":"Polygon","coordinates":[[[-76.49999999999999,3.335],[-76.49499999999999,3.335],[-76.49499999999999,3.34],[-76.49999999999999,3.34],[-76.49999999999999,3.335]]]},"properties":{"value":244.7781,"sigma":17.7338}},{"type":"Feature","geometry":{"type":"Polygon","coordinates":[[[-76.49499999999999,3.335],[-76.49,3.335],[-76.49,3.34],[-76.49499999999999,3.34],[-76.49499999999999,3.335]]]},"properties":{"value":245.0525,"sigma":17.6031}},{"type":"Feature","geometry":{"type":"Polygon","coordinates":[[[-76.49,3.335],[-76.485,3.335],[-76.485,3.34],[-76.49,3.34],[-76.49,3.335]]]},"properties":{"value":244.0792,"sigma":19.0697}},{"type":"Feature","geometry":{"type":"Polygon","coordinates":[[[-76.48499999999999,3.335],[-76.47999999999999,3.335],[-76.47999999999999,3.34],[-76.48499999999999,3.34],[-76.48499999999999,3.335]]]},"properties":{"value":243.6059,"sigma":20.9569}},{"type":"Feature","geometry":{"type":"Polygon","coordinates":[[[-76.47999999999999,3.335],[-76.475,3.335],[-76.475,3.34],[-76.47999999999999,3.34],[-76.47999999999999,3.335]]]},"properties":{"value":245.0334,"sigma":20.0254}},{"type":"Feature","geometry":{"type":"Polygon","coordinates":[[[-76.475,3.335],[-76.47,3.335],[-76.47,3.34],[-76.475,3.34],[-76.475,3.335]]]},"properties":{"value":242.9425,"sigma":21.7693}},{"type":"Feature","geometry":{"type":"Polygon","coordinates":[[[-76.47,3.335],[-76.465,3.335],[-76.465,3.34],[-76.47,3.34],[-76.47,3.335]]]},"properties":{"value":246.7938,"sigma":23.3133}},{"type":"Feature","geometry":{"type":"Polygon","coordinates":[[[-76.46499999999999,3.335],[-76.46,3.335],[-76.46,3.34],[-76.46499999999999,3.34],[-76.46499999999999,3.335]]]},"properties":{"value":245.3158,"sigma":23.4187}},{"type":"Feature","geometry":{"type":"Polygon","coordinates":[[[-76.46,3.335],[-76.455,3.335],[-76.455,3.34],[-76.46,3.34],[-76.46,3.335]]]},"properties":{"value":244.41,"sigma":24.4083}},{"type":"Feature","geometry":{"type":"Polygon","coordinates":[[[-76.455,3.335],[-76.45,3.335],[-76.45,3.34],[-76.455,3.34],[-76.455,3.335]]]},"properties":{"value":245.4815,"sigma":23.6384}},{"type":"Feature","geometry":{"type":"Polygon","coordinates":[[[-76.44999999999999,3.335],[-76.445,3.335],[-76.445,3.34],[-76.44999999999999,3.34],[-76.44999999999999,3.335]]]},"properties":{"value":245.5027,"sigma":24.5135}},{"type":"Feature","geometry":{"type":"Polygon","coordinates":[[[-76.445,3.335],[-76.44,3.335],[-76.44,3.34],[-76.445,3.34],[-76.445,3.335]]]},"properties":{"value":244.9388,"sigma":26.6138}},{"type":"Feature","geometry":{"type":"Polygon","coordinates":[[[-76.44,3.335],[-76.435,3.335],[-76.435,3.34],[-76.44,3.34],[-76.44,3.335]]]},"properties":{"value":244.4339,"sigma":26.1825}},{"type":"Feature","geometry":{"type":"Polygon","coordinates":[[[-76.43499999999999,3.335],[-76.42999999999999,3.335],[-76.42999999999999,3.34],[-76.43499999999999,3.34],[-76.43499999999999,3.335]]]},"properties":{"value":245.2446,"sigma":25.2411}},{"type":"Feature","geometry":{"type":"Polygon","coordinates":[[[-76.42999999999999,3.335],[-76.425,3.335],[-76.425,3.34],[-76.42999999999999,3.34],[-76.42999999999999,3.335]]]},"properties":{"value":246.3021,"sigma":28.137}},{"type":"Feature","geometry":{"type":"Polygon","coordinates":[[[-76.425,3.335],[-76.42,3.335],[-76.42,3.34],[-76.425,3.34],[-76.425,3.335]]]},"properties":{"value":244.3835,"sigma":25.9767}},{"type":"Feature","geometry":{"type":"Polygon","coordinates":[[[-76.41999999999999,3.335],[-76.41499999999999,3.335],[-76.41499999999999,3.34],[-76.41999999999999,3.34],[-76.41999999999999,3.335]]]},"properties":{"value":244.5126,"sigma":27.1391}},{"type":"Feature","geometry":{"type":"Polygon","coordinates":[[[-76.41499999999999,3.335],[-76.41,3.335],[-76.41,3.34],[-76.41499999999999,3.34],[-76.41499999999999,3.335]]]},"properties":{"value":244.5098,"sigma":27.7782}},{"type":"Feature","geometry":{"type":"Polygon","coordinates":[[[-76.41,3.335],[-76.405,3.335],[-76.405,3.34],[-76.41,3.34],[-76.41,3.335]]]},"properties":{"value":243.4451,"sigma":26.5833}},{"type":"Feature","geometry":{"type":"Polygon","coordinates":[[[-76.40499999999999,3.335],[-76.39999999999999,3.335],[-76.39999999999999,3.34],[-76.40499999999999,3.34],[-76.40499999999999,3.335]]]},"properties":{"value":243.024,"sigma":28.7058}},{"type":"Feature","geometry":{"type":"Polygon","coordinates":[[[-76.6,3.34],[-76.595,3.34],[-76.595,3.3449999999999998],[-76.6,3.3449999999999998],[-76.6,3.34]]]},"properties":{"value":247.4376,"sigma":20.6309}},{"type":"Feature","geometry":{"type":"Polygon","coordinates":[[[-76.595,3.34],[-76.59,3.34],[-76.59,3.3449999999999998],[-76.595,3.3449999999999998],[-76.595,3.34]]]},"properties":{"value":251.3788,"sigma":21.4832}},{"type":"Feature","geometry":{"type":"Polygon","coordinates":[[[-76.58999999999999,3.34],[-76.585,3.34],[-76.585,3.3449999999999998],[-76.58999999999999,3.3449999999999998],[-76.58999999999999,3.34]]]},"properties":{"value":252.517,"sigma":19.9574}},{"type":"Feature","geometry":{"type":"Polygon","coordinates":[[[-76.585,3.34],[-76.58,3.34],[-76.58,3.3449999999999998],[-76.585,3.3449999999999998],[-76.585,3.34]]]},"properties":{"value":254.6098,"sigma":21.2164}},{"type":"Feature","geometry":{"type":"Polygon","coordinates":[[[-76.58,3.34],[-76.575,3.34],[-76.575,3.3449999999999998],[-76.58,3.3449999999999998],[-76.58,3.34]]]},"properties":{"value":257.2728,"sigma":19.9902}},{"type":"Feature","geometry":{"type":"Polygon","coordinates":[[[-76.57499999999999,3.34],[-76.57,3.34],[-76.57,3.3449999999999998],[-76.57499999999999,3.3449999999999998],[-76.57499999999999,3.34]]]},"properties":{"value":259.3837,"sigma":20.1756}},{"type":"Feature","geometry":{"type":"Polygon","coordinates":[[[-76.57,3.34],[-76.565,3.34],[-76.565,3.3449999999999998],[-76.57,3.3449999999999998],[-76.57,3.34]]]},"properties":{"value":257.0439,"sigma":18.7729}},{"type":"Feature","geometry":{"type":"Polygon","coordinates":[[[-76.565,3.34],[-76.56,3.34],[-76.56,3.3449999999999998],[-76.565,3.3449999999999998],[-76.565,3.34]]]},"properties":{"value":261.4244,"sigma":17.6236}},{"type":"Feature","geometry":{"type":"Polygon","coordinates":[[[-76.55999999999999,3.34],[-76.55499999999999,3.34],[-76.55499999999999,3.3449999999999998],[-76.55999999999999,3.3449999999999998],[-76.55999999999999,3.34]]]},"properties":{"value":262.2535,"sigma":17.0164}},{"type":"Feature","geometry":{"type":"Polygon","coordinates":[[[-76.55499999999999,3.34],[-76.55,3.34],[-76.55,3.3449999999999998],[-76.55499999999999,3.3449999999999998],[-76.55499999999999,3.34]]]},"properties":{"value":258.8829,"sigma":16.6548}},{"type":"Feature","geometry":{"type":"Polygon","coordinates":[[[-76.55,3.34],[-76.545,3.34],[-76.545,3.3449999999999998],[-76.55,3.3449999999999998],[-76.55,3.34]]]},"properties":{"value":259.5647,"sigma":16.8098}},{"type":"Feature","geometry":{"type":"Polygon","coordinates":[[[-76.54499999999999,3.34],[-76.53999999999999,3.34],[-76.53999999999999,3.3449999999999998],[-76.54499999999999,3.3449999999999998],[-76.54499999999999,3.34]]]},"properties":{"value":259.8838,"sigma":16.5578}},{"type":"Feature","geometry":{"type":"Polygon","coordinates":[[[-76.53999999999999,3.34],[-76.535,3.34],[-76.535,3.3449999999999998],[-76.53999999999999,3.3449999999999998],[-76.53999999999999,3.34]]]},"properties":{"value":255.2269,"sigma":16.9814}},{"type":"Feature","geometry":{"type":"Polygon","coordinates":[[[-76.535,3.34],[-76.53,3.34],[-76.53,3.3449999999999998],[-76.535,3.3449999999999998],[-76.535,3.34]]]},"properties":{"value":253.7045,"sigma":15.2414}},{"type":"Feature","geometry":{"type":"Polygon","coordinates":[[[-76.52999999999999,3.34],[-76.52499999999999,3.34],[-76.52499999999999,3.3449999999999998],[-76.52999999999999,3.3449999999999998],[-76.52999999999999,3.34]]]},"properties":{"value":252.1154,"sigma":15.3766}},{"type":"Feature","geometry":{"type":"Polygon","coordinates":[[[-76.52499999999999,3.34],[-76.52,3.34],[-76.52,3.3449999999999998],[-76.52499999999999,3.3449999999999998],[-76.52499999999999,3.34]]]},"properties":{"value":248.9328,"sigma":14.8941}},{"type":"Feature","geometry":{"type":"Polygon","coordinates":[[[-76.52,3.34],[-76.515,3.34],[-76.515,3.3449999999999998],[-76.52,3.3449999999999998],[-76.52,3.34]]]},"properties":{"value":247.3443,"sigma":16.0296}},{"type":"Feature","geometry":{"type":"Polygon","coordinates":[[[-76.51499999999999,3.34],[-76.50999999999999,3.34],[-76.50999999999999,3.3449999999999998],[-76.51499999999999,3.3449999999999998],[-76.51499999999999,3.34]]]},"properties":{"value":247.4352,"sigma":18.0209}},{"type":"Feature","geometry":{"type":"Polygon","coordinates":[[[-76.50999999999999,3.34],[-76.505,3.34],[-76.505,3.3449999999999998],[-76.50999999999999,3.3449999999999998],[-76.50999999999999,3.34]]]},"properties":{"value":246.1569,"sigma":18.723}},{"type":"Feature","geometry":{"type":"Polygon","coordinates":[[[-76.505,3.34],[-76.5,3.34],[-76.5,3.3449999999999998],[-76.505,3.3449999999999998],[-76.505,3.34]]]},"properties":{"value":246.22,"sigma":19.0331}},{"type":"Feature","geometry":{"type":"Polygon","coordinates":[[[-76.49999999999999,3.34],[-76.49499999999999,3.34],[-76.49499999999999,3.3449999999999998],[-76.49999999999999,3.3449999999999998],[-76.49999999999999,3.34]]]},"properties":{"value":244.5092,"sigma":16.5153}},{"type":"Feature","geometry":{"type":"Polygon","coordinates":[[[-76.49499999999999,3.34],[-76.49,3.34],[-76.49,3.3449999999999998],[-76.49499999999999,3.3449999999999998],[-76.49499999999999,3.34]]]},"properties":{"value":245.1845,"sigma":19.0962}},{"type":"Feature","geometry":{"type":"Polygon","coordinates":[[[-76.49,3.34],[-76.485,3.34],[-76.485,3.3449999999999998],[-76.49,3.3449999999999998],[-76.49,3.34]]]},"properties":{"value":246.6473,"sigma":20.5348}},{"type":"Feature","geometry":{"type":"Polygon","coordinates":[[[-76.48499999999999,3.34],[-76.47999999999999,3.34],[-76.47999999999999,3.3449999999999998],[-76.48499999999999,3.3449999999999998],[-76.48499999999999,3.34]]]},"properties":{"value":243.9044,"sigma":20.0881}},{"type":"Feature","geometry":{"type":"Polygon","coordinates":[[[-76.47999999999999,3.34],[-76.475,3.34],[-76.475,3.3449999999999998],[-76.47999999999999,3.3449999999999998],[-76.47999999999999,3.34]]]},"properties":{"value":245.0974,"sigma":21.2806}},{"type":"Feature","geometry":{"type":"Polygon","coordinates":[[[-76.475,3.34],[-76.47,3.34],[-76.47,3.3449999999999998],[-76.475,3.3449999999999998],[-76.475,3.34]]]},"properties":{"value":246.4725,"sigma":20.8673}},{"type":"Feature","geometry":{"type":"Polygon","coordinates":[[[-76.47,3.34],[-76.465,3.34],[-76.465,3.3449999999999998],[-76.47,3.3449999999999998],[-76.47,3.34]]]},"properties":{"value":245.6991,"sigma":21.3638}},{"type":"Feature","geometry":{"type":"Polygon","coordinates":[[[-76.46499999999999,3.34],[-76.46,3.34],[-76.46,3.3449999999999998],[-76.46499999999999,3.3449999999999998],[-76.46499999999999,3.34]]]},"properties":{"value":246.747,"sigma":23.9505}},{"type":"Feature","geometry":{"type":"Polygon","coordinates":[[[-76.46,3.34],[-76.455,3.34],[-76.455,3.3449999999999998],[-76.46,3.3449999999999998],[-76.46,3.34]]]},"properties":{"value":244.5937,"sigma":23.8572}},{"type":"Feature","geometry":{"type":"Polygon","coordinates":[[[-76.455,3.34],[-76.45,3.34],[-76.45,3.3449999999999998],[-76.455,3.3449999999999998],[-76.455,3.34]]]},"properties":{"value":243.1322,"sigma":25.3655}},{"type":"Feature","geometry":{"type":"Polygon","coordinates":[[[-76.44999999999999,3.34],[-76.445,3.34],[-76.445,3.3449999999999998],[-76.44999999999999,3.3449999999999998],[-76.44999999999999,3.34]]]},"properties":{"value":245.371,"sigma":23.9852}},{"type":"Feature","geometry":{"type":"Polygon","coordinates":[[[-76.445,3.34],[-76.44,3.34],[-76.44,3.3449999999999998],[-76.445,3.3449999999999998],[-76.445,3.34]]]},"properties":{"value":246.1319,"sigma":25.2863}},{"type":"Feature","geometry":{"type":"Polygon","coordinates":[[[-76.44,3.34],[-76.435,3.34],[-76.435,3.3449999999999998],[-76.44,3.3449999999999998],[-76.44,3.34]]]},"properties":{"value":245.3095,"sigma":24.2624}},{"type":"Feature","geometry":{"type":"Polygon","coordinates":[[[-76.43499999999999,3.34],[-76.42999999999999,3.34],[-76.42999999999999,3.3449999999999998],[-76.43499999999999,3.3449999999999998],[-76.43499999999999,3.34]]]},"properties":{"value":244.0915,"sigma":25.2637}},{"type":"Feature","geometry":{"type":"Polygon","coordinates":[[[-76.42999999999999,3.34],[-76.425,3.34],[-76.425,3.3449999999999998],[-76.42999999999999,3.3449999999999998],[-76.42999999999999,3.34]]]},"properties":{"value":243.2084,"sigma":26.2878}},{"type":"Feature","geometry":{"type":"Polygon","coordinates":[[[-76.425,3.34],[-76.42,3.34],[-76.42,3.3449999999999998],[-76.425,3.3449999999999998],[-76.425,3.34]]]},"properties":{"value":245.4513,"sigma":26.0906}},{"type":"Feature","geometry":{"type":"Polygon","coordinates":[[[-76.41999999999999,3.34],[-76.41499999999999,3.34],[-76.41499999999999,3.3449999999999998],[-76.41999999999999,3.3449999999999998],[-76.41999999999999,3.34]]]},"properties":{"value":245.6774,"sigma":25.0615}},{"type":"Feature","geometry":{"type":"Polygon","coordinates":[[[-76.41499999999999,3.34],[-76.41,3.34],[-76.41,3.3449999999999998],[-76.41499999999999,3.3449999999999998],[-76.41499999999999,3.34]]]},"properties":{"value":244.6314,"sigma":28.3847}},{"type":"Feature","geometry":{"type":"Polygon","coordinates":[[[-76.41,3.34],[-76.405,3.34],[-76.405,3.3449999999999998],[-76.41,3.3449999999999998],[-76.41,3.34]]]},"properties":{"value":244.5466,"sigma":25.6375}},{"type":"Feature","geometry":{"type":"Polygon","coordinates":[[[-76.40499999999999,3.34],[-76.39999999999999,3.34],[-76.39999999999999,3.3449999999999998],[-76.40499999999999,3.3449999999999998],[-76.40499999999999,3.34]]]},"properties":{"value":245.5215,"sigma":27.8961}},{"type":"Feature","geometry":{"type":"Polygon","coordinates":[[[-76.6,3.3449999999999998],[-76.595,3.3449999999999998],[-76.595,3.3499999999999996],[-76.6,3.3499999999999996],[-76.6,3.3449999999999998]]]},"properties":{"value":247.4165,"sigma":22.6121}},{"type":"Feature","geometry":{"type":"Polygon","coordinates":[[[-76.595,3.3449999999999998],[-76.59,3.3449999999999998],[-76.59,3.3499999999999996],[-76.595,3.3499999999999996],[-76.595,3.3449999999999998]]]},"properties":{"value":250.1384,"sigma":21.5927}},{"type":"Feature","geometry":{"type":"Polygon","coordinates":[[[-76.58999999999999,3.3449999999999998],[-76.585,3.3449999999999998],[-76.585,3.3499999999999996],[-76.58999999999999,3.3499999999999996],[-76.58999999999999,3.3449999999999998]]]},"properties":{"value":252.4557,"sigma":19.5416}},{"type":"Feature","geometry":{"type":"Polygon","coordinates":[[[-76.585,3.3449999999999998],[-76.58,3.3449999999999998],[-76.58,3.3499999999999996],[-76.585,3.3499999999999996],[-76.585,3.3449999999999998]]]},"properties":{"value":253.3864,"sigma":20.7773}},{"type":"Feature","geometry":{"type":"Polygon","coordinates":[[[-76.58,3.3449999999999998],[-76.575,3.3449999999999998],[-76.575,3.3499999999999996],[-76.58,3.3499999999999996],[-76.58,3.3449999999999998]]]},"properties":{"value":254.8445,"sigma":18.4884}},{"type":"Feature","geometry":{"type":"Polygon","coordinates":[[[-76.57499999999999,3.3449999999999998],[-76.57,3.3449999999999998],[-76.57,3.3499999999999996],[-76.57499999999999,3.3499999999999996],[-76.57499999999999,3.3449999999999998]]]},"properties":{"value":258.4419,"sigma":17.958}},{"type":"Feature","geometry":{"type":"Polygon","coordinates":[[[-76.57,3.3449999999999998],[-76.565,3.3449999999999998],[-76.565,3.3499999999999996],[-76.57,3.3499999999999996],[-76.57,3.3449999999999998]]]},"properties":{"value":258.4311,"sigma":16.6387}},{"type":"Feature","geometry":{"type":"Polygon","coordinates":[[[-76.565,3.3449999999999998],[-76.56,3.3449999999999998],[-76.56,3.3499999999999996],[-76.565,3.3499999999999996],[-76.565,3.3449999999999998]]]},"properties":{"value":260.8312,"sigma":15.9973}},{"type":"Feature","geometry":{"type":"Polygon","coordinates":[[[-76.55999999999999,3.3449999999999998],[-76.55499999999999,3.3449999999999998],[-76.55499999999999,3.3499999999999996],[-76.55999999999999,3.3499999999999996],[-76.55999999999999,3.3449999999999998]]]},"properties":{"value":260.0616,"sigma":17.2239}},{"type":"Feature","geometry":{"type":"Polygon","coordinates":[[[-76.55499999999999,3.3449999999999998],[-76.55,3.3449999999999998],[-76.55,3.3499999999999996],[-76.55499999999999,3.3499999999999996],[-76.55499999999999,3.3449999999999998]]]},"properties":{"value":258.6245,"sigma":16.059}},{"type":"Feature","geometry":{"type":"Polygon","coordinates":[[[-76.55,3.3449999999999998],[-76.545,3.3449999999999998],[-76.545,3.3499999999999996],[-76.55,3.3499999999999996],[-76.55,3.3449999999999998]]]},"properties":{"value":260.4377,"sigma":14.8171}},{"type":"Feature","geometry":{"type":"Polygon","coordinates":[[[-76.54499999999999,3.3449999999999998],[-76.53999999999999,3.3449999999999998],[-76.53999999999999,3.3499999999999996],[-76.54499999999999,3.3499999999999996],[-76.54499999999999,3.3449999999999998]]]},"properties":{"value":258.2756,"sigma":16.1321}},{"type":"Feature","geometry":{"type":"Polygon","coordinates":[[[-76.53999999999999,3.3449999999999998],[-76.535,3.3449999999999998],[-76.535,3.3499999999999996],[-76.53999999999999,3.3499999999999996],[-76.53999999999999,3.3449999999999998]]]},"properties":{"value":255.6216,"sigma":15.0882}},{"type":"Feature","geometry":{"type":"Polygon","coordinates":[[[-76.535,3.3449999999999998],[-76.53,3.3449999999999998],[-76.53,3.3499999999999996],[-76.535,3.3499999999999996],[-76.535,3.3449999999999998]]]},"properties":{"value":251.7835,"sigma":14.9191}},{"type":"Feature","geometry":{"type":"Polygon","coordinates":[[[-76.52999999999999,3.3449999999999998],[-76.52499999999999,3.3449999999999998],[-76.52499999999999,3.3499999999999996],[-76.52999999999999,3.3499999999999996],[-76.52999999999999,3.3449999999999998]]]},"properties":{"value":253.5821,"sigma":14.8833}},{"type":"Feature","geometry":{"type":"Polygon","coordinates":[[[-76.52499999999999,3.3449999999999998],[-76.52,3.3449999999999998],[-76.52,3.3499999999999996],[-76.52499999999999,3.3499999999999996],[-76.52499999999999,3.3449999999999998]]]},"properties":{"value":249.3537,"sigma":14.5824}},{"type":"Feature","geometry":{"type":"Polygon","coordinates":[[[-76.52,3.3449999999999998],[-76.515,3.3449999999999998],[-76.515,3.3499999999999996],[-76.52,3.3499999999999996],[-76.52,3.3449999999999998]]]},"properties":{"value":247.0518,"sigma":15.7371}},{"type":"Feature","geometry":{"type":"Polygon","coordinates":[[[-76.51499999999999,3.3449999999999998],[-76.50999999999999,3.3449999999999998],[-76.50999999999999,3.3499999999999996],[-76.51499999999999,3.3499999999999996],[-76.51499999999999,3.3449999999999998]]]},"properties":{"value":247.194,"sigma":17.8639}},{"type":"Feature","geometry":{"type":"Polygon","coordinates":[[[-76.50999999999999,3.3449999999999998],[-76.505,3.3449999999999998],[-76.505,3.3499999999999996],[-76.50999999999999,3.3499999999999996],[-76.50999999999999,3.3449999999999998]]]},"properties":{"value":246.1633,"sigma":15.3066}},{"type":"Feature","geometry":{"type":"Polygon","coordinates":[[[-76.505,3.3449999999999998],[-76.5,3.3449999999999998],[-76.5,3.3499999999999996],[-76.505,3.3499999999999996],[-76.505,3.3449999999999998]]]},"properties":{"value":246.1271,"sigma":16.2688}},{"type":"Feature","geometry":{"type":"Polygon","coordinates":[[[-76.49999999999999,3.3449999999999998],[-76.49499999999999,3.3449999999999998],[-76.49499999999999,3.3499999999999996],[-76.49999999999999,3.3499999999999996],[-76.49999999999999,3.3449999999999998]]]},"properties":{"value":244.7086,"sigma":17.5802}},{"type":"Feature","geometry":{"type":"Polygon","coordinates":[[[-76.49499999999999,3.3449999999999998],[-76.49,3.3449999999999998],[-76.49,3.3499999999999996],[-76.49499999999999,3.3499999999999996],[-76.49499999999999,3.3449999999999998]]]},"properties":{"value":245.4293,"sigma":19.4632}},{"type":"Feature","geometry":{"type":"Polygon","coordinates":[[[-76.49,3.3449999999999998],[-76.485,3.3449999999999998],[-76.485,3.3499999999999996],[-76.49,3.3499999999999996],[-76.49,3.3449999999999998]]]},"properties":{"value":247.0626,"sigma":18.8282}},{"type":"Feature","geometry":{"type":"Polygon","coordinates":[[[-76.48499999999999,3.3449999999999998],[-76.47999999999999,3.3449999999999998],[-76.47999999999999,3.3499999999999996],[-76.48499999999999,3.3499999999999996],[-76.48499999999999,3.3449999999999998]]]},"properties":{"value":247.0343,"sigma":20.2654}},{"type":"Feature","geometry":{"type":"Polygon","coordinates":[[[-76.47999999999999,3.3449999999999998],[-76.475,3.3449999999999998],[-76.475,3.3499999999999996],[-76.47999999999999,3.3499999999999996],[-76.47999999999999,3.3449999999999998]]]},"properties":{"value":246.9131,"sigma":21.0538}},{"type":"Feature","geometry":{"type":"Polygon","coordinates":[[[-76.475,3.3449999999999998],[-76.47,3.3449999999999998],[-76.47,3.3499999999999996],[-76.475,3.3499999999999996],[-76.475,3.3449999999999998]]]},"properties":{"value":243.8561,"sigma":20.4207}},{"type":"Feature","geometry":{"type":"Polygon","coordinates":[[[-76.47,3.3449999999999998],[-76.465,3.3449999999999998],[-76.465,3.3499999999999996],[-76.47,3.3499999999999996],[-76.47,3.3449999999999998]]]},"properties":{"value":244.3348,"sigma":20.5393}},{"type":"Feature","geometry":{"type":"Polygon","coordinates":[[[-76.46499999999999,3.3449999999999998],[-76.46,3.3449999999999998],[-76.46,3.3499999999999996],[-76.46499999999999,3.3499999999999996],[-76.46499999999999,3.3449999999999998]]]},"properties":{"value":245.7445,"sigma":23.6234}},{"type":"Feature","geometry":{"type":"Polygon","coordinates":[[[-76.46,3.3449999999999998],[-76.455,3.3449999999999998],[-76.455,3.3499999999999996],[-76.46,3.3499999999999996],[-76.46,3.3449999999999998]]]},"properties":{"value":243.4856,"sigma":21.4741}},{"type":"Feature","geometry":{"type":"Polygon","coordinates":[[[-76.455,3.3449999999999998],[-76.45,3.3449999999999998],[-76.45,3.3499999999999996],[-76.455,3.3499999999999996],[-76.455,3.3449999999999998]]]},"properties":{"value":245.1853,"sigma":23.0338}},{"type":"Feature","geometry":{"type":"Polygon","coordinates":[[[-76.44999999999999,3.3449999999999998],[-76.445,3.3449999999999998],[-76.445,3.3499999999999996],[-76.44999999999999,3.3499999999999996],[-76.44999999999999,3.3449999999999998]]]},"properties":{"value":245.6629,"sigma":22.9907}},{"type":"Feature","geometry":{"type":"Polygon","coordinates":[[[-76.445,3.3449999999999998],[-76.44,3.3449999999999998],[-76.44,3.3499999999999996],[-76.445,3.3499999999999996],[-76.445,3.3449999999999998]]]},"properties":{"value":246.5935,"sigma":23.9759}},{"type":"Feature","geometry":{"type":"Polygon","coordinates":[[[-76.44,3.3449999999999998],[-76.435,3.3449999999999998],[-76.435,3.3499999999999996],[-76.44,3.3499999999999996],[-76.44,3.3449999999999998]]]},"properties":{"value":244.9829,"sigma":25.0077}},{"type":"Feature","geometry":{"type":"Polygon","coordinates":[[[-76.43499999999999,3.3449999999999998],[-76.42999999999999,3.3449999999999998],[-76.42999999999999,3.3499999999999996],[-76.43499999999999,3.3499999999999996],[-76.43499999999999,3.3449999999999998]]]},"properties":{"value":244.4992,"sigma":25.7049}},{"type":"Feature","geometry":{"type":"Polygon","coordinates":[[[-76.42999999999999,3.3449999999999998],[-76.425,3.3449999999999998],[-76.425,3.3499999999999996],[-76.42999999999999,3.3499999999999996],[-76.42999999999999,3.3449999999999998]]]},"properties":{"value":244.9983,"sigma":23.1514}},{"type":"Feature","geometry":{"type":"Polygon","coordinates":[[[-76.425,3.3449999999999998],[-76.42,3.3449999999999998],[-76.42,3.3499999999999996],[-76.425,3.3499999999999996],[-76.425,3.3449999999999998]]]},"properties":{"value":242.7616,"sigma":26.5433}},{"type":"Feature","geometry":{"type":"Polygon","coordinates":[[[-76.41999999999999,3.3449999999999998],[-76.41499999999999,3.3449999999999998],[-76.41499999999999,3.3499999999999996],[-76.41999999999999,3.3499999999999996],[-76.41999999999999,3.3449999999999998]]]},"properties":{"value":244.4638,"sigma":24.8081}},{"type":"Feature","geometry":{"type":"Polygon","coordinates":[[[-76.41499999999999,3.3449999999999998],[-76.41,3.3449999999999998],[-76.41,3.3499999999999996],[-76.41499999999999,3.3499999999999996],[-76.41499999999999,3.3449999999999998]]]},"properties":{"value":245.1781,"sigma":26.2723}},{"type":"Feature","geometry":{"type":"Polygon","coordinates":[[[-76.41,3.3449999999999998],[-76.405,3.3449999999999998],[-76.405,3.3499999999999996],[-76.41,3.3499999999999996],[-76.41,3.3449999999999998]]]},"properties":{"value":245.1915,"sigma":26.2363}},{"type":"Feature","geometry":{"type":"Polygon","coordinates":[[[-76.40499999999999,3.3449999999999998],[-76.39999999999999,3.3449999999999998],[-76.39999999999999,3.3499999999999996],[-76.40499999999999,3.3499999999999996],[-76.40499999999999,3.3449999999999998]]]},"properties":{"value":245.5445,"sigma":27.6669}},{"type":"Feature","geometry":{"type":"Polygon","coordinates":[[[-76.6,3.35],[-76.595,3.35],[-76.595,3.355],[-76.6,3.355],[-76.6,3.35]]]},"properties":{"value":248.219,"sigma":21.369}},{"type":"Feature","geometry":{"type":"Polygon","coordinates":[[[-76.595,3.35],[-76.59,3.35],[-76.59,3.355],[-76.595,3.355],[-76.595,3.35]]]},"properties":{"value":247.1631,"sigma":20.6638}},{"type":"Feature","geometry":{"type":"Polygon","coordinates":[[[-76.58999999999999,3.35],[-76.585,3.35],[-76.585,3.355],[-76.58999999999999,3.355],[-76.58999999999999,3.35]]]},"properties":{"value":250.3311,"sigma":18.4872}},{"type":"Feature","geometry":{"type":"Polygon","coordinates":[[[-76.585,3.35],[-76.58,3.35],[-76.58,3.355],[-76.585,3.355],[-76.585,3.35]]]},"properties":{"value":251.9942,"sigma":19.3505}},{"type":"Feature","geometry":{"type":"Polygon","coordinates":[[[-76.58,3.35],[-76.575,3.35],[-76.575,3.355],[-76.58,3.355],[-76.58,3.35]]]},"properties":{"value":251.4179,"sigma":18.2454}},{"type":"Feature","geometry":{"type":"Polygon","coordinates":[[[-76.57499999999999,3.35],[-76.57,3.35],[-76.57,3.355],[-76.57499999999999,3.355],[-76.57499999999999,3.35]]]},"properties":{"value":255.0389,"sigma":17.1711}},{"type":"Feature","geometry":{"type":"Polygon","coordinates":[[[-76.57,3.35],[-76.565,3.35],[-76.565,3.355],[-76.57,3.355],[-76.57,3.35]]]},"properties":{"value":256.2189,"sigma":17.9901}},{"type":"Feature","geometry":{"type":"Polygon","coordinates":[[[-76.565,3.35],[-76.56,3.35],[-76.56,3.355],[-76.565,3.355],[-76.565,3.35]]]},"properties":{"value":258.5959,"sigma":16.4225}},{"type":"Feature","geometry":{"type":"Polygon","coordinates":[[[-76.55999999999999,3.35],[-76.55499999999999,3.35],[-76.55499999999999,3.355],[-76.55999999999999,3.355],[-76.55999999999999,3.35]]]},"properties":{"value":259.9256,"sigma":16.2673}},{"type":"Feature","geometry":{"type":"Polygon","coordinates":[[[-76.55499999999999,3.35],[-76.55,3.35],[-76.55,3.355],[-76.55499999999999,3.355],[-76.55499999999999,3.35]]]},"properties":{"value":257.5107,"sigma":14.5892}},{"type":"Feature","geometry":{"type":"Polygon","coordinates":[[[-76.55,3.35],[-76.545,3.35],[-76.545,3.355],[-76.55,3.355],[-76.55,3.35]]]},"properties":{"value":258.3172,"sigma":15.3925}},{"type":"Feature","geometry":{"type":"Polygon","coordinates":[[[-76.54499999999999,3.35],[-76.53999999999999,3.35],[-76.53999999999999,3.355],[-76.54499999999999,3.355],[-76.54499999999999,3.35]]]},"properties":{"value":253.1351,"sigma":14.5449}},{"type":"Feature","geometry":{"type":"Polygon","coordinates":[[[-76.53999999999999,3.35],[-76.535,3.35],[-76.535,3.355],[-76.53999999999999,3.355],[-76.53999999999999,3.35]]]},"properties":{"value":253.349,"sigma":15.1467}},{"type":"Feature","geometry":{"type":"Polygon","coordinates":[[[-76.535,3.35],[-76.53,3.35],[-76.53,3.355],[-76.535,3.355],[-76.535,3.35]]]},"properties":{"value":253.1366,"sigma":14.6149}},{"type":"Feature","geometry":{"type":"Polygon","coordinates":[[[-76.52999999999999,3.35],[-76.52499999999999,3.35],[-76.52499999999999,3.355],[-76.52999999999999,3.355],[-76.52999999999999,3.35]]]},"properties":{"value":253.362,"sigma":16.3609}},{"type":"Feature","geometry":{"type":"Polygon","coordinates":[[[-76.52499999999999,3.35],[-76.52,3.35],[-76.52,3.355],[-76.52499999999999,3.355],[-76.52499999999999,3.35]]]},"properties":{"value":248.6271,"sigma":15.0266}},{"type":"Feature","geometry":{"type":"Polygon","coordinates":[[[-76.52,3.35],[-76.515,3.35],[-76.515,3.355],[-76.52,3.355],[-76.52,3.35]]]},"properties":{"value":247.7205,"sigma":14.4487}},{"type":"Feature","geometry":{"type":"Polygon","coordinates":[[[-76.51499999999999,3.35],[-76.50999999999999,3.35],[-76.50999999999999,3.355],[-76.51499999999999,3.355],[-76.51499999999999,3.35]]]},"properties":{"value":248.9871,"sigma":16.9767}},{"type":"Feature","geometry":{"type":"Polygon","coordinates":[[[-76.50999999999999,3.35],[-76.505,3.35],[-76.505,3.355],[-76.50999999999999,3.355],[-76.50999999999999,3.35]]]},"properties":{"value":245.3918,"sigma":15.0601}},{"type":"Feature","geometry":{"type":"Polygon","coordinates":[[[-76.505,3.35],[-76.5,3.35],[-76.5,3.355],[-76.505,3.355],[-76.505,3.35]]]},"properties":{"value":243.1667,"sigma":16.6423}},{"type":"Feature","geometry":{"type":"Polygon","coordinates":[[[-76.49999999999999,3.35],[-76.49499999999999,3.35],[-76.49499999999999,3.355],[-76.49999999999999,3.355],[-76.49999999999999,3.35]]]},"properties":{"value":245.3741,"sigma":16.4746}},{"type":"Feature","geometry":{"type":"Polygon","coordinates":[[[-76.49499999999999,3.35],[-76.49,3.35],[-76.49,3.355],[-76.49499999999999,3.355],[-76.49499999999999,3.35]]]},"properties":{"value":244.1222,"sigma":19.216}},{"type":"Feature","geometry":{"type":"Polygon","coordinates":[[[-76.49,3.35],[-76.485,3.35],[-76.485,3.355],[-76.49,3.355],[-76.49,3.35]]]},"properties":{"value":246.2189,"sigma":20.5173}},{"type":"Feature","geometry":{"type":"Polygon","coordinates":[[[-76.48499999999999,3.35],[-76.47999999999999,3.35],[-76.47999999999999,3.355],[-76.48499999999999,3.355],[-76.48499999999999,3.35]]]},"properties":{"value":243.9675,"sigma":20.0576}},{"type":"Feature","geometry":{"type":"Polygon","coordinates":[[[-76.47999999999999,3.35],[-76.475,3.35],[-76.475,3.355],[-76.47999999999999,3.355],[-76.47999999999999,3.35]]]},"properties":{"value":246.6485,"sigma":20.5538}},{"type":"Feature","geometry":{"type":"Polygon","coordinates":[[[-76.475,3.35],[-76.47,3.35],[-76.47,3.355],[-76.475,3.355],[-76.475,3.35]]]},"properties":{"value":244.9198,"sigma":21.3925}},{"type":"Feature","geometry":{"type":"Polygon","coordinates":[[[-76.47,3.35],[-76.465,3.35],[-76.465,3.355],[-76.47,3.355],[-76.47,3.35]]]},"properties":{"value":246.8744,"sigma":23.4635}},{"type":"Feature","geometry":{"type":"Polygon","coordinates":[[[-76.46499999999999,3.35],[-76.46,3.35],[-76.46,3.355],[-76.46499999999999,3.355],[-76.46499999999999,3.35]]]},"properties":{"value":244.4253,"sigma":22.8659}},{"type":"Feature","geometry":{"type":"Polygon","coordinates":[[[-76.46,3.35],[-76.455,3.35],[-76.455,3.355],[-76.46,3.355],[-76.46,3.35]]]},"properties":{"value":246.4248,"sigma":24.0431}},{"type":"Feature","geometry":{"type":"Polygon","coordinates":[[[-76.455,3.35],[-76.45,3.35],[-76.45,3.355],[-76.455,3.355],[-76.455,3.35]]]},"properties":{"value":245.3336,"sigma":22.3703}},{"type":"Feature","geometry":{"type":"Polygon","coordinates":[[[-76.44999999999999,3.35],[-76.445,3.35],[-76.445,3.355],[-76.44999999999999,3.355],[-76.44999999999999,3.35]]]},"properties":{"value":245.5421,"sigma":21.8231}},{"type":"Feature","geometry":{"type":"Polygon","coordinates":[[[-76.445,3.35],[-76.44,3.35],[-76.44,3.355],[-76.445,3.355],[-76.445,3.35]]]},"properties":{"value":242.8487,"sigma":23.2584}},{"type":"Feature","geometry":{"type":"Polygon","coordinates":[[[-76.44,3.35],[-76.435,3.35],[-76.435,3.355],[-76.44,3.355],[-76.44,3.35]]]},"properties":{"value":242.5597,"sigma":23.8625}},{"type":"Feature","geometry":{"type":"Polygon","coordinates":[[[-76.43499999999999,3.35],[-76.42999999999999,3.35],[-76.42999999999999,3.355],[-76.43499999999999,3.355],[-76.43499999999999,3.35]]]},"properties":{"value":244.6579,"sigma":21.9064}},{"type":"Feature","geometry":{"type":"Polygon","coordinates":[[[-76.42999999999999,3.35],[-76.425,3.35],[-76.425,3.355],[-76.42999999999999,3.355],[-76.42999999999999,3.35]]]},"properties":{"value":245.4,"sigma":24.4898}},{"type":"Feature","geometry":{"type":"Polygon","coordinates":[[[-76.425,3.35],[-76.42,3.35],[-76.42,3.355],[-76.425,3.355],[-76.425,3.35]]]},"properties":{"value":243.8593,"sigma":24.2415}},{"type":"Feature","geometry":{"type":"Polygon","coordinates":[[[-76.41999999999999,3.35],[-76.41499999999999,3.35],[-76.41499999999999,3.355],[-76.41999999999999,3.355],[-76.41999999999999,3.35]]]},"properties":{"value":241.1482,"sigma":24.8756}},{"type":"Feature","geometry":{"type":"Polygon","coordinates":[[[-76.41499999999999,3.35],[-76.41,3.35],[-76.41,3.355],[-76.41499999999999,3.355],[-76.41499999999999,3.35]]]},"properties":{"value":245.3571,"sigma":25.8729}},{"type":"Feature","geometry":{"type":"Polygon","coordinates":[[[-76.41,3.35],[-76.405,3.35],[-76.405,3.355],[-76.41,3.355],[-76.41,3.35]]]},"properties":{"value":245.1296,"sigma":24.741}},{"type":"Feature","geometry":{"type":"Polygon","coordinates":[[[-76.40499999999999,3.35],[-76.39999999999999,3.35],[-76.39999999999999,3.355],[-76.40499999999999,3.355],[-76.40499999999999,3.35]]]},"properties":{"value":245.2434,"sigma":26.1863}},{"type":"Feature","geometry":{"type":"Polygon","coordinates":[[[-76.6,3.355],[-76.595,3.355],[-76.595,3.36],[-76.6,3.36],[-76.6,3.355]]]},"properties":{"value":248.3245,"sigma":21.1901}},{"type":"Feature","geometry":{"type":"Polygon","coordinates":[[[-76.595,3.355],[-76.59,3.355],[-76.59,3.36],[-76.595,3.36],[-76.595,3.355]]]},"properties":{"value":250.7659,"sigma":21.1812}},{"type":"Feature","geometry":{"type":"Polygon","coordinates":[[[-76.58999999999999,3.355],[-76.585,3.355],[-76.585,3.36],[-76.58999999999999,3.36],[-76.58999999999999,3.355]]]},"properties":{"value":251.7101,"sigma":18.1833}},{"type":"Feature","geometry":{"type":"Polygon","coordinates":[[[-76.585,3.355],[-76.58,3.355],[-76.58,3.36],[-76.585,3.36],[-76.585,3.355]]]},"properties":{"value":251.442,"sigma":19.3658}},{"type":"Feature","geometry":{"type":"Polygon","coordinates":[[[-76.58,3.355],[-76.575,3.355],[-76.575,3.36],[-76.58,3.36],[-76.58,3.355]]]},"properties":{"value":252.9013,"sigma":19.5556}},{"type":"Feature","geometry":{"type":"Polygon","coordinates":[[[-76.57499999999999,3.355],[-76.57,3.355],[-76.57,3.36],[-76.57499999999999,3.36],[-76.57499999999999,3.355]]]},"properties":{"value":255.0156,"sigma":18.3709}},{"type":"Feature","geometry":{"type":"Polygon","coordinates":[[[-76.57,3.355],[-76.565,3.355],[-76.565,3.36],[-76.57,3.36],[-76.57,3.355]]]},"properties":{"value":257.1619,"sigma":16.7352}},{"type":"Feature","geometry":{"type":"Polygon","coordinates":[[[-76.565,3.355],[-76.56,3.355],[-76.56,3.36],[-76.565,3.36],[-76.565,3.355]]]},"properties":{"value":255.0506,"sigma":15.0606}},{"type":"Feature","geometry":{"type":"Polygon","coordinates":[[[-76.55999999999999,3.355],[-76.55499999999999,3.355],[-76.55499999999999,3.36],[-76.55999999999999,3.36],[-76.55999999999999,3.355]]]},"properties":{"value":255.6363,"sigma":14.9548}},{"type":"Feature","geometry":{"type":"Polygon","coordinates":[[[-76.55499999999999,3.355],[-76.55,3.355],[-76.55,3.36],[-76.55499999999999,3.36],[-76.55499999999999,3.355]]]},"properties":{"value":256.3178,"sigma":14.776}},{"type":"Feature","geometry":{"type":"Polygon","coordinates":[[[-76.55,3.355],[-76.545,3.355],[-76.545,3.36],[-76.55,3.36],[-76.55,3.355]]]},"properties":{"value":254.4565,"sigma":15.9169}},{"type":"Feature","geometry":{"type":"Polygon","coordinates":[[[-76.54499999999999,3.355],[-76.53999999999999,3.355],[-76.53999999999999,3.36],[-76.54499999999999,3.36],[-76.54499999999999,3.355]]]},"properties":{"value":255.1673,"sigma":12.6321}},{"type":"Feature","geometry":{"type":"Polygon","coordinates":[[[-76.53999999999999,3.355],[-76.535,3.355],[-76.535,3.36],[-76.53999999999999,3.36],[-76.53999999999999,3.355]]]},"properties":{"value":250.607,"sigma":13.7766}},{"type":"Feature","geometry":{"type":"Polygon","coordinates":[[[-76.535,3.355],[-76.53,3.355],[-76.53,3.36],[-76.535,3.36],[-76.535,3.355]]]},"properties":{"value":249.3139,"sigma":14.2257}},{"type":"Feature","geometry":{"type":"Polygon","coordinates":[[[-76.52999999999999,3.355],[-76.52499999999999,3.355],[-76.52499999999999,3.36],[-76.52999999999999,3.36],[-76.52999999999999,3.355]]]},"properties":{"value":250.1312,"sigma":14.9206}},{"type":"Feature","geometry":{"type":"Polygon","coordinates":[[[-76.52499999999999,3.355],[-76.52,3.355],[-76.52,3.36],[-76.52499999999999,3.36],[-76.52499999999999,3.355]]]},"properties":{"value":248.7219,"sigma":12.7896}},{"type":"Feature","geometry":{"type":"Polygon","coordinates":[[[-76.52,3.355],[-76.515,3.355],[-76.515,3.36],[-76.52,3.36],[-76.52,3.355]]]},"properties":{"value":247.6557,"sigma":13.7812}},{"type":"Feature","geometry":{"type":"Polygon","coordinates":[[[-76.51499999999999,3.355],[-76.50999999999999,3.355],[-76.50999999999999,3.36],[-76.51499999999999,3.36],[-76.51499999999999,3.355]]]},"properties":{"value":247.6569,"sigma":14.1963}},{"type":"Feature","geometry":{"type":"Polygon","coordinates":[[[-76.50999999999999,3.355],[-76.505,3.355],[-76.505,3.36],[-76.50999999999999,3.36],[-76.50999999999999,3.355]]]},"properties":{"value":245.7525,"sigma":15.4723}},{"type":"Feature","geometry":{"type":"Polygon","coordinates":[[[-76.505,3.355],[-76.5,3.355],[-76.5,3.36],[-76.505,3.36],[-76.505,3.355]]]},"properties":{"value":246.7455,"sigma":17.7398}},{"type":"Feature","geometry":{"type":"Polygon","coordinates":[[[-76.49999999999999,3.355],[-76.49499999999999,3.355],[-76.49499999999999,3.36],[-76.49999999999999,3.36],[-76.49999999999999,3.355]]]},"properties":{"value":245.8884,"sigma":18.0707}},{"type":"Feature","geometry":{"type":"Polygon","coordinates":[[[-76.49499999999999,3.355],[-76.49,3.355],[-76.49,3.36],[-76.49499999999999,3.36],[-76.49499999999999,3.355]]]},"properties":{"value":246.6826,"sigma":18.3239}},{"type":"Feature","geometry":{"type":"Polygon","coordinates":[[[-76.49,3.355],[-76.485,3.355],[-76.485,3.36],[-76.49,3.36],[-76.49,3.355]]]},"properties":{"value":243.5381,"sigma":18.0479}},{"type":"Feature","geometry":{"type":"Polygon","coordinates":[[[-76.48499999999999,3.355],[-76.47999999999999,3.355],[-76.47999999999999,3.36],[-76.48499999999999,3.36],[-76.48499999999999,3.355]]]},"properties":{"value":245.9105,"sigma":19.4509}},{"type":"Feature","geometry":{"type":"Polygon","coordinates":[[[-76.47999999999999,3.355],[-76.475,3.355],[-76.475,3.36],[-76.47999999999999,3.36],[-76.47999999999999,3.355]]]},"properties":{"value":245.8055,"sigma":19.9424}},{"type":"Feature","geometry":{"type":"Polygon","coordinates":[[[-76.475,3.355],[-76.47,3.355],[-76.47,3.36],[-76.475,3.36],[-76.475,3.355]]]},"properties":{"value":248.1578,"sigma":20.3758}},{"type":"Feature","geometry":{"type":"Polygon","coordinates":[[[-76.47,3.355],[-76.465,3.355],[-76.465,3.36],[-76.47,3.36],[-76.47,3.355]]]},"properties":{"value":244.3039,"sigma":20.7685}},{"type":"Feature","geometry":{"type":"Polygon","coordinates":[[[-76.46499999999999,3.355],[-76.46,3.355],[-76.46,3.36],[-76.46499999999999,3.36],[-76.46499999999999,3.355]]]},"properties":{"value":245.6024,"sigma":21.8353}},{"type":"Feature","geometry":{"type":"Polygon","coordinates":[[[-76.46,3.355],[-76.455,3.355],[-76.455,3.36],[-76.46,3.36],[-76.46,3.355]]]},"properties":{"value":245.1881,"sigma":20.6674}},{"type":"Feature","geometry":{"type":"Polygon","coordinates":[[[-76.455,3.355],[-76.45,3.355],[-76.45,3.36],[-76.455,3.36],[-76.455,3.355]]]},"properties":{"value":244.3236,"sigma":21.0911}},{"type":"Feature","geometry":{"type":"Polygon","coordinates":[[[-76.44999999999999,3.355],[-76.445,3.355],[-76.445,3.36],[-76.44999999999999,3.36],[-76.44999999999999,3.355]]]},"properties":{"value":245.9764,"sigma":21.938}},{"type":"Feature","geometry":{"type":"Polygon","coordinates":[[[-76.445,3.355],[-76.44,3.355],[-76.44,3.36],[-76.445,3.36],[-76.445,3.355]]]},"properties":{"value":246.4541,"sigma":21.6423}},{"type":"Feature","geometry":{"type":"Polygon","coordinates":[[[-76.44,3.355],[-76.435,3.355],[-76.435,3.36],[-76.44,3.36],[-76.44,3.355]]]},"properties":{"value":245.6784,"sigma":23.4987}},{"type":"Feature","geometry":{"type":"Polygon","coordinates":[[[-76.43499999999999,3.355],[-76.42999999999999,3.355],[-76.42999999999999,3.36],[-76.43499999999999,3.36],[-76.43499999999999,3.355]]]},"properties":{"value":244.1152,"sigma":23.6956}},{"type":"Feature","geometry":{"type":"Polygon","coordinates":[[[-76.42999999999999,3.355],[-76.425,3.355],[-76.425,3.36],[-76.42999999999999,3.36],[-76.42999999999999,3.355]]]},"properties":{"value":244.6931,"sigma":23.6829}},{"type":"Feature","geometry":{"type":"Polygon","coordinates":[[[-76.425,3.355],[-76.42,3.355],[-76.42,3.36],[-76.425,3.36],[-76.425,3.355]]]},"properties":{"value":246.5715,"sigma":23.7074}},{"type":"Feature","geometry":{"type":"Polygon","coordinates":[[[-76.41999999999999,3.355],[-76.41499999999999,3.355],[-76.41499999999999,3.36],[-76.41999999999999,3.36],[-76.41999999999999,3.355]]]},"properties":{"value":243.9385,"sigma":24.2768}},{"type":"Feature","geometry":{"type":"Polygon","coordinates":[[[-76.41499999999999,3.355],[-76.41,3.355],[-76.41,3.36],[-76.41499999999999,3.36],[-76.41499999999999,3.355]]]},"properties":{"value":245.5014,"sigma":25.3881}},{"type":"Feature","geometry":{"type":"Polygon","coordinates":[[[-76.41,3.355],[-76.405,3.355],[-76.405,3.36],[-76.41,3.36],[-76.41,3.355]]]},"properties":{"value":246.3107,"sigma":25.7675}},{"type":"Feature","geometry":{"type":"Polygon","coordinates":[[[-76.40499999999999,3.355],[-76.39999999999999,3.355],[-76.39999999999999,3.36],[-76.40499999999999,3.36],[-76.40499999999999,3.355]]]},"properties":{"value":244.2536,"sigma":26.0697}},{"type":"Feature","geometry":{"type":"Polygon","coordinates":[[[-76.6,3.36],[-76.595,3.36],[-76.595,3.3649999999999998],[-76.6,3.3649999999999998],[-76.6,3.36]]]},"properties":{"value":246.8017,"sigma":20.2983}},{"type":"Feature","geometry":{"type":"Polygon","coordinates":[[[-76.595,3.36],[-76.59,3.36],[-76.59,3.3649999999999998],[-76.595,3.3649999999999998],[-76.595,3.36]]]},"properties":{"value":248.7478,"sigma":20.676}},{"type":"Feature","geometry":{"type":"Polygon","coordinates":[[[-76.58999999999999,3.36],[-76.585,3.36],[-76.585,3.3649999999999998],[-76.58999999999999,3.3649999999999998],[-76.58999999999999,3.36]]]},"properties":{"value":248.2048,"sigma":18.8287}},{"type":"Feature","geometry":{"type":"Polygon","coordinates":[[[-76.585,3.36],[-76.58,3.36],[-76.58,3.3649999999999998],[-76.585,3.3649999999999998],[-76.585,3.36]]]},"properties":{"value":248.5791,"sigma":18.9232}},{"type":"Feature","geometry":{"type":"Polygon","coordinates":[[[-76.58,3.36],[-76.575,3.36],[-76.575,3.3649999999999998],[-76.58,3.3649999999999998],[-76.58,3.36]]]},"properties":{"value":248.9483,"sigma":17.1856}},{"type":"Feature","geometry":{"type":"Polygon","coordinates":[[[-76.57499999999999,3.36],[-76.57,3.36],[-76.57,3.3649999999999998],[-76.57499999999999,3.3649999999999998],[-76.57499999999999,3.36]]]},"properties":{"value":251.6893,"sigma":18.8655}},{"type":"Feature","geometry":{"type":"Polygon","coordinates":[[[-76.57,3.36],[-76.565,3.36],[-76.565,3.3649999999999998],[-76.57,3.3649999999999998],[-76.57,3.36]]]},"properties":{"value":254.0683,"sigma":15.392}},{"type":"Feature","geometry":{"type":"Polygon","coordinates":[[[-76.565,3.36],[-76.56,3.36],[-76.56,3.3649999999999998],[-76.565,3.3649999999999998],[-76.565,3.36]]]},"properties":{"value":256.0272,"sigma":14.6856}},{"type":"Feature","geometry":{"type":"Polygon","coordinates":[[[-76.55999999999999,3.36],[-76.55499999999999,3.36],[-76.55499999999999,3.3649999999999998],[-76.55999999999999,3.3649999999999998],[-76.55999999999999,3.36]]]},"properties":{"value":256.2188,"sigma":15.0479}},{"type":"Feature","geometry":{"type":"Polygon","coordinates":[[[-76.55499999999999,3.36],[-76.55,3.36],[-76.55,3.3649999999999998],[-76.55499999999999,3.3649999999999998],[-76.55499999999999,3.36]]]},"properties":{"value":252.1481,"sigma":13.181}},{"type":"Feature","geometry":{"type":"Polygon","coordinates":[[[-76.55,3.36],[-76.545,3.36],[-76.545,3.3649999999999998],[-76.55,3.3649999999999998],[-76.55,3.36]]]},"properties":{"value":252.0175,"sigma":13.0513}},{"type":"Feature","geometry":{"type":"Polygon","coordinates":[[[-76.54499999999999,3.36],[-76.53999999999999,3.36],[-76.53999999999999,3.3649999999999998],[-76.54499999999999,3.3649999999999998],[-76.54499999999999,3.36]]]},"properties":{"value":252.0052,"sigma":14.3804}},{"type":"Feature","geometry":{"type":"Polygon","coordinates":[[[-76.53999999999999,3.36],[-76.535,3.36],[-76.535,3.3649999999999998],[-76.53999999999999,3.3649999999999998],[-76.53999999999999,3.36]]]},"properties":{"value":249.2787,"sigma":12.1144}},{"type":"Feature","geometry":{"type":"Polygon","coordinates":[[[-76.535,3.36],[-76.53,3.36],[-76.53,3.3649999999999998],[-76.535,3.3649999999999998],[-76.535,3.36]]]},"properties":{"value":252.0515,"sigma":12.2675}},{"type":"Feature","geometry":{"type":"Polygon","coordinates":[[[-76.52999999999999,3.36],[-76.52499999999999,3.36],[-76.52499999999999,3.3649999999999998],[-76.52999999999999,3.3649999999999998],[-76.52999999999999,3.36]]]},"properties":{"value":251.5124,"sigma":13.4887}},{"type":"Feature","geometry":{"type":"Polygon","coordinates":[[[-76.52499999999999,3.36],[-76.52,3.36],[-76.52,3.3649999999999998],[-76.52499999999999,3.3649999999999998],[-76.52499999999999,3.36]]]},"properties":{"value":250.3775,"sigma":12.3022}},{"type":"Feature","geometry":{"type":"Polygon","coordinates":[[[-76.52,3.36],[-76.515,3.36],[-76.515,3.3649999999999998],[-76.52,3.3649999999999998],[-76.52,3.36]]]},"properties":{"value":249.4058,"sigma":13.6663}},{"type":"Feature","geometry":{"type":"Polygon","coordinates":[[[-76.51499999999999,3.36],[-76.50999999999999,3.36],[-76.50999999999999,3.3649999999999998],[-76.51499999999999,3.3649999999999998],[-76.51499999999999,3.36]]]},"properties":{"value":246.6237,"sigma":13.8913}},{"type":"Feature","geometry":{"type":"Polygon","coordinates":[[[-76.50999999999999,3.36],[-76.505,3.36],[-76.505,3.3649999999999998],[-76.50999999999999,3.3649999999999998],[-76.50999999999999,3.36]]]},"properties":{"value":245.5248,"sigma":15.5503}},{"type":"Feature","geometry":{"type":"Polygon","coordinates":[[[-76.505,3.36],[-76.5,3.36],[-76.5,3.3649999999999998],[-76.505,3.3649999999999998],[-76.505,3.36]]]},"properties":{"value":243.4774,"sigma":15.7965}},{"type":"Feature","geometry":{"type":"Polygon","coordinates":[[[-76.49999999999999,3.36],[-76.49499999999999,3.36],[-76.49499999999999,3.3649999999999998],[-76.49999999999999,3.3649999999999998],[-76.49999999999999,3.36]]]},"properties":{"value":244.7102,"sigma":17.1049}},{"type":"Feature","geometry":{"type":"Polygon","coordinates":[[[-76.49499999999999,3.36],[-76.49,3.36],[-76.49,3.3649999999999998],[-76.49499999999999,3.3649999999999998],[-76.49499999999999,3.36]]]},"properties":{"value":244.4527,"sigma":18.8432}},{"type":"Feature","geometry":{"type":"Polygon","coordinates":[[[-76.49,3.36],[-76.485,3.36],[-76.485,3.3649999999999998],[-76.49,3.3649999999999998],[-76.49,3.36]]]},"properties":{"value":246.4938,"sigma":18.6684}},{"type":"Feature","geometry":{"type":"Polygon","coordinates":[[[-76.48499999999999,3.36],[-76.47999999999999,3.36],[-76.47999999999999,3.3649999999999998],[-76.48499999999999,3.3649999999999998],[-76.48499999999999,3.36]]]},"properties":{"value":247.3676,"sigma":20.6427}},{"type":"Feature","geometry":{"type":"Polygon","coordinates":[[[-76.47999999999999,3.36],[-76.475,3.36],[-76.475,3.3649999999999998],[-76.47999999999999,3.3649999999999998],[-76.47999999999999,3.36]]]},"properties":{"value":244.6811,"sigma":20.0824}},{"type":"Feature","geometry":{"type":"Polygon","coordinates":[[[-76.475,3.36],[-76.47,3.36],[-76.47,3.3649999999999998],[-76.475,3.3649999999999998],[-76.475,3.36]]]},"properties":{"value":244.1845,"sigma":22.1493}},{"type":"Feature","geometry":{"type":"Polygon","coordinates":[[[-76.47,3.36],[-76.465,3.36],[-76.465,3.3649999999999998],[-76.47,3.3649999999999998],[-76.47,3.36]]]},"properties":{"value":244.9711,"sigma":20.5397}},{"type":"Feature","geometry":{"type":"Polygon","coordinates":[[[-76.46499999999999,3.36],[-76.46,3.36],[-76.46,3.3649999999999998],[-76.46499999999999,3.3649999999999998],[-76.46499999999999,3.36]]]},"properties":{"value":244.7541,"sigma":20.3341}},{"type":"Feature","geometry":{"type":"Polygon","coordinates":[[[-76.46,3.36],[-76.455,3.36],[-76.455,3.3649999999999998],[-76.46,3.3649999999999998],[-76.46,3.36]]]},"properties":{"value":243.2943,"sigma":22.0901}},{"type":"Feature","geometry":{"type":"Polygon","coordinates":[[[-76.455,3.36],[-76.45,3.36],[-76.45,3.3649999999999998],[-76.455,3.3649999999999998],[-76.455,3.36]]]},"properties":{"value":248.2641,"sigma":21.622}},{"type":"Feature","geometry":{"type":"Polygon","coordinates":[[[-76.44999999999999,3.36],[-76.445,3.36],[-76.445,3.3649999999999998],[-76.44999999999999,3.3649999999999998],[-76.44999999999999,3.36]]]},"properties":{"value":244.6075,"sigma":20.9122}},{"type":"Feature","geometry":{"type":"Polygon","coordinates":[[[-76.445,3.36],[-76.44,3.36],[-76.44,3.3649999999999998],[-76.445,3.3649999999999998],[-76.445,3.36]]]},"properties":{"value":244.1852,"sigma":20.9729}},{"type":"Feature","geometry":{"type":"Polygon","coordinates":[[[-76.44,3.36],[-76.435,3.36],[-76.435,3.3649999999999998],[-76.44,3.3649999999999998],[-76.44,3.36]]]},"properties":{"value":242.9114,"sigma":23.3817}},{"type":"Feature","geometry":{"type":"Polygon","coordinates":[[[-76.43499999999999,3.36],[-76.42999999999999,3.36],[-76.42999999999999,3.3649999999999998],[-76.43499999999999,3.3649999999999998],[-76.43499999999999,3.36]]]},"properties":{"value":244.6571,"sigma":23.0295}},{"type":"Feature","geometry":{"type":"Polygon","coordinates":[[[-76.42999999999999,3.36],[-76.425,3.36],[-76.425,3.3649999999999998],[-76.42999999999999,3.3649999999999998],[-76.42999999999999,3.36]]]},"properties":{"value":244.1018,"sigma":21.8523}},{"type":"Feature","geometry":{"type":"Polygon","coordinates":[[[-76.425,3.36],[-76.42,3.36],[-76.42,3.3649999999999998],[-76.425,3.3649999999999998],[-76.425,3.36]]]},"properties":{"value":245.4141,"sigma":24.4588}},{"type":"Feature","geometry":{"type":"Polygon","coordinates":[[[-76.41999999999999,3.36],[-76.41499999999999,3.36],[-76.41499999999999,3.3649999999999998],[-76.41999999999999,3.3649999999999998],[-76.41999999999999,3.36]]]},"properties":{"value":244.7882,"sigma":23.3016}},{"type":"Feature","geometry":{"type":"Polygon","coordinates":[[[-76.41499999999999,3.36],[-76.41,3.36],[-76.41,3.3649999999999998],[-76.41499999999999,3.3649999999999998],[-76.41499999999999,3.36]]]},"properties":{"value":248.232,"sigma":24.2876}},{"type":"Feature","geometry":{"type":"Polygon","coordinates":[[[-76.41,3.36],[-76.405,3.36],[-76.405,3.3649999999999998],[-76.41,3.3649999999999998],[-76.41,3.36]]]},"properties":{"value":244.5808,"sigma":23.1953}},{"type":"Feature","geometry":{"type":"Polygon","coordinates":[[[-76.40499999999999,3.36],[-76.39999999999999,3.36],[-76.39999999999999,3.3649999999999998],[-76.40499999999999,3.3649999999999998],[-76.40499999999999,3.36]]]},"properties":{"value":245.6483,"sigma":24.2542}},{"type":"Feature","geometry":{"type":"Polygon","coordinates":[[[-76.6,3.3649999999999998],[-76.595,3.3649999999999998],[-76.595,3.3699999999999997],[-76.6,3.3699999999999997],[-76.6,3.3649999999999998]]]},"properties":{"value":245.2597,"sigma":20.0459}},{"type":"Feature","geometry":{"type":"Polygon","coordinates":[[[-76.595,3.3649999999999998],[-76.59,3.3649999999999998],[-76.59,3.3699999999999997],[-76.595,3.3699999999999997],[-76.595,3.3649999999999998]]]},"properties":{"value":248.1335,"sigma":20.0296}},{"type":"Feature","geometry":{"type":"Polygon","coordinates":[[[-76.58999999999999,3.3649999999999998],[-76.585,3.3649999999999998],[-76.585,3.3699999999999997],[-76.58999999999999,3.3699999999999997],[-76.58999999999999,3.3649999999999998]]]},"properties":{"value":245.8373,"sigma":20.6434}},{"type":"Feature","geometry":{"type":"Polygon","coordinates":[[[-76.585,3.3649999999999998],[-76.58,3.3649999999999998],[-76.58,3.3699999999999997],[-76.585,3.3699999999999997],[-76.585,3.3649999999999998]]]},"properties":{"value":246.6896,"sigma":18.4878}},{"type":"Feature","geometry":{"type":"Polygon","coordinates":[[[-76.58,3.3649999999999998],[-76.575,3.3649999999999998],[-76.575,3.3699999999999997],[-76.58,3.3699999999999997],[-76.58,3.3649999999999998]]]},"properties":{"value":249.6483,"sigma":17.8115}},{"type":"Feature","geometry":{"type":"Polygon","coordinates":[[[-76.57499999999999,3.3649999999999998],[-76.57,3.3649999999999998],[-76.57,3.3699999999999997],[-76.57499999999999,3.3699999999999997],[-76.57499999999999,3.3649999999999998]]]},"properties":{"value":251.7766,"sigma":17.6909}},{"type":"Feature","geometry":{"type":"Polygon","coordinates":[[[-76.57,3.3649999999999998],[-76.565,3.3649999999999998],[-76.565,3.3699999999999997],[-76.57,3.3699999999999997],[-76.57,3.3649999999999998]]]},"properties":{"value":249.2134,"sigma":16.4762}},{"type":"Feature","geometry":{"type":"Polygon","coordinates":[[[-76.565,3.3649999999999998],[-76.56,3.3649999999999998],[-76.56,3.3699999999999997],[-76.565,3.3699999999999997],[-76.565,3.3649999999999998]]]},"properties":{"value":253.7663,"sigma":15.5802}},{"type":"Feature","geometry":{"type":"Polygon","coordinates":[[[-76.55999999999999,3.3649999999999998],[-76.55499999999999,3.3649999999999998],[-76.55499999999999,3.3699999999999997],[-76.55999999999999,3.3699999999999997],[-76.55999999999999,3.3649999999999998]]]},"properties":{"value":252.6791,"sigma":14.6597}},{"type":"Feature","geometry":{"type":"Polygon","coordinates":[[[-76.55499999999999,3.3649999999999998],[-76.55,3.3649999999999998],[-76.55,3.3699999999999997],[-76.55499999999999,3.3699999999999997],[-76.55499999999999,3.3649999999999998]]]},"properties":{"value":251.3349,"sigma":14.018}},{"type":"Feature","geometry":{"type":"Polygon","coordinates":[[[-76.55,3.3649999999999998],[-76.545,3.3649999999999998],[-76.545,3.3699999999999997],[-76.55,3.3699999999999997],[-76.55,3.3649999999999998]]]},"properties":{"value":251.9402,"sigma":13.7421}},{"type":"Feature","geometry":{"type":"Polygon","coordinates":[[[-76.54499999999999,3.3649999999999998],[-76.53999999999999,3.3649999999999998],[-76.53999999999999,3.3699999999999997],[-76.54499999999999,3.3699999999999997],[-76.54499999999999,3.3649999999999998]]]},"properties":{"value":251.3959,"sigma":11.9751}},{"type":"Feature","geometry":{"type":"Polygon","coordinates":[[[-76.53999999999999,3.3649999999999998],[-76.535,3.3649999999999998],[-76.535,3.3699999999999997],[-76.53999999999999,3.3699999999999997],[-76.53999999999999,3.3649999999999998]]]},"properties":{"value":252.1917,"sigma":12.5111}},{"type":"Feature","geometry":{"type":"Polygon","coordinates":[[[-76.535,3.3649999999999998],[-76.53,3.3649999999999998],[-76.53,3.3699999999999997],[-76.535,3.3699999999999997],[-76.535,3.3649999999999998]]]},"properties":{"value":250.0335,"sigma":11.7097}},{"type":"Feature","geometry":{"type":"Polygon","coordinates":[[[-76.52999999999999,3.3649999999999998],[-76.52499999999999,3.3649999999999998],[-76.52499999999999,3.3699999999999997],[-76.52999999999999,3.3699999999999997],[-76.52999999999999,3.3649999999999998]]]},"properties":{"value":249.0688,"sigma":11.2847}},{"type":"Feature","geometry":{"type":"Polygon","coordinates":[[[-76.52499999999999,3.3649999999999998],[-76.52,3.3649999999999998],[-76.52,3.3699999999999997],[-76.52499999999999,3.3699999999999997],[-76.52499999999999,3.3649999999999998]]]},"properties":{"value":245.2548,"sigma":12.4702}},{"type":"Feature","geometry":{"type":"Polygon","coordinates":[[[-76.52,3.3649999999999998],[-76.515,3.3649999999999998],[-76.515,3.3699999999999997],[-76.52,3.3699999999999997],[-76.52,3.3649999999999998]]]},"properties":{"value":247.2929,"sigma":13.0408}},{"type":"Feature","geometry":{"type":"Polygon","coordinates":[[[-76.51499999999999,3.3649999999999998],[-76.50999999999999,3.3649999999999998],[-76.50999999999999,3.3699999999999997],[-76.51499999999999,3.3699999999999997],[-76.51499999999999,3.3649999999999998]]]},"properties":{"value":245.5328,"sigma":14.5374}},{"type":"Feature","geometry":{"type":"Polygon","coordinates":[[[-76.50999999999999,3.3649999999999998],[-76.505,3.3649999999999998],[-76.505,3.3699999999999997],[-76.50999999999999,3.3699999999999997],[-76.50999999999999,3.3649999999999998]]]},"properties":{"value":245.4825,"sigma":14.9701}},{"type":"Feature","geometry":{"type":"Polygon","coordinates":[[[-76.505,3.3649999999999998],[-76.5,3.3649999999999998],[-76.5,3.3699999999999997],[-76.505,3.3699999999999997],[-76.505,3.3649999999999998]]]},"properties":{"value":243.4709,"sigma":16.6039}},{"type":"Feature","geometry":{"type":"Polygon","coordinates":[[[-76.49999999999999,3.3649999999999998],[-76.49499999999999,3.3649999999999998],[-76.49499999999999,3.3699999999999997],[-76.49999999999999,3.3699999999999997],[-76.49999999999999,3.3649999999999998]]]},"properties":{"value":245.013,"sigma":15.9523}},{"type":"Feature","geometry":{"type":"Polygon","coordinates":[[[-76.49499999999999,3.3649999999999998],[-76.49,3.3649999999999998],[-76.49,3.3699999999999997],[-76.49499999999999,3.3699999999999997],[-76.49499999999999,3.3649999999999998]]]},"properties":{"value":245.5326,"sigma":16.9927}},{"type":"Feature","geometry":{"type":"Polygon","coordinates":[[[-76.49,3.3649999999999998],[-76.485,3.3649999999999998],[-76.485,3.3699999999999997],[-76.49,3.3699999999999997],[-76.49,3.3649999999999998]]]},"properties":{"value":247.6164,"sigma":17.3004}},{"type":"Feature","geometry":{"type":"Polygon","coordinates":[[[-76.48499999999999,3.3649999999999998],[-76.47999999999999,3.3649999999999998],[-76.47999999999999,3.3699999999999997],[-76.48499999999999,3.3699999999999997],[-76.48499999999999,3.3649999999999998]]]},"properties":{"value":244.1194,"sigma":19.6153}},{"type":"Feature","geometry":{"type":"Polygon","coordinates":[[[-76.47999999999999,3.3649999999999998],[-76.475,3.3649999999999998],[-76.475,3.3699999999999997],[-76.47999999999999,3.3699999999999997],[-76.47999999999999,3.3649999999999998]]]},"properties":{"value":246.0669,"sigma":19.4009}},{"type":"Feature","geometry":{"type":"Polygon","coordinates":[[[-76.475,3.3649999999999998],[-76.47,3.3649999999999998],[-76.47,3.3699999999999997],[-76.475,3.3699999999999997],[-76.475,3.3649999999999998]]]},"properties":{"value":245.2683,"sigma":22.1726}},{"type":"Feature","geometry":{"type":"Polygon","coordinates":[[[-76.47,3.3649999999999998],[-76.465,3.3649999999999998],[-76.465,3.3699999999999997],[-76.47,3.3699999999999997],[-76.47,3.3649999999999998]]]},"properties":{"value":245.8618,"sigma":19.8539}},{"type":"Feature","geometry":{"type":"Polygon","coordinates":[[[-76.46499999999999,3.3649999999999998],[-76.46,3.3649999999999998],[-76.46,3.3699999999999997],[-76.46499999999999,3.3699999999999997],[-76.46499999999999,3.3649999999999998]]]},"properties":{"value":247.7367,"sigma":20.5837}},{"type":"Feature","geometry":{"type":"Polygon","coordinates":[[[-76.46,3.3649999999999998],[-76.455,3.3649999999999998],[-76.455,3.3699999999999997],[-76.46,3.3699999999999997],[-76.46,3.3649999999999998]]]},"properties":{"value":244.7671,"sigma":19.7749}},{"type":"Feature","geometry":{"type":"Polygon","coordinates":[[[-76.455,3.3649999999999998],[-76.45,3.3649999999999998],[-76.45,3.3699999999999997],[-76.455,3.3699999999999997],[-76.455,3.3649999999999998]]]},"properties":{"value":244.7475,"sigma":20.2712}},{"type":"Feature","geometry":{"type":"Polygon","coordinates":[[[-76.44999999999999,3.3649999999999998],[-76.445,3.3649999999999998],[-76.445,3.3699999999999997],[-76.44999999999999,3.3699999999999997],[-76.44999999999999,3.3649999999999998]]]},"properties":{"value":245.3567,"sigma":21.7004}},{"type":"Feature","geometry":{"type":"Polygon","coordinates":[[[-76.445,3.3649999999999998],[-76.44,3.3649999999999998],[-76.44,3.3699999999999997],[-76.445,3.3699999999999997],[-76.445,3.3649999999999998]]]},"properties":{"value":246.6611,"sigma":20.9562}},{"type":"Feature","geometry":{"type":"Polygon","coordinates":[[[-76.44,3.3649999999999998],[-76.435,3.3649999999999998],[-76.435,3.3699999999999997],[-76.44,3.3699999999999997],[-76.44,3.3649999999999998]]]},"properties":{"value":245.6021,"sigma":20.4622}},{"type":"Feature","geometry":{"type":"Polygon","coordinates":[[[-76.43499999999999,3.3649999999999998],[-76.42999999999999,3.3649999999999998],[-76.42999999999999,3.3699999999999997],[-76.43499999999999,3.3699999999999997],[-76.43499999999999,3.3649999999999998]]]},"properties":{"value":244.5482,"sigma":21.9569}},{"type":"Feature","geometry":{"type":"Polygon","coordinates":[[[-76.42999999999999,3.3649999999999998],[-76.425,3.3649999999999998],[-76.425,3.3699999999999997],[-76.42999999999999,3.3699999999999997],[-76.42999999999999,3.3649999999999998]]]},"properties":{"value":243.7989,"sigma":21.9033}},{"type":"Feature","geometry":{"type":"Polygon","coordinates":[[[-76.425,3.3649999999999998],[-76.42,3.3649999999999998],[-76.42,3.3699999999999997],[-76.425,3.3699999999999997],[-76.425,3.3649999999999998]]]},"properties":{"value":246.5123,"sigma":23.4234}},{"type":"Feature","geometry":{"type":"Polygon","coordinates":[[[-76.41999999999999,3.3649999999999998],[-76.41499999999999,3.3649999999999998],[-76.41499999999999,3.3699999999999997],[-76.41999999999999,3.3699999999999997],[-76.41999999999999,3.3649999999999998]]]},"properties":{"value":248.6471,"sigma":23.9486}},{"type":"Feature","geometry":{"type":"Polygon","coordinates":[[[-76.41499999999999,3.3649999999999998],[-76.41,3.3649999999999998],[-76.41,3.3699999999999997],[-76.41499999999999,3.3699999999999997],[-76.41499999999999,3.3649999999999998]]]},"properties":{"value":245.7176,"sigma":23.3199}},{"type":"Feature","geometry":{"type":"Polygon","coordinates":[[[-76.41,3.3649999999999998],[-76.405,3.3649999999999998],[-76.405,3.3699999999999997],[-76.41,3.3699999999999997],[-76.41,3.3649999999999998]]]},"properties":{"value":244.0027,"sigma":23.701}},{"type":"Feature","geometry":{"type":"Polygon","coordinates":[[[-76.40499999999999,3.3649999999999998],[-76.39999999999999,3.3649999999999998],[-76.39999999999999,3.3699999999999997],[-76.40499999999999,3.3699999999999997],[-76.40499999999999,3.3649999999999998]]]},"properties":{"value":245.3992,"sigma":25.4702}},{"type":"Feature","geometry":{"type":"Polygon","coordinates":[[[-76.6,3.3699999999999997],[-76.595,3.3699999999999997],[-76.595,3.3749999999999996],[-76.6,3.3749999999999996],[-76.6,3.3699999999999997]]]},"properties":{"value":245.8171,"sigma":20.0718}},{"type":"Feature","geometry":{"type":"Polygon","coordinates":[[[-76.595,3.3699999999999997],[-76.59,3.3699999999999997],[-76.59,3.3749999999999996],[-76.595,3.3749999999999996],[-76.595,3.3699999999999997]]]},"properties":{"value":242.0751,"sigma":19.6949}},{"type":"Feature","geometry":{"type":"Polygon","coordinates":[[[-76.58999999999999,3.3699999999999997],[-76.585,3.3699999999999997],[-76.585,3.3749999999999996],[-76.58999999999999,3.3749999999999996],[-76.58999999999999,3.3699999999999997]]]},"properties":{"value":245.8523,"sigma":18.6536}},{"type":"Feature","geometry":{"type":"Polygon","coordinates":[[[-76.585,3.3699999999999997],[-76.58,3.3699999999999997],[-76.58,3.3749999999999996],[-76.585,3.3749999999999996],[-76.585,3.3699999999999997]]]},"properties":{"value":248.9225,"sigma":18.2702}},{"type":"Feature","geometry":{"type":"Polygon","coordinates":[[[-76.58,3.3699999999999997],[-76.575,3.3699999999999997],[-76.575,3.3749999999999996],[-76.58,3.3749999999999996],[-76.58,3.3699999999999997]]]},"properties":{"value":250.2517,"sigma":17.5754}},{"type":"Feature","geometry":{"type":"Polygon","coordinates":[[[-76.57499999999999,3.3699999999999997],[-76.57,3.3699999999999997],[-76.57,3.3749999999999996],[-76.57499999999999,3.3749999999999996],[-76.57499999999999,3.3699999999999997]]]},"properties":{"value":248.083,"sigma":16.8406}},{"type":"Feature","geometry":{"type":"Polygon","coordinates":[[[-76.57,3.3699999999999997],[-76.565,3.3699999999999997],[-76.565,3.3749999999999996],[-76.57,3.3749999999999996],[-76.57,3.3699999999999997]]]},"properties":{"value":250.2541,"sigma":15.0803}},{"type":"Feature","geometry":{"type":"Polygon","coordinates":[[[-76.565,3.3699999999999997],[-76.56,3.3699999999999997],[-76.56,3.3749999999999996],[-76.565,3.3749999999999996],[-76.565,3.3699999999999997]]]},"properties":{"value":249.4861,"sigma":14.4432}},{"type":"Feature","geometry":{"type":"Polygon","coordinates":[[[-76.55999999999999,3.3699999999999997],[-76.55499999999999,3.3699999999999997],[-76.55499999999999,3.3749999999999996],[-76.55999999999999,3.3749999999999996],[-76.55999999999999,3.3699999999999997]]]},"properties":{"value":250.6767,"sigma":13.4148}},{"type":"Feature","geometry":{"type":"Polygon","coordinates":[[[-76.55499999999999,3.3699999999999997],[-76.55,3.3699999999999997],[-76.55,3.3749999999999996],[-76.55499999999999,3.3749999999999996],[-76.55499999999999,3.3699999999999997]]]},"properties":{"value":247.5508,"sigma":13.9548}},{"type":"Feature","geometry":{"type":"Polygon","coordinates":[[[-76.55,3.3699999999999997],[-76.545,3.3699999999999997],[-76.545,3.3749999999999996],[-76.55,3.3749999999999996],[-76.55,3.3699999999999997]]]},"properties":{"value":250.1035,"sigma":12.0319}},{"type":"Feature","geometry":{"type":"Polygon","coordinates":[[[-76.54499999999999,3.3699999999999997],[-76.53999999999999,3.3699999999999997],[-76.53999999999999,3.3749999999999996],[-76.54499999999999,3.3749999999999996],[-76.54499999999999,3.3699999999999997]]]},"properties":{"value":251.5119,"sigma":11.8074}},{"type":"Feature","geometry":{"type":"Polygon","coordinates":[[[-76.53999999999999,3.3699999999999997],[-76.535,3.3699999999999997],[-76.535,3.3749999999999996],[-76.53999999999999,3.3749999999999996],[-76.53999999999999,3.3699999999999997]]]},"properties":{"value":248.0819,"sigma":11.9937}},{"type":"Feature","geometry":{"type":"Polygon","coordinates":[[[-76.535,3.3699999999999997],[-76.53,3.3699999999999997],[-76.53,3.3749999999999996],[-76.535,3.3749999999999996],[-76.535,3.3699999999999997]]]},"properties":{"value":248.0098,"sigma":11.1288}},{"type":"Feature","geometry":{"type":"Polygon","coordinates":[[[-76.52999999999999,3.3699999999999997],[-76.52499999999999,3.3699999999999997],[-76.52499999999999,3.3749999999999996],[-76.52999999999999,3.3749999999999996],[-76.52999999999999,3.3699999999999997]]]},"properties":{"value":245.7514,"sigma":10.1186}},{"type":"Feature","geometry":{"type":"Polygon","coordinates":[[[-76.52499999999999,3.3699999999999997],[-76.52,3.3699999999999997],[-76.52,3.3749999999999996],[-76.52499999999999,3.3749999999999996],[-76.52499999999999,3.3699999999999997]]]},"properties":{"value":244.4537,"sigma":10.593}},{"type":"Feature","geometry":{"type":"Polygon","coordinates":[[[-76.52,3.3699999999999997],[-76.515,3.3699999999999997],[-76.515,3.3749999999999996],[-76.52,3.3749999999999996],[-76.52,3.3699999999999997]]]},"properties":{"value":245.898,"sigma":11.3945}},{"type":"Feature","geometry":{"type":"Polygon","coordinates":[[[-76.51499999999999,3.3699999999999997],[-76.50999999999999,3.3699999999999997],[-76.50999999999999,3.3749999999999996],[-76.51499999999999,3.3749999999999996],[-76.51499999999999,3.3699999999999997]]]},"properties":{"value":245.0462,"sigma":12.8105}},{"type":"Feature","geometry":{"type":"Polygon","coordinates":[[[-76.50999999999999,3.3699999999999997],[-76.505,3.3699999999999997],[-76.505,3.3749999999999996],[-76.50999999999999,3.3749999999999996],[-76.50999999999999,3.3699999999999997]]]},"properties":{"value":248.3685,"sigma":13.8303}},{"type":"Feature","geometry":{"type":"Polygon","coordinates":[[[-76.505,3.3699999999999997],[-76.5,3.3699999999999997],[-76.5,3.3749999999999996],[-76.505,3.3749999999999996],[-76.505,3.3699999999999997]]]},"properties":{"value":247.6316,"sigma":14.6239}},{"type":"Feature","geometry":{"type":"Polygon","coordinates":[[[-76.49999999999999,3.3699999999999997],[-76.49499999999999,3.3699999999999997],[-76.49499999999999,3.3749999999999996],[-76.49999999999999,3.3749999999999996],[-76.49999999999999,3.3699999999999997]]]},"properties":{"value":246.7629,"sigma":16.5329}},{"type":"Feature","geometry":{"type":"Polygon","coordinates":[[[-76.49499999999999,3.3699999999999997],[-76.49,3.3699999999999997],[-76.49,3.3749999999999996],[-76.49499999999999,3.3749999999999996],[-76.49499999999999,3.3699999999999997]]]},"properties":{"value":247.0304,"sigma":16.2109}},{"type":"Feature","geometry":{"type":"Polygon","coordinates":[[[-76.49,3.3699999999999997],[-76.485,3.3699999999999997],[-76.485,3.3749999999999996],[-76.49,3.3749999999999996],[-76.49,3.3699999999999997]]]},"properties":{"value":242.3124,"sigma":17.0481}},{"type":"Feature","geometry":{"type":"Polygon","coordinates":[[[-76.48499999999999,3.3699999999999997],[-76.47999999999999,3.3699999999999997],[-76.47999999999999,3.3749999999999996],[-76.48499999999999,3.3749999999999996],[-76.48499999999999,3.3699999999999997]]]},"properties":{"value":243.7917,"sigma":18.6016}},{"type":"Feature","geometry":{"type":"Polygon","coordinates":[[[-76.47999999999999,3.3699999999999997],[-76.475,3.3699999999999997],[-76.475,3.3749999999999996],[-76.47999999999999,3.3749999999999996],[-76.47999999999999,3.3699999999999997]]]},"properties":{"value":244.8408,"sigma":19.1001}},{"type":"Feature","geometry":{"type":"Polygon","coordinates":[[[-76.475,3.3699999999999997],[-76.47,3.3699999999999997],[-76.47,3.3749999999999996],[-76.475,3.3749999999999996],[-76.475,3.3699999999999997]]]},"properties":{"value":244.361,"sigma":19.9617}},{"type":"Feature","geometry":{"type":"Polygon","coordinates":[[[-76.47,3.3699999999999997],[-76.465,3.3699999999999997],[-76.465,3.3749999999999996],[-76.47,3.3749999999999996],[-76.47,3.3699999999999997]]]},"properties":{"value":246.468,"sigma":19.3694}},{"type":"Feature","geometry":{"type":"Polygon","coordinates":[[[-76.46499999999999,3.3699999999999997],[-76.46,3.3699999999999997],[-76.46,3.3749999999999996],[-76.46499999999999,3.3749999999999996],[-76.46499999999999,3.3699999999999997]]]},"properties":{"value":245.0644,"sigma":19.4461}},{"type":"Feature","geometry":{"type":"Polygon","coordinates":[[[-76.46,3.3699999999999997],[-76.455,3.3699999999999997],[-76.455,3.3749999999999996],[-76.46,3.3749999999999996],[-76.46,3.3699999999999997]]]},"properties":{"value":245.4304,"sigma":19.6386}},{"type":"Feature","geometry":{"type":"Polygon","coordinates":[[[-76.455,3.3699999999999997],[-76.45,3.3699999999999997],[-76.45,3.3749999999999996],[-76.455,3.3749999999999996],[-76.455,3.3699999999999997]]]},"properties":{"value":245.3026,"sigma":20.0242}},{"type":"Feature","geometry":{"type":"Polygon","coordinates":[[[-76.44999999999999,3.3699999999999997],[-76.445,3.3699999999999997],[-76.445,3.3749999999999996],[-76.44999999999999,3.3749999999999996],[-76.44999999999999,3.3699999999999997]]]},"properties":{"value":243.5537,"sigma":20.5327}},{"type":"Feature","geometry":{"type":"Polygon","coordinates":[[[-76.445,3.3699999999999997],[-76.44,3.3699999999999997],[-76.44,3.3749999999999996],[-76.445,3.3749999999999996],[-76.445,3.3699999999999997]]]},"properties":{"value":244.9651,"sigma":19.499}},{"type":"Feature","geometry":{"type":"Polygon","coordinates":[[[-76.44,3.3699999999999997],[-76.435,3.3699999999999997],[-76.435,3.3749999999999996],[-76.44,3.3749999999999996],[-76.44,3.3699999999999997]]]},"properties":{"value":243.6315,"sigma":20.2115}},{"type":"Feature","geometry":{"type":"Polygon","coordinates":[[[-76.43499999999999,3.3699999999999997],[-76.42999999999999,3.3699999999999997],[-76.42999999999999,3.3749999999999996],[-76.43499999999999,3.3749999999999996],[-76.43499999999999,3.3699999999999997]]]},"properties":{"value":244.959,"sigma":22.2127}},{"type":"Feature","geometry":{"type":"Polygon","coordinates":[[[-76.42999999999999,3.3699999999999997],[-76.425,3.3699999999999997],[-76.425,3.3749999999999996],[-76.42999999999999,3.3749999999999996],[-76.42999999999999,3.3699999999999997]]]},"properties":{"value":247.0978,"sigma":21.0692}},{"type":"Feature","geometry":{"type":"Polygon","coordinates":[[[-76.425,3.3699999999999997],[-76.42,3.3699999999999997],[-76.42,3.3749999999999996],[-76.425,3.3749999999999996],[-76.425,3.3699999999999997]]]},"properties":{"value":243.7301,"sigma":22.7183}},{"type":"Feature","geometry":{"type":"Polygon","coordinates":[[[-76.41999999999999,3.3699999999999997],[-76.41499999999999,3.3699999999999997],[-76.41499999999999,3.3749999999999996],[-76.41999999999999,3.3749999999999996],[-76.41999999999999,3.3699999999999997]]]},"properties":{"value":242.4056,"sigma":23.1212}},{"type":"Feature","geometry":{"type":"Polygon","coordinates":[[[-76.41499999999999,3.3699999999999997],[-76.41,3.3699999999999997],[-76.41,3.3749999999999996],[-76.41499999999999,3.3749999999999996],[-76.41499999999999,3.3699999999999997]]]},"properties":{"value":243.936,"sigma":23.6717}},{"type":"Feature","geometry":{"type":"Polygon","coordinates":[[[-76.41,3.3699999999999997],[-76.405,3.3699999999999997],[-76.405,3.3749999999999996],[-76.41,3.3749999999999996],[-76.41,3.3699999999999997]]]},"properties":{"value":245.6089,"sigma":24.2179}},{"type":"Feature","geometry":{"type":"Polygon","coordinates":[[[-76.40499999999999,3.3699999999999997],[-76.39999999999999,3.3699999999999997],[-76.39999999999999,3.3749999999999996],[-76.40499999999999,3.3749999999999996],[-76.40499999999999,3.3699999999999997]]]},"properties":{"value":243.6828,"sigma":23.8954}},{"type":"Feature","geometry":{"type":"Polygon","coordinates":[[[-76.6,3.375],[-76.595,3.375],[-76.595,3.38],[-76.6,3.38],[-76.6,3.375]]]},"properties":{"value":245.521,"sigma":20.9238}},{"type":"Feature","geometry":{"type":"Polygon","coordinates":[[[-76.595,3.375],[-76.59,3.375],[-76.59,3.38],[-76.595,3.38],[-76.595,3.375]]]},"properties":{"value":246.7246,"sigma":18.6271}},{"type":"Feature","geometry":{"type":"Polygon","coordinates":[[[-76.58999999999999,3.375],[-76.585,3.375],[-76.585,3.38],[-76.58999999999999,3.38],[-76.58999999999999,3.375]]]},"properties":{"value":246.2093,"sigma":19.9775}},{"type":"Feature","geometry":{"type":"Polygon","coordinates":[[[-76.585,3.375],[-76.58,3.375],[-76.58,3.38],[-76.585,3.38],[-76.585,3.375]]]},"properties":{"value":247.4975,"sigma":17.4159}},{"type":"Feature","geometry":{"type":"Polygon","coordinates":[[[-76.58,3.375],[-76.575,3.375],[-76.575,3.38],[-76.58,3.38],[-76.58,3.375]]]},"properties":{"value":245.6107,"sigma":16.2401}},{"type":"Feature","geometry":{"type":"Polygon","coordinates":[[[-76.57499999999999,3.375],[-76.57,3.375],[-76.57,3.38],[-76.57499999999999,3.38],[-76.57499999999999,3.375]]]},"properties":{"value":248.6496,"sigma":17.2188}},{"type":"Feature","geometry":{"type":"Polygon","coordinates":[[[-76.57,3.375],[-76.565,3.375],[-76.565,3.38],[-76.57,3.38],[-76.57,3.375]]]},"properties":{"value":247.3143,"sigma":13.5576}},{"type":"Feature","geometry":{"type":"Polygon","coordinates":[[[-76.565,3.375],[-76.56,3.375],[-76.56,3.38],[-76.565,3.38],[-76.565,3.375]]]},"properties":{"value":246.4795,"sigma":15.0143}},{"type":"Feature","geometry":{"type":"Polygon","coordinates":[[[-76.55999999999999,3.375],[-76.55499999999999,3.375],[-76.55499999999999,3.38],[-76.55999999999999,3.38],[-76.55999999999999,3.375]]]},"properties":{"value":251.3414,"sigma":12.5546}},{"type":"Feature","geometry":{"type":"Polygon","coordinates":[[[-76.55499999999999,3.375],[-76.55,3.375],[-76.55,3.38],[-76.55499999999999,3.38],[-76.55499999999999,3.375]]]},"properties":{"value":247.6456,"sigma":12.7193}},{"type":"Feature","geometry":{"type":"Polygon","coordinates":[[[-76.55,3.375],[-76.545,3.375],[-76.545,3.38],[-76.55,3.38],[-76.55,3.375]]]},"properties":{"value":247.7441,"sigma":13.5617}},{"type":"Feature","geometry":{"type":"Polygon","coordinates":[[[-76.54499999999999,3.375],[-76.53999999999999,3.375],[-76.53999999999999,3.38],[-76.54499999999999,3.38],[-76.54499999999999,3.375]]]},"properties":{"value":247.937,"sigma":10.1672}},{"type":"Feature","geometry":{"type":"Polygon","coordinates":[[[-76.53999999999999,3.375],[-76.535,3.375],[-76.535,3.38],[-76.53999999999999,3.38],[-76.53999999999999,3.375]]]},"properties":{"value":250.5124,"sigma":10.784}},{"type":"Feature","geometry":{"type":"Polygon","coordinates":[[[-76.535,3.375],[-76.53,3.375],[-76.53,3.38],[-76.535,3.38],[-76.535,3.375]]]},"properties":{"value":247.8159,"sigma":10.0523}},{"type":"Feature","geometry":{"type":"Polygon","coordinates":[[[-76.52999999999999,3.375],[-76.52499999999999,3.375],[-76.52499999999999,3.38],[-76.52999999999999,3.38],[-76.52999999999999,3.375]]]},"properties":{"value":245.4203,"sigma":11.091}},{"type":"Feature","geometry":{"type":"Polygon","coordinates":[[[-76.52499999999999,3.375],[-76.52,3.375],[-76.52,3.38],[-76.52499999999999,3.38],[-76.52499999999999,3.375]]]},"properties":{"value":245.3855,"sigma":11.3858}},{"type":"Feature","geometry":{"type":"Polygon","coordinates":[[[-76.52,3.375],[-76.515,3.375],[-76.515,3.38],[-76.52,3.38],[-76.52,3.375]]]},"properties":{"value":246.1025,"sigma":13.8898}},{"type":"Feature","geometry":{"type":"Polygon","coordinates":[[[-76.51499999999999,3.375],[-76.50999999999999,3.375],[-76.50999999999999,3.38],[-76.51499999999999,3.38],[-76.51499999999999,3.375]]]},"properties":{"value":244.911,"sigma":12.2401}},{"type":"Feature","geometry":{"type":"Polygon","coordinates":[[[-76.50999999999999,3.375],[-76.505,3.375],[-76.505,3.38],[-76.50999999999999,3.38],[-76.50999999999999,3.375]]]},"properties":{"value":246.8474,"sigma":13.6546}},{"type":"Feature","geometry":{"type":"Polygon","coordinates":[[[-76.505,3.375],[-76.5,3.375],[-76.5,3.38],[-76.505,3.38],[-76.505,3.375]]]},"properties":{"value":246.2719,"sigma":15.825}},{"type":"Feature","geometry":{"type":"Polygon","coordinates":[[[-76.49999999999999,3.375],[-76.49499999999999,3.375],[-76.49499999999999,3.38],[-76.49999999999999,3.38],[-76.49999999999999,3.375]]]},"properties":{"value":244.4148,"sigma":14.6873}},{"type":"Feature","geometry":{"type":"Polygon","coordinates":[[[-76.49499999999999,3.375],[-76.49,3.375],[-76.49,3.38],[-76.49499999999999,3.38],[-76.49499999999999,3.375]]]},"properties":{"value":246.3488,"sigma":18.3946}},{"type":"Feature","geometry":{"type":"Polygon","coordinates":[[[-76.49,3.375],[-76.485,3.375],[-76.485,3.38],[-76.49,3.38],[-76.49,3.375]]]},"properties":{"value":244.1211,"sigma":17.9452}},{"type":"Feature","geometry":{"type":"Polygon","coordinates":[[[-76.48499999999999,3.375],[-76.47999999999999,3.375],[-76.47999999999999,3.38],[-76.48499999999999,3.38],[-76.48499999999999,3.375]]]},"properties":{"value":246.4131,"sigma":19.7328}},{"type":"Feature","geometry":{"type":"Polygon","coordinates":[[[-76.47999999999999,3.375],[-76.475,3.375],[-76.475,3.38],[-76.47999999999999,3.38],[-76.47999999999999,3.375]]]},"properties":{"value":244.6483,"sigma":20.1657}},{"type":"Feature","geometry":{"type":"Polygon","coordinates":[[[-76.475,3.375],[-76.47,3.375],[-76.47,3.38],[-76.475,3.38],[-76.475,3.375]]]},"properties":{"value":244.8928,"sigma":18.2836}},{"type":"Feature","geometry":{"type":"Polygon","coordinates":[[[-76.47,3.375],[-76.465,3.375],[-76.465,3.38],[-76.47,3.38],[-76.47,3.375]]]},"properties":{"value":245.9721,"sigma":19.1594}},{"type":"Feature","geometry":{"type":"Polygon","coordinates":[[[-76.46499999999999,3.375],[-76.46,3.375],[-76.46,3.38],[-76.46499999999999,3.38],[-76.46499999999999,3.375]]]},"properties":{"value":244.1229,"sigma":17.2899}},{"type":"Feature","geometry":{"type":"Polygon","coordinates":[[[-76.46,3.375],[-76.455,3.375],[-76.455,3.38],[-76.46,3.38],[-76.46,3.375]]]},"properties":{"value":245.1013,"sigma":18.0896}},{"type":"Feature","geometry":{"type":"Polygon","coordinates":[[[-76.455,3.375],[-76.45,3.375],[-76.45,3.38],[-76.455,3.38],[-76.455,3.375]]]},"properties":{"value":248.047,"sigma":19.7284}},{"type":"Feature","geometry":{"type":"Polygon","coordinates":[[[-76.44999999999999,3.375],[-76.445,3.375],[-76.445,3.38],[-76.44999999999999,3.38],[-76.44999999999999,3.375]]]},"properties":{"value":245.1137,"sigma":18.8587}},{"type":"Feature","geometry":{"type":"Polygon","coordinates":[[[-76.445,3.375],[-76.44,3.375],[-76.44,3.38],[-76.445,3.38],[-76.445,3.375]]]},"properties":{"value":245.0006,"sigma":19.1386}},{"type":"Feature","geometry":{"type":"Polygon","coordinates":[[[-76.44,3.375],[-76.435,3.375],[-76.435,3.38],[-76.44,3.38],[-76.44,3.375]]]},"properties":{"value":244.5467,"sigma":19.0439}},{"type":"Feature","geometry":{"type":"Polygon","coordinates":[[[-76.43499999999999,3.375],[-76.42999999999999,3.375],[-76.42999999999999,3.38],[-76.43499999999999,3.38],[-76.43499999999999,3.375]]]},"properties":{"value":245.1279,"sigma":21.4637}},{"type":"Feature","geometry":{"type":"Polygon","coordinates":[[[-76.42999999999999,3.375],[-76.425,3.375],[-76.425,3.38],[-76.42999999999999,3.38],[-76.42999999999999,3.375]]]},"properties":{"value":244.7837,"sigma":20.5145}},{"type":"Feature","geometry":{"type":"Polygon","coordinates":[[[-76.425,3.375],[-76.42,3.375],[-76.42,3.38],[-76.425,3.38],[-76.425,3.375]]]},"properties":{"value":243.9694,"sigma":21.3601}},{"type":"Feature","geometry":{"type":"Polygon","coordinates":[[[-76.41999999999999,3.375],[-76.41499999999999,3.375],[-76.41499999999999,3.38],[-76.41999999999999,3.38],[-76.41999999999999,3.375]]]},"properties":{"value":246.6628,"sigma":21.2684}},{"type":"Feature","geometry":{"type":"Polygon","coordinates":[[[-76.41499999999999,3.375],[-76.41,3.375],[-76.41,3.38],[-76.41499999999999,3.38],[-76.41499999999999,3.375]]]},"properties":{"value":243.3254,"sigma":22.3103}},{"type":"Feature","geometry":{"type":"Polygon","coordinates":[[[-76.41,3.375],[-76.405,3.375],[-76.405,3.38],[-76.41,3.38],[-76.41,3.375]]]},"properties":{"value":242.6098,"sigma":22.5116}},{"type":"Feature","geometry":{"type":"Polygon","coordinates":[[[-76.40499999999999,3.375],[-76.39999999999999,3.375],[-76.39999999999999,3.38],[-76.40499999999999,3.38],[-76.40499999999999,3.375]]]},"properties":{"value":243.7222,"sigma":22.479}},{"type":"Feature","geometry":{"type":"Polygon","coordinates":[[[-76.6,3.38],[-76.595,3.38],[-76.595,3.385],[-76.6,3.385],[-76.6,3.38]]]},"properties":{"value":245.1345,"sigma":20.5902}},{"type":"Feature","geometry":{"type":"Polygon","coordinates":[[[-76.595,3.38],[-76.59,3.38],[-76.59,3.385],[-76.595,3.385],[-76.595,3.38]]]},"properties":{"value":244.9718,"sigma":17.7256}},{"type":"Feature","geometry":{"type":"Polygon","coordinates":[[[-76.58999999999999,3.38],[-76.585,3.38],[-76.585,3.385],[-76.58999999999999,3.385],[-76.58999999999999,3.38]]]},"properties":{"value":245.6175,"sigma":18.3974}},{"type":"Feature","geometry":{"type":"Polygon","coordinates":[[[-76.585,3.38],[-76.58,3.38],[-76.58,3.385],[-76.585,3.385],[-76.585,3.38]]]},"properties":{"value":244.5808,"sigma":17.2372}},{"type":"Feature","geometry":{"type":"Polygon","coordinates":[[[-76.58,3.38],[-76.575,3.38],[-76.575,3.385],[-76.58,3.385],[-76.58,3.38]]]},"properties":{"value":248.7409,"sigma":16.329}},{"type":"Feature","geometry":{"type":"Polygon","coordinates":[[[-76.57499999999999,3.38],[-76.57,3.38],[-76.57,3.385],[-76.57499999999999,3.385],[-76.57499999999999,3.38]]]},"properties":{"value":248.4094,"sigma":16.0379}},{"type":"Feature","geometry":{"type":"Polygon","coordinates":[[[-76.57,3.38],[-76.565,3.38],[-76.565,3.385],[-76.57,3.385],[-76.57,3.38]]]},"properties":{"value":247.7838,"sigma":16.6033}},{"type":"Feature","geometry":{"type":"Polygon","coordinates":[[[-76.565,3.38],[-76.56,3.38],[-76.56,3.385],[-76.565,3.385],[-76.565,3.38]]]},"properties":{"value":246.746,"sigma":15.4086}},{"type":"Feature","geometry":{"type":"Polygon","coordinates":[[[-76.55999999999999,3.38],[-76.55499999999999,3.38],[-76.55499999999999,3.385],[-76.55999999999999,3.385],[-76.55999999999999,3.38]]]},"properties":{"value":246.9422,"sigma":12.6655}},{"type":"Feature","geometry":{"type":"Polygon","coordinates":[[[-76.55499999999999,3.38],[-76.55,3.38],[-76.55,3.385],[-76.55499999999999,3.385],[-76.55499999999999,3.38]]]},"properties":{"value":246.8307,"sigma":13.215}},{"type":"Feature","geometry":{"type":"Polygon","coordinates":[[[-76.55,3.38],[-76.545,3.38],[-76.545,3.385],[-76.55,3.385],[-76.55,3.38]]]},"properties":{"value":247.1236,"sigma":13.9231}},{"type":"Feature","geometry":{"type":"Polygon","coordinates":[[[-76.54499999999999,3.38],[-76.53999999999999,3.38],[-76.53999999999999,3.385],[-76.54499999999999,3.385],[-76.54499999999999,3.38]]]},"properties":{"value":247.2042,"sigma":11.2141}},{"type":"Feature","geometry":{"type":"Polygon","coordinates":[[[-76.53999999999999,3.38],[-76.535,3.38],[-76.535,3.385],[-76.53999999999999,3.385],[-76.53999999999999,3.38]]]},"properties":{"value":244.946,"sigma":10.7491}},{"type":"Feature","geometry":{"type":"Polygon","coordinates":[[[-76.535,3.38],[-76.53,3.38],[-76.53,3.385],[-76.535,3.385],[-76.535,3.38]]]},"properties":{"value":245.1475,"sigma":11.3866}},{"type":"Feature","geometry":{"type":"Polygon","coordinates":[[[-76.52999999999999,3.38],[-76.52499999999999,3.38],[-76.52499999999999,3.385],[-76.52999999999999,3.385],[-76.52999999999999,3.38]]]},"properties":{"value":246.3159,"sigma":13.091}},{"type":"Feature","geometry":{"type":"Polygon","coordinates":[[[-76.52499999999999,3.38],[-76.52,3.38],[-76.52,3.385],[-76.52499999999999,3.385],[-76.52499999999999,3.38]]]},"properties":{"value":246.7053,"sigma":12.2875}},{"type":"Feature","geometry":{"type":"Polygon","coordinates":[[[-76.52,3.38],[-76.515,3.38],[-76.515,3.385],[-76.52,3.385],[-76.52,3.38]]]},"properties":{"value":245.3223,"sigma":12.9999}},{"type":"Feature","geometry":{"type":"Polygon","coordinates":[[[-76.51499999999999,3.38],[-76.50999999999999,3.38],[-76.50999999999999,3.385],[-76.51499999999999,3.385],[-76.51499999999999,3.38]]]},"properties":{"value":245.8121,"sigma":12.0174}},{"type":"Feature","geometry":{"type":"Polygon","coordinates":[[[-76.50999999999999,3.38],[-76.505,3.38],[-76.505,3.385],[-76.50999999999999,3.385],[-76.50999999999999,3.38]]]},"properties":{"value":244.3926,"sigma":15.3975}},{"type":"Feature","geometry":{"type":"Polygon","coordinates":[[[-76.505,3.38],[-76.5,3.38],[-76.5,3.385],[-76.505,3.385],[-76.505,3.38]]]},"properties":{"value":245.4635,"sigma":14.4752}},{"type":"Feature","geometry":{"type":"Polygon","coordinates":[[[-76.49999999999999,3.38],[-76.49499999999999,3.38],[-76.49499999999999,3.385],[-76.49999999999999,3.385],[-76.49999999999999,3.38]]]},"properties":{"value":244.7499,"sigma":16.2102}},{"type":"Feature","geometry":{"type":"Polygon","coordinates":[[[-76.49499999999999,3.38],[-76.49,3.38],[-76.49,3.385],[-76.49499999999999,3.385],[-76.49499999999999,3.38]]]},"properties":{"value":245.2266,"sigma":16.5523}},{"type":"Feature","geometry":{"type":"Polygon","coordinates":[[[-76.49,3.38],[-76.485,3.38],[-76.485,3.385],[-76.49,3.385],[-76.49,3.38]]]},"properties":{"value":245.3226,"sigma":17.8503}},{"type":"Feature","geometry":{"type":"Polygon","coordinates":[[[-76.48499999999999,3.38],[-76.47999999999999,3.38],[-76.47999999999999,3.385],[-76.48499999999999,3.385],[-76.48499999999999,3.38]]]},"properties":{"value":244.5614,"sigma":17.4194}},{"type":"Feature","geometry":{"type":"Polygon","coordinates":[[[-76.47999999999999,3.38],[-76.475,3.38],[-76.475,3.385],[-76.47999999999999,3.385],[-76.47999999999999,3.38]]]},"properties":{"value":245.3253,"sigma":17.3399}},{"type":"Feature","geometry":{"type":"Polygon","coordinates":[[[-76.475,3.38],[-76.47,3.38],[-76.47,3.385],[-76.475,3.385],[-76.475,3.38]]]},"properties":{"value":247.5464,"sigma":18.7896}},{"type":"Feature","geometry":{"type":"Polygon","coordinates":[[[-76.47,3.38],[-76.465,3.38],[-76.465,3.385],[-76.47,3.385],[-76.47,3.38]]]},"properties":{"value":247.7678,"sigma":17.023}},{"type":"Feature","geometry":{"type":"Polygon","coordinates":[[[-76.46499999999999,3.38],[-76.46,3.38],[-76.46,3.385],[-76.46499999999999,3.385],[-76.46499999999999,3.38]]]},"properties":{"value":244.8073,"sigma":18.9936}},{"type":"Feature","geometry":{"type":"Polygon","coordinates":[[[-76.46,3.38],[-76.455,3.38],[-76.455,3.385],[-76.46,3.385],[-76.46,3.38]]]},"properties":{"value":245.4099,"sigma":16.8837}},{"type":"Feature","geometry":{"type":"Polygon","coordinates":[[[-76.455,3.38],[-76.45,3.38],[-76.45,3.385],[-76.455,3.385],[-76.455,3.38]]]},"properties":{"value":246.1124,"sigma":18.5526}},{"type":"Feature","geometry":{"type":"Polygon","coordinates":[[[-76.44999999999999,3.38],[-76.445,3.38],[-76.445,3.385],[-76.44999999999999,3.385],[-76.44999999999999,3.38]]]},"properties":{"value":245.4301,"sigma":18.4098}},{"type":"Feature","geometry":{"type":"Polygon","coordinates":[[[-76.445,3.38],[-76.44,3.38],[-76.44,3.385],[-76.445,3.385],[-76.445,3.38]]]},"properties":{"value":244.9122,"sigma":16.9816}},{"type":"Feature","geometry":{"type":"Polygon","coordinates":[[[-76.44,3.38],[-76.435,3.38],[-76.435,3.385],[-76.44,3.385],[-76.44,3.38]]]},"properties":{"value":246.3045,"sigma":20.3247}},{"type":"Feature","geometry":{"type":"Polygon","coordinates":[[[-76.43499999999999,3.38],[-76.42999999999999,3.38],[-76.42999999999999,3.385],[-76.43499999999999,3.385],[-76.43499999999999,3.38]]]},"properties":{"value":245.5616,"sigma":19.1864}},{"type":"Feature","geometry":{"type":"Polygon","coordinates":[[[-76.42999999999999,3.38],[-76.425,3.38],[-76.425,3.385],[-76.42999999999999,3.385],[-76.42999999999999,3.38]]]},"properties":{"value":243.8378,"sigma":19.0902}},{"type":"Feature","geometry":{"type":"Polygon","coordinates":[[[-76.425,3.38],[-76.42,3.38],[-76.42,3.385],[-76.425,3.385],[-76.425,3.38]]]},"properties":{"value":243.4153,"sigma":18.6392}},{"type":"Feature","geometry":{"type":"Polygon","coordinates":[[[-76.41999999999999,3.38],[-76.41499999999999,3.38],[-76.41499999999999,3.385],[-76.41999999999999,3.385],[-76.41999999999999,3.38]]]},"properties":{"value":243.1101,"sigma":20.2103}},{"type":"Feature","geometry":{"type":"Polygon","coordinates":[[[-76.41499999999999,3.38],[-76.41,3.38],[-76.41,3.385],[-76.41499999999999,3.385],[-76.41499999999999,3.38]]]},"properties":{"value":243.557,"sigma":21.0974}},{"type":"Feature","geometry":{"type":"Polygon","coordinates":[[[-76.41,3.38],[-76.405,3.38],[-76.405,3.385],[-76.41,3.385],[-76.41,3.38]]]},"properties":{"value":244.1935,"sigma":21.9791}},{"type":"Feature","geometry":{"type":"Polygon","coordinates":[[[-76.40499999999999,3.38],[-76.39999999999999,3.38],[-76.39999999999999,3.385],[-76.40499999999999,3.385],[-76.40499999999999,3.38]]]},"properties":{"value":244.9496,"sigma":23.074}},{"type":"Feature","geometry":{"type":"Polygon","coordinates":[[[-76.6,3.385],[-76.595,3.385],[-76.595,3.3899999999999997],[-76.6,3.3899999999999997],[-76.6,3.385]]]},"properties":{"value":246.8838,"sigma":17.5356}},{"type":"Feature","geometry":{"type":"Polygon","coordinates":[[[-76.595,3.385],[-76.59,3.385],[-76.59,3.3899999999999997],[-76.595,3.3899999999999997],[-76.595,3.385]]]},"properties":{"value":243.7596,"sigma":18.0963}},{"type":"Feature","geometry":{"type":"Polygon","coordinates":[[[-76.58999999999999,3.385],[-76.585,3.385],[-76.585,3.3899999999999997],[-76.58999999999999,3.3899999999999997],[-76.58999999999999,3.385]]]},"properties":{"value":246.2954,"sigma":17.277}},{"type":"Feature","geometry":{"type":"Polygon","coordinates":[[[-76.585,3.385],[-76.58,3.385],[-76.58,3.3899999999999997],[-76.585,3.3899999999999997],[-76.585,3.385]]]},"properties":{"value":244.7341,"sigma":17.7241}},{"type":"Feature","geometry":{"type":"Polygon","coordinates":[[[-76.58,3.385],[-76.575,3.385],[-76.575,3.3899999999999997],[-76.58,3.3899999999999997],[-76.58,3.385]]]},"properties":{"value":247.4893,"sigma":17.4295}},{"type":"Feature","geometry":{"type":"Polygon","coordinates":[[[-76.57499999999999,3.385],[-76.57,3.385],[-76.57,3.3899999999999997],[-76.57499999999999,3.3899999999999997],[-76.57499999999999,3.385]]]},"properties":{"value":244.0006,"sigma":15.3606}},{"type":"Feature","geometry":{"type":"Polygon","coordinates":[[[-76.57,3.385],[-76.565,3.385],[-76.565,3.3899999999999997],[-76.57,3.3899999999999997],[-76.57,3.385]]]},"properties":{"value":246.1889,"sigma":14.3918}},{"type":"Feature","geometry":{"type":"Polygon","coordinates":[[[-76.565,3.385],[-76.56,3.385],[-76.56,3.3899999999999997],[-76.565,3.3899999999999997],[-76.565,3.385]]]},"properties":{"value":247.574,"sigma":15.1005}},{"type":"Feature","geometry":{"type":"Polygon","coordinates":[[[-76.55999999999999,3.385],[-76.55499999999999,3.385],[-76.55499999999999,3.3899999999999997],[-76.55999999999999,3.3899999999999997],[-76.55999999999999,3.385]]]},"properties":{"value":247.2793,"sigma":14.1552}},{"type":"Feature","geometry":{"type":"Polygon","coordinates":[[[-76.55499999999999,3.385],[-76.55,3.385],[-76.55,3.3899999999999997],[-76.55499999999999,3.3899999999999997],[-76.55499999999999,3.385]]]},"properties":{"value":247.1539,"sigma":13.3941}},{"type":"Feature","geometry":{"type":"Polygon","coordinates":[[[-76.55,3.385],[-76.545,3.385],[-76.545,3.3899999999999997],[-76.55,3.3899999999999997],[-76.55,3.385]]]},"properties":{"value":248.4397,"sigma":12.8537}},{"type":"Feature","geometry":{"type":"Polygon","coordinates":[[[-76.54499999999999,3.385],[-76.53999999999999,3.385],[-76.53999999999999,3.3899999999999997],[-76.54499999999999,3.3899999999999997],[-76.54499999999999,3.385]]]},"properties":{"value":245.3516,"sigma":11.0262}},{"type":"Feature","geometry":{"type":"Polygon","coordinates":[[[-76.53999999999999,3.385],[-76.535,3.385],[-76.535,3.3899999999999997],[-76.53999999999999,3.3899999999999997],[-76.53999999999999,3.385]]]},"properties":{"value":246.5471,"sigma":11.1726}},{"type":"Feature","geometry":{"type":"Polygon","coordinates":[[[-76.535,3.385],[-76.53,3.385],[-76.53,3.3899999999999997],[-76.535,3.3899999999999997],[-76.535,3.385]]]},"properties":{"value":246.0183,"sigma":11.1287}},{"type":"Feature","geometry":{"type":"Polygon","coordinates":[[[-76.52999999999999,3.385],[-76.52499999999999,3.385],[-76.52499999999999,3.3899999999999997],[-76.52999999999999,3.3899999999999997],[-76.52999999999999,3.385]]]},"properties":{"value":245.5055,"sigma":11.7092}},{"type":"Feature","geometry":{"type":"Polygon","coordinates":[[[-76.52499999999999,3.385],[-76.52,3.385],[-76.52,3.3899999999999997],[-76.52499999999999,3.3899999999999997],[-76.52499999999999,3.385]]]},"properties":{"value":245.9053,"sigma":11.7595}},{"type":"Feature","geometry":{"type":"Polygon","coordinates":[[[-76.52,3.385],[-76.515,3.385],[-76.515,3.3899999999999997],[-76.52,3.3899999999999997],[-76.52,3.385]]]},"properties":{"value":247.5188,"sigma":13.2368}},{"type":"Feature","geometry":{"type":"Polygon","coordinates":[[[-76.51499999999999,3.385],[-76.50999999999999,3.385],[-76.50999999999999,3.3899999999999997],[-76.51499999999999,3.3899999999999997],[-76.51499999999999,3.385]]]},"properties":{"value":245.3977,"sigma":14.0656}},{"type":"Feature","geometry":{"type":"Polygon","coordinates":[[[-76.50999999999999,3.385],[-76.505,3.385],[-76.505,3.3899999999999997],[-76.50999999999999,3.3899999999999997],[-76.50999999999999,3.385]]]},"properties":{"value":244.912,"sigma":14.031}},{"type":"Feature","geometry":{"type":"Polygon","coordinates":[[[-76.505,3.385],[-76.5,3.385],[-76.5,3.3899999999999997],[-76.505,3.3899999999999997],[-76.505,3.385]]]},"properties":{"value":244.5381,"sigma":16.07}},{"type":"Feature","geometry":{"type":"Polygon","coordinates":[[[-76.49999999999999,3.385],[-76.49499999999999,3.385],[-76.49499999999999,3.3899999999999997],[-76.49999999999999,3.3899999999999997],[-76.49999999999999,3.385]]]},"properties":{"value":247.5648,"sigma":15.6793}},{"type":"Feature","geometry":{"type":"Polygon","coordinates":[[[-76.49499999999999,3.385],[-76.49,3.385],[-76.49,3.3899999999999997],[-76.49499999999999,3.3899999999999997],[-76.49499999999999,3.385]]]},"properties":{"value":245.9115,"sigma":17.8868}},{"type":"Feature","geometry":{"type":"Polygon","coordinates":[[[-76.49,3.385],[-76.485,3.385],[-76.485,3.3899999999999997],[-76.49,3.3899999999999997],[-76.49,3.385]]]},"properties":{"value":243.3071,"sigma":17.5876}},{"type":"Feature","geometry":{"type":"Polygon","coordinates":[[[-76.48499999999999,3.385],[-76.47999999999999,3.385],[-76.47999999999999,3.3899999999999997],[-76.48499999999999,3.3899999999999997],[-76.48499999999999,3.385]]]},"properties":{"value":244.741,"sigma":18.1399}},{"type":"Feature","geometry":{"type":"Polygon","coordinates":[[[-76.47999999999999,3.385],[-76.475,3.385],[-76.475,3.3899999999999997],[-76.47999999999999,3.3899999999999997],[-76.47999999999999,3.385]]]},"properties":{"value":246.6509,"sigma":18.1341}},{"type":"Feature","geometry":{"type":"Polygon","coordinates":[[[-76.475,3.385],[-76.47,3.385],[-76.47,3.3899999999999997],[-76.475,3.3899999999999997],[-76.475,3.385]]]},"properties":{"value":245.5377,"sigma":17.5264}},{"type":"Feature","geometry":{"type":"Polygon","coordinates":[[[-76.47,3.385],[-76.465,3.385],[-76.465,3.3899999999999997],[-76.47,3.3899999999999997],[-76.47,3.385]]]},"properties":{"value":242.4537,"sigma":15.2846}},{"type":"Feature","geometry":{"type":"Polygon","coordinates":[[[-76.46499999999999,3.385],[-76.46,3.385],[-76.46,3.3899999999999997],[-76.46499999999999,3.3899999999999997],[-76.46499999999999,3.385]]]},"properties":{"value":244.8346,"sigma":15.8815}},{"type":"Feature","geometry":{"type":"Polygon","coordinates":[[[-76.46,3.385],[-76.455,3.385],[-76.455,3.3899999999999997],[-76.46,3.3899999999999997],[-76.46,3.385]]]},"properties":{"value":243.7056,"sigma":17.3186}},{"type":"Feature","geometry":{"type":"Polygon","coordinates":[[[-76.455,3.385],[-76.45,3.385],[-76.45,3.3899999999999997],[-76.455,3.3899999999999997],[-76.455,3.385]]]},"properties":{"value":246.8523,"sigma":17.6586}},{"type":"Feature","geometry":{"type":"Polygon","coordinates":[[[-76.44999999999999,3.385],[-76.445,3.385],[-76.445,3.3899999999999997],[-76.44999999999999,3.3899999999999997],[-76.44999999999999,3.385]]]},"properties":{"value":245.4926,"sigma":18.4637}},{"type":"Feature","geometry":{"type":"Polygon","coordinates":[[[-76.445,3.385],[-76.44,3.385],[-76.44,3.3899999999999997],[-76.445,3.3899999999999997],[-76.445,3.385]]]},"properties":{"value":245.3198,"sigma":18.1825}},{"type":"Feature","geometry":{"type":"Polygon","coordinates":[[[-76.44,3.385],[-76.435,3.385],[-76.435,3.3899999999999997],[-76.44,3.3899999999999997],[-76.44,3.385]]]},"properties":{"value":244.8777,"sigma":17.3715}},{"type":"Feature","geometry":{"type":"Polygon","coordinates":[[[-76.43499999999999,3.385],[-76.42999999999999,3.385],[-76.42999999999999,3.3899999999999997],[-76.43499999999999,3.3899999999999997],[-76.43499999999999,3.385]]]},"properties":{"value":244.9666,"sigma":18.9055}},{"type":"Feature","geometry":{"type":"Polygon","coordinates":[[[-76.42999999999999,3.385],[-76.425,3.385],[-76.425,3.3899999999999997],[-76.42999999999999,3.3899999999999997],[-76.42999999999999,3.385]]]},"properties":{"value":242.524,"sigma":20.3492}},{"type":"Feature","geometry":{"type":"Polygon","coordinates":[[[-76.425,3.385],[-76.42,3.385],[-76.42,3.3899999999999997],[-76.425,3.3899999999999997],[-76.425,3.385]]]},"properties":{"value":245.9742,"sigma":20.2786}},{"type":"Feature","geometry":{"type":"Polygon","coordinates":[[[-76.41999999999999,3.385],[-76.41499999999999,3.385],[-76.41499999999999,3.3899999999999997],[-76.41999999999999,3.3899999999999997],[-76.41999999999999,3.385]]]},"properties":{"value":242.4761,"sigma":19.1619}},{"type":"Feature","geometry":{"type":"Polygon","coordinates":[[[-76.41499999999999,3.385],[-76.41,3.385],[-76.41,3.3899999999999997],[-76.41499999999999,3.3899999999999997],[-76.41499999999999,3.385]]]},"properties":{"value":245.2989,"sigma":21.1721}},{"type":"Feature","geometry":{"type":"Polygon","coordinates":[[[-76.41,3.385],[-76.405,3.385],[-76.405,3.3899999999999997],[-76.41,3.3899999999999997],[-76.41,3.385]]]},"properties":{"value":243.6587,"sigma":21.7883}},{"type":"Feature","geometry":{"type":"Polygon","coordinates":[[[-76.40499999999999,3.385],[-76.39999999999999,3.385],[-76.39999999999999,3.3899999999999997],[-76.40499999999999,3.3899999999999997],[-76.40499999999999,3.385]]]},"properties":{"value":244.6977,"sigma":21.9812}},{"type":"Feature","geometry":{"type":"Polygon","coordinates":[[[-76.6,3.3899999999999997],[-76.595,3.3899999999999997],[-76.595,3.3949999999999996],[-76.6,3.3949999999999996],[-76.6,3.3899999999999997]]]},"properties":{"value":243.1493,"sigma":18.5632}},{"type":"Feature","geometry":{"type":"Polygon","coordinates":[[[-76.595,3.3899999999999997],[-76.59,3.3899999999999997],[-76.59,3.3949999999999996],[-76.595,3.3949999999999996],[-76.595,3.3899999999999997]]]},"properties":{"value":243.6248,"sigma":18.8735}},{"type":"Feature","geometry":{"type":"Polygon","coordinates":[[[-76.58999999999999,3.3899999999999997],[-76.585,3.3899999999999997],[-76.585,3.3949999999999996],[-76.58999999999999,3.3949999999999996],[-76.58999999999999,3.3899999999999997]]]},"properties":{"value":248.3145,"sigma":17.4046}},{"type":"Feature","geometry":{"type":"Polygon","coordinates":[[[-76.585,3.3899999999999997],[-76.58,3.3899999999999997],[-76.58,3.3949999999999996],[-76.585,3.3949999999999996],[-76.585,3.3899999999999997]]]},"properties":{"value":242.4607,"sigma":15.2793}},{"type":"Feature","geometry":{"type":"Polygon","coordinates":[[[-76.58,3.3899999999999997],[-76.575,3.3899999999999997],[-76.575,3.3949999999999996],[-76.58,3.3949999999999996],[-76.58,3.3899999999999997]]]},"properties":{"value":244.045,"sigma":15.0989}},{"type":"Feature","geometry":{"type":"Polygon","coordinates":[[[-76.57499999999999,3.3899999999999997],[-76.57,3.3899999999999997],[-76.57,3.3949999999999996],[-76.57499999999999,3.3949999999999996],[-76.57499999999999,3.3899999999999997]]]},"properties":{"value":243.9408,"sigma":15.6414}},{"type":"Feature","geometry":{"type":"Polygon","coordinates":[[[-76.57,3.3899999999999997],[-76.565,3.3899999999999997],[-76.565,3.3949999999999996],[-76.57,3.3949999999999996],[-76.57,3.3899999999999997]]]},"properties":{"value":242.4128,"sigma":14.5535}},{"type":"Feature","geometry":{"type":"Polygon","coordinates":[[[-76.565,3.3899999999999997],[-76.56,3.3899999999999997],[-76.56,3.3949999999999996],[-76.565,3.3949999999999996],[-76.565,3.3899999999999997]]]},"properties":{"value":244.3493,"sigma":14.5407}},{"type":"Feature","geometry":{"type":"Polygon","coordinates":[[[-76.55999999999999,3.3899999999999997],[-76.55499999999999,3.3899999999999997],[-76.55499999999999,3.3949999999999996],[-76.55999999999999,3.3949999999999996],[-76.55999999999999,3.3899999999999997]]]},"properties":{"value":246.7857,"sigma":14.5742}},{"type":"Feature","geometry":{"type":"Polygon","coordinates":[[[-76.55499999999999,3.3899999999999997],[-76.55,3.3899999999999997],[-76.55,3.3949999999999996],[-76.55499999999999,3.3949999999999996],[-76.55499999999999,3.3899999999999997]]]},"properties":{"value":246.6497,"sigma":14.2053}},{"type":"Feature","geometry":{"type":"Polygon","coordinates":[[[-76.55,3.3899999999999997],[-76.545,3.3899999999999997],[-76.545,3.3949999999999996],[-76.55,3.3949999999999996],[-76.55,3.3899999999999997]]]},"properties":{"value":246.553,"sigma":12.8236}},{"type":"Feature","geometry":{"type":"Polygon","coordinates":[[[-76.54499999999999,3.3899999999999997],[-76.53999999999999,3.3899999999999997],[-76.53999999999999,3.3949999999999996],[-76.54499999999999,3.3949999999999996],[-76.54499999999999,3.3899999999999997]]]},"properties":{"value":245.7302,"sigma":12.9206}},{"type":"Feature","geometry":{"type":"Polygon","coordinates":[[[-76.53999999999999,3.3899999999999997],[-76.535,3.3899999999999997],[-76.535,3.3949999999999996],[-76.53999999999999,3.3949999999999996],[-76.53999999999999,3.3899999999999997]]]},"properties":{"value":244.3408,"sigma":12.4959}},{"type":"Feature","geometry":{"type":"Polygon","coordinates":[[[-76.535,3.3899999999999997],[-76.53,3.3899999999999997],[-76.53,3.3949999999999996],[-76.535,3.3949999999999996],[-76.535,3.3899999999999997]]]},"properties":{"value":242.3938,"sigma":12.6281}},{"type":"Feature","geometry":{"type":"Polygon","coordinates":[[[-76.52999999999999,3.3899999999999997],[-76.52499999999999,3.3899999999999997],[-76.52499999999999,3.3949999999999996],[-76.52999999999999,3.3949999999999996],[-76.52999999999999,3.3899999999999997]]]},"properties":{"value":244.8159,"sigma":12.7386}},{"type":"Feature","geometry":{"type":"Polygon","coordinates":[[[-76.52499999999999,3.3899999999999997],[-76.52,3.3899999999999997],[-76.52,3.3949999999999996],[-76.52499999999999,3.3949999999999996],[-76.52499999999999,3.3899999999999997]]]},"properties":{"value":243.3224,"sigma":12.4049}},{"type":"Feature","geometry":{"type":"Polygon","coordinates":[[[-76.52,3.3899999999999997],[-76.515,3.3899999999999997],[-76.515,3.3949999999999996],[-76.52,3.3949999999999996],[-76.52,3.3899999999999997]]]},"properties":{"value":247.9239,"sigma":13.5342}},{"type":"Feature","geometry":{"type":"Polygon","coordinates":[[[-76.51499999999999,3.3899999999999997],[-76.50999999999999,3.3899999999999997],[-76.50999999999999,3.3949999999999996],[-76.51499999999999,3.3949999999999996],[-76.51499999999999,3.3899999999999997]]]},"properties":{"value":246.1585,"sigma":13.4581}},{"type":"Feature","geometry":{"type":"Polygon","coordinates":[[[-76.50999999999999,3.3899999999999997],[-76.505,3.3899999999999997],[-76.505,3.3949999999999996],[-76.50999999999999,3.3949999999999996],[-76.50999999999999,3.3899999999999997]]]},"properties":{"value":245.9475,"sigma":15.171}},{"type":"Feature","geometry":{"type":"Polygon","coordinates":[[[-76.505,3.3899999999999997],[-76.5,3.3899999999999997],[-76.5,3.3949999999999996],[-76.505,3.3949999999999996],[-76.505,3.3899999999999997]]]},"properties":{"value":245.2186,"sigma":16.3972}},{"type":"Feature","geometry":{"type":"Polygon","coordinates":[[[-76.49999999999999,3.3899999999999997],[-76.49499999999999,3.3899999999999997],[-76.49499999999999,3.3949999999999996],[-76.49999999999999,3.3949999999999996],[-76.49999999999999,3.3899999999999997]]]},"properties":{"value":243.7249,"sigma":15.3051}},{"type":"Feature","geometry":{"type":"Polygon","coordinates":[[[-76.49499999999999,3.3899999999999997],[-76.49,3.3899999999999997],[-76.49,3.3949999999999996],[-76.49499999999999,3.3949999999999996],[-76.49499999999999,3.3899999999999997]]]},"properties":{"value":246.3372,"sigma":17.2313}},{"type":"Feature","geometry":{"type":"Polygon","coordinates":[[[-76.49,3.3899999999999997],[-76.485,3.3899999999999997],[-76.485,3.3949999999999996],[-76.49,3.3949999999999996],[-76.49,3.3899999999999997]]]},"properties":{"value":246.3213,"sigma":18.1816}},{"type":"Feature","geometry":{"type":"Polygon","coordinates":[[[-76.48499999999999,3.3899999999999997],[-76.47999999999999,3.3899999999999997],[-76.47999999999999,3.3949999999999996],[-76.48499999999999,3.3949999999999996],[-76.48499999999999,3.3899999999999997]]]},"properties":{"value":246.3791,"sigma":16.4148}},{"type":"Feature","geometry":{"type":"Polygon","coordinates":[[[-76.47999999999999,3.3899999999999997],[-76.475,3.3899999999999997],[-76.475,3.3949999999999996],[-76.47999999999999,3.3949999999999996],[-76.47999999999999,3.3899999999999997]]]},"properties":{"value":247.6922,"sigma":15.7184}},{"type":"Feature","geometry":{"type":"Polygon","coordinates":[[[-76.475,3.3899999999999997],[-76.47,3.3899999999999997],[-76.47,3.3949999999999996],[-76.475,3.3949999999999996],[-76.475,3.3899999999999997]]]},"properties":{"value":245.8614,"sigma":17.3522}},{"type":"Feature","geometry":{"type":"Polygon","coordinates":[[[-76.47,3.3899999999999997],[-76.465,3.3899999999999997],[-76.465,3.3949999999999996],[-76.47,3.3949999999999996],[-76.47,3.3899999999999997]]]},"properties":{"value":248.8201,"sigma":15.9163}},{"type":"Feature","geometry":{"type":"Polygon","coordinates":[[[-76.46499999999999,3.3899999999999997],[-76.46,3.3899999999999997],[-76.46,3.3949999999999996],[-76.46499999999999,3.3949999999999996],[-76.46499999999999,3.3899999999999997]]]},"properties":{"value":244.4472,"sigma":16.6659}},{"type":"Feature","geometry":{"type":"Polygon","coordinates":[[[-76.46,3.3899999999999997],[-76.455,3.3899999999999997],[-76.455,3.3949999999999996],[-76.46,3.3949999999999996],[-76.46,3.3899999999999997]]]},"properties":{"value":246.1068,"sigma":15.248}},{"type":"Feature","geometry":{"type":"Polygon","coordinates":[[[-76.455,3.3899999999999997],[-76.45,3.3899999999999997],[-76.45,3.3949999999999996],[-76.455,3.3949999999999996],[-76.455,3.3899999999999997]]]},"properties":{"value":244.6997,"sigma":15.8945}},{"type":"Feature","geometry":{"type":"Polygon","coordinates":[[[-76.44999999999999,3.3899999999999997],[-76.445,3.3899999999999997],[-76.445,3.3949999999999996],[-76.44999999999999,3.3949999999999996],[-76.44999999999999,3.3899999999999997]]]},"properties":{"value":245.0982,"sigma":15.6435}},{"type":"Feature","geometry":{"type":"Polygon","coordinates":[[[-76.445,3.3899999999999997],[-76.44,3.3899999999999997],[-76.44,3.3949999999999996],[-76.445,3.3949999999999996],[-76.445,3.3899999999999997]]]},"properties":{"value":246.4531,"sigma":16.2044}},{"type":"Feature","geometry":{"type":"Polygon","coordinates":[[[-76.44,3.3899999999999997],[-76.435,3.3899999999999997],[-76.435,3.3949999999999996],[-76.44,3.3949999999999996],[-76.44,3.3899999999999997]]]},"properties":{"value":245.8249,"sigma":16.9837}},{"type":"Feature","geometry":{"type":"Polygon","coordinates":[[[-76.43499999999999,3.3899999999999997],[-76.42999999999999,3.3899999999999997],[-76.42999999999999,3.3949999999999996],[-76.43499999999999,3.3949999999999996],[-76.43499999999999,3.3899999999999997]]]},"properties":{"value":245.1506,"sigma":17.3554}},{"type":"Feature","geometry":{"type":"Polygon","coordinates":[[[-76.42999999999999,3.3899999999999997],[-76.425,3.3899999999999997],[-76.425,3.3949999999999996],[-76.42999999999999,3.3949999999999996],[-76.42999999999999,3.3899999999999997]]]},"properties":{"value":246.3714,"sigma":19.7998}},{"type":"Feature","geometry":{"type":"Polygon","coordinates":[[[-76.425,3.3899999999999997],[-76.42,3.3899999999999997],[-76.42,3.3949999999999996],[-76.425,3.3949999999999996],[-76.425,3.3899999999999997]]]},"properties":{"value":247.6899,"sigma":19.8712}},{"type":"Feature","geometry":{"type":"Polygon","coordinates":[[[-76.41999999999999,3.3899999999999997],[-76.41499999999999,3.3899999999999997],[-76.41499999999999,3.3949999999999996],[-76.41999999999999,3.3949999999999996],[-76.41999999999999,3.3899999999999997]]]},"properties":{"value":243.655,"sigma":18.6927}},{"type":"Feature","geometry":{"type":"Polygon","coordinates":[[[-76.41499999999999,3.3899999999999997],[-76.41,3.3899999999999997],[-76.41,3.3949999999999996],[-76.41499999999999,3.3949999999999996],[-76.41499999999999,3.3899999999999997]]]},"properties":{"value":245.3688,"sigma":19.1824}},{"type":"Feature","geometry":{"type":"Polygon","coordinates":[[[-76.41,3.3899999999999997],[-76.405,3.3899999999999997],[-76.405,3.3949999999999996],[-76.41,3.3949999999999996],[-76.41,3.3899999999999997]]]},"properties":{"value":245.9833,"sigma":21.195}},{"type":"Feature","geometry":{"type":"Polygon","coordinates":[[[-76.40499999999999,3.3899999999999997],[-76.39999999999999,3.3899999999999997],[-76.39999999999999,3.3949999999999996],[-76.40499999999999,3.3949999999999996],[-76.40499999999999,3.3899999999999997]]]},"properties":{"value":245.957,"sigma":22.089}},{"type":"Feature","geometry":{"type":"Polygon","coordinates":[[[-76.6,3.395],[-76.595,3.395],[-76.595,3.4],[-76.6,3.4],[-76.6,3.395]]]},"properties":{"value":244.4895,"sigma":18.1987}},{"type":"Feature","geometry":{"type":"Polygon","coordinates":[[[-76.595,3.395],[-76.59,3.395],[-76.59,3.4],[-76.595,3.4],[-76.595,3.395]]]},"properties":{"value":245.7974,"sigma":16.9359}},{"type":"Feature","geometry":{"type":"Polygon","coordinates":[[[-76.58999999999999,3.395],[-76.585,3.395],[-76.585,3.4],[-76.58999999999999,3.4],[-76.58999999999999,3.395]]]},"properties":{"value":243.0093,"sigma":16.1856}},{"type":"Feature","geometry":{"type":"Polygon","coordinates":[[[-76.585,3.395],[-76.58,3.395],[-76.58,3.4],[-76.585,3.4],[-76.585,3.395]]]},"properties":{"value":244.2919,"sigma":17.1703}},{"type":"Feature","geometry":{"type":"Polygon","coordinates":[[[-76.58,3.395],[-76.575,3.395],[-76.575,3.4],[-76.58,3.4],[-76.58,3.395]]]},"properties":{"value":245.4485,"sigma":15.2763}},{"type":"Feature","geometry":{"type":"Polygon","coordinates":[[[-76.57499999999999,3.395],[-76.57,3.395],[-76.57,3.4],[-76.57499999999999,3.4],[-76.57499999999999,3.395]]]},"properties":{"value":243.4901,"sigma":15.1819}},{"type":"Feature","geometry":{"type":"Polygon","coordinates":[[[-76.57,3.395],[-76.565,3.395],[-76.565,3.4],[-76.57,3.4],[-76.57,3.395]]]},"properties":{"value":244.4417,"sigma":13.2809}},{"type":"Feature","geometry":{"type":"Polygon","coordinates":[[[-76.565,3.395],[-76.56,3.395],[-76.56,3.4],[-76.565,3.4],[-76.565,3.395]]]},"properties":{"value":246.4007,"sigma":13.0609}},{"type":"Feature","geometry":{"type":"Polygon","coordinates":[[[-76.55999999999999,3.395],[-76.55499999999999,3.395],[-76.55499999999999,3.4],[-76.55999999999999,3.4],[-76.55999999999999,3.395]]]},"properties":{"value":244.0288,"sigma":11.201}},{"type":"Feature","geometry":{"type":"Polygon","coordinates":[[[-76.55499999999999,3.395],[-76.55,3.395],[-76.55,3.4],[-76.55499999999999,3.4],[-76.55499999999999,3.395]]]},"properties":{"value":246.6036,"sigma":12.6425}},{"type":"Feature","geometry":{"type":"Polygon","coordinates":[[[-76.55,3.395],[-76.545,3.395],[-76.545,3.4],[-76.55,3.4],[-76.55,3.395]]]},"properties":{"value":245.3679,"sigma":13.5638}},{"type":"Feature","geometry":{"type":"Polygon","coordinates":[[[-76.54499999999999,3.395],[-76.53999999999999,3.395],[-76.53999999999999,3.4],[-76.54499999999999,3.4],[-76.54499999999999,3.395]]]},"properties":{"value":243.6212,"sigma":12.2722}},{"type":"Feature","geometry":{"type":"Polygon","coordinates":[[[-76.53999999999999,3.395],[-76.535,3.395],[-76.535,3.4],[-76.53999999999999,3.4],[-76.53999999999999,3.395]]]},"properties":{"value":245.8529,"sigma":13.5908}},{"type":"Feature","geometry":{"type":"Polygon","coordinates":[[[-76.535,3.395],[-76.53,3.395],[-76.53,3.4],[-76.535,3.4],[-76.535,3.395]]]},"properties":{"value":245.1582,"sigma":12.4418}},{"type":"Feature","geometry":{"type":"Polygon","coordinates":[[[-76.52999999999999,3.395],[-76.52499999999999,3.395],[-76.52499999999999,3.4],[-76.52999999999999,3.4],[-76.52999999999999,3.395]]]},"properties":{"value":243.373,"sigma":12.1923}},{"type":"Feature","geometry":{"type":"Polygon","coordinates":[[[-76.52499999999999,3.395],[-76.52,3.395],[-76.52,3.4],[-76.52499999999999,3.4],[-76.52499999999999,3.395]]]},"properties":{"value":245.4314,"sigma":13.1041}},{"type":"Feature","geometry":{"type":"Polygon","coordinates":[[[-76.52,3.395],[-76.515,3.395],[-76.515,3.4],[-76.52,3.4],[-76.52,3.395]]]},"properties":{"value":245.6294,"sigma":13.8224}},{"type":"Feature","geometry":{"type":"Polygon","coordinates":[[[-76.51499999999999,3.395],[-76.50999999999999,3.395],[-76.50999999999999,3.4],[-76.51499999999999,3.4],[-76.51499999999999,3.395]]]},"properties":{"value":244.8421,"sigma":13.9075}},{"type":"Feature","geometry":{"type":"Polygon","coordinates":[[[-76.50999999999999,3.395],[-76.505,3.395],[-76.505,3.4],[-76.50999999999999,3.4],[-76.50999999999999,3.395]]]},"properties":{"value":242.3149,"sigma":15.6314}},{"type":"Feature","geometry":{"type":"Polygon","coordinates":[[[-76.505,3.395],[-76.5,3.395],[-76.5,3.4],[-76.505,3.4],[-76.505,3.395]]]},"properties":{"value":244.1363,"sigma":16.8005}},{"type":"Feature","geometry":{"type":"Polygon","coordinates":[[[-76.49999999999999,3.395],[-76.49499999999999,3.395],[-76.49499999999999,3.4],[-76.49999999999999,3.4],[-76.49999999999999,3.395]]]},"properties":{"value":242.6885,"sigma":16.2647}},{"type":"Feature","geometry":{"type":"Polygon","coordinates":[[[-76.49499999999999,3.395],[-76.49,3.395],[-76.49,3.4],[-76.49499999999999,3.4],[-76.49499999999999,3.395]]]},"properties":{"value":244.5197,"sigma":17.4099}},{"type":"Feature","geometry":{"type":"Polygon","coordinates":[[[-76.49,3.395],[-76.485,3.395],[-76.485,3.4],[-76.49,3.4],[-76.49,3.395]]]},"properties":{"value":246.9798,"sigma":15.5862}},{"type":"Feature","geometry":{"type":"Polygon","coordinates":[[[-76.48499999999999,3.395],[-76.47999999999999,3.395],[-76.47999999999999,3.4],[-76.48499999999999,3.4],[-76.48499999999999,3.395]]]},"properties":{"value":246.5195,"sigma":16.0843}},{"type":"Feature","geometry":{"type":"Polygon","coordinates":[[[-76.47999999999999,3.395],[-76.475,3.395],[-76.475,3.4],[-76.47999999999999,3.4],[-76.47999999999999,3.395]]]},"properties":{"value":242.9591,"sigma":15.7992}},{"type":"Feature","geometry":{"type":"Polygon","coordinates":[[[-76.475,3.395],[-76.47,3.395],[-76.47,3.4],[-76.475,3.4],[-76.475,3.395]]]},"properties":{"value":243.5242,"sigma":15.5679}},{"type":"Feature","geometry":{"type":"Polygon","coordinates":[[[-76.47,3.395],[-76.465,3.395],[-76.465,3.4],[-76.47,3.4],[-76.47,3.395]]]},"properties":{"value":244.1893,"sigma":14.689}},{"type":"Feature","geometry":{"type":"Polygon","coordinates":[[[-76.46499999999999,3.395],[-76.46,3.395],[-76.46,3.4],[-76.46499999999999,3.4],[-76.46499999999999,3.395]]]},"properties":{"value":244.7198,"sigma":14.9027}},{"type":"Feature","geometry":{"type":"Polygon","coordinates":[[[-76.46,3.395],[-76.455,3.395],[-76.455,3.4],[-76.46,3.4],[-76.46,3.395]]]},"properties":{"value":241.1671,"sigma":15.6406}},{"type":"Feature","geometry":{"type":"Polygon","coordinates":[[[-76.455,3.395],[-76.45,3.395],[-76.45,3.4],[-76.455,3.4],[-76.455,3.395]]]},"properties":{"value":243.4143,"sigma":15.4879}},{"type":"Feature","geometry":{"type":"Polygon","coordinates":[[[-76.44999999999999,3.395],[-76.445,3.395],[-76.445,3.4],[-76.44999999999999,3.4],[-76.44999999999999,3.395]]]},"properties":{"value":245.3258,"sigma":15.7926}},{"type":"Feature","geometry":{"type":"Polygon","coordinates":[[[-76.445,3.395],[-76.44,3.395],[-76.44,3.4],[-76.445,3.4],[-76.445,3.395]]]},"properties":{"value":244.5447,"sigma":17.5957}},{"type":"Feature","geometry":{"type":"Polygon","coordinates":[[[-76.44,3.395],[-76.435,3.395],[-76.435,3.4],[-76.44,3.4],[-76.44,3.395]]]},"properties":{"value":244.2753,"sigma":15.7509}},{"type":"Feature","geometry":{"type":"Polygon","coordinates":[[[-76.43499999999999,3.395],[-76.42999999999999,3.395],[-76.42999999999999,3.4],[-76.43499999999999,3.4],[-76.43499999999999,3.395]]]},"properties":{"value":245.5288,"sigma":17.9283}},{"type":"Feature","geometry":{"type":"Polygon","coordinates":[[[-76.42999999999999,3.395],[-76.425,3.395],[-76.425,3.4],[-76.42999999999999,3.4],[-76.42999999999999,3.395]]]},"properties":{"value":243.4199,"sigma":17.5681}},{"type":"Feature","geometry":{"type":"Polygon","coordinates":[[[-76.425,3.395],[-76.42,3.395],[-76.42,3.4],[-76.425,3.4],[-76.425,3.395]]]},"properties":{"value":243.405,"sigma":20.3032}},{"type":"Feature","geometry":{"type":"Polygon","coordinates":[[[-76.41999999999999,3.395],[-76.41499999999999,3.395],[-76.41499999999999,3.4],[-76.41999999999999,3.4],[-76.41999999999999,3.395]]]},"properties":{"value":247.0912,"sigma":20.3855}},{"type":"Feature","geometry":{"type":"Polygon","coordinates":[[[-76.41499999999999,3.395],[-76.41,3.395],[-76.41,3.4],[-76.41499999999999,3.4],[-76.41499999999999,3.395]]]},"properties":{"value":245.5712,"sigma":20.2835}},{"type":"Feature","geometry":{"type":"Polygon","coordinates":[[[-76.41,3.395],[-76.405,3.395],[-76.405,3.4],[-76.41,3.4],[-76.41,3.395]]]},"properties":{"value":247.138,"sigma":22.2916}},{"type":"Feature","geometry":{"type":"Polygon","coordinates":[[[-76.40499999999999,3.395],[-76.39999999999999,3.395],[-76.39999999999999,3.4],[-76.40499999999999,3.4],[-76.40499999999999,3.395]]]},"properties":{"value":247.2511,"sigma":22.9391}},{"type":"Feature","geometry":{"type":"Polygon","coordinates":[[[-76.6,3.4],[-76.595,3.4],[-76.595,3.405],[-76.6,3.405],[-76.6,3.4]]]},"properties":{"value":244.0943,"sigma":18.1873}},{"type":"Feature","geometry":{"type":"Polygon","coordinates":[[[-76.595,3.4],[-76.59,3.4],[-76.59,3.405],[-76.595,3.405],[-76.595,3.4]]]},"properties":{"value":243.9204,"sigma":17.5678}},{"type":"Feature","geometry":{"type":"Polygon","coordinates":[[[-76.58999999999999,3.4],[-76.585,3.4],[-76.585,3.405],[-76.58999999999999,3.405],[-76.58999999999999,3.4]]]},"properties":{"value":247.5514,"sigma":17.2717}},{"type":"Feature","geometry":{"type":"Polygon","coordinates":[[[-76.585,3.4],[-76.58,3.4],[-76.58,3.405],[-76.585,3.405],[-76.585,3.4]]]},"properties":{"value":243.7767,"sigma":14.4728}},{"type":"Feature","geometry":{"type":"Polygon","coordinates":[[[-76.58,3.4],[-76.575,3.4],[-76.575,3.405],[-76.58,3.405],[-76.58,3.4]]]},"properties":{"value":243.7265,"sigma":14.4981}},{"type":"Feature","geometry":{"type":"Polygon","coordinates":[[[-76.57499999999999,3.4],[-76.57,3.4],[-76.57,3.405],[-76.57499999999999,3.405],[-76.57499999999999,3.4]]]},"properties":{"value":244.3231,"sigma":14.9252}},{"type":"Feature","geometry":{"type":"Polygon","coordinates":[[[-76.57,3.4],[-76.565,3.4],[-76.565,3.405],[-76.57,3.405],[-76.57,3.4]]]},"properties":{"value":245.7508,"sigma":14.3347}},{"type":"Feature","geometry":{"type":"Polygon","coordinates":[[[-76.565,3.4],[-76.56,3.4],[-76.56,3.405],[-76.565,3.405],[-76.565,3.4]]]},"properties":{"value":245.0193,"sigma":12.0941}},{"type":"Feature","geometry":{"type":"Polygon","coordinates":[[[-76.55999999999999,3.4],[-76.55499999999999,3.4],[-76.55499999999999,3.405],[-76.55999999999999,3.405],[-76.55999999999999,3.4]]]},"properties":{"value":245.3915,"sigma":12.7985}},{"type":"Feature","geometry":{"type":"Polygon","coordinates":[[[-76.55499999999999,3.4],[-76.55,3.4],[-76.55,3.405],[-76.55499999999999,3.405],[-76.55499999999999,3.4]]]},"properties":{"value":245.6599,"sigma":11.503}},{"type":"Feature","geometry":{"type":"Polygon","coordinates":[[[-76.55,3.4],[-76.545,3.4],[-76.545,3.405],[-76.55,3.405],[-76.55,3.4]]]},"properties":{"value":246.1635,"sigma":11.9647}},{"type":"Feature","geometry":{"type":"Polygon","coordinates":[[[-76.54499999999999,3.4],[-76.53999999999999,3.4],[-76.53999999999999,3.405],[-76.54499999999999,3.405],[-76.54499999999999,3.4]]]},"properties":{"value":246.1895,"sigma":12.7401}},{"type":"Feature","geometry":{"type":"Polygon","coordinates":[[[-76.53999999999999,3.4],[-76.535,3.4],[-76.535,3.405],[-76.53999999999999,3.405],[-76.53999999999999,3.4]]]},"properties":{"value":245.1433,"sigma":12.9615}},{"type":"Feature","geometry":{"type":"Polygon","coordinates":[[[-76.535,3.4],[-76.53,3.4],[-76.53,3.405],[-76.535,3.405],[-76.535,3.4]]]},"properties":{"value":244.8449,"sigma":14.3333}},{"type":"Feature","geometry":{"type":"Polygon","coordinates":[[[-76.52999999999999,3.4],[-76.52499999999999,3.4],[-76.52499999999999,3.405],[-76.52999999999999,3.405],[-76.52999999999999,3.4]]]},"properties":{"value":246.3103,"sigma":15.6141}},{"type":"Feature","geometry":{"type":"Polygon","coordinates":[[[-76.52499999999999,3.4],[-76.52,3.4],[-76.52,3.405],[-76.52499999999999,3.405],[-76.52499999999999,3.4]]]},"properties":{"value":246.7768,"sigma":14.8926}},{"type":"Feature","geometry":{"type":"Polygon","coordinates":[[[-76.52,3.4],[-76.515,3.4],[-76.515,3.405],[-76.52,3.405],[-76.52,3.4]]]},"properties":{"value":244.8027,"sigma":14.0833}},{"type":"Feature","geometry":{"type":"Polygon","coordinates":[[[-76.51499999999999,3.4],[-76.50999999999999,3.4],[-76.50999999999999,3.405],[-76.51499999999999,3.405],[-76.51499999999999,3.4]]]},"properties":{"value":245.3883,"sigma":15.4282}},{"type":"Feature","geometry":{"type":"Polygon","coordinates":[[[-76.50999999999999,3.4],[-76.505,3.4],[-76.505,3.405],[-76.50999999999999,3.405],[-76.50999999999999,3.4]]]},"properties":{"value":246.3996,"sigma":15.2615}},{"type":"Feature","geometry":{"type":"Polygon","coordinates":[[[-76.505,3.4],[-76.5,3.4],[-76.5,3.405],[-76.505,3.405],[-76.505,3.4]]]},"properties":{"value":246.5981,"sigma":15.6607}},{"type":"Feature","geometry":{"type":"Polygon","coordinates":[[[-76.49999999999999,3.4],[-76.49499999999999,3.4],[-76.49499999999999,3.405],[-76.49999999999999,3.405],[-76.49999999999999,3.4]]]},"properties":{"value":244.1234,"sigma":15.5849}},{"type":"Feature","geometry":{"type":"Polygon","coordinates":[[[-76.49499999999999,3.4],[-76.49,3.4],[-76.49,3.405],[-76.49499999999999,3.405],[-76.49499999999999,3.4]]]},"properties":{"value":245.0596,"sigma":16.26}},{"type":"Feature","geometry":{"type":"Polygon","coordinates":[[[-76.49,3.4],[-76.485,3.4],[-76.485,3.405],[-76.49,3.405],[-76.49,3.4]]]},"properties":{"value":246.3655,"sigma":17.0028}},{"type":"Feature","geometry":{"type":"Polygon","coordinates":[[[-76.48499999999999,3.4],[-76.47999999999999,3.4],[-76.47999999999999,3.405],[-76.48499999999999,3.405],[-76.48499999999999,3.4]]]},"properties":{"value":248.6098,"sigma":15.8534}},{"type":"Feature","geometry":{"type":"Polygon","coordinates":[[[-76.47999999999999,3.4],[-76.475,3.4],[-76.475,3.405],[-76.47999999999999,3.405],[-76.47999999999999,3.4]]]},"properties":{"value":245.3841,"sigma":14.3774}},{"type":"Feature","geometry":{"type":"Polygon","coordinates":[[[-76.475,3.4],[-76.47,3.4],[-76.47,3.405],[-76.475,3.405],[-76.475,3.4]]]},"properties":{"value":246.3251,"sigma":14.5229}},{"type":"Feature","geometry":{"type":"Polygon","coordinates":[[[-76.47,3.4],[-76.465,3.4],[-76.465,3.405],[-76.47,3.405],[-76.47,3.4]]]},"properties":{"value":243.5407,"sigma":14.9837}},{"type":"Feature","geometry":{"type":"Polygon","coordinates":[[[-76.46499999999999,3.4],[-76.46,3.4],[-76.46,3.405],[-76.46499999999999,3.405],[-76.46499999999999,3.4]]]},"properties":{"value":242.0121,"sigma":13.2034}},{"type":"Feature","geometry":{"type":"Polygon","coordinates":[[[-76.46,3.4],[-76.455,3.4],[-76.455,3.405],[-76.46,3.405],[-76.46,3.4]]]},"properties":{"value":245.9517,"sigma":14.6343}},{"type":"Feature","geometry":{"type":"Polygon","coordinates":[[[-76.455,3.4],[-76.45,3.4],[-76.45,3.405],[-76.455,3.405],[-76.455,3.4]]]},"properties":{"value":245.7077,"sigma":14.057}},{"type":"Feature","geometry":{"type":"Polygon","coordinates":[[[-76.44999999999999,3.4],[-76.445,3.4],[-76.445,3.405],[-76.44999999999999,3.405],[-76.44999999999999,3.4]]]},"properties":{"value":246.9022,"sigma":15.6439}},{"type":"Feature","geometry":{"type":"Polygon","coordinates":[[[-76.445,3.4],[-76.44,3.4],[-76.44,3.405],[-76.445,3.405],[-76.445,3.4]]]},"properties":{"value":248.0897,"sigma":14.8394}},{"type":"Feature","geometry":{"type":"Polygon","coordinates":[[[-76.44,3.4],[-76.435,3.4],[-76.435,3.405],[-76.44,3.405],[-76.44,3.4]]]},"properties":{"value":245.9141,"sigma":16.7394}},{"type":"Feature","geometry":{"type":"Polygon","coordinates":[[[-76.43499999999999,3.4],[-76.42999999999999,3.4],[-76.42999999999999,3.405],[-76.43499999999999,3.405],[-76.43499999999999,3.4]]]},"properties":{"value":244.3157,"sigma":17.623}},{"type":"Feature","geometry":{"type":"Polygon","coordinates":[[[-76.42999999999999,3.4],[-76.425,3.4],[-76.425,3.405],[-76.42999999999999,3.405],[-76.42999999999999,3.4]]]},"properties":{"value":246.0045,"sigma":17.1407}},{"type":"Feature","geometry":{"type":"Polygon","coordinates":[[[-76.425,3.4],[-76.42,3.4],[-76.42,3.405],[-76.425,3.405],[-76.425,3.4]]]},"properties":{"value":243.5191,"sigma":18.2259}},{"type":"Feature","geometry":{"type":"Polygon","coordinates":[[[-76.41999999999999,3.4],[-76.41499999999999,3.4],[-76.41499999999999,3.405],[-76.41999999999999,3.405],[-76.41999999999999,3.4]]]},"properties":{"value":243.0753,"sigma":18.7453}},{"type":"Feature","geometry":{"type":"Polygon","coordinates":[[[-76.41499999999999,3.4],[-76.41,3.4],[-76.41,3.405],[-76.41499999999999,3.405],[-76.41499999999999,3.4]]]},"properties":{"value":244.8491,"sigma":21.2348}},{"type":"Feature","geometry":{"type":"Polygon","coordinates":[[[-76.41,3.4],[-76.405,3.4],[-76.405,3.405],[-76.41,3.405],[-76.41,3.4]]]},"properties":{"value":245.0177,"sigma":21.4391}},{"type":"Feature","geometry":{"type":"Polygon","coordinates":[[[-76.40499999999999,3.4],[-76.39999999999999,3.4],[-76.39999999999999,3.405],[-76.40499999999999,3.405],[-76.40499999999999,3.4]]]},"properties":{"value":243.9373,"sigma":22.3821}},{"type":"Feature","geometry":{"type":"Polygon","coordinates":[[[-76.6,3.405],[-76.595,3.405],[-76.595,3.4099999999999997],[-76.6,3.4099999999999997],[-76.6,3.405]]]},"properties":{"value":245.0385,"sigma":17.8015}},{"type":"Feature","geometry":{"type":"Polygon","coordinates":[[[-76.595,3.405],[-76.59,3.405],[-76.59,3.4099999999999997],[-76.595,3.4099999999999997],[-76.595,3.405]]]},"properties":{"value":245.045,"sigma":15.9467}},{"type":"Feature","geometry":{"type":"Polygon","coordinates":[[[-76.58999999999999,3.405],[-76.585,3.405],[-76.585,3.4099999999999997],[-76.58999999999999,3.4099999999999997],[-76.58999999999999,3.405]]]},"properties":{"value":244.9923,"sigma":17.1631}},{"type":"Feature","geometry":{"type":"Polygon","coordinates":[[[-76.585,3.405],[-76.58,3.405],[-76.58,3.4099999999999997],[-76.585,3.4099999999999997],[-76.585,3.405]]]},"properties":{"value":247.6375,"sigma":13.7726}},{"type":"Feature","geometry":{"type":"Polygon","coordinates":[[[-76.58,3.405],[-76.575,3.405],[-76.575,3.4099999999999997],[-76.58,3.4099999999999997],[-76.58,3.405]]]},"properties":{"value":247.6195,"sigma":13.935}},{"type":"Feature","geometry":{"type":"Polygon","coordinates":[[[-76.57499999999999,3.405],[-76.57,3.405],[-76.57,3.4099999999999997],[-76.57499999999999,3.4099999999999997],[-76.57499999999999,3.405]]]},"properties":{"value":243.4597,"sigma":14.6388}},{"type":"Feature","geometry":{"type":"Polygon","coordinates":[[[-76.57,3.405],[-76.565,3.405],[-76.565,3.4099999999999997],[-76.57,3.4099999999999997],[-76.57,3.405]]]},"properties":{"value":247.376,"sigma":14.0602}},{"type":"Feature","geometry":{"type":"Polygon","coordinates":[[[-76.565,3.405],[-76.56,3.405],[-76.56,3.4099999999999997],[-76.565,3.4099999999999997],[-76.565,3.405]]]},"properties":{"value":243.6008,"sigma":13.4031}},{"type":"Feature","geometry":{"type":"Polygon","coordinates":[[[-76.55999999999999,3.405],[-76.55499999999999,3.405],[-76.55499999999999,3.4099999999999997],[-76.55999999999999,3.4099999999999997],[-76.55999999999999,3.405]]]},"properties":{"value":245.0685,"sigma":11.9975}},{"type":"Feature","geometry":{"type":"Polygon","coordinates":[[[-76.55499999999999,3.405],[-76.55,3.405],[-76.55,3.4099999999999997],[-76.55499999999999,3.4099999999999997],[-76.55499999999999,3.405]]]},"properties":{"value":244.9809,"sigma":11.0504}},{"type":"Feature","geometry":{"type":"Polygon","coordinates":[[[-76.55,3.405],[-76.545,3.405],[-76.545,3.4099999999999997],[-76.55,3.4099999999999997],[-76.55,3.405]]]},"properties":{"value":246.7061,"sigma":9.4825}},{"type":"Feature","geometry":{"type":"Polygon","coordinates":[[[-76.54499999999999,3.405],[-76.53999999999999,3.405],[-76.53999999999999,3.4099999999999997],[-76.54499999999999,3.4099999999999997],[-76.54499999999999,3.405]]]},"properties":{"value":243.9477,"sigma":12.1951}},{"type":"Feature","geometry":{"type":"Polygon","coordinates":[[[-76.53999999999999,3.405],[-76.535,3.405],[-76.535,3.4099999999999997],[-76.53999999999999,3.4099999999999997],[-76.53999999999999,3.405]]]},"properties":{"value":243.6832,"sigma":12.8805}},{"type":"Feature","geometry":{"type":"Polygon","coordinates":[[[-76.535,3.405],[-76.53,3.405],[-76.53,3.4099999999999997],[-76.535,3.4099999999999997],[-76.535,3.405]]]},"properties":{"value":244.2852,"sigma":11.6327}},{"type":"Feature","geometry":{"type":"Polygon","coordinates":[[[-76.52999999999999,3.405],[-76.52499999999999,3.405],[-76.52499999999999,3.4099999999999997],[-76.52999999999999,3.4099999999999997],[-76.52999999999999,3.405]]]},"properties":{"value":247.2555,"sigma":14.0565}},{"type":"Feature","geometry":{"type":"Polygon","coordinates":[[[-76.52499999999999,3.405],[-76.52,3.405],[-76.52,3.4099999999999997],[-76.52499999999999,3.4099999999999997],[-76.52499999999999,3.405]]]},"properties":{"value":242.6127,"sigma":13.8178}},{"type":"Feature","geometry":{"type":"Polygon","coordinates":[[[-76.52,3.405],[-76.515,3.405],[-76.515,3.4099999999999997],[-76.52,3.4099999999999997],[-76.52,3.405]]]},"properties":{"value":242.2155,"sigma":13.9115}},{"type":"Feature","geometry":{"type":"Polygon","coordinates":[[[-76.51499999999999,3.405],[-76.50999999999999,3.405],[-76.50999999999999,3.4099999999999997],[-76.51499999999999,3.4099999999999997],[-76.51499999999999,3.405]]]},"properties":{"value":243.7032,"sigma":16.0308}},{"type":"Feature","geometry":{"type":"Polygon","coordinates":[[[-76.50999999999999,3.405],[-76.505,3.405],[-76.505,3.4099999999999997],[-76.50999999999999,3.4099999999999997],[-76.50999999999999,3.405]]]},"properties":{"value":247.5417,"sigma":15.3489}},{"type":"Feature","geometry":{"type":"Polygon","coordinates":[[[-76.505,3.405],[-76.5,3.405],[-76.5,3.4099999999999997],[-76.505,3.4099999999999997],[-76.505,3.405]]]},"properties":{"value":245.6161,"sigma":18.2889}},{"type":"Feature","geometry":{"type":"Polygon","coordinates":[[[-76.49999999999999,3.405],[-76.49499999999999,3.405],[-76.49499999999999,3.4099999999999997],[-76.49999999999999,3.4099999999999997],[-76.49999999999999,3.405]]]},"properties":{"value":245.5334,"sigma":16.7174}},{"type":"Feature","geometry":{"type":"Polygon","coordinates":[[[-76.49499999999999,3.405],[-76.49,3.405],[-76.49,3.4099999999999997],[-76.49499999999999,3.4099999999999997],[-76.49499999999999,3.405]]]},"properties":{"value":243.9937,"sigma":15.5893}},{"type":"Feature","geometry":{"type":"Polygon","coordinates":[[[-76.49,3.405],[-76.485,3.405],[-76.485,3.4099999999999997],[-76.49,3.4099999999999997],[-76.49,3.405]]]},"properties":{"value":245.3232,"sigma":16.1073}},{"type":"Feature","geometry":{"type":"Polygon","coordinates":[[[-76.48499999999999,3.405],[-76.47999999999999,3.405],[-76.47999999999999,3.4099999999999997],[-76.48499999999999,3.4099999999999997],[-76.48499999999999,3.405]]]},"properties":{"value":245.3085,"sigma":14.6839}},{"type":"Feature","geometry":{"type":"Polygon","coordinates":[[[-76.47999999999999,3.405],[-76.475,3.405],[-76.475,3.4099999999999997],[-76.47999999999999,3.4099999999999997],[-76.47999999999999,3.405]]]},"properties":{"value":246.2443,"sigma":14.5439}},{"type":"Feature","geometry":{"type":"Polygon","coordinates":[[[-76.475,3.405],[-76.47,3.405],[-76.47,3.4099999999999997],[-76.475,3.4099999999999997],[-76.475,3.405]]]},"properties":{"value":244.3903,"sigma":13.2351}},{"type":"Feature","geometry":{"type":"Polygon","coordinates":[[[-76.47,3.405],[-76.465,3.405],[-76.465,3.4099999999999997],[-76.47,3.4099999999999997],[-76.47,3.405]]]},"properties":{"value":242.8251,"sigma":15.7126}},{"type":"Feature","geometry":{"type":"Polygon","coordinates":[[[-76.46499999999999,3.405],[-76.46,3.405],[-76.46,3.4099999999999997],[-76.46499999999999,3.4099999999999997],[-76.46499999999999,3.405]]]},"properties":{"value":245.2372,"sigma":13.5791}},{"type":"Feature","geometry":{"type":"Polygon","coordinates":[[[-76.46,3.405],[-76.455,3.405],[-76.455,3.4099999999999997],[-76.46,3.4099999999999997],[-76.46,3.405]]]},"properties":{"value":245.7814,"sigma":12.6989}},{"type":"Feature","geometry":{"type":"Polygon","coordinates":[[[-76.455,3.405],[-76.45,3.405],[-76.45,3.4099999999999997],[-76.455,3.4099999999999997],[-76.455,3.405]]]},"properties":{"value":245.3089,"sigma":12.4281}},{"type":"Feature","geometry":{"type":"Polygon","coordinates":[[[-76.44999999999999,3.405],[-76.445,3.405],[-76.445,3.4099999999999997],[-76.44999999999999,3.4099999999999997],[-76.44999999999999,3.405]]]},"properties":{"value":244.9444,"sigma":15.1244}},{"type":"Feature","geometry":{"type":"Polygon","coordinates":[[[-76.445,3.405],[-76.44,3.405],[-76.44,3.4099999999999997],[-76.445,3.4099999999999997],[-76.445,3.405]]]},"properties":{"value":247.0198,"sigma":14.7728}},{"type":"Feature","geometry":{"type":"Polygon","coordinates":[[[-76.44,3.405],[-76.435,3.405],[-76.435,3.4099999999999997],[-76.44,3.4099999999999997],[-76.44,3.405]]]},"properties":{"value":244.1582,"sigma":16.0378}},{"type":"Feature","geometry":{"type":"Polygon","coordinates":[[[-76.43499999999999,3.405],[-76.42999999999999,3.405],[-76.42999999999999,3.4099999999999997],[-76.43499999999999,3.4099999999999997],[-76.43499999999999,3.405]]]},"properties":{"value":246.1886,"sigma":17.2133}},{"type":"Feature","geometry":{"type":"Polygon","coordinates":[[[-76.42999999999999,3.405],[-76.425,3.405],[-76.425,3.4099999999999997],[-76.42999999999999,3.4099999999999997],[-76.42999999999999,3.405]]]},"properties":{"value":246.6473,"sigma":17.9737}},{"type":"Feature","geometry":{"type":"Polygon","coordinates":[[[-76.425,3.405],[-76.42,3.405],[-76.42,3.4099999999999997],[-76.425,3.4099999999999997],[-76.425,3.405]]]},"properties":{"value":245.139,"sigma":17.6195}},{"type":"Feature","geometry":{"type":"Polygon","coordinates":[[[-76.41999999999999,3.405],[-76.41499999999999,3.405],[-76.41499999999999,3.4099999999999997],[-76.41999999999999,3.4099999999999997],[-76.41999999999999,3.405]]]},"properties":{"value":245.6485,"sigma":18.1565}},{"type":"Feature","geometry":{"type":"Polygon","coordinates":[[[-76.41499999999999,3.405],[-76.41,3.405],[-76.41,3.4099999999999997],[-76.41499999999999,3.4099999999999997],[-76.41499999999999,3.405]]]},"properties":{"value":244.9628,"sigma":19.7478}},{"type":"Feature","geometry":{"type":"Polygon","coordinates":[[[-76.41,3.405],[-76.405,3.405],[-76.405,3.4099999999999997],[-76.41,3.4099999999999997],[-76.41,3.405]]]},"properties":{"value":243.149,"sigma":19.7646}},{"type":"Feature","geometry":{"type":"Polygon","coordinates":[[[-76.40499999999999,3.405],[-76.39999999999999,3.405],[-76.39999999999999,3.4099999999999997],[-76.40499999999999,3.4099999999999997],[-76.40499999999999,3.405]]]},"properties":{"value":243.4094,"sigma":21.7913}},{"type":"Feature","geometry":{"type":"Polygon","coordinates":[[[-76.6,3.4099999999999997],[-76.595,3.4099999999999997],[-76.595,3.4149999999999996],[-76.6,3.4149999999999996],[-76.6,3.4099999999999997]]]},"properties":{"value":243.0093,"sigma":16.6287}},{"type":"Feature","geometry":{"type":"Polygon","coordinates":[[[-76.595,3.4099999999999997],[-76.59,3.4099999999999997],[-76.59,3.4149999999999996],[-76.595,3.4149999999999996],[-76.595,3.4099999999999997]]]},"properties":{"value":244.1948,"sigma":17.5714}},{"type":"Feature","geometry":{"type":"Polygon","coordinates":[[[-76.58999999999999,3.4099999999999997],[-76.585,3.4099999999999997],[-76.585,3.4149999999999996],[-76.58999999999999,3.4149999999999996],[-76.58999999999999,3.4099999999999997]]]},"properties":{"value":245.6134,"sigma":17.344}},{"type":"Feature","geometry":{"type":"Polygon","coordinates":[[[-76.585,3.4099999999999997],[-76.58,3.4099999999999997],[-76.58,3.4149999999999996],[-76.585,3.4149999999999996],[-76.585,3.4099999999999997]]]},"properties":{"value":244.8673,"sigma":15.6033}},{"type":"Feature","geometry":{"type":"Polygon","coordinates":[[[-76.58,3.4099999999999997],[-76.575,3.4099999999999997],[-76.575,3.4149999999999996],[-76.58,3.4149999999999996],[-76.58,3.4099999999999997]]]},"properties":{"value":244.7099,"sigma":15.7507}},{"type":"Feature","geometry":{"type":"Polygon","coordinates":[[[-76.57499999999999,3.4099999999999997],[-76.57,3.4099999999999997],[-76.57,3.4149999999999996],[-76.57499999999999,3.4149999999999996],[-76.57499999999999,3.4099999999999997]]]},"properties":{"value":244.9885,"sigma":13.4521}},{"type":"Feature","geometry":{"type":"Polygon","coordinates":[[[-76.57,3.4099999999999997],[-76.565,3.4099999999999997],[-76.565,3.4149999999999996],[-76.57,3.4149999999999996],[-76.57,3.4099999999999997]]]},"properties":{"value":243.8443,"sigma":12.1746}},{"type":"Feature","geometry":{"type":"Polygon","coordinates":[[[-76.565,3.4099999999999997],[-76.56,3.4099999999999997],[-76.56,3.4149999999999996],[-76.565,3.4149999999999996],[-76.565,3.4099999999999997]]]},"properties":{"value":247.076,"sigma":13.907}},{"type":"Feature","geometry":{"type":"Polygon","coordinates":[[[-76.55999999999999,3.4099999999999997],[-76.55499999999999,3.4099999999999997],[-76.55499999999999,3.4149999999999996],[-76.55999999999999,3.4149999999999996],[-76.55999999999999,3.4099999999999997]]]},"properties":{"value":246.3974,"sigma":10.6935}},{"type":"Feature","geometry":{"type":"Polygon","coordinates":[[[-76.55499999999999,3.4099999999999997],[-76.55,3.4099999999999997],[-76.55,3.4149999999999996],[-76.55499999999999,3.4149999999999996],[-76.55499999999999,3.4099999999999997]]]},"properties":{"value":245.7282,"sigma":10.3104}},{"type":"Feature","geometry":{"type":"Polygon","coordinates":[[[-76.55,3.4099999999999997],[-76.545,3.4099999999999997],[-76.545,3.4149999999999996],[-76.55,3.4149999999999996],[-76.55,3.4099999999999997]]]},"properties":{"value":244.7842,"sigma":11.3978}},{"type":"Feature","geometry":{"type":"Polygon","coordinates":[[[-76.54499999999999,3.4099999999999997],[-76.53999999999999,3.4099999999999997],[-76.53999999999999,3.4149999999999996],[-76.54499999999999,3.4149999999999996],[-76.54499999999999,3.4099999999999997]]]},"properties":{"value":246.471,"sigma":11.083}},{"type":"Feature","geometry":{"type":"Polygon","coordinates":[[[-76.53999999999999,3.4099999999999997],[-76.535,3.4099999999999997],[-76.535,3.4149999999999996],[-76.53999999999999,3.4149999999999996],[-76.53999999999999,3.4099999999999997]]]},"properties":{"value":244.2607,"sigma":13.0435}},{"type":"Feature","geometry":{"type":"Polygon","coordinates":[[[-76.535,3.4099999999999997],[-76.53,3.4099999999999997],[-76.53,3.4149999999999996],[-76.535,3.4149999999999996],[-76.535,3.4099999999999997]]]},"properties":{"value":243.6558,"sigma":13.7717}},{"type":"Feature","geometry":{"type":"Polygon","coordinates":[[[-76.52999999999999,3.4099999999999997],[-76.52499999999999,3.4099999999999997],[-76.52499999999999,3.4149999999999996],[-76.52999999999999,3.4149999999999996],[-76.52999999999999,3.4099999999999997]]]},"properties":{"value":245.5713,"sigma":12.8181}},{"type":"Feature","geometry":{"type":"Polygon","coordinates":[[[-76.52499999999999,3.4099999999999997],[-76.52,3.4099999999999997],[-76.52,3.4149999999999996],[-76.52499999999999,3.4149999999999996],[-76.52499999999999,3.4099999999999997]]]},"properties":{"value":245.7224,"sigma":14.3412}},{"type":"Feature","geometry":{"type":"Polygon","coordinates":[[[-76.52,3.4099999999999997],[-76.515,3.4099999999999997],[-76.515,3.4149999999999996],[-76.52,3.4149999999999996],[-76.52,3.4099999999999997]]]},"properties":{"value":244.0319,"sigma":14.4873}},{"type":"Feature","geometry":{"type":"Polygon","coordinates":[[[-76.51499999999999,3.4099999999999997],[-76.50999999999999,3.4099999999999997],[-76.50999999999999,3.4149999999999996],[-76.51499999999999,3.4149999999999996],[-76.51499999999999,3.4099999999999997]]]},"properties":{"value":243.5815,"sigma":16.7763}},{"type":"Feature","geometry":{"type":"Polygon","coordinates":[[[-76.50999999999999,3.4099999999999997],[-76.505,3.4099999999999997],[-76.505,3.4149999999999996],[-76.50999999999999,3.4149999999999996],[-76.50999999999999,3.4099999999999997]]]},"properties":{"value":245.6458,"sigma":17.0727}},{"type":"Feature","geometry":{"type":"Polygon","coordinates":[[[-76.505,3.4099999999999997],[-76.5,3.4099999999999997],[-76.5,3.4149999999999996],[-76.505,3.4149999999999996],[-76.505,3.4099999999999997]]]},"properties":{"value":244.0253,"sigma":16.0339}},{"type":"Feature","geometry":{"type":"Polygon","coordinates":[[[-76.49999999999999,3.4099999999999997],[-76.49499999999999,3.4099999999999997],[-76.49499999999999,3.4149999999999996],[-76.49999999999999,3.4149999999999996],[-76.49999999999999,3.4099999999999997]]]},"properties":{"value":242.4103,"sigma":16.1766}},{"type":"Feature","geometry":{"type":"Polygon","coordinates":[[[-76.49499999999999,3.4099999999999997],[-76.49,3.4099999999999997],[-76.49,3.4149999999999996],[-76.49499999999999,3.4149999999999996],[-76.49499999999999,3.4099999999999997]]]},"properties":{"value":244.8292,"sigma":15.1015}},{"type":"Feature","geometry":{"type":"Polygon","coordinates":[[[-76.49,3.4099999999999997],[-76.485,3.4099999999999997],[-76.485,3.4149999999999996],[-76.49,3.4149999999999996],[-76.49,3.4099999999999997]]]},"properties":{"value":244.2772,"sigma":14.8894}},{"type":"Feature","geometry":{"type":"Polygon","coordinates":[[[-76.48499999999999,3.4099999999999997],[-76.47999999999999,3.4099999999999997],[-76.47999999999999,3.4149999999999996],[-76.48499999999999,3.4149999999999996],[-76.48499999999999,3.4099999999999997]]]},"properties":{"value":245.6155,"sigma":13.2492}},{"type":"Feature","geometry":{"type":"Polygon","coordinates":[[[-76.47999999999999,3.4099999999999997],[-76.475,3.4099999999999997],[-76.475,3.4149999999999996],[-76.47999999999999,3.4149999999999996],[-76.47999999999999,3.4099999999999997]]]},"properties":{"value":243.7405,"sigma":12.7298}},{"type":"Feature","geometry":{"type":"Polygon","coordinates":[[[-76.475,3.4099999999999997],[-76.47,3.4099999999999997],[-76.47,3.4149999999999996],[-76.475,3.4149999999999996],[-76.475,3.4099999999999997]]]},"properties":{"value":245.156,"sigma":13.1419}},{"type":"Feature","geometry":{"type":"Polygon","coordinates":[[[-76.47,3.4099999999999997],[-76.465,3.4099999999999997],[-76.465,3.4149999999999996],[-76.47,3.4149999999999996],[-76.47,3.4099999999999997]]]},"properties":{"value":247.1531,"sigma":12.3782}},{"type":"Feature","geometry":{"type":"Polygon","coordinates":[[[-76.46499999999999,3.4099999999999997],[-76.46,3.4099999999999997],[-76.46,3.4149999999999996],[-76.46499999999999,3.4149999999999996],[-76.46499999999999,3.4099999999999997]]]},"properties":{"value":246.3087,"sigma":13.4285}},{"type":"Feature","geometry":{"type":"Polygon","coordinates":[[[-76.46,3.4099999999999997],[-76.455,3.4099999999999997],[-76.455,3.4149999999999996],[-76.46,3.4149999999999996],[-76.46,3.4099999999999997]]]},"properties":{"value":245.1437,"sigma":13.5224}},{"type":"Feature","geometry":{"type":"Polygon","coordinates":[[[-76.455,3.4099999999999997],[-76.45,3.4099999999999997],[-76.45,3.4149999999999996],[-76.455,3.4149999999999996],[-76.455,3.4099999999999997]]]},"properties":{"value":247.4118,"sigma":15.5571}},{"type":"Feature","geometry":{"type":"Polygon","coordinates":[[[-76.44999999999999,3.4099999999999997],[-76.445,3.4099999999999997],[-76.445,3.4149999999999996],[-76.44999999999999,3.4149999999999996],[-76.44999999999999,3.4099999999999997]]]},"properties":{"value":245.7816,"sigma":15.4886}},{"type":"Feature","geometry":{"type":"Polygon","coordinates":[[[-76.445,3.4099999999999997],[-76.44,3.4099999999999997],[-76.44,3.4149999999999996],[-76.445,3.4149999999999996],[-76.445,3.4099999999999997]]]},"properties":{"value":245.1335,"sigma":15.0053}},{"type":"Feature","geometry":{"type":"Polygon","coordinates":[[[-76.44,3.4099999999999997],[-76.435,3.4099999999999997],[-76.435,3.4149999999999996],[-76.44,3.4149999999999996],[-76.44,3.4099999999999997]]]},"properties":{"value":246.5766,"sigma":14.7825}},{"type":"Feature","geometry":{"type":"Polygon","coordinates":[[[-76.43499999999999,3.4099999999999997],[-76.42999999999999,3.4099999999999997],[-76.42999999999999,3.4149999999999996],[-76.43499999999999,3.4149999999999996],[-76.43499999999999,3.4099999999999997]]]},"properties":{"value":247.3877,"sigma":16.3857}},{"type":"Feature","geometry":{"type":"Polygon","coordinates":[[[-76.42999999999999,3.4099999999999997],[-76.425,3.4099999999999997],[-76.425,3.4149999999999996],[-76.42999999999999,3.4149999999999996],[-76.42999999999999,3.4099999999999997]]]},"properties":{"value":246.1186,"sigma":16.4232}},{"type":"Feature","geometry":{"type":"Polygon","coordinates":[[[-76.425,3.4099999999999997],[-76.42,3.4099999999999997],[-76.42,3.4149999999999996],[-76.425,3.4149999999999996],[-76.425,3.4099999999999997]]]},"properties":{"value":247.7926,"sigma":17.3689}},{"type":"Feature","geometry":{"type":"Polygon","coordinates":[[[-76.41999999999999,3.4099999999999997],[-76.41499999999999,3.4099999999999997],[-76.41499999999999,3.4149999999999996],[-76.41999999999999,3.4149999999999996],[-76.41999999999999,3.4099999999999997]]]},"properties":{"value":248.0852,"sigma":18.1746}},{"type":"Feature","geometry":{"type":"Polygon","coordinates":[[[-76.41499999999999,3.4099999999999997],[-76.41,3.4099999999999997],[-76.41,3.4149999999999996],[-76.41499999999999,3.4149999999999996],[-76.41499999999999,3.4099999999999997]]]},"properties":{"value":247.6915,"sigma":18.9807}},{"type":"Feature","geometry":{"type":"Polygon","coordinates":[[[-76.41,3.4099999999999997],[-76.405,3.4099999999999997],[-76.405,3.4149999999999996],[-76.41,3.4149999999999996],[-76.41,3.4099999999999997]]]},"properties":{"value":242.8379,"sigma":18.3}},{"type":"Feature","geometry":{"type":"Polygon","coordinates":[[[-76.40499999999999,3.4099999999999997],[-76.39999999999999,3.4099999999999997],[-76.39999999999999,3.4149999999999996],[-76.40499999999999,3.4149999999999996],[-76.40499999999999,3.4099999999999997]]]},"properties":{"value":245.1527,"sigma":20.4679}},{"type":"Feature","geometry":{"type":"Polygon","coordinates":[[[-76.6,3.415],[-76.595,3.415],[-76.595,3.42],[-76.6,3.42],[-76.6,3.415]]]},"properties":{"value":240.9644,"sigma":18.0311}},{"type":"Feature","geometry":{"type":"Polygon","coordinates":[[[-76.595,3.415],[-76.59,3.415],[-76.59,3.42],[-76.595,3.42],[-76.595,3.415]]]},"properties":{"value":246.7384,"sigma":17.6965}},{"type":"Feature","geometry":{"type":"Polygon","coordinates":[[[-76.58999999999999,3.415],[-76.585,3.415],[-76.585,3.42],[-76.58999999999999,3.42],[-76.58999999999999,3.415]]]},"properties":{"value":245.8778,"sigma":17.367}},{"type":"Feature","geometry":{"type":"Polygon","coordinates":[[[-76.585,3.415],[-76.58,3.415],[-76.58,3.42],[-76.585,3.42],[-76.585,3.415]]]},"properties":{"value":245.7484,"sigma":13.654}},{"type":"Feature","geometry":{"type":"Polygon","coordinates":[[[-76.58,3.415],[-76.575,3.415],[-76.575,3.42],[-76.58,3.42],[-76.58,3.415]]]},"properties":{"value":244.8969,"sigma":14.5391}},{"type":"Feature","geometry":{"type":"Polygon","coordinates":[[[-76.57499999999999,3.415],[-76.57,3.415],[-76.57,3.42],[-76.57499999999999,3.42],[-76.57499999999999,3.415]]]},"properties":{"value":246.3418,"sigma":14.5388}},{"type":"Feature","geometry":{"type":"Polygon","coordinates":[[[-76.57,3.415],[-76.565,3.415],[-76.565,3.42],[-76.57,3.42],[-76.57,3.415]]]},"properties":{"value":244.8639,"sigma":13.3729}},{"type":"Feature","geometry":{"type":"Polygon","coordinates":[[[-76.565,3.415],[-76.56,3.415],[-76.56,3.42],[-76.565,3.42],[-76.565,3.415]]]},"properties":{"value":242.9136,"sigma":11.5179}},{"type":"Feature","geometry":{"type":"Polygon","coordinates":[[[-76.55999999999999,3.415],[-76.55499999999999,3.415],[-76.55499999999999,3.42],[-76.55999999999999,3.42],[-76.55999999999999,3.415]]]},"properties":{"value":245.0703,"sigma":10.8321}},{"type":"Feature","geometry":{"type":"Polygon","coordinates":[[[-76.55499999999999,3.415],[-76.55,3.415],[-76.55,3.42],[-76.55499999999999,3.42],[-76.55499999999999,3.415]]]},"properties":{"value":245.7145,"sigma":10.1373}},{"type":"Feature","geometry":{"type":"Polygon","coordinates":[[[-76.55,3.415],[-76.545,3.415],[-76.545,3.42],[-76.55,3.42],[-76.55,3.415]]]},"properties":{"value":245.6953,"sigma":10.7689}},{"type":"Feature","geometry":{"type":"Polygon","coordinates":[[[-76.54499999999999,3.415],[-76.53999999999999,3.415],[-76.53999999999999,3.42],[-76.54499999999999,3.42],[-76.54499999999999,3.415]]]},"properties":{"value":245.9598,"sigma":10.359}},{"type":"Feature","geometry":{"type":"Polygon","coordinates":[[[-76.53999999999999,3.415],[-76.535,3.415],[-76.535,3.42],[-76.53999999999999,3.42],[-76.53999999999999,3.415]]]},"properties":{"value":246.2847,"sigma":10.946}},{"type":"Feature","geometry":{"type":"Polygon","coordinates":[[[-76.535,3.415],[-76.53,3.415],[-76.53,3.42],[-76.535,3.42],[-76.535,3.415]]]},"properties":{"value":245.2061,"sigma":12.9749}},{"type":"Feature","geometry":{"type":"Polygon","coordinates":[[[-76.52999999999999,3.415],[-76.52499999999999,3.415],[-76.52499999999999,3.42],[-76.52999999999999,3.42],[-76.52999999999999,3.415]]]},"properties":{"value":245.4403,"sigma":13.7071}},{"type":"Feature","geometry":{"type":"Polygon","coordinates":[[[-76.52499999999999,3.415],[-76.52,3.415],[-76.52,3.42],[-76.52499999999999,3.42],[-76.52499999999999,3.415]]]},"properties":{"value":246.1924,"sigma":14.3454}},{"type":"Feature","geometry":{"type":"Polygon","coordinates":[[[-76.52,3.415],[-76.515,3.415],[-76.515,3.42],[-76.52,3.42],[-76.52,3.415]]]},"properties":{"value":246.0398,"sigma":15.6101}},{"type":"Feature","geometry":{"type":"Polygon","coordinates":[[[-76.51499999999999,3.415],[-76.50999999999999,3.415],[-76.50999999999999,3.42],[-76.51499999999999,3.42],[-76.51499999999999,3.415]]]},"properties":{"value":243.7812,"sigma":16.1491}},{"type":"Feature","geometry":{"type":"Polygon","coordinates":[[[-76.50999999999999,3.415],[-76.505,3.415],[-76.505,3.42],[-76.50999999999999,3.42],[-76.50999999999999,3.415]]]},"properties":{"value":244.348,"sigma":16.6262}},{"type":"Feature","geometry":{"type":"Polygon","coordinates":[[[-76.505,3.415],[-76.5,3.415],[-76.5,3.42],[-76.505,3.42],[-76.505,3.415]]]},"properties":{"value":242.5915,"sigma":16.3176}},{"type":"Feature","geometry":{"type":"Polygon","coordinates":[[[-76.49999999999999,3.415],[-76.49499999999999,3.415],[-76.49499999999999,3.42],[-76.49999999999999,3.42],[-76.49999999999999,3.415]]]},"properties":{"value":244.7197,"sigma":15.6196}},{"type":"Feature","geometry":{"type":"Polygon","coordinates":[[[-76.49499999999999,3.415],[-76.49,3.415],[-76.49,3.42],[-76.49499999999999,3.42],[-76.49499999999999,3.415]]]},"properties":{"value":244.5843,"sigma":16.0049}},{"type":"Feature","geometry":{"type":"Polygon","coordinates":[[[-76.49,3.415],[-76.485,3.415],[-76.485,3.42],[-76.49,3.42],[-76.49,3.415]]]},"properties":{"value":244.5678,"sigma":12.319}},{"type":"Feature","geometry":{"type":"Polygon","coordinates":[[[-76.48499999999999,3.415],[-76.47999999999999,3.415],[-76.47999999999999,3.42],[-76.48499999999999,3.42],[-76.48499999999999,3.415]]]},"properties":{"value":243.7469,"sigma":12.8049}},{"type":"Feature","geometry":{"type":"Polygon","coordinates":[[[-76.47999999999999,3.415],[-76.475,3.415],[-76.475,3.42],[-76.47999999999999,3.42],[-76.47999999999999,3.415]]]},"properties":{"value":245.4592,"sigma":11.8152}},{"type":"Feature","geometry":{"type":"Polygon","coordinates":[[[-76.475,3.415],[-76.47,3.415],[-76.47,3.42],[-76.475,3.42],[-76.475,3.415]]]},"properties":{"value":243.7189,"sigma":12.4046}},{"type":"Feature","geometry":{"type":"Polygon","coordinates":[[[-76.47,3.415],[-76.465,3.415],[-76.465,3.42],[-76.47,3.42],[-76.47,3.415]]]},"properties":{"value":246.9215,"sigma":11.8555}},{"type":"Feature","geometry":{"type":"Polygon","coordinates":[[[-76.46499999999999,3.415],[-76.46,3.415],[-76.46,3.42],[-76.46499999999999,3.42],[-76.46499999999999,3.415]]]},"properties":{"value":244.5114,"sigma":12.5755}},{"type":"Feature","geometry":{"type":"Polygon","coordinates":[[[-76.46,3.415],[-76.455,3.415],[-76.455,3.42],[-76.46,3.42],[-76.46,3.415]]]},"properties":{"value":246.4914,"sigma":11.3333}},{"type":"Feature","geometry":{"type":"Polygon","coordinates":[[[-76.455,3.415],[-76.45,3.415],[-76.45,3.42],[-76.455,3.42],[-76.455,3.415]]]},"properties":{"value":245.1981,"sigma":11.7942}},{"type":"Feature","geometry":{"type":"Polygon","coordinates":[[[-76.44999999999999,3.415],[-76.445,3.415],[-76.445,3.42],[-76.44999999999999,3.42],[-76.44999999999999,3.415]]]},"properties":{"value":246.722,"sigma":12.0683}},{"type":"Feature","geometry":{"type":"Polygon","coordinates":[[[-76.445,3.415],[-76.44,3.415],[-76.44,3.42],[-76.445,3.42],[-76.445,3.415]]]},"properties":{"value":244.4235,"sigma":14.9153}},{"type":"Feature","geometry":{"type":"Polygon","coordinates":[[[-76.44,3.415],[-76.435,3.415],[-76.435,3.42],[-76.44,3.42],[-76.44,3.415]]]},"properties":{"value":249.7333,"sigma":15.1364}},{"type":"Feature","geometry":{"type":"Polygon","coordinates":[[[-76.43499999999999,3.415],[-76.42999999999999,3.415],[-76.42999999999999,3.42],[-76.43499999999999,3.42],[-76.43499999999999,3.415]]]},"properties":{"value":247.5135,"sigma":17.3631}},{"type":"Feature","geometry":{"type":"Polygon","coordinates":[[[-76.42999999999999,3.415],[-76.425,3.415],[-76.425,3.42],[-76.42999999999999,3.42],[-76.42999999999999,3.415]]]},"properties":{"value":248.4005,"sigma":17.39}},{"type":"Feature","geometry":{"type":"Polygon","coordinates":[[[-76.425,3.415],[-76.42,3.415],[-76.42,3.42],[-76.425,3.42],[-76.425,3.415]]]},"properties":{"value":249.4518,"sigma":18.7102}},{"type":"Feature","geometry":{"type":"Polygon","coordinates":[[[-76.41999999999999,3.415],[-76.41499999999999,3.415],[-76.41499999999999,3.42],[-76.41999999999999,3.42],[-76.41999999999999,3.415]]]},"properties":{"value":248.6802,"sigma":18.674}},{"type":"Feature","geometry":{"type":"Polygon","coordinates":[[[-76.41499999999999,3.415],[-76.41,3.415],[-76.41,3.42],[-76.41499999999999,3.42],[-76.41499999999999,3.415]]]},"properties":{"value":248.6725,"sigma":19.8476}},{"type":"Feature","geometry":{"type":"Polygon","coordinates":[[[-76.41,3.415],[-76.405,3.415],[-76.405,3.42],[-76.41,3.42],[-76.41,3.415]]]},"properties":{"value":249.0772,"sigma":20.3631}},{"type":"Feature","geometry":{"type":"Polygon","coordinates":[[[-76.40499999999999,3.415],[-76.39999999999999,3.415],[-76.39999999999999,3.42],[-76.40499999999999,3.42],[-76.40499999999999,3.415]]]},"properties":{"value":247.1378,"sigma":20.1551}},{"type":"Feature","geometry":{"type":"Polygon","coordinates":[[[-76.6,3.42],[-76.595,3.42],[-76.595,3.425],[-76.6,3.425],[-76.6,3.42]]]},"properties":{"value":244.0978,"sigma":19.2129}},{"type":"Feature","geometry":{"type":"Polygon","coordinates":[[[-76.595,3.42],[-76.59,3.42],[-76.59,3.425],[-76.595,3.425],[-76.595,3.42]]]},"properties":{"value":244.9338,"sigma":17.3715}},{"type":"Feature","geometry":{"type":"Polygon","coordinates":[[[-76.58999999999999,3.42],[-76.585,3.42],[-76.585,3.425],[-76.58999999999999,3.425],[-76.58999999999999,3.42]]]},"properties":{"value":244.0179,"sigma":15.1472}},{"type":"Feature","geometry":{"type":"Polygon","coordinates":[[[-76.585,3.42],[-76.58,3.42],[-76.58,3.425],[-76.585,3.425],[-76.585,3.42]]]},"properties":{"value":243.0535,"sigma":17.3469}},{"type":"Feature","geometry":{"type":"Polygon","coordinates":[[[-76.58,3.42],[-76.575,3.42],[-76.575,3.425],[-76.58,3.425],[-76.58,3.42]]]},"properties":{"value":240.5293,"sigma":12.6893}},{"type":"Feature","geometry":{"type":"Polygon","coordinates":[[[-76.57499999999999,3.42],[-76.57,3.42],[-76.57,3.425],[-76.57499999999999,3.425],[-76.57499999999999,3.42]]]},"properties":{"value":244.2554,"sigma":14.4762}},{"type":"Feature","geometry":{"type":"Polygon","coordinates":[[[-76.57,3.42],[-76.565,3.42],[-76.565,3.425],[-76.57,3.425],[-76.57,3.42]]]},"properties":{"value":244.0718,"sigma":13.6469}},{"type":"Feature","geometry":{"type":"Polygon","coordinates":[[[-76.565,3.42],[-76.56,3.42],[-76.56,3.425],[-76.565,3.425],[-76.565,3.42]]]},"properties":{"value":242.9717,"sigma":12.877}},{"type":"Feature","geometry":{"type":"Polygon","coordinates":[[[-76.55999999999999,3.42],[-76.55499999999999,3.42],[-76.55499999999999,3.425],[-76.55999999999999,3.425],[-76.55999999999999,3.42]]]},"properties":{"value":244.8816,"sigma":11.2216}},{"type":"Feature","geometry":{"type":"Polygon","coordinates":[[[-76.55499999999999,3.42],[-76.55,3.42],[-76.55,3.425],[-76.55499999999999,3.425],[-76.55499999999999,3.42]]]},"properties":{"value":244.3914,"sigma":10.6447}},{"type":"Feature","geometry":{"type":"Polygon","coordinates":[[[-76.55,3.42],[-76.545,3.42],[-76.545,3.425],[-76.55,3.425],[-76.55,3.42]]]},"properties":{"value":245.3983,"sigma":11.2005}},{"type":"Feature","geometry":{"type":"Polygon","coordinates":[[[-76.54499999999999,3.42],[-76.53999999999999,3.42],[-76.53999999999999,3.425],[-76.54499999999999,3.425],[-76.54499999999999,3.42]]]},"properties":{"value":245.4477,"sigma":11.5173}},{"type":"Feature","geometry":{"type":"Polygon","coordinates":[[[-76.53999999999999,3.42],[-76.535,3.42],[-76.535,3.425],[-76.53999999999999,3.425],[-76.53999999999999,3.42]]]},"properties":{"value":243.4555,"sigma":12.2164}},{"type":"Feature","geometry":{"type":"Polygon","coordinates":[[[-76.535,3.42],[-76.53,3.42],[-76.53,3.425],[-76.535,3.425],[-76.535,3.42]]]},"properties":{"value":245.9474,"sigma":13.9023}},{"type":"Feature","geometry":{"type":"Polygon","coordinates":[[[-76.52999999999999,3.42],[-76.52499999999999,3.42],[-76.52499999999999,3.425],[-76.52999999999999,3.425],[-76.52999999999999,3.42]]]},"properties":{"value":245.1985,"sigma":12.8575}},{"type":"Feature","geometry":{"type":"Polygon","coordinates":[[[-76.52499999999999,3.42],[-76.52,3.42],[-76.52,3.425],[-76.52499999999999,3.425],[-76.52499999999999,3.42]]]},"properties":{"value":242.845,"sigma":14.6648}},{"type":"Feature","geometry":{"type":"Polygon","coordinates":[[[-76.52,3.42],[-76.515,3.42],[-76.515,3.425],[-76.52,3.425],[-76.52,3.42]]]},"properties":{"value":245.5394,"sigma":14.4948}},{"type":"Feature","geometry":{"type":"Polygon","coordinates":[[[-76.51499999999999,3.42],[-76.50999999999999,3.42],[-76.50999999999999,3.425],[-76.51499999999999,3.425],[-76.51499999999999,3.42]]]},"properties":{"value":242.2867,"sigma":13.9993}},{"type":"Feature","geometry":{"type":"Polygon","coordinates":[[[-76.50999999999999,3.42],[-76.505,3.42],[-76.505,3.425],[-76.50999999999999,3.425],[-76.50999999999999,3.42]]]},"properties":{"value":246.2169,"sigma":15.2526}},{"type":"Feature","geometry":{"type":"Polygon","coordinates":[[[-76.505,3.42],[-76.5,3.42],[-76.5,3.425],[-76.505,3.425],[-76.505,3.42]]]},"properties":{"value":244.2073,"sigma":15.0671}},{"type":"Feature","geometry":{"type":"Polygon","coordinates":[[[-76.49999999999999,3.42],[-76.49499999999999,3.42],[-76.49499999999999,3.425],[-76.49999999999999,3.425],[-76.49999999999999,3.42]]]},"properties":{"value":244.9919,"sigma":15.7227}},{"type":"Feature","geometry":{"type":"Polygon","coordinates":[[[-76.49499999999999,3.42],[-76.49,3.42],[-76.49,3.425],[-76.49499999999999,3.425],[-76.49499999999999,3.42]]]},"properties":{"value":244.0461,"sigma":16.4439}},{"type":"Feature","geometry":{"type":"Polygon","coordinates":[[[-76.49,3.42],[-76.485,3.42],[-76.485,3.425],[-76.49,3.425],[-76.49,3.42]]]},"properties":{"value":246.4179,"sigma":12.6202}},{"type":"Feature","geometry":{"type":"Polygon","coordinates":[[[-76.48499999999999,3.42],[-76.47999999999999,3.42],[-76.47999999999999,3.425],[-76.48499999999999,3.425],[-76.48499999999999,3.42]]]},"properties":{"value":246.2994,"sigma":13.4417}},{"type":"Feature","geometry":{"type":"Polygon","coordinates":[[[-76.47999999999999,3.42],[-76.475,3.42],[-76.475,3.425],[-76.47999999999999,3.425],[-76.47999999999999,3.42]]]},"properties":{"value":245.436,"sigma":12.8347}},{"type":"Feature","geometry":{"type":"Polygon","coordinates":[[[-76.475,3.42],[-76.47,3.42],[-76.47,3.425],[-76.475,3.425],[-76.475,3.42]]]},"properties":{"value":244.0979,"sigma":10.8656}},{"type":"Feature","geometry":{"type":"Polygon","coordinates":[[[-76.47,3.42],[-76.465,3.42],[-76.465,3.425],[-76.47,3.425],[-76.47,3.42]]]},"properties":{"value":242.9379,"sigma":12.1208}},{"type":"Feature","geometry":{"type":"Polygon","coordinates":[[[-76.46499999999999,3.42],[-76.46,3.42],[-76.46,3.425],[-76.46499999999999,3.425],[-76.46499999999999,3.42]]]},"properties":{"value":246.3392,"sigma":11.8023}},{"type":"Feature","geometry":{"type":"Polygon","coordinates":[[[-76.46,3.42],[-76.455,3.42],[-76.455,3.425],[-76.46,3.425],[-76.46,3.42]]]},"properties":{"value":245.7059,"sigma":10.9846}},{"type":"Feature","geometry":{"type":"Polygon","coordinates":[[[-76.455,3.42],[-76.45,3.42],[-76.45,3.425],[-76.455,3.425],[-76.455,3.42]]]},"properties":{"value":243.7227,"sigma":12.6001}},{"type":"Feature","geometry":{"type":"Polygon","coordinates":[[[-76.44999999999999,3.42],[-76.445,3.42],[-76.445,3.425],[-76.44999999999999,3.425],[-76.44999999999999,3.42]]]},"properties":{"value":248.8809,"sigma":13.5902}},{"type":"Feature","geometry":{"type":"Polygon","coordinates":[[[-76.445,3.42],[-76.44,3.42],[-76.44,3.425],[-76.445,3.425],[-76.445,3.42]]]},"properties":{"value":250.899,"sigma":13.6699}},{"type":"Feature","geometry":{"type":"Polygon","coordinates":[[[-76.44,3.42],[-76.435,3.42],[-76.435,3.425],[-76.44,3.425],[-76.44,3.42]]]},"properties":{"value":249.3269,"sigma":15.1177}},{"type":"Feature","geometry":{"type":"Polygon","coordinates":[[[-76.43499999999999,3.42],[-76.42999999999999,3.42],[-76.42999999999999,3.425],[-76.43499999999999,3.425],[-76.43499999999999,3.42]]]},"properties":{"value":248.6513,"sigma":16.6909}},{"type":"Feature","geometry":{"type":"Polygon","coordinates":[[[-76.42999999999999,3.42],[-76.425,3.42],[-76.425,3.425],[-76.42999999999999,3.425],[-76.42999999999999,3.42]]]},"properties":{"value":251.6346,"sigma":17.7229}},{"type":"Feature","geometry":{"type":"Polygon","coordinates":[[[-76.425,3.42],[-76.42,3.42],[-76.42,3.425],[-76.425,3.425],[-76.425,3.42]]]},"properties":{"value":250.9081,"sigma":18.3964}},{"type":"Feature","geometry":{"type":"Polygon","coordinates":[[[-76.41999999999999,3.42],[-76.41499999999999,3.42],[-76.41499999999999,3.425],[-76.41999999999999,3.425],[-76.41999999999999,3.42]]]},"properties":{"value":251.2953,"sigma":18.8395}},{"type":"Feature","geometry":{"type":"Polygon","coordinates":[[[-76.41499999999999,3.42],[-76.41,3.42],[-76.41,3.425],[-76.41499999999999,3.425],[-76.41499999999999,3.42]]]},"properties":{"value":248.6564,"sigma":18.4012}},{"type":"Feature","geometry":{"type":"Polygon","coordinates":[[[-76.41,3.42],[-76.405,3.42],[-76.405,3.425],[-76.41,3.425],[-76.41,3.42]]]},"properties":{"value":246.3592,"sigma":19.4838}},{"type":"Feature","geometry":{"type":"Polygon","coordinates":[[[-76.40499999999999,3.42],[-76.39999999999999,3.42],[-76.39999999999999,3.425],[-76.40499999999999,3.425],[-76.40499999999999,3.42]]]},"properties":{"value":246.3239,"sigma":20.2214}},{"type":"Feature","geometry":{"type":"Polygon","coordinates":[[[-76.6,3.425],[-76.595,3.425],[-76.595,3.4299999999999997],[-76.6,3.4299999999999997],[-76.6,3.425]]]},"properties":{"value":244.5867,"sigma":19.4306}},{"type":"Feature","geometry":{"type":"Polygon","coordinates":[[[-76.595,3.425],[-76.59,3.425],[-76.59,3.4299999999999997],[-76.595,3.4299999999999997],[-76.595,3.425]]]},"properties":{"value":244.4175,"sigma":16.6058}},{"type":"Feature","geometry":{"type":"Polygon","coordinates":[[[-76.58999999999999,3.425],[-76.585,3.425],[-76.585,3.4299999999999997],[-76.58999999999999,3.4299999999999997],[-76.58999999999999,3.425]]]},"properties":{"value":246.5583,"sigma":15.1605}},{"type":"Feature","geometry":{"type":"Polygon","coordinates":[[[-76.585,3.425],[-76.58,3.425],[-76.58,3.4299999999999997],[-76.585,3.4299999999999997],[-76.585,3.425]]]},"properties":{"value":243.3178,"sigma":15.4313}},{"type":"Feature","geometry":{"type":"Polygon","coordinates":[[[-76.58,3.425],[-76.575,3.425],[-76.575,3.4299999999999997],[-76.58,3.4299999999999997],[-76.58,3.425]]]},"properties":{"value":245.8182,"sigma":14.8931}},{"type":"Feature","geometry":{"type":"Polygon","coordinates":[[[-76.57499999999999,3.425],[-76.57,3.425],[-76.57,3.4299999999999997],[-76.57499999999999,3.4299999999999997],[-76.57499999999999,3.425]]]},"properties":{"value":244.2076,"sigma":13.1196}},{"type":"Feature","geometry":{"type":"Polygon","coordinates":[[[-76.57,3.425],[-76.565,3.425],[-76.565,3.4299999999999997],[-76.57,3.4299999999999997],[-76.57,3.425]]]},"properties":{"value":245.2629,"sigma":12.7634}},{"type":"Feature","geometry":{"type":"Polygon","coordinates":[[[-76.565,3.425],[-76.56,3.425],[-76.56,3.4299999999999997],[-76.565,3.4299999999999997],[-76.565,3.425]]]},"properties":{"value":246.0473,"sigma":12.3435}},{"type":"Feature","geometry":{"type":"Polygon","coordinates":[[[-76.55999999999999,3.425],[-76.55499999999999,3.425],[-76.55499999999999,3.4299999999999997],[-76.55999999999999,3.4299999999999997],[-76.55999999999999,3.425]]]},"properties":{"value":241.5189,"sigma":13.667}},{"type":"Feature","geometry":{"type":"Polygon","coordinates":[[[-76.55499999999999,3.425],[-76.55,3.425],[-76.55,3.4299999999999997],[-76.55499999999999,3.4299999999999997],[-76.55499999999999,3.425]]]},"properties":{"value":243.4617,"sigma":12.0063}},{"type":"Feature","geometry":{"type":"Polygon","coordinates":[[[-76.55,3.425],[-76.545,3.425],[-76.545,3.4299999999999997],[-76.55,3.4299999999999997],[-76.55,3.425]]]},"properties":{"value":245.8559,"sigma":12.724}},{"type":"Feature","geometry":{"type":"Polygon","coordinates":[[[-76.54499999999999,3.425],[-76.53999999999999,3.425],[-76.53999999999999,3.4299999999999997],[-76.54499999999999,3.4299999999999997],[-76.54499999999999,3.425]]]},"properties":{"value":243.9487,"sigma":12.0964}},{"type":"Feature","geometry":{"type":"Polygon","coordinates":[[[-76.53999999999999,3.425],[-76.535,3.425],[-76.535,3.4299999999999997],[-76.53999999999999,3.4299999999999997],[-76.53999999999999,3.425]]]},"properties":{"value":246.6666,"sigma":13.3958}},{"type":"Feature","geometry":{"type":"Polygon","coordinates":[[[-76.535,3.425],[-76.53,3.425],[-76.53,3.4299999999999997],[-76.535,3.4299999999999997],[-76.535,3.425]]]},"properties":{"value":244.956,"sigma":14.3043}},{"type":"Feature","geometry":{"type":"Polygon","coordinates":[[[-76.52999999999999,3.425],[-76.52499999999999,3.425],[-76.52499999999999,3.4299999999999997],[-76.52999999999999,3.4299999999999997],[-76.52999999999999,3.425]]]},"properties":{"value":245.9168,"sigma":14.2874}},{"type":"Feature","geometry":{"type":"Polygon","coordinates":[[[-76.52499999999999,3.425],[-76.52,3.425],[-76.52,3.4299999999999997],[-76.52499999999999,3.4299999999999997],[-76.52499999999999,3.425]]]},"properties":{"value":244.5613,"sigma":14.1591}},{"type":"Feature","geometry":{"type":"Polygon","coordinates":[[[-76.52,3.425],[-76.515,3.425],[-76.515,3.4299999999999997],[-76.52,3.4299999999999997],[-76.52,3.425]]]},"properties":{"value":245.9201,"sigma":14.9962}},{"type":"Feature","geometry":{"type":"Polygon","coordinates":[[[-76.51499999999999,3.425],[-76.50999999999999,3.425],[-76.50999999999999,3.4299999999999997],[-76.51499999999999,3.4299999999999997],[-76.51499999999999,3.425]]]},"properties":{"value":244.8198,"sigma":14.0785}},{"type":"Feature","geometry":{"type":"Polygon","coordinates":[[[-76.50999999999999,3.425],[-76.505,3.425],[-76.505,3.4299999999999997],[-76.50999999999999,3.4299999999999997],[-76.50999999999999,3.425]]]},"properties":{"value":246.23,"sigma":15.8089}},{"type":"Feature","geometry":{"type":"Polygon","coordinates":[[[-76.505,3.425],[-76.5,3.425],[-76.5,3.4299999999999997],[-76.505,3.4299999999999997],[-76.505,3.425]]]},"properties":{"value":245.5839,"sigma":14.9573}},{"type":"Feature","geometry":{"type":"Polygon","coordinates":[[[-76.49999999999999,3.425],[-76.49499999999999,3.425],[-76.49499999999999,3.4299999999999997],[-76.49999999999999,3.4299999999999997],[-76.49999999999999,3.425]]]},"properties":{"value":245.6065,"sigma":14.8649}},{"type":"Feature","geometry":{"type":"Polygon","coordinates":[[[-76.49499999999999,3.425],[-76.49,3.425],[-76.49,3.4299999999999997],[-76.49499999999999,3.4299999999999997],[-76.49499999999999,3.425]]]},"properties":{"value":243.7189,"sigma":14.6315}},{"type":"Feature","geometry":{"type":"Polygon","coordinates":[[[-76.49,3.425],[-76.485,3.425],[-76.485,3.4299999999999997],[-76.49,3.4299999999999997],[-76.49,3.425]]]},"properties":{"value":244.3902,"sigma":14.8789}},{"type":"Feature","geometry":{"type":"Polygon","coordinates":[[[-76.48499999999999,3.425],[-76.47999999999999,3.425],[-76.47999999999999,3.4299999999999997],[-76.48499999999999,3.4299999999999997],[-76.48499999999999,3.425]]]},"properties":{"value":245.8982,"sigma":13.2478}},{"type":"Feature","geometry":{"type":"Polygon","coordinates":[[[-76.47999999999999,3.425],[-76.475,3.425],[-76.475,3.4299999999999997],[-76.47999999999999,3.4299999999999997],[-76.47999999999999,3.425]]]},"properties":{"value":244.3368,"sigma":12.2016}},{"type":"Feature","geometry":{"type":"Polygon","coordinates":[[[-76.475,3.425],[-76.47,3.425],[-76.47,3.4299999999999997],[-76.475,3.4299999999999997],[-76.475,3.425]]]},"properties":{"value":244.7388,"sigma":11.9772}},{"type":"Feature","geometry":{"type":"Polygon","coordinates":[[[-76.47,3.425],[-76.465,3.425],[-76.465,3.4299999999999997],[-76.47,3.4299999999999997],[-76.47,3.425]]]},"properties":{"value":246.7016,"sigma":10.2405}},{"type":"Feature","geometry":{"type":"Polygon","coordinates":[[[-76.46499999999999,3.425],[-76.46,3.425],[-76.46,3.4299999999999997],[-76.46499999999999,3.4299999999999997],[-76.46499999999999,3.425]]]},"properties":{"value":245.0735,"sigma":10.2166}},{"type":"Feature","geometry":{"type":"Polygon","coordinates":[[[-76.46,3.425],[-76.455,3.425],[-76.455,3.4299999999999997],[-76.46,3.4299999999999997],[-76.46,3.425]]]},"properties":{"value":247.1817,"sigma":12.4276}},{"type":"Feature","geometry":{"type":"Polygon","coordinates":[[[-76.455,3.425],[-76.45,3.425],[-76.45,3.4299999999999997],[-76.455,3.4299999999999997],[-76.455,3.425]]]},"properties":{"value":249.4405,"sigma":12.2168}},{"type":"Feature","geometry":{"type":"Polygon","coordinates":[[[-76.44999999999999,3.425],[-76.445,3.425],[-76.445,3.4299999999999997],[-76.44999999999999,3.4299999999999997],[-76.44999999999999,3.425]]]},"properties":{"value":246.7985,"sigma":12.033}},{"type":"Feature","geometry":{"type":"Polygon","coordinates":[[[-76.445,3.425],[-76.44,3.425],[-76.44,3.4299999999999997],[-76.445,3.4299999999999997],[-76.445,3.425]]]},"properties":{"value":250.3741,"sigma":13.0069}},{"type":"Feature","geometry":{"type":"Polygon","coordinates":[[[-76.44,3.425],[-76.435,3.425],[-76.435,3.4299999999999997],[-76.44,3.4299999999999997],[-76.44,3.425]]]},"properties":{"value":250.1285,"sigma":15.9935}},{"type":"Feature","geometry":{"type":"Polygon","coordinates":[[[-76.43499999999999,3.425],[-76.42999999999999,3.425],[-76.42999999999999,3.4299999999999997],[-76.43499999999999,3.4299999999999997],[-76.43499999999999,3.425]]]},"properties":{"value":252.6868,"sigma":15.8281}},{"type":"Feature","geometry":{"type":"Polygon","coordinates":[[[-76.42999999999999,3.425],[-76.425,3.425],[-76.425,3.4299999999999997],[-76.42999999999999,3.4299999999999997],[-76.42999999999999,3.425]]]},"properties":{"value":254.2863,"sigma":16.9004}},{"type":"Feature","geometry":{"type":"Polygon","coordinates":[[[-76.425,3.425],[-76.42,3.425],[-76.42,3.4299999999999997],[-76.425,3.4299999999999997],[-76.425,3.425]]]},"properties":{"value":254.0528,"sigma":18.5218}},{"type":"Feature","geometry":{"type":"Polygon","coordinates":[[[-76.41999999999999,3.425],[-76.41499999999999,3.425],[-76.41499999999999,3.4299999999999997],[-76.41999999999999,3.4299999999999997],[-76.41999999999999,3.425]]]},"properties":{"value":254.5587,"sigma":19.4016}},{"type":"Feature","geometry":{"type":"Polygon","coordinates":[[[-76.41499999999999,3.425],[-76.41,3.425],[-76.41,3.4299999999999997],[-76.41499999999999,3.4299999999999997],[-76.41499999999999,3.425]]]},"properties":{"value":250.1752,"sigma":19.5506}},{"type":"Feature","geometry":{"type":"Polygon","coordinates":[[[-76.41,3.425],[-76.405,3.425],[-76.405,3.4299999999999997],[-76.41,3.4299999999999997],[-76.41,3.425]]]},"properties":{"value":248.9979,"sigma":19.6417}},{"type":"Feature","geometry":{"type":"Polygon","coordinates":[[[-76.40499999999999,3.425],[-76.39999999999999,3.425],[-76.39999999999999,3.4299999999999997],[-76.40499999999999,3.4299999999999997],[-76.40499999999999,3.425]]]},"properties":{"value":246.8249,"sigma":21.041}},{"type":"Feature","geometry":{"type":"Polygon","coordinates":[[[-76.6,3.4299999999999997],[-76.595,3.4299999999999997],[-76.595,3.4349999999999996],[-76.6,3.4349999999999996],[-76.6,3.4299999999999997]]]},"properties":{"value":247.0319,"sigma":17.7617}},{"type":"Feature","geometry":{"type":"Polygon","coordinates":[[[-76.595,3.4299999999999997],[-76.59,3.4299999999999997],[-76.59,3.4349999999999996],[-76.595,3.4349999999999996],[-76.595,3.4299999999999997]]]},"properties":{"value":245.4001,"sigma":17.6451}},{"type":"Feature","geometry":{"type":"Polygon","coordinates":[[[-76.58999999999999,3.4299999999999997],[-76.585,3.4299999999999997],[-76.585,3.4349999999999996],[-76.58999999999999,3.4349999999999996],[-76.58999999999999,3.4299999999999997]]]},"properties":{"value":245.5106,"sigma":17.074}},{"type":"Feature","geometry":{"type":"Polygon","coordinates":[[[-76.585,3.4299999999999997],[-76.58,3.4299999999999997],[-76.58,3.4349999999999996],[-76.585,3.4349999999999996],[-76.585,3.4299999999999997]]]},"properties":{"value":244.4852,"sigma":16.8315}},{"type":"Feature","geometry":{"type":"Polygon","coordinates":[[[-76.58,3.4299999999999997],[-76.575,3.4299999999999997],[-76.575,3.4349999999999996],[-76.58,3.4349999999999996],[-76.58,3.4299999999999997]]]},"properties":{"value":244.6336,"sigma":14.3538}},{"type":"Feature","geometry":{"type":"Polygon","coordinates":[[[-76.57499999999999,3.4299999999999997],[-76.57,3.4299999999999997],[-76.57,3.4349999999999996],[-76.57499999999999,3.4349999999999996],[-76.57499999999999,3.4299999999999997]]]},"properties":{"value":246.7028,"sigma":14.8349}},{"type":"Feature","geometry":{"type":"Polygon","coordinates":[[[-76.57,3.4299999999999997],[-76.565,3.4299999999999997],[-76.565,3.4349999999999996],[-76.57,3.4349999999999996],[-76.57,3.4299999999999997]]]},"properties":{"value":244.6928,"sigma":13.1545}},{"type":"Feature","geometry":{"type":"Polygon","coordinates":[[[-76.565,3.4299999999999997],[-76.56,3.4299999999999997],[-76.56,3.4349999999999996],[-76.565,3.4349999999999996],[-76.565,3.4299999999999997]]]},"properties":{"value":245.2967,"sigma":12.8196}},{"type":"Feature","geometry":{"type":"Polygon","coordinates":[[[-76.55999999999999,3.4299999999999997],[-76.55499999999999,3.4299999999999997],[-76.55499999999999,3.4349999999999996],[-76.55999999999999,3.4349999999999996],[-76.55999999999999,3.4299999999999997]]]},"properties":{"value":244.4304,"sigma":11.6075}},{"type":"Feature","geometry":{"type":"Polygon","coordinates":[[[-76.55499999999999,3.4299999999999997],[-76.55,3.4299999999999997],[-76.55,3.4349999999999996],[-76.55499999999999,3.4349999999999996],[-76.55499999999999,3.4299999999999997]]]},"properties":{"value":244.6677,"sigma":12.2529}},{"type":"Feature","geometry":{"type":"Polygon","coordinates":[[[-76.55,3.4299999999999997],[-76.545,3.4299999999999997],[-76.545,3.4349999999999996],[-76.55,3.4349999999999996],[-76.55,3.4299999999999997]]]},"properties":{"value":244.8496,"sigma":13.2604}},{"type":"Feature","geometry":{"type":"Polygon","coordinates":[[[-76.54499999999999,3.4299999999999997],[-76.53999999999999,3.4299999999999997],[-76.53999999999999,3.4349999999999996],[-76.54499999999999,3.4349999999999996],[-76.54499999999999,3.4299999999999997]]]},"properties":{"value":246.5146,"sigma":13.5427}},{"type":"Feature","geometry":{"type":"Polygon","coordinates":[[[-76.53999999999999,3.4299999999999997],[-76.535,3.4299999999999997],[-76.535,3.4349999999999996],[-76.53999999999999,3.4349999999999996],[-76.53999999999999,3.4299999999999997]]]},"properties":{"value":244.3713,"sigma":13.6451}},{"type":"Feature","geometry":{"type":"Polygon","coordinates":[[[-76.535,3.4299999999999997],[-76.53,3.4299999999999997],[-76.53,3.4349999999999996],[-76.535,3.4349999999999996],[-76.535,3.4299999999999997]]]},"properties":{"value":245.9147,"sigma":14.229}},{"type":"Feature","geometry":{"type":"Polygon","coordinates":[[[-76.52999999999999,3.4299999999999997],[-76.52499999999999,3.4299999999999997],[-76.52499999999999,3.4349999999999996],[-76.52999999999999,3.4349999999999996],[-76.52999999999999,3.4299999999999997]]]},"properties":{"value":245.6308,"sigma":14.9847}},{"type":"Feature","geometry":{"type":"Polygon","coordinates":[[[-76.52499999999999,3.4299999999999997],[-76.52,3.4299999999999997],[-76.52,3.4349999999999996],[-76.52499999999999,3.4349999999999996],[-76.52499999999999,3.4299999999999997]]]},"properties":{"value":247.5742,"sigma":15.0462}},{"type":"Feature","geometry":{"type":"Polygon","coordinates":[[[-76.52,3.4299999999999997],[-76.515,3.4299999999999997],[-76.515,3.4349999999999996],[-76.52,3.4349999999999996],[-76.52,3.4299999999999997]]]},"properties":{"value":246.3435,"sigma":13.9347}},{"type":"Feature","geometry":{"type":"Polygon","coordinates":[[[-76.51499999999999,3.4299999999999997],[-76.50999999999999,3.4299999999999997],[-76.50999999999999,3.4349999999999996],[-76.51499999999999,3.4349999999999996],[-76.51499999999999,3.4299999999999997]]]},"properties":{"value":245.293,"sigma":13.8233}},{"type":"Feature","geometry":{"type":"Polygon","coordinates":[[[-76.50999999999999,3.4299999999999997],[-76.505,3.4299999999999997],[-76.505,3.4349999999999996],[-76.50999999999999,3.4349999999999996],[-76.50999999999999,3.4299999999999997]]]},"properties":{"value":245.5504,"sigma":14.2687}},{"type":"Feature","geometry":{"type":"Polygon","coordinates":[[[-76.505,3.4299999999999997],[-76.5,3.4299999999999997],[-76.5,3.4349999999999996],[-76.505,3.4349999999999996],[-76.505,3.4299999999999997]]]},"properties":{"value":245.53,"sigma":15.2493}},{"type":"Feature","geometry":{"type":"Polygon","coordinates":[[[-76.49999999999999,3.4299999999999997],[-76.49499999999999,3.4299999999999997],[-76.49499999999999,3.4349999999999996],[-76.49999999999999,3.4349999999999996],[-76.49999999999999,3.4299999999999997]]]},"properties":{"value":244.127,"sigma":15.1086}},{"type":"Feature","geometry":{"type":"Polygon","coordinates":[[[-76.49499999999999,3.4299999999999997],[-76.49,3.4299999999999997],[-76.49,3.4349999999999996],[-76.49499999999999,3.4349999999999996],[-76.49499999999999,3.4299999999999997]]]},"properties":{"value":242.8317,"sigma":14.9231}},{"type":"Feature","geometry":{"type":"Polygon","coordinates":[[[-76.49,3.4299999999999997],[-76.485,3.4299999999999997],[-76.485,3.4349999999999996],[-76.49,3.4349999999999996],[-76.49,3.4299999999999997]]]},"properties":{"value":246.6807,"sigma":13.762}},{"type":"Feature","geometry":{"type":"Polygon","coordinates":[[[-76.48499999999999,3.4299999999999997],[-76.47999999999999,3.4299999999999997],[-76.47999999999999,3.4349999999999996],[-76.48499999999999,3.4349999999999996],[-76.48499999999999,3.4299999999999997]]]},"properties":{"value":245.0469,"sigma":12.4424}},{"type":"Feature","geometry":{"type":"Polygon","coordinates":[[[-76.47999999999999,3.4299999999999997],[-76.475,3.4299999999999997],[-76.475,3.4349999999999996],[-76.47999999999999,3.4349999999999996],[-76.47999999999999,3.4299999999999997]]]},"properties":{"value":244.0769,"sigma":12.3643}},{"type":"Feature","geometry":{"type":"Polygon","coordinates":[[[-76.475,3.4299999999999997],[-76.47,3.4299999999999997],[-76.47,3.4349999999999996],[-76.475,3.4349999999999996],[-76.475,3.4299999999999997]]]},"properties":{"value":245.5124,"sigma":12.1264}},{"type":"Feature","geometry":{"type":"Polygon","coordinates":[[[-76.47,3.4299999999999997],[-76.465,3.4299999999999997],[-76.465,3.4349999999999996],[-76.47,3.4349999999999996],[-76.47,3.4299999999999997]]]},"properties":{"value":245.2182,"sigma":11.2549}},{"type":"Feature","geometry":{"type":"Polygon","coordinates":[[[-76.46499999999999,3.4299999999999997],[-76.46,3.4299999999999997],[-76.46,3.4349999999999996],[-76.46499999999999,3.4349999999999996],[-76.46499999999999,3.4299999999999997]]]},"properties":{"value":247.9644,"sigma":9.4054}},{"type":"Feature","geometry":{"type":"Polygon","coordinates":[[[-76.46,3.4299999999999997],[-76.455,3.4299999999999997],[-76.455,3.4349999999999996],[-76.46,3.4349999999999996],[-76.46,3.4299999999999997]]]},"properties":{"value":247.1603,"sigma":10.9963}},{"type":"Feature","geometry":{"type":"Polygon","coordinates":[[[-76.455,3.4299999999999997],[-76.45,3.4299999999999997],[-76.45,3.4349999999999996],[-76.455,3.4349999999999996],[-76.455,3.4299999999999997]]]},"properties":{"value":249.9836,"sigma":12.8711}},{"type":"Feature","geometry":{"type":"Polygon","coordinates":[[[-76.44999999999999,3.4299999999999997],[-76.445,3.4299999999999997],[-76.445,3.4349999999999996],[-76.44999999999999,3.4349999999999996],[-76.44999999999999,3.4299999999999997]]]},"properties":{"value":250.1214,"sigma":11.7023}},{"type":"Feature","geometry":{"type":"Polygon","coordinates":[[[-76.445,3.4299999999999997],[-76.44,3.4299999999999997],[-76.44,3.4349999999999996],[-76.445,3.4349999999999996],[-76.445,3.4299999999999997]]]},"properties":{"value":254.504,"sigma":12.6749}},{"type":"Feature","geometry":{"type":"Polygon","coordinates":[[[-76.44,3.4299999999999997],[-76.435,3.4299999999999997],[-76.435,3.4349999999999996],[-76.44,3.4349999999999996],[-76.44,3.4299999999999997]]]},"properties":{"value":257.9923,"sigma":15.1076}},{"type":"Feature","geometry":{"type":"Polygon","coordinates":[[[-76.43499999999999,3.4299999999999997],[-76.42999999999999,3.4299999999999997],[-76.42999999999999,3.4349999999999996],[-76.43499999999999,3.4349999999999996],[-76.43499999999999,3.4299999999999997]]]},"properties":{"value":257.3205,"sigma":15.5881}},{"type":"Feature","geometry":{"type":"Polygon","coordinates":[[[-76.42999999999999,3.4299999999999997],[-76.425,3.4299999999999997],[-76.425,3.4349999999999996],[-76.42999999999999,3.4349999999999996],[-76.42999999999999,3.4299999999999997]]]},"properties":{"value":258.1544,"sigma":16.9783}},{"type":"Feature","geometry":{"type":"Polygon","coordinates":[[[-76.425,3.4299999999999997],[-76.42,3.4299999999999997],[-76.42,3.4349999999999996],[-76.425,3.4349999999999996],[-76.425,3.4299999999999997]]]},"properties":{"value":258.4544,"sigma":16.5268}},{"type":"Feature","geometry":{"type":"Polygon","coordinates":[[[-76.41999999999999,3.4299999999999997],[-76.41499999999999,3.4299999999999997],[-76.41499999999999,3.4349999999999996],[-76.41999999999999,3.4349999999999996],[-76.41999999999999,3.4299999999999997]]]},"properties":{"value":254.5238,"sigma":20.0974}},{"type":"Feature","geometry":{"type":"Polygon","coordinates":[[[-76.41499999999999,3.4299999999999997],[-76.41,3.4299999999999997],[-76.41,3.4349999999999996],[-76.41499999999999,3.4349999999999996],[-76.41499999999999,3.4299999999999997]]]},"properties":{"value":250.8842,"sigma":18.4123}},{"type":"Feature","geometry":{"type":"Polygon","coordinates":[[[-76.41,3.4299999999999997],[-76.405,3.4299999999999997],[-76.405,3.4349999999999996],[-76.41,3.4349999999999996],[-76.41,3.4299999999999997]]]},"properties":{"value":249.3378,"sigma":20.4965}},{"type":"Feature","geometry":{"type":"Polygon","coordinates":[[[-76.40499999999999,3.4299999999999997],[-76.39999999999999,3.4299999999999997],[-76.39999999999999,3.4349999999999996],[-76.40499999999999,3.4349999999999996],[-76.40499999999999,3.4299999999999997]]]},"properties":{"value":248.532,"sigma":21.461}},{"type":"Feature","geometry":{"type":"Polygon","coordinates":[[[-76.6,3.435],[-76.595,3.435],[-76.595,3.44],[-76.6,3.44],[-76.6,3.435]]]},"properties":{"value":245.5205,"sigma":18.5385}},{"type":"Feature","geometry":{"type":"Polygon","coordinates":[[[-76.595,3.435],[-76.59,3.435],[-76.59,3.44],[-76.595,3.44],[-76.595,3.435]]]},"properties":{"value":245.1573,"sigma":17.1837}},{"type":"Feature","geometry":{"type":"Polygon","coordinates":[[[-76.58999999999999,3.435],[-76.585,3.435],[-76.585,3.44],[-76.58999999999999,3.44],[-76.58999999999999,3.435]]]},"properties":{"value":247.5962,"sigma":17.0247}},{"type":"Feature","geometry":{"type":"Polygon","coordinates":[[[-76.585,3.435],[-76.58,3.435],[-76.58,3.44],[-76.585,3.44],[-76.585,3.435]]]},"properties":{"value":246.0832,"sigma":16.1702}},{"type":"Feature","geometry":{"type":"Polygon","coordinates":[[[-76.58,3.435],[-76.575,3.435],[-76.575,3.44],[-76.58,3.44],[-76.58,3.435]]]},"properties":{"value":245.8566,"sigma":16.0966}},{"type":"Feature","geometry":{"type":"Polygon","coordinates":[[[-76.57499999999999,3.435],[-76.57,3.435],[-76.57,3.44],[-76.57499999999999,3.44],[-76.57499999999999,3.435]]]},"properties":{"value":243.5772,"sigma":17.2351}},{"type":"Feature","geometry":{"type":"Polygon","coordinates":[[[-76.57,3.435],[-76.565,3.435],[-76.565,3.44],[-76.57,3.44],[-76.57,3.435]]]},"properties":{"value":246.7197,"sigma":15.8169}},{"type":"Feature","geometry":{"type":"Polygon","coordinates":[[[-76.565,3.435],[-76.56,3.435],[-76.56,3.44],[-76.565,3.44],[-76.565,3.435]]]},"properties":{"value":245.8983,"sigma":14.1146}},{"type":"Feature","geometry":{"type":"Polygon","coordinates":[[[-76.55999999999999,3.435],[-76.55499999999999,3.435],[-76.55499999999999,3.44],[-76.55999999999999,3.44],[-76.55999999999999,3.435]]]},"properties":{"value":243.456,"sigma":13.6566}},{"type":"Feature","geometry":{"type":"Polygon","coordinates":[[[-76.55499999999999,3.435],[-76.55,3.435],[-76.55,3.44],[-76.55499999999999,3.44],[-76.55499999999999,3.435]]]},"properties":{"value":245.7274,"sigma":15.095}},{"type":"Feature","geometry":{"type":"Polygon","coordinates":[[[-76.55,3.435],[-76.545,3.435],[-76.545,3.44],[-76.55,3.44],[-76.55,3.435]]]},"properties":{"value":244.1883,"sigma":13.7272}},{"type":"Feature","geometry":{"type":"Polygon","coordinates":[[[-76.54499999999999,3.435],[-76.53999999999999,3.435],[-76.53999999999999,3.44],[-76.54499999999999,3.44],[-76.54499999999999,3.435]]]},"properties":{"value":243.3067,"sigma":13.7201}},{"type":"Feature","geometry":{"type":"Polygon","coordinates":[[[-76.53999999999999,3.435],[-76.535,3.435],[-76.535,3.44],[-76.53999999999999,3.44],[-76.53999999999999,3.435]]]},"properties":{"value":245.6018,"sigma":13.9066}},{"type":"Feature","geometry":{"type":"Polygon","coordinates":[[[-76.535,3.435],[-76.53,3.435],[-76.53,3.44],[-76.535,3.44],[-76.535,3.435]]]},"properties":{"value":244.5107,"sigma":12.5114}},{"type":"Feature","geometry":{"type":"Polygon","coordinates":[[[-76.52999999999999,3.435],[-76.52499999999999,3.435],[-76.52499999999999,3.44],[-76.52999999999999,3.44],[-76.52999999999999,3.435]]]},"properties":{"value":244.3259,"sigma":14.7793}},{"type":"Feature","geometry":{"type":"Polygon","coordinates":[[[-76.52499999999999,3.435],[-76.52,3.435],[-76.52,3.44],[-76.52499999999999,3.44],[-76.52499999999999,3.435]]]},"properties":{"value":243.7539,"sigma":14.905}},{"type":"Feature","geometry":{"type":"Polygon","coordinates":[[[-76.52,3.435],[-76.515,3.435],[-76.515,3.44],[-76.52,3.44],[-76.52,3.435]]]},"properties":{"value":242.7025,"sigma":13.2979}},{"type":"Feature","geometry":{"type":"Polygon","coordinates":[[[-76.51499999999999,3.435],[-76.50999999999999,3.435],[-76.50999999999999,3.44],[-76.51499999999999,3.44],[-76.51499999999999,3.435]]]},"properties":{"value":246.2494,"sigma":13.1853}},{"type":"Feature","geometry":{"type":"Polygon","coordinates":[[[-76.50999999999999,3.435],[-76.505,3.435],[-76.505,3.44],[-76.50999999999999,3.44],[-76.50999999999999,3.435]]]},"properties":{"value":244.8342,"sigma":13.5595}},{"type":"Feature","geometry":{"type":"Polygon","coordinates":[[[-76.505,3.435],[-76.5,3.435],[-76.5,3.44],[-76.505,3.44],[-76.505,3.435]]]},"properties":{"value":245.6983,"sigma":13.5201}},{"type":"Feature","geometry":{"type":"Polygon","coordinates":[[[-76.49999999999999,3.435],[-76.49499999999999,3.435],[-76.49499999999999,3.44],[-76.49999999999999,3.44],[-76.49999999999999,3.435]]]},"properties":{"value":245.5292,"sigma":14.629}},{"type":"Feature","geometry":{"type":"Polygon","coordinates":[[[-76.49499999999999,3.435],[-76.49,3.435],[-76.49,3.44],[-76.49499999999999,3.44],[-76.49499999999999,3.435]]]},"properties":{"value":244.5024,"sigma":14.7487}},{"type":"Feature","geometry":{"type":"Polygon","coordinates":[[[-76.49,3.435],[-76.485,3.435],[-76.485,3.44],[-76.49,3.44],[-76.49,3.435]]]},"properties":{"value":245.7444,"sigma":13.3364}},{"type":"Feature","geometry":{"type":"Polygon","coordinates":[[[-76.48499999999999,3.435],[-76.47999999999999,3.435],[-76.47999999999999,3.44],[-76.48499999999999,3.44],[-76.48499999999999,3.435]]]},"properties":{"value":244.403,"sigma":14.0856}},{"type":"Feature","geometry":{"type":"Polygon","coordinates":[[[-76.47999999999999,3.435],[-76.475,3.435],[-76.475,3.44],[-76.47999999999999,3.44],[-76.47999999999999,3.435]]]},"properties":{"value":242.7803,"sigma":14.6637}},{"type":"Feature","geometry":{"type":"Polygon","coordinates":[[[-76.475,3.435],[-76.47,3.435],[-76.47,3.44],[-76.475,3.44],[-76.475,3.435]]]},"properties":{"value":243.1217,"sigma":12.9975}},{"type":"Feature","geometry":{"type":"Polygon","coordinates":[[[-76.47,3.435],[-76.465,3.435],[-76.465,3.44],[-76.47,3.44],[-76.47,3.435]]]},"properties":{"value":246.2926,"sigma":11.5217}},{"type":"Feature","geometry":{"type":"Polygon","coordinates":[[[-76.46499999999999,3.435],[-76.46,3.435],[-76.46,3.44],[-76.46499999999999,3.44],[-76.46499999999999,3.435]]]},"properties":{"value":246.8976,"sigma":11.5653}},{"type":"Feature","geometry":{"type":"Polygon","coordinates":[[[-76.46,3.435],[-76.455,3.435],[-76.455,3.44],[-76.46,3.44],[-76.46,3.435]]]},"properties":{"value":247.3066,"sigma":11.9551}},{"type":"Feature","geometry":{"type":"Polygon","coordinates":[[[-76.455,3.435],[-76.45,3.435],[-76.45,3.44],[-76.455,3.44],[-76.455,3.435]]]},"properties":{"value":249.6882,"sigma":13.421}},{"type":"Feature","geometry":{"type":"Polygon","coordinates":[[[-76.44999999999999,3.435],[-76.445,3.435],[-76.445,3.44],[-76.44999999999999,3.44],[-76.44999999999999,3.435]]]},"properties":{"value":251.6867,"sigma":14.1746}},{"type":"Feature","geometry":{"type":"Polygon","coordinates":[[[-76.445,3.435],[-76.44,3.435],[-76.44,3.44],[-76.445,3.44],[-76.445,3.435]]]},"properties":{"value":254.1065,"sigma":13.4972}},{"type":"Feature","geometry":{"type":"Polygon","coordinates":[[[-76.44,3.435],[-76.435,3.435],[-76.435,3.44],[-76.44,3.44],[-76.44,3.435]]]},"properties":{"value":255.5905,"sigma":14.9331}},{"type":"Feature","geometry":{"type":"Polygon","coordinates":[[[-76.43499999999999,3.435],[-76.42999999999999,3.435],[-76.42999999999999,3.44],[-76.43499999999999,3.44],[-76.43499999999999,3.435]]]},"properties":{"value":259.5446,"sigma":16.9145}},{"type":"Feature","geometry":{"type":"Polygon","coordinates":[[[-76.42999999999999,3.435],[-76.425,3.435],[-76.425,3.44],[-76.42999999999999,3.44],[-76.42999999999999,3.435]]]},"properties":{"value":260.2918,"sigma":17.0158}},{"type":"Feature","geometry":{"type":"Polygon","coordinates":[[[-76.425,3.435],[-76.42,3.435],[-76.42,3.44],[-76.425,3.44],[-76.425,3.435]]]},"properties":{"value":256.1164,"sigma":16.9866}},{"type":"Feature","geometry":{"type":"Polygon","coordinates":[[[-76.41999999999999,3.435],[-76.41499999999999,3.435],[-76.41499999999999,3.44],[-76.41999999999999,3.44],[-76.41999999999999,3.435]]]},"properties":{"value":257.7788,"sigma":19.066}},{"type":"Feature","geometry":{"type":"Polygon","coordinates":[[[-76.41499999999999,3.435],[-76.41,3.435],[-76.41,3.44],[-76.41499999999999,3.44],[-76.41499999999999,3.435]]]},"properties":{"value":253.3888,"sigma":19.166}},{"type":"Feature","geometry":{"type":"Polygon","coordinates":[[[-76.41,3.435],[-76.405,3.435],[-76.405,3.44],[-76.41,3.44],[-76.41,3.435]]]},"properties":{"value":248.1296,"sigma":20.0639}},{"type":"Feature","geometry":{"type":"Polygon","coordinates":[[[-76.40499999999999,3.435],[-76.39999999999999,3.435],[-76.39999999999999,3.44],[-76.40499999999999,3.44],[-76.40499999999999,3.435]]]},"properties":{"value":244.2453,"sigma":21.1339}},{"type":"Feature","geometry":{"type":"Polygon","coordinates":[[[-76.6,3.44],[-76.595,3.44],[-76.595,3.445],[-76.6,3.445],[-76.6,3.44]]]},"properties":{"value":245.2969,"sigma":18.7117}},{"type":"Feature","geometry":{"type":"Polygon","coordinates":[[[-76.595,3.44],[-76.59,3.44],[-76.59,3.445],[-76.595,3.445],[-76.595,3.44]]]},"properties":{"value":245.8155,"sigma":19.5104}},{"type":"Feature","geometry":{"type":"Polygon","coordinates":[[[-76.58999999999999,3.44],[-76.585,3.44],[-76.585,3.445],[-76.58999999999999,3.445],[-76.58999999999999,3.44]]]},"properties":{"value":243.0392,"sigma":18.1706}},{"type":"Feature","geometry":{"type":"Polygon","coordinates":[[[-76.585,3.44],[-76.58,3.44],[-76.58,3.445],[-76.585,3.445],[-76.585,3.44]]]},"properties":{"value":245.0266,"sigma":15.9552}},{"type":"Feature","geometry":{"type":"Polygon","coordinates":[[[-76.58,3.44],[-76.575,3.44],[-76.575,3.445],[-76.58,3.445],[-76.58,3.44]]]},"properties":{"value":244.7131,"sigma":15.3483}},{"type":"Feature","geometry":{"type":"Polygon","coordinates":[[[-76.57499999999999,3.44],[-76.57,3.44],[-76.57,3.445],[-76.57499999999999,3.445],[-76.57499999999999,3.44]]]},"properties":{"value":245.9328,"sigma":16.5382}},{"type":"Feature","geometry":{"type":"Polygon","coordinates":[[[-76.57,3.44],[-76.565,3.44],[-76.565,3.445],[-76.57,3.445],[-76.57,3.44]]]},"properties":{"value":244.3319,"sigma":14.9735}},{"type":"Feature","geometry":{"type":"Polygon","coordinates":[[[-76.565,3.44],[-76.56,3.44],[-76.56,3.445],[-76.565,3.445],[-76.565,3.44]]]},"properties":{"value":243.9563,"sigma":13.9973}},{"type":"Feature","geometry":{"type":"Polygon","coordinates":[[[-76.55999999999999,3.44],[-76.55499999999999,3.44],[-76.55499999999999,3.445],[-76.55999999999999,3.445],[-76.55999999999999,3.44]]]},"properties":{"value":244.2106,"sigma":15.5924}},{"type":"Feature","geometry":{"type":"Polygon","coordinates":[[[-76.55499999999999,3.44],[-76.55,3.44],[-76.55,3.445],[-76.55499999999999,3.445],[-76.55499999999999,3.44]]]},"properties":{"value":244.1714,"sigma":13.2925}},{"type":"Feature","geometry":{"type":"Polygon","coordinates":[[[-76.55,3.44],[-76.545,3.44],[-76.545,3.445],[-76.55,3.445],[-76.55,3.44]]]},"properties":{"value":244.8206,"sigma":14.2303}},{"type":"Feature","geometry":{"type":"Polygon","coordinates":[[[-76.54499999999999,3.44],[-76.53999999999999,3.44],[-76.53999999999999,3.445],[-76.54499999999999,3.445],[-76.54499999999999,3.44]]]},"properties":{"value":247.0583,"sigma":14.0164}},{"type":"Feature","geometry":{"type":"Polygon","coordinates":[[[-76.53999999999999,3.44],[-76.535,3.44],[-76.535,3.445],[-76.53999999999999,3.445],[-76.53999999999999,3.44]]]},"properties":{"value":244.6929,"sigma":14.7514}},{"type":"Feature","geometry":{"type":"Polygon","coordinates":[[[-76.535,3.44],[-76.53,3.44],[-76.53,3.445],[-76.535,3.445],[-76.535,3.44]]]},"properties":{"value":243.9666,"sigma":13.9101}},{"type":"Feature","geometry":{"type":"Polygon","coordinates":[[[-76.52999999999999,3.44],[-76.52499999999999,3.44],[-76.52499999999999,3.445],[-76.52999999999999,3.445],[-76.52999999999999,3.44]]]},"properties":{"value":244.4458,"sigma":15.1514}},{"type":"Feature","geometry":{"type":"Polygon","coordinates":[[[-76.52499999999999,3.44],[-76.52,3.44],[-76.52,3.445],[-76.52499999999999,3.445],[-76.52499999999999,3.44]]]},"properties":{"value":242.8975,"sigma":12.869}},{"type":"Feature","geometry":{"type":"Polygon","coordinates":[[[-76.52,3.44],[-76.515,3.44],[-76.515,3.445],[-76.52,3.445],[-76.52,3.44]]]},"properties":{"value":243.1406,"sigma":13.5308}},{"type":"Feature","geometry":{"type":"Polygon","coordinates":[[[-76.51499999999999,3.44],[-76.50999999999999,3.44],[-76.50999999999999,3.445],[-76.51499999999999,3.445],[-76.51499999999999,3.44]]]},"properties":{"value":243.2793,"sigma":13.7093}},{"type":"Feature","geometry":{"type":"Polygon","coordinates":[[[-76.50999999999999,3.44],[-76.505,3.44],[-76.505,3.445],[-76.50999999999999,3.445],[-76.50999999999999,3.44]]]},"properties":{"value":243.771,"sigma":12.1712}},{"type":"Feature","geometry":{"type":"Polygon","coordinates":[[[-76.505,3.44],[-76.5,3.44],[-76.5,3.445],[-76.505,3.445],[-76.505,3.44]]]},"properties":{"value":244.5818,"sigma":13.6413}},{"type":"Feature","geometry":{"type":"Polygon","coordinates":[[[-76.49999999999999,3.44],[-76.49499999999999,3.44],[-76.49499999999999,3.445],[-76.49999999999999,3.445],[-76.49999999999999,3.44]]]},"properties":{"value":245.7399,"sigma":12.7759}},{"type":"Feature","geometry":{"type":"Polygon","coordinates":[[[-76.49499999999999,3.44],[-76.49,3.44],[-76.49,3.445],[-76.49499999999999,3.445],[-76.49499999999999,3.44]]]},"properties":{"value":245.7516,"sigma":13.5523}},{"type":"Feature","geometry":{"type":"Polygon","coordinates":[[[-76.49,3.44],[-76.485,3.44],[-76.485,3.445],[-76.49,3.445],[-76.49,3.44]]]},"properties":{"value":246.8772,"sigma":14.1126}},{"type":"Feature","geometry":{"type":"Polygon","coordinates":[[[-76.48499999999999,3.44],[-76.47999999999999,3.44],[-76.47999999999999,3.445],[-76.48499999999999,3.445],[-76.48499999999999,3.44]]]},"properties":{"value":246.7792,"sigma":15.6632}},{"type":"Feature","geometry":{"type":"Polygon","coordinates":[[[-76.47999999999999,3.44],[-76.475,3.44],[-76.475,3.445],[-76.47999999999999,3.445],[-76.47999999999999,3.44]]]},"properties":{"value":244.9347,"sigma":14.3221}},{"type":"Feature","geometry":{"type":"Polygon","coordinates":[[[-76.475,3.44],[-76.47,3.44],[-76.47,3.445],[-76.475,3.445],[-76.475,3.44]]]},"properties":{"value":247.3681,"sigma":13.9974}},{"type":"Feature","geometry":{"type":"Polygon","coordinates":[[[-76.47,3.44],[-76.465,3.44],[-76.465,3.445],[-76.47,3.445],[-76.47,3.44]]]},"properties":{"value":246.0887,"sigma":11.7943}},{"type":"Feature","geometry":{"type":"Polygon","coordinates":[[[-76.46499999999999,3.44],[-76.46,3.44],[-76.46,3.445],[-76.46499999999999,3.445],[-76.46499999999999,3.44]]]},"properties":{"value":248.6589,"sigma":13.4597}},{"type":"Feature","geometry":{"type":"Polygon","coordinates":[[[-76.46,3.44],[-76.455,3.44],[-76.455,3.445],[-76.46,3.445],[-76.46,3.44]]]},"properties":{"value":250.7536,"sigma":13.5301}},{"type":"Feature","geometry":{"type":"Polygon","coordinates":[[[-76.455,3.44],[-76.45,3.44],[-76.45,3.445],[-76.455,3.445],[-76.455,3.44]]]},"properties":{"value":250.2531,"sigma":13.3092}},{"type":"Feature","geometry":{"type":"Polygon","coordinates":[[[-76.44999999999999,3.44],[-76.445,3.44],[-76.445,3.445],[-76.44999999999999,3.445],[-76.44999999999999,3.44]]]},"properties":{"value":252.0492,"sigma":14.1594}},{"type":"Feature","geometry":{"type":"Polygon","coordinates":[[[-76.445,3.44],[-76.44,3.44],[-76.44,3.445],[-76.445,3.445],[-76.445,3.44]]]},"properties":{"value":255.1793,"sigma":15.2992}},{"type":"Feature","geometry":{"type":"Polygon","coordinates":[[[-76.44,3.44],[-76.435,3.44],[-76.435,3.445],[-76.44,3.445],[-76.44,3.44]]]},"properties":{"value":258.4367,"sigma":14.4273}},{"type":"Feature","geometry":{"type":"Polygon","coordinates":[[[-76.43499999999999,3.44],[-76.42999999999999,3.44],[-76.42999999999999,3.445],[-76.43499999999999,3.445],[-76.43499999999999,3.44]]]},"properties":{"value":260.0182,"sigma":15.4392}},{"type":"Feature","geometry":{"type":"Polygon","coordinates":[[[-76.42999999999999,3.44],[-76.425,3.44],[-76.425,3.445],[-76.42999999999999,3.445],[-76.42999999999999,3.44]]]},"properties":{"value":263.351,"sigma":16.9624}},{"type":"Feature","geometry":{"type":"Polygon","coordinates":[[[-76.425,3.44],[-76.42,3.44],[-76.42,3.445],[-76.425,3.445],[-76.425,3.44]]]},"properties":{"value":259.0266,"sigma":17.457}},{"type":"Feature","geometry":{"type":"Polygon","coordinates":[[[-76.41999999999999,3.44],[-76.41499999999999,3.44],[-76.41499999999999,3.445],[-76.41999999999999,3.445],[-76.41999999999999,3.44]]]},"properties":{"value":255.676,"sigma":18.1012}},{"type":"Feature","geometry":{"type":"Polygon","coordinates":[[[-76.41499999999999,3.44],[-76.41,3.44],[-76.41,3.445],[-76.41499999999999,3.445],[-76.41499999999999,3.44]]]},"properties":{"value":253.6126,"sigma":19.5787}},{"type":"Feature","geometry":{"type":"Polygon","coordinates":[[[-76.41,3.44],[-76.405,3.44],[-76.405,3.445],[-76.41,3.445],[-76.41,3.44]]]},"properties":{"value":249.849,"sigma":21.0399}},{"type":"Feature","geometry":{"type":"Polygon","coordinates":[[[-76.40499999999999,3.44],[-76.39999999999999,3.44],[-76.39999999999999,3.445],[-76.40499999999999,3.445],[-76.40499999999999,3.44]]]},"properties":{"value":247.0434,"sigma":21.4582}},{"type":"Feature","geometry":{"type":"Polygon","coordinates":[[[-76.6,3.445],[-76.595,3.445],[-76.595,3.4499999999999997],[-76.6,3.4499999999999997],[-76.6,3.445]]]},"properties":{"value":244.9541,"sigma":19.2319}},{"type":"Feature","geometry":{"type":"Polygon","coordinates":[[[-76.595,3.445],[-76.59,3.445],[-76.59,3.4499999999999997],[-76.595,3.4499999999999997],[-76.595,3.445]]]},"properties":{"value":244.6437,"sigma":18.7225}},{"type":"Feature","geometry":{"type":"Polygon","coordinates":[[[-76.58999999999999,3.445],[-76.585,3.445],[-76.585,3.4499999999999997],[-76.58999999999999,3.4499999999999997],[-76.58999999999999,3.445]]]},"properties":{"value":245.7259,"sigma":16.8392}},{"type":"Feature","geometry":{"type":"Polygon","coordinates":[[[-76.585,3.445],[-76.58,3.445],[-76.58,3.4499999999999997],[-76.585,3.4499999999999997],[-76.585,3.445]]]},"properties":{"value":244.334,"sigma":17.2047}},{"type":"Feature","geometry":{"type":"Polygon","coordinates":[[[-76.58,3.445],[-76.575,3.445],[-76.575,3.4499999999999997],[-76.58,3.4499999999999997],[-76.58,3.445]]]},"properties":{"value":246.8971,"sigma":16.7243}},{"type":"Feature","geometry":{"type":"Polygon","coordinates":[[[-76.57499999999999,3.445],[-76.57,3.445],[-76.57,3.4499999999999997],[-76.57499999999999,3.4499999999999997],[-76.57499999999999,3.445]]]},"properties":{"value":244.8877,"sigma":16.6798}},{"type":"Feature","geometry":{"type":"Polygon","coordinates":[[[-76.57,3.445],[-76.565,3.445],[-76.565,3.4499999999999997],[-76.57,3.4499999999999997],[-76.57,3.445]]]},"properties":{"value":244.6704,"sigma":17.7625}},{"type":"Feature","geometry":{"type":"Polygon","coordinates":[[[-76.565,3.445],[-76.56,3.445],[-76.56,3.4499999999999997],[-76.565,3.4499999999999997],[-76.565,3.445]]]},"properties":{"value":245.163,"sigma":14.629}},{"type":"Feature","geometry":{"type":"Polygon","coordinates":[[[-76.55999999999999,3.445],[-76.55499999999999,3.445],[-76.55499999999999,3.4499999999999997],[-76.55999999999999,3.4499999999999997],[-76.55999999999999,3.445]]]},"properties":{"value":243.0483,"sigma":16.1852}},{"type":"Feature","geometry":{"type":"Polygon","coordinates":[[[-76.55499999999999,3.445],[-76.55,3.445],[-76.55,3.4499999999999997],[-76.55499999999999,3.4499999999999997],[-76.55499999999999,3.445]]]},"properties":{"value":245.2753,"sigma":16.5538}},{"type":"Feature","geometry":{"type":"Polygon","coordinates":[[[-76.55,3.445],[-76.545,3.445],[-76.545,3.4499999999999997],[-76.55,3.4499999999999997],[-76.55,3.445]]]},"properties":{"value":244.595,"sigma":15.3111}},{"type":"Feature","geometry":{"type":"Polygon","coordinates":[[[-76.54499999999999,3.445],[-76.53999999999999,3.445],[-76.53999999999999,3.4499999999999997],[-76.54499999999999,3.4499999999999997],[-76.54499999999999,3.445]]]},"properties":{"value":244.9237,"sigma":15.3537}},{"type":"Feature","geometry":{"type":"Polygon","coordinates":[[[-76.53999999999999,3.445],[-76.535,3.445],[-76.535,3.4499999999999997],[-76.53999999999999,3.4499999999999997],[-76.53999999999999,3.445]]]},"properties":{"value":244.9223,"sigma":15.5958}},{"type":"Feature","geometry":{"type":"Polygon","coordinates":[[[-76.535,3.445],[-76.53,3.445],[-76.53,3.4499999999999997],[-76.535,3.4499999999999997],[-76.535,3.445]]]},"properties":{"value":243.4513,"sigma":14.2186}},{"type":"Feature","geometry":{"type":"Polygon","coordinates":[[[-76.52999999999999,3.445],[-76.52499999999999,3.445],[-76.52499999999999,3.4499999999999997],[-76.52999999999999,3.4499999999999997],[-76.52999999999999,3.445]]]},"properties":{"value":244.3979,"sigma":14.2158}},{"type":"Feature","geometry":{"type":"Polygon","coordinates":[[[-76.52499999999999,3.445],[-76.52,3.445],[-76.52,3.4499999999999997],[-76.52499999999999,3.4499999999999997],[-76.52499999999999,3.445]]]},"properties":{"value":243.7246,"sigma":12.5954}},{"type":"Feature","geometry":{"type":"Polygon","coordinates":[[[-76.52,3.445],[-76.515,3.445],[-76.515,3.4499999999999997],[-76.52,3.4499999999999997],[-76.52,3.445]]]},"properties":{"value":245.2306,"sigma":12.4707}},{"type":"Feature","geometry":{"type":"Polygon","coordinates":[[[-76.51499999999999,3.445],[-76.50999999999999,3.445],[-76.50999999999999,3.4499999999999997],[-76.51499999999999,3.4499999999999997],[-76.51499999999999,3.445]]]},"properties":{"value":243.9704,"sigma":11.5725}},{"type":"Feature","geometry":{"type":"Polygon","coordinates":[[[-76.50999999999999,3.445],[-76.505,3.445],[-76.505,3.4499999999999997],[-76.50999999999999,3.4499999999999997],[-76.50999999999999,3.445]]]},"properties":{"value":243.7385,"sigma":11.418}},{"type":"Feature","geometry":{"type":"Polygon","coordinates":[[[-76.505,3.445],[-76.5,3.445],[-76.5,3.4499999999999997],[-76.505,3.4499999999999997],[-76.505,3.445]]]},"properties":{"value":243.239,"sigma":11.3735}},{"type":"Feature","geometry":{"type":"Polygon","coordinates":[[[-76.49999999999999,3.445],[-76.49499999999999,3.445],[-76.49499999999999,3.4499999999999997],[-76.49999999999999,3.4499999999999997],[-76.49999999999999,3.445]]]},"properties":{"value":245.549,"sigma":12.1622}},{"type":"Feature","geometry":{"type":"Polygon","coordinates":[[[-76.49499999999999,3.445],[-76.49,3.445],[-76.49,3.4499999999999997],[-76.49499999999999,3.4499999999999997],[-76.49499999999999,3.445]]]},"properties":{"value":244.1068,"sigma":13.8439}},{"type":"Feature","geometry":{"type":"Polygon","coordinates":[[[-76.49,3.445],[-76.485,3.445],[-76.485,3.4499999999999997],[-76.49,3.4499999999999997],[-76.49,3.445]]]},"properties":{"value":243.859,"sigma":13.8259}},{"type":"Feature","geometry":{"type":"Polygon","coordinates":[[[-76.48499999999999,3.445],[-76.47999999999999,3.445],[-76.47999999999999,3.4499999999999997],[-76.48499999999999,3.4499999999999997],[-76.48499999999999,3.445]]]},"properties":{"value":247.9971,"sigma":15.9785}},{"type":"Feature","geometry":{"type":"Polygon","coordinates":[[[-76.47999999999999,3.445],[-76.475,3.445],[-76.475,3.4499999999999997],[-76.47999999999999,3.4499999999999997],[-76.47999999999999,3.445]]]},"properties":{"value":246.6102,"sigma":13.0902}},{"type":"Feature","geometry":{"type":"Polygon","coordinates":[[[-76.475,3.445],[-76.47,3.445],[-76.47,3.4499999999999997],[-76.475,3.4499999999999997],[-76.475,3.445]]]},"properties":{"value":247.8713,"sigma":14.1869}},{"type":"Feature","geometry":{"type":"Polygon","coordinates":[[[-76.47,3.445],[-76.465,3.445],[-76.465,3.4499999999999997],[-76.47,3.4499999999999997],[-76.47,3.445]]]},"properties":{"value":249.0395,"sigma":13.7544}},{"type":"Feature","geometry":{"type":"Polygon","coordinates":[[[-76.46499999999999,3.445],[-76.46,3.445],[-76.46,3.4499999999999997],[-76.46499999999999,3.4499999999999997],[-76.46499999999999,3.445]]]},"properties":{"value":250.7771,"sigma":14.1581}},{"type":"Feature","geometry":{"type":"Polygon","coordinates":[[[-76.46,3.445],[-76.455,3.445],[-76.455,3.4499999999999997],[-76.46,3.4499999999999997],[-76.46,3.445]]]},"properties":{"value":250.0094,"sigma":12.1266}},{"type":"Feature","geometry":{"type":"Polygon","coordinates":[[[-76.455,3.445],[-76.45,3.445],[-76.45,3.4499999999999997],[-76.455,3.4499999999999997],[-76.455,3.445]]]},"properties":{"value":251.5228,"sigma":14.1034}},{"type":"Feature","geometry":{"type":"Polygon","coordinates":[[[-76.44999999999999,3.445],[-76.445,3.445],[-76.445,3.4499999999999997],[-76.44999999999999,3.4499999999999997],[-76.44999999999999,3.445]]]},"properties":{"value":252.4581,"sigma":14.5663}},{"type":"Feature","geometry":{"type":"Polygon","coordinates":[[[-76.445,3.445],[-76.44,3.445],[-76.44,3.4499999999999997],[-76.445,3.4499999999999997],[-76.445,3.445]]]},"properties":{"value":255.9295,"sigma":14.6106}},{"type":"Feature","geometry":{"type":"Polygon","coordinates":[[[-76.44,3.445],[-76.435,3.445],[-76.435,3.4499999999999997],[-76.44,3.4499999999999997],[-76.44,3.445]]]},"properties":{"value":256.4798,"sigma":16.9094}},{"type":"Feature","geometry":{"type":"Polygon","coordinates":[[[-76.43499999999999,3.445],[-76.42999999999999,3.445],[-76.42999999999999,3.4499999999999997],[-76.43499999999999,3.4499999999999997],[-76.43499999999999,3.445]]]},"properties":{"value":260.7328,"sigma":17.2439}},{"type":"Feature","geometry":{"type":"Polygon","coordinates":[[[-76.42999999999999,3.445],[-76.425,3.445],[-76.425,3.4499999999999997],[-76.42999999999999,3.4499999999999997],[-76.42999999999999,3.445]]]},"properties":{"value":260.6127,"sigma":17.9315}},{"type":"Feature","geometry":{"type":"Polygon","coordinates":[[[-76.425,3.445],[-76.42,3.445],[-76.42,3.4499999999999997],[-76.425,3.4499999999999997],[-76.425,3.445]]]},"properties":{"value":257.6409,"sigma":17.0114}},{"type":"Feature","geometry":{"type":"Polygon","coordinates":[[[-76.41999999999999,3.445],[-76.41499999999999,3.445],[-76.41499999999999,3.4499999999999997],[-76.41999999999999,3.4499999999999997],[-76.41999999999999,3.445]]]},"properties":{"value":255.6375,"sigma":17.5782}},{"type":"Feature","geometry":{"type":"Polygon","coordinates":[[[-76.41499999999999,3.445],[-76.41,3.445],[-76.41,3.4499999999999997],[-76.41499999999999,3.4499999999999997],[-76.41499999999999,3.445]]]},"properties":{"value":251.0445,"sigma":19.8704}},{"type":"Feature","geometry":{"type":"Polygon","coordinates":[[[-76.41,3.445],[-76.405,3.445],[-76.405,3.4499999999999997],[-76.41,3.4499999999999997],[-76.41,3.445]]]},"properties":{"value":248.6436,"sigma":17.9989}},{"type":"Feature","geometry":{"type":"Polygon","coordinates":[[[-76.40499999999999,3.445],[-76.39999999999999,3.445],[-76.39999999999999,3.4499999999999997],[-76.40499999999999,3.4499999999999997],[-76.40499999999999,3.445]]]},"properties":{"value":246.5567,"sigma":21.8542}},{"type":"Feature","geometry":{"type":"Polygon","coordinates":[[[-76.6,3.4499999999999997],[-76.595,3.4499999999999997],[-76.595,3.4549999999999996],[-76.6,3.4549999999999996],[-76.6,3.4499999999999997]]]},"properties":{"value":245.3916,"sigma":20.892}},{"type":"Feature","geometry":{"type":"Polygon","coordinates":[[[-76.595,3.4499999999999997],[-76.59,3.4499999999999997],[-76.59,3.4549999999999996],[-76.595,3.4549999999999996],[-76.595,3.4499999999999997]]]},"properties":{"value":244.431,"sigma":20.7558}},{"type":"Feature","geometry":{"type":"Polygon","coordinates":[[[-76.58999999999999,3.4499999999999997],[-76.585,3.4499999999999997],[-76.585,3.4549999999999996],[-76.58999999999999,3.4549999999999996],[-76.58999999999999,3.4499999999999997]]]},"properties":{"value":245.7941,"sigma":18.4005}},{"type":"Feature","geometry":{"type":"Polygon","coordinates":[[[-76.585,3.4499999999999997],[-76.58,3.4499999999999997],[-76.58,3.4549999999999996],[-76.585,3.4549999999999996],[-76.585,3.4499999999999997]]]},"properties":{"value":246.2217,"sigma":16.9525}},{"type":"Feature","geometry":{"type":"Polygon","coordinates":[[[-76.58,3.4499999999999997],[-76.575,3.4499999999999997],[-76.575,3.4549999999999996],[-76.58,3.4549999999999996],[-76.58,3.4499999999999997]]]},"properties":{"value":244.1337,"sigma":17.8929}},{"type":"Feature","geometry":{"type":"Polygon","coordinates":[[[-76.57499999999999,3.4499999999999997],[-76.57,3.4499999999999997],[-76.57,3.4549999999999996],[-76.57499999999999,3.4549999999999996],[-76.57499999999999,3.4499999999999997]]]},"properties":{"value":245.2438,"sigma":15.9241}},{"type":"Feature","geometry":{"type":"Polygon","coordinates":[[[-76.57,3.4499999999999997],[-76.565,3.4499999999999997],[-76.565,3.4549999999999996],[-76.57,3.4549999999999996],[-76.57,3.4499999999999997]]]},"properties":{"value":247.1418,"sigma":17.0883}},{"type":"Feature","geometry":{"type":"Polygon","coordinates":[[[-76.565,3.4499999999999997],[-76.56,3.4499999999999997],[-76.56,3.4549999999999996],[-76.565,3.4549999999999996],[-76.565,3.4499999999999997]]]},"properties":{"value":246.6675,"sigma":16.7857}},{"type":"Feature","geometry":{"type":"Polygon","coordinates":[[[-76.55999999999999,3.4499999999999997],[-76.55499999999999,3.4499999999999997],[-76.55499999999999,3.4549999999999996],[-76.55999999999999,3.4549999999999996],[-76.55999999999999,3.4499999999999997]]]},"properties":{"value":242.6875,"sigma":15.4159}},{"type":"Feature","geometry":{"type":"Polygon","coordinates":[[[-76.55499999999999,3.4499999999999997],[-76.55,3.4499999999999997],[-76.55,3.4549999999999996],[-76.55499999999999,3.4549999999999996],[-76.55499999999999,3.4499999999999997]]]},"properties":{"value":244.5904,"sigma":16.644}},{"type":"Feature","geometry":{"type":"Polygon","coordinates":[[[-76.55,3.4499999999999997],[-76.545,3.4499999999999997],[-76.545,3.4549999999999996],[-76.55,3.4549999999999996],[-76.55,3.4499999999999997]]]},"properties":{"value":245.4556,"sigma":15.8679}},{"type":"Feature","geometry":{"type":"Polygon","coordinates":[[[-76.54499999999999,3.4499999999999997],[-76.53999999999999,3.4499999999999997],[-76.53999999999999,3.4549999999999996],[-76.54499999999999,3.4549999999999996],[-76.54499999999999,3.4499999999999997]]]},"properties":{"value":247.0889,"sigma":15.6964}},{"type":"Feature","geometry":{"type":"Polygon","coordinates":[[[-76.53999999999999,3.4499999999999997],[-76.535,3.4499999999999997],[-76.535,3.4549999999999996],[-76.53999999999999,3.4549999999999996],[-76.53999999999999,3.4499999999999997]]]},"properties":{"value":244.8996,"sigma":15.9944}},{"type":"Feature","geometry":{"type":"Polygon","coordinates":[[[-76.535,3.4499999999999997],[-76.53,3.4499999999999997],[-76.53,3.4549999999999996],[-76.535,3.4549999999999996],[-76.535,3.4499999999999997]]]},"properties":{"value":244.0349,"sigma":15.1273}},{"type":"Feature","geometry":{"type":"Polygon","coordinates":[[[-76.52999999999999,3.4499999999999997],[-76.52499999999999,3.4499999999999997],[-76.52499999999999,3.4549999999999996],[-76.52999999999999,3.4549999999999996],[-76.52999999999999,3.4499999999999997]]]},"properties":{"value":246.0683,"sigma":14.261}},{"type":"Feature","geometry":{"type":"Polygon","coordinates":[[[-76.52499999999999,3.4499999999999997],[-76.52,3.4499999999999997],[-76.52,3.4549999999999996],[-76.52499999999999,3.4549999999999996],[-76.52499999999999,3.4499999999999997]]]},"properties":{"value":245.7214,"sigma":13.721}},{"type":"Feature","geometry":{"type":"Polygon","coordinates":[[[-76.52,3.4499999999999997],[-76.515,3.4499999999999997],[-76.515,3.4549999999999996],[-76.52,3.4549999999999996],[-76.52,3.4499999999999997]]]},"properties":{"value":244.1283,"sigma":10.3179}},{"type":"Feature","geometry":{"type":"Polygon","coordinates":[[[-76.51499999999999,3.4499999999999997],[-76.50999999999999,3.4499999999999997],[-76.50999999999999,3.4549999999999996],[-76.51499999999999,3.4549999999999996],[-76.51499999999999,3.4499999999999997]]]},"properties":{"value":243.2414,"sigma":11.2813}},{"type":"Feature","geometry":{"type":"Polygon","coordinates":[[[-76.50999999999999,3.4499999999999997],[-76.505,3.4499999999999997],[-76.505,3.4549999999999996],[-76.50999999999999,3.4549999999999996],[-76.50999999999999,3.4499999999999997]]]},"properties":{"value":246.5724,"sigma":12.187}},{"type":"Feature","geometry":{"type":"Polygon","coordinates":[[[-76.505,3.4499999999999997],[-76.5,3.4499999999999997],[-76.5,3.4549999999999996],[-76.505,3.4549999999999996],[-76.505,3.4499999999999997]]]},"properties":{"value":245.6877,"sigma":10.0874}},{"type":"Feature","geometry":{"type":"Polygon","coordinates":[[[-76.49999999999999,3.4499999999999997],[-76.49499999999999,3.4499999999999997],[-76.49499999999999,3.4549999999999996],[-76.49999999999999,3.4549999999999996],[-76.49999999999999,3.4499999999999997]]]},"properties":{"value":246.1884,"sigma":11.2415}},{"type":"Feature","geometry":{"type":"Polygon","coordinates":[[[-76.49499999999999,3.4499999999999997],[-76.49,3.4499999999999997],[-76.49,3.4549999999999996],[-76.49499999999999,3.4549999999999996],[-76.49499999999999,3.4499999999999997]]]},"properties":{"value":245.4806,"sigma":11.7028}},{"type":"Feature","geometry":{"type":"Polygon","coordinates":[[[-76.49,3.4499999999999997],[-76.485,3.4499999999999997],[-76.485,3.4549999999999996],[-76.49,3.4549999999999996],[-76.49,3.4499999999999997]]]},"properties":{"value":247.5424,"sigma":13.4503}},{"type":"Feature","geometry":{"type":"Polygon","coordinates":[[[-76.48499999999999,3.4499999999999997],[-76.47999999999999,3.4499999999999997],[-76.47999999999999,3.4549999999999996],[-76.48499999999999,3.4549999999999996],[-76.48499999999999,3.4499999999999997]]]},"properties":{"value":247.84,"sigma":13.8971}},{"type":"Feature","geometry":{"type":"Polygon","coordinates":[[[-76.47999999999999,3.4499999999999997],[-76.475,3.4499999999999997],[-76.475,3.4549999999999996],[-76.47999999999999,3.4549999999999996],[-76.47999999999999,3.4499999999999997]]]},"properties":{"value":247.3726,"sigma":14.4062}},{"type":"Feature","geometry":{"type":"Polygon","coordinates":[[[-76.475,3.4499999999999997],[-76.47,3.4499999999999997],[-76.47,3.4549999999999996],[-76.475,3.4549999999999996],[-76.475,3.4499999999999997]]]},"properties":{"value":247.8894,"sigma":15.6961}},{"type":"Feature","geometry":{"type":"Polygon","coordinates":[[[-76.47,3.4499999999999997],[-76.465,3.4499999999999997],[-76.465,3.4549999999999996],[-76.47,3.4549999999999996],[-76.47,3.4499999999999997]]]},"properties":{"value":250.4649,"sigma":12.3632}},{"type":"Feature","geometry":{"type":"Polygon","coordinates":[[[-76.46499999999999,3.4499999999999997],[-76.46,3.4499999999999997],[-76.46,3.4549999999999996],[-76.46499999999999,3.4549999999999996],[-76.46499999999999,3.4499999999999997]]]},"properties":{"value":250.8228,"sigma":14.2321}},{"type":"Feature","geometry":{"type":"Polygon","coordinates":[[[-76.46,3.4499999999999997],[-76.455,3.4499999999999997],[-76.455,3.4549999999999996],[-76.46,3.4549999999999996],[-76.46,3.4499999999999997]]]},"properties":{"value":253.5051,"sigma":13.492}},{"type":"Feature","geometry":{"type":"Polygon","coordinates":[[[-76.455,3.4499999999999997],[-76.45,3.4499999999999997],[-76.45,3.4549999999999996],[-76.455,3.4549999999999996],[-76.455,3.4499999999999997]]]},"properties":{"value":252.597,"sigma":14.5275}},{"type":"Feature","geometry":{"type":"Polygon","coordinates":[[[-76.44999999999999,3.4499999999999997],[-76.445,3.4499999999999997],[-76.445,3.4549999999999996],[-76.44999999999999,3.4549999999999996],[-76.44999999999999,3.4499999999999997]]]},"properties":{"value":252.9216,"sigma":14.4447}},{"type":"Feature","geometry":{"type":"Polygon","coordinates":[[[-76.445,3.4499999999999997],[-76.44,3.4499999999999997],[-76.44,3.4549999999999996],[-76.445,3.4549999999999996],[-76.445,3.4499999999999997]]]},"properties":{"value":254.1128,"sigma":15.1516}},{"type":"Feature","geometry":{"type":"Polygon","coordinates":[[[-76.44,3.4499999999999997],[-76.435,3.4499999999999997],[-76.435,3.4549999999999996],[-76.44,3.4549999999999996],[-76.44,3.4499999999999997]]]},"properties":{"value":257.6103,"sigma":17.3546}},{"type":"Feature","geometry":{"type":"Polygon","coordinates":[[[-76.43499999999999,3.4499999999999997],[-76.42999999999999,3.4499999999999997],[-76.42999999999999,3.4549999999999996],[-76.43499999999999,3.4549999999999996],[-76.43499999999999,3.4499999999999997]]]},"properties":{"value":258.8332,"sigma":17.0051}},{"type":"Feature","geometry":{"type":"Polygon","coordinates":[[[-76.42999999999999,3.4499999999999997],[-76.425,3.4499999999999997],[-76.425,3.4549999999999996],[-76.42999999999999,3.4549999999999996],[-76.42999999999999,3.4499999999999997]]]},"properties":{"value":258.1029,"sigma":16.8149}},{"type":"Feature","geometry":{"type":"Polygon","coordinates":[[[-76.425,3.4499999999999997],[-76.42,3.4499999999999997],[-76.42,3.4549999999999996],[-76.425,3.4549999999999996],[-76.425,3.4499999999999997]]]},"properties":{"value":255.3521,"sigma":18.3719}},{"type":"Feature","geometry":{"type":"Polygon","coordinates":[[[-76.41999999999999,3.4499999999999997],[-76.41499999999999,3.4499999999999997],[-76.41499999999999,3.4549999999999996],[-76.41999999999999,3.4549999999999996],[-76.41999999999999,3.4499999999999997]]]},"properties":{"value":254.7394,"sigma":18.6549}},{"type":"Feature","geometry":{"type":"Polygon","coordinates":[[[-76.41499999999999,3.4499999999999997],[-76.41,3.4499999999999997],[-76.41,3.4549999999999996],[-76.41499999999999,3.4549999999999996],[-76.41499999999999,3.4499999999999997]]]},"properties":{"value":252.6972,"sigma":18.9124}},{"type":"Feature","geometry":{"type":"Polygon","coordinates":[[[-76.41,3.4499999999999997],[-76.405,3.4499999999999997],[-76.405,3.4549999999999996],[-76.41,3.4549999999999996],[-76.41,3.4499999999999997]]]},"properties":{"value":250.3832,"sigma":21.0853}},{"type":"Feature","geometry":{"type":"Polygon","coordinates":[[[-76.40499999999999,3.4499999999999997],[-76.39999999999999,3.4499999999999997],[-76.39999999999999,3.4549999999999996],[-76.40499999999999,3.4549999999999996],[-76.40499999999999,3.4499999999999997]]]},"properties":{"value":246.5297,"sigma":20.9676}},{"type":"Feature","geometry":{"type":"Polygon","coordinates":[[[-76.6,3.455],[-76.595,3.455],[-76.595,3.46],[-76.6,3.46],[-76.6,3.455]]]},"properties":{"value":242.9579,"sigma":20.0449}},{"type":"Feature","geometry":{"type":"Polygon","coordinates":[[[-76.595,3.455],[-76.59,3.455],[-76.59,3.46],[-76.595,3.46],[-76.595,3.455]]]},"properties":{"value":245.6583,"sigma":19.8806}},{"type":"Feature","geometry":{"type":"Polygon","coordinates":[[[-76.58999999999999,3.455],[-76.585,3.455],[-76.585,3.46],[-76.58999999999999,3.46],[-76.58999999999999,3.455]]]},"properties":{"value":246.0148,"sigma":18.6215}},{"type":"Feature","geometry":{"type":"Polygon","coordinates":[[[-76.585,3.455],[-76.58,3.455],[-76.58,3.46],[-76.585,3.46],[-76.585,3.455]]]},"properties":{"value":247.6394,"sigma":19.6221}},{"type":"Feature","geometry":{"type":"Polygon","coordinates":[[[-76.58,3.455],[-76.575,3.455],[-76.575,3.46],[-76.58,3.46],[-76.58,3.455]]]},"properties":{"value":245.3052,"sigma":17.8059}},{"type":"Feature","geometry":{"type":"Polygon","coordinates":[[[-76.57499999999999,3.455],[-76.57,3.455],[-76.57,3.46],[-76.57499999999999,3.46],[-76.57499999999999,3.455]]]},"properties":{"value":245.1875,"sigma":17.7852}},{"type":"Feature","geometry":{"type":"Polygon","coordinates":[[[-76.57,3.455],[-76.565,3.455],[-76.565,3.46],[-76.57,3.46],[-76.57,3.455]]]},"properties":{"value":248.8071,"sigma":18.2377}},{"type":"Feature","geometry":{"type":"Polygon","coordinates":[[[-76.565,3.455],[-76.56,3.455],[-76.56,3.46],[-76.565,3.46],[-76.565,3.455]]]},"properties":{"value":242.7391,"sigma":18.0436}},{"type":"Feature","geometry":{"type":"Polygon","coordinates":[[[-76.55999999999999,3.455],[-76.55499999999999,3.455],[-76.55499999999999,3.46],[-76.55999999999999,3.46],[-76.55999999999999,3.455]]]},"properties":{"value":246.9518,"sigma":16.611}},{"type":"Feature","geometry":{"type":"Polygon","coordinates":[[[-76.55499999999999,3.455],[-76.55,3.455],[-76.55,3.46],[-76.55499999999999,3.46],[-76.55499999999999,3.455]]]},"properties":{"value":246.2637,"sigma":16.2846}},{"type":"Feature","geometry":{"type":"Polygon","coordinates":[[[-76.55,3.455],[-76.545,3.455],[-76.545,3.46],[-76.55,3.46],[-76.55,3.455]]]},"properties":{"value":244.1369,"sigma":17.7827}},{"type":"Feature","geometry":{"type":"Polygon","coordinates":[[[-76.54499999999999,3.455],[-76.53999999999999,3.455],[-76.53999999999999,3.46],[-76.54499999999999,3.46],[-76.54499999999999,3.455]]]},"properties":{"value":247.0292,"sigma":17.2875}},{"type":"Feature","geometry":{"type":"Polygon","coordinates":[[[-76.53999999999999,3.455],[-76.535,3.455],[-76.535,3.46],[-76.53999999999999,3.46],[-76.53999999999999,3.455]]]},"properties":{"value":246.99,"sigma":15.0864}},{"type":"Feature","geometry":{"type":"Polygon","coordinates":[[[-76.535,3.455],[-76.53,3.455],[-76.53,3.46],[-76.535,3.46],[-76.535,3.455]]]},"properties":{"value":245.0684,"sigma":16.1698}},{"type":"Feature","geometry":{"type":"Polygon","coordinates":[[[-76.52999999999999,3.455],[-76.52499999999999,3.455],[-76.52499999999999,3.46],[-76.52999999999999,3.46],[-76.52999999999999,3.455]]]},"properties":{"value":246.6626,"sigma":12.3027}},{"type":"Feature","geometry":{"type":"Polygon","coordinates":[[[-76.52499999999999,3.455],[-76.52,3.455],[-76.52,3.46],[-76.52499999999999,3.46],[-76.52499999999999,3.455]]]},"properties":{"value":246.0012,"sigma":12.4556}},{"type":"Feature","geometry":{"type":"Polygon","coordinates":[[[-76.52,3.455],[-76.515,3.455],[-76.515,3.46],[-76.52,3.46],[-76.52,3.455]]]},"properties":{"value":246.1366,"sigma":11.1486}},{"type":"Feature","geometry":{"type":"Polygon","coordinates":[[[-76.51499999999999,3.455],[-76.50999999999999,3.455],[-76.50999999999999,3.46],[-76.51499999999999,3.46],[-76.51499999999999,3.455]]]},"properties":{"value":243.6382,"sigma":10.581}},{"type":"Feature","geometry":{"type":"Polygon","coordinates":[[[-76.50999999999999,3.455],[-76.505,3.455],[-76.505,3.46],[-76.50999999999999,3.46],[-76.50999999999999,3.455]]]},"properties":{"value":245.7059,"sigma":11.0504}},{"type":"Feature","geometry":{"type":"Polygon","coordinates":[[[-76.505,3.455],[-76.5,3.455],[-76.5,3.46],[-76.505,3.46],[-76.505,3.455]]]},"properties":{"value":245.3631,"sigma":9.5577}},{"type":"Feature","geometry":{"type":"Polygon","coordinates":[[[-76.49999999999999,3.455],[-76.49499999999999,3.455],[-76.49499999999999,3.46],[-76.49999999999999,3.46],[-76.49999999999999,3.455]]]},"properties":{"value":242.9839,"sigma":10.8354}},{"type":"Feature","geometry":{"type":"Polygon","coordinates":[[[-76.49499999999999,3.455],[-76.49,3.455],[-76.49,3.46],[-76.49499999999999,3.46],[-76.49499999999999,3.455]]]},"properties":{"value":246.2949,"sigma":12.961}},{"type":"Feature","geometry":{"type":"Polygon","coordinates":[[[-76.49,3.455],[-76.485,3.455],[-76.485,3.46],[-76.49,3.46],[-76.49,3.455]]]},"properties":{"value":247.3435,"sigma":13.985}},{"type":"Feature","geometry":{"type":"Polygon","coordinates":[[[-76.48499999999999,3.455],[-76.47999999999999,3.455],[-76.47999999999999,3.46],[-76.48499999999999,3.46],[-76.48499999999999,3.455]]]},"properties":{"value":247.5579,"sigma":14.3991}},{"type":"Feature","geometry":{"type":"Polygon","coordinates":[[[-76.47999999999999,3.455],[-76.475,3.455],[-76.475,3.46],[-76.47999999999999,3.46],[-76.47999999999999,3.455]]]},"properties":{"value":250.6952,"sigma":15.7107}},{"type":"Feature","geometry":{"type":"Polygon","coordinates":[[[-76.475,3.455],[-76.47,3.455],[-76.47,3.46],[-76.475,3.46],[-76.475,3.455]]]},"properties":{"value":251.2951,"sigma":14.2288}},{"type":"Feature","geometry":{"type":"Polygon","coordinates":[[[-76.47,3.455],[-76.465,3.455],[-76.465,3.46],[-76.47,3.46],[-76.47,3.455]]]},"properties":{"value":252.3585,"sigma":14.3303}},{"type":"Feature","geometry":{"type":"Polygon","coordinates":[[[-76.46499999999999,3.455],[-76.46,3.455],[-76.46,3.46],[-76.46499999999999,3.46],[-76.46499999999999,3.455]]]},"properties":{"value":255.7129,"sigma":14.6145}},{"type":"Feature","geometry":{"type":"Polygon","coordinates":[[[-76.46,3.455],[-76.455,3.455],[-76.455,3.46],[-76.46,3.46],[-76.46,3.455]]]},"properties":{"value":254.7088,"sigma":13.9408}},{"type":"Feature","geometry":{"type":"Polygon","coordinates":[[[-76.455,3.455],[-76.45,3.455],[-76.45,3.46],[-76.455,3.46],[-76.455,3.455]]]},"properties":{"value":256.0094,"sigma":14.679}},{"type":"Feature","geometry":{"type":"Polygon","coordinates":[[[-76.44999999999999,3.455],[-76.445,3.455],[-76.445,3.46],[-76.44999999999999,3.46],[-76.44999999999999,3.455]]]},"properties":{"value":260.5197,"sigma":16.2779}},{"type":"Feature","geometry":{"type":"Polygon","coordinates":[[[-76.445,3.455],[-76.44,3.455],[-76.44,3.46],[-76.445,3.46],[-76.445,3.455]]]},"properties":{"value":257.6812,"sigma":15.8277}},{"type":"Feature","geometry":{"type":"Polygon","coordinates":[[[-76.44,3.455],[-76.435,3.455],[-76.435,3.46],[-76.44,3.46],[-76.44,3.455]]]},"properties":{"value":257.6769,"sigma":16.4928}},{"type":"Feature","geometry":{"type":"Polygon","coordinates":[[[-76.43499999999999,3.455],[-76.42999999999999,3.455],[-76.42999999999999,3.46],[-76.43499999999999,3.46],[-76.43499999999999,3.455]]]},"properties":{"value":256.6657,"sigma":18.6928}},{"type":"Feature","geometry":{"type":"Polygon","coordinates":[[[-76.42999999999999,3.455],[-76.425,3.455],[-76.425,3.46],[-76.42999999999999,3.46],[-76.42999999999999,3.455]]]},"properties":{"value":254.8891,"sigma":17.0456}},{"type":"Feature","geometry":{"type":"Polygon","coordinates":[[[-76.425,3.455],[-76.42,3.455],[-76.42,3.46],[-76.425,3.46],[-76.425,3.455]]]},"properties":{"value":254.8683,"sigma":19.0315}},{"type":"Feature","geometry":{"type":"Polygon","coordinates":[[[-76.41999999999999,3.455],[-76.41499999999999,3.455],[-76.41499999999999,3.46],[-76.41999999999999,3.46],[-76.41999999999999,3.455]]]},"properties":{"value":251.659,"sigma":19.673}},{"type":"Feature","geometry":{"type":"Polygon","coordinates":[[[-76.41499999999999,3.455],[-76.41,3.455],[-76.41,3.46],[-76.41499999999999,3.46],[-76.41499999999999,3.455]]]},"properties":{"value":251.5689,"sigma":20.8538}},{"type":"Feature","geometry":{"type":"Polygon","coordinates":[[[-76.41,3.455],[-76.405,3.455],[-76.405,3.46],[-76.41,3.46],[-76.41,3.455]]]},"properties":{"value":244.8462,"sigma":20.6004}},{"type":"Feature","geometry":{"type":"Polygon","coordinates":[[[-76.40499999999999,3.455],[-76.39999999999999,3.455],[-76.39999999999999,3.46],[-76.40499999999999,3.46],[-76.40499999999999,3.455]]]},"properties":{"value":248.6412,"sigma":21.8193}},{"type":"Feature","geometry":{"type":"Polygon","coordinates":[[[-76.6,3.46],[-76.595,3.46],[-76.595,3.465],[-76.6,3.465],[-76.6,3.46]]]},"properties":{"value":245.3594,"sigma":20.6219}},{"type":"Feature","geometry":{"type":"Polygon","coordinates":[[[-76.595,3.46],[-76.59,3.46],[-76.59,3.465],[-76.595,3.465],[-76.595,3.46]]]},"properties":{"value":245.4887,"sigma":20.3293}},{"type":"Feature","geometry":{"type":"Polygon","coordinates":[[[-76.58999999999999,3.46],[-76.585,3.46],[-76.585,3.465],[-76.58999999999999,3.465],[-76.58999999999999,3.46]]]},"properties":{"value":247.3438,"sigma":20.9321}},{"type":"Feature","geometry":{"type":"Polygon","coordinates":[[[-76.585,3.46],[-76.58,3.46],[-76.58,3.465],[-76.585,3.465],[-76.585,3.46]]]},"properties":{"value":247.2953,"sigma":19.0827}},{"type":"Feature","geometry":{"type":"Polygon","coordinates":[[[-76.58,3.46],[-76.575,3.46],[-76.575,3.465],[-76.58,3.465],[-76.58,3.46]]]},"properties":{"value":247.2338,"sigma":19.9561}},{"type":"Feature","geometry":{"type":"Polygon","coordinates":[[[-76.57499999999999,3.46],[-76.57,3.46],[-76.57,3.465],[-76.57499999999999,3.465],[-76.57499999999999,3.46]]]},"properties":{"value":247.1236,"sigma":20.12}},{"type":"Feature","geometry":{"type":"Polygon","coordinates":[[[-76.57,3.46],[-76.565,3.46],[-76.565,3.465],[-76.57,3.465],[-76.57,3.46]]]},"properties":{"value":246.5233,"sigma":18.7952}},{"type":"Feature","geometry":{"type":"Polygon","coordinates":[[[-76.565,3.46],[-76.56,3.46],[-76.56,3.465],[-76.565,3.465],[-76.565,3.46]]]},"properties":{"value":248.6418,"sigma":17.4336}},{"type":"Feature","geometry":{"type":"Polygon","coordinates":[[[-76.55999999999999,3.46],[-76.55499999999999,3.46],[-76.55499999999999,3.465],[-76.55999999999999,3.465],[-76.55999999999999,3.46]]]},"properties":{"value":248.4523,"sigma":19.5939}},{"type":"Feature","geometry":{"type":"Polygon","coordinates":[[[-76.55499999999999,3.46],[-76.55,3.46],[-76.55,3.465],[-76.55499999999999,3.465],[-76.55499999999999,3.46]]]},"properties":{"value":245.5437,"sigma":16.9407}},{"type":"Feature","geometry":{"type":"Polygon","coordinates":[[[-76.55,3.46],[-76.545,3.46],[-76.545,3.465],[-76.55,3.465],[-76.55,3.46]]]},"properties":{"value":247.4019,"sigma":16.5238}},{"type":"Feature","geometry":{"type":"Polygon","coordinates":[[[-76.54499999999999,3.46],[-76.53999999999999,3.46],[-76.53999999999999,3.465],[-76.54499999999999,3.465],[-76.54499999999999,3.46]]]},"properties":{"value":245.2963,"sigma":15.5964}},{"type":"Feature","geometry":{"type":"Polygon","coordinates":[[[-76.53999999999999,3.46],[-76.535,3.46],[-76.535,3.465],[-76.53999999999999,3.465],[-76.53999999999999,3.46]]]},"properties":{"value":246.9529,"sigma":16.5683}},{"type":"Feature","geometry":{"type":"Polygon","coordinates":[[[-76.535,3.46],[-76.53,3.46],[-76.53,3.465],[-76.535,3.465],[-76.535,3.46]]]},"properties":{"value":246.3393,"sigma":14.3339}},{"type":"Feature","geometry":{"type":"Polygon","coordinates":[[[-76.52999999999999,3.46],[-76.52499999999999,3.46],[-76.52499999999999,3.465],[-76.52999999999999,3.465],[-76.52999999999999,3.46]]]},"properties":{"value":243.4436,"sigma":13.8731}},{"type":"Feature","geometry":{"type":"Polygon","coordinates":[[[-76.52499999999999,3.46],[-76.52,3.46],[-76.52,3.465],[-76.52499999999999,3.465],[-76.52499999999999,3.46]]]},"properties":{"value":242.0771,"sigma":13.616}},{"type":"Feature","geometry":{"type":"Polygon","coordinates":[[[-76.52,3.46],[-76.515,3.46],[-76.515,3.465],[-76.52,3.465],[-76.52,3.46]]]},"properties":{"value":243.7935,"sigma":12.3708}},{"type":"Feature","geometry":{"type":"Polygon","coordinates":[[[-76.51499999999999,3.46],[-76.50999999999999,3.46],[-76.50999999999999,3.465],[-76.51499999999999,3.465],[-76.51499999999999,3.46]]]},"properties":{"value":247.1286,"sigma":10.61}},{"type":"Feature","geometry":{"type":"Polygon","coordinates":[[[-76.50999999999999,3.46],[-76.505,3.46],[-76.505,3.465],[-76.50999999999999,3.465],[-76.50999999999999,3.46]]]},"properties":{"value":244.4651,"sigma":10.2783}},{"type":"Feature","geometry":{"type":"Polygon","coordinates":[[[-76.505,3.46],[-76.5,3.46],[-76.5,3.465],[-76.505,3.465],[-76.505,3.46]]]},"properties":{"value":246.2898,"sigma":11.5818}},{"type":"Feature","geometry":{"type":"Polygon","coordinates":[[[-76.49999999999999,3.46],[-76.49499999999999,3.46],[-76.49499999999999,3.465],[-76.49999999999999,3.465],[-76.49999999999999,3.46]]]},"properties":{"value":246.1913,"sigma":11.3202}},{"type":"Feature","geometry":{"type":"Polygon","coordinates":[[[-76.49499999999999,3.46],[-76.49,3.46],[-76.49,3.465],[-76.49499999999999,3.465],[-76.49499999999999,3.46]]]},"properties":{"value":245.0476,"sigma":13.3871}},{"type":"Feature","geometry":{"type":"Polygon","coordinates":[[[-76.49,3.46],[-76.485,3.46],[-76.485,3.465],[-76.49,3.465],[-76.49,3.46]]]},"properties":{"value":247.8908,"sigma":14.0786}},{"type":"Feature","geometry":{"type":"Polygon","coordinates":[[[-76.48499999999999,3.46],[-76.47999999999999,3.46],[-76.47999999999999,3.465],[-76.48499999999999,3.465],[-76.48499999999999,3.46]]]},"properties":{"value":250.0614,"sigma":15.3277}},{"type":"Feature","geometry":{"type":"Polygon","coordinates":[[[-76.47999999999999,3.46],[-76.475,3.46],[-76.475,3.465],[-76.47999999999999,3.465],[-76.47999999999999,3.46]]]},"properties":{"value":252.4725,"sigma":13.385}},{"type":"Feature","geometry":{"type":"Polygon","coordinates":[[[-76.475,3.46],[-76.47,3.46],[-76.47,3.465],[-76.475,3.465],[-76.475,3.46]]]},"properties":{"value":254.4958,"sigma":14.4772}},{"type":"Feature","geometry":{"type":"Polygon","coordinates":[[[-76.47,3.46],[-76.465,3.46],[-76.465,3.465],[-76.47,3.465],[-76.47,3.46]]]},"properties":{"value":255.4047,"sigma":14.7467}},{"type":"Feature","geometry":{"type":"Polygon","coordinates":[[[-76.46499999999999,3.46],[-76.46,3.46],[-76.46,3.465],[-76.46499999999999,3.465],[-76.46499999999999,3.46]]]},"properties":{"value":258.6314,"sigma":15.1931}},{"type":"Feature","geometry":{"type":"Polygon","coordinates":[[[-76.46,3.46],[-76.455,3.46],[-76.455,3.465],[-76.46,3.465],[-76.46,3.46]]]},"properties":{"value":259.1926,"sigma":15.6014}},{"type":"Feature","geometry":{"type":"Polygon","coordinates":[[[-76.455,3.46],[-76.45,3.46],[-76.45,3.465],[-76.455,3.465],[-76.455,3.46]]]},"properties":{"value":258.308,"sigma":16.4902}},{"type":"Feature","geometry":{"type":"Polygon","coordinates":[[[-76.44999999999999,3.46],[-76.445,3.46],[-76.445,3.465],[-76.44999999999999,3.465],[-76.44999999999999,3.46]]]},"properties":{"value":257.8534,"sigma":16.5225}},{"type":"Feature","geometry":{"type":"Polygon","coordinates":[[[-76.445,3.46],[-76.44,3.46],[-76.44,3.465],[-76.445,3.465],[-76.445,3.46]]]},"properties":{"value":259.108,"sigma":17.6297}},{"type":"Feature","geometry":{"type":"Polygon","coordinates":[[[-76.44,3.46],[-76.435,3.46],[-76.435,3.465],[-76.44,3.465],[-76.44,3.46]]]},"properties":{"value":260.1395,"sigma":17.1399}},{"type":"Feature","geometry":{"type":"Polygon","coordinates":[[[-76.43499999999999,3.46],[-76.42999999999999,3.46],[-76.42999999999999,3.465],[-76.43499999999999,3.465],[-76.43499999999999,3.46]]]},"properties":{"value":257.0263,"sigma":18.7925}},{"type":"Feature","geometry":{"type":"Polygon","coordinates":[[[-76.42999999999999,3.46],[-76.425,3.46],[-76.425,3.465],[-76.42999999999999,3.465],[-76.42999999999999,3.46]]]},"properties":{"value":255.4695,"sigma":19.0811}},{"type":"Feature","geometry":{"type":"Polygon","coordinates":[[[-76.425,3.46],[-76.42,3.46],[-76.42,3.465],[-76.425,3.465],[-76.425,3.46]]]},"properties":{"value":253.7277,"sigma":19.012}},{"type":"Feature","geometry":{"type":"Polygon","coordinates":[[[-76.41999999999999,3.46],[-76.41499999999999,3.46],[-76.41499999999999,3.465],[-76.41999999999999,3.465],[-76.41999999999999,3.46]]]},"properties":{"value":252.2075,"sigma":20.7361}},{"type":"Feature","geometry":{"type":"Polygon","coordinates":[[[-76.41499999999999,3.46],[-76.41,3.46],[-76.41,3.465],[-76.41499999999999,3.465],[-76.41499999999999,3.46]]]},"properties":{"value":250.4977,"sigma":20.8201}},{"type":"Feature","geometry":{"type":"Polygon","coordinates":[[[-76.41,3.46],[-76.405,3.46],[-76.405,3.465],[-76.41,3.465],[-76.41,3.46]]]},"properties":{"value":250.2439,"sigma":21.422}},{"type":"Feature","geometry":{"type":"Polygon","coordinates":[[[-76.40499999999999,3.46],[-76.39999999999999,3.46],[-76.39999999999999,3.465],[-76.40499999999999,3.465],[-76.40499999999999,3.46]]]},"properties":{"value":247.0652,"sigma":22.1276}},{"type":"Feature","geometry":{"type":"Polygon","coordinates":[[[-76.6,3.465],[-76.595,3.465],[-76.595,3.4699999999999998],[-76.6,3.4699999999999998],[-76.6,3.465]]]},"properties":{"value":246.4284,"sigma":21.2831}},{"type":"Feature","geometry":{"type":"Polygon","coordinates":[[[-76.595,3.465],[-76.59,3.465],[-76.59,3.4699999999999998],[-76.595,3.4699999999999998],[-76.595,3.465]]]},"properties":{"value":247.1539,"sigma":21.9755}},{"type":"Feature","geometry":{"type":"Polygon","coordinates":[[[-76.58999999999999,3.465],[-76.585,3.465],[-76.585,3.4699999999999998],[-76.58999999999999,3.4699999999999998],[-76.58999999999999,3.465]]]},"properties":{"value":247.3285,"sigma":20.8332}},{"type":"Feature","geometry":{"type":"Polygon","coordinates":[[[-76.585,3.465],[-76.58,3.465],[-76.58,3.4699999999999998],[-76.585,3.4699999999999998],[-76.585,3.465]]]},"properties":{"value":244.9686,"sigma":20.9025}},{"type":"Feature","geometry":{"type":"Polygon","coordinates":[[[-76.58,3.465],[-76.575,3.465],[-76.575,3.4699999999999998],[-76.58,3.4699999999999998],[-76.58,3.465]]]},"properties":{"value":249.7755,"sigma":20.6178}},{"type":"Feature","geometry":{"type":"Polygon","coordinates":[[[-76.57499999999999,3.465],[-76.57,3.465],[-76.57,3.4699999999999998],[-76.57499999999999,3.4699999999999998],[-76.57499999999999,3.465]]]},"properties":{"value":248.6022,"sigma":19.2998}},{"type":"Feature","geometry":{"type":"Polygon","coordinates":[[[-76.57,3.465],[-76.565,3.465],[-76.565,3.4699999999999998],[-76.57,3.4699999999999998],[-76.57,3.465]]]},"properties":{"value":248.6159,"sigma":19.2828}},{"type":"Feature","geometry":{"type":"Polygon","coordinates":[[[-76.565,3.465],[-76.56,3.465],[-76.56,3.4699999999999998],[-76.565,3.4699999999999998],[-76.565,3.465]]]},"properties":{"value":245.766,"sigma":18.1031}},{"type":"Feature","geometry":{"type":"Polygon","coordinates":[[[-76.55999999999999,3.465],[-76.55499999999999,3.465],[-76.55499999999999,3.4699999999999998],[-76.55999999999999,3.4699999999999998],[-76.55999999999999,3.465]]]},"properties":{"value":247.1559,"sigma":17.1088}},{"type":"Feature","geometry":{"type":"Polygon","coordinates":[[[-76.55499999999999,3.465],[-76.55,3.465],[-76.55,3.4699999999999998],[-76.55499999999999,3.4699999999999998],[-76.55499999999999,3.465]]]},"properties":{"value":245.7622,"sigma":15.5099}},{"type":"Feature","geometry":{"type":"Polygon","coordinates":[[[-76.55,3.465],[-76.545,3.465],[-76.545,3.4699999999999998],[-76.55,3.4699999999999998],[-76.55,3.465]]]},"properties":{"value":246.1336,"sigma":14.3451}},{"type":"Feature","geometry":{"type":"Polygon","coordinates":[[[-76.54499999999999,3.465],[-76.53999999999999,3.465],[-76.53999999999999,3.4699999999999998],[-76.54499999999999,3.4699999999999998],[-76.54499999999999,3.465]]]},"properties":{"value":245.8225,"sigma":15.1523}},{"type":"Feature","geometry":{"type":"Polygon","coordinates":[[[-76.53999999999999,3.465],[-76.535,3.465],[-76.535,3.4699999999999998],[-76.53999999999999,3.4699999999999998],[-76.53999999999999,3.465]]]},"properties":{"value":247.5967,"sigma":14.221}},{"type":"Feature","geometry":{"type":"Polygon","coordinates":[[[-76.535,3.465],[-76.53,3.465],[-76.53,3.4699999999999998],[-76.535,3.4699999999999998],[-76.535,3.465]]]},"properties":{"value":247.7473,"sigma":15.9041}},{"type":"Feature","geometry":{"type":"Polygon","coordinates":[[[-76.52999999999999,3.465],[-76.52499999999999,3.465],[-76.52499999999999,3.4699999999999998],[-76.52999999999999,3.4699999999999998],[-76.52999999999999,3.465]]]},"properties":{"value":244.0192,"sigma":13.4699}},{"type":"Feature","geometry":{"type":"Polygon","coordinates":[[[-76.52499999999999,3.465],[-76.52,3.465],[-76.52,3.4699999999999998],[-76.52499999999999,3.4699999999999998],[-76.52499999999999,3.465]]]},"properties":{"value":246.321,"sigma":14.1051}},{"type":"Feature","geometry":{"type":"Polygon","coordinates":[[[-76.52,3.465],[-76.515,3.465],[-76.515,3.4699999999999998],[-76.52,3.4699999999999998],[-76.52,3.465]]]},"properties":{"value":246.9665,"sigma":12.8582}},{"type":"Feature","geometry":{"type":"Polygon","coordinates":[[[-76.51499999999999,3.465],[-76.50999999999999,3.465],[-76.50999999999999,3.4699999999999998],[-76.51499999999999,3.4699999999999998],[-76.51499999999999,3.465]]]},"properties":{"value":247.3867,"sigma":11.562}},{"type":"Feature","geometry":{"type":"Polygon","coordinates":[[[-76.50999999999999,3.465],[-76.505,3.465],[-76.505,3.4699999999999998],[-76.50999999999999,3.4699999999999998],[-76.50999999999999,3.465]]]},"properties":{"value":245.1512,"sigma":11.8436}},{"type":"Feature","geometry":{"type":"Polygon","coordinates":[[[-76.505,3.465],[-76.5,3.465],[-76.5,3.4699999999999998],[-76.505,3.4699999999999998],[-76.505,3.465]]]},"properties":{"value":245.7103,"sigma":12.6781}},{"type":"Feature","geometry":{"type":"Polygon","coordinates":[[[-76.49999999999999,3.465],[-76.49499999999999,3.465],[-76.49499999999999,3.4699999999999998],[-76.49999999999999,3.4699999999999998],[-76.49999999999999,3.465]]]},"properties":{"value":244.4661,"sigma":10.8601}},{"type":"Feature","geometry":{"type":"Polygon","coordinates":[[[-76.49499999999999,3.465],[-76.49,3.465],[-76.49,3.4699999999999998],[-76.49499999999999,3.4699999999999998],[-76.49499999999999,3.465]]]},"properties":{"value":249.3316,"sigma":14.7851}},{"type":"Feature","geometry":{"type":"Polygon","coordinates":[[[-76.49,3.465],[-76.485,3.465],[-76.485,3.4699999999999998],[-76.49,3.4699999999999998],[-76.49,3.465]]]},"properties":{"value":248.4677,"sigma":14.9857}},{"type":"Feature","geometry":{"type":"Polygon","coordinates":[[[-76.48499999999999,3.465],[-76.47999999999999,3.465],[-76.47999999999999,3.4699999999999998],[-76.48499999999999,3.4699999999999998],[-76.48499999999999,3.465]]]},"properties":{"value":249.8927,"sigma":14.9298}},{"type":"Feature","geometry":{"type":"Polygon","coordinates":[[[-76.47999999999999,3.465],[-76.475,3.465],[-76.475,3.4699999999999998],[-76.47999999999999,3.4699999999999998],[-76.47999999999999,3.465]]]},"properties":{"value":255.7459,"sigma":16.1068}},{"type":"Feature","geometry":{"type":"Polygon","coordinates":[[[-76.475,3.465],[-76.47,3.465],[-76.47,3.4699999999999998],[-76.475,3.4699999999999998],[-76.475,3.465]]]},"properties":{"value":254.0294,"sigma":16.7661}},{"type":"Feature","geometry":{"type":"Polygon","coordinates":[[[-76.47,3.465],[-76.465,3.465],[-76.465,3.4699999999999998],[-76.47,3.4699999999999998],[-76.47,3.465]]]},"properties":{"value":258.7946,"sigma":16.4873}},{"type":"Feature","geometry":{"type":"Polygon","coordinates":[[[-76.46499999999999,3.465],[-76.46,3.465],[-76.46,3.4699999999999998],[-76.46499999999999,3.4699999999999998],[-76.46499999999999,3.465]]]},"properties":{"value":260.4868,"sigma":16.6696}},{"type":"Feature","geometry":{"type":"Polygon","coordinates":[[[-76.46,3.465],[-76.455,3.465],[-76.455,3.4699999999999998],[-76.46,3.4699999999999998],[-76.46,3.465]]]},"properties":{"value":264.6342,"sigma":16.8759}},{"type":"Feature","geometry":{"type":"Polygon","coordinates":[[[-76.455,3.465],[-76.45,3.465],[-76.45,3.4699999999999998],[-76.455,3.4699999999999998],[-76.455,3.465]]]},"properties":{"value":264.2182,"sigma":15.7546}},{"type":"Feature","geometry":{"type":"Polygon","coordinates":[[[-76.44999999999999,3.465],[-76.445,3.465],[-76.445,3.4699999999999998],[-76.44999999999999,3.4699999999999998],[-76.44999999999999,3.465]]]},"properties":{"value":262.3559,"sigma":16.6479}},{"type":"Feature","geometry":{"type":"Polygon","coordinates":[[[-76.445,3.465],[-76.44,3.465],[-76.44,3.4699999999999998],[-76.445,3.4699999999999998],[-76.445,3.465]]]},"properties":{"value":260.352,"sigma":17.7981}},{"type":"Feature","geometry":{"type":"Polygon","coordinates":[[[-76.44,3.465],[-76.435,3.465],[-76.435,3.4699999999999998],[-76.44,3.4699999999999998],[-76.44,3.465]]]},"properties":{"value":260.7208,"sigma":17.2953}},{"type":"Feature","geometry":{"type":"Polygon","coordinates":[[[-76.43499999999999,3.465],[-76.42999999999999,3.465],[-76.42999999999999,3.4699999999999998],[-76.43499999999999,3.4699999999999998],[-76.43499999999999,3.465]]]},"properties":{"value":259.4785,"sigma":20.0601}},{"type":"Feature","geometry":{"type":"Polygon","coordinates":[[[-76.42999999999999,3.465],[-76.425,3.465],[-76.425,3.4699999999999998],[-76.42999999999999,3.4699999999999998],[-76.42999999999999,3.465]]]},"properties":{"value":253.9086,"sigma":19.1656}},{"type":"Feature","geometry":{"type":"Polygon","coordinates":[[[-76.425,3.465],[-76.42,3.465],[-76.42,3.4699999999999998],[-76.425,3.4699999999999998],[-76.425,3.465]]]},"properties":{"value":253.9216,"sigma":20.0918}},{"type":"Feature","geometry":{"type":"Polygon","coordinates":[[[-76.41999999999999,3.465],[-76.41499999999999,3.465],[-76.41499999999999,3.4699999999999998],[-76.41999999999999,3.4699999999999998],[-76.41999999999999,3.465]]]},"properties":{"value":249.6462,"sigma":19.6999}},{"type":"Feature","geometry":{"type":"Polygon","coordinates":[[[-76.41499999999999,3.465],[-76.41,3.465],[-76.41,3.4699999999999998],[-76.41499999999999,3.4699999999999998],[-76.41499999999999,3.465]]]},"properties":{"value":250.2391,"sigma":20.6594}},{"type":"Feature","geometry":{"type":"Polygon","coordinates":[[[-76.41,3.465],[-76.405,3.465],[-76.405,3.4699999999999998],[-76.41,3.4699999999999998],[-76.41,3.465]]]},"properties":{"value":249.4076,"sigma":22.1882}},{"type":"Feature","geometry":{"type":"Polygon","coordinates":[[[-76.40499999999999,3.465],[-76.39999999999999,3.465],[-76.39999999999999,3.4699999999999998],[-76.40499999999999,3.4699999999999998],[-76.40499999999999,3.465]]]},"properties":{"value":247.5917,"sigma":21.6841}},{"type":"Feature","geometry":{"type":"Polygon","coordinates":[[[-76.6,3.4699999999999998],[-76.595,3.4699999999999998],[-76.595,3.4749999999999996],[-76.6,3.4749999999999996],[-76.6,3.4699999999999998]]]},"properties":{"value":246.9976,"sigma":23.2379}},{"type":"Feature","geometry":{"type":"Polygon","coordinates":[[[-76.595,3.4699999999999998],[-76.59,3.4699999999999998],[-76.59,3.4749999999999996],[-76.595,3.4749999999999996],[-76.595,3.4699999999999998]]]},"properties":{"value":244.9146,"sigma":23.064}},{"type":"Feature","geometry":{"type":"Polygon","coordinates":[[[-76.58999999999999,3.4699999999999998],[-76.585,3.4699999999999998],[-76.585,3.4749999999999996],[-76.58999999999999,3.4749999999999996],[-76.58999999999999,3.4699999999999998]]]},"properties":{"value":249.9567,"sigma":21.8201}},{"type":"Feature","geometry":{"type":"Polygon","coordinates":[[[-76.585,3.4699999999999998],[-76.58,3.4699999999999998],[-76.58,3.4749999999999996],[-76.585,3.4749999999999996],[-76.585,3.4699999999999998]]]},"properties":{"value":247.927,"sigma":20.4892}},{"type":"Feature","geometry":{"type":"Polygon","coordinates":[[[-76.58,3.4699999999999998],[-76.575,3.4699999999999998],[-76.575,3.4749999999999996],[-76.58,3.4749999999999996],[-76.58,3.4699999999999998]]]},"properties":{"value":249.993,"sigma":20.5236}},{"type":"Feature","geometry":{"type":"Polygon","coordinates":[[[-76.57499999999999,3.4699999999999998],[-76.57,3.4699999999999998],[-76.57,3.4749999999999996],[-76.57499999999999,3.4749999999999996],[-76.57499999999999,3.4699999999999998]]]},"properties":{"value":249.8464,"sigma":19.3644}},{"type":"Feature","geometry":{"type":"Polygon","coordinates":[[[-76.57,3.4699999999999998],[-76.565,3.4699999999999998],[-76.565,3.4749999999999996],[-76.57,3.4749999999999996],[-76.57,3.4699999999999998]]]},"properties":{"value":250.7949,"sigma":18.3089}},{"type":"Feature","geometry":{"type":"Polygon","coordinates":[[[-76.565,3.4699999999999998],[-76.56,3.4699999999999998],[-76.56,3.4749999999999996],[-76.565,3.4749999999999996],[-76.565,3.4699999999999998]]]},"properties":{"value":249.9079,"sigma":16.9962}},{"type":"Feature","geometry":{"type":"Polygon","coordinates":[[[-76.55999999999999,3.4699999999999998],[-76.55499999999999,3.4699999999999998],[-76.55499999999999,3.4749999999999996],[-76.55999999999999,3.4749999999999996],[-76.55999999999999,3.4699999999999998]]]},"properties":{"value":247.335,"sigma":15.5802}},{"type":"Feature","geometry":{"type":"Polygon","coordinates":[[[-76.55499999999999,3.4699999999999998],[-76.55,3.4699999999999998],[-76.55,3.4749999999999996],[-76.55499999999999,3.4749999999999996],[-76.55499999999999,3.4699999999999998]]]},"properties":{"value":247.9517,"sigma":15.8931}},{"type":"Feature","geometry":{"type":"Polygon","coordinates":[[[-76.55,3.4699999999999998],[-76.545,3.4699999999999998],[-76.545,3.4749999999999996],[-76.55,3.4749999999999996],[-76.55,3.4699999999999998]]]},"properties":{"value":247.6317,"sigma":15.6744}},{"type":"Feature","geometry":{"type":"Polygon","coordinates":[[[-76.54499999999999,3.4699999999999998],[-76.53999999999999,3.4699999999999998],[-76.53999999999999,3.4749999999999996],[-76.54499999999999,3.4749999999999996],[-76.54499999999999,3.4699999999999998]]]},"properties":{"value":246.5231,"sigma":14.4927}},{"type":"Feature","geometry":{"type":"Polygon","coordinates":[[[-76.53999999999999,3.4699999999999998],[-76.535,3.4699999999999998],[-76.535,3.4749999999999996],[-76.53999999999999,3.4749999999999996],[-76.53999999999999,3.4699999999999998]]]},"properties":{"value":246.0562,"sigma":14.7283}},{"type":"Feature","geometry":{"type":"Polygon","coordinates":[[[-76.535,3.4699999999999998],[-76.53,3.4699999999999998],[-76.53,3.4749999999999996],[-76.535,3.4749999999999996],[-76.535,3.4699999999999998]]]},"properties":{"value":244.1239,"sigma":13.7091}},{"type":"Feature","geometry":{"type":"Polygon","coordinates":[[[-76.52999999999999,3.4699999999999998],[-76.52499999999999,3.4699999999999998],[-76.52499999999999,3.4749999999999996],[-76.52999999999999,3.4749999999999996],[-76.52999999999999,3.4699999999999998]]]},"properties":{"value":245.2093,"sigma":13.4635}},{"type":"Feature","geometry":{"type":"Polygon","coordinates":[[[-76.52499999999999,3.4699999999999998],[-76.52,3.4699999999999998],[-76.52,3.4749999999999996],[-76.52499999999999,3.4749999999999996],[-76.52499999999999,3.4699999999999998]]]},"properties":{"value":245.0668,"sigma":12.9904}},{"type":"Feature","geometry":{"type":"Polygon","coordinates":[[[-76.52,3.4699999999999998],[-76.515,3.4699999999999998],[-76.515,3.4749999999999996],[-76.52,3.4749999999999996],[-76.52,3.4699999999999998]]]},"properties":{"value":246.8177,"sigma":12.2762}},{"type":"Feature","geometry":{"type":"Polygon","coordinates":[[[-76.51499999999999,3.4699999999999998],[-76.50999999999999,3.4699999999999998],[-76.50999999999999,3.4749999999999996],[-76.51499999999999,3.4749999999999996],[-76.51499999999999,3.4699999999999998]]]},"properties":{"value":245.6826,"sigma":12.4665}},{"type":"Feature","geometry":{"type":"Polygon","coordinates":[[[-76.50999999999999,3.4699999999999998],[-76.505,3.4699999999999998],[-76.505,3.4749999999999996],[-76.50999999999999,3.4749999999999996],[-76.50999999999999,3.4699999999999998]]]},"properties":{"value":245.4755,"sigma":11.7199}},{"type":"Feature","geometry":{"type":"Polygon","coordinates":[[[-76.505,3.4699999999999998],[-76.5,3.4699999999999998],[-76.5,3.4749999999999996],[-76.505,3.4749999999999996],[-76.505,3.4699999999999998]]]},"properties":{"value":243.9478,"sigma":11.9037}},{"type":"Feature","geometry":{"type":"Polygon","coordinates":[[[-76.49999999999999,3.4699999999999998],[-76.49499999999999,3.4699999999999998],[-76.49499999999999,3.4749999999999996],[-76.49999999999999,3.4749999999999996],[-76.49999999999999,3.4699999999999998]]]},"properties":{"value":248.3679,"sigma":12.2958}},{"type":"Feature","geometry":{"type":"Polygon","coordinates":[[[-76.49499999999999,3.4699999999999998],[-76.49,3.4699999999999998],[-76.49,3.4749999999999996],[-76.49499999999999,3.4749999999999996],[-76.49499999999999,3.4699999999999998]]]},"properties":{"value":246.4406,"sigma":13.1849}},{"type":"Feature","geometry":{"type":"Polygon","coordinates":[[[-76.49,3.4699999999999998],[-76.485,3.4699999999999998],[-76.485,3.4749999999999996],[-76.49,3.4749999999999996],[-76.49,3.4699999999999998]]]},"properties":{"value":251.2789,"sigma":13.6535}},{"type":"Feature","geometry":{"type":"Polygon","coordinates":[[[-76.48499999999999,3.4699999999999998],[-76.47999999999999,3.4699999999999998],[-76.47999999999999,3.4749999999999996],[-76.48499999999999,3.4749999999999996],[-76.48499999999999,3.4699999999999998]]]},"properties":{"value":251.2631,"sigma":14.4673}},{"type":"Feature","geometry":{"type":"Polygon","coordinates":[[[-76.47999999999999,3.4699999999999998],[-76.475,3.4699999999999998],[-76.475,3.4749999999999996],[-76.47999999999999,3.4749999999999996],[-76.47999999999999,3.4699999999999998]]]},"properties":{"value":254.8333,"sigma":16.1011}},{"type":"Feature","geometry":{"type":"Polygon","coordinates":[[[-76.475,3.4699999999999998],[-76.47,3.4699999999999998],[-76.47,3.4749999999999996],[-76.475,3.4749999999999996],[-76.475,3.4699999999999998]]]},"properties":{"value":259.1702,"sigma":15.0205}},{"type":"Feature","geometry":{"type":"Polygon","coordinates":[[[-76.47,3.4699999999999998],[-76.465,3.4699999999999998],[-76.465,3.4749999999999996],[-76.47,3.4749999999999996],[-76.47,3.4699999999999998]]]},"properties":{"value":262.3795,"sigma":17.9829}},{"type":"Feature","geometry":{"type":"Polygon","coordinates":[[[-76.46499999999999,3.4699999999999998],[-76.46,3.4699999999999998],[-76.46,3.4749999999999996],[-76.46499999999999,3.4749999999999996],[-76.46499999999999,3.4699999999999998]]]},"properties":{"value":265.1062,"sigma":18.1776}},{"type":"Feature","geometry":{"type":"Polygon","coordinates":[[[-76.46,3.4699999999999998],[-76.455,3.4699999999999998],[-76.455,3.4749999999999996],[-76.46,3.4749999999999996],[-76.46,3.4699999999999998]]]},"properties":{"value":265.6475,"sigma":16.9705}},{"type":"Feature","geometry":{"type":"Polygon","coordinates":[[[-76.455,3.4699999999999998],[-76.45,3.4699999999999998],[-76.45,3.4749999999999996],[-76.455,3.4749999999999996],[-76.455,3.4699999999999998]]]},"properties":{"value":270.7364,"sigma":17.3735}},{"type":"Feature","geometry":{"type":"Polygon","coordinates":[[[-76.44999999999999,3.4699999999999998],[-76.445,3.4699999999999998],[-76.445,3.4749999999999996],[-76.44999999999999,3.4749999999999996],[-76.44999999999999,3.4699999999999998]]]},"properties":{"value":268.6121,"sigma":17.7679}},{"type":"Feature","geometry":{"type":"Polygon","coordinates":[[[-76.445,3.4699999999999998],[-76.44,3.4699999999999998],[-76.44,3.4749999999999996],[-76.445,3.4749999999999996],[-76.445,3.4699999999999998]]]},"properties":{"value":262.442,"sigma":17.4553}},{"type":"Feature","geometry":{"type":"Polygon","coordinates":[[[-76.44,3.4699999999999998],[-76.435,3.4699999999999998],[-76.435,3.4749999999999996],[-76.44,3.4749999999999996],[-76.44,3.4699999999999998]]]},"properties":{"value":262.7696,"sigma":18.3667}},{"type":"Feature","geometry":{"type":"Polygon","coordinates":[[[-76.43499999999999,3.4699999999999998],[-76.42999999999999,3.4699999999999998],[-76.42999999999999,3.4749999999999996],[-76.43499999999999,3.4749999999999996],[-76.43499999999999,3.4699999999999998]]]},"properties":{"value":258.9708,"sigma":18.6941}},{"type":"Feature","geometry":{"type":"Polygon","coordinates":[[[-76.42999999999999,3.4699999999999998],[-76.425,3.4699999999999998],[-76.425,3.4749999999999996],[-76.42999999999999,3.4749999999999996],[-76.42999999999999,3.4699999999999998]]]},"properties":{"value":260.4553,"sigma":18.2994}},{"type":"Feature","geometry":{"type":"Polygon","coordinates":[[[-76.425,3.4699999999999998],[-76.42,3.4699999999999998],[-76.42,3.4749999999999996],[-76.425,3.4749999999999996],[-76.425,3.4699999999999998]]]},"properties":{"value":256.6793,"sigma":20.9461}},{"type":"Feature","geometry":{"type":"Polygon","coordinates":[[[-76.41999999999999,3.4699999999999998],[-76.41499999999999,3.4699999999999998],[-76.41499999999999,3.4749999999999996],[-76.41999999999999,3.4749999999999996],[-76.41999999999999,3.4699999999999998]]]},"properties":{"value":252.361,"sigma":19.9858}},{"type":"Feature","geometry":{"type":"Polygon","coordinates":[[[-76.41499999999999,3.4699999999999998],[-76.41,3.4699999999999998],[-76.41,3.4749999999999996],[-76.41499999999999,3.4749999999999996],[-76.41499999999999,3.4699999999999998]]]},"properties":{"value":250.0022,"sigma":21.4171}},{"type":"Feature","geometry":{"type":"Polygon","coordinates":[[[-76.41,3.4699999999999998],[-76.405,3.4699999999999998],[-76.405,3.4749999999999996],[-76.41,3.4749999999999996],[-76.41,3.4699999999999998]]]},"properties":{"value":248.5458,"sigma":23.61}},{"type":"Feature","geometry":{"type":"Polygon","coordinates":[[[-76.40499999999999,3.4699999999999998],[-76.39999999999999,3.4699999999999998],[-76.39999999999999,3.4749999999999996],[-76.40499999999999,3.4749999999999996],[-76.40499999999999,3.4699999999999998]]]},"properties":{"value":247.0716,"sigma":22.8084}},{"type":"Feature","geometry":{"type":"Polygon","coordinates":[[[-76.6,3.475],[-76.595,3.475],[-76.595,3.48],[-76.6,3.48],[-76.6,3.475]]]},"properties":{"value":244.528,"sigma":22.5583}},{"type":"Feature","geometry":{"type":"Polygon","coordinates":[[[-76.595,3.475],[-76.59,3.475],[-76.59,3.48],[-76.595,3.48],[-76.595,3.475]]]},"properties":{"value":246.5714,"sigma":21.9557}},{"type":"Feature","geometry":{"type":"Polygon","coordinates":[[[-76.58999999999999,3.475],[-76.585,3.475],[-76.585,3.48],[-76.58999999999999,3.48],[-76.58999999999999,3.475]]]},"properties":{"value":248.5771,"sigma":20.349}},{"type":"Feature","geometry":{"type":"Polygon","coordinates":[[[-76.585,3.475],[-76.58,3.475],[-76.58,3.48],[-76.585,3.48],[-76.585,3.475]]]},"properties":{"value":251.3617,"sigma":20.3823}},{"type":"Feature","geometry":{"type":"Polygon","coordinates":[[[-76.58,3.475],[-76.575,3.475],[-76.575,3.48],[-76.58,3.48],[-76.58,3.475]]]},"properties":{"value":251.9706,"sigma":20.1297}},{"type":"Feature","geometry":{"type":"Polygon","coordinates":[[[-76.57499999999999,3.475],[-76.57,3.475],[-76.57,3.48],[-76.57499999999999,3.48],[-76.57499999999999,3.475]]]},"properties":{"value":252.5117,"sigma":17.7978}},{"type":"Feature","geometry":{"type":"Polygon","coordinates":[[[-76.57,3.475],[-76.565,3.475],[-76.565,3.48],[-76.57,3.48],[-76.57,3.475]]]},"properties":{"value":253.2505,"sigma":18.8107}},{"type":"Feature","geometry":{"type":"Polygon","coordinates":[[[-76.565,3.475],[-76.56,3.475],[-76.56,3.48],[-76.565,3.48],[-76.565,3.475]]]},"properties":{"value":252.1901,"sigma":18.1159}},{"type":"Feature","geometry":{"type":"Polygon","coordinates":[[[-76.55999999999999,3.475],[-76.55499999999999,3.475],[-76.55499999999999,3.48],[-76.55999999999999,3.48],[-76.55999999999999,3.475]]]},"properties":{"value":247.825,"sigma":18.09}},{"type":"Feature","geometry":{"type":"Polygon","coordinates":[[[-76.55499999999999,3.475],[-76.55,3.475],[-76.55,3.48],[-76.55499999999999,3.48],[-76.55499999999999,3.475]]]},"properties":{"value":247.8294,"sigma":15.8418}},{"type":"Feature","geometry":{"type":"Polygon","coordinates":[[[-76.55,3.475],[-76.545,3.475],[-76.545,3.48],[-76.55,3.48],[-76.55,3.475]]]},"properties":{"value":250.4236,"sigma":14.1545}},{"type":"Feature","geometry":{"type":"Polygon","coordinates":[[[-76.54499999999999,3.475],[-76.53999999999999,3.475],[-76.53999999999999,3.48],[-76.54499999999999,3.48],[-76.54499999999999,3.475]]]},"properties":{"value":246.0618,"sigma":15.9867}},{"type":"Feature","geometry":{"type":"Polygon","coordinates":[[[-76.53999999999999,3.475],[-76.535,3.475],[-76.535,3.48],[-76.53999999999999,3.48],[-76.53999999999999,3.475]]]},"properties":{"value":246.7219,"sigma":13.4126}},{"type":"Feature","geometry":{"type":"Polygon","coordinates":[[[-76.535,3.475],[-76.53,3.475],[-76.53,3.48],[-76.535,3.48],[-76.535,3.475]]]},"properties":{"value":246.7071,"sigma":12.3373}},{"type":"Feature","geometry":{"type":"Polygon","coordinates":[[[-76.52999999999999,3.475],[-76.52499999999999,3.475],[-76.52499999999999,3.48],[-76.52999999999999,3.48],[-76.52999999999999,3.475]]]},"properties":{"value":244.2495,"sigma":12.4401}},{"type":"Feature","geometry":{"type":"Polygon","coordinates":[[[-76.52499999999999,3.475],[-76.52,3.475],[-76.52,3.48],[-76.52499999999999,3.48],[-76.52499999999999,3.475]]]},"properties":{"value":243.6792,"sigma":12.321}},{"type":"Feature","geometry":{"type":"Polygon","coordinates":[[[-76.52,3.475],[-76.515,3.475],[-76.515,3.48],[-76.52,3.48],[-76.52,3.475]]]},"properties":{"value":243.8985,"sigma":11.9472}},{"type":"Feature","geometry":{"type":"Polygon","coordinates":[[[-76.51499999999999,3.475],[-76.50999999999999,3.475],[-76.50999999999999,3.48],[-76.51499999999999,3.48],[-76.51499999999999,3.475]]]},"properties":{"value":247.0831,"sigma":12.559}},{"type":"Feature","geometry":{"type":"Polygon","coordinates":[[[-76.50999999999999,3.475],[-76.505,3.475],[-76.505,3.48],[-76.50999999999999,3.48],[-76.50999999999999,3.475]]]},"properties":{"value":246.5843,"sigma":12.3106}},{"type":"Feature","geometry":{"type":"Polygon","coordinates":[[[-76.505,3.475],[-76.5,3.475],[-76.5,3.48],[-76.505,3.48],[-76.505,3.475]]]},"properties":{"value":246.8063,"sigma":13.512}},{"type":"Feature","geometry":{"type":"Polygon","coordinates":[[[-76.49999999999999,3.475],[-76.49499999999999,3.475],[-76.49499999999999,3.48],[-76.49999999999999,3.48],[-76.49999999999999,3.475]]]},"properties":{"value":244.6018,"sigma":12.9197}},{"type":"Feature","geometry":{"type":"Polygon","coordinates":[[[-76.49499999999999,3.475],[-76.49,3.475],[-76.49,3.48],[-76.49499999999999,3.48],[-76.49499999999999,3.475]]]},"properties":{"value":249.3799,"sigma":15.0644}},{"type":"Feature","geometry":{"type":"Polygon","coordinates":[[[-76.49,3.475],[-76.485,3.475],[-76.485,3.48],[-76.49,3.48],[-76.49,3.475]]]},"properties":{"value":248.872,"sigma":15.2744}},{"type":"Feature","geometry":{"type":"Polygon","coordinates":[[[-76.48499999999999,3.475],[-76.47999999999999,3.475],[-76.47999999999999,3.48],[-76.48499999999999,3.48],[-76.48499999999999,3.475]]]},"properties":{"value":251.4317,"sigma":15.6911}},{"type":"Feature","geometry":{"type":"Polygon","coordinates":[[[-76.47999999999999,3.475],[-76.475,3.475],[-76.475,3.48],[-76.47999999999999,3.48],[-76.47999999999999,3.475]]]},"properties":{"value":255.2302,"sigma":15.797}},{"type":"Feature","geometry":{"type":"Polygon","coordinates":[[[-76.475,3.475],[-76.47,3.475],[-76.47,3.48],[-76.475,3.48],[-76.475,3.475]]]},"properties":{"value":260.1277,"sigma":17.7027}},{"type":"Feature","geometry":{"type":"Polygon","coordinates":[[[-76.47,3.475],[-76.465,3.475],[-76.465,3.48],[-76.47,3.48],[-76.47,3.475]]]},"properties":{"value":264.606,"sigma":17.0143}},{"type":"Feature","geometry":{"type":"Polygon","coordinates":[[[-76.46499999999999,3.475],[-76.46,3.475],[-76.46,3.48],[-76.46499999999999,3.48],[-76.46499999999999,3.475]]]},"properties":{"value":267.0473,"sigma":18.1009}},{"type":"Feature","geometry":{"type":"Polygon","coordinates":[[[-76.46,3.475],[-76.455,3.475],[-76.455,3.48],[-76.46,3.48],[-76.46,3.475]]]},"properties":{"value":271.5404,"sigma":18.2939}},{"type":"Feature","geometry":{"type":"Polygon","coordinates":[[[-76.455,3.475],[-76.45,3.475],[-76.45,3.48],[-76.455,3.48],[-76.455,3.475]]]},"properties":{"value":270.5011,"sigma":19.0248}},{"type":"Feature","geometry":{"type":"Polygon","coordinates":[[[-76.44999999999999,3.475],[-76.445,3.475],[-76.445,3.48],[-76.44999999999999,3.48],[-76.44999999999999,3.475]]]},"properties":{"value":269.1751,"sigma":19.3553}},{"type":"Feature","geometry":{"type":"Polygon","coordinates":[[[-76.445,3.475],[-76.44,3.475],[-76.44,3.48],[-76.445,3.48],[-76.445,3.475]]]},"properties":{"value":267.9978,"sigma":20.105}},{"type":"Feature","geometry":{"type":"Polygon","coordinates":[[[-76.44,3.475],[-76.435,3.475],[-76.435,3.48],[-76.44,3.48],[-76.44,3.475]]]},"properties":{"value":265.7132,"sigma":19.437}},{"type":"Feature","geometry":{"type":"Polygon","coordinates":[[[-76.43499999999999,3.475],[-76.42999999999999,3.475],[-76.42999999999999,3.48],[-76.43499999999999,3.48],[-76.43499999999999,3.475]]]},"properties":{"value":263.032,"sigma":19.6699}},{"type":"Feature","geometry":{"type":"Polygon","coordinates":[[[-76.42999999999999,3.475],[-76.425,3.475],[-76.425,3.48],[-76.42999999999999,3.48],[-76.42999999999999,3.475]]]},"properties":{"value":259.4839,"sigma":19.8334}},{"type":"Feature","geometry":{"type":"Polygon","coordinates":[[[-76.425,3.475],[-76.42,3.475],[-76.42,3.48],[-76.425,3.48],[-76.425,3.475]]]},"properties":{"value":255.8047,"sigma":21.1669}},{"type":"Feature","geometry":{"type":"Polygon","coordinates":[[[-76.41999999999999,3.475],[-76.41499999999999,3.475],[-76.41499999999999,3.48],[-76.41999999999999,3.48],[-76.41999999999999,3.475]]]},"properties":{"value":253.839,"sigma":21.6268}},{"type":"Feature","geometry":{"type":"Polygon","coordinates":[[[-76.41499999999999,3.475],[-76.41,3.475],[-76.41,3.48],[-76.41499999999999,3.48],[-76.41499999999999,3.475]]]},"properties":{"value":251.4643,"sigma":22.7683}},{"type":"Feature","geometry":{"type":"Polygon","coordinates":[[[-76.41,3.475],[-76.405,3.475],[-76.405,3.48],[-76.41,3.48],[-76.41,3.475]]]},"properties":{"value":249.7397,"sigma":22.5016}},{"type":"Feature","geometry":{"type":"Polygon","coordinates":[[[-76.40499999999999,3.475],[-76.39999999999999,3.475],[-76.39999999999999,3.48],[-76.40499999999999,3.48],[-76.40499999999999,3.475]]]},"properties":{"value":248.2278,"sigma":23.8115}},{"type":"Feature","geometry":{"type":"Polygon","coordinates":[[[-76.6,3.48],[-76.595,3.48],[-76.595,3.485],[-76.6,3.485],[-76.6,3.48]]]},"properties":{"value":246.3791,"sigma":23.9323}},{"type":"Feature","geometry":{"type":"Polygon","coordinates":[[[-76.595,3.48],[-76.59,3.48],[-76.59,3.485],[-76.595,3.485],[-76.595,3.48]]]},"properties":{"value":249.5576,"sigma":22.0788}},{"type":"Feature","geometry":{"type":"Polygon","coordinates":[[[-76.58999999999999,3.48],[-76.585,3.48],[-76.585,3.485],[-76.58999999999999,3.485],[-76.58999999999999,3.48]]]},"properties":{"value":249.1764,"sigma":22.0074}},{"type":"Feature","geometry":{"type":"Polygon","coordinates":[[[-76.585,3.48],[-76.58,3.48],[-76.58,3.485],[-76.585,3.485],[-76.585,3.48]]]},"properties":{"value":254.2268,"sigma":20.522}},{"type":"Feature","geometry":{"type":"Polygon","coordinates":[[[-76.58,3.48],[-76.575,3.48],[-76.575,3.485],[-76.58,3.485],[-76.58,3.48]]]},"properties":{"value":252.9743,"sigma":18.9738}},{"type":"Feature","geometry":{"type":"Polygon","coordinates":[[[-76.57499999999999,3.48],[-76.57,3.48],[-76.57,3.485],[-76.57499999999999,3.485],[-76.57499999999999,3.48]]]},"properties":{"value":256.9309,"sigma":18.5551}},{"type":"Feature","geometry":{"type":"Polygon","coordinates":[[[-76.57,3.48],[-76.565,3.48],[-76.565,3.485],[-76.57,3.485],[-76.57,3.48]]]},"properties":{"value":256.2582,"sigma":17.8557}},{"type":"Feature","geometry":{"type":"Polygon","coordinates":[[[-76.565,3.48],[-76.56,3.48],[-76.56,3.485],[-76.565,3.485],[-76.565,3.48]]]},"properties":{"value":253.8358,"sigma":18.7589}},{"type":"Feature","geometry":{"type":"Polygon","coordinates":[[[-76.55999999999999,3.48],[-76.55499999999999,3.48],[-76.55499999999999,3.485],[-76.55999999999999,3.485],[-76.55999999999999,3.48]]]},"properties":{"value":254.0959,"sigma":15.865}},{"type":"Feature","geometry":{"type":"Polygon","coordinates":[[[-76.55499999999999,3.48],[-76.55,3.48],[-76.55,3.485],[-76.55499999999999,3.485],[-76.55499999999999,3.48]]]},"properties":{"value":247.9931,"sigma":15.0388}},{"type":"Feature","geometry":{"type":"Polygon","coordinates":[[[-76.55,3.48],[-76.545,3.48],[-76.545,3.485],[-76.55,3.485],[-76.55,3.48]]]},"properties":{"value":248.5566,"sigma":15.5391}},{"type":"Feature","geometry":{"type":"Polygon","coordinates":[[[-76.54499999999999,3.48],[-76.53999999999999,3.48],[-76.53999999999999,3.485],[-76.54499999999999,3.485],[-76.54499999999999,3.48]]]},"properties":{"value":247.6634,"sigma":14.1909}},{"type":"Feature","geometry":{"type":"Polygon","coordinates":[[[-76.53999999999999,3.48],[-76.535,3.48],[-76.535,3.485],[-76.53999999999999,3.485],[-76.53999999999999,3.48]]]},"properties":{"value":245.8046,"sigma":14.4606}},{"type":"Feature","geometry":{"type":"Polygon","coordinates":[[[-76.535,3.48],[-76.53,3.48],[-76.53,3.485],[-76.535,3.485],[-76.535,3.48]]]},"properties":{"value":246.0079,"sigma":12.2881}},{"type":"Feature","geometry":{"type":"Polygon","coordinates":[[[-76.52999999999999,3.48],[-76.52499999999999,3.48],[-76.52499999999999,3.485],[-76.52999999999999,3.485],[-76.52999999999999,3.48]]]},"properties":{"value":245.334,"sigma":12.2184}},{"type":"Feature","geometry":{"type":"Polygon","coordinates":[[[-76.52499999999999,3.48],[-76.52,3.48],[-76.52,3.485],[-76.52499999999999,3.485],[-76.52499999999999,3.48]]]},"properties":{"value":245.8262,"sigma":11.9161}},{"type":"Feature","geometry":{"type":"Polygon","coordinates":[[[-76.52,3.48],[-76.515,3.48],[-76.515,3.485],[-76.52,3.485],[-76.52,3.48]]]},"properties":{"value":244.7546,"sigma":11.6485}},{"type":"Feature","geometry":{"type":"Polygon","coordinates":[[[-76.51499999999999,3.48],[-76.50999999999999,3.48],[-76.50999999999999,3.485],[-76.51499999999999,3.485],[-76.51499999999999,3.48]]]},"properties":{"value":244.846,"sigma":11.666}},{"type":"Feature","geometry":{"type":"Polygon","coordinates":[[[-76.50999999999999,3.48],[-76.505,3.48],[-76.505,3.485],[-76.50999999999999,3.485],[-76.50999999999999,3.48]]]},"properties":{"value":245.0178,"sigma":11.2559}},{"type":"Feature","geometry":{"type":"Polygon","coordinates":[[[-76.505,3.48],[-76.5,3.48],[-76.5,3.485],[-76.505,3.485],[-76.505,3.48]]]},"properties":{"value":247.4687,"sigma":11.1957}},{"type":"Feature","geometry":{"type":"Polygon","coordinates":[[[-76.49999999999999,3.48],[-76.49499999999999,3.48],[-76.49499999999999,3.485],[-76.49999999999999,3.485],[-76.49999999999999,3.48]]]},"properties":{"value":247.2715,"sigma":13.1255}},{"type":"Feature","geometry":{"type":"Polygon","coordinates":[[[-76.49499999999999,3.48],[-76.49,3.48],[-76.49,3.485],[-76.49499999999999,3.485],[-76.49499999999999,3.48]]]},"properties":{"value":248.0195,"sigma":13.0803}},{"type":"Feature","geometry":{"type":"Polygon","coordinates":[[[-76.49,3.48],[-76.485,3.48],[-76.485,3.485],[-76.49,3.485],[-76.49,3.48]]]},"properties":{"value":251.2224,"sigma":15.597}},{"type":"Feature","geometry":{"type":"Polygon","coordinates":[[[-76.48499999999999,3.48],[-76.47999999999999,3.48],[-76.47999999999999,3.485],[-76.48499999999999,3.485],[-76.48499999999999,3.48]]]},"properties":{"value":252.2917,"sigma":15.4514}},{"type":"Feature","geometry":{"type":"Polygon","coordinates":[[[-76.47999999999999,3.48],[-76.475,3.48],[-76.475,3.485],[-76.47999999999999,3.485],[-76.47999999999999,3.48]]]},"properties":{"value":258.9428,"sigma":16.354}},{"type":"Feature","geometry":{"type":"Polygon","coordinates":[[[-76.475,3.48],[-76.47,3.48],[-76.47,3.485],[-76.475,3.485],[-76.475,3.48]]]},"properties":{"value":262.5281,"sigma":17.3944}},{"type":"Feature","geometry":{"type":"Polygon","coordinates":[[[-76.47,3.48],[-76.465,3.48],[-76.465,3.485],[-76.47,3.485],[-76.47,3.48]]]},"properties":{"value":265.1935,"sigma":17.7662}},{"type":"Feature","geometry":{"type":"Polygon","coordinates":[[[-76.46499999999999,3.48],[-76.46,3.48],[-76.46,3.485],[-76.46499999999999,3.485],[-76.46499999999999,3.48]]]},"properties":{"value":272.7291,"sigma":17.5482}},{"type":"Feature","geometry":{"type":"Polygon","coordinates":[[[-76.46,3.48],[-76.455,3.48],[-76.455,3.485],[-76.46,3.485],[-76.46,3.48]]]},"properties":{"value":271.8582,"sigma":18.9377}},{"type":"Feature","geometry":{"type":"Polygon","coordinates":[[[-76.455,3.48],[-76.45,3.48],[-76.45,3.485],[-76.455,3.485],[-76.455,3.48]]]},"properties":{"value":273.6934,"sigma":19.9449}},{"type":"Feature","geometry":{"type":"Polygon","coordinates":[[[-76.44999999999999,3.48],[-76.445,3.48],[-76.445,3.485],[-76.44999999999999,3.485],[-76.44999999999999,3.48]]]},"properties":{"value":273.8787,"sigma":18.4779}},{"type":"Feature","geometry":{"type":"Polygon","coordinates":[[[-76.445,3.48],[-76.44,3.48],[-76.44,3.485],[-76.445,3.485],[-76.445,3.48]]]},"properties":{"value":271.0461,"sigma":19.2031}},{"type":"Feature","geometry":{"type":"Polygon","coordinates":[[[-76.44,3.48],[-76.435,3.48],[-76.435,3.485],[-76.44,3.485],[-76.44,3.48]]]},"properties":{"value":268.2471,"sigma":22.4715}},{"type":"Feature","geometry":{"type":"Polygon","coordinates":[[[-76.43499999999999,3.48],[-76.42999999999999,3.48],[-76.42999999999999,3.485],[-76.43499999999999,3.485],[-76.43499999999999,3.48]]]},"properties":{"value":264.1593,"sigma":19.9383}},{"type":"Feature","geometry":{"type":"Polygon","coordinates":[[[-76.42999999999999,3.48],[-76.425,3.48],[-76.425,3.485],[-76.42999999999999,3.485],[-76.42999999999999,3.48]]]},"properties":{"value":260.9204,"sigma":21.3562}},{"type":"Feature","geometry":{"type":"Polygon","coordinates":[[[-76.425,3.48],[-76.42,3.48],[-76.42,3.485],[-76.425,3.485],[-76.425,3.48]]]},"properties":{"value":258.0445,"sigma":20.8126}},{"type":"Feature","geometry":{"type":"Polygon","coordinates":[[[-76.41999999999999,3.48],[-76.41499999999999,3.48],[-76.41499999999999,3.485],[-76.41999999999999,3.485],[-76.41999999999999,3.48]]]},"properties":{"value":256.1881,"sigma":21.1691}},{"type":"Feature","geometry":{"type":"Polygon","coordinates":[[[-76.41499999999999,3.48],[-76.41,3.48],[-76.41,3.485],[-76.41499999999999,3.485],[-76.41499999999999,3.48]]]},"properties":{"value":254.1127,"sigma":23.4876}},{"type":"Feature","geometry":{"type":"Polygon","coordinates":[[[-76.41,3.48],[-76.405,3.48],[-76.405,3.485],[-76.41,3.485],[-76.41,3.48]]]},"properties":{"value":250.8829,"sigma":22.1284}},{"type":"Feature","geometry":{"type":"Polygon","coordinates":[[[-76.40499999999999,3.48],[-76.39999999999999,3.48],[-76.39999999999999,3.485],[-76.40499999999999,3.485],[-76.40499999999999,3.48]]]},"properties":{"value":248.7943,"sigma":24.5249}},{"type":"Feature","geometry":{"type":"Polygon","coordinates":[[[-76.6,3.485],[-76.595,3.485],[-76.595,3.4899999999999998],[-76.6,3.4899999999999998],[-76.6,3.485]]]},"properties":{"value":248.9836,"sigma":23.4231}},{"type":"Feature","geometry":{"type":"Polygon","coordinates":[[[-76.595,3.485],[-76.59,3.485],[-76.59,3.4899999999999998],[-76.595,3.4899999999999998],[-76.595,3.485]]]},"properties":{"value":250.9523,"sigma":21.5872}},{"type":"Feature","geometry":{"type":"Polygon","coordinates":[[[-76.58999999999999,3.485],[-76.585,3.485],[-76.585,3.4899999999999998],[-76.58999999999999,3.4899999999999998],[-76.58999999999999,3.485]]]},"properties":{"value":253.6717,"sigma":21.278}},{"type":"Feature","geometry":{"type":"Polygon","coordinates":[[[-76.585,3.485],[-76.58,3.485],[-76.58,3.4899999999999998],[-76.585,3.4899999999999998],[-76.585,3.485]]]},"properties":{"value":256.7414,"sigma":21.7978}},{"type":"Feature","geometry":{"type":"Polygon","coordinates":[[[-76.58,3.485],[-76.575,3.485],[-76.575,3.4899999999999998],[-76.58,3.4899999999999998],[-76.58,3.485]]]},"properties":{"value":259.2572,"sigma":19.6119}},{"type":"Feature","geometry":{"type":"Polygon","coordinates":[[[-76.57499999999999,3.485],[-76.57,3.485],[-76.57,3.4899999999999998],[-76.57499999999999,3.4899999999999998],[-76.57499999999999,3.485]]]},"properties":{"value":259.5659,"sigma":17.6051}},{"type":"Feature","geometry":{"type":"Polygon","coordinates":[[[-76.57,3.485],[-76.565,3.485],[-76.565,3.4899999999999998],[-76.57,3.4899999999999998],[-76.57,3.485]]]},"properties":{"value":257.165,"sigma":17.9991}},{"type":"Feature","geometry":{"type":"Polygon","coordinates":[[[-76.565,3.485],[-76.56,3.485],[-76.56,3.4899999999999998],[-76.565,3.4899999999999998],[-76.565,3.485]]]},"properties":{"value":254.0783,"sigma":19.6295}},{"type":"Feature","geometry":{"type":"Polygon","coordinates":[[[-76.55999999999999,3.485],[-76.55499999999999,3.485],[-76.55499999999999,3.4899999999999998],[-76.55999999999999,3.4899999999999998],[-76.55999999999999,3.485]]]},"properties":{"value":252.9071,"sigma":15.9525}},{"type":"Feature","geometry":{"type":"Polygon","coordinates":[[[-76.55499999999999,3.485],[-76.55,3.485],[-76.55,3.4899999999999998],[-76.55499999999999,3.4899999999999998],[-76.55499999999999,3.485]]]},"properties":{"value":252.8868,"sigma":15.9304}},{"type":"Feature","geometry":{"type":"Polygon","coordinates":[[[-76.55,3.485],[-76.545,3.485],[-76.545,3.4899999999999998],[-76.55,3.4899999999999998],[-76.55,3.485]]]},"properties":{"value":250.599,"sigma":14.3728}},{"type":"Feature","geometry":{"type":"Polygon","coordinates":[[[-76.54499999999999,3.485],[-76.53999999999999,3.485],[-76.53999999999999,3.4899999999999998],[-76.54499999999999,3.4899999999999998],[-76.54499999999999,3.485]]]},"properties":{"value":246.7912,"sigma":14.29}},{"type":"Feature","geometry":{"type":"Polygon","coordinates":[[[-76.53999999999999,3.485],[-76.535,3.485],[-76.535,3.4899999999999998],[-76.53999999999999,3.4899999999999998],[-76.53999999999999,3.485]]]},"properties":{"value":248.3986,"sigma":13.8486}},{"type":"Feature","geometry":{"type":"Polygon","coordinates":[[[-76.535,3.485],[-76.53,3.485],[-76.53,3.4899999999999998],[-76.535,3.4899999999999998],[-76.535,3.485]]]},"properties":{"value":245.0215,"sigma":13.0809}},{"type":"Feature","geometry":{"type":"Polygon","coordinates":[[[-76.52999999999999,3.485],[-76.52499999999999,3.485],[-76.52499999999999,3.4899999999999998],[-76.52999999999999,3.4899999999999998],[-76.52999999999999,3.485]]]},"properties":{"value":244.8075,"sigma":12.7008}},{"type":"Feature","geometry":{"type":"Polygon","coordinates":[[[-76.52499999999999,3.485],[-76.52,3.485],[-76.52,3.4899999999999998],[-76.52499999999999,3.4899999999999998],[-76.52499999999999,3.485]]]},"properties":{"value":243.7779,"sigma":10.7629}},{"type":"Feature","geometry":{"type":"Polygon","coordinates":[[[-76.52,3.485],[-76.515,3.485],[-76.515,3.4899999999999998],[-76.52,3.4899999999999998],[-76.52,3.485]]]},"properties":{"value":243.8354,"sigma":10.4135}},{"type":"Feature","geometry":{"type":"Polygon","coordinates":[[[-76.51499999999999,3.485],[-76.50999999999999,3.485],[-76.50999999999999,3.4899999999999998],[-76.51499999999999,3.4899999999999998],[-76.51499999999999,3.485]]]},"properties":{"value":245.3384,"sigma":10.7978}},{"type":"Feature","geometry":{"type":"Polygon","coordinates":[[[-76.50999999999999,3.485],[-76.505,3.485],[-76.505,3.4899999999999998],[-76.50999999999999,3.4899999999999998],[-76.50999999999999,3.485]]]},"properties":{"value":246.6479,"sigma":11.9445}},{"type":"Feature","geometry":{"type":"Polygon","coordinates":[[[-76.505,3.485],[-76.5,3.485],[-76.5,3.4899999999999998],[-76.505,3.4899999999999998],[-76.505,3.485]]]},"properties":{"value":248.3029,"sigma":12.6035}},{"type":"Feature","geometry":{"type":"Polygon","coordinates":[[[-76.49999999999999,3.485],[-76.49499999999999,3.485],[-76.49499999999999,3.4899999999999998],[-76.49999999999999,3.4899999999999998],[-76.49999999999999,3.485]]]},"properties":{"value":245.856,"sigma":13.2352}},{"type":"Feature","geometry":{"type":"Polygon","coordinates":[[[-76.49499999999999,3.485],[-76.49,3.485],[-76.49,3.4899999999999998],[-76.49499999999999,3.4899999999999998],[-76.49499999999999,3.485]]]},"properties":{"value":249.2524,"sigma":14.2971}},{"type":"Feature","geometry":{"type":"Polygon","coordinates":[[[-76.49,3.485],[-76.485,3.485],[-76.485,3.4899999999999998],[-76.49,3.4899999999999998],[-76.49,3.485]]]},"properties":{"value":249.0343,"sigma":14.3907}},{"type":"Feature","geometry":{"type":"Polygon","coordinates":[[[-76.48499999999999,3.485],[-76.47999999999999,3.485],[-76.47999999999999,3.4899999999999998],[-76.48499999999999,3.4899999999999998],[-76.48499999999999,3.485]]]},"properties":{"value":255.0786,"sigma":15.2837}},{"type":"Feature","geometry":{"type":"Polygon","coordinates":[[[-76.47999999999999,3.485],[-76.475,3.485],[-76.475,3.4899999999999998],[-76.47999999999999,3.4899999999999998],[-76.47999999999999,3.485]]]},"properties":{"value":258.5452,"sigma":17.2503}},{"type":"Feature","geometry":{"type":"Polygon","coordinates":[[[-76.475,3.485],[-76.47,3.485],[-76.47,3.4899999999999998],[-76.475,3.4899999999999998],[-76.475,3.485]]]},"properties":{"value":262.1737,"sigma":16.0107}},{"type":"Feature","geometry":{"type":"Polygon","coordinates":[[[-76.47,3.485],[-76.465,3.485],[-76.465,3.4899999999999998],[-76.47,3.4899999999999998],[-76.47,3.485]]]},"properties":{"value":266.254,"sigma":17.8477}},{"type":"Feature","geometry":{"type":"Polygon","coordinates":[[[-76.46499999999999,3.485],[-76.46,3.485],[-76.46,3.4899999999999998],[-76.46499999999999,3.4899999999999998],[-76.46499999999999,3.485]]]},"properties":{"value":268.4128,"sigma":17.6409}},{"type":"Feature","geometry":{"type":"Polygon","coordinates":[[[-76.46,3.485],[-76.455,3.485],[-76.455,3.4899999999999998],[-76.46,3.4899999999999998],[-76.46,3.485]]]},"properties":{"value":272.6181,"sigma":18.4439}},{"type":"Feature","geometry":{"type":"Polygon","coordinates":[[[-76.455,3.485],[-76.45,3.485],[-76.45,3.4899999999999998],[-76.455,3.4899999999999998],[-76.455,3.485]]]},"properties":{"value":275.8568,"sigma":20.2381}},{"type":"Feature","geometry":{"type":"Polygon","coordinates":[[[-76.44999999999999,3.485],[-76.445,3.485],[-76.445,3.4899999999999998],[-76.44999999999999,3.4899999999999998],[-76.44999999999999,3.485]]]},"properties":{"value":272.0528,"sigma":19.0218}},{"type":"Feature","geometry":{"type":"Polygon","coordinates":[[[-76.445,3.485],[-76.44,3.485],[-76.44,3.4899999999999998],[-76.445,3.4899999999999998],[-76.445,3.485]]]},"properties":{"value":270.1875,"sigma":20.1604}},{"type":"Feature","geometry":{"type":"Polygon","coordinates":[[[-76.44,3.485],[-76.435,3.485],[-76.435,3.4899999999999998],[-76.44,3.4899999999999998],[-76.44,3.485]]]},"properties":{"value":268.5465,"sigma":20.9218}},{"type":"Feature","geometry":{"type":"Polygon","coordinates":[[[-76.43499999999999,3.485],[-76.42999999999999,3.485],[-76.42999999999999,3.4899999999999998],[-76.43499999999999,3.4899999999999998],[-76.43499999999999,3.485]]]},"properties":{"value":264.5315,"sigma":21.7361}},{"type":"Feature","geometry":{"type":"Polygon","coordinates":[[[-76.42999999999999,3.485],[-76.425,3.485],[-76.425,3.4899999999999998],[-76.42999999999999,3.4899999999999998],[-76.42999999999999,3.485]]]},"properties":{"value":263.5837,"sigma":22.2087}},{"type":"Feature","geometry":{"type":"Polygon","coordinates":[[[-76.425,3.485],[-76.42,3.485],[-76.42,3.4899999999999998],[-76.425,3.4899999999999998],[-76.425,3.485]]]},"properties":{"value":259.9394,"sigma":21.4873}},{"type":"Feature","geometry":{"type":"Polygon","coordinates":[[[-76.41999999999999,3.485],[-76.41499999999999,3.485],[-76.41499999999999,3.4899999999999998],[-76.41999999999999,3.4899999999999998],[-76.41999999999999,3.485]]]},"properties":{"value":254.3653,"sigma":23.0147}},{"type":"Feature","geometry":{"type":"Polygon","coordinates":[[[-76.41499999999999,3.485],[-76.41,3.485],[-76.41,3.4899999999999998],[-76.41499999999999,3.4899999999999998],[-76.41499999999999,3.485]]]},"properties":{"value":253.0276,"sigma":24.1882}},{"type":"Feature","geometry":{"type":"Polygon","coordinates":[[[-76.41,3.485],[-76.405,3.485],[-76.405,3.4899999999999998],[-76.41,3.4899999999999998],[-76.41,3.485]]]},"properties":{"value":251.8592,"sigma":24.2197}},{"type":"Feature","geometry":{"type":"Polygon","coordinates":[[[-76.40499999999999,3.485],[-76.39999999999999,3.485],[-76.39999999999999,3.4899999999999998],[-76.40499999999999,3.4899999999999998],[-76.40499999999999,3.485]]]},"properties":{"value":249.7521,"sigma":25.6391}},{"type":"Feature","geometry":{"type":"Polygon","coordinates":[[[-76.6,3.4899999999999998],[-76.595,3.4899999999999998],[-76.595,3.4949999999999997],[-76.6,3.4949999999999997],[-76.6,3.4899999999999998]]]},"properties":{"value":248.0296,"sigma":24.2845}},{"type":"Feature","geometry":{"type":"Polygon","coordinates":[[[-76.595,3.4899999999999998],[-76.59,3.4899999999999998],[-76.59,3.4949999999999997],[-76.595,3.4949999999999997],[-76.595,3.4899999999999998]]]},"properties":{"value":249.1262,"sigma":20.3763}},{"type":"Feature","geometry":{"type":"Polygon","coordinates":[[[-76.58999999999999,3.4899999999999998],[-76.585,3.4899999999999998],[-76.585,3.4949999999999997],[-76.58999999999999,3.4949999999999997],[-76.58999999999999,3.4899999999999998]]]},"properties":{"value":250.8184,"sigma":22.7564}},{"type":"Feature","geometry":{"type":"Polygon","coordinates":[[[-76.585,3.4899999999999998],[-76.58,3.4899999999999998],[-76.58,3.4949999999999997],[-76.585,3.4949999999999997],[-76.585,3.4899999999999998]]]},"properties":{"value":257.1166,"sigma":20.3063}},{"type":"Feature","geometry":{"type":"Polygon","coordinates":[[[-76.58,3.4899999999999998],[-76.575,3.4899999999999998],[-76.575,3.4949999999999997],[-76.58,3.4949999999999997],[-76.58,3.4899999999999998]]]},"properties":{"value":258.8069,"sigma":19.9923}},{"type":"Feature","geometry":{"type":"Polygon","coordinates":[[[-76.57499999999999,3.4899999999999998],[-76.57,3.4899999999999998],[-76.57,3.4949999999999997],[-76.57499999999999,3.4949999999999997],[-76.57499999999999,3.4899999999999998]]]},"properties":{"value":258.8022,"sigma":19.9206}},{"type":"Feature","geometry":{"type":"Polygon","coordinates":[[[-76.57,3.4899999999999998],[-76.565,3.4899999999999998],[-76.565,3.4949999999999997],[-76.57,3.4949999999999997],[-76.57,3.4899999999999998]]]},"properties":{"value":257.9876,"sigma":18.1593}},{"type":"Feature","geometry":{"type":"Polygon","coordinates":[[[-76.565,3.4899999999999998],[-76.56,3.4899999999999998],[-76.56,3.4949999999999997],[-76.565,3.4949999999999997],[-76.565,3.4899999999999998]]]},"properties":{"value":256.0333,"sigma":17.8939}},{"type":"Feature","geometry":{"type":"Polygon","coordinates":[[[-76.55999999999999,3.4899999999999998],[-76.55499999999999,3.4899999999999998],[-76.55499999999999,3.4949999999999997],[-76.55999999999999,3.4949999999999997],[-76.55999999999999,3.4899999999999998]]]},"properties":{"value":253.7389,"sigma":17.0477}},{"type":"Feature","geometry":{"type":"Polygon","coordinates":[[[-76.55499999999999,3.4899999999999998],[-76.55,3.4899999999999998],[-76.55,3.4949999999999997],[-76.55499999999999,3.4949999999999997],[-76.55499999999999,3.4899999999999998]]]},"properties":{"value":253.1193,"sigma":15.0699}},{"type":"Feature","geometry":{"type":"Polygon","coordinates":[[[-76.55,3.4899999999999998],[-76.545,3.4899999999999998],[-76.545,3.4949999999999997],[-76.55,3.4949999999999997],[-76.55,3.4899999999999998]]]},"properties":{"value":249.0575,"sigma":15.3683}},{"type":"Feature","geometry":{"type":"Polygon","coordinates":[[[-76.54499999999999,3.4899999999999998],[-76.53999999999999,3.4899999999999998],[-76.53999999999999,3.4949999999999997],[-76.54499999999999,3.4949999999999997],[-76.54499999999999,3.4899999999999998]]]},"properties":{"value":249.7186,"sigma":13.4148}},{"type":"Feature","geometry":{"type":"Polygon","coordinates":[[[-76.53999999999999,3.4899999999999998],[-76.535,3.4899999999999998],[-76.535,3.4949999999999997],[-76.53999999999999,3.4949999999999997],[-76.53999999999999,3.4899999999999998]]]},"properties":{"value":246.546,"sigma":13.9681}},{"type":"Feature","geometry":{"type":"Polygon","coordinates":[[[-76.535,3.4899999999999998],[-76.53,3.4899999999999998],[-76.53,3.4949999999999997],[-76.535,3.4949999999999997],[-76.535,3.4899999999999998]]]},"properties":{"value":245.5829,"sigma":14.4605}},{"type":"Feature","geometry":{"type":"Polygon","coordinates":[[[-76.52999999999999,3.4899999999999998],[-76.52499999999999,3.4899999999999998],[-76.52499999999999,3.4949999999999997],[-76.52999999999999,3.4949999999999997],[-76.52999999999999,3.4899999999999998]]]},"properties":{"value":244.5745,"sigma":11.5217}},{"type":"Feature","geometry":{"type":"Polygon","coordinates":[[[-76.52499999999999,3.4899999999999998],[-76.52,3.4899999999999998],[-76.52,3.4949999999999997],[-76.52499999999999,3.4949999999999997],[-76.52499999999999,3.4899999999999998]]]},"properties":{"value":243.9784,"sigma":11.1181}},{"type":"Feature","geometry":{"type":"Polygon","coordinates":[[[-76.52,3.4899999999999998],[-76.515,3.4899999999999998],[-76.515,3.4949999999999997],[-76.52,3.4949999999999997],[-76.52,3.4899999999999998]]]},"properties":{"value":243.5895,"sigma":10.4737}},{"type":"Feature","geometry":{"type":"Polygon","coordinates":[[[-76.51499999999999,3.4899999999999998],[-76.50999999999999,3.4899999999999998],[-76.50999999999999,3.4949999999999997],[-76.51499999999999,3.4949999999999997],[-76.51499999999999,3.4899999999999998]]]},"properties":{"value":245.5767,"sigma":10.0535}},{"type":"Feature","geometry":{"type":"Polygon","coordinates":[[[-76.50999999999999,3.4899999999999998],[-76.505,3.4899999999999998],[-76.505,3.4949999999999997],[-76.50999999999999,3.4949999999999997],[-76.50999999999999,3.4899999999999998]]]},"properties":{"value":244.3049,"sigma":11.4505}},{"type":"Feature","geometry":{"type":"Polygon","coordinates":[[[-76.505,3.4899999999999998],[-76.5,3.4899999999999998],[-76.5,3.4949999999999997],[-76.505,3.4949999999999997],[-76.505,3.4899999999999998]]]},"properties":{"value":246.6925,"sigma":11.9465}},{"type":"Feature","geometry":{"type":"Polygon","coordinates":[[[-76.49999999999999,3.4899999999999998],[-76.49499999999999,3.4899999999999998],[-76.49499999999999,3.4949999999999997],[-76.49999999999999,3.4949999999999997],[-76.49999999999999,3.4899999999999998]]]},"properties":{"value":248.1274,"sigma":13.7956}},{"type":"Feature","geometry":{"type":"Polygon","coordinates":[[[-76.49499999999999,3.4899999999999998],[-76.49,3.4899999999999998],[-76.49,3.4949999999999997],[-76.49499999999999,3.4949999999999997],[-76.49499999999999,3.4899999999999998]]]},"properties":{"value":249.7554,"sigma":13.7554}},{"type":"Feature","geometry":{"type":"Polygon","coordinates":[[[-76.49,3.4899999999999998],[-76.485,3.4899999999999998],[-76.485,3.4949999999999997],[-76.49,3.4949999999999997],[-76.49,3.4899999999999998]]]},"properties":{"value":251.1797,"sigma":15.517}},{"type":"Feature","geometry":{"type":"Polygon","coordinates":[[[-76.48499999999999,3.4899999999999998],[-76.47999999999999,3.4899999999999998],[-76.47999999999999,3.4949999999999997],[-76.48499999999999,3.4949999999999997],[-76.48499999999999,3.4899999999999998]]]},"properties":{"value":255.8111,"sigma":16.3458}},{"type":"Feature","geometry":{"type":"Polygon","coordinates":[[[-76.47999999999999,3.4899999999999998],[-76.475,3.4899999999999998],[-76.475,3.4949999999999997],[-76.47999999999999,3.4949999999999997],[-76.47999999999999,3.4899999999999998]]]},"properties":{"value":258.1328,"sigma":16.7467}},{"type":"Feature","geometry":{"type":"Polygon","coordinates":[[[-76.475,3.4899999999999998],[-76.47,3.4899999999999998],[-76.47,3.4949999999999997],[-76.475,3.4949999999999997],[-76.475,3.4899999999999998]]]},"properties":{"value":260.0843,"sigma":16.7669}},{"type":"Feature","geometry":{"type":"Polygon","coordinates":[[[-76.47,3.4899999999999998],[-76.465,3.4899999999999998],[-76.465,3.4949999999999997],[-76.47,3.4949999999999997],[-76.47,3.4899999999999998]]]},"properties":{"value":264.6904,"sigma":17.9416}},{"type":"Feature","geometry":{"type":"Polygon","coordinates":[[[-76.46499999999999,3.4899999999999998],[-76.46,3.4899999999999998],[-76.46,3.4949999999999997],[-76.46499999999999,3.4949999999999997],[-76.46499999999999,3.4899999999999998]]]},"properties":{"value":270.0031,"sigma":19.5915}},{"type":"Feature","geometry":{"type":"Polygon","coordinates":[[[-76.46,3.4899999999999998],[-76.455,3.4899999999999998],[-76.455,3.4949999999999997],[-76.46,3.4949999999999997],[-76.46,3.4899999999999998]]]},"properties":{"value":269.1054,"sigma":20.755}},{"type":"Feature","geometry":{"type":"Polygon","coordinates":[[[-76.455,3.4899999999999998],[-76.45,3.4899999999999998],[-76.45,3.4949999999999997],[-76.455,3.4949999999999997],[-76.455,3.4899999999999998]]]},"properties":{"value":273.114,"sigma":19.9055}},{"type":"Feature","geometry":{"type":"Polygon","coordinates":[[[-76.44999999999999,3.4899999999999998],[-76.445,3.4899999999999998],[-76.445,3.4949999999999997],[-76.44999999999999,3.4949999999999997],[-76.44999999999999,3.4899999999999998]]]},"properties":{"value":272.3068,"sigma":21.1837}},{"type":"Feature","geometry":{"type":"Polygon","coordinates":[[[-76.445,3.4899999999999998],[-76.44,3.4899999999999998],[-76.44,3.4949999999999997],[-76.445,3.4949999999999997],[-76.445,3.4899999999999998]]]},"properties":{"value":270.4238,"sigma":20.9513}},{"type":"Feature","geometry":{"type":"Polygon","coordinates":[[[-76.44,3.4899999999999998],[-76.435,3.4899999999999998],[-76.435,3.4949999999999997],[-76.44,3.4949999999999997],[-76.44,3.4899999999999998]]]},"properties":{"value":267.7996,"sigma":21.9676}},{"type":"Feature","geometry":{"type":"Polygon","coordinates":[[[-76.43499999999999,3.4899999999999998],[-76.42999999999999,3.4899999999999998],[-76.42999999999999,3.4949999999999997],[-76.43499999999999,3.4949999999999997],[-76.43499999999999,3.4899999999999998]]]},"properties":{"value":266.4058,"sigma":22.516}},{"type":"Feature","geometry":{"type":"Polygon","coordinates":[[[-76.42999999999999,3.4899999999999998],[-76.425,3.4899999999999998],[-76.425,3.4949999999999997],[-76.42999999999999,3.4949999999999997],[-76.42999999999999,3.4899999999999998]]]},"properties":{"value":261.129,"sigma":22.2371}},{"type":"Feature","geometry":{"type":"Polygon","coordinates":[[[-76.425,3.4899999999999998],[-76.42,3.4899999999999998],[-76.42,3.4949999999999997],[-76.425,3.4949999999999997],[-76.425,3.4899999999999998]]]},"properties":{"value":259.3878,"sigma":23.838}},{"type":"Feature","geometry":{"type":"Polygon","coordinates":[[[-76.41999999999999,3.4899999999999998],[-76.41499999999999,3.4899999999999998],[-76.41499999999999,3.4949999999999997],[-76.41999999999999,3.4949999999999997],[-76.41999999999999,3.4899999999999998]]]},"properties":{"value":253.813,"sigma":22.4264}},{"type":"Feature","geometry":{"type":"Polygon","coordinates":[[[-76.41499999999999,3.4899999999999998],[-76.41,3.4899999999999998],[-76.41,3.4949999999999997],[-76.41499999999999,3.4949999999999997],[-76.41499999999999,3.4899999999999998]]]},"properties":{"value":255.7231,"sigma":23.4177}},{"type":"Feature","geometry":{"type":"Polygon","coordinates":[[[-76.41,3.4899999999999998],[-76.405,3.4899999999999998],[-76.405,3.4949999999999997],[-76.41,3.4949999999999997],[-76.41,3.4899999999999998]]]},"properties":{"value":251.0954,"sigma":22.9277}},{"type":"Feature","geometry":{"type":"Polygon","coordinates":[[[-76.40499999999999,3.4899999999999998],[-76.39999999999999,3.4899999999999998],[-76.39999999999999,3.4949999999999997],[-76.40499999999999,3.4949999999999997],[-76.40499999999999,3.4899999999999998]]]},"properties":{"value":251.9636,"sigma":25.1222}},{"type":"Feature","geometry":{"type":"Polygon","coordinates":[[[-76.6,3.4949999999999997],[-76.595,3.4949999999999997],[-76.595,3.4999999999999996],[-76.6,3.4999999999999996],[-76.6,3.4949999999999997]]]},"properties":{"value":247.4986,"sigma":23.6925}},{"type":"Feature","geometry":{"type":"Polygon","coordinates":[[[-76.595,3.4949999999999997],[-76.59,3.4949999999999997],[-76.59,3.4999999999999996],[-76.595,3.4999999999999996],[-76.595,3.4949999999999997]]]},"properties":{"value":248.9129,"sigma":22.6659}},{"type":"Feature","geometry":{"type":"Polygon","coordinates":[[[-76.58999999999999,3.4949999999999997],[-76.585,3.4949999999999997],[-76.585,3.4999999999999996],[-76.58999999999999,3.4999999999999996],[-76.58999999999999,3.4949999999999997]]]},"properties":{"value":251.5678,"sigma":23.1881}},{"type":"Feature","geometry":{"type":"Polygon","coordinates":[[[-76.585,3.4949999999999997],[-76.58,3.4949999999999997],[-76.58,3.4999999999999996],[-76.585,3.4999999999999996],[-76.585,3.4949999999999997]]]},"properties":{"value":252.7164,"sigma":20.6049}},{"type":"Feature","geometry":{"type":"Polygon","coordinates":[[[-76.58,3.4949999999999997],[-76.575,3.4949999999999997],[-76.575,3.4999999999999996],[-76.58,3.4999999999999996],[-76.58,3.4949999999999997]]]},"properties":{"value":258.3709,"sigma":19.6996}},{"type":"Feature","geometry":{"type":"Polygon","coordinates":[[[-76.57499999999999,3.4949999999999997],[-76.57,3.4949999999999997],[-76.57,3.4999999999999996],[-76.57499999999999,3.4999999999999996],[-76.57499999999999,3.4949999999999997]]]},"properties":{"value":260.6129,"sigma":19.627}},{"type":"Feature","geometry":{"type":"Polygon","coordinates":[[[-76.57,3.4949999999999997],[-76.565,3.4949999999999997],[-76.565,3.4999999999999996],[-76.57,3.4999999999999996],[-76.57,3.4949999999999997]]]},"properties":{"value":258.0346,"sigma":19.135}},{"type":"Feature","geometry":{"type":"Polygon","coordinates":[[[-76.565,3.4949999999999997],[-76.56,3.4949999999999997],[-76.56,3.4999999999999996],[-76.565,3.4999999999999996],[-76.565,3.4949999999999997]]]},"properties":{"value":255.2915,"sigma":17.0447}},{"type":"Feature","geometry":{"type":"Polygon","coordinates":[[[-76.55999999999999,3.4949999999999997],[-76.55499999999999,3.4949999999999997],[-76.55499999999999,3.4999999999999996],[-76.55999999999999,3.4999999999999996],[-76.55999999999999,3.4949999999999997]]]},"properties":{"value":254.5137,"sigma":16.3568}},{"type":"Feature","geometry":{"type":"Polygon","coordinates":[[[-76.55499999999999,3.4949999999999997],[-76.55,3.4949999999999997],[-76.55,3.4999999999999996],[-76.55499999999999,3.4999999999999996],[-76.55499999999999,3.4949999999999997]]]},"properties":{"value":250.5957,"sigma":17.0768}},{"type":"Feature","geometry":{"type":"Polygon","coordinates":[[[-76.55,3.4949999999999997],[-76.545,3.4949999999999997],[-76.545,3.4999999999999996],[-76.55,3.4999999999999996],[-76.55,3.4949999999999997]]]},"properties":{"value":249.5112,"sigma":14.4834}},{"type":"Feature","geometry":{"type":"Polygon","coordinates":[[[-76.54499999999999,3.4949999999999997],[-76.53999999999999,3.4949999999999997],[-76.53999999999999,3.4999999999999996],[-76.54499999999999,3.4999999999999996],[-76.54499999999999,3.4949999999999997]]]},"properties":{"value":248.4477,"sigma":14.5044}},{"type":"Feature","geometry":{"type":"Polygon","coordinates":[[[-76.53999999999999,3.4949999999999997],[-76.535,3.4949999999999997],[-76.535,3.4999999999999996],[-76.53999999999999,3.4999999999999996],[-76.53999999999999,3.4949999999999997]]]},"properties":{"value":247.2031,"sigma":12.2386}},{"type":"Feature","geometry":{"type":"Polygon","coordinates":[[[-76.535,3.4949999999999997],[-76.53,3.4949999999999997],[-76.53,3.4999999999999996],[-76.535,3.4999999999999996],[-76.535,3.4949999999999997]]]},"properties":{"value":245.0247,"sigma":12.3908}},{"type":"Feature","geometry":{"type":"Polygon","coordinates":[[[-76.52999999999999,3.4949999999999997],[-76.52499999999999,3.4949999999999997],[-76.52499999999999,3.4999999999999996],[-76.52999999999999,3.4999999999999996],[-76.52999999999999,3.4949999999999997]]]},"properties":{"value":244.2452,"sigma":12.8281}},{"type":"Feature","geometry":{"type":"Polygon","coordinates":[[[-76.52499999999999,3.4949999999999997],[-76.52,3.4949999999999997],[-76.52,3.4999999999999996],[-76.52499999999999,3.4999999999999996],[-76.52499999999999,3.4949999999999997]]]},"properties":{"value":244.9578,"sigma":12.1014}},{"type":"Feature","geometry":{"type":"Polygon","coordinates":[[[-76.52,3.4949999999999997],[-76.515,3.4949999999999997],[-76.515,3.4999999999999996],[-76.52,3.4999999999999996],[-76.52,3.4949999999999997]]]},"properties":{"value":243.9757,"sigma":12.1972}},{"type":"Feature","geometry":{"type":"Polygon","coordinates":[[[-76.51499999999999,3.4949999999999997],[-76.50999999999999,3.4949999999999997],[-76.50999999999999,3.4999999999999996],[-76.51499999999999,3.4999999999999996],[-76.51499999999999,3.4949999999999997]]]},"properties":{"value":246.431,"sigma":11.5025}},{"type":"Feature","geometry":{"type":"Polygon","coordinates":[[[-76.50999999999999,3.4949999999999997],[-76.505,3.4949999999999997],[-76.505,3.4999999999999996],[-76.50999999999999,3.4999999999999996],[-76.50999999999999,3.4949999999999997]]]},"properties":{"value":246.671,"sigma":13.4087}},{"type":"Feature","geometry":{"type":"Polygon","coordinates":[[[-76.505,3.4949999999999997],[-76.5,3.4949999999999997],[-76.5,3.4999999999999996],[-76.505,3.4999999999999996],[-76.505,3.4949999999999997]]]},"properties":{"value":243.0894,"sigma":14.8848}},{"type":"Feature","geometry":{"type":"Polygon","coordinates":[[[-76.49999999999999,3.4949999999999997],[-76.49499999999999,3.4949999999999997],[-76.49499999999999,3.4999999999999996],[-76.49999999999999,3.4999999999999996],[-76.49999999999999,3.4949999999999997]]]},"properties":{"value":247.728,"sigma":13.9289}},{"type":"Feature","geometry":{"type":"Polygon","coordinates":[[[-76.49499999999999,3.4949999999999997],[-76.49,3.4949999999999997],[-76.49,3.4999999999999996],[-76.49499999999999,3.4999999999999996],[-76.49499999999999,3.4949999999999997]]]},"properties":{"value":248.5314,"sigma":14.786}},{"type":"Feature","geometry":{"type":"Polygon","coordinates":[[[-76.49,3.4949999999999997],[-76.485,3.4949999999999997],[-76.485,3.4999999999999996],[-76.49,3.4999999999999996],[-76.49,3.4949999999999997]]]},"properties":{"value":249.4749,"sigma":15.671}},{"type":"Feature","geometry":{"type":"Polygon","coordinates":[[[-76.48499999999999,3.4949999999999997],[-76.47999999999999,3.4949999999999997],[-76.47999999999999,3.4999999999999996],[-76.48499999999999,3.4999999999999996],[-76.48499999999999,3.4949999999999997]]]},"properties":{"value":252.2905,"sigma":13.9129}},{"type":"Feature","geometry":{"type":"Polygon","coordinates":[[[-76.47999999999999,3.4949999999999997],[-76.475,3.4949999999999997],[-76.475,3.4999999999999996],[-76.47999999999999,3.4999999999999996],[-76.47999999999999,3.4949999999999997]]]},"properties":{"value":256.3222,"sigma":17.6387}},{"type":"Feature","geometry":{"type":"Polygon","coordinates":[[[-76.475,3.4949999999999997],[-76.47,3.4949999999999997],[-76.47,3.4999999999999996],[-76.475,3.4999999999999996],[-76.475,3.4949999999999997]]]},"properties":{"value":260.4418,"sigma":18.4712}},{"type":"Feature","geometry":{"type":"Polygon","coordinates":[[[-76.47,3.4949999999999997],[-76.465,3.4949999999999997],[-76.465,3.4999999999999996],[-76.47,3.4999999999999996],[-76.47,3.4949999999999997]]]},"properties":{"value":262.6419,"sigma":16.4135}},{"type":"Feature","geometry":{"type":"Polygon","coordinates":[[[-76.46499999999999,3.4949999999999997],[-76.46,3.4949999999999997],[-76.46,3.4999999999999996],[-76.46499999999999,3.4999999999999996],[-76.46499999999999,3.4949999999999997]]]},"properties":{"value":265.6221,"sigma":19.1839}},{"type":"Feature","geometry":{"type":"Polygon","coordinates":[[[-76.46,3.4949999999999997],[-76.455,3.4949999999999997],[-76.455,3.4999999999999996],[-76.46,3.4999999999999996],[-76.46,3.4949999999999997]]]},"properties":{"value":267.3401,"sigma":19.454}},{"type":"Feature","geometry":{"type":"Polygon","coordinates":[[[-76.455,3.4949999999999997],[-76.45,3.4949999999999997],[-76.45,3.4999999999999996],[-76.455,3.4999999999999996],[-76.455,3.4949999999999997]]]},"properties":{"value":267.0416,"sigma":20.5312}},{"type":"Feature","geometry":{"type":"Polygon","coordinates":[[[-76.44999999999999,3.4949999999999997],[-76.445,3.4949999999999997],[-76.445,3.4999999999999996],[-76.44999999999999,3.4999999999999996],[-76.44999999999999,3.4949999999999997]]]},"properties":{"value":266.8749,"sigma":22.1828}},{"type":"Feature","geometry":{"type":"Polygon","coordinates":[[[-76.445,3.4949999999999997],[-76.44,3.4949999999999997],[-76.44,3.4999999999999996],[-76.445,3.4999999999999996],[-76.445,3.4949999999999997]]]},"properties":{"value":266.0794,"sigma":22.5377}},{"type":"Feature","geometry":{"type":"Polygon","coordinates":[[[-76.44,3.4949999999999997],[-76.435,3.4949999999999997],[-76.435,3.4999999999999996],[-76.44,3.4999999999999996],[-76.44,3.4949999999999997]]]},"properties":{"value":266.8589,"sigma":21.39}},{"type":"Feature","geometry":{"type":"Polygon","coordinates":[[[-76.43499999999999,3.4949999999999997],[-76.42999999999999,3.4949999999999997],[-76.42999999999999,3.4999999999999996],[-76.43499999999999,3.4999999999999996],[-76.43499999999999,3.4949999999999997]]]},"properties":{"value":262.919,"sigma":22.9196}},{"type":"Feature","geometry":{"type":"Polygon","coordinates":[[[-76.42999999999999,3.4949999999999997],[-76.425,3.4949999999999997],[-76.425,3.4999999999999996],[-76.42999999999999,3.4999999999999996],[-76.42999999999999,3.4949999999999997]]]},"properties":{"value":260.938,"sigma":24.0481}},{"type":"Feature","geometry":{"type":"Polygon","coordinates":[[[-76.425,3.4949999999999997],[-76.42,3.4949999999999997],[-76.42,3.4999999999999996],[-76.425,3.4999999999999996],[-76.425,3.4949999999999997]]]},"properties":{"value":258.4044,"sigma":24.4484}},{"type":"Feature","geometry":{"type":"Polygon","coordinates":[[[-76.41999999999999,3.4949999999999997],[-76.41499999999999,3.4949999999999997],[-76.41499999999999,3.4999999999999996],[-76.41999999999999,3.4999999999999996],[-76.41999999999999,3.4949999999999997]]]},"properties":{"value":257.9253,"sigma":22.8766}},{"type":"Feature","geometry":{"type":"Polygon","coordinates":[[[-76.41499999999999,3.4949999999999997],[-76.41,3.4949999999999997],[-76.41,3.4999999999999996],[-76.41499999999999,3.4999999999999996],[-76.41499999999999,3.4949999999999997]]]},"properties":{"value":254.344,"sigma":25.494}},{"type":"Feature","geometry":{"type":"Polygon","coordinates":[[[-76.41,3.4949999999999997],[-76.405,3.4949999999999997],[-76.405,3.4999999999999996],[-76.41,3.4999999999999996],[-76.41,3.4949999999999997]]]},"properties":{"value":252.4374,"sigma":25.6431}},{"type":"Feature","geometry":{"type":"Polygon","coordinates":[[[-76.40499999999999,3.4949999999999997],[-76.39999999999999,3.4949999999999997],[-76.39999999999999,3.4999999999999996],[-76.40499999999999,3.4999999999999996],[-76.40499999999999,3.4949999999999997]]]},"properties":{"value":250.8577,"sigma":25.484}},{"type":"Feature","geometry":{"type":"Polygon","coordinates":[[[-76.6,3.5],[-76.595,3.5],[-76.595,3.505],[-76.6,3.505],[-76.6,3.5]]]},"properties":{"value":246.5202,"sigma":23.528}},{"type":"Feature","geometry":{"type":"Polygon","coordinates":[[[-76.595,3.5],[-76.59,3.5],[-76.59,3.505],[-76.595,3.505],[-76.595,3.5]]]},"properties":{"value":247.8448,"sigma":23.2999}},{"type":"Feature","geometry":{"type":"Polygon","coordinates":[[[-76.58999999999999,3.5],[-76.585,3.5],[-76.585,3.505],[-76.58999999999999,3.505],[-76.58999999999999,3.5]]]},"properties":{"value":251.7308,"sigma":21.4606}},{"type":"Feature","geometry":{"type":"Polygon","coordinates":[[[-76.585,3.5],[-76.58,3.5],[-76.58,3.505],[-76.585,3.505],[-76.585,3.5]]]},"properties":{"value":253.6318,"sigma":20.1753}},{"type":"Feature","geometry":{"type":"Polygon","coordinates":[[[-76.58,3.5],[-76.575,3.5],[-76.575,3.505],[-76.58,3.505],[-76.58,3.5]]]},"properties":{"value":256.5934,"sigma":19.1531}},{"type":"Feature","geometry":{"type":"Polygon","coordinates":[[[-76.57499999999999,3.5],[-76.57,3.5],[-76.57,3.505],[-76.57499999999999,3.505],[-76.57499999999999,3.5]]]},"properties":{"value":255.3055,"sigma":19.7187}},{"type":"Feature","geometry":{"type":"Polygon","coordinates":[[[-76.57,3.5],[-76.565,3.5],[-76.565,3.505],[-76.57,3.505],[-76.57,3.5]]]},"properties":{"value":257.1808,"sigma":17.7336}},{"type":"Feature","geometry":{"type":"Polygon","coordinates":[[[-76.565,3.5],[-76.56,3.5],[-76.56,3.505],[-76.565,3.505],[-76.565,3.5]]]},"properties":{"value":254.4903,"sigma":18.6569}},{"type":"Feature","geometry":{"type":"Polygon","coordinates":[[[-76.55999999999999,3.5],[-76.55499999999999,3.5],[-76.55499999999999,3.505],[-76.55999999999999,3.505],[-76.55999999999999,3.5]]]},"properties":{"value":251.8292,"sigma":17.6493}},{"type":"Feature","geometry":{"type":"Polygon","coordinates":[[[-76.55499999999999,3.5],[-76.55,3.5],[-76.55,3.505],[-76.55499999999999,3.505],[-76.55499999999999,3.5]]]},"properties":{"value":249.8858,"sigma":15.5819}},{"type":"Feature","geometry":{"type":"Polygon","coordinates":[[[-76.55,3.5],[-76.545,3.5],[-76.545,3.505],[-76.55,3.505],[-76.55,3.5]]]},"properties":{"value":248.0322,"sigma":16.5006}},{"type":"Feature","geometry":{"type":"Polygon","coordinates":[[[-76.54499999999999,3.5],[-76.53999999999999,3.5],[-76.53999999999999,3.505],[-76.54499999999999,3.505],[-76.54499999999999,3.5]]]},"properties":{"value":246.0776,"sigma":14.9876}},{"type":"Feature","geometry":{"type":"Polygon","coordinates":[[[-76.53999999999999,3.5],[-76.535,3.5],[-76.535,3.505],[-76.53999999999999,3.505],[-76.53999999999999,3.5]]]},"properties":{"value":244.2162,"sigma":13.9836}},{"type":"Feature","geometry":{"type":"Polygon","coordinates":[[[-76.535,3.5],[-76.53,3.5],[-76.53,3.505],[-76.535,3.505],[-76.535,3.5]]]},"properties":{"value":246.8734,"sigma":11.9942}},{"type":"Feature","geometry":{"type":"Polygon","coordinates":[[[-76.52999999999999,3.5],[-76.52499999999999,3.5],[-76.52499999999999,3.505],[-76.52999999999999,3.505],[-76.52999999999999,3.5]]]},"properties":{"value":243.5987,"sigma":11.5899}},{"type":"Feature","geometry":{"type":"Polygon","coordinates":[[[-76.52499999999999,3.5],[-76.52,3.5],[-76.52,3.505],[-76.52499999999999,3.505],[-76.52499999999999,3.5]]]},"properties":{"value":244.4913,"sigma":12.6989}},{"type":"Feature","geometry":{"type":"Polygon","coordinates":[[[-76.52,3.5],[-76.515,3.5],[-76.515,3.505],[-76.52,3.505],[-76.52,3.5]]]},"properties":{"value":244.5017,"sigma":13.4127}},{"type":"Feature","geometry":{"type":"Polygon","coordinates":[[[-76.51499999999999,3.5],[-76.50999999999999,3.5],[-76.50999999999999,3.505],[-76.51499999999999,3.505],[-76.51499999999999,3.5]]]},"properties":{"value":243.5239,"sigma":12.4009}},{"type":"Feature","geometry":{"type":"Polygon","coordinates":[[[-76.50999999999999,3.5],[-76.505,3.5],[-76.505,3.505],[-76.50999999999999,3.505],[-76.50999999999999,3.5]]]},"properties":{"value":247.4048,"sigma":11.7726}},{"type":"Feature","geometry":{"type":"Polygon","coordinates":[[[-76.505,3.5],[-76.5,3.5],[-76.5,3.505],[-76.505,3.505],[-76.505,3.5]]]},"properties":{"value":247.5993,"sigma":12.985}},{"type":"Feature","geometry":{"type":"Polygon","coordinates":[[[-76.49999999999999,3.5],[-76.49499999999999,3.5],[-76.49499999999999,3.505],[-76.49999999999999,3.505],[-76.49999999999999,3.5]]]},"properties":{"value":248.4449,"sigma":13.2009}},{"type":"Feature","geometry":{"type":"Polygon","coordinates":[[[-76.49499999999999,3.5],[-76.49,3.5],[-76.49,3.505],[-76.49499999999999,3.505],[-76.49499999999999,3.5]]]},"properties":{"value":246.7541,"sigma":15.0187}},{"type":"Feature","geometry":{"type":"Polygon","coordinates":[[[-76.49,3.5],[-76.485,3.5],[-76.485,3.505],[-76.49,3.505],[-76.49,3.5]]]},"properties":{"value":248.9974,"sigma":15.4594}},{"type":"Feature","geometry":{"type":"Polygon","coordinates":[[[-76.48499999999999,3.5],[-76.47999999999999,3.5],[-76.47999999999999,3.505],[-76.48499999999999,3.505],[-76.48499999999999,3.5]]]},"properties":{"value":250.8046,"sigma":16.7683}},{"type":"Feature","geometry":{"type":"Polygon","coordinates":[[[-76.47999999999999,3.5],[-76.475,3.5],[-76.475,3.505],[-76.47999999999999,3.505],[-76.47999999999999,3.5]]]},"properties":{"value":255.5574,"sigma":16.8593}},{"type":"Feature","geometry":{"type":"Polygon","coordinates":[[[-76.475,3.5],[-76.47,3.5],[-76.47,3.505],[-76.475,3.505],[-76.475,3.5]]]},"properties":{"value":258.5427,"sigma":18.7273}},{"type":"Feature","geometry":{"type":"Polygon","coordinates":[[[-76.47,3.5],[-76.465,3.5],[-76.465,3.505],[-76.47,3.505],[-76.47,3.5]]]},"properties":{"value":260.7869,"sigma":18.1561}},{"type":"Feature","geometry":{"type":"Polygon","coordinates":[[[-76.46499999999999,3.5],[-76.46,3.5],[-76.46,3.505],[-76.46499999999999,3.505],[-76.46499999999999,3.5]]]},"properties":{"value":263.9705,"sigma":19.471}},{"type":"Feature","geometry":{"type":"Polygon","coordinates":[[[-76.46,3.5],[-76.455,3.5],[-76.455,3.505],[-76.46,3.505],[-76.46,3.5]]]},"properties":{"value":265.1702,"sigma":20.6378}},{"type":"Feature","geometry":{"type":"Polygon","coordinates":[[[-76.455,3.5],[-76.45,3.5],[-76.45,3.505],[-76.455,3.505],[-76.455,3.5]]]},"properties":{"value":265.8147,"sigma":19.9646}},{"type":"Feature","geometry":{"type":"Polygon","coordinates":[[[-76.44999999999999,3.5],[-76.445,3.5],[-76.445,3.505],[-76.44999999999999,3.505],[-76.44999999999999,3.5]]]},"properties":{"value":267.067,"sigma":22.7429}},{"type":"Feature","geometry":{"type":"Polygon","coordinates":[[[-76.445,3.5],[-76.44,3.5],[-76.44,3.505],[-76.445,3.505],[-76.445,3.5]]]},"properties":{"value":266.4477,"sigma":23.2151}},{"type":"Feature","geometry":{"type":"Polygon","coordinates":[[[-76.44,3.5],[-76.435,3.5],[-76.435,3.505],[-76.44,3.505],[-76.44,3.5]]]},"properties":{"value":266.5403,"sigma":23.1451}},{"type":"Feature","geometry":{"type":"Polygon","coordinates":[[[-76.43499999999999,3.5],[-76.42999999999999,3.5],[-76.42999999999999,3.505],[-76.43499999999999,3.505],[-76.43499999999999,3.5]]]},"properties":{"value":264.8627,"sigma":22.7479}},{"type":"Feature","geometry":{"type":"Polygon","coordinates":[[[-76.42999999999999,3.5],[-76.425,3.5],[-76.425,3.505],[-76.42999999999999,3.505],[-76.42999999999999,3.5]]]},"properties":{"value":260.8164,"sigma":22.9924}},{"type":"Feature","geometry":{"type":"Polygon","coordinates":[[[-76.425,3.5],[-76.42,3.5],[-76.42,3.505],[-76.425,3.505],[-76.425,3.5]]]},"properties":{"value":260.4482,"sigma":23.6153}},{"type":"Feature","geometry":{"type":"Polygon","coordinates":[[[-76.41999999999999,3.5],[-76.41499999999999,3.5],[-76.41499999999999,3.505],[-76.41999999999999,3.505],[-76.41999999999999,3.5]]]},"properties":{"value":254.9965,"sigma":24.8551}},{"type":"Feature","geometry":{"type":"Polygon","coordinates":[[[-76.41499999999999,3.5],[-76.41,3.5],[-76.41,3.505],[-76.41499999999999,3.505],[-76.41499999999999,3.5]]]},"properties":{"value":255.2499,"sigma":24.5122}},{"type":"Feature","geometry":{"type":"Polygon","coordinates":[[[-76.41,3.5],[-76.405,3.5],[-76.405,3.505],[-76.41,3.505],[-76.41,3.5]]]},"properties":{"value":250.2828,"sigma":25.9726}},{"type":"Feature","geometry":{"type":"Polygon","coordinates":[[[-76.40499999999999,3.5],[-76.39999999999999,3.5],[-76.39999999999999,3.505],[-76.40499999999999,3.505],[-76.40499999999999,3.5]]]},"properties":{"value":248.7667,"sigma":25.1725}},{"type":"Feature","geometry":{"type":"Polygon","coordinates":[[[-76.6,3.505],[-76.595,3.505],[-76.595,3.51],[-76.6,3.51],[-76.6,3.505]]]},"properties":{"value":248.0191,"sigma":22.5798}},{"type":"Feature","geometry":{"type":"Polygon","coordinates":[[[-76.595,3.505],[-76.59,3.505],[-76.59,3.51],[-76.595,3.51],[-76.595,3.505]]]},"properties":{"value":248.6741,"sigma":22.8448}},{"type":"Feature","geometry":{"type":"Polygon","coordinates":[[[-76.58999999999999,3.505],[-76.585,3.505],[-76.585,3.51],[-76.58999999999999,3.51],[-76.58999999999999,3.505]]]},"properties":{"value":248.6706,"sigma":22.1822}},{"type":"Feature","geometry":{"type":"Polygon","coordinates":[[[-76.585,3.505],[-76.58,3.505],[-76.58,3.51],[-76.585,3.51],[-76.585,3.505]]]},"properties":{"value":248.9572,"sigma":22.0028}},{"type":"Feature","geometry":{"type":"Polygon","coordinates":[[[-76.58,3.505],[-76.575,3.505],[-76.575,3.51],[-76.58,3.51],[-76.58,3.505]]]},"properties":{"value":251.1233,"sigma":18.781}},{"type":"Feature","geometry":{"type":"Polygon","coordinates":[[[-76.57499999999999,3.505],[-76.57,3.505],[-76.57,3.51],[-76.57499999999999,3.51],[-76.57499999999999,3.505]]]},"properties":{"value":254.4651,"sigma":20.0843}},{"type":"Feature","geometry":{"type":"Polygon","coordinates":[[[-76.57,3.505],[-76.565,3.505],[-76.565,3.51],[-76.57,3.51],[-76.57,3.505]]]},"properties":{"value":255.2359,"sigma":18.6754}},{"type":"Feature","geometry":{"type":"Polygon","coordinates":[[[-76.565,3.505],[-76.56,3.505],[-76.56,3.51],[-76.565,3.51],[-76.565,3.505]]]},"properties":{"value":254.2363,"sigma":17.5498}},{"type":"Feature","geometry":{"type":"Polygon","coordinates":[[[-76.55999999999999,3.505],[-76.55499999999999,3.505],[-76.55499999999999,3.51],[-76.55999999999999,3.51],[-76.55999999999999,3.505]]]},"properties":{"value":249.9185,"sigma":17.8134}},{"type":"Feature","geometry":{"type":"Polygon","coordinates":[[[-76.55499999999999,3.505],[-76.55,3.505],[-76.55,3.51],[-76.55499999999999,3.51],[-76.55499999999999,3.505]]]},"properties":{"value":251.5316,"sigma":16.1448}},{"type":"Feature","geometry":{"type":"Polygon","coordinates":[[[-76.55,3.505],[-76.545,3.505],[-76.545,3.51],[-76.55,3.51],[-76.55,3.505]]]},"properties":{"value":246.1673,"sigma":17.0401}},{"type":"Feature","geometry":{"type":"Polygon","coordinates":[[[-76.54499999999999,3.505],[-76.53999999999999,3.505],[-76.53999999999999,3.51],[-76.54499999999999,3.51],[-76.54499999999999,3.505]]]},"properties":{"value":247.4806,"sigma":15.8693}},{"type":"Feature","geometry":{"type":"Polygon","coordinates":[[[-76.53999999999999,3.505],[-76.535,3.505],[-76.535,3.51],[-76.53999999999999,3.51],[-76.53999999999999,3.505]]]},"properties":{"value":245.2647,"sigma":15.2696}},{"type":"Feature","geometry":{"type":"Polygon","coordinates":[[[-76.535,3.505],[-76.53,3.505],[-76.53,3.51],[-76.535,3.51],[-76.535,3.505]]]},"properties":{"value":245.4505,"sigma":14.6918}},{"type":"Feature","geometry":{"type":"Polygon","coordinates":[[[-76.52999999999999,3.505],[-76.52499999999999,3.505],[-76.52499999999999,3.51],[-76.52999999999999,3.51],[-76.52999999999999,3.505]]]},"properties":{"value":242.6014,"sigma":15.5419}},{"type":"Feature","geometry":{"type":"Polygon","coordinates":[[[-76.52499999999999,3.505],[-76.52,3.505],[-76.52,3.51],[-76.52499999999999,3.51],[-76.52499999999999,3.505]]]},"properties":{"value":245.4718,"sigma":12.1395}},{"type":"Feature","geometry":{"type":"Polygon","coordinates":[[[-76.52,3.505],[-76.515,3.505],[-76.515,3.51],[-76.52,3.51],[-76.52,3.505]]]},"properties":{"value":246.6287,"sigma":13.508}},{"type":"Feature","geometry":{"type":"Polygon","coordinates":[[[-76.51499999999999,3.505],[-76.50999999999999,3.505],[-76.50999999999999,3.51],[-76.51499999999999,3.51],[-76.51499999999999,3.505]]]},"properties":{"value":245.2937,"sigma":12.7094}},{"type":"Feature","geometry":{"type":"Polygon","coordinates":[[[-76.50999999999999,3.505],[-76.505,3.505],[-76.505,3.51],[-76.50999999999999,3.51],[-76.50999999999999,3.505]]]},"properties":{"value":243.0586,"sigma":13.3468}},{"type":"Feature","geometry":{"type":"Polygon","coordinates":[[[-76.505,3.505],[-76.5,3.505],[-76.5,3.51],[-76.505,3.51],[-76.505,3.505]]]},"properties":{"value":245.5681,"sigma":15.1168}},{"type":"Feature","geometry":{"type":"Polygon","coordinates":[[[-76.49999999999999,3.505],[-76.49499999999999,3.505],[-76.49499999999999,3.51],[-76.49999999999999,3.51],[-76.49999999999999,3.505]]]},"properties":{"value":245.5746,"sigma":15.9904}},{"type":"Feature","geometry":{"type":"Polygon","coordinates":[[[-76.49499999999999,3.505],[-76.49,3.505],[-76.49,3.51],[-76.49499999999999,3.51],[-76.49499999999999,3.505]]]},"properties":{"value":245.329,"sigma":14.8358}},{"type":"Feature","geometry":{"type":"Polygon","coordinates":[[[-76.49,3.505],[-76.485,3.505],[-76.485,3.51],[-76.49,3.51],[-76.49,3.505]]]},"properties":{"value":249.2899,"sigma":16.6153}},{"type":"Feature","geometry":{"type":"Polygon","coordinates":[[[-76.48499999999999,3.505],[-76.47999999999999,3.505],[-76.47999999999999,3.51],[-76.48499999999999,3.51],[-76.48499999999999,3.505]]]},"properties":{"value":249.8182,"sigma":18.0969}},{"type":"Feature","geometry":{"type":"Polygon","coordinates":[[[-76.47999999999999,3.505],[-76.475,3.505],[-76.475,3.51],[-76.47999999999999,3.51],[-76.47999999999999,3.505]]]},"properties":{"value":252.2347,"sigma":17.2786}},{"type":"Feature","geometry":{"type":"Polygon","coordinates":[[[-76.475,3.505],[-76.47,3.505],[-76.47,3.51],[-76.475,3.51],[-76.475,3.505]]]},"properties":{"value":256.5922,"sigma":18.7936}},{"type":"Feature","geometry":{"type":"Polygon","coordinates":[[[-76.47,3.505],[-76.465,3.505],[-76.465,3.51],[-76.47,3.51],[-76.47,3.505]]]},"properties":{"value":257.7658,"sigma":18.2179}},{"type":"Feature","geometry":{"type":"Polygon","coordinates":[[[-76.46499999999999,3.505],[-76.46,3.505],[-76.46,3.51],[-76.46499999999999,3.51],[-76.46499999999999,3.505]]]},"properties":{"value":262.5571,"sigma":18.6228}},{"type":"Feature","geometry":{"type":"Polygon","coordinates":[[[-76.46,3.505],[-76.455,3.505],[-76.455,3.51],[-76.46,3.51],[-76.46,3.505]]]},"properties":{"value":261.8019,"sigma":20.826}},{"type":"Feature","geometry":{"type":"Polygon","coordinates":[[[-76.455,3.505],[-76.45,3.505],[-76.45,3.51],[-76.455,3.51],[-76.455,3.505]]]},"properties":{"value":264.5344,"sigma":22.3186}},{"type":"Feature","geometry":{"type":"Polygon","coordinates":[[[-76.44999999999999,3.505],[-76.445,3.505],[-76.445,3.51],[-76.44999999999999,3.51],[-76.44999999999999,3.505]]]},"properties":{"value":264.6365,"sigma":22.9079}},{"type":"Feature","geometry":{"type":"Polygon","coordinates":[[[-76.445,3.505],[-76.44,3.505],[-76.44,3.51],[-76.445,3.51],[-76.445,3.505]]]},"properties":{"value":263.522,"sigma":23.4735}},{"type":"Feature","geometry":{"type":"Polygon","coordinates":[[[-76.44,3.505],[-76.435,3.505],[-76.435,3.51],[-76.44,3.51],[-76.44,3.505]]]},"properties":{"value":263.5941,"sigma":24.0858}},{"type":"Feature","geometry":{"type":"Polygon","coordinates":[[[-76.43499999999999,3.505],[-76.42999999999999,3.505],[-76.42999999999999,3.51],[-76.43499999999999,3.51],[-76.43499999999999,3.505]]]},"properties":{"value":261.3949,"sigma":24.1083}},{"type":"Feature","geometry":{"type":"Polygon","coordinates":[[[-76.42999999999999,3.505],[-76.425,3.505],[-76.425,3.51],[-76.42999999999999,3.51],[-76.42999999999999,3.505]]]},"properties":{"value":259.1289,"sigma":24.2441}},{"type":"Feature","geometry":{"type":"Polygon","coordinates":[[[-76.425,3.505],[-76.42,3.505],[-76.42,3.51],[-76.425,3.51],[-76.425,3.505]]]},"properties":{"value":258.7008,"sigma":24.4805}},{"type":"Feature","geometry":{"type":"Polygon","coordinates":[[[-76.41999999999999,3.505],[-76.41499999999999,3.505],[-76.41499999999999,3.51],[-76.41999999999999,3.51],[-76.41999999999999,3.505]]]},"properties":{"value":254.8073,"sigma":25.9637}},{"type":"Feature","geometry":{"type":"Polygon","coordinates":[[[-76.41499999999999,3.505],[-76.41,3.505],[-76.41,3.51],[-76.41499999999999,3.51],[-76.41499999999999,3.505]]]},"properties":{"value":251.9023,"sigma":26.8567}},{"type":"Feature","geometry":{"type":"Polygon","coordinates":[[[-76.41,3.505],[-76.405,3.505],[-76.405,3.51],[-76.41,3.51],[-76.41,3.505]]]},"properties":{"value":249.7951,"sigma":27.2402}},{"type":"Feature","geometry":{"type":"Polygon","coordinates":[[[-76.40499999999999,3.505],[-76.39999999999999,3.505],[-76.39999999999999,3.51],[-76.40499999999999,3.51],[-76.40499999999999,3.505]]]},"properties":{"value":250.5558,"sigma":26.1986}},{"type":"Feature","geometry":{"type":"Polygon","coordinates":[[[-76.6,3.51],[-76.595,3.51],[-76.595,3.5149999999999997],[-76.6,3.5149999999999997],[-76.6,3.51]]]},"properties":{"value":246.1927,"sigma":24.0167}},{"type":"Feature","geometry":{"type":"Polygon","coordinates":[[[-76.595,3.51],[-76.59,3.51],[-76.59,3.5149999999999997],[-76.595,3.5149999999999997],[-76.595,3.51]]]},"properties":{"value":247.1554,"sigma":22.4606}},{"type":"Feature","geometry":{"type":"Polygon","coordinates":[[[-76.58999999999999,3.51],[-76.585,3.51],[-76.585,3.5149999999999997],[-76.58999999999999,3.5149999999999997],[-76.58999999999999,3.51]]]},"properties":{"value":248.7524,"sigma":22.9853}},{"type":"Feature","geometry":{"type":"Polygon","coordinates":[[[-76.585,3.51],[-76.58,3.51],[-76.58,3.5149999999999997],[-76.585,3.5149999999999997],[-76.585,3.51]]]},"properties":{"value":250.897,"sigma":21.6874}},{"type":"Feature","geometry":{"type":"Polygon","coordinates":[[[-76.58,3.51],[-76.575,3.51],[-76.575,3.5149999999999997],[-76.58,3.5149999999999997],[-76.58,3.51]]]},"properties":{"value":249.7049,"sigma":21.022}},{"type":"Feature","geometry":{"type":"Polygon","coordinates":[[[-76.57499999999999,3.51],[-76.57,3.51],[-76.57,3.5149999999999997],[-76.57499999999999,3.5149999999999997],[-76.57499999999999,3.51]]]},"properties":{"value":252.2303,"sigma":18.6904}},{"type":"Feature","geometry":{"type":"Polygon","coordinates":[[[-76.57,3.51],[-76.565,3.51],[-76.565,3.5149999999999997],[-76.57,3.5149999999999997],[-76.57,3.51]]]},"properties":{"value":250.3073,"sigma":18.8616}},{"type":"Feature","geometry":{"type":"Polygon","coordinates":[[[-76.565,3.51],[-76.56,3.51],[-76.56,3.5149999999999997],[-76.565,3.5149999999999997],[-76.565,3.51]]]},"properties":{"value":251.5206,"sigma":18.3421}},{"type":"Feature","geometry":{"type":"Polygon","coordinates":[[[-76.55999999999999,3.51],[-76.55499999999999,3.51],[-76.55499999999999,3.5149999999999997],[-76.55999999999999,3.5149999999999997],[-76.55999999999999,3.51]]]},"properties":{"value":247.8371,"sigma":18.8866}},{"type":"Feature","geometry":{"type":"Polygon","coordinates":[[[-76.55499999999999,3.51],[-76.55,3.51],[-76.55,3.5149999999999997],[-76.55499999999999,3.5149999999999997],[-76.55499999999999,3.51]]]},"properties":{"value":249.6453,"sigma":16.1966}},{"type":"Feature","geometry":{"type":"Polygon","coordinates":[[[-76.55,3.51],[-76.545,3.51],[-76.545,3.5149999999999997],[-76.55,3.5149999999999997],[-76.55,3.51]]]},"properties":{"value":246.1068,"sigma":16.5936}},{"type":"Feature","geometry":{"type":"Polygon","coordinates":[[[-76.54499999999999,3.51],[-76.53999999999999,3.51],[-76.53999999999999,3.5149999999999997],[-76.54499999999999,3.5149999999999997],[-76.54499999999999,3.51]]]},"properties":{"value":248.2968,"sigma":15.5238}},{"type":"Feature","geometry":{"type":"Polygon","coordinates":[[[-76.53999999999999,3.51],[-76.535,3.51],[-76.535,3.5149999999999997],[-76.53999999999999,3.5149999999999997],[-76.53999999999999,3.51]]]},"properties":{"value":247.3936,"sigma":17.0143}},{"type":"Feature","geometry":{"type":"Polygon","coordinates":[[[-76.535,3.51],[-76.53,3.51],[-76.53,3.5149999999999997],[-76.535,3.5149999999999997],[-76.535,3.51]]]},"properties":{"value":244.3651,"sigma":15.0358}},{"type":"Feature","geometry":{"type":"Polygon","coordinates":[[[-76.52999999999999,3.51],[-76.52499999999999,3.51],[-76.52499999999999,3.5149999999999997],[-76.52999999999999,3.5149999999999997],[-76.52999999999999,3.51]]]},"properties":{"value":245.6301,"sigma":13.7439}},{"type":"Feature","geometry":{"type":"Polygon","coordinates":[[[-76.52499999999999,3.51],[-76.52,3.51],[-76.52,3.5149999999999997],[-76.52499999999999,3.5149999999999997],[-76.52499999999999,3.51]]]},"properties":{"value":242.0097,"sigma":13.4276}},{"type":"Feature","geometry":{"type":"Polygon","coordinates":[[[-76.52,3.51],[-76.515,3.51],[-76.515,3.5149999999999997],[-76.52,3.5149999999999997],[-76.52,3.51]]]},"properties":{"value":244.8444,"sigma":15.1286}},{"type":"Feature","geometry":{"type":"Polygon","coordinates":[[[-76.51499999999999,3.51],[-76.50999999999999,3.51],[-76.50999999999999,3.5149999999999997],[-76.51499999999999,3.5149999999999997],[-76.51499999999999,3.51]]]},"properties":{"value":243.7061,"sigma":14.2234}},{"type":"Feature","geometry":{"type":"Polygon","coordinates":[[[-76.50999999999999,3.51],[-76.505,3.51],[-76.505,3.5149999999999997],[-76.50999999999999,3.5149999999999997],[-76.50999999999999,3.51]]]},"properties":{"value":244.4298,"sigma":14.4687}},{"type":"Feature","geometry":{"type":"Polygon","coordinates":[[[-76.505,3.51],[-76.5,3.51],[-76.5,3.5149999999999997],[-76.505,3.5149999999999997],[-76.505,3.51]]]},"properties":{"value":245.5387,"sigma":14.3649}},{"type":"Feature","geometry":{"type":"Polygon","coordinates":[[[-76.49999999999999,3.51],[-76.49499999999999,3.51],[-76.49499999999999,3.5149999999999997],[-76.49999999999999,3.5149999999999997],[-76.49999999999999,3.51]]]},"properties":{"value":247.3392,"sigma":15.3962}},{"type":"Feature","geometry":{"type":"Polygon","coordinates":[[[-76.49499999999999,3.51],[-76.49,3.51],[-76.49,3.5149999999999997],[-76.49499999999999,3.5149999999999997],[-76.49499999999999,3.51]]]},"properties":{"value":246.1797,"sigma":15.8414}},{"type":"Feature","geometry":{"type":"Polygon","coordinates":[[[-76.49,3.51],[-76.485,3.51],[-76.485,3.5149999999999997],[-76.49,3.5149999999999997],[-76.49,3.51]]]},"properties":{"value":246.6972,"sigma":17.0568}},{"type":"Feature","geometry":{"type":"Polygon","coordinates":[[[-76.48499999999999,3.51],[-76.47999999999999,3.51],[-76.47999999999999,3.5149999999999997],[-76.48499999999999,3.5149999999999997],[-76.48499999999999,3.51]]]},"properties":{"value":249.2063,"sigma":18.0143}},{"type":"Feature","geometry":{"type":"Polygon","coordinates":[[[-76.47999999999999,3.51],[-76.475,3.51],[-76.475,3.5149999999999997],[-76.47999999999999,3.5149999999999997],[-76.47999999999999,3.51]]]},"properties":{"value":252.3411,"sigma":17.5402}},{"type":"Feature","geometry":{"type":"Polygon","coordinates":[[[-76.475,3.51],[-76.47,3.51],[-76.47,3.5149999999999997],[-76.475,3.5149999999999997],[-76.475,3.51]]]},"properties":{"value":255.3349,"sigma":19.105}},{"type":"Feature","geometry":{"type":"Polygon","coordinates":[[[-76.47,3.51],[-76.465,3.51],[-76.465,3.5149999999999997],[-76.47,3.5149999999999997],[-76.47,3.51]]]},"properties":{"value":254.507,"sigma":19.3825}},{"type":"Feature","geometry":{"type":"Polygon","coordinates":[[[-76.46499999999999,3.51],[-76.46,3.51],[-76.46,3.5149999999999997],[-76.46499999999999,3.5149999999999997],[-76.46499999999999,3.51]]]},"properties":{"value":257.815,"sigma":19.4359}},{"type":"Feature","geometry":{"type":"Polygon","coordinates":[[[-76.46,3.51],[-76.455,3.51],[-76.455,3.5149999999999997],[-76.46,3.5149999999999997],[-76.46,3.51]]]},"properties":{"value":258.0284,"sigma":22.0265}},{"type":"Feature","geometry":{"type":"Polygon","coordinates":[[[-76.455,3.51],[-76.45,3.51],[-76.45,3.5149999999999997],[-76.455,3.5149999999999997],[-76.455,3.51]]]},"properties":{"value":260.3857,"sigma":21.6341}},{"type":"Feature","geometry":{"type":"Polygon","coordinates":[[[-76.44999999999999,3.51],[-76.445,3.51],[-76.445,3.5149999999999997],[-76.44999999999999,3.5149999999999997],[-76.44999999999999,3.51]]]},"properties":{"value":261.523,"sigma":22.3015}},{"type":"Feature","geometry":{"type":"Polygon","coordinates":[[[-76.445,3.51],[-76.44,3.51],[-76.44,3.5149999999999997],[-76.445,3.5149999999999997],[-76.445,3.51]]]},"properties":{"value":260.071,"sigma":23.5808}},{"type":"Feature","geometry":{"type":"Polygon","coordinates":[[[-76.44,3.51],[-76.435,3.51],[-76.435,3.5149999999999997],[-76.44,3.5149999999999997],[-76.44,3.51]]]},"properties":{"value":261.8374,"sigma":22.6587}},{"type":"Feature","geometry":{"type":"Polygon","coordinates":[[[-76.43499999999999,3.51],[-76.42999999999999,3.51],[-76.42999999999999,3.5149999999999997],[-76.43499999999999,3.5149999999999997],[-76.43499999999999,3.51]]]},"properties":{"value":258.716,"sigma":24.7294}},{"type":"Feature","geometry":{"type":"Polygon","coordinates":[[[-76.42999999999999,3.51],[-76.425,3.51],[-76.425,3.5149999999999997],[-76.42999999999999,3.5149999999999997],[-76.42999999999999,3.51]]]},"properties":{"value":257.5499,"sigma":26.331}},{"type":"Feature","geometry":{"type":"Polygon","coordinates":[[[-76.425,3.51],[-76.42,3.51],[-76.42,3.5149999999999997],[-76.425,3.5149999999999997],[-76.425,3.51]]]},"properties":{"value":256.1021,"sigma":25.7432}},{"type":"Feature","geometry":{"type":"Polygon","coordinates":[[[-76.41999999999999,3.51],[-76.41499999999999,3.51],[-76.41499999999999,3.5149999999999997],[-76.41999999999999,3.5149999999999997],[-76.41999999999999,3.51]]]},"properties":{"value":254.7951,"sigma":24.7445}},{"type":"Feature","geometry":{"type":"Polygon","coordinates":[[[-76.41499999999999,3.51],[-76.41,3.51],[-76.41,3.5149999999999997],[-76.41499999999999,3.5149999999999997],[-76.41499999999999,3.51]]]},"properties":{"value":252.5013,"sigma":28.0194}},{"type":"Feature","geometry":{"type":"Polygon","coordinates":[[[-76.41,3.51],[-76.405,3.51],[-76.405,3.5149999999999997],[-76.41,3.5149999999999997],[-76.41,3.51]]]},"properties":{"value":250.4242,"sigma":25.6475}},{"type":"Feature","geometry":{"type":"Polygon","coordinates":[[[-76.40499999999999,3.51],[-76.39999999999999,3.51],[-76.39999999999999,3.5149999999999997],[-76.40499999999999,3.5149999999999997],[-76.40499999999999,3.51]]]},"properties":{"value":248.2392,"sigma":27.6453}},{"type":"Feature","geometry":{"type":"Polygon","coordinates":[[[-76.6,3.5149999999999997],[-76.595,3.5149999999999997],[-76.595,3.5199999999999996],[-76.6,3.5199999999999996],[-76.6,3.5149999999999997]]]},"properties":{"value":243.5457,"sigma":23.8923}},{"type":"Feature","geometry":{"type":"Polygon","coordinates":[[[-76.595,3.5149999999999997],[-76.59,3.5149999999999997],[-76.59,3.5199999999999996],[-76.595,3.5199999999999996],[-76.595,3.5149999999999997]]]},"properties":{"value":243.4601,"sigma":23.9146}},{"type":"Feature","geometry":{"type":"Polygon","coordinates":[[[-76.58999999999999,3.5149999999999997],[-76.585,3.5149999999999997],[-76.585,3.5199999999999996],[-76.58999999999999,3.5199999999999996],[-76.58999999999999,3.5149999999999997]]]},"properties":{"value":248.1068,"sigma":23.5279}},{"type":"Feature","geometry":{"type":"Polygon","coordinates":[[[-76.585,3.5149999999999997],[-76.58,3.5149999999999997],[-76.58,3.5199999999999996],[-76.585,3.5199999999999996],[-76.585,3.5149999999999997]]]},"properties":{"value":246.3468,"sigma":19.6443}},{"type":"Feature","geometry":{"type":"Polygon","coordinates":[[[-76.58,3.5149999999999997],[-76.575,3.5149999999999997],[-76.575,3.5199999999999996],[-76.58,3.5199999999999996],[-76.58,3.5149999999999997]]]},"properties":{"value":251.3208,"sigma":21.9367}},{"type":"Feature","geometry":{"type":"Polygon","coordinates":[[[-76.57499999999999,3.5149999999999997],[-76.57,3.5149999999999997],[-76.57,3.5199999999999996],[-76.57499999999999,3.5199999999999996],[-76.57499999999999,3.5149999999999997]]]},"properties":{"value":248.7809,"sigma":21.2707}},{"type":"Feature","geometry":{"type":"Polygon","coordinates":[[[-76.57,3.5149999999999997],[-76.565,3.5149999999999997],[-76.565,3.5199999999999996],[-76.57,3.5199999999999996],[-76.57,3.5149999999999997]]]},"properties":{"value":248.7811,"sigma":19.5426}},{"type":"Feature","geometry":{"type":"Polygon","coordinates":[[[-76.565,3.5149999999999997],[-76.56,3.5149999999999997],[-76.56,3.5199999999999996],[-76.565,3.5199999999999996],[-76.565,3.5149999999999997]]]},"properties":{"value":247.9937,"sigma":18.1123}},{"type":"Feature","geometry":{"type":"Polygon","coordinates":[[[-76.55999999999999,3.5149999999999997],[-76.55499999999999,3.5149999999999997],[-76.55499999999999,3.5199999999999996],[-76.55999999999999,3.5199999999999996],[-76.55999999999999,3.5149999999999997]]]},"properties":{"value":248.3508,"sigma":18.9496}},{"type":"Feature","geometry":{"type":"Polygon","coordinates":[[[-76.55499999999999,3.5149999999999997],[-76.55,3.5149999999999997],[-76.55,3.5199999999999996],[-76.55499999999999,3.5199999999999996],[-76.55499999999999,3.5149999999999997]]]},"properties":{"value":246.5247,"sigma":17.1578}},{"type":"Feature","geometry":{"type":"Polygon","coordinates":[[[-76.55,3.5149999999999997],[-76.545,3.5149999999999997],[-76.545,3.5199999999999996],[-76.55,3.5199999999999996],[-76.55,3.5149999999999997]]]},"properties":{"value":245.4104,"sigma":18.0819}},{"type":"Feature","geometry":{"type":"Polygon","coordinates":[[[-76.54499999999999,3.5149999999999997],[-76.53999999999999,3.5149999999999997],[-76.53999999999999,3.5199999999999996],[-76.54499999999999,3.5199999999999996],[-76.54499999999999,3.5149999999999997]]]},"properties":{"value":245.29,"sigma":15.5065}},{"type":"Feature","geometry":{"type":"Polygon","coordinates":[[[-76.53999999999999,3.5149999999999997],[-76.535,3.5149999999999997],[-76.535,3.5199999999999996],[-76.53999999999999,3.5199999999999996],[-76.53999999999999,3.5149999999999997]]]},"properties":{"value":244.1269,"sigma":15.7583}},{"type":"Feature","geometry":{"type":"Polygon","coordinates":[[[-76.535,3.5149999999999997],[-76.53,3.5149999999999997],[-76.53,3.5199999999999996],[-76.535,3.5199999999999996],[-76.535,3.5149999999999997]]]},"properties":{"value":245.7156,"sigma":16.5281}},{"type":"Feature","geometry":{"type":"Polygon","coordinates":[[[-76.52999999999999,3.5149999999999997],[-76.52499999999999,3.5149999999999997],[-76.52499999999999,3.5199999999999996],[-76.52999999999999,3.5199999999999996],[-76.52999999999999,3.5149999999999997]]]},"properties":{"value":245.4195,"sigma":17.4717}},{"type":"Feature","geometry":{"type":"Polygon","coordinates":[[[-76.52499999999999,3.5149999999999997],[-76.52,3.5149999999999997],[-76.52,3.5199999999999996],[-76.52499999999999,3.5199999999999996],[-76.52499999999999,3.5149999999999997]]]},"properties":{"value":245.9945,"sigma":14.0642}},{"type":"Feature","geometry":{"type":"Polygon","coordinates":[[[-76.52,3.5149999999999997],[-76.515,3.5149999999999997],[-76.515,3.5199999999999996],[-76.52,3.5199999999999996],[-76.52,3.5149999999999997]]]},"properties":{"value":245.1451,"sigma":14.129}},{"type":"Feature","geometry":{"type":"Polygon","coordinates":[[[-76.51499999999999,3.5149999999999997],[-76.50999999999999,3.5149999999999997],[-76.50999999999999,3.5199999999999996],[-76.51499999999999,3.5199999999999996],[-76.51499999999999,3.5149999999999997]]]},"properties":{"value":245.1128,"sigma":16.1913}},{"type":"Feature","geometry":{"type":"Polygon","coordinates":[[[-76.50999999999999,3.5149999999999997],[-76.505,3.5149999999999997],[-76.505,3.5199999999999996],[-76.50999999999999,3.5199999999999996],[-76.50999999999999,3.5149999999999997]]]},"properties":{"value":243.1524,"sigma":16.0528}},{"type":"Feature","geometry":{"type":"Polygon","coordinates":[[[-76.505,3.5149999999999997],[-76.5,3.5149999999999997],[-76.5,3.5199999999999996],[-76.505,3.5199999999999996],[-76.505,3.5149999999999997]]]},"properties":{"value":246.0047,"sigma":15.2433}},{"type":"Feature","geometry":{"type":"Polygon","coordinates":[[[-76.49999999999999,3.5149999999999997],[-76.49499999999999,3.5149999999999997],[-76.49499999999999,3.5199999999999996],[-76.49999999999999,3.5199999999999996],[-76.49999999999999,3.5149999999999997]]]},"properties":{"value":248.5498,"sigma":15.9722}},{"type":"Feature","geometry":{"type":"Polygon","coordinates":[[[-76.49499999999999,3.5149999999999997],[-76.49,3.5149999999999997],[-76.49,3.5199999999999996],[-76.49499999999999,3.5199999999999996],[-76.49499999999999,3.5149999999999997]]]},"properties":{"value":247.8404,"sigma":16.5255}},{"type":"Feature","geometry":{"type":"Polygon","coordinates":[[[-76.49,3.5149999999999997],[-76.485,3.5149999999999997],[-76.485,3.5199999999999996],[-76.49,3.5199999999999996],[-76.49,3.5149999999999997]]]},"properties":{"value":247.8417,"sigma":17.1088}},{"type":"Feature","geometry":{"type":"Polygon","coordinates":[[[-76.48499999999999,3.5149999999999997],[-76.47999999999999,3.5149999999999997],[-76.47999999999999,3.5199999999999996],[-76.48499999999999,3.5199999999999996],[-76.48499999999999,3.5149999999999997]]]},"properties":{"value":249.0884,"sigma":17.4388}},{"type":"Feature","geometry":{"type":"Polygon","coordinates":[[[-76.47999999999999,3.5149999999999997],[-76.475,3.5149999999999997],[-76.475,3.5199999999999996],[-76.47999999999999,3.5199999999999996],[-76.47999999999999,3.5149999999999997]]]},"properties":{"value":249.6557,"sigma":17.8547}},{"type":"Feature","geometry":{"type":"Polygon","coordinates":[[[-76.475,3.5149999999999997],[-76.47,3.5149999999999997],[-76.47,3.5199999999999996],[-76.475,3.5199999999999996],[-76.475,3.5149999999999997]]]},"properties":{"value":252.9868,"sigma":18.3364}},{"type":"Feature","geometry":{"type":"Polygon","coordinates":[[[-76.47,3.5149999999999997],[-76.465,3.5149999999999997],[-76.465,3.5199999999999996],[-76.47,3.5199999999999996],[-76.47,3.5149999999999997]]]},"properties":{"value":253.9583,"sigma":20.2206}},{"type":"Feature","geometry":{"type":"Polygon","coordinates":[[[-76.46499999999999,3.5149999999999997],[-76.46,3.5149999999999997],[-76.46,3.5199999999999996],[-76.46499999999999,3.5199999999999996],[-76.46499999999999,3.5149999999999997]]]},"properties":{"value":256.0107,"sigma":21.4827}},{"type":"Feature","geometry":{"type":"Polygon","coordinates":[[[-76.46,3.5149999999999997],[-76.455,3.5149999999999997],[-76.455,3.5199999999999996],[-76.46,3.5199999999999996],[-76.46,3.5149999999999997]]]},"properties":{"value":258.8523,"sigma":21.8647}},{"type":"Feature","geometry":{"type":"Polygon","coordinates":[[[-76.455,3.5149999999999997],[-76.45,3.5149999999999997],[-76.45,3.5199999999999996],[-76.455,3.5199999999999996],[-76.455,3.5149999999999997]]]},"properties":{"value":257.2128,"sigma":21.6065}},{"type":"Feature","geometry":{"type":"Polygon","coordinates":[[[-76.44999999999999,3.5149999999999997],[-76.445,3.5149999999999997],[-76.445,3.5199999999999996],[-76.44999999999999,3.5199999999999996],[-76.44999999999999,3.5149999999999997]]]},"properties":{"value":258.1358,"sigma":21.9099}},{"type":"Feature","geometry":{"type":"Polygon","coordinates":[[[-76.445,3.5149999999999997],[-76.44,3.5149999999999997],[-76.44,3.5199999999999996],[-76.445,3.5199999999999996],[-76.445,3.5149999999999997]]]},"properties":{"value":260.0871,"sigma":23.179}},{"type":"Feature","geometry":{"type":"Polygon","coordinates":[[[-76.44,3.5149999999999997],[-76.435,3.5149999999999997],[-76.435,3.5199999999999996],[-76.44,3.5199999999999996],[-76.44,3.5149999999999997]]]},"properties":{"value":259.2521,"sigma":23.21}},{"type":"Feature","geometry":{"type":"Polygon","coordinates":[[[-76.43499999999999,3.5149999999999997],[-76.42999999999999,3.5149999999999997],[-76.42999999999999,3.5199999999999996],[-76.43499999999999,3.5199999999999996],[-76.43499999999999,3.5149999999999997]]]},"properties":{"value":258.1135,"sigma":24.7296}},{"type":"Feature","geometry":{"type":"Polygon","coordinates":[[[-76.42999999999999,3.5149999999999997],[-76.425,3.5149999999999997],[-76.425,3.5199999999999996],[-76.42999999999999,3.5199999999999996],[-76.42999999999999,3.5149999999999997]]]},"properties":{"value":255.5725,"sigma":26.0847}},{"type":"Feature","geometry":{"type":"Polygon","coordinates":[[[-76.425,3.5149999999999997],[-76.42,3.5149999999999997],[-76.42,3.5199999999999996],[-76.425,3.5199999999999996],[-76.425,3.5149999999999997]]]},"properties":{"value":253.8015,"sigma":24.4051}},{"type":"Feature","geometry":{"type":"Polygon","coordinates":[[[-76.41999999999999,3.5149999999999997],[-76.41499999999999,3.5149999999999997],[-76.41499999999999,3.5199999999999996],[-76.41999999999999,3.5199999999999996],[-76.41999999999999,3.5149999999999997]]]},"properties":{"value":250.4934,"sigma":27.9965}},{"type":"Feature","geometry":{"type":"Polygon","coordinates":[[[-76.41499999999999,3.5149999999999997],[-76.41,3.5149999999999997],[-76.41,3.5199999999999996],[-76.41499999999999,3.5199999999999996],[-76.41499999999999,3.5149999999999997]]]},"properties":{"value":251.7219,"sigma":27.9598}},{"type":"Feature","geometry":{"type":"Polygon","coordinates":[[[-76.41,3.5149999999999997],[-76.405,3.5149999999999997],[-76.405,3.5199999999999996],[-76.41,3.5199999999999996],[-76.41,3.5149999999999997]]]},"properties":{"value":249.1626,"sigma":28.2122}},{"type":"Feature","geometry":{"type":"Polygon","coordinates":[[[-76.40499999999999,3.5149999999999997],[-76.39999999999999,3.5149999999999997],[-76.39999999999999,3.5199999999999996],[-76.40499999999999,3.5199999999999996],[-76.40499999999999,3.5149999999999997]]]},"properties":{"value":248.092,"sigma":27.7291}},{"type":"Feature","geometry":{"type":"Polygon","coordinates":[[[-76.6,3.52],[-76.595,3.52],[-76.595,3.525],[-76.6,3.525],[-76.6,3.52]]]},"properties":{"value":245.2721,"sigma":22.4421}},{"type":"Feature","geometry":{"type":"Polygon","coordinates":[[[-76.595,3.52],[-76.59,3.52],[-76.59,3.525],[-76.595,3.525],[-76.595,3.52]]]},"properties":{"value":245.8415,"sigma":24.2187}},{"type":"Feature","geometry":{"type":"Polygon","coordinates":[[[-76.58999999999999,3.52],[-76.585,3.52],[-76.585,3.525],[-76.58999999999999,3.525],[-76.58999999999999,3.52]]]},"properties":{"value":247.7922,"sigma":23.9578}},{"type":"Feature","geometry":{"type":"Polygon","coordinates":[[[-76.585,3.52],[-76.58,3.52],[-76.58,3.525],[-76.585,3.525],[-76.585,3.52]]]},"properties":{"value":247.4227,"sigma":23.7937}},{"type":"Feature","geometry":{"type":"Polygon","coordinates":[[[-76.58,3.52],[-76.575,3.52],[-76.575,3.525],[-76.58,3.525],[-76.58,3.52]]]},"properties":{"value":246.355,"sigma":18.8394}},{"type":"Feature","geometry":{"type":"Polygon","coordinates":[[[-76.57499999999999,3.52],[-76.57,3.52],[-76.57,3.525],[-76.57499999999999,3.525],[-76.57499999999999,3.52]]]},"properties":{"value":245.7408,"sigma":20.3421}},{"type":"Feature","geometry":{"type":"Polygon","coordinates":[[[-76.57,3.52],[-76.565,3.52],[-76.565,3.525],[-76.57,3.525],[-76.57,3.52]]]},"properties":{"value":245.5504,"sigma":20.7728}},{"type":"Feature","geometry":{"type":"Polygon","coordinates":[[[-76.565,3.52],[-76.56,3.52],[-76.56,3.525],[-76.565,3.525],[-76.565,3.52]]]},"properties":{"value":246.5629,"sigma":18.9737}},{"type":"Feature","geometry":{"type":"Polygon","coordinates":[[[-76.55999999999999,3.52],[-76.55499999999999,3.52],[-76.55499999999999,3.525],[-76.55999999999999,3.525],[-76.55999999999999,3.52]]]},"properties":{"value":246.6857,"sigma":17.3512}},{"type":"Feature","geometry":{"type":"Polygon","coordinates":[[[-76.55499999999999,3.52],[-76.55,3.52],[-76.55,3.525],[-76.55499999999999,3.525],[-76.55499999999999,3.52]]]},"properties":{"value":247.5727,"sigma":18.7019}},{"type":"Feature","geometry":{"type":"Polygon","coordinates":[[[-76.55,3.52],[-76.545,3.52],[-76.545,3.525],[-76.55,3.525],[-76.55,3.52]]]},"properties":{"value":246.0722,"sigma":16.914}},{"type":"Feature","geometry":{"type":"Polygon","coordinates":[[[-76.54499999999999,3.52],[-76.53999999999999,3.52],[-76.53999999999999,3.525],[-76.54499999999999,3.525],[-76.54499999999999,3.52]]]},"properties":{"value":246.4296,"sigma":17.3099}},{"type":"Feature","geometry":{"type":"Polygon","coordinates":[[[-76.53999999999999,3.52],[-76.535,3.52],[-76.535,3.525],[-76.53999999999999,3.525],[-76.53999999999999,3.52]]]},"properties":{"value":245.285,"sigma":15.5221}},{"type":"Feature","geometry":{"type":"Polygon","coordinates":[[[-76.535,3.52],[-76.53,3.52],[-76.53,3.525],[-76.535,3.525],[-76.535,3.52]]]},"properties":{"value":246.4056,"sigma":17.3474}},{"type":"Feature","geometry":{"type":"Polygon","coordinates":[[[-76.52999999999999,3.52],[-76.52499999999999,3.52],[-76.52499999999999,3.525],[-76.52999999999999,3.525],[-76.52999999999999,3.52]]]},"properties":{"value":247.834,"sigma":15.3699}},{"type":"Feature","geometry":{"type":"Polygon","coordinates":[[[-76.52499999999999,3.52],[-76.52,3.52],[-76.52,3.525],[-76.52499999999999,3.525],[-76.52499999999999,3.52]]]},"properties":{"value":244.0918,"sigma":15.9524}},{"type":"Feature","geometry":{"type":"Polygon","coordinates":[[[-76.52,3.52],[-76.515,3.52],[-76.515,3.525],[-76.52,3.525],[-76.52,3.52]]]},"properties":{"value":245.1681,"sigma":15.0538}},{"type":"Feature","geometry":{"type":"Polygon","coordinates":[[[-76.51499999999999,3.52],[-76.50999999999999,3.52],[-76.50999999999999,3.525],[-76.51499999999999,3.525],[-76.51499999999999,3.52]]]},"properties":{"value":244.7283,"sigma":16.232}},{"type":"Feature","geometry":{"type":"Polygon","coordinates":[[[-76.50999999999999,3.52],[-76.505,3.52],[-76.505,3.525],[-76.50999999999999,3.525],[-76.50999999999999,3.52]]]},"properties":{"value":242.9321,"sigma":15.4865}},{"type":"Feature","geometry":{"type":"Polygon","coordinates":[[[-76.505,3.52],[-76.5,3.52],[-76.5,3.525],[-76.505,3.525],[-76.505,3.52]]]},"properties":{"value":244.8745,"sigma":16.0907}},{"type":"Feature","geometry":{"type":"Polygon","coordinates":[[[-76.49999999999999,3.52],[-76.49499999999999,3.52],[-76.49499999999999,3.525],[-76.49999999999999,3.525],[-76.49999999999999,3.52]]]},"properties":{"value":244.8263,"sigma":15.6692}},{"type":"Feature","geometry":{"type":"Polygon","coordinates":[[[-76.49499999999999,3.52],[-76.49,3.52],[-76.49,3.525],[-76.49499999999999,3.525],[-76.49499999999999,3.52]]]},"properties":{"value":245.6148,"sigma":17.3}},{"type":"Feature","geometry":{"type":"Polygon","coordinates":[[[-76.49,3.52],[-76.485,3.52],[-76.485,3.525],[-76.49,3.525],[-76.49,3.52]]]},"properties":{"value":245.4669,"sigma":17.1901}},{"type":"Feature","geometry":{"type":"Polygon","coordinates":[[[-76.48499999999999,3.52],[-76.47999999999999,3.52],[-76.47999999999999,3.525],[-76.48499999999999,3.525],[-76.48499999999999,3.52]]]},"properties":{"value":248.2037,"sigma":18.6652}},{"type":"Feature","geometry":{"type":"Polygon","coordinates":[[[-76.47999999999999,3.52],[-76.475,3.52],[-76.475,3.525],[-76.47999999999999,3.525],[-76.47999999999999,3.52]]]},"properties":{"value":249.938,"sigma":18.4739}},{"type":"Feature","geometry":{"type":"Polygon","coordinates":[[[-76.475,3.52],[-76.47,3.52],[-76.47,3.525],[-76.475,3.525],[-76.475,3.52]]]},"properties":{"value":250.0724,"sigma":20.2341}},{"type":"Feature","geometry":{"type":"Polygon","coordinates":[[[-76.47,3.52],[-76.465,3.52],[-76.465,3.525],[-76.47,3.525],[-76.47,3.52]]]},"properties":{"value":253.463,"sigma":18.7396}},{"type":"Feature","geometry":{"type":"Polygon","coordinates":[[[-76.46499999999999,3.52],[-76.46,3.52],[-76.46,3.525],[-76.46499999999999,3.525],[-76.46499999999999,3.52]]]},"properties":{"value":256.3716,"sigma":22.0338}},{"type":"Feature","geometry":{"type":"Polygon","coordinates":[[[-76.46,3.52],[-76.455,3.52],[-76.455,3.525],[-76.46,3.525],[-76.46,3.52]]]},"properties":{"value":254.9837,"sigma":22.0561}},{"type":"Feature","geometry":{"type":"Polygon","coordinates":[[[-76.455,3.52],[-76.45,3.52],[-76.45,3.525],[-76.455,3.525],[-76.455,3.52]]]},"properties":{"value":255.1653,"sigma":22.7066}},{"type":"Feature","geometry":{"type":"Polygon","coordinates":[[[-76.44999999999999,3.52],[-76.445,3.52],[-76.445,3.525],[-76.44999999999999,3.525],[-76.44999999999999,3.52]]]},"properties":{"value":255.0876,"sigma":23.6042}},{"type":"Feature","geometry":{"type":"Polygon","coordinates":[[[-76.445,3.52],[-76.44,3.52],[-76.44,3.525],[-76.445,3.525],[-76.445,3.52]]]},"properties":{"value":257.6224,"sigma":23.8071}},{"type":"Feature","geometry":{"type":"Polygon","coordinates":[[[-76.44,3.52],[-76.435,3.52],[-76.435,3.525],[-76.44,3.525],[-76.44,3.52]]]},"properties":{"value":258.6823,"sigma":25.2169}},{"type":"Feature","geometry":{"type":"Polygon","coordinates":[[[-76.43499999999999,3.52],[-76.42999999999999,3.52],[-76.42999999999999,3.525],[-76.43499999999999,3.525],[-76.43499999999999,3.52]]]},"properties":{"value":255.2672,"sigma":25.0425}},{"type":"Feature","geometry":{"type":"Polygon","coordinates":[[[-76.42999999999999,3.52],[-76.425,3.52],[-76.425,3.525],[-76.42999999999999,3.525],[-76.42999999999999,3.52]]]},"properties":{"value":254.4972,"sigma":25.2594}},{"type":"Feature","geometry":{"type":"Polygon","coordinates":[[[-76.425,3.52],[-76.42,3.52],[-76.42,3.525],[-76.425,3.525],[-76.425,3.52]]]},"properties":{"value":253.2802,"sigma":26.3082}},{"type":"Feature","geometry":{"type":"Polygon","coordinates":[[[-76.41999999999999,3.52],[-76.41499999999999,3.52],[-76.41499999999999,3.525],[-76.41999999999999,3.525],[-76.41999999999999,3.52]]]},"properties":{"value":251.8596,"sigma":28.9342}},{"type":"Feature","geometry":{"type":"Polygon","coordinates":[[[-76.41499999999999,3.52],[-76.41,3.52],[-76.41,3.525],[-76.41499999999999,3.525],[-76.41499999999999,3.52]]]},"properties":{"value":249.292,"sigma":27.5406}},{"type":"Feature","geometry":{"type":"Polygon","coordinates":[[[-76.41,3.52],[-76.405,3.52],[-76.405,3.525],[-76.41,3.525],[-76.41,3.52]]]},"properties":{"value":248.7733,"sigma":28.4343}},{"type":"Feature","geometry":{"type":"Polygon","coordinates":[[[-76.40499999999999,3.52],[-76.39999999999999,3.52],[-76.39999999999999,3.525],[-76.40499999999999,3.525],[-76.40499999999999,3.52]]]},"properties":{"value":250.5642,"sigma":29.439}},{"type":"Feature","geometry":{"type":"Polygon","coordinates":[[[-76.6,3.525],[-76.595,3.525],[-76.595,3.53],[-76.6,3.53],[-76.6,3.525]]]},"properties":{"value":247.2286,"sigma":24.3444}},{"type":"Feature","geometry":{"type":"Polygon","coordinates":[[[-76.595,3.525],[-76.59,3.525],[-76.59,3.53],[-76.595,3.53],[-76.595,3.525]]]},"properties":{"value":244.2649,"sigma":22.979}},{"type":"Feature","geometry":{"type":"Polygon","coordinates":[[[-76.58999999999999,3.525],[-76.585,3.525],[-76.585,3.53],[-76.58999999999999,3.53],[-76.58999999999999,3.525]]]},"properties":{"value":244.6718,"sigma":22.7062}},{"type":"Feature","geometry":{"type":"Polygon","coordinates":[[[-76.585,3.525],[-76.58,3.525],[-76.58,3.53],[-76.585,3.53],[-76.585,3.525]]]},"properties":{"value":245.4535,"sigma":21.21}},{"type":"Feature","geometry":{"type":"Polygon","coordinates":[[[-76.58,3.525],[-76.575,3.525],[-76.575,3.53],[-76.58,3.53],[-76.58,3.525]]]},"properties":{"value":246.1222,"sigma":22.3776}},{"type":"Feature","geometry":{"type":"Polygon","coordinates":[[[-76.57499999999999,3.525],[-76.57,3.525],[-76.57,3.53],[-76.57499999999999,3.53],[-76.57499999999999,3.525]]]},"properties":{"value":243.48,"sigma":21.1041}},{"type":"Feature","geometry":{"type":"Polygon","coordinates":[[[-76.57,3.525],[-76.565,3.525],[-76.565,3.53],[-76.57,3.53],[-76.57,3.525]]]},"properties":{"value":246.6553,"sigma":19.7517}},{"type":"Feature","geometry":{"type":"Polygon","coordinates":[[[-76.565,3.525],[-76.56,3.525],[-76.56,3.53],[-76.565,3.53],[-76.565,3.525]]]},"properties":{"value":246.5442,"sigma":20.6873}},{"type":"Feature","geometry":{"type":"Polygon","coordinates":[[[-76.55999999999999,3.525],[-76.55499999999999,3.525],[-76.55499999999999,3.53],[-76.55999999999999,3.53],[-76.55999999999999,3.525]]]},"properties":{"value":245.5796,"sigma":19.7522}},{"type":"Feature","geometry":{"type":"Polygon","coordinates":[[[-76.55499999999999,3.525],[-76.55,3.525],[-76.55,3.53],[-76.55499999999999,3.53],[-76.55499999999999,3.525]]]},"properties":{"value":246.013,"sigma":18.7888}},{"type":"Feature","geometry":{"type":"Polygon","coordinates":[[[-76.55,3.525],[-76.545,3.525],[-76.545,3.53],[-76.55,3.53],[-76.55,3.525]]]},"properties":{"value":241.7218,"sigma":16.6395}},{"type":"Feature","geometry":{"type":"Polygon","coordinates":[[[-76.54499999999999,3.525],[-76.53999999999999,3.525],[-76.53999999999999,3.53],[-76.54499999999999,3.53],[-76.54499999999999,3.525]]]},"properties":{"value":245.583,"sigma":17.3782}},{"type":"Feature","geometry":{"type":"Polygon","coordinates":[[[-76.53999999999999,3.525],[-76.535,3.525],[-76.535,3.53],[-76.53999999999999,3.53],[-76.53999999999999,3.525]]]},"properties":{"value":245.958,"sigma":17.7602}},{"type":"Feature","geometry":{"type":"Polygon","coordinates":[[[-76.535,3.525],[-76.53,3.525],[-76.53,3.53],[-76.535,3.53],[-76.535,3.525]]]},"properties":{"value":244.7871,"sigma":16.4117}},{"type":"Feature","geometry":{"type":"Polygon","coordinates":[[[-76.52999999999999,3.525],[-76.52499999999999,3.525],[-76.52499999999999,3.53],[-76.52999999999999,3.53],[-76.52999999999999,3.525]]]},"properties":{"value":244.4259,"sigma":17.0811}},{"type":"Feature","geometry":{"type":"Polygon","coordinates":[[[-76.52499999999999,3.525],[-76.52,3.525],[-76.52,3.53],[-76.52499999999999,3.53],[-76.52499999999999,3.525]]]},"properties":{"value":247.6756,"sigma":16.502}},{"type":"Feature","geometry":{"type":"Polygon","coordinates":[[[-76.52,3.525],[-76.515,3.525],[-76.515,3.53],[-76.52,3.53],[-76.52,3.525]]]},"properties":{"value":246.7273,"sigma":16.8514}},{"type":"Feature","geometry":{"type":"Polygon","coordinates":[[[-76.51499999999999,3.525],[-76.50999999999999,3.525],[-76.50999999999999,3.53],[-76.51499999999999,3.53],[-76.51499999999999,3.525]]]},"properties":{"value":246.7091,"sigma":16.8121}},{"type":"Feature","geometry":{"type":"Polygon","coordinates":[[[-76.50999999999999,3.525],[-76.505,3.525],[-76.505,3.53],[-76.50999999999999,3.53],[-76.50999999999999,3.525]]]},"properties":{"value":243.7631,"sigma":17.108}},{"type":"Feature","geometry":{"type":"Polygon","coordinates":[[[-76.505,3.525],[-76.5,3.525],[-76.5,3.53],[-76.505,3.53],[-76.505,3.525]]]},"properties":{"value":245.2655,"sigma":15.5566}},{"type":"Feature","geometry":{"type":"Polygon","coordinates":[[[-76.49999999999999,3.525],[-76.49499999999999,3.525],[-76.49499999999999,3.53],[-76.49999999999999,3.53],[-76.49999999999999,3.525]]]},"properties":{"value":244.5831,"sigma":15.2841}},{"type":"Feature","geometry":{"type":"Polygon","coordinates":[[[-76.49499999999999,3.525],[-76.49,3.525],[-76.49,3.53],[-76.49499999999999,3.53],[-76.49499999999999,3.525]]]},"properties":{"value":245.1231,"sigma":19.1066}},{"type":"Feature","geometry":{"type":"Polygon","coordinates":[[[-76.49,3.525],[-76.485,3.525],[-76.485,3.53],[-76.49,3.53],[-76.49,3.525]]]},"properties":{"value":247.3167,"sigma":18.0272}},{"type":"Feature","geometry":{"type":"Polygon","coordinates":[[[-76.48499999999999,3.525],[-76.47999999999999,3.525],[-76.47999999999999,3.53],[-76.48499999999999,3.53],[-76.48499999999999,3.525]]]},"properties":{"value":246.5956,"sigma":18.3425}},{"type":"Feature","geometry":{"type":"Polygon","coordinates":[[[-76.47999999999999,3.525],[-76.475,3.525],[-76.475,3.53],[-76.47999999999999,3.53],[-76.47999999999999,3.525]]]},"properties":{"value":249.953,"sigma":19.6735}},{"type":"Feature","geometry":{"type":"Polygon","coordinates":[[[-76.475,3.525],[-76.47,3.525],[-76.47,3.53],[-76.475,3.53],[-76.475,3.525]]]},"properties":{"value":249.2085,"sigma":19.0574}},{"type":"Feature","geometry":{"type":"Polygon","coordinates":[[[-76.47,3.525],[-76.465,3.525],[-76.465,3.53],[-76.47,3.53],[-76.47,3.525]]]},"properties":{"value":251.4668,"sigma":20.436}},{"type":"Feature","geometry":{"type":"Polygon","coordinates":[[[-76.46499999999999,3.525],[-76.46,3.525],[-76.46,3.53],[-76.46499999999999,3.53],[-76.46499999999999,3.525]]]},"properties":{"value":249.0973,"sigma":21.6924}},{"type":"Feature","geometry":{"type":"Polygon","coordinates":[[[-76.46,3.525],[-76.455,3.525],[-76.455,3.53],[-76.46,3.53],[-76.46,3.525]]]},"properties":{"value":251.6057,"sigma":21.777}},{"type":"Feature","geometry":{"type":"Polygon","coordinates":[[[-76.455,3.525],[-76.45,3.525],[-76.45,3.53],[-76.455,3.53],[-76.455,3.525]]]},"properties":{"value":254.3974,"sigma":22.0575}},{"type":"Feature","geometry":{"type":"Polygon","coordinates":[[[-76.44999999999999,3.525],[-76.445,3.525],[-76.445,3.53],[-76.44999999999999,3.53],[-76.44999999999999,3.525]]]},"properties":{"value":252.8785,"sigma":22.8954}},{"type":"Feature","geometry":{"type":"Polygon","coordinates":[[[-76.445,3.525],[-76.44,3.525],[-76.44,3.53],[-76.445,3.53],[-76.445,3.525]]]},"properties":{"value":254.5911,"sigma":24.452}},{"type":"Feature","geometry":{"type":"Polygon","coordinates":[[[-76.44,3.525],[-76.435,3.525],[-76.435,3.53],[-76.44,3.53],[-76.44,3.525]]]},"properties":{"value":253.0576,"sigma":23.3523}},{"type":"Feature","geometry":{"type":"Polygon","coordinates":[[[-76.43499999999999,3.525],[-76.42999999999999,3.525],[-76.42999999999999,3.53],[-76.43499999999999,3.53],[-76.43499999999999,3.525]]]},"properties":{"value":252.9495,"sigma":25.6618}},{"type":"Feature","geometry":{"type":"Polygon","coordinates":[[[-76.42999999999999,3.525],[-76.425,3.525],[-76.425,3.53],[-76.42999999999999,3.53],[-76.42999999999999,3.525]]]},"properties":{"value":254.0157,"sigma":27.2294}},{"type":"Feature","geometry":{"type":"Polygon","coordinates":[[[-76.425,3.525],[-76.42,3.525],[-76.42,3.53],[-76.425,3.53],[-76.425,3.525]]]},"properties":{"value":252.6107,"sigma":27.0392}},{"type":"Feature","geometry":{"type":"Polygon","coordinates":[[[-76.41999999999999,3.525],[-76.41499999999999,3.525],[-76.41499999999999,3.53],[-76.41999999999999,3.53],[-76.41999999999999,3.525]]]},"properties":{"value":250.6389,"sigma":28.2138}},{"type":"Feature","geometry":{"type":"Polygon","coordinates":[[[-76.41499999999999,3.525],[-76.41,3.525],[-76.41,3.53],[-76.41499999999999,3.53],[-76.41499999999999,3.525]]]},"properties":{"value":249.5278,"sigma":28.5222}},{"type":"Feature","geometry":{"type":"Polygon","coordinates":[[[-76.41,3.525],[-76.405,3.525],[-76.405,3.53],[-76.41,3.53],[-76.41,3.525]]]},"properties":{"value":247.8819,"sigma":28.5815}},{"type":"Feature","geometry":{"type":"Polygon","coordinates":[[[-76.40499999999999,3.525],[-76.39999999999999,3.525],[-76.39999999999999,3.53],[-76.40499999999999,3.53],[-76.40499999999999,3.525]]]},"properties":{"value":249.3316,"sigma":28.9337}},{"type":"Feature","geometry":{"type":"Polygon","coordinates":[[[-76.6,3.53],[-76.595,3.53],[-76.595,3.5349999999999997],[-76.6,3.5349999999999997],[-76.6,3.53]]]},"properties":{"value":245.2827,"sigma":25.9124}},{"type":"Feature","geometry":{"type":"Polygon","coordinates":[[[-76.595,3.53],[-76.59,3.53],[-76.59,3.5349999999999997],[-76.595,3.5349999999999997],[-76.595,3.53]]]},"properties":{"value":243.8156,"sigma":23.2786}},{"type":"Feature","geometry":{"type":"Polygon","coordinates":[[[-76.58999999999999,3.53],[-76.585,3.53],[-76.585,3.5349999999999997],[-76.58999999999999,3.5349999999999997],[-76.58999999999999,3.53]]]},"properties":{"value":244.3003,"sigma":24.8597}},{"type":"Feature","geometry":{"type":"Polygon","coordinates":[[[-76.585,3.53],[-76.58,3.53],[-76.58,3.5349999999999997],[-76.585,3.5349999999999997],[-76.585,3.53]]]},"properties":{"value":244.2853,"sigma":22.5727}},{"type":"Feature","geometry":{"type":"Polygon","coordinates":[[[-76.58,3.53],[-76.575,3.53],[-76.575,3.5349999999999997],[-76.58,3.5349999999999997],[-76.58,3.53]]]},"properties":{"value":246.3495,"sigma":22.9345}},{"type":"Feature","geometry":{"type":"Polygon","coordinates":[[[-76.57499999999999,3.53],[-76.57,3.53],[-76.57,3.5349999999999997],[-76.57499999999999,3.5349999999999997],[-76.57499999999999,3.53]]]},"properties":{"value":246.4077,"sigma":21.4114}},{"type":"Feature","geometry":{"type":"Polygon","coordinates":[[[-76.57,3.53],[-76.565,3.53],[-76.565,3.5349999999999997],[-76.57,3.5349999999999997],[-76.57,3.53]]]},"properties":{"value":247.6822,"sigma":22.3952}},{"type":"Feature","geometry":{"type":"Polygon","coordinates":[[[-76.565,3.53],[-76.56,3.53],[-76.56,3.5349999999999997],[-76.565,3.5349999999999997],[-76.565,3.53]]]},"properties":{"value":243.3114,"sigma":18.8121}},{"type":"Feature","geometry":{"type":"Polygon","coordinates":[[[-76.55999999999999,3.53],[-76.55499999999999,3.53],[-76.55499999999999,3.5349999999999997],[-76.55999999999999,3.5349999999999997],[-76.55999999999999,3.53]]]},"properties":{"value":243.6907,"sigma":21.0656}},{"type":"Feature","geometry":{"type":"Polygon","coordinates":[[[-76.55499999999999,3.53],[-76.55,3.53],[-76.55,3.5349999999999997],[-76.55499999999999,3.5349999999999997],[-76.55499999999999,3.53]]]},"properties":{"value":241.9425,"sigma":19.2137}},{"type":"Feature","geometry":{"type":"Polygon","coordinates":[[[-76.55,3.53],[-76.545,3.53],[-76.545,3.5349999999999997],[-76.55,3.5349999999999997],[-76.55,3.53]]]},"properties":{"value":244.896,"sigma":20.0893}},{"type":"Feature","geometry":{"type":"Polygon","coordinates":[[[-76.54499999999999,3.53],[-76.53999999999999,3.53],[-76.53999999999999,3.5349999999999997],[-76.54499999999999,3.5349999999999997],[-76.54499999999999,3.53]]]},"properties":{"value":246.1161,"sigma":19.5766}},{"type":"Feature","geometry":{"type":"Polygon","coordinates":[[[-76.53999999999999,3.53],[-76.535,3.53],[-76.535,3.5349999999999997],[-76.53999999999999,3.5349999999999997],[-76.53999999999999,3.53]]]},"properties":{"value":245.8874,"sigma":18.1871}},{"type":"Feature","geometry":{"type":"Polygon","coordinates":[[[-76.535,3.53],[-76.53,3.53],[-76.53,3.5349999999999997],[-76.535,3.5349999999999997],[-76.535,3.53]]]},"properties":{"value":244.3779,"sigma":16.6486}},{"type":"Feature","geometry":{"type":"Polygon","coordinates":[[[-76.52999999999999,3.53],[-76.52499999999999,3.53],[-76.52499999999999,3.5349999999999997],[-76.52999999999999,3.5349999999999997],[-76.52999999999999,3.53]]]},"properties":{"value":245.3215,"sigma":17.7199}},{"type":"Feature","geometry":{"type":"Polygon","coordinates":[[[-76.52499999999999,3.53],[-76.52,3.53],[-76.52,3.5349999999999997],[-76.52499999999999,3.5349999999999997],[-76.52499999999999,3.53]]]},"properties":{"value":245.7474,"sigma":18.2284}},{"type":"Feature","geometry":{"type":"Polygon","coordinates":[[[-76.52,3.53],[-76.515,3.53],[-76.515,3.5349999999999997],[-76.52,3.5349999999999997],[-76.52,3.53]]]},"properties":{"value":244.5164,"sigma":18.8153}},{"type":"Feature","geometry":{"type":"Polygon","coordinates":[[[-76.51499999999999,3.53],[-76.50999999999999,3.53],[-76.50999999999999,3.5349999999999997],[-76.51499999999999,3.5349999999999997],[-76.51499999999999,3.53]]]},"properties":{"value":245.9995,"sigma":17.1923}},{"type":"Feature","geometry":{"type":"Polygon","coordinates":[[[-76.50999999999999,3.53],[-76.505,3.53],[-76.505,3.5349999999999997],[-76.50999999999999,3.5349999999999997],[-76.50999999999999,3.53]]]},"properties":{"value":243.2061,"sigma":16.6174}},{"type":"Feature","geometry":{"type":"Polygon","coordinates":[[[-76.505,3.53],[-76.5,3.53],[-76.5,3.5349999999999997],[-76.505,3.5349999999999997],[-76.505,3.53]]]},"properties":{"value":243.3073,"sigma":16.8054}},{"type":"Feature","geometry":{"type":"Polygon","coordinates":[[[-76.49999999999999,3.53],[-76.49499999999999,3.53],[-76.49499999999999,3.5349999999999997],[-76.49999999999999,3.5349999999999997],[-76.49999999999999,3.53]]]},"properties":{"value":245.6256,"sigma":18.9384}},{"type":"Feature","geometry":{"type":"Polygon","coordinates":[[[-76.49499999999999,3.53],[-76.49,3.53],[-76.49,3.5349999999999997],[-76.49499999999999,3.5349999999999997],[-76.49499999999999,3.53]]]},"properties":{"value":245.2095,"sigma":19.3577}},{"type":"Feature","geometry":{"type":"Polygon","coordinates":[[[-76.49,3.53],[-76.485,3.53],[-76.485,3.5349999999999997],[-76.49,3.5349999999999997],[-76.49,3.53]]]},"properties":{"value":246.3609,"sigma":19.4492}},{"type":"Feature","geometry":{"type":"Polygon","coordinates":[[[-76.48499999999999,3.53],[-76.47999999999999,3.53],[-76.47999999999999,3.5349999999999997],[-76.48499999999999,3.5349999999999997],[-76.48499999999999,3.53]]]},"properties":{"value":245.9463,"sigma":19.0672}},{"type":"Feature","geometry":{"type":"Polygon","coordinates":[[[-76.47999999999999,3.53],[-76.475,3.53],[-76.475,3.5349999999999997],[-76.47999999999999,3.5349999999999997],[-76.47999999999999,3.53]]]},"properties":{"value":246.9697,"sigma":20.0575}},{"type":"Feature","geometry":{"type":"Polygon","coordinates":[[[-76.475,3.53],[-76.47,3.53],[-76.47,3.5349999999999997],[-76.475,3.5349999999999997],[-76.475,3.53]]]},"properties":{"value":246.5134,"sigma":19.5875}},{"type":"Feature","geometry":{"type":"Polygon","coordinates":[[[-76.47,3.53],[-76.465,3.53],[-76.465,3.5349999999999997],[-76.47,3.5349999999999997],[-76.47,3.53]]]},"properties":{"value":248.7759,"sigma":21.7169}},{"type":"Feature","geometry":{"type":"Polygon","coordinates":[[[-76.46499999999999,3.53],[-76.46,3.53],[-76.46,3.5349999999999997],[-76.46499999999999,3.5349999999999997],[-76.46499999999999,3.53]]]},"properties":{"value":253.881,"sigma":21.0636}},{"type":"Feature","geometry":{"type":"Polygon","coordinates":[[[-76.46,3.53],[-76.455,3.53],[-76.455,3.5349999999999997],[-76.46,3.5349999999999997],[-76.46,3.53]]]},"properties":{"value":251.6553,"sigma":22.3327}},{"type":"Feature","geometry":{"type":"Polygon","coordinates":[[[-76.455,3.53],[-76.45,3.53],[-76.45,3.5349999999999997],[-76.455,3.5349999999999997],[-76.455,3.53]]]},"properties":{"value":252.0323,"sigma":24.4258}},{"type":"Feature","geometry":{"type":"Polygon","coordinates":[[[-76.44999999999999,3.53],[-76.445,3.53],[-76.445,3.5349999999999997],[-76.44999999999999,3.5349999999999997],[-76.44999999999999,3.53]]]},"properties":{"value":254.887,"sigma":23.4429}},{"type":"Feature","geometry":{"type":"Polygon","coordinates":[[[-76.445,3.53],[-76.44,3.53],[-76.44,3.5349999999999997],[-76.445,3.5349999999999997],[-76.445,3.53]]]},"properties":{"value":254.209,"sigma":24.6054}},{"type":"Feature","geometry":{"type":"Polygon","coordinates":[[[-76.44,3.53],[-76.435,3.53],[-76.435,3.5349999999999997],[-76.44,3.5349999999999997],[-76.44,3.53]]]},"properties":{"value":250.4284,"sigma":25.8961}},{"type":"Feature","geometry":{"type":"Polygon","coordinates":[[[-76.43499999999999,3.53],[-76.42999999999999,3.53],[-76.42999999999999,3.5349999999999997],[-76.43499999999999,3.5349999999999997],[-76.43499999999999,3.53]]]},"properties":{"value":249.6227,"sigma":27.8597}},{"type":"Feature","geometry":{"type":"Polygon","coordinates":[[[-76.42999999999999,3.53],[-76.425,3.53],[-76.425,3.5349999999999997],[-76.42999999999999,3.5349999999999997],[-76.42999999999999,3.53]]]},"properties":{"value":250.2875,"sigma":26.7492}},{"type":"Feature","geometry":{"type":"Polygon","coordinates":[[[-76.425,3.53],[-76.42,3.53],[-76.42,3.5349999999999997],[-76.425,3.5349999999999997],[-76.425,3.53]]]},"properties":{"value":250.1476,"sigma":27.8831}},{"type":"Feature","geometry":{"type":"Polygon","coordinates":[[[-76.41999999999999,3.53],[-76.41499999999999,3.53],[-76.41499999999999,3.5349999999999997],[-76.41999999999999,3.5349999999999997],[-76.41999999999999,3.53]]]},"properties":{"value":250.7665,"sigma":28.8686}},{"type":"Feature","geometry":{"type":"Polygon","coordinates":[[[-76.41499999999999,3.53],[-76.41,3.53],[-76.41,3.5349999999999997],[-76.41499999999999,3.5349999999999997],[-76.41499999999999,3.53]]]},"properties":{"value":247.9519,"sigma":29.3106}},{"type":"Feature","geometry":{"type":"Polygon","coordinates":[[[-76.41,3.53],[-76.405,3.53],[-76.405,3.5349999999999997],[-76.41,3.5349999999999997],[-76.41,3.53]]]},"properties":{"value":246.8596,"sigma":30.2457}},{"type":"Feature","geometry":{"type":"Polygon","coordinates":[[[-76.40499999999999,3.53],[-76.39999999999999,3.53],[-76.39999999999999,3.5349999999999997],[-76.40499999999999,3.5349999999999997],[-76.40499999999999,3.53]]]},"properties":{"value":245.6679,"sigma":29.3851}},{"type":"Feature","geometry":{"type":"Polygon","coordinates":[[[-76.6,3.5349999999999997],[-76.595,3.5349999999999997],[-76.595,3.5399999999999996],[-76.6,3.5399999999999996],[-76.6,3.5349999999999997]]]},"properties":{"value":243.4951,"sigma":25.5718}},{"type":"Feature","geometry":{"type":"Polygon","coordinates":[[[-76.595,3.5349999999999997],[-76.59,3.5349999999999997],[-76.59,3.5399999999999996],[-76.595,3.5399999999999996],[-76.595,3.5349999999999997]]]},"properties":{"value":242.7602,"sigma":24.4701}},{"type":"Feature","geometry":{"type":"Polygon","coordinates":[[[-76.58999999999999,3.5349999999999997],[-76.585,3.5349999999999997],[-76.585,3.5399999999999996],[-76.58999999999999,3.5399999999999996],[-76.58999999999999,3.5349999999999997]]]},"properties":{"value":245.8345,"sigma":21.9917}},{"type":"Feature","geometry":{"type":"Polygon","coordinates":[[[-76.585,3.5349999999999997],[-76.58,3.5349999999999997],[-76.58,3.5399999999999996],[-76.585,3.5399999999999996],[-76.585,3.5349999999999997]]]},"properties":{"value":245.4866,"sigma":23.2222}},{"type":"Feature","geometry":{"type":"Polygon","coordinates":[[[-76.58,3.5349999999999997],[-76.575,3.5349999999999997],[-76.575,3.5399999999999996],[-76.58,3.5399999999999996],[-76.58,3.5349999999999997]]]},"properties":{"value":244.9416,"sigma":21.6289}},{"type":"Feature","geometry":{"type":"Polygon","coordinates":[[[-76.57499999999999,3.5349999999999997],[-76.57,3.5349999999999997],[-76.57,3.5399999999999996],[-76.57499999999999,3.5399999999999996],[-76.57499999999999,3.5349999999999997]]]},"properties":{"value":246.7895,"sigma":23.6009}},{"type":"Feature","geometry":{"type":"Polygon","coordinates":[[[-76.57,3.5349999999999997],[-76.565,3.5349999999999997],[-76.565,3.5399999999999996],[-76.57,3.5399999999999996],[-76.57,3.5349999999999997]]]},"properties":{"value":246.6289,"sigma":21.7625}},{"type":"Feature","geometry":{"type":"Polygon","coordinates":[[[-76.565,3.5349999999999997],[-76.56,3.5349999999999997],[-76.56,3.5399999999999996],[-76.565,3.5399999999999996],[-76.565,3.5349999999999997]]]},"properties":{"value":243.8405,"sigma":22.2193}},{"type":"Feature","geometry":{"type":"Polygon","coordinates":[[[-76.55999999999999,3.5349999999999997],[-76.55499999999999,3.5349999999999997],[-76.55499999999999,3.5399999999999996],[-76.55999999999999,3.5399999999999996],[-76.55999999999999,3.5349999999999997]]]},"properties":{"value":246.0217,"sigma":20.2217}},{"type":"Feature","geometry":{"type":"Polygon","coordinates":[[[-76.55499999999999,3.5349999999999997],[-76.55,3.5349999999999997],[-76.55,3.5399999999999996],[-76.55499999999999,3.5399999999999996],[-76.55499999999999,3.5349999999999997]]]},"properties":{"value":245.1888,"sigma":20.2257}},{"type":"Feature","geometry":{"type":"Polygon","coordinates":[[[-76.55,3.5349999999999997],[-76.545,3.5349999999999997],[-76.545,3.5399999999999996],[-76.55,3.5399999999999996],[-76.55,3.5349999999999997]]]},"properties":{"value":248.0221,"sigma":20.0126}},{"type":"Feature","geometry":{"type":"Polygon","coordinates":[[[-76.54499999999999,3.5349999999999997],[-76.53999999999999,3.5349999999999997],[-76.53999999999999,3.5399999999999996],[-76.54499999999999,3.5399999999999996],[-76.54499999999999,3.5349999999999997]]]},"properties":{"value":242.5468,"sigma":18.466}},{"type":"Feature","geometry":{"type":"Polygon","coordinates":[[[-76.53999999999999,3.5349999999999997],[-76.535,3.5349999999999997],[-76.535,3.5399999999999996],[-76.53999999999999,3.5399999999999996],[-76.53999999999999,3.5349999999999997]]]},"properties":{"value":246.2561,"sigma":19.1852}},{"type":"Feature","geometry":{"type":"Polygon","coordinates":[[[-76.535,3.5349999999999997],[-76.53,3.5349999999999997],[-76.53,3.5399999999999996],[-76.535,3.5399999999999996],[-76.535,3.5349999999999997]]]},"properties":{"value":245.4929,"sigma":19.9402}},{"type":"Feature","geometry":{"type":"Polygon","coordinates":[[[-76.52999999999999,3.5349999999999997],[-76.52499999999999,3.5349999999999997],[-76.52499999999999,3.5399999999999996],[-76.52999999999999,3.5399999999999996],[-76.52999999999999,3.5349999999999997]]]},"properties":{"value":246.9738,"sigma":18.2197}},{"type":"Feature","geometry":{"type":"Polygon","coordinates":[[[-76.52499999999999,3.5349999999999997],[-76.52,3.5349999999999997],[-76.52,3.5399999999999996],[-76.52499999999999,3.5399999999999996],[-76.52499999999999,3.5349999999999997]]]},"properties":{"value":245.5119,"sigma":18.9728}},{"type":"Feature","geometry":{"type":"Polygon","coordinates":[[[-76.52,3.5349999999999997],[-76.515,3.5349999999999997],[-76.515,3.5399999999999996],[-76.52,3.5399999999999996],[-76.52,3.5349999999999997]]]},"properties":{"value":247.5498,"sigma":18.2233}},{"type":"Feature","geometry":{"type":"Polygon","coordinates":[[[-76.51499999999999,3.5349999999999997],[-76.50999999999999,3.5349999999999997],[-76.50999999999999,3.5399999999999996],[-76.51499999999999,3.5399999999999996],[-76.51499999999999,3.5349999999999997]]]},"properties":{"value":244.8176,"sigma":18.477}},{"type":"Feature","geometry":{"type":"Polygon","coordinates":[[[-76.50999999999999,3.5349999999999997],[-76.505,3.5349999999999997],[-76.505,3.5399999999999996],[-76.50999999999999,3.5399999999999996],[-76.50999999999999,3.5349999999999997]]]},"properties":{"value":244.7671,"sigma":18.309}},{"type":"Feature","geometry":{"type":"Polygon","coordinates":[[[-76.505,3.5349999999999997],[-76.5,3.5349999999999997],[-76.5,3.5399999999999996],[-76.505,3.5399999999999996],[-76.505,3.5349999999999997]]]},"properties":{"value":244.7232,"sigma":18.5806}},{"type":"Feature","geometry":{"type":"Polygon","coordinates":[[[-76.49999999999999,3.5349999999999997],[-76.49499999999999,3.5349999999999997],[-76.49499999999999,3.5399999999999996],[-76.49999999999999,3.5399999999999996],[-76.49999999999999,3.5349999999999997]]]},"properties":{"value":246.5858,"sigma":18.8208}},{"type":"Feature","geometry":{"type":"Polygon","coordinates":[[[-76.49499999999999,3.5349999999999997],[-76.49,3.5349999999999997],[-76.49,3.5399999999999996],[-76.49499999999999,3.5399999999999996],[-76.49499999999999,3.5349999999999997]]]},"properties":{"value":244.1979,"sigma":20.3077}},{"type":"Feature","geometry":{"type":"Polygon","coordinates":[[[-76.49,3.5349999999999997],[-76.485,3.5349999999999997],[-76.485,3.5399999999999996],[-76.49,3.5399999999999996],[-76.49,3.5349999999999997]]]},"properties":{"value":245.4863,"sigma":19.0571}},{"type":"Feature","geometry":{"type":"Polygon","coordinates":[[[-76.48499999999999,3.5349999999999997],[-76.47999999999999,3.5349999999999997],[-76.47999999999999,3.5399999999999996],[-76.48499999999999,3.5399999999999996],[-76.48499999999999,3.5349999999999997]]]},"properties":{"value":246.8156,"sigma":19.4245}},{"type":"Feature","geometry":{"type":"Polygon","coordinates":[[[-76.47999999999999,3.5349999999999997],[-76.475,3.5349999999999997],[-76.475,3.5399999999999996],[-76.47999999999999,3.5399999999999996],[-76.47999999999999,3.5349999999999997]]]},"properties":{"value":246.7838,"sigma":19.556}},{"type":"Feature","geometry":{"type":"Polygon","coordinates":[[[-76.475,3.5349999999999997],[-76.47,3.5349999999999997],[-76.47,3.5399999999999996],[-76.475,3.5399999999999996],[-76.475,3.5349999999999997]]]},"properties":{"value":248.4327,"sigma":20.7199}},{"type":"Feature","geometry":{"type":"Polygon","coordinates":[[[-76.47,3.5349999999999997],[-76.465,3.5349999999999997],[-76.465,3.5399999999999996],[-76.47,3.5399999999999996],[-76.47,3.5349999999999997]]]},"properties":{"value":248.4517,"sigma":21.3064}},{"type":"Feature","geometry":{"type":"Polygon","coordinates":[[[-76.46499999999999,3.5349999999999997],[-76.46,3.5349999999999997],[-76.46,3.5399999999999996],[-76.46499999999999,3.5399999999999996],[-76.46499999999999,3.5349999999999997]]]},"properties":{"value":248.4424,"sigma":23.7712}},{"type":"Feature","geometry":{"type":"Polygon","coordinates":[[[-76.46,3.5349999999999997],[-76.455,3.5349999999999997],[-76.455,3.5399999999999996],[-76.46,3.5399999999999996],[-76.46,3.5349999999999997]]]},"properties":{"value":248.7568,"sigma":22.8177}},{"type":"Feature","geometry":{"type":"Polygon","coordinates":[[[-76.455,3.5349999999999997],[-76.45,3.5349999999999997],[-76.45,3.5399999999999996],[-76.455,3.5399999999999996],[-76.455,3.5349999999999997]]]},"properties":{"value":250.9566,"sigma":23.4632}},{"type":"Feature","geometry":{"type":"Polygon","coordinates":[[[-76.44999999999999,3.5349999999999997],[-76.445,3.5349999999999997],[-76.445,3.5399999999999996],[-76.44999999999999,3.5399999999999996],[-76.44999999999999,3.5349999999999997]]]},"properties":{"value":250.4351,"sigma":23.0432}},{"type":"Feature","geometry":{"type":"Polygon","coordinates":[[[-76.445,3.5349999999999997],[-76.44,3.5349999999999997],[-76.44,3.5399999999999996],[-76.445,3.5399999999999996],[-76.445,3.5349999999999997]]]},"properties":{"value":251.0798,"sigma":24.9826}},{"type":"Feature","geometry":{"type":"Polygon","coordinates":[[[-76.44,3.5349999999999997],[-76.435,3.5349999999999997],[-76.435,3.5399999999999996],[-76.44,3.5399999999999996],[-76.44,3.5349999999999997]]]},"properties":{"value":248.6572,"sigma":25.1267}},{"type":"Feature","geometry":{"type":"Polygon","coordinates":[[[-76.43499999999999,3.5349999999999997],[-76.42999999999999,3.5349999999999997],[-76.42999999999999,3.5399999999999996],[-76.43499999999999,3.5399999999999996],[-76.43499999999999,3.5349999999999997]]]},"properties":{"value":249.5218,"sigma":26.0654}},{"type":"Feature","geometry":{"type":"Polygon","coordinates":[[[-76.42999999999999,3.5349999999999997],[-76.425,3.5349999999999997],[-76.425,3.5399999999999996],[-76.42999999999999,3.5399999999999996],[-76.42999999999999,3.5349999999999997]]]},"properties":{"value":249.4145,"sigma":27.1056}},{"type":"Feature","geometry":{"type":"Polygon","coordinates":[[[-76.425,3.5349999999999997],[-76.42,3.5349999999999997],[-76.42,3.5399999999999996],[-76.425,3.5399999999999996],[-76.425,3.5349999999999997]]]},"properties":{"value":249.1992,"sigma":27.9085}},{"type":"Feature","geometry":{"type":"Polygon","coordinates":[[[-76.41999999999999,3.5349999999999997],[-76.41499999999999,3.5349999999999997],[-76.41499999999999,3.5399999999999996],[-76.41999999999999,3.5399999999999996],[-76.41999999999999,3.5349999999999997]]]},"properties":{"value":246.8172,"sigma":28.9326}},{"type":"Feature","geometry":{"type":"Polygon","coordinates":[[[-76.41499999999999,3.5349999999999997],[-76.41,3.5349999999999997],[-76.41,3.5399999999999996],[-76.41499999999999,3.5399999999999996],[-76.41499999999999,3.5349999999999997]]]},"properties":{"value":246.6817,"sigma":29.6876}},{"type":"Feature","geometry":{"type":"Polygon","coordinates":[[[-76.41,3.5349999999999997],[-76.405,3.5349999999999997],[-76.405,3.5399999999999996],[-76.41,3.5399999999999996],[-76.41,3.5349999999999997]]]},"properties":{"value":246.6637,"sigma":30.5782}},{"type":"Feature","geometry":{"type":"Polygon","coordinates":[[[-76.40499999999999,3.5349999999999997],[-76.39999999999999,3.5349999999999997],[-76.39999999999999,3.5399999999999996],[-76.40499999999999,3.5399999999999996],[-76.40499999999999,3.5349999999999997]]]},"properties":{"value":247.34,"sigma":31.26}},{"type":"Feature","geometry":{"type":"Polygon","coordinates":[[[-76.6,3.54],[-76.595,3.54],[-76.595,3.545],[-76.6,3.545],[-76.6,3.54]]]},"properties":{"value":242.0638,"sigma":26.3201}},{"type":"Feature","geometry":{"type":"Polygon","coordinates":[[[-76.595,3.54],[-76.59,3.54],[-76.59,3.545],[-76.595,3.545],[-76.595,3.54]]]},"properties":{"value":243.3099,"sigma":24.9522}},{"type":"Feature","geometry":{"type":"Polygon","coordinates":[[[-76.58999999999999,3.54],[-76.585,3.54],[-76.585,3.545],[-76.58999999999999,3.545],[-76.58999999999999,3.54]]]},"properties":{"value":243.6059,"sigma":25.4095}},{"type":"Feature","geometry":{"type":"Polygon","coordinates":[[[-76.585,3.54],[-76.58,3.54],[-76.58,3.545],[-76.585,3.545],[-76.585,3.54]]]},"properties":{"value":246.6277,"sigma":24.4234}},{"type":"Feature","geometry":{"type":"Polygon","coordinates":[[[-76.58,3.54],[-76.575,3.54],[-76.575,3.545],[-76.58,3.545],[-76.58,3.54]]]},"properties":{"value":245.0702,"sigma":23.015}},{"type":"Feature","geometry":{"type":"Polygon","coordinates":[[[-76.57499999999999,3.54],[-76.57,3.54],[-76.57,3.545],[-76.57499999999999,3.545],[-76.57499999999999,3.54]]]},"properties":{"value":244.9449,"sigma":21.6273}},{"type":"Feature","geometry":{"type":"Polygon","coordinates":[[[-76.57,3.54],[-76.565,3.54],[-76.565,3.545],[-76.57,3.545],[-76.57,3.54]]]},"properties":{"value":244.8914,"sigma":21.9605}},{"type":"Feature","geometry":{"type":"Polygon","coordinates":[[[-76.565,3.54],[-76.56,3.54],[-76.56,3.545],[-76.565,3.545],[-76.565,3.54]]]},"properties":{"value":245.8809,"sigma":21.0396}},{"type":"Feature","geometry":{"type":"Polygon","coordinates":[[[-76.55999999999999,3.54],[-76.55499999999999,3.54],[-76.55499999999999,3.545],[-76.55999999999999,3.545],[-76.55999999999999,3.54]]]},"properties":{"value":244.6391,"sigma":19.8048}},{"type":"Feature","geometry":{"type":"Polygon","coordinates":[[[-76.55499999999999,3.54],[-76.55,3.54],[-76.55,3.545],[-76.55499999999999,3.545],[-76.55499999999999,3.54]]]},"properties":{"value":244.8713,"sigma":21.1118}},{"type":"Feature","geometry":{"type":"Polygon","coordinates":[[[-76.55,3.54],[-76.545,3.54],[-76.545,3.545],[-76.55,3.545],[-76.55,3.54]]]},"properties":{"value":245.2969,"sigma":18.9633}},{"type":"Feature","geometry":{"type":"Polygon","coordinates":[[[-76.54499999999999,3.54],[-76.53999999999999,3.54],[-76.53999999999999,3.545],[-76.54499999999999,3.545],[-76.54499999999999,3.54]]]},"properties":{"value":245.8723,"sigma":19.8954}},{"type":"Feature","geometry":{"type":"Polygon","coordinates":[[[-76.53999999999999,3.54],[-76.535,3.54],[-76.535,3.545],[-76.53999999999999,3.545],[-76.53999999999999,3.54]]]},"properties":{"value":243.7511,"sigma":19.3218}},{"type":"Feature","geometry":{"type":"Polygon","coordinates":[[[-76.535,3.54],[-76.53,3.54],[-76.53,3.545],[-76.535,3.545],[-76.535,3.54]]]},"properties":{"value":245.4754,"sigma":20.3105}},{"type":"Feature","geometry":{"type":"Polygon","coordinates":[[[-76.52999999999999,3.54],[-76.52499999999999,3.54],[-76.52499999999999,3.545],[-76.52999999999999,3.545],[-76.52999999999999,3.54]]]},"properties":{"value":244.1187,"sigma":19.2659}},{"type":"Feature","geometry":{"type":"Polygon","coordinates":[[[-76.52499999999999,3.54],[-76.52,3.54],[-76.52,3.545],[-76.52499999999999,3.545],[-76.52499999999999,3.54]]]},"properties":{"value":245.317,"sigma":18.0571}},{"type":"Feature","geometry":{"type":"Polygon","coordinates":[[[-76.52,3.54],[-76.515,3.54],[-76.515,3.545],[-76.52,3.545],[-76.52,3.54]]]},"properties":{"value":240.5346,"sigma":19.5491}},{"type":"Feature","geometry":{"type":"Polygon","coordinates":[[[-76.51499999999999,3.54],[-76.50999999999999,3.54],[-76.50999999999999,3.545],[-76.51499999999999,3.545],[-76.51499999999999,3.54]]]},"properties":{"value":244.7209,"sigma":17.8101}},{"type":"Feature","geometry":{"type":"Polygon","coordinates":[[[-76.50999999999999,3.54],[-76.505,3.54],[-76.505,3.545],[-76.50999999999999,3.545],[-76.50999999999999,3.54]]]},"properties":{"value":244.2268,"sigma":19.965}},{"type":"Feature","geometry":{"type":"Polygon","coordinates":[[[-76.505,3.54],[-76.5,3.54],[-76.5,3.545],[-76.505,3.545],[-76.505,3.54]]]},"properties":{"value":244.7986,"sigma":19.8149}},{"type":"Feature","geometry":{"type":"Polygon","coordinates":[[[-76.49999999999999,3.54],[-76.49499999999999,3.54],[-76.49499999999999,3.545],[-76.49999999999999,3.545],[-76.49999999999999,3.54]]]},"properties":{"value":245.5011,"sigma":20.871}},{"type":"Feature","geometry":{"type":"Polygon","coordinates":[[[-76.49499999999999,3.54],[-76.49,3.54],[-76.49,3.545],[-76.49499999999999,3.545],[-76.49499999999999,3.54]]]},"properties":{"value":247.9671,"sigma":19.7522}},{"type":"Feature","geometry":{"type":"Polygon","coordinates":[[[-76.49,3.54],[-76.485,3.54],[-76.485,3.545],[-76.49,3.545],[-76.49,3.54]]]},"properties":{"value":245.7102,"sigma":20.6023}},{"type":"Feature","geometry":{"type":"Polygon","coordinates":[[[-76.48499999999999,3.54],[-76.47999999999999,3.54],[-76.47999999999999,3.545],[-76.48499999999999,3.545],[-76.48499999999999,3.54]]]},"properties":{"value":245.5724,"sigma":21.2947}},{"type":"Feature","geometry":{"type":"Polygon","coordinates":[[[-76.47999999999999,3.54],[-76.475,3.54],[-76.475,3.545],[-76.47999999999999,3.545],[-76.47999999999999,3.54]]]},"properties":{"value":245.5954,"sigma":22.0002}},{"type":"Feature","geometry":{"type":"Polygon","coordinates":[[[-76.475,3.54],[-76.47,3.54],[-76.47,3.545],[-76.475,3.545],[-76.475,3.54]]]},"properties":{"value":247.0716,"sigma":21.8987}},{"type":"Feature","geometry":{"type":"Polygon","coordinates":[[[-76.47,3.54],[-76.465,3.54],[-76.465,3.545],[-76.47,3.545],[-76.47,3.54]]]},"properties":{"value":246.5326,"sigma":22.1071}},{"type":"Feature","geometry":{"type":"Polygon","coordinates":[[[-76.46499999999999,3.54],[-76.46,3.54],[-76.46,3.545],[-76.46499999999999,3.545],[-76.46499999999999,3.54]]]},"properties":{"value":247.8767,"sigma":21.0296}},{"type":"Feature","geometry":{"type":"Polygon","coordinates":[[[-76.46,3.54],[-76.455,3.54],[-76.455,3.545],[-76.46,3.545],[-76.46,3.54]]]},"properties":{"value":245.952,"sigma":23.9494}},{"type":"Feature","geometry":{"type":"Polygon","coordinates":[[[-76.455,3.54],[-76.45,3.54],[-76.45,3.545],[-76.455,3.545],[-76.455,3.54]]]},"properties":{"value":249.7952,"sigma":23.5316}},{"type":"Feature","geometry":{"type":"Polygon","coordinates":[[[-76.44999999999999,3.54],[-76.445,3.54],[-76.445,3.545],[-76.44999999999999,3.545],[-76.44999999999999,3.54]]]},"properties":{"value":248.1531,"sigma":24.5371}},{"type":"Feature","geometry":{"type":"Polygon","coordinates":[[[-76.445,3.54],[-76.44,3.54],[-76.44,3.545],[-76.445,3.545],[-76.445,3.54]]]},"properties":{"value":251.4787,"sigma":24.3665}},{"type":"Feature","geometry":{"type":"Polygon","coordinates":[[[-76.44,3.54],[-76.435,3.54],[-76.435,3.545],[-76.44,3.545],[-76.44,3.54]]]},"properties":{"value":249.4828,"sigma":25.8383}},{"type":"Feature","geometry":{"type":"Polygon","coordinates":[[[-76.43499999999999,3.54],[-76.42999999999999,3.54],[-76.42999999999999,3.545],[-76.43499999999999,3.545],[-76.43499999999999,3.54]]]},"properties":{"value":249.8969,"sigma":26.1013}},{"type":"Feature","geometry":{"type":"Polygon","coordinates":[[[-76.42999999999999,3.54],[-76.425,3.54],[-76.425,3.545],[-76.42999999999999,3.545],[-76.42999999999999,3.54]]]},"properties":{"value":246.5839,"sigma":28.2033}},{"type":"Feature","geometry":{"type":"Polygon","coordinates":[[[-76.425,3.54],[-76.42,3.54],[-76.42,3.545],[-76.425,3.545],[-76.425,3.54]]]},"properties":{"value":248.2661,"sigma":29.615}},{"type":"Feature","geometry":{"type":"Polygon","coordinates":[[[-76.41999999999999,3.54],[-76.41499999999999,3.54],[-76.41499999999999,3.545],[-76.41999999999999,3.545],[-76.41999999999999,3.54]]]},"properties":{"value":248.626,"sigma":28.8166}},{"type":"Feature","geometry":{"type":"Polygon","coordinates":[[[-76.41499999999999,3.54],[-76.41,3.54],[-76.41,3.545],[-76.41499999999999,3.545],[-76.41499999999999,3.54]]]},"properties":{"value":245.7388,"sigma":30.1231}},{"type":"Feature","geometry":{"type":"Polygon","coordinates":[[[-76.41,3.54],[-76.405,3.54],[-76.405,3.545],[-76.41,3.545],[-76.41,3.54]]]},"properties":{"value":243.9013,"sigma":32.2041}},{"type":"Feature","geometry":{"type":"Polygon","coordinates":[[[-76.40499999999999,3.54],[-76.39999999999999,3.54],[-76.39999999999999,3.545],[-76.40499999999999,3.545],[-76.40499999999999,3.54]]]},"properties":{"value":246.5033,"sigma":32.8121}},{"type":"Feature","geometry":{"type":"Polygon","coordinates":[[[-76.6,3.545],[-76.595,3.545],[-76.595,3.55],[-76.6,3.55],[-76.6,3.545]]]},"properties":{"value":244.3054,"sigma":25.656}},{"type":"Feature","geometry":{"type":"Polygon","coordinates":[[[-76.595,3.545],[-76.59,3.545],[-76.59,3.55],[-76.595,3.55],[-76.595,3.545]]]},"properties":{"value":244.7989,"sigma":25.8559}},{"type":"Feature","geometry":{"type":"Polygon","coordinates":[[[-76.58999999999999,3.545],[-76.585,3.545],[-76.585,3.55],[-76.58999999999999,3.55],[-76.58999999999999,3.545]]]},"properties":{"value":242.8307,"sigma":25.1337}},{"type":"Feature","geometry":{"type":"Polygon","coordinates":[[[-76.585,3.545],[-76.58,3.545],[-76.58,3.55],[-76.585,3.55],[-76.585,3.545]]]},"properties":{"value":244.2218,"sigma":24.9685}},{"type":"Feature","geometry":{"type":"Polygon","coordinates":[[[-76.58,3.545],[-76.575,3.545],[-76.575,3.55],[-76.58,3.55],[-76.58,3.545]]]},"properties":{"value":246.8465,"sigma":23.2071}},{"type":"Feature","geometry":{"type":"Polygon","coordinates":[[[-76.57499999999999,3.545],[-76.57,3.545],[-76.57,3.55],[-76.57499999999999,3.55],[-76.57499999999999,3.545]]]},"properties":{"value":244.4537,"sigma":22.6227}},{"type":"Feature","geometry":{"type":"Polygon","coordinates":[[[-76.57,3.545],[-76.565,3.545],[-76.565,3.55],[-76.57,3.55],[-76.57,3.545]]]},"properties":{"value":245.711,"sigma":23.0366}},{"type":"Feature","geometry":{"type":"Polygon","coordinates":[[[-76.565,3.545],[-76.56,3.545],[-76.56,3.55],[-76.565,3.55],[-76.565,3.545]]]},"properties":{"value":244.2508,"sigma":20.8656}},{"type":"Feature","geometry":{"type":"Polygon","coordinates":[[[-76.55999999999999,3.545],[-76.55499999999999,3.545],[-76.55499999999999,3.55],[-76.55999999999999,3.55],[-76.55999999999999,3.545]]]},"properties":{"value":244.2485,"sigma":20.8238}},{"type":"Feature","geometry":{"type":"Polygon","coordinates":[[[-76.55499999999999,3.545],[-76.55,3.545],[-76.55,3.55],[-76.55499999999999,3.55],[-76.55499999999999,3.545]]]},"properties":{"value":243.8556,"sigma":21.2595}},{"type":"Feature","geometry":{"type":"Polygon","coordinates":[[[-76.55,3.545],[-76.545,3.545],[-76.545,3.55],[-76.55,3.55],[-76.55,3.545]]]},"properties":{"value":244.8026,"sigma":20.9338}},{"type":"Feature","geometry":{"type":"Polygon","coordinates":[[[-76.54499999999999,3.545],[-76.53999999999999,3.545],[-76.53999999999999,3.55],[-76.54499999999999,3.55],[-76.54499999999999,3.545]]]},"properties":{"value":245.165,"sigma":20.5742}},{"type":"Feature","geometry":{"type":"Polygon","coordinates":[[[-76.53999999999999,3.545],[-76.535,3.545],[-76.535,3.55],[-76.53999999999999,3.55],[-76.53999999999999,3.545]]]},"properties":{"value":242.885,"sigma":20.3281}},{"type":"Feature","geometry":{"type":"Polygon","coordinates":[[[-76.535,3.545],[-76.53,3.545],[-76.53,3.55],[-76.535,3.55],[-76.535,3.545]]]},"properties":{"value":244.6134,"sigma":20.3513}},{"type":"Feature","geometry":{"type":"Polygon","coordinates":[[[-76.52999999999999,3.545],[-76.52499999999999,3.545],[-76.52499999999999,3.55],[-76.52999999999999,3.55],[-76.52999999999999,3.545]]]},"properties":{"value":243.5922,"sigma":20.4458}},{"type":"Feature","geometry":{"type":"Polygon","coordinates":[[[-76.52499999999999,3.545],[-76.52,3.545],[-76.52,3.55],[-76.52499999999999,3.55],[-76.52499999999999,3.545]]]},"properties":{"value":246.3394,"sigma":19.7675}},{"type":"Feature","geometry":{"type":"Polygon","coordinates":[[[-76.52,3.545],[-76.515,3.545],[-76.515,3.55],[-76.52,3.55],[-76.52,3.545]]]},"properties":{"value":243.9853,"sigma":19.9907}},{"type":"Feature","geometry":{"type":"Polygon","coordinates":[[[-76.51499999999999,3.545],[-76.50999999999999,3.545],[-76.50999999999999,3.55],[-76.51499999999999,3.55],[-76.51499999999999,3.545]]]},"properties":{"value":246.4609,"sigma":20.0742}},{"type":"Feature","geometry":{"type":"Polygon","coordinates":[[[-76.50999999999999,3.545],[-76.505,3.545],[-76.505,3.55],[-76.50999999999999,3.55],[-76.50999999999999,3.545]]]},"properties":{"value":245.3563,"sigma":20.0855}},{"type":"Feature","geometry":{"type":"Polygon","coordinates":[[[-76.505,3.545],[-76.5,3.545],[-76.5,3.55],[-76.505,3.55],[-76.505,3.545]]]},"properties":{"value":243.2582,"sigma":20.4455}},{"type":"Feature","geometry":{"type":"Polygon","coordinates":[[[-76.49999999999999,3.545],[-76.49499999999999,3.545],[-76.49499999999999,3.55],[-76.49999999999999,3.55],[-76.49999999999999,3.545]]]},"properties":{"value":243.8144,"sigma":19.8909}},{"type":"Feature","geometry":{"type":"Polygon","coordinates":[[[-76.49499999999999,3.545],[-76.49,3.545],[-76.49,3.55],[-76.49499999999999,3.55],[-76.49499999999999,3.545]]]},"properties":{"value":246.0352,"sigma":21.5347}},{"type":"Feature","geometry":{"type":"Polygon","coordinates":[[[-76.49,3.545],[-76.485,3.545],[-76.485,3.55],[-76.49,3.55],[-76.49,3.545]]]},"properties":{"value":245.6864,"sigma":20.9136}},{"type":"Feature","geometry":{"type":"Polygon","coordinates":[[[-76.48499999999999,3.545],[-76.47999999999999,3.545],[-76.47999999999999,3.55],[-76.48499999999999,3.55],[-76.48499999999999,3.545]]]},"properties":{"value":245.7569,"sigma":20.8318}},{"type":"Feature","geometry":{"type":"Polygon","coordinates":[[[-76.47999999999999,3.545],[-76.475,3.545],[-76.475,3.55],[-76.47999999999999,3.55],[-76.47999999999999,3.545]]]},"properties":{"value":244.4371,"sigma":21.7786}},{"type":"Feature","geometry":{"type":"Polygon","coordinates":[[[-76.475,3.545],[-76.47,3.545],[-76.47,3.55],[-76.475,3.55],[-76.475,3.545]]]},"properties":{"value":246.3074,"sigma":22.2565}},{"type":"Feature","geometry":{"type":"Polygon","coordinates":[[[-76.47,3.545],[-76.465,3.545],[-76.465,3.55],[-76.47,3.55],[-76.47,3.545]]]},"properties":{"value":246.0738,"sigma":22.4929}},{"type":"Feature","geometry":{"type":"Polygon","coordinates":[[[-76.46499999999999,3.545],[-76.46,3.545],[-76.46,3.55],[-76.46499999999999,3.55],[-76.46499999999999,3.545]]]},"properties":{"value":247.083,"sigma":23.701}},{"type":"Feature","geometry":{"type":"Polygon","coordinates":[[[-76.46,3.545],[-76.455,3.545],[-76.455,3.55],[-76.46,3.55],[-76.46,3.545]]]},"properties":{"value":247.4761,"sigma":22.7276}},{"type":"Feature","geometry":{"type":"Polygon","coordinates":[[[-76.455,3.545],[-76.45,3.545],[-76.45,3.55],[-76.455,3.55],[-76.455,3.545]]]},"properties":{"value":248.2775,"sigma":23.7291}},{"type":"Feature","geometry":{"type":"Polygon","coordinates":[[[-76.44999999999999,3.545],[-76.445,3.545],[-76.445,3.55],[-76.44999999999999,3.55],[-76.44999999999999,3.545]]]},"properties":{"value":246.3334,"sigma":25.0113}},{"type":"Feature","geometry":{"type":"Polygon","coordinates":[[[-76.445,3.545],[-76.44,3.545],[-76.44,3.55],[-76.445,3.55],[-76.445,3.545]]]},"properties":{"value":247.7721,"sigma":26.2969}},{"type":"Feature","geometry":{"type":"Polygon","coordinates":[[[-76.44,3.545],[-76.435,3.545],[-76.435,3.55],[-76.44,3.55],[-76.44,3.545]]]},"properties":{"value":245.2651,"sigma":26.3093}},{"type":"Feature","geometry":{"type":"Polygon","coordinates":[[[-76.43499999999999,3.545],[-76.42999999999999,3.545],[-76.42999999999999,3.55],[-76.43499999999999,3.55],[-76.43499999999999,3.545]]]},"properties":{"value":247.548,"sigma":26.4569}},{"type":"Feature","geometry":{"type":"Polygon","coordinates":[[[-76.42999999999999,3.545],[-76.425,3.545],[-76.425,3.55],[-76.42999999999999,3.55],[-76.42999999999999,3.545]]]},"properties":{"value":245.2073,"sigma":27.8187}},{"type":"Feature","geometry":{"type":"Polygon","coordinates":[[[-76.425,3.545],[-76.42,3.545],[-76.42,3.55],[-76.425,3.55],[-76.425,3.545]]]},"properties":{"value":247.3575,"sigma":29.7179}},{"type":"Feature","geometry":{"type":"Polygon","coordinates":[[[-76.41999999999999,3.545],[-76.41499999999999,3.545],[-76.41499999999999,3.55],[-76.41999999999999,3.55],[-76.41999999999999,3.545]]]},"properties":{"value":247.701,"sigma":30.9067}},{"type":"Feature","geometry":{"type":"Polygon","coordinates":[[[-76.41499999999999,3.545],[-76.41,3.545],[-76.41,3.55],[-76.41499999999999,3.55],[-76.41499999999999,3.545]]]},"properties":{"value":247.08,"sigma":31.7849}},{"type":"Feature","geometry":{"type":"Polygon","coordinates":[[[-76.41,3.545],[-76.405,3.545],[-76.405,3.55],[-76.41,3.55],[-76.41,3.545]]]},"properties":{"value":248.1844,"sigma":31.4574}},{"type":"Feature","geometry":{"type":"Polygon","coordinates":[[[-76.40499999999999,3.545],[-76.39999999999999,3.545],[-76.39999999999999,3.55],[-76.40499999999999,3.55],[-76.40499999999999,3.545]]]},"properties":{"value":245.2757,"sigma":32.152}}],"properties":{"pollutant":"O3","horizon":"T+7","modelVersion":"mvp-0.1-mock","generatedAt":"2026-05-23T16:09:29.470879+00:00","cellDeg":0.005,"valueMin":240.5293,"valueMax":275.8568,"sigmaMin":9.4054,"sigmaMax":32.8121}}