{"type":"FeatureCollection","features":[{"type":"Feature","geometry":{"type":"Polygon","coordinates":[[[-76.6,3.3],[-76.595,3.3],[-76.595,3.3049999999999997],[-76.6,3.3049999999999997],[-76.6,3.3]]]},"properties":{"value":65.6707,"sigma":14.5944}},{"type":"Feature","geometry":{"type":"Polygon","coordinates":[[[-76.595,3.3],[-76.59,3.3],[-76.59,3.3049999999999997],[-76.595,3.3049999999999997],[-76.595,3.3]]]},"properties":{"value":66.8842,"sigma":13.0359}},{"type":"Feature","geometry":{"type":"Polygon","coordinates":[[[-76.58999999999999,3.3],[-76.585,3.3],[-76.585,3.3049999999999997],[-76.58999999999999,3.3049999999999997],[-76.58999999999999,3.3]]]},"properties":{"value":64.5049,"sigma":13.0767}},{"type":"Feature","geometry":{"type":"Polygon","coordinates":[[[-76.585,3.3],[-76.58,3.3],[-76.58,3.3049999999999997],[-76.585,3.3049999999999997],[-76.585,3.3]]]},"properties":{"value":66.431,"sigma":13.236}},{"type":"Feature","geometry":{"type":"Polygon","coordinates":[[[-76.58,3.3],[-76.575,3.3],[-76.575,3.3049999999999997],[-76.58,3.3049999999999997],[-76.58,3.3]]]},"properties":{"value":63.2777,"sigma":12.9134}},{"type":"Feature","geometry":{"type":"Polygon","coordinates":[[[-76.57499999999999,3.3],[-76.57,3.3],[-76.57,3.3049999999999997],[-76.57499999999999,3.3049999999999997],[-76.57499999999999,3.3]]]},"properties":{"value":66.3767,"sigma":12.217}},{"type":"Feature","geometry":{"type":"Polygon","coordinates":[[[-76.57,3.3],[-76.565,3.3],[-76.565,3.3049999999999997],[-76.57,3.3049999999999997],[-76.57,3.3]]]},"properties":{"value":66.6886,"sigma":13.0471}},{"type":"Feature","geometry":{"type":"Polygon","coordinates":[[[-76.565,3.3],[-76.56,3.3],[-76.56,3.3049999999999997],[-76.565,3.3049999999999997],[-76.565,3.3]]]},"properties":{"value":63.2324,"sigma":12.0926}},{"type":"Feature","geometry":{"type":"Polygon","coordinates":[[[-76.55999999999999,3.3],[-76.55499999999999,3.3],[-76.55499999999999,3.3049999999999997],[-76.55999999999999,3.3049999999999997],[-76.55999999999999,3.3]]]},"properties":{"value":63.8993,"sigma":11.6466}},{"type":"Feature","geometry":{"type":"Polygon","coordinates":[[[-76.55499999999999,3.3],[-76.55,3.3],[-76.55,3.3049999999999997],[-76.55499999999999,3.3049999999999997],[-76.55499999999999,3.3]]]},"properties":{"value":64.4324,"sigma":11.8281}},{"type":"Feature","geometry":{"type":"Polygon","coordinates":[[[-76.55,3.3],[-76.545,3.3],[-76.545,3.3049999999999997],[-76.55,3.3049999999999997],[-76.55,3.3]]]},"properties":{"value":61.2481,"sigma":11.2919}},{"type":"Feature","geometry":{"type":"Polygon","coordinates":[[[-76.54499999999999,3.3],[-76.53999999999999,3.3],[-76.53999999999999,3.3049999999999997],[-76.54499999999999,3.3049999999999997],[-76.54499999999999,3.3]]]},"properties":{"value":65.49,"sigma":11.4691}},{"type":"Feature","geometry":{"type":"Polygon","coordinates":[[[-76.53999999999999,3.3],[-76.535,3.3],[-76.535,3.3049999999999997],[-76.53999999999999,3.3049999999999997],[-76.53999999999999,3.3]]]},"properties":{"value":64.1922,"sigma":11.3559}},{"type":"Feature","geometry":{"type":"Polygon","coordinates":[[[-76.535,3.3],[-76.53,3.3],[-76.53,3.3049999999999997],[-76.535,3.3049999999999997],[-76.535,3.3]]]},"properties":{"value":64.4966,"sigma":10.9422}},{"type":"Feature","geometry":{"type":"Polygon","coordinates":[[[-76.52999999999999,3.3],[-76.52499999999999,3.3],[-76.52499999999999,3.3049999999999997],[-76.52999999999999,3.3049999999999997],[-76.52999999999999,3.3]]]},"properties":{"value":64.3846,"sigma":10.87}},{"type":"Feature","geometry":{"type":"Polygon","coordinates":[[[-76.52499999999999,3.3],[-76.52,3.3],[-76.52,3.3049999999999997],[-76.52499999999999,3.3049999999999997],[-76.52499999999999,3.3]]]},"properties":{"value":61.0826,"sigma":11.4219}},{"type":"Feature","geometry":{"type":"Polygon","coordinates":[[[-76.52,3.3],[-76.515,3.3],[-76.515,3.3049999999999997],[-76.52,3.3049999999999997],[-76.52,3.3]]]},"properties":{"value":63.0869,"sigma":11.9077}},{"type":"Feature","geometry":{"type":"Polygon","coordinates":[[[-76.51499999999999,3.3],[-76.50999999999999,3.3],[-76.50999999999999,3.3049999999999997],[-76.51499999999999,3.3049999999999997],[-76.51499999999999,3.3]]]},"properties":{"value":62.7171,"sigma":11.6183}},{"type":"Feature","geometry":{"type":"Polygon","coordinates":[[[-76.50999999999999,3.3],[-76.505,3.3],[-76.505,3.3049999999999997],[-76.50999999999999,3.3049999999999997],[-76.50999999999999,3.3]]]},"properties":{"value":67.0216,"sigma":12.1036}},{"type":"Feature","geometry":{"type":"Polygon","coordinates":[[[-76.505,3.3],[-76.5,3.3],[-76.5,3.3049999999999997],[-76.505,3.3049999999999997],[-76.505,3.3]]]},"properties":{"value":64.7244,"sigma":12.4039}},{"type":"Feature","geometry":{"type":"Polygon","coordinates":[[[-76.49999999999999,3.3],[-76.49499999999999,3.3],[-76.49499999999999,3.3049999999999997],[-76.49999999999999,3.3049999999999997],[-76.49999999999999,3.3]]]},"properties":{"value":63.065,"sigma":12.224}},{"type":"Feature","geometry":{"type":"Polygon","coordinates":[[[-76.49499999999999,3.3],[-76.49,3.3],[-76.49,3.3049999999999997],[-76.49499999999999,3.3049999999999997],[-76.49499999999999,3.3]]]},"properties":{"value":65.8705,"sigma":12.4207}},{"type":"Feature","geometry":{"type":"Polygon","coordinates":[[[-76.49,3.3],[-76.485,3.3],[-76.485,3.3049999999999997],[-76.49,3.3049999999999997],[-76.49,3.3]]]},"properties":{"value":62.9708,"sigma":12.8591}},{"type":"Feature","geometry":{"type":"Polygon","coordinates":[[[-76.48499999999999,3.3],[-76.47999999999999,3.3],[-76.47999999999999,3.3049999999999997],[-76.48499999999999,3.3049999999999997],[-76.48499999999999,3.3]]]},"properties":{"value":64.5156,"sigma":13.2411}},{"type":"Feature","geometry":{"type":"Polygon","coordinates":[[[-76.47999999999999,3.3],[-76.475,3.3],[-76.475,3.3049999999999997],[-76.47999999999999,3.3049999999999997],[-76.47999999999999,3.3]]]},"properties":{"value":64.0432,"sigma":13.4184}},{"type":"Feature","geometry":{"type":"Polygon","coordinates":[[[-76.475,3.3],[-76.47,3.3],[-76.47,3.3049999999999997],[-76.475,3.3049999999999997],[-76.475,3.3]]]},"properties":{"value":61.7869,"sigma":13.5704}},{"type":"Feature","geometry":{"type":"Polygon","coordinates":[[[-76.47,3.3],[-76.465,3.3],[-76.465,3.3049999999999997],[-76.47,3.3049999999999997],[-76.47,3.3]]]},"properties":{"value":61.2743,"sigma":14.2341}},{"type":"Feature","geometry":{"type":"Polygon","coordinates":[[[-76.46499999999999,3.3],[-76.46,3.3],[-76.46,3.3049999999999997],[-76.46499999999999,3.3049999999999997],[-76.46499999999999,3.3]]]},"properties":{"value":63.9303,"sigma":14.9324}},{"type":"Feature","geometry":{"type":"Polygon","coordinates":[[[-76.46,3.3],[-76.455,3.3],[-76.455,3.3049999999999997],[-76.46,3.3049999999999997],[-76.46,3.3]]]},"properties":{"value":64.9694,"sigma":14.9239}},{"type":"Feature","geometry":{"type":"Polygon","coordinates":[[[-76.455,3.3],[-76.45,3.3],[-76.45,3.3049999999999997],[-76.455,3.3049999999999997],[-76.455,3.3]]]},"properties":{"value":66.4519,"sigma":14.7616}},{"type":"Feature","geometry":{"type":"Polygon","coordinates":[[[-76.44999999999999,3.3],[-76.445,3.3],[-76.445,3.3049999999999997],[-76.44999999999999,3.3049999999999997],[-76.44999999999999,3.3]]]},"properties":{"value":62.6815,"sigma":14.8978}},{"type":"Feature","geometry":{"type":"Polygon","coordinates":[[[-76.445,3.3],[-76.44,3.3],[-76.44,3.3049999999999997],[-76.445,3.3049999999999997],[-76.445,3.3]]]},"properties":{"value":63.9697,"sigma":15.1947}},{"type":"Feature","geometry":{"type":"Polygon","coordinates":[[[-76.44,3.3],[-76.435,3.3],[-76.435,3.3049999999999997],[-76.44,3.3049999999999997],[-76.44,3.3]]]},"properties":{"value":64.9735,"sigma":15.3394}},{"type":"Feature","geometry":{"type":"Polygon","coordinates":[[[-76.43499999999999,3.3],[-76.42999999999999,3.3],[-76.42999999999999,3.3049999999999997],[-76.43499999999999,3.3049999999999997],[-76.43499999999999,3.3]]]},"properties":{"value":64.3881,"sigma":15.8713}},{"type":"Feature","geometry":{"type":"Polygon","coordinates":[[[-76.42999999999999,3.3],[-76.425,3.3],[-76.425,3.3049999999999997],[-76.42999999999999,3.3049999999999997],[-76.42999999999999,3.3]]]},"properties":{"value":63.4723,"sigma":16.2815}},{"type":"Feature","geometry":{"type":"Polygon","coordinates":[[[-76.425,3.3],[-76.42,3.3],[-76.42,3.3049999999999997],[-76.425,3.3049999999999997],[-76.425,3.3]]]},"properties":{"value":67.0796,"sigma":17.1861}},{"type":"Feature","geometry":{"type":"Polygon","coordinates":[[[-76.41999999999999,3.3],[-76.41499999999999,3.3],[-76.41499999999999,3.3049999999999997],[-76.41999999999999,3.3049999999999997],[-76.41999999999999,3.3]]]},"properties":{"value":65.8019,"sigma":16.9924}},{"type":"Feature","geometry":{"type":"Polygon","coordinates":[[[-76.41499999999999,3.3],[-76.41,3.3],[-76.41,3.3049999999999997],[-76.41499999999999,3.3049999999999997],[-76.41499999999999,3.3]]]},"properties":{"value":67.882,"sigma":17.0624}},{"type":"Feature","geometry":{"type":"Polygon","coordinates":[[[-76.41,3.3],[-76.405,3.3],[-76.405,3.3049999999999997],[-76.41,3.3049999999999997],[-76.41,3.3]]]},"properties":{"value":66.9642,"sigma":17.2895}},{"type":"Feature","geometry":{"type":"Polygon","coordinates":[[[-76.40499999999999,3.3],[-76.39999999999999,3.3],[-76.39999999999999,3.3049999999999997],[-76.40499999999999,3.3049999999999997],[-76.40499999999999,3.3]]]},"properties":{"value":66.9909,"sigma":18.5856}},{"type":"Feature","geometry":{"type":"Polygon","coordinates":[[[-76.6,3.3049999999999997],[-76.595,3.3049999999999997],[-76.595,3.3099999999999996],[-76.6,3.3099999999999996],[-76.6,3.3049999999999997]]]},"properties":{"value":65.7731,"sigma":12.7211}},{"type":"Feature","geometry":{"type":"Polygon","coordinates":[[[-76.595,3.3049999999999997],[-76.59,3.3049999999999997],[-76.59,3.3099999999999996],[-76.595,3.3099999999999996],[-76.595,3.3049999999999997]]]},"properties":{"value":61.3445,"sigma":13.3161}},{"type":"Feature","geometry":{"type":"Polygon","coordinates":[[[-76.58999999999999,3.3049999999999997],[-76.585,3.3049999999999997],[-76.585,3.3099999999999996],[-76.58999999999999,3.3099999999999996],[-76.58999999999999,3.3049999999999997]]]},"properties":{"value":66.416,"sigma":12.8403}},{"type":"Feature","geometry":{"type":"Polygon","coordinates":[[[-76.585,3.3049999999999997],[-76.58,3.3049999999999997],[-76.58,3.3099999999999996],[-76.585,3.3099999999999996],[-76.585,3.3049999999999997]]]},"properties":{"value":66.8005,"sigma":12.6972}},{"type":"Feature","geometry":{"type":"Polygon","coordinates":[[[-76.58,3.3049999999999997],[-76.575,3.3049999999999997],[-76.575,3.3099999999999996],[-76.58,3.3099999999999996],[-76.58,3.3049999999999997]]]},"properties":{"value":65.1693,"sigma":12.0412}},{"type":"Feature","geometry":{"type":"Polygon","coordinates":[[[-76.57499999999999,3.3049999999999997],[-76.57,3.3049999999999997],[-76.57,3.3099999999999996],[-76.57499999999999,3.3099999999999996],[-76.57499999999999,3.3049999999999997]]]},"properties":{"value":64.8342,"sigma":12.053}},{"type":"Feature","geometry":{"type":"Polygon","coordinates":[[[-76.57,3.3049999999999997],[-76.565,3.3049999999999997],[-76.565,3.3099999999999996],[-76.57,3.3099999999999996],[-76.57,3.3049999999999997]]]},"properties":{"value":63.4527,"sigma":11.9943}},{"type":"Feature","geometry":{"type":"Polygon","coordinates":[[[-76.565,3.3049999999999997],[-76.56,3.3049999999999997],[-76.56,3.3099999999999996],[-76.565,3.3099999999999996],[-76.565,3.3049999999999997]]]},"properties":{"value":63.4305,"sigma":11.7405}},{"type":"Feature","geometry":{"type":"Polygon","coordinates":[[[-76.55999999999999,3.3049999999999997],[-76.55499999999999,3.3049999999999997],[-76.55499999999999,3.3099999999999996],[-76.55999999999999,3.3099999999999996],[-76.55999999999999,3.3049999999999997]]]},"properties":{"value":67.5396,"sigma":11.3815}},{"type":"Feature","geometry":{"type":"Polygon","coordinates":[[[-76.55499999999999,3.3049999999999997],[-76.55,3.3049999999999997],[-76.55,3.3099999999999996],[-76.55499999999999,3.3099999999999996],[-76.55499999999999,3.3049999999999997]]]},"properties":{"value":63.4498,"sigma":11.8903}},{"type":"Feature","geometry":{"type":"Polygon","coordinates":[[[-76.55,3.3049999999999997],[-76.545,3.3049999999999997],[-76.545,3.3099999999999996],[-76.55,3.3099999999999996],[-76.55,3.3049999999999997]]]},"properties":{"value":60.6513,"sigma":10.7221}},{"type":"Feature","geometry":{"type":"Polygon","coordinates":[[[-76.54499999999999,3.3049999999999997],[-76.53999999999999,3.3049999999999997],[-76.53999999999999,3.3099999999999996],[-76.54499999999999,3.3099999999999996],[-76.54499999999999,3.3049999999999997]]]},"properties":{"value":64.664,"sigma":11.6872}},{"type":"Feature","geometry":{"type":"Polygon","coordinates":[[[-76.53999999999999,3.3049999999999997],[-76.535,3.3049999999999997],[-76.535,3.3099999999999996],[-76.53999999999999,3.3099999999999996],[-76.53999999999999,3.3049999999999997]]]},"properties":{"value":63.5581,"sigma":10.9115}},{"type":"Feature","geometry":{"type":"Polygon","coordinates":[[[-76.535,3.3049999999999997],[-76.53,3.3049999999999997],[-76.53,3.3099999999999996],[-76.535,3.3099999999999996],[-76.535,3.3049999999999997]]]},"properties":{"value":63.0362,"sigma":11.1936}},{"type":"Feature","geometry":{"type":"Polygon","coordinates":[[[-76.52999999999999,3.3049999999999997],[-76.52499999999999,3.3049999999999997],[-76.52499999999999,3.3099999999999996],[-76.52999999999999,3.3099999999999996],[-76.52999999999999,3.3049999999999997]]]},"properties":{"value":66.0013,"sigma":10.9731}},{"type":"Feature","geometry":{"type":"Polygon","coordinates":[[[-76.52499999999999,3.3049999999999997],[-76.52,3.3049999999999997],[-76.52,3.3099999999999996],[-76.52499999999999,3.3099999999999996],[-76.52499999999999,3.3049999999999997]]]},"properties":{"value":59.7159,"sigma":10.9424}},{"type":"Feature","geometry":{"type":"Polygon","coordinates":[[[-76.52,3.3049999999999997],[-76.515,3.3049999999999997],[-76.515,3.3099999999999996],[-76.52,3.3099999999999996],[-76.52,3.3049999999999997]]]},"properties":{"value":65.55,"sigma":11.7645}},{"type":"Feature","geometry":{"type":"Polygon","coordinates":[[[-76.51499999999999,3.3049999999999997],[-76.50999999999999,3.3049999999999997],[-76.50999999999999,3.3099999999999996],[-76.51499999999999,3.3099999999999996],[-76.51499999999999,3.3049999999999997]]]},"properties":{"value":64.125,"sigma":11.421}},{"type":"Feature","geometry":{"type":"Polygon","coordinates":[[[-76.50999999999999,3.3049999999999997],[-76.505,3.3049999999999997],[-76.505,3.3099999999999996],[-76.50999999999999,3.3099999999999996],[-76.50999999999999,3.3049999999999997]]]},"properties":{"value":63.3631,"sigma":12.1446}},{"type":"Feature","geometry":{"type":"Polygon","coordinates":[[[-76.505,3.3049999999999997],[-76.5,3.3049999999999997],[-76.5,3.3099999999999996],[-76.505,3.3099999999999996],[-76.505,3.3049999999999997]]]},"properties":{"value":63.5153,"sigma":11.9488}},{"type":"Feature","geometry":{"type":"Polygon","coordinates":[[[-76.49999999999999,3.3049999999999997],[-76.49499999999999,3.3049999999999997],[-76.49499999999999,3.3099999999999996],[-76.49999999999999,3.3099999999999996],[-76.49999999999999,3.3049999999999997]]]},"properties":{"value":64.5156,"sigma":11.8849}},{"type":"Feature","geometry":{"type":"Polygon","coordinates":[[[-76.49499999999999,3.3049999999999997],[-76.49,3.3049999999999997],[-76.49,3.3099999999999996],[-76.49499999999999,3.3099999999999996],[-76.49499999999999,3.3049999999999997]]]},"properties":{"value":69.1722,"sigma":12.1455}},{"type":"Feature","geometry":{"type":"Polygon","coordinates":[[[-76.49,3.3049999999999997],[-76.485,3.3049999999999997],[-76.485,3.3099999999999996],[-76.49,3.3099999999999996],[-76.49,3.3049999999999997]]]},"properties":{"value":65.1921,"sigma":12.5014}},{"type":"Feature","geometry":{"type":"Polygon","coordinates":[[[-76.48499999999999,3.3049999999999997],[-76.47999999999999,3.3049999999999997],[-76.47999999999999,3.3099999999999996],[-76.48499999999999,3.3099999999999996],[-76.48499999999999,3.3049999999999997]]]},"properties":{"value":65.1843,"sigma":13.2849}},{"type":"Feature","geometry":{"type":"Polygon","coordinates":[[[-76.47999999999999,3.3049999999999997],[-76.475,3.3049999999999997],[-76.475,3.3099999999999996],[-76.47999999999999,3.3099999999999996],[-76.47999999999999,3.3049999999999997]]]},"properties":{"value":67.0524,"sigma":13.1154}},{"type":"Feature","geometry":{"type":"Polygon","coordinates":[[[-76.475,3.3049999999999997],[-76.47,3.3049999999999997],[-76.47,3.3099999999999996],[-76.475,3.3099999999999996],[-76.475,3.3049999999999997]]]},"properties":{"value":65.4599,"sigma":12.7834}},{"type":"Feature","geometry":{"type":"Polygon","coordinates":[[[-76.47,3.3049999999999997],[-76.465,3.3049999999999997],[-76.465,3.3099999999999996],[-76.47,3.3099999999999996],[-76.47,3.3049999999999997]]]},"properties":{"value":65.6283,"sigma":13.4431}},{"type":"Feature","geometry":{"type":"Polygon","coordinates":[[[-76.46499999999999,3.3049999999999997],[-76.46,3.3049999999999997],[-76.46,3.3099999999999996],[-76.46499999999999,3.3099999999999996],[-76.46499999999999,3.3049999999999997]]]},"properties":{"value":63.1705,"sigma":15.1906}},{"type":"Feature","geometry":{"type":"Polygon","coordinates":[[[-76.46,3.3049999999999997],[-76.455,3.3049999999999997],[-76.455,3.3099999999999996],[-76.46,3.3099999999999996],[-76.46,3.3049999999999997]]]},"properties":{"value":62.9777,"sigma":14.0777}},{"type":"Feature","geometry":{"type":"Polygon","coordinates":[[[-76.455,3.3049999999999997],[-76.45,3.3049999999999997],[-76.45,3.3099999999999996],[-76.455,3.3099999999999996],[-76.455,3.3049999999999997]]]},"properties":{"value":64.8099,"sigma":14.151}},{"type":"Feature","geometry":{"type":"Polygon","coordinates":[[[-76.44999999999999,3.3049999999999997],[-76.445,3.3049999999999997],[-76.445,3.3099999999999996],[-76.44999999999999,3.3099999999999996],[-76.44999999999999,3.3049999999999997]]]},"properties":{"value":63.8917,"sigma":14.8951}},{"type":"Feature","geometry":{"type":"Polygon","coordinates":[[[-76.445,3.3049999999999997],[-76.44,3.3049999999999997],[-76.44,3.3099999999999996],[-76.445,3.3099999999999996],[-76.445,3.3049999999999997]]]},"properties":{"value":64.5854,"sigma":15.0796}},{"type":"Feature","geometry":{"type":"Polygon","coordinates":[[[-76.44,3.3049999999999997],[-76.435,3.3049999999999997],[-76.435,3.3099999999999996],[-76.44,3.3099999999999996],[-76.44,3.3049999999999997]]]},"properties":{"value":62.6589,"sigma":15.3001}},{"type":"Feature","geometry":{"type":"Polygon","coordinates":[[[-76.43499999999999,3.3049999999999997],[-76.42999999999999,3.3049999999999997],[-76.42999999999999,3.3099999999999996],[-76.43499999999999,3.3099999999999996],[-76.43499999999999,3.3049999999999997]]]},"properties":{"value":67.8498,"sigma":15.6509}},{"type":"Feature","geometry":{"type":"Polygon","coordinates":[[[-76.42999999999999,3.3049999999999997],[-76.425,3.3049999999999997],[-76.425,3.3099999999999996],[-76.42999999999999,3.3099999999999996],[-76.42999999999999,3.3049999999999997]]]},"properties":{"value":65.5497,"sigma":16.413}},{"type":"Feature","geometry":{"type":"Polygon","coordinates":[[[-76.425,3.3049999999999997],[-76.42,3.3049999999999997],[-76.42,3.3099999999999996],[-76.425,3.3099999999999996],[-76.425,3.3049999999999997]]]},"properties":{"value":63.261,"sigma":16.6845}},{"type":"Feature","geometry":{"type":"Polygon","coordinates":[[[-76.41999999999999,3.3049999999999997],[-76.41499999999999,3.3049999999999997],[-76.41499999999999,3.3099999999999996],[-76.41999999999999,3.3099999999999996],[-76.41999999999999,3.3049999999999997]]]},"properties":{"value":64.2714,"sigma":16.7159}},{"type":"Feature","geometry":{"type":"Polygon","coordinates":[[[-76.41499999999999,3.3049999999999997],[-76.41,3.3049999999999997],[-76.41,3.3099999999999996],[-76.41499999999999,3.3099999999999996],[-76.41499999999999,3.3049999999999997]]]},"properties":{"value":65.7991,"sigma":17.4752}},{"type":"Feature","geometry":{"type":"Polygon","coordinates":[[[-76.41,3.3049999999999997],[-76.405,3.3049999999999997],[-76.405,3.3099999999999996],[-76.41,3.3099999999999996],[-76.41,3.3049999999999997]]]},"properties":{"value":65.0736,"sigma":17.1329}},{"type":"Feature","geometry":{"type":"Polygon","coordinates":[[[-76.40499999999999,3.3049999999999997],[-76.39999999999999,3.3049999999999997],[-76.39999999999999,3.3099999999999996],[-76.40499999999999,3.3099999999999996],[-76.40499999999999,3.3049999999999997]]]},"properties":{"value":63.6714,"sigma":17.3481}},{"type":"Feature","geometry":{"type":"Polygon","coordinates":[[[-76.6,3.31],[-76.595,3.31],[-76.595,3.315],[-76.6,3.315],[-76.6,3.31]]]},"properties":{"value":62.4402,"sigma":13.0845}},{"type":"Feature","geometry":{"type":"Polygon","coordinates":[[[-76.595,3.31],[-76.59,3.31],[-76.59,3.315],[-76.595,3.315],[-76.595,3.31]]]},"properties":{"value":65.7655,"sigma":13.4366}},{"type":"Feature","geometry":{"type":"Polygon","coordinates":[[[-76.58999999999999,3.31],[-76.585,3.31],[-76.585,3.315],[-76.58999999999999,3.315],[-76.58999999999999,3.31]]]},"properties":{"value":66.3284,"sigma":12.8009}},{"type":"Feature","geometry":{"type":"Polygon","coordinates":[[[-76.585,3.31],[-76.58,3.31],[-76.58,3.315],[-76.585,3.315],[-76.585,3.31]]]},"properties":{"value":66.1829,"sigma":12.3262}},{"type":"Feature","geometry":{"type":"Polygon","coordinates":[[[-76.58,3.31],[-76.575,3.31],[-76.575,3.315],[-76.58,3.315],[-76.58,3.31]]]},"properties":{"value":67.7213,"sigma":12.043}},{"type":"Feature","geometry":{"type":"Polygon","coordinates":[[[-76.57499999999999,3.31],[-76.57,3.31],[-76.57,3.315],[-76.57499999999999,3.315],[-76.57499999999999,3.31]]]},"properties":{"value":63.0292,"sigma":11.8624}},{"type":"Feature","geometry":{"type":"Polygon","coordinates":[[[-76.57,3.31],[-76.565,3.31],[-76.565,3.315],[-76.57,3.315],[-76.57,3.31]]]},"properties":{"value":66.7284,"sigma":11.425}},{"type":"Feature","geometry":{"type":"Polygon","coordinates":[[[-76.565,3.31],[-76.56,3.31],[-76.56,3.315],[-76.565,3.315],[-76.565,3.31]]]},"properties":{"value":63.3187,"sigma":11.2943}},{"type":"Feature","geometry":{"type":"Polygon","coordinates":[[[-76.55999999999999,3.31],[-76.55499999999999,3.31],[-76.55499999999999,3.315],[-76.55999999999999,3.315],[-76.55999999999999,3.31]]]},"properties":{"value":65.283,"sigma":10.6057}},{"type":"Feature","geometry":{"type":"Polygon","coordinates":[[[-76.55499999999999,3.31],[-76.55,3.31],[-76.55,3.315],[-76.55499999999999,3.315],[-76.55499999999999,3.31]]]},"properties":{"value":64.2322,"sigma":10.8434}},{"type":"Feature","geometry":{"type":"Polygon","coordinates":[[[-76.55,3.31],[-76.545,3.31],[-76.545,3.315],[-76.55,3.315],[-76.55,3.31]]]},"properties":{"value":61.2102,"sigma":10.6543}},{"type":"Feature","geometry":{"type":"Polygon","coordinates":[[[-76.54499999999999,3.31],[-76.53999999999999,3.31],[-76.53999999999999,3.315],[-76.54499999999999,3.315],[-76.54499999999999,3.31]]]},"properties":{"value":66.0486,"sigma":10.2805}},{"type":"Feature","geometry":{"type":"Polygon","coordinates":[[[-76.53999999999999,3.31],[-76.535,3.31],[-76.535,3.315],[-76.53999999999999,3.315],[-76.53999999999999,3.31]]]},"properties":{"value":66.7166,"sigma":10.3147}},{"type":"Feature","geometry":{"type":"Polygon","coordinates":[[[-76.535,3.31],[-76.53,3.31],[-76.53,3.315],[-76.535,3.315],[-76.535,3.31]]]},"properties":{"value":62.1164,"sigma":11.1409}},{"type":"Feature","geometry":{"type":"Polygon","coordinates":[[[-76.52999999999999,3.31],[-76.52499999999999,3.31],[-76.52499999999999,3.315],[-76.52999999999999,3.315],[-76.52999999999999,3.31]]]},"properties":{"value":66.9502,"sigma":10.5948}},{"type":"Feature","geometry":{"type":"Polygon","coordinates":[[[-76.52499999999999,3.31],[-76.52,3.31],[-76.52,3.315],[-76.52499999999999,3.315],[-76.52499999999999,3.31]]]},"properties":{"value":69.012,"sigma":10.7179}},{"type":"Feature","geometry":{"type":"Polygon","coordinates":[[[-76.52,3.31],[-76.515,3.31],[-76.515,3.315],[-76.52,3.315],[-76.52,3.31]]]},"properties":{"value":62.7376,"sigma":10.2143}},{"type":"Feature","geometry":{"type":"Polygon","coordinates":[[[-76.51499999999999,3.31],[-76.50999999999999,3.31],[-76.50999999999999,3.315],[-76.51499999999999,3.315],[-76.51499999999999,3.31]]]},"properties":{"value":65.405,"sigma":10.8171}},{"type":"Feature","geometry":{"type":"Polygon","coordinates":[[[-76.50999999999999,3.31],[-76.505,3.31],[-76.505,3.315],[-76.50999999999999,3.315],[-76.50999999999999,3.31]]]},"properties":{"value":66.5291,"sigma":10.8788}},{"type":"Feature","geometry":{"type":"Polygon","coordinates":[[[-76.505,3.31],[-76.5,3.31],[-76.5,3.315],[-76.505,3.315],[-76.505,3.31]]]},"properties":{"value":66.3285,"sigma":10.952}},{"type":"Feature","geometry":{"type":"Polygon","coordinates":[[[-76.49999999999999,3.31],[-76.49499999999999,3.31],[-76.49499999999999,3.315],[-76.49999999999999,3.315],[-76.49999999999999,3.31]]]},"properties":{"value":70.217,"sigma":11.6907}},{"type":"Feature","geometry":{"type":"Polygon","coordinates":[[[-76.49499999999999,3.31],[-76.49,3.31],[-76.49,3.315],[-76.49499999999999,3.315],[-76.49499999999999,3.31]]]},"properties":{"value":66.8186,"sigma":11.69}},{"type":"Feature","geometry":{"type":"Polygon","coordinates":[[[-76.49,3.31],[-76.485,3.31],[-76.485,3.315],[-76.49,3.315],[-76.49,3.31]]]},"properties":{"value":67.3614,"sigma":12.2624}},{"type":"Feature","geometry":{"type":"Polygon","coordinates":[[[-76.48499999999999,3.31],[-76.47999999999999,3.31],[-76.47999999999999,3.315],[-76.48499999999999,3.315],[-76.48499999999999,3.31]]]},"properties":{"value":65.2096,"sigma":12.138}},{"type":"Feature","geometry":{"type":"Polygon","coordinates":[[[-76.47999999999999,3.31],[-76.475,3.31],[-76.475,3.315],[-76.47999999999999,3.315],[-76.47999999999999,3.31]]]},"properties":{"value":63.8819,"sigma":13.0102}},{"type":"Feature","geometry":{"type":"Polygon","coordinates":[[[-76.475,3.31],[-76.47,3.31],[-76.47,3.315],[-76.475,3.315],[-76.475,3.31]]]},"properties":{"value":63.0292,"sigma":12.6286}},{"type":"Feature","geometry":{"type":"Polygon","coordinates":[[[-76.47,3.31],[-76.465,3.31],[-76.465,3.315],[-76.47,3.315],[-76.47,3.31]]]},"properties":{"value":66.4295,"sigma":12.9192}},{"type":"Feature","geometry":{"type":"Polygon","coordinates":[[[-76.46499999999999,3.31],[-76.46,3.31],[-76.46,3.315],[-76.46499999999999,3.315],[-76.46499999999999,3.31]]]},"properties":{"value":65.7289,"sigma":13.3518}},{"type":"Feature","geometry":{"type":"Polygon","coordinates":[[[-76.46,3.31],[-76.455,3.31],[-76.455,3.315],[-76.46,3.315],[-76.46,3.31]]]},"properties":{"value":67.9613,"sigma":13.5267}},{"type":"Feature","geometry":{"type":"Polygon","coordinates":[[[-76.455,3.31],[-76.45,3.31],[-76.45,3.315],[-76.455,3.315],[-76.455,3.31]]]},"properties":{"value":70.9204,"sigma":14.6269}},{"type":"Feature","geometry":{"type":"Polygon","coordinates":[[[-76.44999999999999,3.31],[-76.445,3.31],[-76.445,3.315],[-76.44999999999999,3.315],[-76.44999999999999,3.31]]]},"properties":{"value":67.2374,"sigma":14.5876}},{"type":"Feature","geometry":{"type":"Polygon","coordinates":[[[-76.445,3.31],[-76.44,3.31],[-76.44,3.315],[-76.445,3.315],[-76.445,3.31]]]},"properties":{"value":66.7336,"sigma":14.7689}},{"type":"Feature","geometry":{"type":"Polygon","coordinates":[[[-76.44,3.31],[-76.435,3.31],[-76.435,3.315],[-76.44,3.315],[-76.44,3.31]]]},"properties":{"value":63.0984,"sigma":15.2451}},{"type":"Feature","geometry":{"type":"Polygon","coordinates":[[[-76.43499999999999,3.31],[-76.42999999999999,3.31],[-76.42999999999999,3.315],[-76.43499999999999,3.315],[-76.43499999999999,3.31]]]},"properties":{"value":63.8701,"sigma":15.6112}},{"type":"Feature","geometry":{"type":"Polygon","coordinates":[[[-76.42999999999999,3.31],[-76.425,3.31],[-76.425,3.315],[-76.42999999999999,3.315],[-76.42999999999999,3.31]]]},"properties":{"value":64.2534,"sigma":16.8544}},{"type":"Feature","geometry":{"type":"Polygon","coordinates":[[[-76.425,3.31],[-76.42,3.31],[-76.42,3.315],[-76.425,3.315],[-76.425,3.31]]]},"properties":{"value":62.0037,"sigma":15.678}},{"type":"Feature","geometry":{"type":"Polygon","coordinates":[[[-76.41999999999999,3.31],[-76.41499999999999,3.31],[-76.41499999999999,3.315],[-76.41999999999999,3.315],[-76.41999999999999,3.31]]]},"properties":{"value":66.7284,"sigma":16.6991}},{"type":"Feature","geometry":{"type":"Polygon","coordinates":[[[-76.41499999999999,3.31],[-76.41,3.31],[-76.41,3.315],[-76.41499999999999,3.315],[-76.41499999999999,3.31]]]},"properties":{"value":64.9127,"sigma":16.4992}},{"type":"Feature","geometry":{"type":"Polygon","coordinates":[[[-76.41,3.31],[-76.405,3.31],[-76.405,3.315],[-76.41,3.315],[-76.41,3.31]]]},"properties":{"value":66.4238,"sigma":16.3154}},{"type":"Feature","geometry":{"type":"Polygon","coordinates":[[[-76.40499999999999,3.31],[-76.39999999999999,3.31],[-76.39999999999999,3.315],[-76.40499999999999,3.315],[-76.40499999999999,3.31]]]},"properties":{"value":65.1121,"sigma":16.5506}},{"type":"Feature","geometry":{"type":"Polygon","coordinates":[[[-76.6,3.315],[-76.595,3.315],[-76.595,3.32],[-76.6,3.32],[-76.6,3.315]]]},"properties":{"value":66.253,"sigma":12.9263}},{"type":"Feature","geometry":{"type":"Polygon","coordinates":[[[-76.595,3.315],[-76.59,3.315],[-76.59,3.32],[-76.595,3.32],[-76.595,3.315]]]},"properties":{"value":62.5845,"sigma":12.346}},{"type":"Feature","geometry":{"type":"Polygon","coordinates":[[[-76.58999999999999,3.315],[-76.585,3.315],[-76.585,3.32],[-76.58999999999999,3.32],[-76.58999999999999,3.315]]]},"properties":{"value":59.9669,"sigma":12.5229}},{"type":"Feature","geometry":{"type":"Polygon","coordinates":[[[-76.585,3.315],[-76.58,3.315],[-76.58,3.32],[-76.585,3.32],[-76.585,3.315]]]},"properties":{"value":62.9303,"sigma":12.0028}},{"type":"Feature","geometry":{"type":"Polygon","coordinates":[[[-76.58,3.315],[-76.575,3.315],[-76.575,3.32],[-76.58,3.32],[-76.58,3.315]]]},"properties":{"value":63.9931,"sigma":11.3422}},{"type":"Feature","geometry":{"type":"Polygon","coordinates":[[[-76.57499999999999,3.315],[-76.57,3.315],[-76.57,3.32],[-76.57499999999999,3.32],[-76.57499999999999,3.315]]]},"properties":{"value":69.3536,"sigma":11.5558}},{"type":"Feature","geometry":{"type":"Polygon","coordinates":[[[-76.57,3.315],[-76.565,3.315],[-76.565,3.32],[-76.57,3.32],[-76.57,3.315]]]},"properties":{"value":64.1815,"sigma":11.2942}},{"type":"Feature","geometry":{"type":"Polygon","coordinates":[[[-76.565,3.315],[-76.56,3.315],[-76.56,3.32],[-76.565,3.32],[-76.565,3.315]]]},"properties":{"value":62.9551,"sigma":11.1451}},{"type":"Feature","geometry":{"type":"Polygon","coordinates":[[[-76.55999999999999,3.315],[-76.55499999999999,3.315],[-76.55499999999999,3.32],[-76.55999999999999,3.32],[-76.55999999999999,3.315]]]},"properties":{"value":62.6272,"sigma":10.2625}},{"type":"Feature","geometry":{"type":"Polygon","coordinates":[[[-76.55499999999999,3.315],[-76.55,3.315],[-76.55,3.32],[-76.55499999999999,3.32],[-76.55499999999999,3.315]]]},"properties":{"value":65.3422,"sigma":10.6591}},{"type":"Feature","geometry":{"type":"Polygon","coordinates":[[[-76.55,3.315],[-76.545,3.315],[-76.545,3.32],[-76.55,3.32],[-76.55,3.315]]]},"properties":{"value":65.8099,"sigma":10.6777}},{"type":"Feature","geometry":{"type":"Polygon","coordinates":[[[-76.54499999999999,3.315],[-76.53999999999999,3.315],[-76.53999999999999,3.32],[-76.54499999999999,3.32],[-76.54499999999999,3.315]]]},"properties":{"value":69.5854,"sigma":10.9217}},{"type":"Feature","geometry":{"type":"Polygon","coordinates":[[[-76.53999999999999,3.315],[-76.535,3.315],[-76.535,3.32],[-76.53999999999999,3.32],[-76.53999999999999,3.315]]]},"properties":{"value":65.7089,"sigma":10.0488}},{"type":"Feature","geometry":{"type":"Polygon","coordinates":[[[-76.535,3.315],[-76.53,3.315],[-76.53,3.32],[-76.535,3.32],[-76.535,3.315]]]},"properties":{"value":66.0159,"sigma":10.3271}},{"type":"Feature","geometry":{"type":"Polygon","coordinates":[[[-76.52999999999999,3.315],[-76.52499999999999,3.315],[-76.52499999999999,3.32],[-76.52999999999999,3.32],[-76.52999999999999,3.315]]]},"properties":{"value":68.0058,"sigma":10.6112}},{"type":"Feature","geometry":{"type":"Polygon","coordinates":[[[-76.52499999999999,3.315],[-76.52,3.315],[-76.52,3.32],[-76.52499999999999,3.32],[-76.52499999999999,3.315]]]},"properties":{"value":65.2339,"sigma":10.2769}},{"type":"Feature","geometry":{"type":"Polygon","coordinates":[[[-76.52,3.315],[-76.515,3.315],[-76.515,3.32],[-76.52,3.32],[-76.52,3.315]]]},"properties":{"value":64.9438,"sigma":10.2923}},{"type":"Feature","geometry":{"type":"Polygon","coordinates":[[[-76.51499999999999,3.315],[-76.50999999999999,3.315],[-76.50999999999999,3.32],[-76.51499999999999,3.32],[-76.51499999999999,3.315]]]},"properties":{"value":68.0229,"sigma":10.511}},{"type":"Feature","geometry":{"type":"Polygon","coordinates":[[[-76.50999999999999,3.315],[-76.505,3.315],[-76.505,3.32],[-76.50999999999999,3.32],[-76.50999999999999,3.315]]]},"properties":{"value":65.821,"sigma":10.7324}},{"type":"Feature","geometry":{"type":"Polygon","coordinates":[[[-76.505,3.315],[-76.5,3.315],[-76.5,3.32],[-76.505,3.32],[-76.505,3.315]]]},"properties":{"value":69.4259,"sigma":10.809}},{"type":"Feature","geometry":{"type":"Polygon","coordinates":[[[-76.49999999999999,3.315],[-76.49499999999999,3.315],[-76.49499999999999,3.32],[-76.49999999999999,3.32],[-76.49999999999999,3.315]]]},"properties":{"value":65.5978,"sigma":11.6159}},{"type":"Feature","geometry":{"type":"Polygon","coordinates":[[[-76.49499999999999,3.315],[-76.49,3.315],[-76.49,3.32],[-76.49499999999999,3.32],[-76.49499999999999,3.315]]]},"properties":{"value":66.9207,"sigma":11.7652}},{"type":"Feature","geometry":{"type":"Polygon","coordinates":[[[-76.49,3.315],[-76.485,3.315],[-76.485,3.32],[-76.49,3.32],[-76.49,3.315]]]},"properties":{"value":64.1037,"sigma":12.1615}},{"type":"Feature","geometry":{"type":"Polygon","coordinates":[[[-76.48499999999999,3.315],[-76.47999999999999,3.315],[-76.47999999999999,3.32],[-76.48499999999999,3.32],[-76.48499999999999,3.315]]]},"properties":{"value":64.8899,"sigma":12.0855}},{"type":"Feature","geometry":{"type":"Polygon","coordinates":[[[-76.47999999999999,3.315],[-76.475,3.315],[-76.475,3.32],[-76.47999999999999,3.32],[-76.47999999999999,3.315]]]},"properties":{"value":64.7029,"sigma":12.5528}},{"type":"Feature","geometry":{"type":"Polygon","coordinates":[[[-76.475,3.315],[-76.47,3.315],[-76.47,3.32],[-76.475,3.32],[-76.475,3.315]]]},"properties":{"value":63.6047,"sigma":12.9497}},{"type":"Feature","geometry":{"type":"Polygon","coordinates":[[[-76.47,3.315],[-76.465,3.315],[-76.465,3.32],[-76.47,3.32],[-76.47,3.315]]]},"properties":{"value":65.3032,"sigma":13.6616}},{"type":"Feature","geometry":{"type":"Polygon","coordinates":[[[-76.46499999999999,3.315],[-76.46,3.315],[-76.46,3.32],[-76.46499999999999,3.32],[-76.46499999999999,3.315]]]},"properties":{"value":67.4823,"sigma":13.7344}},{"type":"Feature","geometry":{"type":"Polygon","coordinates":[[[-76.46,3.315],[-76.455,3.315],[-76.455,3.32],[-76.46,3.32],[-76.46,3.315]]]},"properties":{"value":64.2853,"sigma":12.7587}},{"type":"Feature","geometry":{"type":"Polygon","coordinates":[[[-76.455,3.315],[-76.45,3.315],[-76.45,3.32],[-76.455,3.32],[-76.455,3.315]]]},"properties":{"value":64.2362,"sigma":13.6502}},{"type":"Feature","geometry":{"type":"Polygon","coordinates":[[[-76.44999999999999,3.315],[-76.445,3.315],[-76.445,3.32],[-76.44999999999999,3.32],[-76.44999999999999,3.315]]]},"properties":{"value":66.378,"sigma":14.6627}},{"type":"Feature","geometry":{"type":"Polygon","coordinates":[[[-76.445,3.315],[-76.44,3.315],[-76.44,3.32],[-76.445,3.32],[-76.445,3.315]]]},"properties":{"value":63.1724,"sigma":14.415}},{"type":"Feature","geometry":{"type":"Polygon","coordinates":[[[-76.44,3.315],[-76.435,3.315],[-76.435,3.32],[-76.44,3.32],[-76.44,3.315]]]},"properties":{"value":63.8607,"sigma":15.1469}},{"type":"Feature","geometry":{"type":"Polygon","coordinates":[[[-76.43499999999999,3.315],[-76.42999999999999,3.315],[-76.42999999999999,3.32],[-76.43499999999999,3.32],[-76.43499999999999,3.315]]]},"properties":{"value":64.8336,"sigma":14.3147}},{"type":"Feature","geometry":{"type":"Polygon","coordinates":[[[-76.42999999999999,3.315],[-76.425,3.315],[-76.425,3.32],[-76.42999999999999,3.32],[-76.42999999999999,3.315]]]},"properties":{"value":64.1674,"sigma":15.1867}},{"type":"Feature","geometry":{"type":"Polygon","coordinates":[[[-76.425,3.315],[-76.42,3.315],[-76.42,3.32],[-76.425,3.32],[-76.425,3.315]]]},"properties":{"value":65.1911,"sigma":16.4902}},{"type":"Feature","geometry":{"type":"Polygon","coordinates":[[[-76.41999999999999,3.315],[-76.41499999999999,3.315],[-76.41499999999999,3.32],[-76.41999999999999,3.32],[-76.41999999999999,3.315]]]},"properties":{"value":65.4847,"sigma":14.7767}},{"type":"Feature","geometry":{"type":"Polygon","coordinates":[[[-76.41499999999999,3.315],[-76.41,3.315],[-76.41,3.32],[-76.41499999999999,3.32],[-76.41499999999999,3.315]]]},"properties":{"value":62.8179,"sigma":16.0789}},{"type":"Feature","geometry":{"type":"Polygon","coordinates":[[[-76.41,3.315],[-76.405,3.315],[-76.405,3.32],[-76.41,3.32],[-76.41,3.315]]]},"properties":{"value":65.014,"sigma":16.6817}},{"type":"Feature","geometry":{"type":"Polygon","coordinates":[[[-76.40499999999999,3.315],[-76.39999999999999,3.315],[-76.39999999999999,3.32],[-76.40499999999999,3.32],[-76.40499999999999,3.315]]]},"properties":{"value":63.6101,"sigma":16.3233}},{"type":"Feature","geometry":{"type":"Polygon","coordinates":[[[-76.6,3.32],[-76.595,3.32],[-76.595,3.3249999999999997],[-76.6,3.3249999999999997],[-76.6,3.32]]]},"properties":{"value":63.6537,"sigma":12.6209}},{"type":"Feature","geometry":{"type":"Polygon","coordinates":[[[-76.595,3.32],[-76.59,3.32],[-76.59,3.3249999999999997],[-76.595,3.3249999999999997],[-76.595,3.32]]]},"properties":{"value":66.8226,"sigma":11.9292}},{"type":"Feature","geometry":{"type":"Polygon","coordinates":[[[-76.58999999999999,3.32],[-76.585,3.32],[-76.585,3.3249999999999997],[-76.58999999999999,3.3249999999999997],[-76.58999999999999,3.32]]]},"properties":{"value":60.9413,"sigma":11.4629}},{"type":"Feature","geometry":{"type":"Polygon","coordinates":[[[-76.585,3.32],[-76.58,3.32],[-76.58,3.3249999999999997],[-76.585,3.3249999999999997],[-76.585,3.32]]]},"properties":{"value":61.19,"sigma":11.7504}},{"type":"Feature","geometry":{"type":"Polygon","coordinates":[[[-76.58,3.32],[-76.575,3.32],[-76.575,3.3249999999999997],[-76.58,3.3249999999999997],[-76.58,3.32]]]},"properties":{"value":63.0378,"sigma":11.2691}},{"type":"Feature","geometry":{"type":"Polygon","coordinates":[[[-76.57499999999999,3.32],[-76.57,3.32],[-76.57,3.3249999999999997],[-76.57499999999999,3.3249999999999997],[-76.57499999999999,3.32]]]},"properties":{"value":69.7108,"sigma":11.4764}},{"type":"Feature","geometry":{"type":"Polygon","coordinates":[[[-76.57,3.32],[-76.565,3.32],[-76.565,3.3249999999999997],[-76.57,3.3249999999999997],[-76.57,3.32]]]},"properties":{"value":65.4679,"sigma":10.4395}},{"type":"Feature","geometry":{"type":"Polygon","coordinates":[[[-76.565,3.32],[-76.56,3.32],[-76.56,3.3249999999999997],[-76.565,3.3249999999999997],[-76.565,3.32]]]},"properties":{"value":67.3661,"sigma":10.4446}},{"type":"Feature","geometry":{"type":"Polygon","coordinates":[[[-76.55999999999999,3.32],[-76.55499999999999,3.32],[-76.55499999999999,3.3249999999999997],[-76.55999999999999,3.3249999999999997],[-76.55999999999999,3.32]]]},"properties":{"value":68.7407,"sigma":9.5891}},{"type":"Feature","geometry":{"type":"Polygon","coordinates":[[[-76.55499999999999,3.32],[-76.55,3.32],[-76.55,3.3249999999999997],[-76.55499999999999,3.3249999999999997],[-76.55499999999999,3.32]]]},"properties":{"value":67.1287,"sigma":9.3272}},{"type":"Feature","geometry":{"type":"Polygon","coordinates":[[[-76.55,3.32],[-76.545,3.32],[-76.545,3.3249999999999997],[-76.55,3.3249999999999997],[-76.55,3.32]]]},"properties":{"value":63.2529,"sigma":9.8045}},{"type":"Feature","geometry":{"type":"Polygon","coordinates":[[[-76.54499999999999,3.32],[-76.53999999999999,3.32],[-76.53999999999999,3.3249999999999997],[-76.54499999999999,3.3249999999999997],[-76.54499999999999,3.32]]]},"properties":{"value":64.8158,"sigma":10.4534}},{"type":"Feature","geometry":{"type":"Polygon","coordinates":[[[-76.53999999999999,3.32],[-76.535,3.32],[-76.535,3.3249999999999997],[-76.53999999999999,3.3249999999999997],[-76.53999999999999,3.32]]]},"properties":{"value":63.9415,"sigma":9.7953}},{"type":"Feature","geometry":{"type":"Polygon","coordinates":[[[-76.535,3.32],[-76.53,3.32],[-76.53,3.3249999999999997],[-76.535,3.3249999999999997],[-76.535,3.32]]]},"properties":{"value":65.1885,"sigma":10.5459}},{"type":"Feature","geometry":{"type":"Polygon","coordinates":[[[-76.52999999999999,3.32],[-76.52499999999999,3.32],[-76.52499999999999,3.3249999999999997],[-76.52999999999999,3.3249999999999997],[-76.52999999999999,3.32]]]},"properties":{"value":65.5624,"sigma":9.9356}},{"type":"Feature","geometry":{"type":"Polygon","coordinates":[[[-76.52499999999999,3.32],[-76.52,3.32],[-76.52,3.3249999999999997],[-76.52499999999999,3.3249999999999997],[-76.52499999999999,3.32]]]},"properties":{"value":65.0537,"sigma":10.5137}},{"type":"Feature","geometry":{"type":"Polygon","coordinates":[[[-76.52,3.32],[-76.515,3.32],[-76.515,3.3249999999999997],[-76.52,3.3249999999999997],[-76.52,3.32]]]},"properties":{"value":65.3662,"sigma":10.3589}},{"type":"Feature","geometry":{"type":"Polygon","coordinates":[[[-76.51499999999999,3.32],[-76.50999999999999,3.32],[-76.50999999999999,3.3249999999999997],[-76.51499999999999,3.3249999999999997],[-76.51499999999999,3.32]]]},"properties":{"value":69.9231,"sigma":10.3988}},{"type":"Feature","geometry":{"type":"Polygon","coordinates":[[[-76.50999999999999,3.32],[-76.505,3.32],[-76.505,3.3249999999999997],[-76.50999999999999,3.3249999999999997],[-76.50999999999999,3.32]]]},"properties":{"value":66.2662,"sigma":10.1239}},{"type":"Feature","geometry":{"type":"Polygon","coordinates":[[[-76.505,3.32],[-76.5,3.32],[-76.5,3.3249999999999997],[-76.505,3.3249999999999997],[-76.505,3.32]]]},"properties":{"value":65.2049,"sigma":11.4786}},{"type":"Feature","geometry":{"type":"Polygon","coordinates":[[[-76.49999999999999,3.32],[-76.49499999999999,3.32],[-76.49499999999999,3.3249999999999997],[-76.49999999999999,3.3249999999999997],[-76.49999999999999,3.32]]]},"properties":{"value":69.1906,"sigma":10.8254}},{"type":"Feature","geometry":{"type":"Polygon","coordinates":[[[-76.49499999999999,3.32],[-76.49,3.32],[-76.49,3.3249999999999997],[-76.49499999999999,3.3249999999999997],[-76.49499999999999,3.32]]]},"properties":{"value":65.5609,"sigma":10.9926}},{"type":"Feature","geometry":{"type":"Polygon","coordinates":[[[-76.49,3.32],[-76.485,3.32],[-76.485,3.3249999999999997],[-76.49,3.3249999999999997],[-76.49,3.32]]]},"properties":{"value":66.4349,"sigma":11.805}},{"type":"Feature","geometry":{"type":"Polygon","coordinates":[[[-76.48499999999999,3.32],[-76.47999999999999,3.32],[-76.47999999999999,3.3249999999999997],[-76.48499999999999,3.3249999999999997],[-76.48499999999999,3.32]]]},"properties":{"value":64.7552,"sigma":11.2877}},{"type":"Feature","geometry":{"type":"Polygon","coordinates":[[[-76.47999999999999,3.32],[-76.475,3.32],[-76.475,3.3249999999999997],[-76.47999999999999,3.3249999999999997],[-76.47999999999999,3.32]]]},"properties":{"value":61.4588,"sigma":12.0501}},{"type":"Feature","geometry":{"type":"Polygon","coordinates":[[[-76.475,3.32],[-76.47,3.32],[-76.47,3.3249999999999997],[-76.475,3.3249999999999997],[-76.475,3.32]]]},"properties":{"value":67.0879,"sigma":12.2918}},{"type":"Feature","geometry":{"type":"Polygon","coordinates":[[[-76.47,3.32],[-76.465,3.32],[-76.465,3.3249999999999997],[-76.47,3.3249999999999997],[-76.47,3.32]]]},"properties":{"value":64.1372,"sigma":12.9891}},{"type":"Feature","geometry":{"type":"Polygon","coordinates":[[[-76.46499999999999,3.32],[-76.46,3.32],[-76.46,3.3249999999999997],[-76.46499999999999,3.3249999999999997],[-76.46499999999999,3.32]]]},"properties":{"value":63.6596,"sigma":12.9926}},{"type":"Feature","geometry":{"type":"Polygon","coordinates":[[[-76.46,3.32],[-76.455,3.32],[-76.455,3.3249999999999997],[-76.46,3.3249999999999997],[-76.46,3.32]]]},"properties":{"value":65.2087,"sigma":13.917}},{"type":"Feature","geometry":{"type":"Polygon","coordinates":[[[-76.455,3.32],[-76.45,3.32],[-76.45,3.3249999999999997],[-76.455,3.3249999999999997],[-76.455,3.32]]]},"properties":{"value":65.4765,"sigma":13.5901}},{"type":"Feature","geometry":{"type":"Polygon","coordinates":[[[-76.44999999999999,3.32],[-76.445,3.32],[-76.445,3.3249999999999997],[-76.44999999999999,3.3249999999999997],[-76.44999999999999,3.32]]]},"properties":{"value":62.8832,"sigma":14.2152}},{"type":"Feature","geometry":{"type":"Polygon","coordinates":[[[-76.445,3.32],[-76.44,3.32],[-76.44,3.3249999999999997],[-76.445,3.3249999999999997],[-76.445,3.32]]]},"properties":{"value":64.9612,"sigma":14.9699}},{"type":"Feature","geometry":{"type":"Polygon","coordinates":[[[-76.44,3.32],[-76.435,3.32],[-76.435,3.3249999999999997],[-76.44,3.3249999999999997],[-76.44,3.32]]]},"properties":{"value":63.8954,"sigma":14.7399}},{"type":"Feature","geometry":{"type":"Polygon","coordinates":[[[-76.43499999999999,3.32],[-76.42999999999999,3.32],[-76.42999999999999,3.3249999999999997],[-76.43499999999999,3.3249999999999997],[-76.43499999999999,3.32]]]},"properties":{"value":66.4583,"sigma":14.7953}},{"type":"Feature","geometry":{"type":"Polygon","coordinates":[[[-76.42999999999999,3.32],[-76.425,3.32],[-76.425,3.3249999999999997],[-76.42999999999999,3.3249999999999997],[-76.42999999999999,3.32]]]},"properties":{"value":64.5857,"sigma":14.7659}},{"type":"Feature","geometry":{"type":"Polygon","coordinates":[[[-76.425,3.32],[-76.42,3.32],[-76.42,3.3249999999999997],[-76.425,3.3249999999999997],[-76.425,3.32]]]},"properties":{"value":66.6436,"sigma":14.9879}},{"type":"Feature","geometry":{"type":"Polygon","coordinates":[[[-76.41999999999999,3.32],[-76.41499999999999,3.32],[-76.41499999999999,3.3249999999999997],[-76.41999999999999,3.3249999999999997],[-76.41999999999999,3.32]]]},"properties":{"value":64.5401,"sigma":15.9912}},{"type":"Feature","geometry":{"type":"Polygon","coordinates":[[[-76.41499999999999,3.32],[-76.41,3.32],[-76.41,3.3249999999999997],[-76.41499999999999,3.3249999999999997],[-76.41499999999999,3.32]]]},"properties":{"value":62.7212,"sigma":16.1489}},{"type":"Feature","geometry":{"type":"Polygon","coordinates":[[[-76.41,3.32],[-76.405,3.32],[-76.405,3.3249999999999997],[-76.41,3.3249999999999997],[-76.41,3.32]]]},"properties":{"value":65.0047,"sigma":16.1269}},{"type":"Feature","geometry":{"type":"Polygon","coordinates":[[[-76.40499999999999,3.32],[-76.39999999999999,3.32],[-76.39999999999999,3.3249999999999997],[-76.40499999999999,3.3249999999999997],[-76.40499999999999,3.32]]]},"properties":{"value":66.2385,"sigma":16.4459}},{"type":"Feature","geometry":{"type":"Polygon","coordinates":[[[-76.6,3.3249999999999997],[-76.595,3.3249999999999997],[-76.595,3.3299999999999996],[-76.6,3.3299999999999996],[-76.6,3.3249999999999997]]]},"properties":{"value":63.7962,"sigma":12.4996}},{"type":"Feature","geometry":{"type":"Polygon","coordinates":[[[-76.595,3.3249999999999997],[-76.59,3.3249999999999997],[-76.59,3.3299999999999996],[-76.595,3.3299999999999996],[-76.595,3.3249999999999997]]]},"properties":{"value":63.3796,"sigma":11.5894}},{"type":"Feature","geometry":{"type":"Polygon","coordinates":[[[-76.58999999999999,3.3249999999999997],[-76.585,3.3249999999999997],[-76.585,3.3299999999999996],[-76.58999999999999,3.3299999999999996],[-76.58999999999999,3.3249999999999997]]]},"properties":{"value":66.0802,"sigma":11.3906}},{"type":"Feature","geometry":{"type":"Polygon","coordinates":[[[-76.585,3.3249999999999997],[-76.58,3.3249999999999997],[-76.58,3.3299999999999996],[-76.585,3.3299999999999996],[-76.585,3.3249999999999997]]]},"properties":{"value":67.3006,"sigma":11.17}},{"type":"Feature","geometry":{"type":"Polygon","coordinates":[[[-76.58,3.3249999999999997],[-76.575,3.3249999999999997],[-76.575,3.3299999999999996],[-76.58,3.3299999999999996],[-76.58,3.3249999999999997]]]},"properties":{"value":62.9977,"sigma":10.3702}},{"type":"Feature","geometry":{"type":"Polygon","coordinates":[[[-76.57499999999999,3.3249999999999997],[-76.57,3.3249999999999997],[-76.57,3.3299999999999996],[-76.57499999999999,3.3299999999999996],[-76.57499999999999,3.3249999999999997]]]},"properties":{"value":63.4957,"sigma":10.916}},{"type":"Feature","geometry":{"type":"Polygon","coordinates":[[[-76.57,3.3249999999999997],[-76.565,3.3249999999999997],[-76.565,3.3299999999999996],[-76.57,3.3299999999999996],[-76.57,3.3249999999999997]]]},"properties":{"value":62.2378,"sigma":10.9296}},{"type":"Feature","geometry":{"type":"Polygon","coordinates":[[[-76.565,3.3249999999999997],[-76.56,3.3249999999999997],[-76.56,3.3299999999999996],[-76.565,3.3299999999999996],[-76.565,3.3249999999999997]]]},"properties":{"value":62.0313,"sigma":9.6655}},{"type":"Feature","geometry":{"type":"Polygon","coordinates":[[[-76.55999999999999,3.3249999999999997],[-76.55499999999999,3.3249999999999997],[-76.55499999999999,3.3299999999999996],[-76.55999999999999,3.3299999999999996],[-76.55999999999999,3.3249999999999997]]]},"properties":{"value":65.7195,"sigma":9.5602}},{"type":"Feature","geometry":{"type":"Polygon","coordinates":[[[-76.55499999999999,3.3249999999999997],[-76.55,3.3249999999999997],[-76.55,3.3299999999999996],[-76.55499999999999,3.3299999999999996],[-76.55499999999999,3.3249999999999997]]]},"properties":{"value":66.0252,"sigma":9.1343}},{"type":"Feature","geometry":{"type":"Polygon","coordinates":[[[-76.55,3.3249999999999997],[-76.545,3.3249999999999997],[-76.545,3.3299999999999996],[-76.55,3.3299999999999996],[-76.55,3.3249999999999997]]]},"properties":{"value":64.8465,"sigma":9.3952}},{"type":"Feature","geometry":{"type":"Polygon","coordinates":[[[-76.54499999999999,3.3249999999999997],[-76.53999999999999,3.3249999999999997],[-76.53999999999999,3.3299999999999996],[-76.54499999999999,3.3299999999999996],[-76.54499999999999,3.3249999999999997]]]},"properties":{"value":66.3682,"sigma":9.4358}},{"type":"Feature","geometry":{"type":"Polygon","coordinates":[[[-76.53999999999999,3.3249999999999997],[-76.535,3.3249999999999997],[-76.535,3.3299999999999996],[-76.53999999999999,3.3299999999999996],[-76.53999999999999,3.3249999999999997]]]},"properties":{"value":62.5687,"sigma":9.784}},{"type":"Feature","geometry":{"type":"Polygon","coordinates":[[[-76.535,3.3249999999999997],[-76.53,3.3249999999999997],[-76.53,3.3299999999999996],[-76.535,3.3299999999999996],[-76.535,3.3249999999999997]]]},"properties":{"value":66.1345,"sigma":8.9278}},{"type":"Feature","geometry":{"type":"Polygon","coordinates":[[[-76.52999999999999,3.3249999999999997],[-76.52499999999999,3.3249999999999997],[-76.52499999999999,3.3299999999999996],[-76.52999999999999,3.3299999999999996],[-76.52999999999999,3.3249999999999997]]]},"properties":{"value":65.6128,"sigma":9.4649}},{"type":"Feature","geometry":{"type":"Polygon","coordinates":[[[-76.52499999999999,3.3249999999999997],[-76.52,3.3249999999999997],[-76.52,3.3299999999999996],[-76.52499999999999,3.3299999999999996],[-76.52499999999999,3.3249999999999997]]]},"properties":{"value":68.9572,"sigma":9.839}},{"type":"Feature","geometry":{"type":"Polygon","coordinates":[[[-76.52,3.3249999999999997],[-76.515,3.3249999999999997],[-76.515,3.3299999999999996],[-76.52,3.3299999999999996],[-76.52,3.3249999999999997]]]},"properties":{"value":60.8791,"sigma":9.1575}},{"type":"Feature","geometry":{"type":"Polygon","coordinates":[[[-76.51499999999999,3.3249999999999997],[-76.50999999999999,3.3249999999999997],[-76.50999999999999,3.3299999999999996],[-76.51499999999999,3.3299999999999996],[-76.51499999999999,3.3249999999999997]]]},"properties":{"value":67.4203,"sigma":9.7165}},{"type":"Feature","geometry":{"type":"Polygon","coordinates":[[[-76.50999999999999,3.3249999999999997],[-76.505,3.3249999999999997],[-76.505,3.3299999999999996],[-76.50999999999999,3.3299999999999996],[-76.50999999999999,3.3249999999999997]]]},"properties":{"value":68.6277,"sigma":9.1485}},{"type":"Feature","geometry":{"type":"Polygon","coordinates":[[[-76.505,3.3249999999999997],[-76.5,3.3249999999999997],[-76.5,3.3299999999999996],[-76.505,3.3299999999999996],[-76.505,3.3249999999999997]]]},"properties":{"value":67.7731,"sigma":10.0007}},{"type":"Feature","geometry":{"type":"Polygon","coordinates":[[[-76.49999999999999,3.3249999999999997],[-76.49499999999999,3.3249999999999997],[-76.49499999999999,3.3299999999999996],[-76.49999999999999,3.3299999999999996],[-76.49999999999999,3.3249999999999997]]]},"properties":{"value":67.6856,"sigma":11.3927}},{"type":"Feature","geometry":{"type":"Polygon","coordinates":[[[-76.49499999999999,3.3249999999999997],[-76.49,3.3249999999999997],[-76.49,3.3299999999999996],[-76.49499999999999,3.3299999999999996],[-76.49499999999999,3.3249999999999997]]]},"properties":{"value":63.5164,"sigma":10.9572}},{"type":"Feature","geometry":{"type":"Polygon","coordinates":[[[-76.49,3.3249999999999997],[-76.485,3.3249999999999997],[-76.485,3.3299999999999996],[-76.49,3.3299999999999996],[-76.49,3.3249999999999997]]]},"properties":{"value":63.0201,"sigma":10.7416}},{"type":"Feature","geometry":{"type":"Polygon","coordinates":[[[-76.48499999999999,3.3249999999999997],[-76.47999999999999,3.3249999999999997],[-76.47999999999999,3.3299999999999996],[-76.48499999999999,3.3299999999999996],[-76.48499999999999,3.3249999999999997]]]},"properties":{"value":66.4951,"sigma":11.1199}},{"type":"Feature","geometry":{"type":"Polygon","coordinates":[[[-76.47999999999999,3.3249999999999997],[-76.475,3.3249999999999997],[-76.475,3.3299999999999996],[-76.47999999999999,3.3299999999999996],[-76.47999999999999,3.3249999999999997]]]},"properties":{"value":67.0684,"sigma":12.2956}},{"type":"Feature","geometry":{"type":"Polygon","coordinates":[[[-76.475,3.3249999999999997],[-76.47,3.3249999999999997],[-76.47,3.3299999999999996],[-76.475,3.3299999999999996],[-76.475,3.3249999999999997]]]},"properties":{"value":64.347,"sigma":12.4522}},{"type":"Feature","geometry":{"type":"Polygon","coordinates":[[[-76.47,3.3249999999999997],[-76.465,3.3249999999999997],[-76.465,3.3299999999999996],[-76.47,3.3299999999999996],[-76.47,3.3249999999999997]]]},"properties":{"value":68.1111,"sigma":12.7019}},{"type":"Feature","geometry":{"type":"Polygon","coordinates":[[[-76.46499999999999,3.3249999999999997],[-76.46,3.3249999999999997],[-76.46,3.3299999999999996],[-76.46499999999999,3.3299999999999996],[-76.46499999999999,3.3249999999999997]]]},"properties":{"value":65.4752,"sigma":12.0713}},{"type":"Feature","geometry":{"type":"Polygon","coordinates":[[[-76.46,3.3249999999999997],[-76.455,3.3249999999999997],[-76.455,3.3299999999999996],[-76.46,3.3299999999999996],[-76.46,3.3249999999999997]]]},"properties":{"value":65.3414,"sigma":13.4947}},{"type":"Feature","geometry":{"type":"Polygon","coordinates":[[[-76.455,3.3249999999999997],[-76.45,3.3249999999999997],[-76.45,3.3299999999999996],[-76.455,3.3299999999999996],[-76.455,3.3249999999999997]]]},"properties":{"value":64.0118,"sigma":13.8266}},{"type":"Feature","geometry":{"type":"Polygon","coordinates":[[[-76.44999999999999,3.3249999999999997],[-76.445,3.3249999999999997],[-76.445,3.3299999999999996],[-76.44999999999999,3.3299999999999996],[-76.44999999999999,3.3249999999999997]]]},"properties":{"value":63.3633,"sigma":13.3015}},{"type":"Feature","geometry":{"type":"Polygon","coordinates":[[[-76.445,3.3249999999999997],[-76.44,3.3249999999999997],[-76.44,3.3299999999999996],[-76.445,3.3299999999999996],[-76.445,3.3249999999999997]]]},"properties":{"value":63.9736,"sigma":14.387}},{"type":"Feature","geometry":{"type":"Polygon","coordinates":[[[-76.44,3.3249999999999997],[-76.435,3.3249999999999997],[-76.435,3.3299999999999996],[-76.44,3.3299999999999996],[-76.44,3.3249999999999997]]]},"properties":{"value":67.2729,"sigma":14.1383}},{"type":"Feature","geometry":{"type":"Polygon","coordinates":[[[-76.43499999999999,3.3249999999999997],[-76.42999999999999,3.3249999999999997],[-76.42999999999999,3.3299999999999996],[-76.43499999999999,3.3299999999999996],[-76.43499999999999,3.3249999999999997]]]},"properties":{"value":63.5378,"sigma":13.9158}},{"type":"Feature","geometry":{"type":"Polygon","coordinates":[[[-76.42999999999999,3.3249999999999997],[-76.425,3.3249999999999997],[-76.425,3.3299999999999996],[-76.42999999999999,3.3299999999999996],[-76.42999999999999,3.3249999999999997]]]},"properties":{"value":69.645,"sigma":13.939}},{"type":"Feature","geometry":{"type":"Polygon","coordinates":[[[-76.425,3.3249999999999997],[-76.42,3.3249999999999997],[-76.42,3.3299999999999996],[-76.425,3.3299999999999996],[-76.425,3.3249999999999997]]]},"properties":{"value":66.9373,"sigma":14.8133}},{"type":"Feature","geometry":{"type":"Polygon","coordinates":[[[-76.41999999999999,3.3249999999999997],[-76.41499999999999,3.3249999999999997],[-76.41499999999999,3.3299999999999996],[-76.41999999999999,3.3299999999999996],[-76.41999999999999,3.3249999999999997]]]},"properties":{"value":64.3596,"sigma":14.3878}},{"type":"Feature","geometry":{"type":"Polygon","coordinates":[[[-76.41499999999999,3.3249999999999997],[-76.41,3.3249999999999997],[-76.41,3.3299999999999996],[-76.41499999999999,3.3299999999999996],[-76.41499999999999,3.3249999999999997]]]},"properties":{"value":63.8693,"sigma":14.8055}},{"type":"Feature","geometry":{"type":"Polygon","coordinates":[[[-76.41,3.3249999999999997],[-76.405,3.3249999999999997],[-76.405,3.3299999999999996],[-76.41,3.3299999999999996],[-76.41,3.3249999999999997]]]},"properties":{"value":66.0249,"sigma":15.6586}},{"type":"Feature","geometry":{"type":"Polygon","coordinates":[[[-76.40499999999999,3.3249999999999997],[-76.39999999999999,3.3249999999999997],[-76.39999999999999,3.3299999999999996],[-76.40499999999999,3.3299999999999996],[-76.40499999999999,3.3249999999999997]]]},"properties":{"value":70.0926,"sigma":15.7006}},{"type":"Feature","geometry":{"type":"Polygon","coordinates":[[[-76.6,3.33],[-76.595,3.33],[-76.595,3.335],[-76.6,3.335],[-76.6,3.33]]]},"properties":{"value":66.8021,"sigma":12.6006}},{"type":"Feature","geometry":{"type":"Polygon","coordinates":[[[-76.595,3.33],[-76.59,3.33],[-76.59,3.335],[-76.595,3.335],[-76.595,3.33]]]},"properties":{"value":67.6785,"sigma":11.9559}},{"type":"Feature","geometry":{"type":"Polygon","coordinates":[[[-76.58999999999999,3.33],[-76.585,3.33],[-76.585,3.335],[-76.58999999999999,3.335],[-76.58999999999999,3.33]]]},"properties":{"value":64.4906,"sigma":11.1031}},{"type":"Feature","geometry":{"type":"Polygon","coordinates":[[[-76.585,3.33],[-76.58,3.33],[-76.58,3.335],[-76.585,3.335],[-76.585,3.33]]]},"properties":{"value":63.4636,"sigma":10.4816}},{"type":"Feature","geometry":{"type":"Polygon","coordinates":[[[-76.58,3.33],[-76.575,3.33],[-76.575,3.335],[-76.58,3.335],[-76.58,3.33]]]},"properties":{"value":62.5971,"sigma":10.9264}},{"type":"Feature","geometry":{"type":"Polygon","coordinates":[[[-76.57499999999999,3.33],[-76.57,3.33],[-76.57,3.335],[-76.57499999999999,3.335],[-76.57499999999999,3.33]]]},"properties":{"value":64.0012,"sigma":9.8128}},{"type":"Feature","geometry":{"type":"Polygon","coordinates":[[[-76.57,3.33],[-76.565,3.33],[-76.565,3.335],[-76.57,3.335],[-76.57,3.33]]]},"properties":{"value":63.3717,"sigma":10.3956}},{"type":"Feature","geometry":{"type":"Polygon","coordinates":[[[-76.565,3.33],[-76.56,3.33],[-76.56,3.335],[-76.565,3.335],[-76.565,3.33]]]},"properties":{"value":60.9793,"sigma":9.6481}},{"type":"Feature","geometry":{"type":"Polygon","coordinates":[[[-76.55999999999999,3.33],[-76.55499999999999,3.33],[-76.55499999999999,3.335],[-76.55999999999999,3.335],[-76.55999999999999,3.33]]]},"properties":{"value":66.62,"sigma":8.8087}},{"type":"Feature","geometry":{"type":"Polygon","coordinates":[[[-76.55499999999999,3.33],[-76.55,3.33],[-76.55,3.335],[-76.55499999999999,3.335],[-76.55499999999999,3.33]]]},"properties":{"value":65.2185,"sigma":9.2158}},{"type":"Feature","geometry":{"type":"Polygon","coordinates":[[[-76.55,3.33],[-76.545,3.33],[-76.545,3.335],[-76.55,3.335],[-76.55,3.33]]]},"properties":{"value":65.4249,"sigma":8.722}},{"type":"Feature","geometry":{"type":"Polygon","coordinates":[[[-76.54499999999999,3.33],[-76.53999999999999,3.33],[-76.53999999999999,3.335],[-76.54499999999999,3.335],[-76.54499999999999,3.33]]]},"properties":{"value":67.1869,"sigma":8.7664}},{"type":"Feature","geometry":{"type":"Polygon","coordinates":[[[-76.53999999999999,3.33],[-76.535,3.33],[-76.535,3.335],[-76.53999999999999,3.335],[-76.53999999999999,3.33]]]},"properties":{"value":64.8497,"sigma":8.9218}},{"type":"Feature","geometry":{"type":"Polygon","coordinates":[[[-76.535,3.33],[-76.53,3.33],[-76.53,3.335],[-76.535,3.335],[-76.535,3.33]]]},"properties":{"value":68.042,"sigma":9.5226}},{"type":"Feature","geometry":{"type":"Polygon","coordinates":[[[-76.52999999999999,3.33],[-76.52499999999999,3.33],[-76.52499999999999,3.335],[-76.52999999999999,3.335],[-76.52999999999999,3.33]]]},"properties":{"value":64.3635,"sigma":9.1258}},{"type":"Feature","geometry":{"type":"Polygon","coordinates":[[[-76.52499999999999,3.33],[-76.52,3.33],[-76.52,3.335],[-76.52499999999999,3.335],[-76.52499999999999,3.33]]]},"properties":{"value":65.5813,"sigma":8.2008}},{"type":"Feature","geometry":{"type":"Polygon","coordinates":[[[-76.52,3.33],[-76.515,3.33],[-76.515,3.335],[-76.52,3.335],[-76.52,3.33]]]},"properties":{"value":69.5005,"sigma":9.3507}},{"type":"Feature","geometry":{"type":"Polygon","coordinates":[[[-76.51499999999999,3.33],[-76.50999999999999,3.33],[-76.50999999999999,3.335],[-76.51499999999999,3.335],[-76.51499999999999,3.33]]]},"properties":{"value":71.1762,"sigma":9.0091}},{"type":"Feature","geometry":{"type":"Polygon","coordinates":[[[-76.50999999999999,3.33],[-76.505,3.33],[-76.505,3.335],[-76.50999999999999,3.335],[-76.50999999999999,3.33]]]},"properties":{"value":67.8148,"sigma":9.3527}},{"type":"Feature","geometry":{"type":"Polygon","coordinates":[[[-76.505,3.33],[-76.5,3.33],[-76.5,3.335],[-76.505,3.335],[-76.505,3.33]]]},"properties":{"value":65.7448,"sigma":9.4669}},{"type":"Feature","geometry":{"type":"Polygon","coordinates":[[[-76.49999999999999,3.33],[-76.49499999999999,3.33],[-76.49499999999999,3.335],[-76.49999999999999,3.335],[-76.49999999999999,3.33]]]},"properties":{"value":63.02,"sigma":10.0937}},{"type":"Feature","geometry":{"type":"Polygon","coordinates":[[[-76.49499999999999,3.33],[-76.49,3.33],[-76.49,3.335],[-76.49499999999999,3.335],[-76.49499999999999,3.33]]]},"properties":{"value":64.7831,"sigma":10.0531}},{"type":"Feature","geometry":{"type":"Polygon","coordinates":[[[-76.49,3.33],[-76.485,3.33],[-76.485,3.335],[-76.49,3.335],[-76.49,3.33]]]},"properties":{"value":64.063,"sigma":10.3021}},{"type":"Feature","geometry":{"type":"Polygon","coordinates":[[[-76.48499999999999,3.33],[-76.47999999999999,3.33],[-76.47999999999999,3.335],[-76.48499999999999,3.335],[-76.48499999999999,3.33]]]},"properties":{"value":65.6073,"sigma":11.231}},{"type":"Feature","geometry":{"type":"Polygon","coordinates":[[[-76.47999999999999,3.33],[-76.475,3.33],[-76.475,3.335],[-76.47999999999999,3.335],[-76.47999999999999,3.33]]]},"properties":{"value":67.6799,"sigma":11.8685}},{"type":"Feature","geometry":{"type":"Polygon","coordinates":[[[-76.475,3.33],[-76.47,3.33],[-76.47,3.335],[-76.475,3.335],[-76.475,3.33]]]},"properties":{"value":64.9519,"sigma":11.4662}},{"type":"Feature","geometry":{"type":"Polygon","coordinates":[[[-76.47,3.33],[-76.465,3.33],[-76.465,3.335],[-76.47,3.335],[-76.47,3.33]]]},"properties":{"value":65.424,"sigma":12.217}},{"type":"Feature","geometry":{"type":"Polygon","coordinates":[[[-76.46499999999999,3.33],[-76.46,3.33],[-76.46,3.335],[-76.46499999999999,3.335],[-76.46499999999999,3.33]]]},"properties":{"value":66.679,"sigma":12.675}},{"type":"Feature","geometry":{"type":"Polygon","coordinates":[[[-76.46,3.33],[-76.455,3.33],[-76.455,3.335],[-76.46,3.335],[-76.46,3.33]]]},"properties":{"value":62.9146,"sigma":13.0132}},{"type":"Feature","geometry":{"type":"Polygon","coordinates":[[[-76.455,3.33],[-76.45,3.33],[-76.45,3.335],[-76.455,3.335],[-76.455,3.33]]]},"properties":{"value":64.652,"sigma":12.3456}},{"type":"Feature","geometry":{"type":"Polygon","coordinates":[[[-76.44999999999999,3.33],[-76.445,3.33],[-76.445,3.335],[-76.44999999999999,3.335],[-76.44999999999999,3.33]]]},"properties":{"value":66.9862,"sigma":12.9866}},{"type":"Feature","geometry":{"type":"Polygon","coordinates":[[[-76.445,3.33],[-76.44,3.33],[-76.44,3.335],[-76.445,3.335],[-76.445,3.33]]]},"properties":{"value":65.5766,"sigma":14.2875}},{"type":"Feature","geometry":{"type":"Polygon","coordinates":[[[-76.44,3.33],[-76.435,3.33],[-76.435,3.335],[-76.44,3.335],[-76.44,3.33]]]},"properties":{"value":62.5406,"sigma":14.42}},{"type":"Feature","geometry":{"type":"Polygon","coordinates":[[[-76.43499999999999,3.33],[-76.42999999999999,3.33],[-76.42999999999999,3.335],[-76.43499999999999,3.335],[-76.43499999999999,3.33]]]},"properties":{"value":66.0024,"sigma":13.8462}},{"type":"Feature","geometry":{"type":"Polygon","coordinates":[[[-76.42999999999999,3.33],[-76.425,3.33],[-76.425,3.335],[-76.42999999999999,3.335],[-76.42999999999999,3.33]]]},"properties":{"value":65.3905,"sigma":14.4228}},{"type":"Feature","geometry":{"type":"Polygon","coordinates":[[[-76.425,3.33],[-76.42,3.33],[-76.42,3.335],[-76.425,3.335],[-76.425,3.33]]]},"properties":{"value":64.9894,"sigma":14.3943}},{"type":"Feature","geometry":{"type":"Polygon","coordinates":[[[-76.41999999999999,3.33],[-76.41499999999999,3.33],[-76.41499999999999,3.335],[-76.41999999999999,3.335],[-76.41999999999999,3.33]]]},"properties":{"value":66.195,"sigma":14.6319}},{"type":"Feature","geometry":{"type":"Polygon","coordinates":[[[-76.41499999999999,3.33],[-76.41,3.33],[-76.41,3.335],[-76.41499999999999,3.335],[-76.41499999999999,3.33]]]},"properties":{"value":65.1451,"sigma":14.8471}},{"type":"Feature","geometry":{"type":"Polygon","coordinates":[[[-76.41,3.33],[-76.405,3.33],[-76.405,3.335],[-76.41,3.335],[-76.41,3.33]]]},"properties":{"value":63.9295,"sigma":15.2827}},{"type":"Feature","geometry":{"type":"Polygon","coordinates":[[[-76.40499999999999,3.33],[-76.39999999999999,3.33],[-76.39999999999999,3.335],[-76.40499999999999,3.335],[-76.40499999999999,3.33]]]},"properties":{"value":66.6383,"sigma":15.6153}},{"type":"Feature","geometry":{"type":"Polygon","coordinates":[[[-76.6,3.335],[-76.595,3.335],[-76.595,3.34],[-76.6,3.34],[-76.6,3.335]]]},"properties":{"value":65.1526,"sigma":11.795}},{"type":"Feature","geometry":{"type":"Polygon","coordinates":[[[-76.595,3.335],[-76.59,3.335],[-76.59,3.34],[-76.595,3.34],[-76.595,3.335]]]},"properties":{"value":63.2229,"sigma":10.4769}},{"type":"Feature","geometry":{"type":"Polygon","coordinates":[[[-76.58999999999999,3.335],[-76.585,3.335],[-76.585,3.34],[-76.58999999999999,3.34],[-76.58999999999999,3.335]]]},"properties":{"value":68.2211,"sigma":10.6367}},{"type":"Feature","geometry":{"type":"Polygon","coordinates":[[[-76.585,3.335],[-76.58,3.335],[-76.58,3.34],[-76.585,3.34],[-76.585,3.335]]]},"properties":{"value":65.1087,"sigma":10.9839}},{"type":"Feature","geometry":{"type":"Polygon","coordinates":[[[-76.58,3.335],[-76.575,3.335],[-76.575,3.34],[-76.58,3.34],[-76.58,3.335]]]},"properties":{"value":61.447,"sigma":10.4385}},{"type":"Feature","geometry":{"type":"Polygon","coordinates":[[[-76.57499999999999,3.335],[-76.57,3.335],[-76.57,3.34],[-76.57499999999999,3.34],[-76.57499999999999,3.335]]]},"properties":{"value":64.47,"sigma":10.1268}},{"type":"Feature","geometry":{"type":"Polygon","coordinates":[[[-76.57,3.335],[-76.565,3.335],[-76.565,3.34],[-76.57,3.34],[-76.57,3.335]]]},"properties":{"value":63.2254,"sigma":10.1352}},{"type":"Feature","geometry":{"type":"Polygon","coordinates":[[[-76.565,3.335],[-76.56,3.335],[-76.56,3.34],[-76.565,3.34],[-76.565,3.335]]]},"properties":{"value":67.5128,"sigma":8.5295}},{"type":"Feature","geometry":{"type":"Polygon","coordinates":[[[-76.55999999999999,3.335],[-76.55499999999999,3.335],[-76.55499999999999,3.34],[-76.55999999999999,3.34],[-76.55999999999999,3.335]]]},"properties":{"value":66.7847,"sigma":9.6217}},{"type":"Feature","geometry":{"type":"Polygon","coordinates":[[[-76.55499999999999,3.335],[-76.55,3.335],[-76.55,3.34],[-76.55499999999999,3.34],[-76.55499999999999,3.335]]]},"properties":{"value":68.5012,"sigma":8.5434}},{"type":"Feature","geometry":{"type":"Polygon","coordinates":[[[-76.55,3.335],[-76.545,3.335],[-76.545,3.34],[-76.55,3.34],[-76.55,3.335]]]},"properties":{"value":71.4146,"sigma":8.5904}},{"type":"Feature","geometry":{"type":"Polygon","coordinates":[[[-76.54499999999999,3.335],[-76.53999999999999,3.335],[-76.53999999999999,3.34],[-76.54499999999999,3.34],[-76.54499999999999,3.335]]]},"properties":{"value":68.4891,"sigma":7.9962}},{"type":"Feature","geometry":{"type":"Polygon","coordinates":[[[-76.53999999999999,3.335],[-76.535,3.335],[-76.535,3.34],[-76.53999999999999,3.34],[-76.53999999999999,3.335]]]},"properties":{"value":69.6558,"sigma":9.0792}},{"type":"Feature","geometry":{"type":"Polygon","coordinates":[[[-76.535,3.335],[-76.53,3.335],[-76.53,3.34],[-76.535,3.34],[-76.535,3.335]]]},"properties":{"value":69.136,"sigma":8.9375}},{"type":"Feature","geometry":{"type":"Polygon","coordinates":[[[-76.52999999999999,3.335],[-76.52499999999999,3.335],[-76.52499999999999,3.34],[-76.52999999999999,3.34],[-76.52999999999999,3.335]]]},"properties":{"value":72.43,"sigma":8.4674}},{"type":"Feature","geometry":{"type":"Polygon","coordinates":[[[-76.52499999999999,3.335],[-76.52,3.335],[-76.52,3.34],[-76.52499999999999,3.34],[-76.52499999999999,3.335]]]},"properties":{"value":75.5374,"sigma":7.9169}},{"type":"Feature","geometry":{"type":"Polygon","coordinates":[[[-76.52,3.335],[-76.515,3.335],[-76.515,3.34],[-76.52,3.34],[-76.52,3.335]]]},"properties":{"value":74.7925,"sigma":8.5418}},{"type":"Feature","geometry":{"type":"Polygon","coordinates":[[[-76.51499999999999,3.335],[-76.50999999999999,3.335],[-76.50999999999999,3.34],[-76.51499999999999,3.34],[-76.51499999999999,3.335]]]},"properties":{"value":70.8498,"sigma":8.9629}},{"type":"Feature","geometry":{"type":"Polygon","coordinates":[[[-76.50999999999999,3.335],[-76.505,3.335],[-76.505,3.34],[-76.50999999999999,3.34],[-76.50999999999999,3.335]]]},"properties":{"value":75.2628,"sigma":8.713}},{"type":"Feature","geometry":{"type":"Polygon","coordinates":[[[-76.505,3.335],[-76.5,3.335],[-76.5,3.34],[-76.505,3.34],[-76.505,3.335]]]},"properties":{"value":67.8534,"sigma":9.0844}},{"type":"Feature","geometry":{"type":"Polygon","coordinates":[[[-76.49999999999999,3.335],[-76.49499999999999,3.335],[-76.49499999999999,3.34],[-76.49999999999999,3.34],[-76.49999999999999,3.335]]]},"properties":{"value":71.8868,"sigma":10.0654}},{"type":"Feature","geometry":{"type":"Polygon","coordinates":[[[-76.49499999999999,3.335],[-76.49,3.335],[-76.49,3.34],[-76.49499999999999,3.34],[-76.49499999999999,3.335]]]},"properties":{"value":66.2718,"sigma":9.8687}},{"type":"Feature","geometry":{"type":"Polygon","coordinates":[[[-76.49,3.335],[-76.485,3.335],[-76.485,3.34],[-76.49,3.34],[-76.49,3.335]]]},"properties":{"value":64.2335,"sigma":10.4273}},{"type":"Feature","geometry":{"type":"Polygon","coordinates":[[[-76.48499999999999,3.335],[-76.47999999999999,3.335],[-76.47999999999999,3.34],[-76.48499999999999,3.34],[-76.48499999999999,3.335]]]},"properties":{"value":64.9092,"sigma":10.846}},{"type":"Feature","geometry":{"type":"Polygon","coordinates":[[[-76.47999999999999,3.335],[-76.475,3.335],[-76.475,3.34],[-76.47999999999999,3.34],[-76.47999999999999,3.335]]]},"properties":{"value":61.7116,"sigma":10.0225}},{"type":"Feature","geometry":{"type":"Polygon","coordinates":[[[-76.475,3.335],[-76.47,3.335],[-76.47,3.34],[-76.475,3.34],[-76.475,3.335]]]},"properties":{"value":64.2781,"sigma":11.6095}},{"type":"Feature","geometry":{"type":"Polygon","coordinates":[[[-76.47,3.335],[-76.465,3.335],[-76.465,3.34],[-76.47,3.34],[-76.47,3.335]]]},"properties":{"value":69.0897,"sigma":11.6865}},{"type":"Feature","geometry":{"type":"Polygon","coordinates":[[[-76.46499999999999,3.335],[-76.46,3.335],[-76.46,3.34],[-76.46499999999999,3.34],[-76.46499999999999,3.335]]]},"properties":{"value":66.5214,"sigma":11.9036}},{"type":"Feature","geometry":{"type":"Polygon","coordinates":[[[-76.46,3.335],[-76.455,3.335],[-76.455,3.34],[-76.46,3.34],[-76.46,3.335]]]},"properties":{"value":64.8312,"sigma":11.963}},{"type":"Feature","geometry":{"type":"Polygon","coordinates":[[[-76.455,3.335],[-76.45,3.335],[-76.45,3.34],[-76.455,3.34],[-76.455,3.335]]]},"properties":{"value":64.9106,"sigma":12.8352}},{"type":"Feature","geometry":{"type":"Polygon","coordinates":[[[-76.44999999999999,3.335],[-76.445,3.335],[-76.445,3.34],[-76.44999999999999,3.34],[-76.44999999999999,3.335]]]},"properties":{"value":64.5116,"sigma":13.2517}},{"type":"Feature","geometry":{"type":"Polygon","coordinates":[[[-76.445,3.335],[-76.44,3.335],[-76.44,3.34],[-76.445,3.34],[-76.445,3.335]]]},"properties":{"value":66.4598,"sigma":13.5683}},{"type":"Feature","geometry":{"type":"Polygon","coordinates":[[[-76.44,3.335],[-76.435,3.335],[-76.435,3.34],[-76.44,3.34],[-76.44,3.335]]]},"properties":{"value":67.7699,"sigma":13.2671}},{"type":"Feature","geometry":{"type":"Polygon","coordinates":[[[-76.43499999999999,3.335],[-76.42999999999999,3.335],[-76.42999999999999,3.34],[-76.43499999999999,3.34],[-76.43499999999999,3.335]]]},"properties":{"value":64.9738,"sigma":13.0803}},{"type":"Feature","geometry":{"type":"Polygon","coordinates":[[[-76.42999999999999,3.335],[-76.425,3.335],[-76.425,3.34],[-76.42999999999999,3.34],[-76.42999999999999,3.335]]]},"properties":{"value":64.1934,"sigma":13.384}},{"type":"Feature","geometry":{"type":"Polygon","coordinates":[[[-76.425,3.335],[-76.42,3.335],[-76.42,3.34],[-76.425,3.34],[-76.425,3.335]]]},"properties":{"value":65.1139,"sigma":13.7073}},{"type":"Feature","geometry":{"type":"Polygon","coordinates":[[[-76.41999999999999,3.335],[-76.41499999999999,3.335],[-76.41499999999999,3.34],[-76.41999999999999,3.34],[-76.41999999999999,3.335]]]},"properties":{"value":67.1884,"sigma":14.2683}},{"type":"Feature","geometry":{"type":"Polygon","coordinates":[[[-76.41499999999999,3.335],[-76.41,3.335],[-76.41,3.34],[-76.41499999999999,3.34],[-76.41499999999999,3.335]]]},"properties":{"value":64.5532,"sigma":14.8289}},{"type":"Feature","geometry":{"type":"Polygon","coordinates":[[[-76.41,3.335],[-76.405,3.335],[-76.405,3.34],[-76.41,3.34],[-76.41,3.335]]]},"properties":{"value":63.3367,"sigma":14.2339}},{"type":"Feature","geometry":{"type":"Polygon","coordinates":[[[-76.40499999999999,3.335],[-76.39999999999999,3.335],[-76.39999999999999,3.34],[-76.40499999999999,3.34],[-76.40499999999999,3.335]]]},"properties":{"value":61.5502,"sigma":14.2243}},{"type":"Feature","geometry":{"type":"Polygon","coordinates":[[[-76.6,3.34],[-76.595,3.34],[-76.595,3.3449999999999998],[-76.6,3.3449999999999998],[-76.6,3.34]]]},"properties":{"value":62.6077,"sigma":12.1524}},{"type":"Feature","geometry":{"type":"Polygon","coordinates":[[[-76.595,3.34],[-76.59,3.34],[-76.59,3.3449999999999998],[-76.595,3.3449999999999998],[-76.595,3.34]]]},"properties":{"value":67.4874,"sigma":11.0505}},{"type":"Feature","geometry":{"type":"Polygon","coordinates":[[[-76.58999999999999,3.34],[-76.585,3.34],[-76.585,3.3449999999999998],[-76.58999999999999,3.3449999999999998],[-76.58999999999999,3.34]]]},"properties":{"value":64.8578,"sigma":9.7092}},{"type":"Feature","geometry":{"type":"Polygon","coordinates":[[[-76.585,3.34],[-76.58,3.34],[-76.58,3.3449999999999998],[-76.585,3.3449999999999998],[-76.585,3.34]]]},"properties":{"value":65.241,"sigma":10.1216}},{"type":"Feature","geometry":{"type":"Polygon","coordinates":[[[-76.58,3.34],[-76.575,3.34],[-76.575,3.3449999999999998],[-76.58,3.3449999999999998],[-76.58,3.34]]]},"properties":{"value":66.8286,"sigma":10.3338}},{"type":"Feature","geometry":{"type":"Polygon","coordinates":[[[-76.57499999999999,3.34],[-76.57,3.34],[-76.57,3.3449999999999998],[-76.57499999999999,3.3449999999999998],[-76.57499999999999,3.34]]]},"properties":{"value":65.536,"sigma":9.931}},{"type":"Feature","geometry":{"type":"Polygon","coordinates":[[[-76.57,3.34],[-76.565,3.34],[-76.565,3.3449999999999998],[-76.57,3.3449999999999998],[-76.57,3.34]]]},"properties":{"value":64.1047,"sigma":9.5541}},{"type":"Feature","geometry":{"type":"Polygon","coordinates":[[[-76.565,3.34],[-76.56,3.34],[-76.56,3.3449999999999998],[-76.565,3.3449999999999998],[-76.565,3.34]]]},"properties":{"value":69.0107,"sigma":7.9196}},{"type":"Feature","geometry":{"type":"Polygon","coordinates":[[[-76.55999999999999,3.34],[-76.55499999999999,3.34],[-76.55499999999999,3.3449999999999998],[-76.55999999999999,3.3449999999999998],[-76.55999999999999,3.34]]]},"properties":{"value":67.13,"sigma":9.2733}},{"type":"Feature","geometry":{"type":"Polygon","coordinates":[[[-76.55499999999999,3.34],[-76.55,3.34],[-76.55,3.3449999999999998],[-76.55499999999999,3.3449999999999998],[-76.55499999999999,3.34]]]},"properties":{"value":66.851,"sigma":8.8687}},{"type":"Feature","geometry":{"type":"Polygon","coordinates":[[[-76.55,3.34],[-76.545,3.34],[-76.545,3.3449999999999998],[-76.55,3.3449999999999998],[-76.55,3.34]]]},"properties":{"value":66.9805,"sigma":7.3075}},{"type":"Feature","geometry":{"type":"Polygon","coordinates":[[[-76.54499999999999,3.34],[-76.53999999999999,3.34],[-76.53999999999999,3.3449999999999998],[-76.54499999999999,3.3449999999999998],[-76.54499999999999,3.34]]]},"properties":{"value":69.2084,"sigma":7.9212}},{"type":"Feature","geometry":{"type":"Polygon","coordinates":[[[-76.53999999999999,3.34],[-76.535,3.34],[-76.535,3.3449999999999998],[-76.53999999999999,3.3449999999999998],[-76.53999999999999,3.34]]]},"properties":{"value":76.8187,"sigma":7.8695}},{"type":"Feature","geometry":{"type":"Polygon","coordinates":[[[-76.535,3.34],[-76.53,3.34],[-76.53,3.3449999999999998],[-76.535,3.3449999999999998],[-76.535,3.34]]]},"properties":{"value":73.4506,"sigma":7.9951}},{"type":"Feature","geometry":{"type":"Polygon","coordinates":[[[-76.52999999999999,3.34],[-76.52499999999999,3.34],[-76.52499999999999,3.3449999999999998],[-76.52999999999999,3.3449999999999998],[-76.52999999999999,3.34]]]},"properties":{"value":77.3295,"sigma":8.1131}},{"type":"Feature","geometry":{"type":"Polygon","coordinates":[[[-76.52499999999999,3.34],[-76.52,3.34],[-76.52,3.3449999999999998],[-76.52499999999999,3.3449999999999998],[-76.52499999999999,3.34]]]},"properties":{"value":75.3942,"sigma":8.106}},{"type":"Feature","geometry":{"type":"Polygon","coordinates":[[[-76.52,3.34],[-76.515,3.34],[-76.515,3.3449999999999998],[-76.52,3.3449999999999998],[-76.52,3.34]]]},"properties":{"value":77.1134,"sigma":8.5174}},{"type":"Feature","geometry":{"type":"Polygon","coordinates":[[[-76.51499999999999,3.34],[-76.50999999999999,3.34],[-76.50999999999999,3.3449999999999998],[-76.51499999999999,3.3449999999999998],[-76.51499999999999,3.34]]]},"properties":{"value":75.9652,"sigma":8.9374}},{"type":"Feature","geometry":{"type":"Polygon","coordinates":[[[-76.50999999999999,3.34],[-76.505,3.34],[-76.505,3.3449999999999998],[-76.50999999999999,3.3449999999999998],[-76.50999999999999,3.34]]]},"properties":{"value":71.9714,"sigma":7.9074}},{"type":"Feature","geometry":{"type":"Polygon","coordinates":[[[-76.505,3.34],[-76.5,3.34],[-76.5,3.3449999999999998],[-76.505,3.3449999999999998],[-76.505,3.34]]]},"properties":{"value":70.6781,"sigma":9.3055}},{"type":"Feature","geometry":{"type":"Polygon","coordinates":[[[-76.49999999999999,3.34],[-76.49499999999999,3.34],[-76.49499999999999,3.3449999999999998],[-76.49999999999999,3.3449999999999998],[-76.49999999999999,3.34]]]},"properties":{"value":72.979,"sigma":8.6715}},{"type":"Feature","geometry":{"type":"Polygon","coordinates":[[[-76.49499999999999,3.34],[-76.49,3.34],[-76.49,3.3449999999999998],[-76.49499999999999,3.3449999999999998],[-76.49499999999999,3.34]]]},"properties":{"value":67.4809,"sigma":9.9094}},{"type":"Feature","geometry":{"type":"Polygon","coordinates":[[[-76.49,3.34],[-76.485,3.34],[-76.485,3.3449999999999998],[-76.49,3.3449999999999998],[-76.49,3.34]]]},"properties":{"value":68.894,"sigma":10.2303}},{"type":"Feature","geometry":{"type":"Polygon","coordinates":[[[-76.48499999999999,3.34],[-76.47999999999999,3.34],[-76.47999999999999,3.3449999999999998],[-76.48499999999999,3.3449999999999998],[-76.48499999999999,3.34]]]},"properties":{"value":67.8025,"sigma":10.7875}},{"type":"Feature","geometry":{"type":"Polygon","coordinates":[[[-76.47999999999999,3.34],[-76.475,3.34],[-76.475,3.3449999999999998],[-76.47999999999999,3.3449999999999998],[-76.47999999999999,3.34]]]},"properties":{"value":68.9883,"sigma":10.8466}},{"type":"Feature","geometry":{"type":"Polygon","coordinates":[[[-76.475,3.34],[-76.47,3.34],[-76.47,3.3449999999999998],[-76.475,3.3449999999999998],[-76.475,3.34]]]},"properties":{"value":65.3196,"sigma":10.371}},{"type":"Feature","geometry":{"type":"Polygon","coordinates":[[[-76.47,3.34],[-76.465,3.34],[-76.465,3.3449999999999998],[-76.47,3.3449999999999998],[-76.47,3.34]]]},"properties":{"value":66.5234,"sigma":11.5493}},{"type":"Feature","geometry":{"type":"Polygon","coordinates":[[[-76.46499999999999,3.34],[-76.46,3.34],[-76.46,3.3449999999999998],[-76.46499999999999,3.3449999999999998],[-76.46499999999999,3.34]]]},"properties":{"value":63.0361,"sigma":11.2713}},{"type":"Feature","geometry":{"type":"Polygon","coordinates":[[[-76.46,3.34],[-76.455,3.34],[-76.455,3.3449999999999998],[-76.46,3.3449999999999998],[-76.46,3.34]]]},"properties":{"value":63.1738,"sigma":12.8576}},{"type":"Feature","geometry":{"type":"Polygon","coordinates":[[[-76.455,3.34],[-76.45,3.34],[-76.45,3.3449999999999998],[-76.455,3.3449999999999998],[-76.455,3.34]]]},"properties":{"value":65.7531,"sigma":12.1595}},{"type":"Feature","geometry":{"type":"Polygon","coordinates":[[[-76.44999999999999,3.34],[-76.445,3.34],[-76.445,3.3449999999999998],[-76.44999999999999,3.3449999999999998],[-76.44999999999999,3.34]]]},"properties":{"value":68.4663,"sigma":12.2577}},{"type":"Feature","geometry":{"type":"Polygon","coordinates":[[[-76.445,3.34],[-76.44,3.34],[-76.44,3.3449999999999998],[-76.445,3.3449999999999998],[-76.445,3.34]]]},"properties":{"value":67.1705,"sigma":12.6355}},{"type":"Feature","geometry":{"type":"Polygon","coordinates":[[[-76.44,3.34],[-76.435,3.34],[-76.435,3.3449999999999998],[-76.44,3.3449999999999998],[-76.44,3.34]]]},"properties":{"value":71.5227,"sigma":12.661}},{"type":"Feature","geometry":{"type":"Polygon","coordinates":[[[-76.43499999999999,3.34],[-76.42999999999999,3.34],[-76.42999999999999,3.3449999999999998],[-76.43499999999999,3.3449999999999998],[-76.43499999999999,3.34]]]},"properties":{"value":71.6851,"sigma":13.5654}},{"type":"Feature","geometry":{"type":"Polygon","coordinates":[[[-76.42999999999999,3.34],[-76.425,3.34],[-76.425,3.3449999999999998],[-76.42999999999999,3.3449999999999998],[-76.42999999999999,3.34]]]},"properties":{"value":69.8623,"sigma":13.4962}},{"type":"Feature","geometry":{"type":"Polygon","coordinates":[[[-76.425,3.34],[-76.42,3.34],[-76.42,3.3449999999999998],[-76.425,3.3449999999999998],[-76.425,3.34]]]},"properties":{"value":67.6258,"sigma":13.5039}},{"type":"Feature","geometry":{"type":"Polygon","coordinates":[[[-76.41999999999999,3.34],[-76.41499999999999,3.34],[-76.41499999999999,3.3449999999999998],[-76.41999999999999,3.3449999999999998],[-76.41999999999999,3.34]]]},"properties":{"value":70.185,"sigma":14.2021}},{"type":"Feature","geometry":{"type":"Polygon","coordinates":[[[-76.41499999999999,3.34],[-76.41,3.34],[-76.41,3.3449999999999998],[-76.41499999999999,3.3449999999999998],[-76.41499999999999,3.34]]]},"properties":{"value":65.5851,"sigma":15.2105}},{"type":"Feature","geometry":{"type":"Polygon","coordinates":[[[-76.41,3.34],[-76.405,3.34],[-76.405,3.3449999999999998],[-76.41,3.3449999999999998],[-76.41,3.34]]]},"properties":{"value":64.3205,"sigma":13.9259}},{"type":"Feature","geometry":{"type":"Polygon","coordinates":[[[-76.40499999999999,3.34],[-76.39999999999999,3.34],[-76.39999999999999,3.3449999999999998],[-76.40499999999999,3.3449999999999998],[-76.40499999999999,3.34]]]},"properties":{"value":65.291,"sigma":14.5247}},{"type":"Feature","geometry":{"type":"Polygon","coordinates":[[[-76.6,3.3449999999999998],[-76.595,3.3449999999999998],[-76.595,3.3499999999999996],[-76.6,3.3499999999999996],[-76.6,3.3449999999999998]]]},"properties":{"value":68.3657,"sigma":10.7747}},{"type":"Feature","geometry":{"type":"Polygon","coordinates":[[[-76.595,3.3449999999999998],[-76.59,3.3449999999999998],[-76.59,3.3499999999999996],[-76.595,3.3499999999999996],[-76.595,3.3449999999999998]]]},"properties":{"value":68.0904,"sigma":11.1695}},{"type":"Feature","geometry":{"type":"Polygon","coordinates":[[[-76.58999999999999,3.3449999999999998],[-76.585,3.3449999999999998],[-76.585,3.3499999999999996],[-76.58999999999999,3.3499999999999996],[-76.58999999999999,3.3449999999999998]]]},"properties":{"value":67.1976,"sigma":10.8916}},{"type":"Feature","geometry":{"type":"Polygon","coordinates":[[[-76.585,3.3449999999999998],[-76.58,3.3449999999999998],[-76.58,3.3499999999999996],[-76.585,3.3499999999999996],[-76.585,3.3449999999999998]]]},"properties":{"value":64.4422,"sigma":9.3794}},{"type":"Feature","geometry":{"type":"Polygon","coordinates":[[[-76.58,3.3449999999999998],[-76.575,3.3449999999999998],[-76.575,3.3499999999999996],[-76.58,3.3499999999999996],[-76.58,3.3449999999999998]]]},"properties":{"value":66.362,"sigma":10.1177}},{"type":"Feature","geometry":{"type":"Polygon","coordinates":[[[-76.57499999999999,3.3449999999999998],[-76.57,3.3449999999999998],[-76.57,3.3499999999999996],[-76.57499999999999,3.3499999999999996],[-76.57499999999999,3.3449999999999998]]]},"properties":{"value":61.9177,"sigma":9.1821}},{"type":"Feature","geometry":{"type":"Polygon","coordinates":[[[-76.57,3.3449999999999998],[-76.565,3.3449999999999998],[-76.565,3.3499999999999996],[-76.57,3.3499999999999996],[-76.57,3.3449999999999998]]]},"properties":{"value":62.6358,"sigma":8.2976}},{"type":"Feature","geometry":{"type":"Polygon","coordinates":[[[-76.565,3.3449999999999998],[-76.56,3.3449999999999998],[-76.56,3.3499999999999996],[-76.565,3.3499999999999996],[-76.565,3.3449999999999998]]]},"properties":{"value":66.6366,"sigma":8.112}},{"type":"Feature","geometry":{"type":"Polygon","coordinates":[[[-76.55999999999999,3.3449999999999998],[-76.55499999999999,3.3449999999999998],[-76.55499999999999,3.3499999999999996],[-76.55999999999999,3.3499999999999996],[-76.55999999999999,3.3449999999999998]]]},"properties":{"value":65.3435,"sigma":8.0041}},{"type":"Feature","geometry":{"type":"Polygon","coordinates":[[[-76.55499999999999,3.3449999999999998],[-76.55,3.3449999999999998],[-76.55,3.3499999999999996],[-76.55499999999999,3.3499999999999996],[-76.55499999999999,3.3449999999999998]]]},"properties":{"value":63.7471,"sigma":8.0871}},{"type":"Feature","geometry":{"type":"Polygon","coordinates":[[[-76.55,3.3449999999999998],[-76.545,3.3449999999999998],[-76.545,3.3499999999999996],[-76.55,3.3499999999999996],[-76.55,3.3449999999999998]]]},"properties":{"value":68.1086,"sigma":7.9552}},{"type":"Feature","geometry":{"type":"Polygon","coordinates":[[[-76.54499999999999,3.3449999999999998],[-76.53999999999999,3.3449999999999998],[-76.53999999999999,3.3499999999999996],[-76.54499999999999,3.3499999999999996],[-76.54499999999999,3.3449999999999998]]]},"properties":{"value":72.5733,"sigma":7.4274}},{"type":"Feature","geometry":{"type":"Polygon","coordinates":[[[-76.53999999999999,3.3449999999999998],[-76.535,3.3449999999999998],[-76.535,3.3499999999999996],[-76.53999999999999,3.3499999999999996],[-76.53999999999999,3.3449999999999998]]]},"properties":{"value":74.3653,"sigma":7.3219}},{"type":"Feature","geometry":{"type":"Polygon","coordinates":[[[-76.535,3.3449999999999998],[-76.53,3.3449999999999998],[-76.53,3.3499999999999996],[-76.535,3.3499999999999996],[-76.535,3.3449999999999998]]]},"properties":{"value":81.0082,"sigma":7.5511}},{"type":"Feature","geometry":{"type":"Polygon","coordinates":[[[-76.52999999999999,3.3449999999999998],[-76.52499999999999,3.3449999999999998],[-76.52499999999999,3.3499999999999996],[-76.52999999999999,3.3499999999999996],[-76.52999999999999,3.3449999999999998]]]},"properties":{"value":82.5226,"sigma":6.6602}},{"type":"Feature","geometry":{"type":"Polygon","coordinates":[[[-76.52499999999999,3.3449999999999998],[-76.52,3.3449999999999998],[-76.52,3.3499999999999996],[-76.52499999999999,3.3499999999999996],[-76.52499999999999,3.3449999999999998]]]},"properties":{"value":82.7074,"sigma":7.4899}},{"type":"Feature","geometry":{"type":"Polygon","coordinates":[[[-76.52,3.3449999999999998],[-76.515,3.3449999999999998],[-76.515,3.3499999999999996],[-76.52,3.3499999999999996],[-76.52,3.3449999999999998]]]},"properties":{"value":87.5762,"sigma":8.2667}},{"type":"Feature","geometry":{"type":"Polygon","coordinates":[[[-76.51499999999999,3.3449999999999998],[-76.50999999999999,3.3449999999999998],[-76.50999999999999,3.3499999999999996],[-76.51499999999999,3.3499999999999996],[-76.51499999999999,3.3449999999999998]]]},"properties":{"value":83.8657,"sigma":8.9392}},{"type":"Feature","geometry":{"type":"Polygon","coordinates":[[[-76.50999999999999,3.3449999999999998],[-76.505,3.3449999999999998],[-76.505,3.3499999999999996],[-76.50999999999999,3.3499999999999996],[-76.50999999999999,3.3449999999999998]]]},"properties":{"value":78.2052,"sigma":8.1929}},{"type":"Feature","geometry":{"type":"Polygon","coordinates":[[[-76.505,3.3449999999999998],[-76.5,3.3449999999999998],[-76.5,3.3499999999999996],[-76.505,3.3499999999999996],[-76.505,3.3449999999999998]]]},"properties":{"value":80.3932,"sigma":8.4592}},{"type":"Feature","geometry":{"type":"Polygon","coordinates":[[[-76.49999999999999,3.3449999999999998],[-76.49499999999999,3.3449999999999998],[-76.49499999999999,3.3499999999999996],[-76.49999999999999,3.3499999999999996],[-76.49999999999999,3.3449999999999998]]]},"properties":{"value":73.88,"sigma":8.366}},{"type":"Feature","geometry":{"type":"Polygon","coordinates":[[[-76.49499999999999,3.3449999999999998],[-76.49,3.3449999999999998],[-76.49,3.3499999999999996],[-76.49499999999999,3.3499999999999996],[-76.49499999999999,3.3449999999999998]]]},"properties":{"value":66.7134,"sigma":8.6287}},{"type":"Feature","geometry":{"type":"Polygon","coordinates":[[[-76.49,3.3449999999999998],[-76.485,3.3449999999999998],[-76.485,3.3499999999999996],[-76.49,3.3499999999999996],[-76.49,3.3449999999999998]]]},"properties":{"value":71.3265,"sigma":10.1173}},{"type":"Feature","geometry":{"type":"Polygon","coordinates":[[[-76.48499999999999,3.3449999999999998],[-76.47999999999999,3.3449999999999998],[-76.47999999999999,3.3499999999999996],[-76.48499999999999,3.3499999999999996],[-76.48499999999999,3.3449999999999998]]]},"properties":{"value":72.8001,"sigma":9.7772}},{"type":"Feature","geometry":{"type":"Polygon","coordinates":[[[-76.47999999999999,3.3449999999999998],[-76.475,3.3449999999999998],[-76.475,3.3499999999999996],[-76.47999999999999,3.3499999999999996],[-76.47999999999999,3.3449999999999998]]]},"properties":{"value":68.7617,"sigma":10.4657}},{"type":"Feature","geometry":{"type":"Polygon","coordinates":[[[-76.475,3.3449999999999998],[-76.47,3.3449999999999998],[-76.47,3.3499999999999996],[-76.475,3.3499999999999996],[-76.475,3.3449999999999998]]]},"properties":{"value":66.2238,"sigma":10.9159}},{"type":"Feature","geometry":{"type":"Polygon","coordinates":[[[-76.47,3.3449999999999998],[-76.465,3.3449999999999998],[-76.465,3.3499999999999996],[-76.47,3.3499999999999996],[-76.47,3.3449999999999998]]]},"properties":{"value":63.9498,"sigma":11.0622}},{"type":"Feature","geometry":{"type":"Polygon","coordinates":[[[-76.46499999999999,3.3449999999999998],[-76.46,3.3449999999999998],[-76.46,3.3499999999999996],[-76.46499999999999,3.3499999999999996],[-76.46499999999999,3.3449999999999998]]]},"properties":{"value":68.8868,"sigma":11.5784}},{"type":"Feature","geometry":{"type":"Polygon","coordinates":[[[-76.46,3.3449999999999998],[-76.455,3.3449999999999998],[-76.455,3.3499999999999996],[-76.46,3.3499999999999996],[-76.46,3.3449999999999998]]]},"properties":{"value":66.7219,"sigma":11.5257}},{"type":"Feature","geometry":{"type":"Polygon","coordinates":[[[-76.455,3.3449999999999998],[-76.45,3.3449999999999998],[-76.45,3.3499999999999996],[-76.455,3.3499999999999996],[-76.455,3.3449999999999998]]]},"properties":{"value":69.3897,"sigma":12.111}},{"type":"Feature","geometry":{"type":"Polygon","coordinates":[[[-76.44999999999999,3.3449999999999998],[-76.445,3.3449999999999998],[-76.445,3.3499999999999996],[-76.44999999999999,3.3499999999999996],[-76.44999999999999,3.3449999999999998]]]},"properties":{"value":73.1046,"sigma":12.4504}},{"type":"Feature","geometry":{"type":"Polygon","coordinates":[[[-76.445,3.3449999999999998],[-76.44,3.3449999999999998],[-76.44,3.3499999999999996],[-76.445,3.3499999999999996],[-76.445,3.3449999999999998]]]},"properties":{"value":72.7563,"sigma":12.4894}},{"type":"Feature","geometry":{"type":"Polygon","coordinates":[[[-76.44,3.3449999999999998],[-76.435,3.3449999999999998],[-76.435,3.3499999999999996],[-76.44,3.3499999999999996],[-76.44,3.3449999999999998]]]},"properties":{"value":77.3248,"sigma":13.2319}},{"type":"Feature","geometry":{"type":"Polygon","coordinates":[[[-76.43499999999999,3.3449999999999998],[-76.42999999999999,3.3449999999999998],[-76.42999999999999,3.3499999999999996],[-76.43499999999999,3.3499999999999996],[-76.43499999999999,3.3449999999999998]]]},"properties":{"value":75.7302,"sigma":12.4792}},{"type":"Feature","geometry":{"type":"Polygon","coordinates":[[[-76.42999999999999,3.3449999999999998],[-76.425,3.3449999999999998],[-76.425,3.3499999999999996],[-76.42999999999999,3.3499999999999996],[-76.42999999999999,3.3449999999999998]]]},"properties":{"value":73.7917,"sigma":12.8368}},{"type":"Feature","geometry":{"type":"Polygon","coordinates":[[[-76.425,3.3449999999999998],[-76.42,3.3449999999999998],[-76.42,3.3499999999999996],[-76.425,3.3499999999999996],[-76.425,3.3449999999999998]]]},"properties":{"value":68.8902,"sigma":12.841}},{"type":"Feature","geometry":{"type":"Polygon","coordinates":[[[-76.41999999999999,3.3449999999999998],[-76.41499999999999,3.3449999999999998],[-76.41499999999999,3.3499999999999996],[-76.41999999999999,3.3499999999999996],[-76.41999999999999,3.3449999999999998]]]},"properties":{"value":71.1821,"sigma":13.1893}},{"type":"Feature","geometry":{"type":"Polygon","coordinates":[[[-76.41499999999999,3.3449999999999998],[-76.41,3.3449999999999998],[-76.41,3.3499999999999996],[-76.41499999999999,3.3499999999999996],[-76.41499999999999,3.3449999999999998]]]},"properties":{"value":67.9045,"sigma":13.9853}},{"type":"Feature","geometry":{"type":"Polygon","coordinates":[[[-76.41,3.3449999999999998],[-76.405,3.3449999999999998],[-76.405,3.3499999999999996],[-76.41,3.3499999999999996],[-76.41,3.3449999999999998]]]},"properties":{"value":60.2009,"sigma":13.6117}},{"type":"Feature","geometry":{"type":"Polygon","coordinates":[[[-76.40499999999999,3.3449999999999998],[-76.39999999999999,3.3449999999999998],[-76.39999999999999,3.3499999999999996],[-76.40499999999999,3.3499999999999996],[-76.40499999999999,3.3449999999999998]]]},"properties":{"value":63.2933,"sigma":14.0552}},{"type":"Feature","geometry":{"type":"Polygon","coordinates":[[[-76.6,3.35],[-76.595,3.35],[-76.595,3.355],[-76.6,3.355],[-76.6,3.35]]]},"properties":{"value":67.6106,"sigma":11.1658}},{"type":"Feature","geometry":{"type":"Polygon","coordinates":[[[-76.595,3.35],[-76.59,3.35],[-76.59,3.355],[-76.595,3.355],[-76.595,3.35]]]},"properties":{"value":65.0099,"sigma":10.6379}},{"type":"Feature","geometry":{"type":"Polygon","coordinates":[[[-76.58999999999999,3.35],[-76.585,3.35],[-76.585,3.355],[-76.58999999999999,3.355],[-76.58999999999999,3.35]]]},"properties":{"value":62.381,"sigma":9.973}},{"type":"Feature","geometry":{"type":"Polygon","coordinates":[[[-76.585,3.35],[-76.58,3.35],[-76.58,3.355],[-76.585,3.355],[-76.585,3.35]]]},"properties":{"value":65.2451,"sigma":9.2877}},{"type":"Feature","geometry":{"type":"Polygon","coordinates":[[[-76.58,3.35],[-76.575,3.35],[-76.575,3.355],[-76.58,3.355],[-76.58,3.35]]]},"properties":{"value":69.6,"sigma":9.1563}},{"type":"Feature","geometry":{"type":"Polygon","coordinates":[[[-76.57499999999999,3.35],[-76.57,3.35],[-76.57,3.355],[-76.57499999999999,3.355],[-76.57499999999999,3.35]]]},"properties":{"value":66.4355,"sigma":8.2654}},{"type":"Feature","geometry":{"type":"Polygon","coordinates":[[[-76.57,3.35],[-76.565,3.35],[-76.565,3.355],[-76.57,3.355],[-76.57,3.35]]]},"properties":{"value":63.9034,"sigma":7.8276}},{"type":"Feature","geometry":{"type":"Polygon","coordinates":[[[-76.565,3.35],[-76.56,3.35],[-76.56,3.355],[-76.565,3.355],[-76.565,3.35]]]},"properties":{"value":62.7744,"sigma":8.335}},{"type":"Feature","geometry":{"type":"Polygon","coordinates":[[[-76.55999999999999,3.35],[-76.55499999999999,3.35],[-76.55499999999999,3.355],[-76.55999999999999,3.355],[-76.55999999999999,3.35]]]},"properties":{"value":66.916,"sigma":7.7644}},{"type":"Feature","geometry":{"type":"Polygon","coordinates":[[[-76.55499999999999,3.35],[-76.55,3.35],[-76.55,3.355],[-76.55499999999999,3.355],[-76.55499999999999,3.35]]]},"properties":{"value":66.6862,"sigma":8.0819}},{"type":"Feature","geometry":{"type":"Polygon","coordinates":[[[-76.55,3.35],[-76.545,3.35],[-76.545,3.355],[-76.55,3.355],[-76.55,3.35]]]},"properties":{"value":71.6518,"sigma":7.6104}},{"type":"Feature","geometry":{"type":"Polygon","coordinates":[[[-76.54499999999999,3.35],[-76.53999999999999,3.35],[-76.53999999999999,3.355],[-76.54499999999999,3.355],[-76.54499999999999,3.35]]]},"properties":{"value":72.743,"sigma":7.1134}},{"type":"Feature","geometry":{"type":"Polygon","coordinates":[[[-76.53999999999999,3.35],[-76.535,3.35],[-76.535,3.355],[-76.53999999999999,3.355],[-76.53999999999999,3.35]]]},"properties":{"value":74.4971,"sigma":6.9906}},{"type":"Feature","geometry":{"type":"Polygon","coordinates":[[[-76.535,3.35],[-76.53,3.35],[-76.53,3.355],[-76.535,3.355],[-76.535,3.35]]]},"properties":{"value":82.4532,"sigma":6.8916}},{"type":"Feature","geometry":{"type":"Polygon","coordinates":[[[-76.52999999999999,3.35],[-76.52499999999999,3.35],[-76.52499999999999,3.355],[-76.52999999999999,3.355],[-76.52999999999999,3.35]]]},"properties":{"value":89.3073,"sigma":6.6198}},{"type":"Feature","geometry":{"type":"Polygon","coordinates":[[[-76.52499999999999,3.35],[-76.52,3.35],[-76.52,3.355],[-76.52499999999999,3.355],[-76.52499999999999,3.35]]]},"properties":{"value":85.2976,"sigma":7.2465}},{"type":"Feature","geometry":{"type":"Polygon","coordinates":[[[-76.52,3.35],[-76.515,3.35],[-76.515,3.355],[-76.52,3.355],[-76.52,3.35]]]},"properties":{"value":84.6548,"sigma":7.6801}},{"type":"Feature","geometry":{"type":"Polygon","coordinates":[[[-76.51499999999999,3.35],[-76.50999999999999,3.35],[-76.50999999999999,3.355],[-76.51499999999999,3.355],[-76.51499999999999,3.35]]]},"properties":{"value":84.9449,"sigma":7.5375}},{"type":"Feature","geometry":{"type":"Polygon","coordinates":[[[-76.50999999999999,3.35],[-76.505,3.35],[-76.505,3.355],[-76.50999999999999,3.355],[-76.50999999999999,3.35]]]},"properties":{"value":86.7653,"sigma":8.2774}},{"type":"Feature","geometry":{"type":"Polygon","coordinates":[[[-76.505,3.35],[-76.5,3.35],[-76.5,3.355],[-76.505,3.355],[-76.505,3.35]]]},"properties":{"value":83.3253,"sigma":7.9815}},{"type":"Feature","geometry":{"type":"Polygon","coordinates":[[[-76.49999999999999,3.35],[-76.49499999999999,3.35],[-76.49499999999999,3.355],[-76.49999999999999,3.355],[-76.49999999999999,3.35]]]},"properties":{"value":76.3917,"sigma":9.0459}},{"type":"Feature","geometry":{"type":"Polygon","coordinates":[[[-76.49499999999999,3.35],[-76.49,3.35],[-76.49,3.355],[-76.49499999999999,3.355],[-76.49499999999999,3.35]]]},"properties":{"value":77.1372,"sigma":9.7252}},{"type":"Feature","geometry":{"type":"Polygon","coordinates":[[[-76.49,3.35],[-76.485,3.35],[-76.485,3.355],[-76.49,3.355],[-76.49,3.35]]]},"properties":{"value":73.3619,"sigma":9.4307}},{"type":"Feature","geometry":{"type":"Polygon","coordinates":[[[-76.48499999999999,3.35],[-76.47999999999999,3.35],[-76.47999999999999,3.355],[-76.48499999999999,3.355],[-76.48499999999999,3.35]]]},"properties":{"value":68.8667,"sigma":9.8626}},{"type":"Feature","geometry":{"type":"Polygon","coordinates":[[[-76.47999999999999,3.35],[-76.475,3.35],[-76.475,3.355],[-76.47999999999999,3.355],[-76.47999999999999,3.35]]]},"properties":{"value":67.2054,"sigma":10.0533}},{"type":"Feature","geometry":{"type":"Polygon","coordinates":[[[-76.475,3.35],[-76.47,3.35],[-76.47,3.355],[-76.475,3.355],[-76.475,3.35]]]},"properties":{"value":67.535,"sigma":10.5814}},{"type":"Feature","geometry":{"type":"Polygon","coordinates":[[[-76.47,3.35],[-76.465,3.35],[-76.465,3.355],[-76.47,3.355],[-76.47,3.35]]]},"properties":{"value":63.0181,"sigma":10.6966}},{"type":"Feature","geometry":{"type":"Polygon","coordinates":[[[-76.46499999999999,3.35],[-76.46,3.35],[-76.46,3.355],[-76.46499999999999,3.355],[-76.46499999999999,3.35]]]},"properties":{"value":69.6683,"sigma":11.2198}},{"type":"Feature","geometry":{"type":"Polygon","coordinates":[[[-76.46,3.35],[-76.455,3.35],[-76.455,3.355],[-76.46,3.355],[-76.46,3.35]]]},"properties":{"value":67.515,"sigma":11.7352}},{"type":"Feature","geometry":{"type":"Polygon","coordinates":[[[-76.455,3.35],[-76.45,3.35],[-76.45,3.355],[-76.455,3.355],[-76.455,3.35]]]},"properties":{"value":69.7359,"sigma":12.5185}},{"type":"Feature","geometry":{"type":"Polygon","coordinates":[[[-76.44999999999999,3.35],[-76.445,3.35],[-76.445,3.355],[-76.44999999999999,3.355],[-76.44999999999999,3.35]]]},"properties":{"value":76.5145,"sigma":12.0672}},{"type":"Feature","geometry":{"type":"Polygon","coordinates":[[[-76.445,3.35],[-76.44,3.35],[-76.44,3.355],[-76.445,3.355],[-76.445,3.35]]]},"properties":{"value":75.7367,"sigma":11.6452}},{"type":"Feature","geometry":{"type":"Polygon","coordinates":[[[-76.44,3.35],[-76.435,3.35],[-76.435,3.355],[-76.44,3.355],[-76.44,3.35]]]},"properties":{"value":78.5311,"sigma":11.9019}},{"type":"Feature","geometry":{"type":"Polygon","coordinates":[[[-76.43499999999999,3.35],[-76.42999999999999,3.35],[-76.42999999999999,3.355],[-76.43499999999999,3.355],[-76.43499999999999,3.35]]]},"properties":{"value":86.3537,"sigma":12.1304}},{"type":"Feature","geometry":{"type":"Polygon","coordinates":[[[-76.42999999999999,3.35],[-76.425,3.35],[-76.425,3.355],[-76.42999999999999,3.355],[-76.42999999999999,3.35]]]},"properties":{"value":82.4605,"sigma":11.9615}},{"type":"Feature","geometry":{"type":"Polygon","coordinates":[[[-76.425,3.35],[-76.42,3.35],[-76.42,3.355],[-76.425,3.355],[-76.425,3.35]]]},"properties":{"value":72.3007,"sigma":12.8342}},{"type":"Feature","geometry":{"type":"Polygon","coordinates":[[[-76.41999999999999,3.35],[-76.41499999999999,3.35],[-76.41499999999999,3.355],[-76.41999999999999,3.355],[-76.41999999999999,3.35]]]},"properties":{"value":70.6389,"sigma":12.9591}},{"type":"Feature","geometry":{"type":"Polygon","coordinates":[[[-76.41499999999999,3.35],[-76.41,3.35],[-76.41,3.355],[-76.41499999999999,3.355],[-76.41499999999999,3.35]]]},"properties":{"value":66.0174,"sigma":13.5235}},{"type":"Feature","geometry":{"type":"Polygon","coordinates":[[[-76.41,3.35],[-76.405,3.35],[-76.405,3.355],[-76.41,3.355],[-76.41,3.35]]]},"properties":{"value":66.7451,"sigma":13.1513}},{"type":"Feature","geometry":{"type":"Polygon","coordinates":[[[-76.40499999999999,3.35],[-76.39999999999999,3.35],[-76.39999999999999,3.355],[-76.40499999999999,3.355],[-76.40499999999999,3.35]]]},"properties":{"value":66.7035,"sigma":14.1824}},{"type":"Feature","geometry":{"type":"Polygon","coordinates":[[[-76.6,3.355],[-76.595,3.355],[-76.595,3.36],[-76.6,3.36],[-76.6,3.355]]]},"properties":{"value":67.338,"sigma":11.1835}},{"type":"Feature","geometry":{"type":"Polygon","coordinates":[[[-76.595,3.355],[-76.59,3.355],[-76.59,3.36],[-76.595,3.36],[-76.595,3.355]]]},"properties":{"value":65.3101,"sigma":10.7483}},{"type":"Feature","geometry":{"type":"Polygon","coordinates":[[[-76.58999999999999,3.355],[-76.585,3.355],[-76.585,3.36],[-76.58999999999999,3.36],[-76.58999999999999,3.355]]]},"properties":{"value":66.0952,"sigma":9.6961}},{"type":"Feature","geometry":{"type":"Polygon","coordinates":[[[-76.585,3.355],[-76.58,3.355],[-76.58,3.36],[-76.585,3.36],[-76.585,3.355]]]},"properties":{"value":64.617,"sigma":10.1447}},{"type":"Feature","geometry":{"type":"Polygon","coordinates":[[[-76.58,3.355],[-76.575,3.355],[-76.575,3.36],[-76.58,3.36],[-76.58,3.355]]]},"properties":{"value":66.3294,"sigma":9.4826}},{"type":"Feature","geometry":{"type":"Polygon","coordinates":[[[-76.57499999999999,3.355],[-76.57,3.355],[-76.57,3.36],[-76.57499999999999,3.36],[-76.57499999999999,3.355]]]},"properties":{"value":62.6174,"sigma":9.1149}},{"type":"Feature","geometry":{"type":"Polygon","coordinates":[[[-76.57,3.355],[-76.565,3.355],[-76.565,3.36],[-76.57,3.36],[-76.57,3.355]]]},"properties":{"value":66.2463,"sigma":8.623}},{"type":"Feature","geometry":{"type":"Polygon","coordinates":[[[-76.565,3.355],[-76.56,3.355],[-76.56,3.36],[-76.565,3.36],[-76.565,3.355]]]},"properties":{"value":67.039,"sigma":7.8427}},{"type":"Feature","geometry":{"type":"Polygon","coordinates":[[[-76.55999999999999,3.355],[-76.55499999999999,3.355],[-76.55499999999999,3.36],[-76.55999999999999,3.36],[-76.55999999999999,3.355]]]},"properties":{"value":71.7145,"sigma":7.9278}},{"type":"Feature","geometry":{"type":"Polygon","coordinates":[[[-76.55499999999999,3.355],[-76.55,3.355],[-76.55,3.36],[-76.55499999999999,3.36],[-76.55499999999999,3.355]]]},"properties":{"value":65.0362,"sigma":7.1392}},{"type":"Feature","geometry":{"type":"Polygon","coordinates":[[[-76.55,3.355],[-76.545,3.355],[-76.545,3.36],[-76.55,3.36],[-76.55,3.355]]]},"properties":{"value":70.7187,"sigma":6.2402}},{"type":"Feature","geometry":{"type":"Polygon","coordinates":[[[-76.54499999999999,3.355],[-76.53999999999999,3.355],[-76.53999999999999,3.36],[-76.54499999999999,3.36],[-76.54499999999999,3.355]]]},"properties":{"value":77.7948,"sigma":6.9635}},{"type":"Feature","geometry":{"type":"Polygon","coordinates":[[[-76.53999999999999,3.355],[-76.535,3.355],[-76.535,3.36],[-76.53999999999999,3.36],[-76.53999999999999,3.355]]]},"properties":{"value":81.629,"sigma":7.4124}},{"type":"Feature","geometry":{"type":"Polygon","coordinates":[[[-76.535,3.355],[-76.53,3.355],[-76.53,3.36],[-76.535,3.36],[-76.535,3.355]]]},"properties":{"value":87.2159,"sigma":6.5549}},{"type":"Feature","geometry":{"type":"Polygon","coordinates":[[[-76.52999999999999,3.355],[-76.52499999999999,3.355],[-76.52499999999999,3.36],[-76.52999999999999,3.36],[-76.52999999999999,3.355]]]},"properties":{"value":91.8418,"sigma":6.643}},{"type":"Feature","geometry":{"type":"Polygon","coordinates":[[[-76.52499999999999,3.355],[-76.52,3.355],[-76.52,3.36],[-76.52499999999999,3.36],[-76.52499999999999,3.355]]]},"properties":{"value":97.4878,"sigma":6.9592}},{"type":"Feature","geometry":{"type":"Polygon","coordinates":[[[-76.52,3.355],[-76.515,3.355],[-76.515,3.36],[-76.52,3.36],[-76.52,3.355]]]},"properties":{"value":95.9551,"sigma":6.136}},{"type":"Feature","geometry":{"type":"Polygon","coordinates":[[[-76.51499999999999,3.355],[-76.50999999999999,3.355],[-76.50999999999999,3.36],[-76.51499999999999,3.36],[-76.51499999999999,3.355]]]},"properties":{"value":99.7254,"sigma":6.995}},{"type":"Feature","geometry":{"type":"Polygon","coordinates":[[[-76.50999999999999,3.355],[-76.505,3.355],[-76.505,3.36],[-76.50999999999999,3.36],[-76.50999999999999,3.355]]]},"properties":{"value":90.607,"sigma":7.6311}},{"type":"Feature","geometry":{"type":"Polygon","coordinates":[[[-76.505,3.355],[-76.5,3.355],[-76.5,3.36],[-76.505,3.36],[-76.505,3.355]]]},"properties":{"value":85.4308,"sigma":7.9183}},{"type":"Feature","geometry":{"type":"Polygon","coordinates":[[[-76.49999999999999,3.355],[-76.49499999999999,3.355],[-76.49499999999999,3.36],[-76.49999999999999,3.36],[-76.49999999999999,3.355]]]},"properties":{"value":83.5193,"sigma":8.6898}},{"type":"Feature","geometry":{"type":"Polygon","coordinates":[[[-76.49499999999999,3.355],[-76.49,3.355],[-76.49,3.36],[-76.49499999999999,3.36],[-76.49499999999999,3.355]]]},"properties":{"value":78.3597,"sigma":8.7874}},{"type":"Feature","geometry":{"type":"Polygon","coordinates":[[[-76.49,3.355],[-76.485,3.355],[-76.485,3.36],[-76.49,3.36],[-76.49,3.355]]]},"properties":{"value":74.2604,"sigma":9.5427}},{"type":"Feature","geometry":{"type":"Polygon","coordinates":[[[-76.48499999999999,3.355],[-76.47999999999999,3.355],[-76.47999999999999,3.36],[-76.48499999999999,3.36],[-76.48499999999999,3.355]]]},"properties":{"value":71.3186,"sigma":10.3219}},{"type":"Feature","geometry":{"type":"Polygon","coordinates":[[[-76.47999999999999,3.355],[-76.475,3.355],[-76.475,3.36],[-76.47999999999999,3.36],[-76.47999999999999,3.355]]]},"properties":{"value":65.9733,"sigma":10.0652}},{"type":"Feature","geometry":{"type":"Polygon","coordinates":[[[-76.475,3.355],[-76.47,3.355],[-76.47,3.36],[-76.475,3.36],[-76.475,3.355]]]},"properties":{"value":67.0476,"sigma":10.8576}},{"type":"Feature","geometry":{"type":"Polygon","coordinates":[[[-76.47,3.355],[-76.465,3.355],[-76.465,3.36],[-76.47,3.36],[-76.47,3.355]]]},"properties":{"value":62.2812,"sigma":10.7324}},{"type":"Feature","geometry":{"type":"Polygon","coordinates":[[[-76.46499999999999,3.355],[-76.46,3.355],[-76.46,3.36],[-76.46499999999999,3.36],[-76.46499999999999,3.355]]]},"properties":{"value":68.8474,"sigma":11.4608}},{"type":"Feature","geometry":{"type":"Polygon","coordinates":[[[-76.46,3.355],[-76.455,3.355],[-76.455,3.36],[-76.46,3.36],[-76.46,3.355]]]},"properties":{"value":68.0931,"sigma":10.6117}},{"type":"Feature","geometry":{"type":"Polygon","coordinates":[[[-76.455,3.355],[-76.45,3.355],[-76.45,3.36],[-76.455,3.36],[-76.455,3.355]]]},"properties":{"value":71.3004,"sigma":11.0959}},{"type":"Feature","geometry":{"type":"Polygon","coordinates":[[[-76.44999999999999,3.355],[-76.445,3.355],[-76.445,3.36],[-76.44999999999999,3.36],[-76.44999999999999,3.355]]]},"properties":{"value":80.3245,"sigma":11.4002}},{"type":"Feature","geometry":{"type":"Polygon","coordinates":[[[-76.445,3.355],[-76.44,3.355],[-76.44,3.36],[-76.445,3.36],[-76.445,3.355]]]},"properties":{"value":86.0126,"sigma":12.1691}},{"type":"Feature","geometry":{"type":"Polygon","coordinates":[[[-76.44,3.355],[-76.435,3.355],[-76.435,3.36],[-76.44,3.36],[-76.44,3.355]]]},"properties":{"value":85.7141,"sigma":11.5198}},{"type":"Feature","geometry":{"type":"Polygon","coordinates":[[[-76.43499999999999,3.355],[-76.42999999999999,3.355],[-76.42999999999999,3.36],[-76.43499999999999,3.36],[-76.43499999999999,3.355]]]},"properties":{"value":91.1331,"sigma":11.5478}},{"type":"Feature","geometry":{"type":"Polygon","coordinates":[[[-76.42999999999999,3.355],[-76.425,3.355],[-76.425,3.36],[-76.42999999999999,3.36],[-76.42999999999999,3.355]]]},"properties":{"value":87.3397,"sigma":11.7324}},{"type":"Feature","geometry":{"type":"Polygon","coordinates":[[[-76.425,3.355],[-76.42,3.355],[-76.42,3.36],[-76.425,3.36],[-76.425,3.355]]]},"properties":{"value":85.2113,"sigma":11.9085}},{"type":"Feature","geometry":{"type":"Polygon","coordinates":[[[-76.41999999999999,3.355],[-76.41499999999999,3.355],[-76.41499999999999,3.36],[-76.41999999999999,3.36],[-76.41999999999999,3.355]]]},"properties":{"value":72.8533,"sigma":13.0309}},{"type":"Feature","geometry":{"type":"Polygon","coordinates":[[[-76.41499999999999,3.355],[-76.41,3.355],[-76.41,3.36],[-76.41499999999999,3.36],[-76.41499999999999,3.355]]]},"properties":{"value":70.6111,"sigma":13.0902}},{"type":"Feature","geometry":{"type":"Polygon","coordinates":[[[-76.41,3.355],[-76.405,3.355],[-76.405,3.36],[-76.41,3.36],[-76.41,3.355]]]},"properties":{"value":65.1623,"sigma":12.7573}},{"type":"Feature","geometry":{"type":"Polygon","coordinates":[[[-76.40499999999999,3.355],[-76.39999999999999,3.355],[-76.39999999999999,3.36],[-76.40499999999999,3.36],[-76.40499999999999,3.355]]]},"properties":{"value":64.6058,"sigma":13.8274}},{"type":"Feature","geometry":{"type":"Polygon","coordinates":[[[-76.6,3.36],[-76.595,3.36],[-76.595,3.3649999999999998],[-76.6,3.3649999999999998],[-76.6,3.36]]]},"properties":{"value":66.0232,"sigma":10.7994}},{"type":"Feature","geometry":{"type":"Polygon","coordinates":[[[-76.595,3.36],[-76.59,3.36],[-76.59,3.3649999999999998],[-76.595,3.3649999999999998],[-76.595,3.36]]]},"properties":{"value":64.8974,"sigma":9.6052}},{"type":"Feature","geometry":{"type":"Polygon","coordinates":[[[-76.58999999999999,3.36],[-76.585,3.36],[-76.585,3.3649999999999998],[-76.58999999999999,3.3649999999999998],[-76.58999999999999,3.36]]]},"properties":{"value":65.0271,"sigma":10.1706}},{"type":"Feature","geometry":{"type":"Polygon","coordinates":[[[-76.585,3.36],[-76.58,3.36],[-76.58,3.3649999999999998],[-76.585,3.3649999999999998],[-76.585,3.36]]]},"properties":{"value":62.7112,"sigma":9.1895}},{"type":"Feature","geometry":{"type":"Polygon","coordinates":[[[-76.58,3.36],[-76.575,3.36],[-76.575,3.3649999999999998],[-76.58,3.3649999999999998],[-76.58,3.36]]]},"properties":{"value":62.6023,"sigma":8.9136}},{"type":"Feature","geometry":{"type":"Polygon","coordinates":[[[-76.57499999999999,3.36],[-76.57,3.36],[-76.57,3.3649999999999998],[-76.57499999999999,3.3649999999999998],[-76.57499999999999,3.36]]]},"properties":{"value":64.3177,"sigma":8.9986}},{"type":"Feature","geometry":{"type":"Polygon","coordinates":[[[-76.57,3.36],[-76.565,3.36],[-76.565,3.3649999999999998],[-76.57,3.3649999999999998],[-76.57,3.36]]]},"properties":{"value":68.0764,"sigma":8.2724}},{"type":"Feature","geometry":{"type":"Polygon","coordinates":[[[-76.565,3.36],[-76.56,3.36],[-76.56,3.3649999999999998],[-76.565,3.3649999999999998],[-76.565,3.36]]]},"properties":{"value":68.6055,"sigma":7.7816}},{"type":"Feature","geometry":{"type":"Polygon","coordinates":[[[-76.55999999999999,3.36],[-76.55499999999999,3.36],[-76.55499999999999,3.3649999999999998],[-76.55999999999999,3.3649999999999998],[-76.55999999999999,3.36]]]},"properties":{"value":68.5797,"sigma":7.5941}},{"type":"Feature","geometry":{"type":"Polygon","coordinates":[[[-76.55499999999999,3.36],[-76.55,3.36],[-76.55,3.3649999999999998],[-76.55499999999999,3.3649999999999998],[-76.55499999999999,3.36]]]},"properties":{"value":70.4314,"sigma":6.8152}},{"type":"Feature","geometry":{"type":"Polygon","coordinates":[[[-76.55,3.36],[-76.545,3.36],[-76.545,3.3649999999999998],[-76.55,3.3649999999999998],[-76.55,3.36]]]},"properties":{"value":73.1054,"sigma":6.2222}},{"type":"Feature","geometry":{"type":"Polygon","coordinates":[[[-76.54499999999999,3.36],[-76.53999999999999,3.36],[-76.53999999999999,3.3649999999999998],[-76.54499999999999,3.3649999999999998],[-76.54499999999999,3.36]]]},"properties":{"value":81.8046,"sigma":6.8662}},{"type":"Feature","geometry":{"type":"Polygon","coordinates":[[[-76.53999999999999,3.36],[-76.535,3.36],[-76.535,3.3649999999999998],[-76.53999999999999,3.3649999999999998],[-76.53999999999999,3.36]]]},"properties":{"value":88.0518,"sigma":5.8238}},{"type":"Feature","geometry":{"type":"Polygon","coordinates":[[[-76.535,3.36],[-76.53,3.36],[-76.53,3.3649999999999998],[-76.535,3.3649999999999998],[-76.535,3.36]]]},"properties":{"value":89.6187,"sigma":5.5633}},{"type":"Feature","geometry":{"type":"Polygon","coordinates":[[[-76.52999999999999,3.36],[-76.52499999999999,3.36],[-76.52499999999999,3.3649999999999998],[-76.52999999999999,3.3649999999999998],[-76.52999999999999,3.36]]]},"properties":{"value":97.7497,"sigma":5.5993}},{"type":"Feature","geometry":{"type":"Polygon","coordinates":[[[-76.52499999999999,3.36],[-76.52,3.36],[-76.52,3.3649999999999998],[-76.52499999999999,3.3649999999999998],[-76.52499999999999,3.36]]]},"properties":{"value":102.1874,"sigma":5.8028}},{"type":"Feature","geometry":{"type":"Polygon","coordinates":[[[-76.52,3.36],[-76.515,3.36],[-76.515,3.3649999999999998],[-76.52,3.3649999999999998],[-76.52,3.36]]]},"properties":{"value":101.4286,"sigma":6.7062}},{"type":"Feature","geometry":{"type":"Polygon","coordinates":[[[-76.51499999999999,3.36],[-76.50999999999999,3.36],[-76.50999999999999,3.3649999999999998],[-76.51499999999999,3.3649999999999998],[-76.51499999999999,3.36]]]},"properties":{"value":103.8412,"sigma":7.067}},{"type":"Feature","geometry":{"type":"Polygon","coordinates":[[[-76.50999999999999,3.36],[-76.505,3.36],[-76.505,3.3649999999999998],[-76.50999999999999,3.3649999999999998],[-76.50999999999999,3.36]]]},"properties":{"value":98.4602,"sigma":7.4617}},{"type":"Feature","geometry":{"type":"Polygon","coordinates":[[[-76.505,3.36],[-76.5,3.36],[-76.5,3.3649999999999998],[-76.505,3.3649999999999998],[-76.505,3.36]]]},"properties":{"value":88.1317,"sigma":7.8262}},{"type":"Feature","geometry":{"type":"Polygon","coordinates":[[[-76.49999999999999,3.36],[-76.49499999999999,3.36],[-76.49499999999999,3.3649999999999998],[-76.49999999999999,3.3649999999999998],[-76.49999999999999,3.36]]]},"properties":{"value":89.8772,"sigma":8.3434}},{"type":"Feature","geometry":{"type":"Polygon","coordinates":[[[-76.49499999999999,3.36],[-76.49,3.36],[-76.49,3.3649999999999998],[-76.49499999999999,3.3649999999999998],[-76.49499999999999,3.36]]]},"properties":{"value":79.3974,"sigma":8.4145}},{"type":"Feature","geometry":{"type":"Polygon","coordinates":[[[-76.49,3.36],[-76.485,3.36],[-76.485,3.3649999999999998],[-76.49,3.3649999999999998],[-76.49,3.36]]]},"properties":{"value":74.567,"sigma":9.0477}},{"type":"Feature","geometry":{"type":"Polygon","coordinates":[[[-76.48499999999999,3.36],[-76.47999999999999,3.36],[-76.47999999999999,3.3649999999999998],[-76.48499999999999,3.3649999999999998],[-76.48499999999999,3.36]]]},"properties":{"value":69.8571,"sigma":9.1917}},{"type":"Feature","geometry":{"type":"Polygon","coordinates":[[[-76.47999999999999,3.36],[-76.475,3.36],[-76.475,3.3649999999999998],[-76.47999999999999,3.3649999999999998],[-76.47999999999999,3.36]]]},"properties":{"value":68.5078,"sigma":10.225}},{"type":"Feature","geometry":{"type":"Polygon","coordinates":[[[-76.475,3.36],[-76.47,3.36],[-76.47,3.3649999999999998],[-76.475,3.3649999999999998],[-76.475,3.36]]]},"properties":{"value":65.3145,"sigma":10.8469}},{"type":"Feature","geometry":{"type":"Polygon","coordinates":[[[-76.47,3.36],[-76.465,3.36],[-76.465,3.3649999999999998],[-76.47,3.3649999999999998],[-76.47,3.36]]]},"properties":{"value":69.672,"sigma":9.8517}},{"type":"Feature","geometry":{"type":"Polygon","coordinates":[[[-76.46499999999999,3.36],[-76.46,3.36],[-76.46,3.3649999999999998],[-76.46499999999999,3.3649999999999998],[-76.46499999999999,3.36]]]},"properties":{"value":68.0807,"sigma":10.416}},{"type":"Feature","geometry":{"type":"Polygon","coordinates":[[[-76.46,3.36],[-76.455,3.36],[-76.455,3.3649999999999998],[-76.46,3.3649999999999998],[-76.46,3.36]]]},"properties":{"value":70.5566,"sigma":10.7668}},{"type":"Feature","geometry":{"type":"Polygon","coordinates":[[[-76.455,3.36],[-76.45,3.36],[-76.45,3.3649999999999998],[-76.455,3.3649999999999998],[-76.455,3.36]]]},"properties":{"value":72.8154,"sigma":10.6394}},{"type":"Feature","geometry":{"type":"Polygon","coordinates":[[[-76.44999999999999,3.36],[-76.445,3.36],[-76.445,3.3649999999999998],[-76.44999999999999,3.3649999999999998],[-76.44999999999999,3.36]]]},"properties":{"value":80.4673,"sigma":10.6735}},{"type":"Feature","geometry":{"type":"Polygon","coordinates":[[[-76.445,3.36],[-76.44,3.36],[-76.44,3.3649999999999998],[-76.445,3.3649999999999998],[-76.445,3.36]]]},"properties":{"value":91.56,"sigma":11.2555}},{"type":"Feature","geometry":{"type":"Polygon","coordinates":[[[-76.44,3.36],[-76.435,3.36],[-76.435,3.3649999999999998],[-76.44,3.3649999999999998],[-76.44,3.36]]]},"properties":{"value":97.6886,"sigma":10.3951}},{"type":"Feature","geometry":{"type":"Polygon","coordinates":[[[-76.43499999999999,3.36],[-76.42999999999999,3.36],[-76.42999999999999,3.3649999999999998],[-76.43499999999999,3.3649999999999998],[-76.43499999999999,3.36]]]},"properties":{"value":96.3019,"sigma":11.294}},{"type":"Feature","geometry":{"type":"Polygon","coordinates":[[[-76.42999999999999,3.36],[-76.425,3.36],[-76.425,3.3649999999999998],[-76.42999999999999,3.3649999999999998],[-76.42999999999999,3.36]]]},"properties":{"value":88.6987,"sigma":11.3793}},{"type":"Feature","geometry":{"type":"Polygon","coordinates":[[[-76.425,3.36],[-76.42,3.36],[-76.42,3.3649999999999998],[-76.425,3.3649999999999998],[-76.425,3.36]]]},"properties":{"value":84.5138,"sigma":11.6269}},{"type":"Feature","geometry":{"type":"Polygon","coordinates":[[[-76.41999999999999,3.36],[-76.41499999999999,3.36],[-76.41499999999999,3.3649999999999998],[-76.41999999999999,3.3649999999999998],[-76.41999999999999,3.36]]]},"properties":{"value":75.8947,"sigma":12.3208}},{"type":"Feature","geometry":{"type":"Polygon","coordinates":[[[-76.41499999999999,3.36],[-76.41,3.36],[-76.41,3.3649999999999998],[-76.41499999999999,3.3649999999999998],[-76.41499999999999,3.36]]]},"properties":{"value":72.9422,"sigma":12.0027}},{"type":"Feature","geometry":{"type":"Polygon","coordinates":[[[-76.41,3.36],[-76.405,3.36],[-76.405,3.3649999999999998],[-76.41,3.3649999999999998],[-76.41,3.36]]]},"properties":{"value":69.7911,"sigma":12.5713}},{"type":"Feature","geometry":{"type":"Polygon","coordinates":[[[-76.40499999999999,3.36],[-76.39999999999999,3.36],[-76.39999999999999,3.3649999999999998],[-76.40499999999999,3.3649999999999998],[-76.40499999999999,3.36]]]},"properties":{"value":64.6551,"sigma":13.2785}},{"type":"Feature","geometry":{"type":"Polygon","coordinates":[[[-76.6,3.3649999999999998],[-76.595,3.3649999999999998],[-76.595,3.3699999999999997],[-76.6,3.3699999999999997],[-76.6,3.3649999999999998]]]},"properties":{"value":64.7607,"sigma":10.9994}},{"type":"Feature","geometry":{"type":"Polygon","coordinates":[[[-76.595,3.3649999999999998],[-76.59,3.3649999999999998],[-76.59,3.3699999999999997],[-76.595,3.3699999999999997],[-76.595,3.3649999999999998]]]},"properties":{"value":68.5005,"sigma":10.7912}},{"type":"Feature","geometry":{"type":"Polygon","coordinates":[[[-76.58999999999999,3.3649999999999998],[-76.585,3.3649999999999998],[-76.585,3.3699999999999997],[-76.58999999999999,3.3699999999999997],[-76.58999999999999,3.3649999999999998]]]},"properties":{"value":65.3324,"sigma":10.1639}},{"type":"Feature","geometry":{"type":"Polygon","coordinates":[[[-76.585,3.3649999999999998],[-76.58,3.3649999999999998],[-76.58,3.3699999999999997],[-76.585,3.3699999999999997],[-76.585,3.3649999999999998]]]},"properties":{"value":65.057,"sigma":9.3964}},{"type":"Feature","geometry":{"type":"Polygon","coordinates":[[[-76.58,3.3649999999999998],[-76.575,3.3649999999999998],[-76.575,3.3699999999999997],[-76.58,3.3699999999999997],[-76.58,3.3649999999999998]]]},"properties":{"value":68.4178,"sigma":8.8207}},{"type":"Feature","geometry":{"type":"Polygon","coordinates":[[[-76.57499999999999,3.3649999999999998],[-76.57,3.3649999999999998],[-76.57,3.3699999999999997],[-76.57499999999999,3.3699999999999997],[-76.57499999999999,3.3649999999999998]]]},"properties":{"value":65.6363,"sigma":9.1551}},{"type":"Feature","geometry":{"type":"Polygon","coordinates":[[[-76.57,3.3649999999999998],[-76.565,3.3649999999999998],[-76.565,3.3699999999999997],[-76.57,3.3699999999999997],[-76.57,3.3649999999999998]]]},"properties":{"value":67.4217,"sigma":7.6932}},{"type":"Feature","geometry":{"type":"Polygon","coordinates":[[[-76.565,3.3649999999999998],[-76.56,3.3649999999999998],[-76.56,3.3699999999999997],[-76.565,3.3699999999999997],[-76.565,3.3649999999999998]]]},"properties":{"value":70.8816,"sigma":7.4727}},{"type":"Feature","geometry":{"type":"Polygon","coordinates":[[[-76.55999999999999,3.3649999999999998],[-76.55499999999999,3.3649999999999998],[-76.55499999999999,3.3699999999999997],[-76.55999999999999,3.3699999999999997],[-76.55999999999999,3.3649999999999998]]]},"properties":{"value":69.6971,"sigma":7.8448}},{"type":"Feature","geometry":{"type":"Polygon","coordinates":[[[-76.55499999999999,3.3649999999999998],[-76.55,3.3649999999999998],[-76.55,3.3699999999999997],[-76.55499999999999,3.3699999999999997],[-76.55499999999999,3.3649999999999998]]]},"properties":{"value":71.8129,"sigma":6.4447}},{"type":"Feature","geometry":{"type":"Polygon","coordinates":[[[-76.55,3.3649999999999998],[-76.545,3.3649999999999998],[-76.545,3.3699999999999997],[-76.55,3.3699999999999997],[-76.55,3.3649999999999998]]]},"properties":{"value":75.5916,"sigma":5.6669}},{"type":"Feature","geometry":{"type":"Polygon","coordinates":[[[-76.54499999999999,3.3649999999999998],[-76.53999999999999,3.3649999999999998],[-76.53999999999999,3.3699999999999997],[-76.54499999999999,3.3699999999999997],[-76.54499999999999,3.3649999999999998]]]},"properties":{"value":76.7349,"sigma":6.2328}},{"type":"Feature","geometry":{"type":"Polygon","coordinates":[[[-76.53999999999999,3.3649999999999998],[-76.535,3.3649999999999998],[-76.535,3.3699999999999997],[-76.53999999999999,3.3699999999999997],[-76.53999999999999,3.3649999999999998]]]},"properties":{"value":88.9484,"sigma":5.6554}},{"type":"Feature","geometry":{"type":"Polygon","coordinates":[[[-76.535,3.3649999999999998],[-76.53,3.3649999999999998],[-76.53,3.3699999999999997],[-76.535,3.3699999999999997],[-76.535,3.3649999999999998]]]},"properties":{"value":95.4817,"sigma":5.5368}},{"type":"Feature","geometry":{"type":"Polygon","coordinates":[[[-76.52999999999999,3.3649999999999998],[-76.52499999999999,3.3649999999999998],[-76.52499999999999,3.3699999999999997],[-76.52999999999999,3.3699999999999997],[-76.52999999999999,3.3649999999999998]]]},"properties":{"value":101.7222,"sigma":5.651}},{"type":"Feature","geometry":{"type":"Polygon","coordinates":[[[-76.52499999999999,3.3649999999999998],[-76.52,3.3649999999999998],[-76.52,3.3699999999999997],[-76.52499999999999,3.3699999999999997],[-76.52499999999999,3.3649999999999998]]]},"properties":{"value":108.3627,"sigma":6.0311}},{"type":"Feature","geometry":{"type":"Polygon","coordinates":[[[-76.52,3.3649999999999998],[-76.515,3.3649999999999998],[-76.515,3.3699999999999997],[-76.52,3.3699999999999997],[-76.52,3.3649999999999998]]]},"properties":{"value":107.9624,"sigma":6.342}},{"type":"Feature","geometry":{"type":"Polygon","coordinates":[[[-76.51499999999999,3.3649999999999998],[-76.50999999999999,3.3649999999999998],[-76.50999999999999,3.3699999999999997],[-76.51499999999999,3.3699999999999997],[-76.51499999999999,3.3649999999999998]]]},"properties":{"value":102.8185,"sigma":6.6723}},{"type":"Feature","geometry":{"type":"Polygon","coordinates":[[[-76.50999999999999,3.3649999999999998],[-76.505,3.3649999999999998],[-76.505,3.3699999999999997],[-76.50999999999999,3.3699999999999997],[-76.50999999999999,3.3649999999999998]]]},"properties":{"value":103.6487,"sigma":6.952}},{"type":"Feature","geometry":{"type":"Polygon","coordinates":[[[-76.505,3.3649999999999998],[-76.5,3.3649999999999998],[-76.5,3.3699999999999997],[-76.505,3.3699999999999997],[-76.505,3.3649999999999998]]]},"properties":{"value":95.9034,"sigma":7.3379}},{"type":"Feature","geometry":{"type":"Polygon","coordinates":[[[-76.49999999999999,3.3649999999999998],[-76.49499999999999,3.3649999999999998],[-76.49499999999999,3.3699999999999997],[-76.49999999999999,3.3699999999999997],[-76.49999999999999,3.3649999999999998]]]},"properties":{"value":91.1869,"sigma":9.1564}},{"type":"Feature","geometry":{"type":"Polygon","coordinates":[[[-76.49499999999999,3.3649999999999998],[-76.49,3.3649999999999998],[-76.49,3.3699999999999997],[-76.49499999999999,3.3699999999999997],[-76.49499999999999,3.3649999999999998]]]},"properties":{"value":76.0288,"sigma":8.9496}},{"type":"Feature","geometry":{"type":"Polygon","coordinates":[[[-76.49,3.3649999999999998],[-76.485,3.3649999999999998],[-76.485,3.3699999999999997],[-76.49,3.3699999999999997],[-76.49,3.3649999999999998]]]},"properties":{"value":75.3057,"sigma":9.1701}},{"type":"Feature","geometry":{"type":"Polygon","coordinates":[[[-76.48499999999999,3.3649999999999998],[-76.47999999999999,3.3649999999999998],[-76.47999999999999,3.3699999999999997],[-76.48499999999999,3.3699999999999997],[-76.48499999999999,3.3649999999999998]]]},"properties":{"value":73.4316,"sigma":8.6378}},{"type":"Feature","geometry":{"type":"Polygon","coordinates":[[[-76.47999999999999,3.3649999999999998],[-76.475,3.3649999999999998],[-76.475,3.3699999999999997],[-76.47999999999999,3.3699999999999997],[-76.47999999999999,3.3649999999999998]]]},"properties":{"value":70.8852,"sigma":9.1323}},{"type":"Feature","geometry":{"type":"Polygon","coordinates":[[[-76.475,3.3649999999999998],[-76.47,3.3649999999999998],[-76.47,3.3699999999999997],[-76.475,3.3699999999999997],[-76.475,3.3649999999999998]]]},"properties":{"value":70.0497,"sigma":8.5706}},{"type":"Feature","geometry":{"type":"Polygon","coordinates":[[[-76.47,3.3649999999999998],[-76.465,3.3649999999999998],[-76.465,3.3699999999999997],[-76.47,3.3699999999999997],[-76.47,3.3649999999999998]]]},"properties":{"value":63.7388,"sigma":9.5485}},{"type":"Feature","geometry":{"type":"Polygon","coordinates":[[[-76.46499999999999,3.3649999999999998],[-76.46,3.3649999999999998],[-76.46,3.3699999999999997],[-76.46499999999999,3.3699999999999997],[-76.46499999999999,3.3649999999999998]]]},"properties":{"value":66.9102,"sigma":10.8383}},{"type":"Feature","geometry":{"type":"Polygon","coordinates":[[[-76.46,3.3649999999999998],[-76.455,3.3649999999999998],[-76.455,3.3699999999999997],[-76.46,3.3699999999999997],[-76.46,3.3649999999999998]]]},"properties":{"value":70.1213,"sigma":9.2778}},{"type":"Feature","geometry":{"type":"Polygon","coordinates":[[[-76.455,3.3649999999999998],[-76.45,3.3649999999999998],[-76.45,3.3699999999999997],[-76.455,3.3699999999999997],[-76.455,3.3649999999999998]]]},"properties":{"value":76.0413,"sigma":10.4269}},{"type":"Feature","geometry":{"type":"Polygon","coordinates":[[[-76.44999999999999,3.3649999999999998],[-76.445,3.3649999999999998],[-76.445,3.3699999999999997],[-76.44999999999999,3.3699999999999997],[-76.44999999999999,3.3649999999999998]]]},"properties":{"value":79.8374,"sigma":10.5282}},{"type":"Feature","geometry":{"type":"Polygon","coordinates":[[[-76.445,3.3649999999999998],[-76.44,3.3649999999999998],[-76.44,3.3699999999999997],[-76.445,3.3699999999999997],[-76.445,3.3649999999999998]]]},"properties":{"value":93.0841,"sigma":10.9063}},{"type":"Feature","geometry":{"type":"Polygon","coordinates":[[[-76.44,3.3649999999999998],[-76.435,3.3649999999999998],[-76.435,3.3699999999999997],[-76.44,3.3699999999999997],[-76.44,3.3649999999999998]]]},"properties":{"value":97.7975,"sigma":10.7849}},{"type":"Feature","geometry":{"type":"Polygon","coordinates":[[[-76.43499999999999,3.3649999999999998],[-76.42999999999999,3.3649999999999998],[-76.42999999999999,3.3699999999999997],[-76.43499999999999,3.3699999999999997],[-76.43499999999999,3.3649999999999998]]]},"properties":{"value":95.6979,"sigma":11.114}},{"type":"Feature","geometry":{"type":"Polygon","coordinates":[[[-76.42999999999999,3.3649999999999998],[-76.425,3.3649999999999998],[-76.425,3.3699999999999997],[-76.42999999999999,3.3699999999999997],[-76.42999999999999,3.3649999999999998]]]},"properties":{"value":93.592,"sigma":11.5687}},{"type":"Feature","geometry":{"type":"Polygon","coordinates":[[[-76.425,3.3649999999999998],[-76.42,3.3649999999999998],[-76.42,3.3699999999999997],[-76.425,3.3699999999999997],[-76.425,3.3649999999999998]]]},"properties":{"value":88.2411,"sigma":11.6325}},{"type":"Feature","geometry":{"type":"Polygon","coordinates":[[[-76.41999999999999,3.3649999999999998],[-76.41499999999999,3.3649999999999998],[-76.41499999999999,3.3699999999999997],[-76.41999999999999,3.3699999999999997],[-76.41999999999999,3.3649999999999998]]]},"properties":{"value":75.6798,"sigma":11.3346}},{"type":"Feature","geometry":{"type":"Polygon","coordinates":[[[-76.41499999999999,3.3649999999999998],[-76.41,3.3649999999999998],[-76.41,3.3699999999999997],[-76.41499999999999,3.3699999999999997],[-76.41499999999999,3.3649999999999998]]]},"properties":{"value":72.2374,"sigma":12.7385}},{"type":"Feature","geometry":{"type":"Polygon","coordinates":[[[-76.41,3.3649999999999998],[-76.405,3.3649999999999998],[-76.405,3.3699999999999997],[-76.41,3.3699999999999997],[-76.41,3.3649999999999998]]]},"properties":{"value":70.7504,"sigma":11.9793}},{"type":"Feature","geometry":{"type":"Polygon","coordinates":[[[-76.40499999999999,3.3649999999999998],[-76.39999999999999,3.3649999999999998],[-76.39999999999999,3.3699999999999997],[-76.40499999999999,3.3699999999999997],[-76.40499999999999,3.3649999999999998]]]},"properties":{"value":65.3818,"sigma":12.7665}},{"type":"Feature","geometry":{"type":"Polygon","coordinates":[[[-76.6,3.3699999999999997],[-76.595,3.3699999999999997],[-76.595,3.3749999999999996],[-76.6,3.3749999999999996],[-76.6,3.3699999999999997]]]},"properties":{"value":66.5043,"sigma":10.4186}},{"type":"Feature","geometry":{"type":"Polygon","coordinates":[[[-76.595,3.3699999999999997],[-76.59,3.3699999999999997],[-76.59,3.3749999999999996],[-76.595,3.3749999999999996],[-76.595,3.3699999999999997]]]},"properties":{"value":65.458,"sigma":10.3819}},{"type":"Feature","geometry":{"type":"Polygon","coordinates":[[[-76.58999999999999,3.3699999999999997],[-76.585,3.3699999999999997],[-76.585,3.3749999999999996],[-76.58999999999999,3.3749999999999996],[-76.58999999999999,3.3699999999999997]]]},"properties":{"value":67.2493,"sigma":9.1558}},{"type":"Feature","geometry":{"type":"Polygon","coordinates":[[[-76.585,3.3699999999999997],[-76.58,3.3699999999999997],[-76.58,3.3749999999999996],[-76.585,3.3749999999999996],[-76.585,3.3699999999999997]]]},"properties":{"value":64.2741,"sigma":8.94}},{"type":"Feature","geometry":{"type":"Polygon","coordinates":[[[-76.58,3.3699999999999997],[-76.575,3.3699999999999997],[-76.575,3.3749999999999996],[-76.58,3.3749999999999996],[-76.58,3.3699999999999997]]]},"properties":{"value":64.2263,"sigma":8.7383}},{"type":"Feature","geometry":{"type":"Polygon","coordinates":[[[-76.57499999999999,3.3699999999999997],[-76.57,3.3699999999999997],[-76.57,3.3749999999999996],[-76.57499999999999,3.3749999999999996],[-76.57499999999999,3.3699999999999997]]]},"properties":{"value":65.5022,"sigma":9.0302}},{"type":"Feature","geometry":{"type":"Polygon","coordinates":[[[-76.57,3.3699999999999997],[-76.565,3.3699999999999997],[-76.565,3.3749999999999996],[-76.57,3.3749999999999996],[-76.57,3.3699999999999997]]]},"properties":{"value":64.163,"sigma":8.3444}},{"type":"Feature","geometry":{"type":"Polygon","coordinates":[[[-76.565,3.3699999999999997],[-76.56,3.3699999999999997],[-76.56,3.3749999999999996],[-76.565,3.3749999999999996],[-76.565,3.3699999999999997]]]},"properties":{"value":69.3848,"sigma":7.2519}},{"type":"Feature","geometry":{"type":"Polygon","coordinates":[[[-76.55999999999999,3.3699999999999997],[-76.55499999999999,3.3699999999999997],[-76.55499999999999,3.3749999999999996],[-76.55999999999999,3.3749999999999996],[-76.55999999999999,3.3699999999999997]]]},"properties":{"value":73.1882,"sigma":6.6326}},{"type":"Feature","geometry":{"type":"Polygon","coordinates":[[[-76.55499999999999,3.3699999999999997],[-76.55,3.3699999999999997],[-76.55,3.3749999999999996],[-76.55499999999999,3.3749999999999996],[-76.55499999999999,3.3699999999999997]]]},"properties":{"value":70.3271,"sigma":6.8175}},{"type":"Feature","geometry":{"type":"Polygon","coordinates":[[[-76.55,3.3699999999999997],[-76.545,3.3699999999999997],[-76.545,3.3749999999999996],[-76.55,3.3749999999999996],[-76.55,3.3699999999999997]]]},"properties":{"value":77.5449,"sigma":5.9402}},{"type":"Feature","geometry":{"type":"Polygon","coordinates":[[[-76.54499999999999,3.3699999999999997],[-76.53999999999999,3.3699999999999997],[-76.53999999999999,3.3749999999999996],[-76.54499999999999,3.3749999999999996],[-76.54499999999999,3.3699999999999997]]]},"properties":{"value":83.4221,"sigma":6.0934}},{"type":"Feature","geometry":{"type":"Polygon","coordinates":[[[-76.53999999999999,3.3699999999999997],[-76.535,3.3699999999999997],[-76.535,3.3749999999999996],[-76.53999999999999,3.3749999999999996],[-76.53999999999999,3.3699999999999997]]]},"properties":{"value":88.2087,"sigma":5.5201}},{"type":"Feature","geometry":{"type":"Polygon","coordinates":[[[-76.535,3.3699999999999997],[-76.53,3.3699999999999997],[-76.53,3.3749999999999996],[-76.535,3.3749999999999996],[-76.535,3.3699999999999997]]]},"properties":{"value":97.9369,"sigma":5.6501}},{"type":"Feature","geometry":{"type":"Polygon","coordinates":[[[-76.52999999999999,3.3699999999999997],[-76.52499999999999,3.3699999999999997],[-76.52499999999999,3.3749999999999996],[-76.52999999999999,3.3749999999999996],[-76.52999999999999,3.3699999999999997]]]},"properties":{"value":100.0619,"sigma":5.6676}},{"type":"Feature","geometry":{"type":"Polygon","coordinates":[[[-76.52499999999999,3.3699999999999997],[-76.52,3.3699999999999997],[-76.52,3.3749999999999996],[-76.52499999999999,3.3749999999999996],[-76.52499999999999,3.3699999999999997]]]},"properties":{"value":107.3977,"sigma":5.7955}},{"type":"Feature","geometry":{"type":"Polygon","coordinates":[[[-76.52,3.3699999999999997],[-76.515,3.3699999999999997],[-76.515,3.3749999999999996],[-76.52,3.3749999999999996],[-76.52,3.3699999999999997]]]},"properties":{"value":114.6709,"sigma":6.1865}},{"type":"Feature","geometry":{"type":"Polygon","coordinates":[[[-76.51499999999999,3.3699999999999997],[-76.50999999999999,3.3699999999999997],[-76.50999999999999,3.3749999999999996],[-76.51499999999999,3.3749999999999996],[-76.51499999999999,3.3699999999999997]]]},"properties":{"value":111.241,"sigma":6.1148}},{"type":"Feature","geometry":{"type":"Polygon","coordinates":[[[-76.50999999999999,3.3699999999999997],[-76.505,3.3699999999999997],[-76.505,3.3749999999999996],[-76.50999999999999,3.3749999999999996],[-76.50999999999999,3.3699999999999997]]]},"properties":{"value":107.2514,"sigma":7.4885}},{"type":"Feature","geometry":{"type":"Polygon","coordinates":[[[-76.505,3.3699999999999997],[-76.5,3.3699999999999997],[-76.5,3.3749999999999996],[-76.505,3.3749999999999996],[-76.505,3.3699999999999997]]]},"properties":{"value":99.4937,"sigma":7.8174}},{"type":"Feature","geometry":{"type":"Polygon","coordinates":[[[-76.49999999999999,3.3699999999999997],[-76.49499999999999,3.3699999999999997],[-76.49499999999999,3.3749999999999996],[-76.49999999999999,3.3749999999999996],[-76.49999999999999,3.3699999999999997]]]},"properties":{"value":92.5856,"sigma":8.5257}},{"type":"Feature","geometry":{"type":"Polygon","coordinates":[[[-76.49499999999999,3.3699999999999997],[-76.49,3.3699999999999997],[-76.49,3.3749999999999996],[-76.49499999999999,3.3749999999999996],[-76.49499999999999,3.3699999999999997]]]},"properties":{"value":83.1452,"sigma":8.6078}},{"type":"Feature","geometry":{"type":"Polygon","coordinates":[[[-76.49,3.3699999999999997],[-76.485,3.3699999999999997],[-76.485,3.3749999999999996],[-76.49,3.3749999999999996],[-76.49,3.3699999999999997]]]},"properties":{"value":77.4437,"sigma":9.0528}},{"type":"Feature","geometry":{"type":"Polygon","coordinates":[[[-76.48499999999999,3.3699999999999997],[-76.47999999999999,3.3699999999999997],[-76.47999999999999,3.3749999999999996],[-76.48499999999999,3.3749999999999996],[-76.48499999999999,3.3699999999999997]]]},"properties":{"value":70.2634,"sigma":9.1227}},{"type":"Feature","geometry":{"type":"Polygon","coordinates":[[[-76.47999999999999,3.3699999999999997],[-76.475,3.3699999999999997],[-76.475,3.3749999999999996],[-76.47999999999999,3.3749999999999996],[-76.47999999999999,3.3699999999999997]]]},"properties":{"value":72.8866,"sigma":9.1997}},{"type":"Feature","geometry":{"type":"Polygon","coordinates":[[[-76.475,3.3699999999999997],[-76.47,3.3699999999999997],[-76.47,3.3749999999999996],[-76.475,3.3749999999999996],[-76.475,3.3699999999999997]]]},"properties":{"value":66.3637,"sigma":9.1236}},{"type":"Feature","geometry":{"type":"Polygon","coordinates":[[[-76.47,3.3699999999999997],[-76.465,3.3699999999999997],[-76.465,3.3749999999999996],[-76.47,3.3749999999999996],[-76.47,3.3699999999999997]]]},"properties":{"value":64.8539,"sigma":9.906}},{"type":"Feature","geometry":{"type":"Polygon","coordinates":[[[-76.46499999999999,3.3699999999999997],[-76.46,3.3699999999999997],[-76.46,3.3749999999999996],[-76.46499999999999,3.3749999999999996],[-76.46499999999999,3.3699999999999997]]]},"properties":{"value":66.9077,"sigma":9.5447}},{"type":"Feature","geometry":{"type":"Polygon","coordinates":[[[-76.46,3.3699999999999997],[-76.455,3.3699999999999997],[-76.455,3.3749999999999996],[-76.46,3.3749999999999996],[-76.46,3.3699999999999997]]]},"properties":{"value":70.1847,"sigma":9.3832}},{"type":"Feature","geometry":{"type":"Polygon","coordinates":[[[-76.455,3.3699999999999997],[-76.45,3.3699999999999997],[-76.45,3.3749999999999996],[-76.455,3.3749999999999996],[-76.455,3.3699999999999997]]]},"properties":{"value":75.7462,"sigma":10.2772}},{"type":"Feature","geometry":{"type":"Polygon","coordinates":[[[-76.44999999999999,3.3699999999999997],[-76.445,3.3699999999999997],[-76.445,3.3749999999999996],[-76.44999999999999,3.3749999999999996],[-76.44999999999999,3.3699999999999997]]]},"properties":{"value":78.7327,"sigma":9.7665}},{"type":"Feature","geometry":{"type":"Polygon","coordinates":[[[-76.445,3.3699999999999997],[-76.44,3.3699999999999997],[-76.44,3.3749999999999996],[-76.445,3.3749999999999996],[-76.445,3.3699999999999997]]]},"properties":{"value":88.1298,"sigma":10.4384}},{"type":"Feature","geometry":{"type":"Polygon","coordinates":[[[-76.44,3.3699999999999997],[-76.435,3.3699999999999997],[-76.435,3.3749999999999996],[-76.44,3.3749999999999996],[-76.44,3.3699999999999997]]]},"properties":{"value":91.1243,"sigma":10.9179}},{"type":"Feature","geometry":{"type":"Polygon","coordinates":[[[-76.43499999999999,3.3699999999999997],[-76.42999999999999,3.3699999999999997],[-76.42999999999999,3.3749999999999996],[-76.43499999999999,3.3749999999999996],[-76.43499999999999,3.3699999999999997]]]},"properties":{"value":96.758,"sigma":10.8646}},{"type":"Feature","geometry":{"type":"Polygon","coordinates":[[[-76.42999999999999,3.3699999999999997],[-76.425,3.3699999999999997],[-76.425,3.3749999999999996],[-76.42999999999999,3.3749999999999996],[-76.42999999999999,3.3699999999999997]]]},"properties":{"value":89.9228,"sigma":10.3605}},{"type":"Feature","geometry":{"type":"Polygon","coordinates":[[[-76.425,3.3699999999999997],[-76.42,3.3699999999999997],[-76.42,3.3749999999999996],[-76.425,3.3749999999999996],[-76.425,3.3699999999999997]]]},"properties":{"value":86.0575,"sigma":11.1887}},{"type":"Feature","geometry":{"type":"Polygon","coordinates":[[[-76.41999999999999,3.3699999999999997],[-76.41499999999999,3.3699999999999997],[-76.41499999999999,3.3749999999999996],[-76.41999999999999,3.3749999999999996],[-76.41999999999999,3.3699999999999997]]]},"properties":{"value":78.5754,"sigma":11.5757}},{"type":"Feature","geometry":{"type":"Polygon","coordinates":[[[-76.41499999999999,3.3699999999999997],[-76.41,3.3699999999999997],[-76.41,3.3749999999999996],[-76.41499999999999,3.3749999999999996],[-76.41499999999999,3.3699999999999997]]]},"properties":{"value":70.9533,"sigma":11.6241}},{"type":"Feature","geometry":{"type":"Polygon","coordinates":[[[-76.41,3.3699999999999997],[-76.405,3.3699999999999997],[-76.405,3.3749999999999996],[-76.41,3.3749999999999996],[-76.41,3.3699999999999997]]]},"properties":{"value":67.0328,"sigma":12.0881}},{"type":"Feature","geometry":{"type":"Polygon","coordinates":[[[-76.40499999999999,3.3699999999999997],[-76.39999999999999,3.3699999999999997],[-76.39999999999999,3.3749999999999996],[-76.40499999999999,3.3749999999999996],[-76.40499999999999,3.3699999999999997]]]},"properties":{"value":65.9476,"sigma":12.4092}},{"type":"Feature","geometry":{"type":"Polygon","coordinates":[[[-76.6,3.375],[-76.595,3.375],[-76.595,3.38],[-76.6,3.38],[-76.6,3.375]]]},"properties":{"value":64.1496,"sigma":9.8001}},{"type":"Feature","geometry":{"type":"Polygon","coordinates":[[[-76.595,3.375],[-76.59,3.375],[-76.59,3.38],[-76.595,3.38],[-76.595,3.375]]]},"properties":{"value":65.0018,"sigma":9.0944}},{"type":"Feature","geometry":{"type":"Polygon","coordinates":[[[-76.58999999999999,3.375],[-76.585,3.375],[-76.585,3.38],[-76.58999999999999,3.38],[-76.58999999999999,3.375]]]},"properties":{"value":67.9014,"sigma":9.6365}},{"type":"Feature","geometry":{"type":"Polygon","coordinates":[[[-76.585,3.375],[-76.58,3.375],[-76.58,3.38],[-76.585,3.38],[-76.585,3.375]]]},"properties":{"value":64.7535,"sigma":8.6747}},{"type":"Feature","geometry":{"type":"Polygon","coordinates":[[[-76.58,3.375],[-76.575,3.375],[-76.575,3.38],[-76.58,3.38],[-76.58,3.375]]]},"properties":{"value":65.7174,"sigma":8.5039}},{"type":"Feature","geometry":{"type":"Polygon","coordinates":[[[-76.57499999999999,3.375],[-76.57,3.375],[-76.57,3.38],[-76.57499999999999,3.38],[-76.57499999999999,3.375]]]},"properties":{"value":64.9948,"sigma":8.8371}},{"type":"Feature","geometry":{"type":"Polygon","coordinates":[[[-76.57,3.375],[-76.565,3.375],[-76.565,3.38],[-76.57,3.38],[-76.57,3.375]]]},"properties":{"value":64.4095,"sigma":8.3152}},{"type":"Feature","geometry":{"type":"Polygon","coordinates":[[[-76.565,3.375],[-76.56,3.375],[-76.56,3.38],[-76.565,3.38],[-76.565,3.375]]]},"properties":{"value":65.7803,"sigma":7.1319}},{"type":"Feature","geometry":{"type":"Polygon","coordinates":[[[-76.55999999999999,3.375],[-76.55499999999999,3.375],[-76.55499999999999,3.38],[-76.55999999999999,3.38],[-76.55999999999999,3.375]]]},"properties":{"value":69.235,"sigma":6.5489}},{"type":"Feature","geometry":{"type":"Polygon","coordinates":[[[-76.55499999999999,3.375],[-76.55,3.375],[-76.55,3.38],[-76.55499999999999,3.38],[-76.55499999999999,3.375]]]},"properties":{"value":74.1712,"sigma":6.5344}},{"type":"Feature","geometry":{"type":"Polygon","coordinates":[[[-76.55,3.375],[-76.545,3.375],[-76.545,3.38],[-76.55,3.38],[-76.55,3.375]]]},"properties":{"value":70.974,"sigma":5.3732}},{"type":"Feature","geometry":{"type":"Polygon","coordinates":[[[-76.54499999999999,3.375],[-76.53999999999999,3.375],[-76.53999999999999,3.38],[-76.54499999999999,3.38],[-76.54499999999999,3.375]]]},"properties":{"value":81.2991,"sigma":6.3419}},{"type":"Feature","geometry":{"type":"Polygon","coordinates":[[[-76.53999999999999,3.375],[-76.535,3.375],[-76.535,3.38],[-76.53999999999999,3.38],[-76.53999999999999,3.375]]]},"properties":{"value":92.2853,"sigma":4.3589}},{"type":"Feature","geometry":{"type":"Polygon","coordinates":[[[-76.535,3.375],[-76.53,3.375],[-76.53,3.38],[-76.535,3.38],[-76.535,3.375]]]},"properties":{"value":93.2491,"sigma":4.4631}},{"type":"Feature","geometry":{"type":"Polygon","coordinates":[[[-76.52999999999999,3.375],[-76.52499999999999,3.375],[-76.52499999999999,3.38],[-76.52999999999999,3.38],[-76.52999999999999,3.375]]]},"properties":{"value":101.6641,"sigma":4.9981}},{"type":"Feature","geometry":{"type":"Polygon","coordinates":[[[-76.52499999999999,3.375],[-76.52,3.375],[-76.52,3.38],[-76.52499999999999,3.38],[-76.52499999999999,3.375]]]},"properties":{"value":105.9266,"sigma":5.722}},{"type":"Feature","geometry":{"type":"Polygon","coordinates":[[[-76.52,3.375],[-76.515,3.375],[-76.515,3.38],[-76.52,3.38],[-76.52,3.375]]]},"properties":{"value":109.1195,"sigma":6.4655}},{"type":"Feature","geometry":{"type":"Polygon","coordinates":[[[-76.51499999999999,3.375],[-76.50999999999999,3.375],[-76.50999999999999,3.38],[-76.51499999999999,3.38],[-76.51499999999999,3.375]]]},"properties":{"value":111.0707,"sigma":6.8949}},{"type":"Feature","geometry":{"type":"Polygon","coordinates":[[[-76.50999999999999,3.375],[-76.505,3.375],[-76.505,3.38],[-76.50999999999999,3.38],[-76.50999999999999,3.375]]]},"properties":{"value":105.1763,"sigma":6.6772}},{"type":"Feature","geometry":{"type":"Polygon","coordinates":[[[-76.505,3.375],[-76.5,3.375],[-76.5,3.38],[-76.505,3.38],[-76.505,3.375]]]},"properties":{"value":95.8764,"sigma":7.5162}},{"type":"Feature","geometry":{"type":"Polygon","coordinates":[[[-76.49999999999999,3.375],[-76.49499999999999,3.375],[-76.49499999999999,3.38],[-76.49999999999999,3.38],[-76.49999999999999,3.375]]]},"properties":{"value":92.6863,"sigma":8.168}},{"type":"Feature","geometry":{"type":"Polygon","coordinates":[[[-76.49499999999999,3.375],[-76.49,3.375],[-76.49,3.38],[-76.49499999999999,3.38],[-76.49499999999999,3.375]]]},"properties":{"value":86.6345,"sigma":8.1595}},{"type":"Feature","geometry":{"type":"Polygon","coordinates":[[[-76.49,3.375],[-76.485,3.375],[-76.485,3.38],[-76.49,3.38],[-76.49,3.375]]]},"properties":{"value":79.0195,"sigma":8.2151}},{"type":"Feature","geometry":{"type":"Polygon","coordinates":[[[-76.48499999999999,3.375],[-76.47999999999999,3.375],[-76.47999999999999,3.38],[-76.48499999999999,3.38],[-76.48499999999999,3.375]]]},"properties":{"value":75.503,"sigma":9.1496}},{"type":"Feature","geometry":{"type":"Polygon","coordinates":[[[-76.47999999999999,3.375],[-76.475,3.375],[-76.475,3.38],[-76.47999999999999,3.38],[-76.47999999999999,3.375]]]},"properties":{"value":68.292,"sigma":8.622}},{"type":"Feature","geometry":{"type":"Polygon","coordinates":[[[-76.475,3.375],[-76.47,3.375],[-76.47,3.38],[-76.475,3.38],[-76.475,3.375]]]},"properties":{"value":64.1729,"sigma":9.3388}},{"type":"Feature","geometry":{"type":"Polygon","coordinates":[[[-76.47,3.375],[-76.465,3.375],[-76.465,3.38],[-76.47,3.38],[-76.47,3.375]]]},"properties":{"value":67.3953,"sigma":9.306}},{"type":"Feature","geometry":{"type":"Polygon","coordinates":[[[-76.46499999999999,3.375],[-76.46,3.375],[-76.46,3.38],[-76.46499999999999,3.38],[-76.46499999999999,3.375]]]},"properties":{"value":67.3387,"sigma":9.3584}},{"type":"Feature","geometry":{"type":"Polygon","coordinates":[[[-76.46,3.375],[-76.455,3.375],[-76.455,3.38],[-76.46,3.38],[-76.46,3.375]]]},"properties":{"value":70.1027,"sigma":9.3492}},{"type":"Feature","geometry":{"type":"Polygon","coordinates":[[[-76.455,3.375],[-76.45,3.375],[-76.45,3.38],[-76.455,3.38],[-76.455,3.375]]]},"properties":{"value":72.5028,"sigma":9.2736}},{"type":"Feature","geometry":{"type":"Polygon","coordinates":[[[-76.44999999999999,3.375],[-76.445,3.375],[-76.445,3.38],[-76.44999999999999,3.38],[-76.44999999999999,3.375]]]},"properties":{"value":75.5209,"sigma":10.0066}},{"type":"Feature","geometry":{"type":"Polygon","coordinates":[[[-76.445,3.375],[-76.44,3.375],[-76.44,3.38],[-76.445,3.38],[-76.445,3.375]]]},"properties":{"value":85.1123,"sigma":9.5188}},{"type":"Feature","geometry":{"type":"Polygon","coordinates":[[[-76.44,3.375],[-76.435,3.375],[-76.435,3.38],[-76.44,3.38],[-76.44,3.375]]]},"properties":{"value":84.5239,"sigma":10.5061}},{"type":"Feature","geometry":{"type":"Polygon","coordinates":[[[-76.43499999999999,3.375],[-76.42999999999999,3.375],[-76.42999999999999,3.38],[-76.43499999999999,3.38],[-76.43499999999999,3.375]]]},"properties":{"value":83.6753,"sigma":10.8764}},{"type":"Feature","geometry":{"type":"Polygon","coordinates":[[[-76.42999999999999,3.375],[-76.425,3.375],[-76.425,3.38],[-76.42999999999999,3.38],[-76.42999999999999,3.375]]]},"properties":{"value":83.8745,"sigma":10.2577}},{"type":"Feature","geometry":{"type":"Polygon","coordinates":[[[-76.425,3.375],[-76.42,3.375],[-76.42,3.38],[-76.425,3.38],[-76.425,3.375]]]},"properties":{"value":80.0976,"sigma":10.9214}},{"type":"Feature","geometry":{"type":"Polygon","coordinates":[[[-76.41999999999999,3.375],[-76.41499999999999,3.375],[-76.41499999999999,3.38],[-76.41999999999999,3.38],[-76.41999999999999,3.375]]]},"properties":{"value":73.2555,"sigma":10.7894}},{"type":"Feature","geometry":{"type":"Polygon","coordinates":[[[-76.41499999999999,3.375],[-76.41,3.375],[-76.41,3.38],[-76.41499999999999,3.38],[-76.41499999999999,3.375]]]},"properties":{"value":74.6808,"sigma":10.9493}},{"type":"Feature","geometry":{"type":"Polygon","coordinates":[[[-76.41,3.375],[-76.405,3.375],[-76.405,3.38],[-76.41,3.38],[-76.41,3.375]]]},"properties":{"value":68.823,"sigma":12.2698}},{"type":"Feature","geometry":{"type":"Polygon","coordinates":[[[-76.40499999999999,3.375],[-76.39999999999999,3.375],[-76.39999999999999,3.38],[-76.40499999999999,3.38],[-76.40499999999999,3.375]]]},"properties":{"value":66.0743,"sigma":12.4185}},{"type":"Feature","geometry":{"type":"Polygon","coordinates":[[[-76.6,3.38],[-76.595,3.38],[-76.595,3.385],[-76.6,3.385],[-76.6,3.38]]]},"properties":{"value":66.25,"sigma":10.1514}},{"type":"Feature","geometry":{"type":"Polygon","coordinates":[[[-76.595,3.38],[-76.59,3.38],[-76.59,3.385],[-76.595,3.385],[-76.595,3.38]]]},"properties":{"value":64.5922,"sigma":9.6353}},{"type":"Feature","geometry":{"type":"Polygon","coordinates":[[[-76.58999999999999,3.38],[-76.585,3.38],[-76.585,3.385],[-76.58999999999999,3.385],[-76.58999999999999,3.38]]]},"properties":{"value":68.2246,"sigma":10.372}},{"type":"Feature","geometry":{"type":"Polygon","coordinates":[[[-76.585,3.38],[-76.58,3.38],[-76.58,3.385],[-76.585,3.385],[-76.585,3.38]]]},"properties":{"value":66.7221,"sigma":8.8803}},{"type":"Feature","geometry":{"type":"Polygon","coordinates":[[[-76.58,3.38],[-76.575,3.38],[-76.575,3.385],[-76.58,3.385],[-76.58,3.38]]]},"properties":{"value":64.1462,"sigma":8.898}},{"type":"Feature","geometry":{"type":"Polygon","coordinates":[[[-76.57499999999999,3.38],[-76.57,3.38],[-76.57,3.385],[-76.57499999999999,3.385],[-76.57499999999999,3.38]]]},"properties":{"value":67.8875,"sigma":8.0728}},{"type":"Feature","geometry":{"type":"Polygon","coordinates":[[[-76.57,3.38],[-76.565,3.38],[-76.565,3.385],[-76.57,3.385],[-76.57,3.38]]]},"properties":{"value":62.8142,"sigma":8.2161}},{"type":"Feature","geometry":{"type":"Polygon","coordinates":[[[-76.565,3.38],[-76.56,3.38],[-76.56,3.385],[-76.565,3.385],[-76.565,3.38]]]},"properties":{"value":70.8039,"sigma":6.9793}},{"type":"Feature","geometry":{"type":"Polygon","coordinates":[[[-76.55999999999999,3.38],[-76.55499999999999,3.38],[-76.55499999999999,3.385],[-76.55999999999999,3.385],[-76.55999999999999,3.38]]]},"properties":{"value":67.6225,"sigma":6.6988}},{"type":"Feature","geometry":{"type":"Polygon","coordinates":[[[-76.55499999999999,3.38],[-76.55,3.38],[-76.55,3.385],[-76.55499999999999,3.385],[-76.55499999999999,3.38]]]},"properties":{"value":68.1657,"sigma":6.7785}},{"type":"Feature","geometry":{"type":"Polygon","coordinates":[[[-76.55,3.38],[-76.545,3.38],[-76.545,3.385],[-76.55,3.385],[-76.55,3.38]]]},"properties":{"value":78.6007,"sigma":6.3452}},{"type":"Feature","geometry":{"type":"Polygon","coordinates":[[[-76.54499999999999,3.38],[-76.53999999999999,3.38],[-76.53999999999999,3.385],[-76.54499999999999,3.385],[-76.54499999999999,3.38]]]},"properties":{"value":78.3004,"sigma":5.734}},{"type":"Feature","geometry":{"type":"Polygon","coordinates":[[[-76.53999999999999,3.38],[-76.535,3.38],[-76.535,3.385],[-76.53999999999999,3.385],[-76.53999999999999,3.38]]]},"properties":{"value":86.0348,"sigma":5.4194}},{"type":"Feature","geometry":{"type":"Polygon","coordinates":[[[-76.535,3.38],[-76.53,3.38],[-76.53,3.385],[-76.535,3.385],[-76.535,3.38]]]},"properties":{"value":90.87,"sigma":4.8678}},{"type":"Feature","geometry":{"type":"Polygon","coordinates":[[[-76.52999999999999,3.38],[-76.52499999999999,3.38],[-76.52499999999999,3.385],[-76.52999999999999,3.385],[-76.52999999999999,3.38]]]},"properties":{"value":99.9668,"sigma":5.5943}},{"type":"Feature","geometry":{"type":"Polygon","coordinates":[[[-76.52499999999999,3.38],[-76.52,3.38],[-76.52,3.385],[-76.52499999999999,3.385],[-76.52499999999999,3.38]]]},"properties":{"value":104.2997,"sigma":6.3462}},{"type":"Feature","geometry":{"type":"Polygon","coordinates":[[[-76.52,3.38],[-76.515,3.38],[-76.515,3.385],[-76.52,3.385],[-76.52,3.38]]]},"properties":{"value":106.5292,"sigma":6.6448}},{"type":"Feature","geometry":{"type":"Polygon","coordinates":[[[-76.51499999999999,3.38],[-76.50999999999999,3.38],[-76.50999999999999,3.385],[-76.51499999999999,3.385],[-76.51499999999999,3.38]]]},"properties":{"value":108.8324,"sigma":6.9437}},{"type":"Feature","geometry":{"type":"Polygon","coordinates":[[[-76.50999999999999,3.38],[-76.505,3.38],[-76.505,3.385],[-76.50999999999999,3.385],[-76.50999999999999,3.38]]]},"properties":{"value":101.8103,"sigma":7.376}},{"type":"Feature","geometry":{"type":"Polygon","coordinates":[[[-76.505,3.38],[-76.5,3.38],[-76.5,3.385],[-76.505,3.385],[-76.505,3.38]]]},"properties":{"value":96.7432,"sigma":7.4382}},{"type":"Feature","geometry":{"type":"Polygon","coordinates":[[[-76.49999999999999,3.38],[-76.49499999999999,3.38],[-76.49499999999999,3.385],[-76.49999999999999,3.385],[-76.49999999999999,3.38]]]},"properties":{"value":91.6865,"sigma":7.9444}},{"type":"Feature","geometry":{"type":"Polygon","coordinates":[[[-76.49499999999999,3.38],[-76.49,3.38],[-76.49,3.385],[-76.49499999999999,3.385],[-76.49499999999999,3.38]]]},"properties":{"value":85.4257,"sigma":8.3571}},{"type":"Feature","geometry":{"type":"Polygon","coordinates":[[[-76.49,3.38],[-76.485,3.38],[-76.485,3.385],[-76.49,3.385],[-76.49,3.38]]]},"properties":{"value":77.2528,"sigma":8.1931}},{"type":"Feature","geometry":{"type":"Polygon","coordinates":[[[-76.48499999999999,3.38],[-76.47999999999999,3.38],[-76.47999999999999,3.385],[-76.48499999999999,3.385],[-76.48499999999999,3.38]]]},"properties":{"value":69.862,"sigma":8.2717}},{"type":"Feature","geometry":{"type":"Polygon","coordinates":[[[-76.47999999999999,3.38],[-76.475,3.38],[-76.475,3.385],[-76.47999999999999,3.385],[-76.47999999999999,3.38]]]},"properties":{"value":69.415,"sigma":8.7736}},{"type":"Feature","geometry":{"type":"Polygon","coordinates":[[[-76.475,3.38],[-76.47,3.38],[-76.47,3.385],[-76.475,3.385],[-76.475,3.38]]]},"properties":{"value":66.7391,"sigma":8.6764}},{"type":"Feature","geometry":{"type":"Polygon","coordinates":[[[-76.47,3.38],[-76.465,3.38],[-76.465,3.385],[-76.47,3.385],[-76.47,3.38]]]},"properties":{"value":69.2344,"sigma":8.5421}},{"type":"Feature","geometry":{"type":"Polygon","coordinates":[[[-76.46499999999999,3.38],[-76.46,3.38],[-76.46,3.385],[-76.46499999999999,3.385],[-76.46499999999999,3.38]]]},"properties":{"value":68.0629,"sigma":8.7356}},{"type":"Feature","geometry":{"type":"Polygon","coordinates":[[[-76.46,3.38],[-76.455,3.38],[-76.455,3.385],[-76.46,3.385],[-76.46,3.38]]]},"properties":{"value":68.977,"sigma":8.3785}},{"type":"Feature","geometry":{"type":"Polygon","coordinates":[[[-76.455,3.38],[-76.45,3.38],[-76.45,3.385],[-76.455,3.385],[-76.455,3.38]]]},"properties":{"value":68.3155,"sigma":8.8521}},{"type":"Feature","geometry":{"type":"Polygon","coordinates":[[[-76.44999999999999,3.38],[-76.445,3.38],[-76.445,3.385],[-76.44999999999999,3.385],[-76.44999999999999,3.38]]]},"properties":{"value":75.1566,"sigma":9.9269}},{"type":"Feature","geometry":{"type":"Polygon","coordinates":[[[-76.445,3.38],[-76.44,3.38],[-76.44,3.385],[-76.445,3.385],[-76.445,3.38]]]},"properties":{"value":75.7894,"sigma":9.1897}},{"type":"Feature","geometry":{"type":"Polygon","coordinates":[[[-76.44,3.38],[-76.435,3.38],[-76.435,3.385],[-76.44,3.385],[-76.44,3.38]]]},"properties":{"value":80.5151,"sigma":8.7855}},{"type":"Feature","geometry":{"type":"Polygon","coordinates":[[[-76.43499999999999,3.38],[-76.42999999999999,3.38],[-76.42999999999999,3.385],[-76.43499999999999,3.385],[-76.43499999999999,3.38]]]},"properties":{"value":81.5952,"sigma":10.2099}},{"type":"Feature","geometry":{"type":"Polygon","coordinates":[[[-76.42999999999999,3.38],[-76.425,3.38],[-76.425,3.385],[-76.42999999999999,3.385],[-76.42999999999999,3.38]]]},"properties":{"value":76.5825,"sigma":10.1754}},{"type":"Feature","geometry":{"type":"Polygon","coordinates":[[[-76.425,3.38],[-76.42,3.38],[-76.42,3.385],[-76.425,3.385],[-76.425,3.38]]]},"properties":{"value":72.3805,"sigma":11.1743}},{"type":"Feature","geometry":{"type":"Polygon","coordinates":[[[-76.41999999999999,3.38],[-76.41499999999999,3.38],[-76.41499999999999,3.385],[-76.41999999999999,3.385],[-76.41999999999999,3.38]]]},"properties":{"value":72.9274,"sigma":11.1478}},{"type":"Feature","geometry":{"type":"Polygon","coordinates":[[[-76.41499999999999,3.38],[-76.41,3.38],[-76.41,3.385],[-76.41499999999999,3.385],[-76.41499999999999,3.38]]]},"properties":{"value":69.0915,"sigma":11.5548}},{"type":"Feature","geometry":{"type":"Polygon","coordinates":[[[-76.41,3.38],[-76.405,3.38],[-76.405,3.385],[-76.41,3.385],[-76.41,3.38]]]},"properties":{"value":66.1261,"sigma":11.6843}},{"type":"Feature","geometry":{"type":"Polygon","coordinates":[[[-76.40499999999999,3.38],[-76.39999999999999,3.38],[-76.39999999999999,3.385],[-76.40499999999999,3.385],[-76.40499999999999,3.38]]]},"properties":{"value":64.141,"sigma":12.3199}},{"type":"Feature","geometry":{"type":"Polygon","coordinates":[[[-76.6,3.385],[-76.595,3.385],[-76.595,3.3899999999999997],[-76.6,3.3899999999999997],[-76.6,3.385]]]},"properties":{"value":62.0966,"sigma":10.2736}},{"type":"Feature","geometry":{"type":"Polygon","coordinates":[[[-76.595,3.385],[-76.59,3.385],[-76.59,3.3899999999999997],[-76.595,3.3899999999999997],[-76.595,3.385]]]},"properties":{"value":59.2129,"sigma":9.2134}},{"type":"Feature","geometry":{"type":"Polygon","coordinates":[[[-76.58999999999999,3.385],[-76.585,3.385],[-76.585,3.3899999999999997],[-76.58999999999999,3.3899999999999997],[-76.58999999999999,3.385]]]},"properties":{"value":68.0246,"sigma":9.4265}},{"type":"Feature","geometry":{"type":"Polygon","coordinates":[[[-76.585,3.385],[-76.58,3.385],[-76.58,3.3899999999999997],[-76.585,3.3899999999999997],[-76.585,3.385]]]},"properties":{"value":65.2893,"sigma":9.2878}},{"type":"Feature","geometry":{"type":"Polygon","coordinates":[[[-76.58,3.385],[-76.575,3.385],[-76.575,3.3899999999999997],[-76.58,3.3899999999999997],[-76.58,3.385]]]},"properties":{"value":64.5151,"sigma":9.0768}},{"type":"Feature","geometry":{"type":"Polygon","coordinates":[[[-76.57499999999999,3.385],[-76.57,3.385],[-76.57,3.3899999999999997],[-76.57499999999999,3.3899999999999997],[-76.57499999999999,3.385]]]},"properties":{"value":67.1646,"sigma":8.2073}},{"type":"Feature","geometry":{"type":"Polygon","coordinates":[[[-76.57,3.385],[-76.565,3.385],[-76.565,3.3899999999999997],[-76.57,3.3899999999999997],[-76.57,3.385]]]},"properties":{"value":69.1638,"sigma":7.6845}},{"type":"Feature","geometry":{"type":"Polygon","coordinates":[[[-76.565,3.385],[-76.56,3.385],[-76.56,3.3899999999999997],[-76.565,3.3899999999999997],[-76.565,3.385]]]},"properties":{"value":71.5682,"sigma":8.0501}},{"type":"Feature","geometry":{"type":"Polygon","coordinates":[[[-76.55999999999999,3.385],[-76.55499999999999,3.385],[-76.55499999999999,3.3899999999999997],[-76.55999999999999,3.3899999999999997],[-76.55999999999999,3.385]]]},"properties":{"value":67.7553,"sigma":7.1601}},{"type":"Feature","geometry":{"type":"Polygon","coordinates":[[[-76.55499999999999,3.385],[-76.55,3.385],[-76.55,3.3899999999999997],[-76.55499999999999,3.3899999999999997],[-76.55499999999999,3.385]]]},"properties":{"value":70.3414,"sigma":6.9139}},{"type":"Feature","geometry":{"type":"Polygon","coordinates":[[[-76.55,3.385],[-76.545,3.385],[-76.545,3.3899999999999997],[-76.55,3.3899999999999997],[-76.55,3.385]]]},"properties":{"value":74.4223,"sigma":6.3227}},{"type":"Feature","geometry":{"type":"Polygon","coordinates":[[[-76.54499999999999,3.385],[-76.53999999999999,3.385],[-76.53999999999999,3.3899999999999997],[-76.54499999999999,3.3899999999999997],[-76.54499999999999,3.385]]]},"properties":{"value":74.05,"sigma":6.2661}},{"type":"Feature","geometry":{"type":"Polygon","coordinates":[[[-76.53999999999999,3.385],[-76.535,3.385],[-76.535,3.3899999999999997],[-76.53999999999999,3.3899999999999997],[-76.53999999999999,3.385]]]},"properties":{"value":79.4215,"sigma":5.0792}},{"type":"Feature","geometry":{"type":"Polygon","coordinates":[[[-76.535,3.385],[-76.53,3.385],[-76.53,3.3899999999999997],[-76.535,3.3899999999999997],[-76.535,3.385]]]},"properties":{"value":86.9429,"sigma":5.7327}},{"type":"Feature","geometry":{"type":"Polygon","coordinates":[[[-76.52999999999999,3.385],[-76.52499999999999,3.385],[-76.52499999999999,3.3899999999999997],[-76.52999999999999,3.3899999999999997],[-76.52999999999999,3.385]]]},"properties":{"value":96.8877,"sigma":6.0835}},{"type":"Feature","geometry":{"type":"Polygon","coordinates":[[[-76.52499999999999,3.385],[-76.52,3.385],[-76.52,3.3899999999999997],[-76.52499999999999,3.3899999999999997],[-76.52499999999999,3.385]]]},"properties":{"value":101.147,"sigma":5.9982}},{"type":"Feature","geometry":{"type":"Polygon","coordinates":[[[-76.52,3.385],[-76.515,3.385],[-76.515,3.3899999999999997],[-76.52,3.3899999999999997],[-76.52,3.385]]]},"properties":{"value":99.1931,"sigma":6.8505}},{"type":"Feature","geometry":{"type":"Polygon","coordinates":[[[-76.51499999999999,3.385],[-76.50999999999999,3.385],[-76.50999999999999,3.3899999999999997],[-76.51499999999999,3.3899999999999997],[-76.51499999999999,3.385]]]},"properties":{"value":98.3264,"sigma":6.9517}},{"type":"Feature","geometry":{"type":"Polygon","coordinates":[[[-76.50999999999999,3.385],[-76.505,3.385],[-76.505,3.3899999999999997],[-76.50999999999999,3.3899999999999997],[-76.50999999999999,3.385]]]},"properties":{"value":100.7611,"sigma":6.9287}},{"type":"Feature","geometry":{"type":"Polygon","coordinates":[[[-76.505,3.385],[-76.5,3.385],[-76.5,3.3899999999999997],[-76.505,3.3899999999999997],[-76.505,3.385]]]},"properties":{"value":92.499,"sigma":7.1835}},{"type":"Feature","geometry":{"type":"Polygon","coordinates":[[[-76.49999999999999,3.385],[-76.49499999999999,3.385],[-76.49499999999999,3.3899999999999997],[-76.49999999999999,3.3899999999999997],[-76.49999999999999,3.385]]]},"properties":{"value":89.2935,"sigma":6.9719}},{"type":"Feature","geometry":{"type":"Polygon","coordinates":[[[-76.49499999999999,3.385],[-76.49,3.385],[-76.49,3.3899999999999997],[-76.49499999999999,3.3899999999999997],[-76.49499999999999,3.385]]]},"properties":{"value":83.0505,"sigma":6.6811}},{"type":"Feature","geometry":{"type":"Polygon","coordinates":[[[-76.49,3.385],[-76.485,3.385],[-76.485,3.3899999999999997],[-76.49,3.3899999999999997],[-76.49,3.385]]]},"properties":{"value":75.1092,"sigma":8.2347}},{"type":"Feature","geometry":{"type":"Polygon","coordinates":[[[-76.48499999999999,3.385],[-76.47999999999999,3.385],[-76.47999999999999,3.3899999999999997],[-76.48499999999999,3.3899999999999997],[-76.48499999999999,3.385]]]},"properties":{"value":72.7618,"sigma":6.9569}},{"type":"Feature","geometry":{"type":"Polygon","coordinates":[[[-76.47999999999999,3.385],[-76.475,3.385],[-76.475,3.3899999999999997],[-76.47999999999999,3.3899999999999997],[-76.47999999999999,3.385]]]},"properties":{"value":70.8976,"sigma":8.2905}},{"type":"Feature","geometry":{"type":"Polygon","coordinates":[[[-76.475,3.385],[-76.47,3.385],[-76.47,3.3899999999999997],[-76.475,3.3899999999999997],[-76.475,3.385]]]},"properties":{"value":70.1281,"sigma":7.8128}},{"type":"Feature","geometry":{"type":"Polygon","coordinates":[[[-76.47,3.385],[-76.465,3.385],[-76.465,3.3899999999999997],[-76.47,3.3899999999999997],[-76.47,3.385]]]},"properties":{"value":67.124,"sigma":8.5974}},{"type":"Feature","geometry":{"type":"Polygon","coordinates":[[[-76.46499999999999,3.385],[-76.46,3.385],[-76.46,3.3899999999999997],[-76.46499999999999,3.3899999999999997],[-76.46499999999999,3.385]]]},"properties":{"value":65.289,"sigma":8.8325}},{"type":"Feature","geometry":{"type":"Polygon","coordinates":[[[-76.46,3.385],[-76.455,3.385],[-76.455,3.3899999999999997],[-76.46,3.3899999999999997],[-76.46,3.385]]]},"properties":{"value":68.1744,"sigma":8.287}},{"type":"Feature","geometry":{"type":"Polygon","coordinates":[[[-76.455,3.385],[-76.45,3.385],[-76.45,3.3899999999999997],[-76.455,3.3899999999999997],[-76.455,3.385]]]},"properties":{"value":67.5664,"sigma":9.0441}},{"type":"Feature","geometry":{"type":"Polygon","coordinates":[[[-76.44999999999999,3.385],[-76.445,3.385],[-76.445,3.3899999999999997],[-76.44999999999999,3.3899999999999997],[-76.44999999999999,3.385]]]},"properties":{"value":65.6093,"sigma":9.8236}},{"type":"Feature","geometry":{"type":"Polygon","coordinates":[[[-76.445,3.385],[-76.44,3.385],[-76.44,3.3899999999999997],[-76.445,3.3899999999999997],[-76.445,3.385]]]},"properties":{"value":72.0033,"sigma":9.3687}},{"type":"Feature","geometry":{"type":"Polygon","coordinates":[[[-76.44,3.385],[-76.435,3.385],[-76.435,3.3899999999999997],[-76.44,3.3899999999999997],[-76.44,3.385]]]},"properties":{"value":71.4493,"sigma":9.84}},{"type":"Feature","geometry":{"type":"Polygon","coordinates":[[[-76.43499999999999,3.385],[-76.42999999999999,3.385],[-76.42999999999999,3.3899999999999997],[-76.43499999999999,3.3899999999999997],[-76.43499999999999,3.385]]]},"properties":{"value":73.2868,"sigma":10.9011}},{"type":"Feature","geometry":{"type":"Polygon","coordinates":[[[-76.42999999999999,3.385],[-76.425,3.385],[-76.425,3.3899999999999997],[-76.42999999999999,3.3899999999999997],[-76.42999999999999,3.385]]]},"properties":{"value":74.1724,"sigma":10.4146}},{"type":"Feature","geometry":{"type":"Polygon","coordinates":[[[-76.425,3.385],[-76.42,3.385],[-76.42,3.3899999999999997],[-76.425,3.3899999999999997],[-76.425,3.385]]]},"properties":{"value":70.1915,"sigma":10.2061}},{"type":"Feature","geometry":{"type":"Polygon","coordinates":[[[-76.41999999999999,3.385],[-76.41499999999999,3.385],[-76.41499999999999,3.3899999999999997],[-76.41999999999999,3.3899999999999997],[-76.41999999999999,3.385]]]},"properties":{"value":70.1254,"sigma":10.4904}},{"type":"Feature","geometry":{"type":"Polygon","coordinates":[[[-76.41499999999999,3.385],[-76.41,3.385],[-76.41,3.3899999999999997],[-76.41499999999999,3.3899999999999997],[-76.41499999999999,3.385]]]},"properties":{"value":64.8203,"sigma":11.5004}},{"type":"Feature","geometry":{"type":"Polygon","coordinates":[[[-76.41,3.385],[-76.405,3.385],[-76.405,3.3899999999999997],[-76.41,3.3899999999999997],[-76.41,3.385]]]},"properties":{"value":65.2582,"sigma":11.8392}},{"type":"Feature","geometry":{"type":"Polygon","coordinates":[[[-76.40499999999999,3.385],[-76.39999999999999,3.385],[-76.39999999999999,3.3899999999999997],[-76.40499999999999,3.3899999999999997],[-76.40499999999999,3.385]]]},"properties":{"value":67.1783,"sigma":11.4825}},{"type":"Feature","geometry":{"type":"Polygon","coordinates":[[[-76.6,3.3899999999999997],[-76.595,3.3899999999999997],[-76.595,3.3949999999999996],[-76.6,3.3949999999999996],[-76.6,3.3899999999999997]]]},"properties":{"value":67.0084,"sigma":9.2434}},{"type":"Feature","geometry":{"type":"Polygon","coordinates":[[[-76.595,3.3899999999999997],[-76.59,3.3899999999999997],[-76.59,3.3949999999999996],[-76.595,3.3949999999999996],[-76.595,3.3899999999999997]]]},"properties":{"value":63.6429,"sigma":9.3099}},{"type":"Feature","geometry":{"type":"Polygon","coordinates":[[[-76.58999999999999,3.3899999999999997],[-76.585,3.3899999999999997],[-76.585,3.3949999999999996],[-76.58999999999999,3.3949999999999996],[-76.58999999999999,3.3899999999999997]]]},"properties":{"value":64.9033,"sigma":9.138}},{"type":"Feature","geometry":{"type":"Polygon","coordinates":[[[-76.585,3.3899999999999997],[-76.58,3.3899999999999997],[-76.58,3.3949999999999996],[-76.585,3.3949999999999996],[-76.585,3.3899999999999997]]]},"properties":{"value":64.5467,"sigma":8.403}},{"type":"Feature","geometry":{"type":"Polygon","coordinates":[[[-76.58,3.3899999999999997],[-76.575,3.3899999999999997],[-76.575,3.3949999999999996],[-76.58,3.3949999999999996],[-76.58,3.3899999999999997]]]},"properties":{"value":68.4416,"sigma":8.164}},{"type":"Feature","geometry":{"type":"Polygon","coordinates":[[[-76.57499999999999,3.3899999999999997],[-76.57,3.3899999999999997],[-76.57,3.3949999999999996],[-76.57499999999999,3.3949999999999996],[-76.57499999999999,3.3899999999999997]]]},"properties":{"value":68.5927,"sigma":7.3416}},{"type":"Feature","geometry":{"type":"Polygon","coordinates":[[[-76.57,3.3899999999999997],[-76.565,3.3899999999999997],[-76.565,3.3949999999999996],[-76.57,3.3949999999999996],[-76.57,3.3899999999999997]]]},"properties":{"value":66.07,"sigma":7.1778}},{"type":"Feature","geometry":{"type":"Polygon","coordinates":[[[-76.565,3.3899999999999997],[-76.56,3.3899999999999997],[-76.56,3.3949999999999996],[-76.565,3.3949999999999996],[-76.565,3.3899999999999997]]]},"properties":{"value":72.1467,"sigma":7.5692}},{"type":"Feature","geometry":{"type":"Polygon","coordinates":[[[-76.55999999999999,3.3899999999999997],[-76.55499999999999,3.3899999999999997],[-76.55499999999999,3.3949999999999996],[-76.55999999999999,3.3949999999999996],[-76.55999999999999,3.3899999999999997]]]},"properties":{"value":69.5907,"sigma":6.8758}},{"type":"Feature","geometry":{"type":"Polygon","coordinates":[[[-76.55499999999999,3.3899999999999997],[-76.55,3.3899999999999997],[-76.55,3.3949999999999996],[-76.55499999999999,3.3949999999999996],[-76.55499999999999,3.3899999999999997]]]},"properties":{"value":66.9599,"sigma":7.0636}},{"type":"Feature","geometry":{"type":"Polygon","coordinates":[[[-76.55,3.3899999999999997],[-76.545,3.3899999999999997],[-76.545,3.3949999999999996],[-76.55,3.3949999999999996],[-76.55,3.3899999999999997]]]},"properties":{"value":68.0181,"sigma":6.4945}},{"type":"Feature","geometry":{"type":"Polygon","coordinates":[[[-76.54499999999999,3.3899999999999997],[-76.53999999999999,3.3899999999999997],[-76.53999999999999,3.3949999999999996],[-76.54499999999999,3.3949999999999996],[-76.54499999999999,3.3899999999999997]]]},"properties":{"value":75.211,"sigma":6.1253}},{"type":"Feature","geometry":{"type":"Polygon","coordinates":[[[-76.53999999999999,3.3899999999999997],[-76.535,3.3899999999999997],[-76.535,3.3949999999999996],[-76.53999999999999,3.3949999999999996],[-76.53999999999999,3.3899999999999997]]]},"properties":{"value":79.5854,"sigma":6.2337}},{"type":"Feature","geometry":{"type":"Polygon","coordinates":[[[-76.535,3.3899999999999997],[-76.53,3.3899999999999997],[-76.53,3.3949999999999996],[-76.535,3.3949999999999996],[-76.535,3.3899999999999997]]]},"properties":{"value":85.3188,"sigma":6.4015}},{"type":"Feature","geometry":{"type":"Polygon","coordinates":[[[-76.52999999999999,3.3899999999999997],[-76.52499999999999,3.3899999999999997],[-76.52499999999999,3.3949999999999996],[-76.52999999999999,3.3949999999999996],[-76.52999999999999,3.3899999999999997]]]},"properties":{"value":88.3429,"sigma":5.9009}},{"type":"Feature","geometry":{"type":"Polygon","coordinates":[[[-76.52499999999999,3.3899999999999997],[-76.52,3.3899999999999997],[-76.52,3.3949999999999996],[-76.52499999999999,3.3949999999999996],[-76.52499999999999,3.3899999999999997]]]},"properties":{"value":99.2643,"sigma":5.9971}},{"type":"Feature","geometry":{"type":"Polygon","coordinates":[[[-76.52,3.3899999999999997],[-76.515,3.3899999999999997],[-76.515,3.3949999999999996],[-76.52,3.3949999999999996],[-76.52,3.3899999999999997]]]},"properties":{"value":91.4078,"sigma":6.7049}},{"type":"Feature","geometry":{"type":"Polygon","coordinates":[[[-76.51499999999999,3.3899999999999997],[-76.50999999999999,3.3899999999999997],[-76.50999999999999,3.3949999999999996],[-76.51499999999999,3.3949999999999996],[-76.51499999999999,3.3899999999999997]]]},"properties":{"value":92.2447,"sigma":6.6994}},{"type":"Feature","geometry":{"type":"Polygon","coordinates":[[[-76.50999999999999,3.3899999999999997],[-76.505,3.3899999999999997],[-76.505,3.3949999999999996],[-76.50999999999999,3.3949999999999996],[-76.50999999999999,3.3899999999999997]]]},"properties":{"value":90.2136,"sigma":7.8441}},{"type":"Feature","geometry":{"type":"Polygon","coordinates":[[[-76.505,3.3899999999999997],[-76.5,3.3899999999999997],[-76.5,3.3949999999999996],[-76.505,3.3949999999999996],[-76.505,3.3899999999999997]]]},"properties":{"value":85.4732,"sigma":7.2418}},{"type":"Feature","geometry":{"type":"Polygon","coordinates":[[[-76.49999999999999,3.3899999999999997],[-76.49499999999999,3.3899999999999997],[-76.49499999999999,3.3949999999999996],[-76.49999999999999,3.3949999999999996],[-76.49999999999999,3.3899999999999997]]]},"properties":{"value":85.0921,"sigma":6.7013}},{"type":"Feature","geometry":{"type":"Polygon","coordinates":[[[-76.49499999999999,3.3899999999999997],[-76.49,3.3899999999999997],[-76.49,3.3949999999999996],[-76.49499999999999,3.3949999999999996],[-76.49499999999999,3.3899999999999997]]]},"properties":{"value":79.682,"sigma":6.4045}},{"type":"Feature","geometry":{"type":"Polygon","coordinates":[[[-76.49,3.3899999999999997],[-76.485,3.3899999999999997],[-76.485,3.3949999999999996],[-76.49,3.3949999999999996],[-76.49,3.3899999999999997]]]},"properties":{"value":75.9579,"sigma":7.0257}},{"type":"Feature","geometry":{"type":"Polygon","coordinates":[[[-76.48499999999999,3.3899999999999997],[-76.47999999999999,3.3899999999999997],[-76.47999999999999,3.3949999999999996],[-76.48499999999999,3.3949999999999996],[-76.48499999999999,3.3899999999999997]]]},"properties":{"value":71.4462,"sigma":7.3867}},{"type":"Feature","geometry":{"type":"Polygon","coordinates":[[[-76.47999999999999,3.3899999999999997],[-76.475,3.3899999999999997],[-76.475,3.3949999999999996],[-76.47999999999999,3.3949999999999996],[-76.47999999999999,3.3899999999999997]]]},"properties":{"value":65.6886,"sigma":7.4276}},{"type":"Feature","geometry":{"type":"Polygon","coordinates":[[[-76.475,3.3899999999999997],[-76.47,3.3899999999999997],[-76.47,3.3949999999999996],[-76.475,3.3949999999999996],[-76.475,3.3899999999999997]]]},"properties":{"value":62.2398,"sigma":8.1992}},{"type":"Feature","geometry":{"type":"Polygon","coordinates":[[[-76.47,3.3899999999999997],[-76.465,3.3899999999999997],[-76.465,3.3949999999999996],[-76.47,3.3949999999999996],[-76.47,3.3899999999999997]]]},"properties":{"value":62.8543,"sigma":7.9663}},{"type":"Feature","geometry":{"type":"Polygon","coordinates":[[[-76.46499999999999,3.3899999999999997],[-76.46,3.3899999999999997],[-76.46,3.3949999999999996],[-76.46499999999999,3.3949999999999996],[-76.46499999999999,3.3899999999999997]]]},"properties":{"value":66.6992,"sigma":8.2167}},{"type":"Feature","geometry":{"type":"Polygon","coordinates":[[[-76.46,3.3899999999999997],[-76.455,3.3899999999999997],[-76.455,3.3949999999999996],[-76.46,3.3949999999999996],[-76.46,3.3899999999999997]]]},"properties":{"value":62.9566,"sigma":7.8705}},{"type":"Feature","geometry":{"type":"Polygon","coordinates":[[[-76.455,3.3899999999999997],[-76.45,3.3899999999999997],[-76.45,3.3949999999999996],[-76.455,3.3949999999999996],[-76.455,3.3899999999999997]]]},"properties":{"value":66.0265,"sigma":7.8198}},{"type":"Feature","geometry":{"type":"Polygon","coordinates":[[[-76.44999999999999,3.3899999999999997],[-76.445,3.3899999999999997],[-76.445,3.3949999999999996],[-76.44999999999999,3.3949999999999996],[-76.44999999999999,3.3899999999999997]]]},"properties":{"value":66.757,"sigma":8.2826}},{"type":"Feature","geometry":{"type":"Polygon","coordinates":[[[-76.445,3.3899999999999997],[-76.44,3.3899999999999997],[-76.44,3.3949999999999996],[-76.445,3.3949999999999996],[-76.445,3.3899999999999997]]]},"properties":{"value":64.3493,"sigma":8.5446}},{"type":"Feature","geometry":{"type":"Polygon","coordinates":[[[-76.44,3.3899999999999997],[-76.435,3.3899999999999997],[-76.435,3.3949999999999996],[-76.44,3.3949999999999996],[-76.44,3.3899999999999997]]]},"properties":{"value":62.978,"sigma":9.4484}},{"type":"Feature","geometry":{"type":"Polygon","coordinates":[[[-76.43499999999999,3.3899999999999997],[-76.42999999999999,3.3899999999999997],[-76.42999999999999,3.3949999999999996],[-76.43499999999999,3.3949999999999996],[-76.43499999999999,3.3899999999999997]]]},"properties":{"value":65.4033,"sigma":8.8522}},{"type":"Feature","geometry":{"type":"Polygon","coordinates":[[[-76.42999999999999,3.3899999999999997],[-76.425,3.3899999999999997],[-76.425,3.3949999999999996],[-76.42999999999999,3.3949999999999996],[-76.42999999999999,3.3899999999999997]]]},"properties":{"value":65.6603,"sigma":9.6529}},{"type":"Feature","geometry":{"type":"Polygon","coordinates":[[[-76.425,3.3899999999999997],[-76.42,3.3899999999999997],[-76.42,3.3949999999999996],[-76.425,3.3949999999999996],[-76.425,3.3899999999999997]]]},"properties":{"value":67.241,"sigma":9.9813}},{"type":"Feature","geometry":{"type":"Polygon","coordinates":[[[-76.41999999999999,3.3899999999999997],[-76.41499999999999,3.3899999999999997],[-76.41499999999999,3.3949999999999996],[-76.41999999999999,3.3949999999999996],[-76.41999999999999,3.3899999999999997]]]},"properties":{"value":68.3181,"sigma":10.2059}},{"type":"Feature","geometry":{"type":"Polygon","coordinates":[[[-76.41499999999999,3.3899999999999997],[-76.41,3.3899999999999997],[-76.41,3.3949999999999996],[-76.41499999999999,3.3949999999999996],[-76.41499999999999,3.3899999999999997]]]},"properties":{"value":65.5568,"sigma":10.7429}},{"type":"Feature","geometry":{"type":"Polygon","coordinates":[[[-76.41,3.3899999999999997],[-76.405,3.3899999999999997],[-76.405,3.3949999999999996],[-76.41,3.3949999999999996],[-76.41,3.3899999999999997]]]},"properties":{"value":65.0903,"sigma":10.8137}},{"type":"Feature","geometry":{"type":"Polygon","coordinates":[[[-76.40499999999999,3.3899999999999997],[-76.39999999999999,3.3899999999999997],[-76.39999999999999,3.3949999999999996],[-76.40499999999999,3.3949999999999996],[-76.40499999999999,3.3899999999999997]]]},"properties":{"value":66.118,"sigma":11.5618}},{"type":"Feature","geometry":{"type":"Polygon","coordinates":[[[-76.6,3.395],[-76.595,3.395],[-76.595,3.4],[-76.6,3.4],[-76.6,3.395]]]},"properties":{"value":67.3363,"sigma":9.8468}},{"type":"Feature","geometry":{"type":"Polygon","coordinates":[[[-76.595,3.395],[-76.59,3.395],[-76.59,3.4],[-76.595,3.4],[-76.595,3.395]]]},"properties":{"value":65.4225,"sigma":8.8709}},{"type":"Feature","geometry":{"type":"Polygon","coordinates":[[[-76.58999999999999,3.395],[-76.585,3.395],[-76.585,3.4],[-76.58999999999999,3.4],[-76.58999999999999,3.395]]]},"properties":{"value":66.153,"sigma":8.8423}},{"type":"Feature","geometry":{"type":"Polygon","coordinates":[[[-76.585,3.395],[-76.58,3.395],[-76.58,3.4],[-76.585,3.4],[-76.585,3.395]]]},"properties":{"value":67.3353,"sigma":8.8916}},{"type":"Feature","geometry":{"type":"Polygon","coordinates":[[[-76.58,3.395],[-76.575,3.395],[-76.575,3.4],[-76.58,3.4],[-76.58,3.395]]]},"properties":{"value":69.0538,"sigma":8.7081}},{"type":"Feature","geometry":{"type":"Polygon","coordinates":[[[-76.57499999999999,3.395],[-76.57,3.395],[-76.57,3.4],[-76.57499999999999,3.4],[-76.57499999999999,3.395]]]},"properties":{"value":70.8479,"sigma":7.5614}},{"type":"Feature","geometry":{"type":"Polygon","coordinates":[[[-76.57,3.395],[-76.565,3.395],[-76.565,3.4],[-76.57,3.4],[-76.57,3.395]]]},"properties":{"value":72.379,"sigma":7.3728}},{"type":"Feature","geometry":{"type":"Polygon","coordinates":[[[-76.565,3.395],[-76.56,3.395],[-76.56,3.4],[-76.565,3.4],[-76.565,3.395]]]},"properties":{"value":69.7732,"sigma":6.4785}},{"type":"Feature","geometry":{"type":"Polygon","coordinates":[[[-76.55999999999999,3.395],[-76.55499999999999,3.395],[-76.55499999999999,3.4],[-76.55999999999999,3.4],[-76.55999999999999,3.395]]]},"properties":{"value":72.0695,"sigma":6.608}},{"type":"Feature","geometry":{"type":"Polygon","coordinates":[[[-76.55499999999999,3.395],[-76.55,3.395],[-76.55,3.4],[-76.55499999999999,3.4],[-76.55499999999999,3.395]]]},"properties":{"value":73.59,"sigma":5.8279}},{"type":"Feature","geometry":{"type":"Polygon","coordinates":[[[-76.55,3.395],[-76.545,3.395],[-76.545,3.4],[-76.55,3.4],[-76.55,3.395]]]},"properties":{"value":74.7399,"sigma":6.431}},{"type":"Feature","geometry":{"type":"Polygon","coordinates":[[[-76.54499999999999,3.395],[-76.53999999999999,3.395],[-76.53999999999999,3.4],[-76.54499999999999,3.4],[-76.54499999999999,3.395]]]},"properties":{"value":74.0952,"sigma":7.7837}},{"type":"Feature","geometry":{"type":"Polygon","coordinates":[[[-76.53999999999999,3.395],[-76.535,3.395],[-76.535,3.4],[-76.53999999999999,3.4],[-76.53999999999999,3.395]]]},"properties":{"value":76.6881,"sigma":6.5127}},{"type":"Feature","geometry":{"type":"Polygon","coordinates":[[[-76.535,3.395],[-76.53,3.395],[-76.53,3.4],[-76.535,3.4],[-76.535,3.395]]]},"properties":{"value":80.416,"sigma":6.6967}},{"type":"Feature","geometry":{"type":"Polygon","coordinates":[[[-76.52999999999999,3.395],[-76.52499999999999,3.395],[-76.52499999999999,3.4],[-76.52999999999999,3.4],[-76.52999999999999,3.395]]]},"properties":{"value":80.8282,"sigma":6.989}},{"type":"Feature","geometry":{"type":"Polygon","coordinates":[[[-76.52499999999999,3.395],[-76.52,3.395],[-76.52,3.4],[-76.52499999999999,3.4],[-76.52499999999999,3.395]]]},"properties":{"value":87.722,"sigma":6.9301}},{"type":"Feature","geometry":{"type":"Polygon","coordinates":[[[-76.52,3.395],[-76.515,3.395],[-76.515,3.4],[-76.52,3.4],[-76.52,3.395]]]},"properties":{"value":85.5671,"sigma":6.6676}},{"type":"Feature","geometry":{"type":"Polygon","coordinates":[[[-76.51499999999999,3.395],[-76.50999999999999,3.395],[-76.50999999999999,3.4],[-76.51499999999999,3.4],[-76.51499999999999,3.395]]]},"properties":{"value":90.3417,"sigma":7.4659}},{"type":"Feature","geometry":{"type":"Polygon","coordinates":[[[-76.50999999999999,3.395],[-76.505,3.395],[-76.505,3.4],[-76.50999999999999,3.4],[-76.50999999999999,3.395]]]},"properties":{"value":87.616,"sigma":6.8083}},{"type":"Feature","geometry":{"type":"Polygon","coordinates":[[[-76.505,3.395],[-76.5,3.395],[-76.5,3.4],[-76.505,3.4],[-76.505,3.395]]]},"properties":{"value":85.4769,"sigma":6.1604}},{"type":"Feature","geometry":{"type":"Polygon","coordinates":[[[-76.49999999999999,3.395],[-76.49499999999999,3.395],[-76.49499999999999,3.4],[-76.49999999999999,3.4],[-76.49999999999999,3.395]]]},"properties":{"value":80.6564,"sigma":6.8705}},{"type":"Feature","geometry":{"type":"Polygon","coordinates":[[[-76.49499999999999,3.395],[-76.49,3.395],[-76.49,3.4],[-76.49499999999999,3.4],[-76.49499999999999,3.395]]]},"properties":{"value":75.4748,"sigma":7.0227}},{"type":"Feature","geometry":{"type":"Polygon","coordinates":[[[-76.49,3.395],[-76.485,3.395],[-76.485,3.4],[-76.49,3.4],[-76.49,3.395]]]},"properties":{"value":72.6374,"sigma":6.0353}},{"type":"Feature","geometry":{"type":"Polygon","coordinates":[[[-76.48499999999999,3.395],[-76.47999999999999,3.395],[-76.47999999999999,3.4],[-76.48499999999999,3.4],[-76.48499999999999,3.395]]]},"properties":{"value":71.8794,"sigma":7.7371}},{"type":"Feature","geometry":{"type":"Polygon","coordinates":[[[-76.47999999999999,3.395],[-76.475,3.395],[-76.475,3.4],[-76.47999999999999,3.4],[-76.47999999999999,3.395]]]},"properties":{"value":68.7122,"sigma":7.8339}},{"type":"Feature","geometry":{"type":"Polygon","coordinates":[[[-76.475,3.395],[-76.47,3.395],[-76.47,3.4],[-76.475,3.4],[-76.475,3.395]]]},"properties":{"value":69.7903,"sigma":7.856}},{"type":"Feature","geometry":{"type":"Polygon","coordinates":[[[-76.47,3.395],[-76.465,3.395],[-76.465,3.4],[-76.47,3.4],[-76.47,3.395]]]},"properties":{"value":65.0201,"sigma":7.8254}},{"type":"Feature","geometry":{"type":"Polygon","coordinates":[[[-76.46499999999999,3.395],[-76.46,3.395],[-76.46,3.4],[-76.46499999999999,3.4],[-76.46499999999999,3.395]]]},"properties":{"value":63.8583,"sigma":7.8444}},{"type":"Feature","geometry":{"type":"Polygon","coordinates":[[[-76.46,3.395],[-76.455,3.395],[-76.455,3.4],[-76.46,3.4],[-76.46,3.395]]]},"properties":{"value":65.3808,"sigma":7.4129}},{"type":"Feature","geometry":{"type":"Polygon","coordinates":[[[-76.455,3.395],[-76.45,3.395],[-76.45,3.4],[-76.455,3.4],[-76.455,3.395]]]},"properties":{"value":69.5696,"sigma":7.7041}},{"type":"Feature","geometry":{"type":"Polygon","coordinates":[[[-76.44999999999999,3.395],[-76.445,3.395],[-76.445,3.4],[-76.44999999999999,3.4],[-76.44999999999999,3.395]]]},"properties":{"value":61.7465,"sigma":8.05}},{"type":"Feature","geometry":{"type":"Polygon","coordinates":[[[-76.445,3.395],[-76.44,3.395],[-76.44,3.4],[-76.445,3.4],[-76.445,3.395]]]},"properties":{"value":67.0261,"sigma":8.1977}},{"type":"Feature","geometry":{"type":"Polygon","coordinates":[[[-76.44,3.395],[-76.435,3.395],[-76.435,3.4],[-76.44,3.4],[-76.44,3.395]]]},"properties":{"value":70.0754,"sigma":8.1399}},{"type":"Feature","geometry":{"type":"Polygon","coordinates":[[[-76.43499999999999,3.395],[-76.42999999999999,3.395],[-76.42999999999999,3.4],[-76.43499999999999,3.4],[-76.43499999999999,3.395]]]},"properties":{"value":69.8475,"sigma":9.2977}},{"type":"Feature","geometry":{"type":"Polygon","coordinates":[[[-76.42999999999999,3.395],[-76.425,3.395],[-76.425,3.4],[-76.42999999999999,3.4],[-76.42999999999999,3.395]]]},"properties":{"value":69.7215,"sigma":9.2445}},{"type":"Feature","geometry":{"type":"Polygon","coordinates":[[[-76.425,3.395],[-76.42,3.395],[-76.42,3.4],[-76.425,3.4],[-76.425,3.395]]]},"properties":{"value":67.7704,"sigma":10.0471}},{"type":"Feature","geometry":{"type":"Polygon","coordinates":[[[-76.41999999999999,3.395],[-76.41499999999999,3.395],[-76.41499999999999,3.4],[-76.41999999999999,3.4],[-76.41999999999999,3.395]]]},"properties":{"value":67.1247,"sigma":9.4649}},{"type":"Feature","geometry":{"type":"Polygon","coordinates":[[[-76.41499999999999,3.395],[-76.41,3.395],[-76.41,3.4],[-76.41499999999999,3.4],[-76.41499999999999,3.395]]]},"properties":{"value":64.1617,"sigma":10.3488}},{"type":"Feature","geometry":{"type":"Polygon","coordinates":[[[-76.41,3.395],[-76.405,3.395],[-76.405,3.4],[-76.41,3.4],[-76.41,3.395]]]},"properties":{"value":64.8381,"sigma":10.9281}},{"type":"Feature","geometry":{"type":"Polygon","coordinates":[[[-76.40499999999999,3.395],[-76.39999999999999,3.395],[-76.39999999999999,3.4],[-76.40499999999999,3.4],[-76.40499999999999,3.395]]]},"properties":{"value":65.8137,"sigma":11.8426}},{"type":"Feature","geometry":{"type":"Polygon","coordinates":[[[-76.6,3.4],[-76.595,3.4],[-76.595,3.405],[-76.6,3.405],[-76.6,3.4]]]},"properties":{"value":68.1185,"sigma":9.8334}},{"type":"Feature","geometry":{"type":"Polygon","coordinates":[[[-76.595,3.4],[-76.59,3.4],[-76.59,3.405],[-76.595,3.405],[-76.595,3.4]]]},"properties":{"value":67.231,"sigma":9.6417}},{"type":"Feature","geometry":{"type":"Polygon","coordinates":[[[-76.58999999999999,3.4],[-76.585,3.4],[-76.585,3.405],[-76.58999999999999,3.405],[-76.58999999999999,3.4]]]},"properties":{"value":69.0753,"sigma":9.3785}},{"type":"Feature","geometry":{"type":"Polygon","coordinates":[[[-76.585,3.4],[-76.58,3.4],[-76.58,3.405],[-76.585,3.405],[-76.585,3.4]]]},"properties":{"value":68.4228,"sigma":8.4697}},{"type":"Feature","geometry":{"type":"Polygon","coordinates":[[[-76.58,3.4],[-76.575,3.4],[-76.575,3.405],[-76.58,3.405],[-76.58,3.4]]]},"properties":{"value":67.6466,"sigma":7.9368}},{"type":"Feature","geometry":{"type":"Polygon","coordinates":[[[-76.57499999999999,3.4],[-76.57,3.4],[-76.57,3.405],[-76.57499999999999,3.405],[-76.57499999999999,3.4]]]},"properties":{"value":72.6352,"sigma":7.5155}},{"type":"Feature","geometry":{"type":"Polygon","coordinates":[[[-76.57,3.4],[-76.565,3.4],[-76.565,3.405],[-76.57,3.405],[-76.57,3.4]]]},"properties":{"value":72.9783,"sigma":6.6469}},{"type":"Feature","geometry":{"type":"Polygon","coordinates":[[[-76.565,3.4],[-76.56,3.4],[-76.56,3.405],[-76.565,3.405],[-76.565,3.4]]]},"properties":{"value":72.1524,"sigma":6.936}},{"type":"Feature","geometry":{"type":"Polygon","coordinates":[[[-76.55999999999999,3.4],[-76.55499999999999,3.4],[-76.55499999999999,3.405],[-76.55999999999999,3.405],[-76.55999999999999,3.4]]]},"properties":{"value":73.7786,"sigma":6.6457}},{"type":"Feature","geometry":{"type":"Polygon","coordinates":[[[-76.55499999999999,3.4],[-76.55,3.4],[-76.55,3.405],[-76.55499999999999,3.405],[-76.55499999999999,3.4]]]},"properties":{"value":74.7582,"sigma":5.966}},{"type":"Feature","geometry":{"type":"Polygon","coordinates":[[[-76.55,3.4],[-76.545,3.4],[-76.545,3.405],[-76.55,3.405],[-76.55,3.4]]]},"properties":{"value":75.6433,"sigma":6.0143}},{"type":"Feature","geometry":{"type":"Polygon","coordinates":[[[-76.54499999999999,3.4],[-76.53999999999999,3.4],[-76.53999999999999,3.405],[-76.54499999999999,3.405],[-76.54499999999999,3.4]]]},"properties":{"value":74.2003,"sigma":6.2391}},{"type":"Feature","geometry":{"type":"Polygon","coordinates":[[[-76.53999999999999,3.4],[-76.535,3.4],[-76.535,3.405],[-76.53999999999999,3.405],[-76.53999999999999,3.4]]]},"properties":{"value":72.1608,"sigma":5.9604}},{"type":"Feature","geometry":{"type":"Polygon","coordinates":[[[-76.535,3.4],[-76.53,3.4],[-76.53,3.405],[-76.535,3.405],[-76.535,3.4]]]},"properties":{"value":79.8727,"sigma":7.1257}},{"type":"Feature","geometry":{"type":"Polygon","coordinates":[[[-76.52999999999999,3.4],[-76.52499999999999,3.4],[-76.52499999999999,3.405],[-76.52999999999999,3.405],[-76.52999999999999,3.4]]]},"properties":{"value":75.8032,"sigma":7.4593}},{"type":"Feature","geometry":{"type":"Polygon","coordinates":[[[-76.52499999999999,3.4],[-76.52,3.4],[-76.52,3.405],[-76.52499999999999,3.405],[-76.52499999999999,3.4]]]},"properties":{"value":80.1083,"sigma":7.1102}},{"type":"Feature","geometry":{"type":"Polygon","coordinates":[[[-76.52,3.4],[-76.515,3.4],[-76.515,3.405],[-76.52,3.405],[-76.52,3.4]]]},"properties":{"value":79.9009,"sigma":7.6556}},{"type":"Feature","geometry":{"type":"Polygon","coordinates":[[[-76.51499999999999,3.4],[-76.50999999999999,3.4],[-76.50999999999999,3.405],[-76.51499999999999,3.405],[-76.51499999999999,3.4]]]},"properties":{"value":81.3816,"sigma":7.0926}},{"type":"Feature","geometry":{"type":"Polygon","coordinates":[[[-76.50999999999999,3.4],[-76.505,3.4],[-76.505,3.405],[-76.50999999999999,3.405],[-76.50999999999999,3.4]]]},"properties":{"value":79.0833,"sigma":6.7047}},{"type":"Feature","geometry":{"type":"Polygon","coordinates":[[[-76.505,3.4],[-76.5,3.4],[-76.5,3.405],[-76.505,3.405],[-76.505,3.4]]]},"properties":{"value":82.4227,"sigma":5.6584}},{"type":"Feature","geometry":{"type":"Polygon","coordinates":[[[-76.49999999999999,3.4],[-76.49499999999999,3.4],[-76.49499999999999,3.405],[-76.49999999999999,3.405],[-76.49999999999999,3.4]]]},"properties":{"value":77.0934,"sigma":5.9577}},{"type":"Feature","geometry":{"type":"Polygon","coordinates":[[[-76.49499999999999,3.4],[-76.49,3.4],[-76.49,3.405],[-76.49499999999999,3.405],[-76.49499999999999,3.4]]]},"properties":{"value":73.4125,"sigma":5.8427}},{"type":"Feature","geometry":{"type":"Polygon","coordinates":[[[-76.49,3.4],[-76.485,3.4],[-76.485,3.405],[-76.49,3.405],[-76.49,3.4]]]},"properties":{"value":69.5481,"sigma":5.7249}},{"type":"Feature","geometry":{"type":"Polygon","coordinates":[[[-76.48499999999999,3.4],[-76.47999999999999,3.4],[-76.47999999999999,3.405],[-76.48499999999999,3.405],[-76.48499999999999,3.4]]]},"properties":{"value":68.5321,"sigma":6.1537}},{"type":"Feature","geometry":{"type":"Polygon","coordinates":[[[-76.47999999999999,3.4],[-76.475,3.4],[-76.475,3.405],[-76.47999999999999,3.405],[-76.47999999999999,3.4]]]},"properties":{"value":67.0985,"sigma":6.3857}},{"type":"Feature","geometry":{"type":"Polygon","coordinates":[[[-76.475,3.4],[-76.47,3.4],[-76.47,3.405],[-76.475,3.405],[-76.475,3.4]]]},"properties":{"value":68.6587,"sigma":7.53}},{"type":"Feature","geometry":{"type":"Polygon","coordinates":[[[-76.47,3.4],[-76.465,3.4],[-76.465,3.405],[-76.47,3.405],[-76.47,3.4]]]},"properties":{"value":65.5358,"sigma":7.3753}},{"type":"Feature","geometry":{"type":"Polygon","coordinates":[[[-76.46499999999999,3.4],[-76.46,3.4],[-76.46,3.405],[-76.46499999999999,3.405],[-76.46499999999999,3.4]]]},"properties":{"value":67.6119,"sigma":7.6563}},{"type":"Feature","geometry":{"type":"Polygon","coordinates":[[[-76.46,3.4],[-76.455,3.4],[-76.455,3.405],[-76.46,3.405],[-76.46,3.4]]]},"properties":{"value":67.8841,"sigma":6.4337}},{"type":"Feature","geometry":{"type":"Polygon","coordinates":[[[-76.455,3.4],[-76.45,3.4],[-76.45,3.405],[-76.455,3.405],[-76.455,3.4]]]},"properties":{"value":64.5458,"sigma":6.9749}},{"type":"Feature","geometry":{"type":"Polygon","coordinates":[[[-76.44999999999999,3.4],[-76.445,3.4],[-76.445,3.405],[-76.44999999999999,3.405],[-76.44999999999999,3.4]]]},"properties":{"value":59.7543,"sigma":7.8383}},{"type":"Feature","geometry":{"type":"Polygon","coordinates":[[[-76.445,3.4],[-76.44,3.4],[-76.44,3.405],[-76.445,3.405],[-76.445,3.4]]]},"properties":{"value":68.9613,"sigma":8.2042}},{"type":"Feature","geometry":{"type":"Polygon","coordinates":[[[-76.44,3.4],[-76.435,3.4],[-76.435,3.405],[-76.44,3.405],[-76.44,3.4]]]},"properties":{"value":65.7972,"sigma":8.036}},{"type":"Feature","geometry":{"type":"Polygon","coordinates":[[[-76.43499999999999,3.4],[-76.42999999999999,3.4],[-76.42999999999999,3.405],[-76.43499999999999,3.405],[-76.43499999999999,3.4]]]},"properties":{"value":66.2728,"sigma":8.8161}},{"type":"Feature","geometry":{"type":"Polygon","coordinates":[[[-76.42999999999999,3.4],[-76.425,3.4],[-76.425,3.405],[-76.42999999999999,3.405],[-76.42999999999999,3.4]]]},"properties":{"value":61.76,"sigma":9.5315}},{"type":"Feature","geometry":{"type":"Polygon","coordinates":[[[-76.425,3.4],[-76.42,3.4],[-76.42,3.405],[-76.425,3.405],[-76.425,3.4]]]},"properties":{"value":70.0323,"sigma":9.6525}},{"type":"Feature","geometry":{"type":"Polygon","coordinates":[[[-76.41999999999999,3.4],[-76.41499999999999,3.4],[-76.41499999999999,3.405],[-76.41999999999999,3.405],[-76.41999999999999,3.4]]]},"properties":{"value":60.8307,"sigma":9.4691}},{"type":"Feature","geometry":{"type":"Polygon","coordinates":[[[-76.41499999999999,3.4],[-76.41,3.4],[-76.41,3.405],[-76.41499999999999,3.405],[-76.41499999999999,3.4]]]},"properties":{"value":63.1941,"sigma":9.7973}},{"type":"Feature","geometry":{"type":"Polygon","coordinates":[[[-76.41,3.4],[-76.405,3.4],[-76.405,3.405],[-76.41,3.405],[-76.41,3.4]]]},"properties":{"value":63.3087,"sigma":10.5159}},{"type":"Feature","geometry":{"type":"Polygon","coordinates":[[[-76.40499999999999,3.4],[-76.39999999999999,3.4],[-76.39999999999999,3.405],[-76.40499999999999,3.405],[-76.40499999999999,3.4]]]},"properties":{"value":68.167,"sigma":11.6789}},{"type":"Feature","geometry":{"type":"Polygon","coordinates":[[[-76.6,3.405],[-76.595,3.405],[-76.595,3.4099999999999997],[-76.6,3.4099999999999997],[-76.6,3.405]]]},"properties":{"value":65.4104,"sigma":8.7743}},{"type":"Feature","geometry":{"type":"Polygon","coordinates":[[[-76.595,3.405],[-76.59,3.405],[-76.59,3.4099999999999997],[-76.595,3.4099999999999997],[-76.595,3.405]]]},"properties":{"value":66.6369,"sigma":8.6678}},{"type":"Feature","geometry":{"type":"Polygon","coordinates":[[[-76.58999999999999,3.405],[-76.585,3.405],[-76.585,3.4099999999999997],[-76.58999999999999,3.4099999999999997],[-76.58999999999999,3.405]]]},"properties":{"value":65.7931,"sigma":8.4559}},{"type":"Feature","geometry":{"type":"Polygon","coordinates":[[[-76.585,3.405],[-76.58,3.405],[-76.58,3.4099999999999997],[-76.585,3.4099999999999997],[-76.585,3.405]]]},"properties":{"value":68.0868,"sigma":8.1425}},{"type":"Feature","geometry":{"type":"Polygon","coordinates":[[[-76.58,3.405],[-76.575,3.405],[-76.575,3.4099999999999997],[-76.58,3.4099999999999997],[-76.58,3.405]]]},"properties":{"value":74.7345,"sigma":7.3568}},{"type":"Feature","geometry":{"type":"Polygon","coordinates":[[[-76.57499999999999,3.405],[-76.57,3.405],[-76.57,3.4099999999999997],[-76.57499999999999,3.4099999999999997],[-76.57499999999999,3.405]]]},"properties":{"value":73.249,"sigma":6.9764}},{"type":"Feature","geometry":{"type":"Polygon","coordinates":[[[-76.57,3.405],[-76.565,3.405],[-76.565,3.4099999999999997],[-76.57,3.4099999999999997],[-76.57,3.405]]]},"properties":{"value":79.3985,"sigma":6.4675}},{"type":"Feature","geometry":{"type":"Polygon","coordinates":[[[-76.565,3.405],[-76.56,3.405],[-76.56,3.4099999999999997],[-76.565,3.4099999999999997],[-76.565,3.405]]]},"properties":{"value":81.8431,"sigma":5.8015}},{"type":"Feature","geometry":{"type":"Polygon","coordinates":[[[-76.55999999999999,3.405],[-76.55499999999999,3.405],[-76.55499999999999,3.4099999999999997],[-76.55999999999999,3.4099999999999997],[-76.55999999999999,3.405]]]},"properties":{"value":77.842,"sigma":5.1326}},{"type":"Feature","geometry":{"type":"Polygon","coordinates":[[[-76.55499999999999,3.405],[-76.55,3.405],[-76.55,3.4099999999999997],[-76.55499999999999,3.4099999999999997],[-76.55499999999999,3.405]]]},"properties":{"value":80.956,"sigma":5.9358}},{"type":"Feature","geometry":{"type":"Polygon","coordinates":[[[-76.55,3.405],[-76.545,3.405],[-76.545,3.4099999999999997],[-76.55,3.4099999999999997],[-76.55,3.405]]]},"properties":{"value":80.4171,"sigma":5.5585}},{"type":"Feature","geometry":{"type":"Polygon","coordinates":[[[-76.54499999999999,3.405],[-76.53999999999999,3.405],[-76.53999999999999,3.4099999999999997],[-76.54499999999999,3.4099999999999997],[-76.54499999999999,3.405]]]},"properties":{"value":72.9885,"sigma":5.8778}},{"type":"Feature","geometry":{"type":"Polygon","coordinates":[[[-76.53999999999999,3.405],[-76.535,3.405],[-76.535,3.4099999999999997],[-76.53999999999999,3.4099999999999997],[-76.53999999999999,3.405]]]},"properties":{"value":75.428,"sigma":6.6543}},{"type":"Feature","geometry":{"type":"Polygon","coordinates":[[[-76.535,3.405],[-76.53,3.405],[-76.53,3.4099999999999997],[-76.535,3.4099999999999997],[-76.535,3.405]]]},"properties":{"value":73.4649,"sigma":6.8239}},{"type":"Feature","geometry":{"type":"Polygon","coordinates":[[[-76.52999999999999,3.405],[-76.52499999999999,3.405],[-76.52499999999999,3.4099999999999997],[-76.52999999999999,3.4099999999999997],[-76.52999999999999,3.405]]]},"properties":{"value":73.6395,"sigma":7.0342}},{"type":"Feature","geometry":{"type":"Polygon","coordinates":[[[-76.52499999999999,3.405],[-76.52,3.405],[-76.52,3.4099999999999997],[-76.52499999999999,3.4099999999999997],[-76.52499999999999,3.405]]]},"properties":{"value":71.953,"sigma":7.6114}},{"type":"Feature","geometry":{"type":"Polygon","coordinates":[[[-76.52,3.405],[-76.515,3.405],[-76.515,3.4099999999999997],[-76.52,3.4099999999999997],[-76.52,3.405]]]},"properties":{"value":74.9732,"sigma":7.3935}},{"type":"Feature","geometry":{"type":"Polygon","coordinates":[[[-76.51499999999999,3.405],[-76.50999999999999,3.405],[-76.50999999999999,3.4099999999999997],[-76.51499999999999,3.4099999999999997],[-76.51499999999999,3.405]]]},"properties":{"value":75.981,"sigma":6.2276}},{"type":"Feature","geometry":{"type":"Polygon","coordinates":[[[-76.50999999999999,3.405],[-76.505,3.405],[-76.505,3.4099999999999997],[-76.50999999999999,3.4099999999999997],[-76.50999999999999,3.405]]]},"properties":{"value":76.9931,"sigma":6.5459}},{"type":"Feature","geometry":{"type":"Polygon","coordinates":[[[-76.505,3.405],[-76.5,3.405],[-76.5,3.4099999999999997],[-76.505,3.4099999999999997],[-76.505,3.405]]]},"properties":{"value":73.5058,"sigma":5.9423}},{"type":"Feature","geometry":{"type":"Polygon","coordinates":[[[-76.49999999999999,3.405],[-76.49499999999999,3.405],[-76.49499999999999,3.4099999999999997],[-76.49999999999999,3.4099999999999997],[-76.49999999999999,3.405]]]},"properties":{"value":74.0084,"sigma":5.4418}},{"type":"Feature","geometry":{"type":"Polygon","coordinates":[[[-76.49499999999999,3.405],[-76.49,3.405],[-76.49,3.4099999999999997],[-76.49499999999999,3.4099999999999997],[-76.49499999999999,3.405]]]},"properties":{"value":73.6616,"sigma":5.9411}},{"type":"Feature","geometry":{"type":"Polygon","coordinates":[[[-76.49,3.405],[-76.485,3.405],[-76.485,3.4099999999999997],[-76.49,3.4099999999999997],[-76.49,3.405]]]},"properties":{"value":71.5638,"sigma":5.6274}},{"type":"Feature","geometry":{"type":"Polygon","coordinates":[[[-76.48499999999999,3.405],[-76.47999999999999,3.405],[-76.47999999999999,3.4099999999999997],[-76.48499999999999,3.4099999999999997],[-76.48499999999999,3.405]]]},"properties":{"value":67.1156,"sigma":6.4832}},{"type":"Feature","geometry":{"type":"Polygon","coordinates":[[[-76.47999999999999,3.405],[-76.475,3.405],[-76.475,3.4099999999999997],[-76.47999999999999,3.4099999999999997],[-76.47999999999999,3.405]]]},"properties":{"value":66.4006,"sigma":6.9484}},{"type":"Feature","geometry":{"type":"Polygon","coordinates":[[[-76.475,3.405],[-76.47,3.405],[-76.47,3.4099999999999997],[-76.475,3.4099999999999997],[-76.475,3.405]]]},"properties":{"value":65.2357,"sigma":6.7481}},{"type":"Feature","geometry":{"type":"Polygon","coordinates":[[[-76.47,3.405],[-76.465,3.405],[-76.465,3.4099999999999997],[-76.47,3.4099999999999997],[-76.47,3.405]]]},"properties":{"value":65.7298,"sigma":6.5238}},{"type":"Feature","geometry":{"type":"Polygon","coordinates":[[[-76.46499999999999,3.405],[-76.46,3.405],[-76.46,3.4099999999999997],[-76.46499999999999,3.4099999999999997],[-76.46499999999999,3.405]]]},"properties":{"value":63.2248,"sigma":6.2116}},{"type":"Feature","geometry":{"type":"Polygon","coordinates":[[[-76.46,3.405],[-76.455,3.405],[-76.455,3.4099999999999997],[-76.46,3.4099999999999997],[-76.46,3.405]]]},"properties":{"value":64.0176,"sigma":7.2234}},{"type":"Feature","geometry":{"type":"Polygon","coordinates":[[[-76.455,3.405],[-76.45,3.405],[-76.45,3.4099999999999997],[-76.455,3.4099999999999997],[-76.455,3.405]]]},"properties":{"value":61.6506,"sigma":7.307}},{"type":"Feature","geometry":{"type":"Polygon","coordinates":[[[-76.44999999999999,3.405],[-76.445,3.405],[-76.445,3.4099999999999997],[-76.44999999999999,3.4099999999999997],[-76.44999999999999,3.405]]]},"properties":{"value":63.8617,"sigma":7.3124}},{"type":"Feature","geometry":{"type":"Polygon","coordinates":[[[-76.445,3.405],[-76.44,3.405],[-76.44,3.4099999999999997],[-76.445,3.4099999999999997],[-76.445,3.405]]]},"properties":{"value":65.7387,"sigma":7.0963}},{"type":"Feature","geometry":{"type":"Polygon","coordinates":[[[-76.44,3.405],[-76.435,3.405],[-76.435,3.4099999999999997],[-76.44,3.4099999999999997],[-76.44,3.405]]]},"properties":{"value":66.1046,"sigma":7.8202}},{"type":"Feature","geometry":{"type":"Polygon","coordinates":[[[-76.43499999999999,3.405],[-76.42999999999999,3.405],[-76.42999999999999,3.4099999999999997],[-76.43499999999999,3.4099999999999997],[-76.43499999999999,3.405]]]},"properties":{"value":65.2819,"sigma":8.9305}},{"type":"Feature","geometry":{"type":"Polygon","coordinates":[[[-76.42999999999999,3.405],[-76.425,3.405],[-76.425,3.4099999999999997],[-76.42999999999999,3.4099999999999997],[-76.42999999999999,3.405]]]},"properties":{"value":65.229,"sigma":8.6887}},{"type":"Feature","geometry":{"type":"Polygon","coordinates":[[[-76.425,3.405],[-76.42,3.405],[-76.42,3.4099999999999997],[-76.425,3.4099999999999997],[-76.425,3.405]]]},"properties":{"value":66.245,"sigma":9.2395}},{"type":"Feature","geometry":{"type":"Polygon","coordinates":[[[-76.41999999999999,3.405],[-76.41499999999999,3.405],[-76.41499999999999,3.4099999999999997],[-76.41999999999999,3.4099999999999997],[-76.41999999999999,3.405]]]},"properties":{"value":59.4086,"sigma":9.2926}},{"type":"Feature","geometry":{"type":"Polygon","coordinates":[[[-76.41499999999999,3.405],[-76.41,3.405],[-76.41,3.4099999999999997],[-76.41499999999999,3.4099999999999997],[-76.41499999999999,3.405]]]},"properties":{"value":63.4371,"sigma":9.8834}},{"type":"Feature","geometry":{"type":"Polygon","coordinates":[[[-76.41,3.405],[-76.405,3.405],[-76.405,3.4099999999999997],[-76.41,3.4099999999999997],[-76.41,3.405]]]},"properties":{"value":64.856,"sigma":10.4522}},{"type":"Feature","geometry":{"type":"Polygon","coordinates":[[[-76.40499999999999,3.405],[-76.39999999999999,3.405],[-76.39999999999999,3.4099999999999997],[-76.40499999999999,3.4099999999999997],[-76.40499999999999,3.405]]]},"properties":{"value":68.0518,"sigma":11.2696}},{"type":"Feature","geometry":{"type":"Polygon","coordinates":[[[-76.6,3.4099999999999997],[-76.595,3.4099999999999997],[-76.595,3.4149999999999996],[-76.6,3.4149999999999996],[-76.6,3.4099999999999997]]]},"properties":{"value":66.0941,"sigma":8.7517}},{"type":"Feature","geometry":{"type":"Polygon","coordinates":[[[-76.595,3.4099999999999997],[-76.59,3.4099999999999997],[-76.59,3.4149999999999996],[-76.595,3.4149999999999996],[-76.595,3.4099999999999997]]]},"properties":{"value":68.9949,"sigma":8.41}},{"type":"Feature","geometry":{"type":"Polygon","coordinates":[[[-76.58999999999999,3.4099999999999997],[-76.585,3.4099999999999997],[-76.585,3.4149999999999996],[-76.58999999999999,3.4149999999999996],[-76.58999999999999,3.4099999999999997]]]},"properties":{"value":71.329,"sigma":8.1803}},{"type":"Feature","geometry":{"type":"Polygon","coordinates":[[[-76.585,3.4099999999999997],[-76.58,3.4099999999999997],[-76.58,3.4149999999999996],[-76.585,3.4149999999999996],[-76.585,3.4099999999999997]]]},"properties":{"value":74.4707,"sigma":7.8009}},{"type":"Feature","geometry":{"type":"Polygon","coordinates":[[[-76.58,3.4099999999999997],[-76.575,3.4099999999999997],[-76.575,3.4149999999999996],[-76.58,3.4149999999999996],[-76.58,3.4099999999999997]]]},"properties":{"value":75.2706,"sigma":6.9688}},{"type":"Feature","geometry":{"type":"Polygon","coordinates":[[[-76.57499999999999,3.4099999999999997],[-76.57,3.4099999999999997],[-76.57,3.4149999999999996],[-76.57499999999999,3.4149999999999996],[-76.57499999999999,3.4099999999999997]]]},"properties":{"value":82.4933,"sigma":6.8816}},{"type":"Feature","geometry":{"type":"Polygon","coordinates":[[[-76.57,3.4099999999999997],[-76.565,3.4099999999999997],[-76.565,3.4149999999999996],[-76.57,3.4149999999999996],[-76.57,3.4099999999999997]]]},"properties":{"value":82.4859,"sigma":6.1793}},{"type":"Feature","geometry":{"type":"Polygon","coordinates":[[[-76.565,3.4099999999999997],[-76.56,3.4099999999999997],[-76.56,3.4149999999999996],[-76.565,3.4149999999999996],[-76.565,3.4099999999999997]]]},"properties":{"value":82.1014,"sigma":5.7265}},{"type":"Feature","geometry":{"type":"Polygon","coordinates":[[[-76.55999999999999,3.4099999999999997],[-76.55499999999999,3.4099999999999997],[-76.55499999999999,3.4149999999999996],[-76.55999999999999,3.4149999999999996],[-76.55999999999999,3.4099999999999997]]]},"properties":{"value":84.3568,"sigma":5.8367}},{"type":"Feature","geometry":{"type":"Polygon","coordinates":[[[-76.55499999999999,3.4099999999999997],[-76.55,3.4099999999999997],[-76.55,3.4149999999999996],[-76.55499999999999,3.4149999999999996],[-76.55499999999999,3.4099999999999997]]]},"properties":{"value":85.231,"sigma":5.3245}},{"type":"Feature","geometry":{"type":"Polygon","coordinates":[[[-76.55,3.4099999999999997],[-76.545,3.4099999999999997],[-76.545,3.4149999999999996],[-76.55,3.4149999999999996],[-76.55,3.4099999999999997]]]},"properties":{"value":81.2892,"sigma":5.1962}},{"type":"Feature","geometry":{"type":"Polygon","coordinates":[[[-76.54499999999999,3.4099999999999997],[-76.53999999999999,3.4099999999999997],[-76.53999999999999,3.4149999999999996],[-76.54499999999999,3.4149999999999996],[-76.54499999999999,3.4099999999999997]]]},"properties":{"value":79.0942,"sigma":5.5938}},{"type":"Feature","geometry":{"type":"Polygon","coordinates":[[[-76.53999999999999,3.4099999999999997],[-76.535,3.4099999999999997],[-76.535,3.4149999999999996],[-76.53999999999999,3.4149999999999996],[-76.53999999999999,3.4099999999999997]]]},"properties":{"value":77.8967,"sigma":5.314}},{"type":"Feature","geometry":{"type":"Polygon","coordinates":[[[-76.535,3.4099999999999997],[-76.53,3.4099999999999997],[-76.53,3.4149999999999996],[-76.535,3.4149999999999996],[-76.535,3.4099999999999997]]]},"properties":{"value":73.268,"sigma":6.0437}},{"type":"Feature","geometry":{"type":"Polygon","coordinates":[[[-76.52999999999999,3.4099999999999997],[-76.52499999999999,3.4099999999999997],[-76.52499999999999,3.4149999999999996],[-76.52999999999999,3.4149999999999996],[-76.52999999999999,3.4099999999999997]]]},"properties":{"value":71.8534,"sigma":6.6233}},{"type":"Feature","geometry":{"type":"Polygon","coordinates":[[[-76.52499999999999,3.4099999999999997],[-76.52,3.4099999999999997],[-76.52,3.4149999999999996],[-76.52499999999999,3.4149999999999996],[-76.52499999999999,3.4099999999999997]]]},"properties":{"value":72.2799,"sigma":7.316}},{"type":"Feature","geometry":{"type":"Polygon","coordinates":[[[-76.52,3.4099999999999997],[-76.515,3.4099999999999997],[-76.515,3.4149999999999996],[-76.52,3.4149999999999996],[-76.52,3.4099999999999997]]]},"properties":{"value":72.8317,"sigma":7.118}},{"type":"Feature","geometry":{"type":"Polygon","coordinates":[[[-76.51499999999999,3.4099999999999997],[-76.50999999999999,3.4099999999999997],[-76.50999999999999,3.4149999999999996],[-76.51499999999999,3.4149999999999996],[-76.51499999999999,3.4099999999999997]]]},"properties":{"value":74.7375,"sigma":6.9909}},{"type":"Feature","geometry":{"type":"Polygon","coordinates":[[[-76.50999999999999,3.4099999999999997],[-76.505,3.4099999999999997],[-76.505,3.4149999999999996],[-76.50999999999999,3.4149999999999996],[-76.50999999999999,3.4099999999999997]]]},"properties":{"value":75.9531,"sigma":6.925}},{"type":"Feature","geometry":{"type":"Polygon","coordinates":[[[-76.505,3.4099999999999997],[-76.5,3.4099999999999997],[-76.5,3.4149999999999996],[-76.505,3.4149999999999996],[-76.505,3.4099999999999997]]]},"properties":{"value":70.2995,"sigma":4.7251}},{"type":"Feature","geometry":{"type":"Polygon","coordinates":[[[-76.49999999999999,3.4099999999999997],[-76.49499999999999,3.4099999999999997],[-76.49499999999999,3.4149999999999996],[-76.49999999999999,3.4149999999999996],[-76.49999999999999,3.4099999999999997]]]},"properties":{"value":68.0301,"sigma":5.8122}},{"type":"Feature","geometry":{"type":"Polygon","coordinates":[[[-76.49499999999999,3.4099999999999997],[-76.49,3.4099999999999997],[-76.49,3.4149999999999996],[-76.49499999999999,3.4149999999999996],[-76.49499999999999,3.4099999999999997]]]},"properties":{"value":69.6805,"sigma":5.7134}},{"type":"Feature","geometry":{"type":"Polygon","coordinates":[[[-76.49,3.4099999999999997],[-76.485,3.4099999999999997],[-76.485,3.4149999999999996],[-76.49,3.4149999999999996],[-76.49,3.4099999999999997]]]},"properties":{"value":66.1929,"sigma":6.0136}},{"type":"Feature","geometry":{"type":"Polygon","coordinates":[[[-76.48499999999999,3.4099999999999997],[-76.47999999999999,3.4099999999999997],[-76.47999999999999,3.4149999999999996],[-76.48499999999999,3.4149999999999996],[-76.48499999999999,3.4099999999999997]]]},"properties":{"value":65.7416,"sigma":5.9565}},{"type":"Feature","geometry":{"type":"Polygon","coordinates":[[[-76.47999999999999,3.4099999999999997],[-76.475,3.4099999999999997],[-76.475,3.4149999999999996],[-76.47999999999999,3.4149999999999996],[-76.47999999999999,3.4099999999999997]]]},"properties":{"value":64.6718,"sigma":6.7051}},{"type":"Feature","geometry":{"type":"Polygon","coordinates":[[[-76.475,3.4099999999999997],[-76.47,3.4099999999999997],[-76.47,3.4149999999999996],[-76.475,3.4149999999999996],[-76.475,3.4099999999999997]]]},"properties":{"value":64.0385,"sigma":6.3287}},{"type":"Feature","geometry":{"type":"Polygon","coordinates":[[[-76.47,3.4099999999999997],[-76.465,3.4099999999999997],[-76.465,3.4149999999999996],[-76.47,3.4149999999999996],[-76.47,3.4099999999999997]]]},"properties":{"value":67.961,"sigma":6.132}},{"type":"Feature","geometry":{"type":"Polygon","coordinates":[[[-76.46499999999999,3.4099999999999997],[-76.46,3.4099999999999997],[-76.46,3.4149999999999996],[-76.46499999999999,3.4149999999999996],[-76.46499999999999,3.4099999999999997]]]},"properties":{"value":66.3422,"sigma":6.0483}},{"type":"Feature","geometry":{"type":"Polygon","coordinates":[[[-76.46,3.4099999999999997],[-76.455,3.4099999999999997],[-76.455,3.4149999999999996],[-76.46,3.4149999999999996],[-76.46,3.4099999999999997]]]},"properties":{"value":68.891,"sigma":7.2071}},{"type":"Feature","geometry":{"type":"Polygon","coordinates":[[[-76.455,3.4099999999999997],[-76.45,3.4099999999999997],[-76.45,3.4149999999999996],[-76.455,3.4149999999999996],[-76.455,3.4099999999999997]]]},"properties":{"value":66.2568,"sigma":6.2395}},{"type":"Feature","geometry":{"type":"Polygon","coordinates":[[[-76.44999999999999,3.4099999999999997],[-76.445,3.4099999999999997],[-76.445,3.4149999999999996],[-76.44999999999999,3.4149999999999996],[-76.44999999999999,3.4099999999999997]]]},"properties":{"value":62.219,"sigma":7.2064}},{"type":"Feature","geometry":{"type":"Polygon","coordinates":[[[-76.445,3.4099999999999997],[-76.44,3.4099999999999997],[-76.44,3.4149999999999996],[-76.445,3.4149999999999996],[-76.445,3.4099999999999997]]]},"properties":{"value":63.2691,"sigma":7.8371}},{"type":"Feature","geometry":{"type":"Polygon","coordinates":[[[-76.44,3.4099999999999997],[-76.435,3.4099999999999997],[-76.435,3.4149999999999996],[-76.44,3.4149999999999996],[-76.44,3.4099999999999997]]]},"properties":{"value":64.9322,"sigma":7.5886}},{"type":"Feature","geometry":{"type":"Polygon","coordinates":[[[-76.43499999999999,3.4099999999999997],[-76.42999999999999,3.4099999999999997],[-76.42999999999999,3.4149999999999996],[-76.43499999999999,3.4149999999999996],[-76.43499999999999,3.4099999999999997]]]},"properties":{"value":66.4239,"sigma":8.7406}},{"type":"Feature","geometry":{"type":"Polygon","coordinates":[[[-76.42999999999999,3.4099999999999997],[-76.425,3.4099999999999997],[-76.425,3.4149999999999996],[-76.42999999999999,3.4149999999999996],[-76.42999999999999,3.4099999999999997]]]},"properties":{"value":66.7232,"sigma":8.6665}},{"type":"Feature","geometry":{"type":"Polygon","coordinates":[[[-76.425,3.4099999999999997],[-76.42,3.4099999999999997],[-76.42,3.4149999999999996],[-76.425,3.4149999999999996],[-76.425,3.4099999999999997]]]},"properties":{"value":67.6246,"sigma":9.0756}},{"type":"Feature","geometry":{"type":"Polygon","coordinates":[[[-76.41999999999999,3.4099999999999997],[-76.41499999999999,3.4099999999999997],[-76.41499999999999,3.4149999999999996],[-76.41999999999999,3.4149999999999996],[-76.41999999999999,3.4099999999999997]]]},"properties":{"value":63.06,"sigma":9.5506}},{"type":"Feature","geometry":{"type":"Polygon","coordinates":[[[-76.41499999999999,3.4099999999999997],[-76.41,3.4099999999999997],[-76.41,3.4149999999999996],[-76.41499999999999,3.4149999999999996],[-76.41499999999999,3.4099999999999997]]]},"properties":{"value":66.0367,"sigma":9.2871}},{"type":"Feature","geometry":{"type":"Polygon","coordinates":[[[-76.41,3.4099999999999997],[-76.405,3.4099999999999997],[-76.405,3.4149999999999996],[-76.41,3.4149999999999996],[-76.41,3.4099999999999997]]]},"properties":{"value":67.8931,"sigma":9.4847}},{"type":"Feature","geometry":{"type":"Polygon","coordinates":[[[-76.40499999999999,3.4099999999999997],[-76.39999999999999,3.4099999999999997],[-76.39999999999999,3.4149999999999996],[-76.40499999999999,3.4149999999999996],[-76.40499999999999,3.4099999999999997]]]},"properties":{"value":66.7246,"sigma":10.3954}},{"type":"Feature","geometry":{"type":"Polygon","coordinates":[[[-76.6,3.415],[-76.595,3.415],[-76.595,3.42],[-76.6,3.42],[-76.6,3.415]]]},"properties":{"value":66.4055,"sigma":9.2638}},{"type":"Feature","geometry":{"type":"Polygon","coordinates":[[[-76.595,3.415],[-76.59,3.415],[-76.59,3.42],[-76.595,3.42],[-76.595,3.415]]]},"properties":{"value":66.1878,"sigma":8.3828}},{"type":"Feature","geometry":{"type":"Polygon","coordinates":[[[-76.58999999999999,3.415],[-76.585,3.415],[-76.585,3.42],[-76.58999999999999,3.42],[-76.58999999999999,3.415]]]},"properties":{"value":67.2478,"sigma":8.168}},{"type":"Feature","geometry":{"type":"Polygon","coordinates":[[[-76.585,3.415],[-76.58,3.415],[-76.58,3.42],[-76.585,3.42],[-76.585,3.415]]]},"properties":{"value":76.9876,"sigma":7.304}},{"type":"Feature","geometry":{"type":"Polygon","coordinates":[[[-76.58,3.415],[-76.575,3.415],[-76.575,3.42],[-76.58,3.42],[-76.58,3.415]]]},"properties":{"value":77.8229,"sigma":6.8299}},{"type":"Feature","geometry":{"type":"Polygon","coordinates":[[[-76.57499999999999,3.415],[-76.57,3.415],[-76.57,3.42],[-76.57499999999999,3.42],[-76.57499999999999,3.415]]]},"properties":{"value":81.8919,"sigma":6.9498}},{"type":"Feature","geometry":{"type":"Polygon","coordinates":[[[-76.57,3.415],[-76.565,3.415],[-76.565,3.42],[-76.57,3.42],[-76.57,3.415]]]},"properties":{"value":87.5237,"sigma":6.1498}},{"type":"Feature","geometry":{"type":"Polygon","coordinates":[[[-76.565,3.415],[-76.56,3.415],[-76.56,3.42],[-76.565,3.42],[-76.565,3.415]]]},"properties":{"value":86.5941,"sigma":4.8888}},{"type":"Feature","geometry":{"type":"Polygon","coordinates":[[[-76.55999999999999,3.415],[-76.55499999999999,3.415],[-76.55499999999999,3.42],[-76.55999999999999,3.42],[-76.55999999999999,3.415]]]},"properties":{"value":87.3747,"sigma":5.4598}},{"type":"Feature","geometry":{"type":"Polygon","coordinates":[[[-76.55499999999999,3.415],[-76.55,3.415],[-76.55,3.42],[-76.55499999999999,3.42],[-76.55499999999999,3.415]]]},"properties":{"value":87.3682,"sigma":4.9466}},{"type":"Feature","geometry":{"type":"Polygon","coordinates":[[[-76.55,3.415],[-76.545,3.415],[-76.545,3.42],[-76.55,3.42],[-76.55,3.415]]]},"properties":{"value":85.9903,"sigma":4.8537}},{"type":"Feature","geometry":{"type":"Polygon","coordinates":[[[-76.54499999999999,3.415],[-76.53999999999999,3.415],[-76.53999999999999,3.42],[-76.54499999999999,3.42],[-76.54499999999999,3.415]]]},"properties":{"value":77.674,"sigma":5.7893}},{"type":"Feature","geometry":{"type":"Polygon","coordinates":[[[-76.53999999999999,3.415],[-76.535,3.415],[-76.535,3.42],[-76.53999999999999,3.42],[-76.53999999999999,3.415]]]},"properties":{"value":73.4277,"sigma":5.8324}},{"type":"Feature","geometry":{"type":"Polygon","coordinates":[[[-76.535,3.415],[-76.53,3.415],[-76.53,3.42],[-76.535,3.42],[-76.535,3.415]]]},"properties":{"value":70.9833,"sigma":6.9424}},{"type":"Feature","geometry":{"type":"Polygon","coordinates":[[[-76.52999999999999,3.415],[-76.52499999999999,3.415],[-76.52499999999999,3.42],[-76.52999999999999,3.42],[-76.52999999999999,3.415]]]},"properties":{"value":72.9204,"sigma":6.9597}},{"type":"Feature","geometry":{"type":"Polygon","coordinates":[[[-76.52499999999999,3.415],[-76.52,3.415],[-76.52,3.42],[-76.52499999999999,3.42],[-76.52499999999999,3.415]]]},"properties":{"value":74.6644,"sigma":7.5436}},{"type":"Feature","geometry":{"type":"Polygon","coordinates":[[[-76.52,3.415],[-76.515,3.415],[-76.515,3.42],[-76.52,3.42],[-76.52,3.415]]]},"properties":{"value":70.2542,"sigma":6.4895}},{"type":"Feature","geometry":{"type":"Polygon","coordinates":[[[-76.51499999999999,3.415],[-76.50999999999999,3.415],[-76.50999999999999,3.42],[-76.51499999999999,3.42],[-76.51499999999999,3.415]]]},"properties":{"value":70.6938,"sigma":6.787}},{"type":"Feature","geometry":{"type":"Polygon","coordinates":[[[-76.50999999999999,3.415],[-76.505,3.415],[-76.505,3.42],[-76.50999999999999,3.42],[-76.50999999999999,3.415]]]},"properties":{"value":72.6208,"sigma":6.3262}},{"type":"Feature","geometry":{"type":"Polygon","coordinates":[[[-76.505,3.415],[-76.5,3.415],[-76.5,3.42],[-76.505,3.42],[-76.505,3.415]]]},"properties":{"value":66.3116,"sigma":5.7492}},{"type":"Feature","geometry":{"type":"Polygon","coordinates":[[[-76.49999999999999,3.415],[-76.49499999999999,3.415],[-76.49499999999999,3.42],[-76.49999999999999,3.42],[-76.49999999999999,3.415]]]},"properties":{"value":69.2958,"sigma":5.0606}},{"type":"Feature","geometry":{"type":"Polygon","coordinates":[[[-76.49499999999999,3.415],[-76.49,3.415],[-76.49,3.42],[-76.49499999999999,3.42],[-76.49499999999999,3.415]]]},"properties":{"value":72.909,"sigma":5.1049}},{"type":"Feature","geometry":{"type":"Polygon","coordinates":[[[-76.49,3.415],[-76.485,3.415],[-76.485,3.42],[-76.49,3.42],[-76.49,3.415]]]},"properties":{"value":68.8643,"sigma":5.7957}},{"type":"Feature","geometry":{"type":"Polygon","coordinates":[[[-76.48499999999999,3.415],[-76.47999999999999,3.415],[-76.47999999999999,3.42],[-76.48499999999999,3.42],[-76.48499999999999,3.415]]]},"properties":{"value":64.1444,"sigma":5.5755}},{"type":"Feature","geometry":{"type":"Polygon","coordinates":[[[-76.47999999999999,3.415],[-76.475,3.415],[-76.475,3.42],[-76.47999999999999,3.42],[-76.47999999999999,3.415]]]},"properties":{"value":66.4064,"sigma":6.4155}},{"type":"Feature","geometry":{"type":"Polygon","coordinates":[[[-76.475,3.415],[-76.47,3.415],[-76.47,3.42],[-76.475,3.42],[-76.475,3.415]]]},"properties":{"value":65.9012,"sigma":6.6591}},{"type":"Feature","geometry":{"type":"Polygon","coordinates":[[[-76.47,3.415],[-76.465,3.415],[-76.465,3.42],[-76.47,3.42],[-76.47,3.415]]]},"properties":{"value":68.0985,"sigma":6.5047}},{"type":"Feature","geometry":{"type":"Polygon","coordinates":[[[-76.46499999999999,3.415],[-76.46,3.415],[-76.46,3.42],[-76.46499999999999,3.42],[-76.46499999999999,3.415]]]},"properties":{"value":63.8036,"sigma":5.8203}},{"type":"Feature","geometry":{"type":"Polygon","coordinates":[[[-76.46,3.415],[-76.455,3.415],[-76.455,3.42],[-76.46,3.42],[-76.46,3.415]]]},"properties":{"value":65.5231,"sigma":6.4116}},{"type":"Feature","geometry":{"type":"Polygon","coordinates":[[[-76.455,3.415],[-76.45,3.415],[-76.45,3.42],[-76.455,3.42],[-76.455,3.415]]]},"properties":{"value":64.9178,"sigma":6.1111}},{"type":"Feature","geometry":{"type":"Polygon","coordinates":[[[-76.44999999999999,3.415],[-76.445,3.415],[-76.445,3.42],[-76.44999999999999,3.42],[-76.44999999999999,3.415]]]},"properties":{"value":60.8966,"sigma":6.9653}},{"type":"Feature","geometry":{"type":"Polygon","coordinates":[[[-76.445,3.415],[-76.44,3.415],[-76.44,3.42],[-76.445,3.42],[-76.445,3.415]]]},"properties":{"value":63.9267,"sigma":7.2296}},{"type":"Feature","geometry":{"type":"Polygon","coordinates":[[[-76.44,3.415],[-76.435,3.415],[-76.435,3.42],[-76.44,3.42],[-76.44,3.415]]]},"properties":{"value":65.5267,"sigma":6.7326}},{"type":"Feature","geometry":{"type":"Polygon","coordinates":[[[-76.43499999999999,3.415],[-76.42999999999999,3.415],[-76.42999999999999,3.42],[-76.43499999999999,3.42],[-76.43499999999999,3.415]]]},"properties":{"value":63.6331,"sigma":8.6605}},{"type":"Feature","geometry":{"type":"Polygon","coordinates":[[[-76.42999999999999,3.415],[-76.425,3.415],[-76.425,3.42],[-76.42999999999999,3.42],[-76.42999999999999,3.415]]]},"properties":{"value":69.0597,"sigma":7.815}},{"type":"Feature","geometry":{"type":"Polygon","coordinates":[[[-76.425,3.415],[-76.42,3.415],[-76.42,3.42],[-76.425,3.42],[-76.425,3.415]]]},"properties":{"value":64.3024,"sigma":9.0313}},{"type":"Feature","geometry":{"type":"Polygon","coordinates":[[[-76.41999999999999,3.415],[-76.41499999999999,3.415],[-76.41499999999999,3.42],[-76.41999999999999,3.42],[-76.41999999999999,3.415]]]},"properties":{"value":61.4449,"sigma":8.764}},{"type":"Feature","geometry":{"type":"Polygon","coordinates":[[[-76.41499999999999,3.415],[-76.41,3.415],[-76.41,3.42],[-76.41499999999999,3.42],[-76.41499999999999,3.415]]]},"properties":{"value":64.7549,"sigma":9.5963}},{"type":"Feature","geometry":{"type":"Polygon","coordinates":[[[-76.41,3.415],[-76.405,3.415],[-76.405,3.42],[-76.41,3.42],[-76.41,3.415]]]},"properties":{"value":64.5874,"sigma":10.2422}},{"type":"Feature","geometry":{"type":"Polygon","coordinates":[[[-76.40499999999999,3.415],[-76.39999999999999,3.415],[-76.39999999999999,3.42],[-76.40499999999999,3.42],[-76.40499999999999,3.415]]]},"properties":{"value":61.2103,"sigma":10.3671}},{"type":"Feature","geometry":{"type":"Polygon","coordinates":[[[-76.6,3.42],[-76.595,3.42],[-76.595,3.425],[-76.6,3.425],[-76.6,3.42]]]},"properties":{"value":65.3037,"sigma":9.2454}},{"type":"Feature","geometry":{"type":"Polygon","coordinates":[[[-76.595,3.42],[-76.59,3.42],[-76.59,3.425],[-76.595,3.425],[-76.595,3.42]]]},"properties":{"value":70.4919,"sigma":8.7179}},{"type":"Feature","geometry":{"type":"Polygon","coordinates":[[[-76.58999999999999,3.42],[-76.585,3.42],[-76.585,3.425],[-76.58999999999999,3.425],[-76.58999999999999,3.42]]]},"properties":{"value":71.4761,"sigma":8.5282}},{"type":"Feature","geometry":{"type":"Polygon","coordinates":[[[-76.585,3.42],[-76.58,3.42],[-76.58,3.425],[-76.585,3.425],[-76.585,3.42]]]},"properties":{"value":74.6817,"sigma":7.6141}},{"type":"Feature","geometry":{"type":"Polygon","coordinates":[[[-76.58,3.42],[-76.575,3.42],[-76.575,3.425],[-76.58,3.425],[-76.58,3.42]]]},"properties":{"value":82.1188,"sigma":7.1234}},{"type":"Feature","geometry":{"type":"Polygon","coordinates":[[[-76.57499999999999,3.42],[-76.57,3.42],[-76.57,3.425],[-76.57499999999999,3.425],[-76.57499999999999,3.42]]]},"properties":{"value":84.8526,"sigma":7.1388}},{"type":"Feature","geometry":{"type":"Polygon","coordinates":[[[-76.57,3.42],[-76.565,3.42],[-76.565,3.425],[-76.57,3.425],[-76.57,3.42]]]},"properties":{"value":92.9634,"sigma":6.6836}},{"type":"Feature","geometry":{"type":"Polygon","coordinates":[[[-76.565,3.42],[-76.56,3.42],[-76.56,3.425],[-76.565,3.425],[-76.565,3.42]]]},"properties":{"value":91.1542,"sigma":6.2046}},{"type":"Feature","geometry":{"type":"Polygon","coordinates":[[[-76.55999999999999,3.42],[-76.55499999999999,3.42],[-76.55499999999999,3.425],[-76.55999999999999,3.425],[-76.55999999999999,3.42]]]},"properties":{"value":91.8463,"sigma":5.9024}},{"type":"Feature","geometry":{"type":"Polygon","coordinates":[[[-76.55499999999999,3.42],[-76.55,3.42],[-76.55,3.425],[-76.55499999999999,3.425],[-76.55499999999999,3.42]]]},"properties":{"value":89.2318,"sigma":5.8941}},{"type":"Feature","geometry":{"type":"Polygon","coordinates":[[[-76.55,3.42],[-76.545,3.42],[-76.545,3.425],[-76.55,3.425],[-76.55,3.42]]]},"properties":{"value":85.4148,"sigma":6.2799}},{"type":"Feature","geometry":{"type":"Polygon","coordinates":[[[-76.54499999999999,3.42],[-76.53999999999999,3.42],[-76.53999999999999,3.425],[-76.54499999999999,3.425],[-76.54499999999999,3.42]]]},"properties":{"value":82.9088,"sigma":5.6894}},{"type":"Feature","geometry":{"type":"Polygon","coordinates":[[[-76.53999999999999,3.42],[-76.535,3.42],[-76.535,3.425],[-76.53999999999999,3.425],[-76.53999999999999,3.42]]]},"properties":{"value":78.3767,"sigma":5.9099}},{"type":"Feature","geometry":{"type":"Polygon","coordinates":[[[-76.535,3.42],[-76.53,3.42],[-76.53,3.425],[-76.535,3.425],[-76.535,3.42]]]},"properties":{"value":74.6744,"sigma":6.8796}},{"type":"Feature","geometry":{"type":"Polygon","coordinates":[[[-76.52999999999999,3.42],[-76.52499999999999,3.42],[-76.52499999999999,3.425],[-76.52999999999999,3.425],[-76.52999999999999,3.42]]]},"properties":{"value":76.2189,"sigma":7.0333}},{"type":"Feature","geometry":{"type":"Polygon","coordinates":[[[-76.52499999999999,3.42],[-76.52,3.42],[-76.52,3.425],[-76.52499999999999,3.425],[-76.52499999999999,3.42]]]},"properties":{"value":69.2631,"sigma":6.8548}},{"type":"Feature","geometry":{"type":"Polygon","coordinates":[[[-76.52,3.42],[-76.515,3.42],[-76.515,3.425],[-76.52,3.425],[-76.52,3.42]]]},"properties":{"value":69.5272,"sigma":7.714}},{"type":"Feature","geometry":{"type":"Polygon","coordinates":[[[-76.51499999999999,3.42],[-76.50999999999999,3.42],[-76.50999999999999,3.425],[-76.51499999999999,3.425],[-76.51499999999999,3.42]]]},"properties":{"value":65.6004,"sigma":6.4687}},{"type":"Feature","geometry":{"type":"Polygon","coordinates":[[[-76.50999999999999,3.42],[-76.505,3.42],[-76.505,3.425],[-76.50999999999999,3.425],[-76.50999999999999,3.42]]]},"properties":{"value":69.2486,"sigma":5.9456}},{"type":"Feature","geometry":{"type":"Polygon","coordinates":[[[-76.505,3.42],[-76.5,3.42],[-76.5,3.425],[-76.505,3.425],[-76.505,3.42]]]},"properties":{"value":67.8191,"sigma":5.8999}},{"type":"Feature","geometry":{"type":"Polygon","coordinates":[[[-76.49999999999999,3.42],[-76.49499999999999,3.42],[-76.49499999999999,3.425],[-76.49999999999999,3.425],[-76.49999999999999,3.42]]]},"properties":{"value":68.6933,"sigma":4.6624}},{"type":"Feature","geometry":{"type":"Polygon","coordinates":[[[-76.49499999999999,3.42],[-76.49,3.42],[-76.49,3.425],[-76.49499999999999,3.425],[-76.49499999999999,3.42]]]},"properties":{"value":71.2335,"sigma":5.5719}},{"type":"Feature","geometry":{"type":"Polygon","coordinates":[[[-76.49,3.42],[-76.485,3.42],[-76.485,3.425],[-76.49,3.425],[-76.49,3.42]]]},"properties":{"value":65.8245,"sigma":5.5116}},{"type":"Feature","geometry":{"type":"Polygon","coordinates":[[[-76.48499999999999,3.42],[-76.47999999999999,3.42],[-76.47999999999999,3.425],[-76.48499999999999,3.425],[-76.48499999999999,3.42]]]},"properties":{"value":61.4514,"sigma":6.0725}},{"type":"Feature","geometry":{"type":"Polygon","coordinates":[[[-76.47999999999999,3.42],[-76.475,3.42],[-76.475,3.425],[-76.47999999999999,3.425],[-76.47999999999999,3.42]]]},"properties":{"value":66.9645,"sigma":5.1336}},{"type":"Feature","geometry":{"type":"Polygon","coordinates":[[[-76.475,3.42],[-76.47,3.42],[-76.47,3.425],[-76.475,3.425],[-76.475,3.42]]]},"properties":{"value":64.2121,"sigma":5.5775}},{"type":"Feature","geometry":{"type":"Polygon","coordinates":[[[-76.47,3.42],[-76.465,3.42],[-76.465,3.425],[-76.47,3.425],[-76.47,3.42]]]},"properties":{"value":66.1204,"sigma":5.5832}},{"type":"Feature","geometry":{"type":"Polygon","coordinates":[[[-76.46499999999999,3.42],[-76.46,3.42],[-76.46,3.425],[-76.46499999999999,3.425],[-76.46499999999999,3.42]]]},"properties":{"value":66.3303,"sigma":5.7386}},{"type":"Feature","geometry":{"type":"Polygon","coordinates":[[[-76.46,3.42],[-76.455,3.42],[-76.455,3.425],[-76.46,3.425],[-76.46,3.42]]]},"properties":{"value":63.1086,"sigma":5.8471}},{"type":"Feature","geometry":{"type":"Polygon","coordinates":[[[-76.455,3.42],[-76.45,3.42],[-76.45,3.425],[-76.455,3.425],[-76.455,3.42]]]},"properties":{"value":65.454,"sigma":5.6514}},{"type":"Feature","geometry":{"type":"Polygon","coordinates":[[[-76.44999999999999,3.42],[-76.445,3.42],[-76.445,3.425],[-76.44999999999999,3.425],[-76.44999999999999,3.42]]]},"properties":{"value":65.4116,"sigma":7.3148}},{"type":"Feature","geometry":{"type":"Polygon","coordinates":[[[-76.445,3.42],[-76.44,3.42],[-76.44,3.425],[-76.445,3.425],[-76.445,3.42]]]},"properties":{"value":62.014,"sigma":7.0687}},{"type":"Feature","geometry":{"type":"Polygon","coordinates":[[[-76.44,3.42],[-76.435,3.42],[-76.435,3.425],[-76.44,3.425],[-76.44,3.42]]]},"properties":{"value":64.6784,"sigma":7.3324}},{"type":"Feature","geometry":{"type":"Polygon","coordinates":[[[-76.43499999999999,3.42],[-76.42999999999999,3.42],[-76.42999999999999,3.425],[-76.43499999999999,3.425],[-76.43499999999999,3.42]]]},"properties":{"value":63.42,"sigma":7.4878}},{"type":"Feature","geometry":{"type":"Polygon","coordinates":[[[-76.42999999999999,3.42],[-76.425,3.42],[-76.425,3.425],[-76.42999999999999,3.425],[-76.42999999999999,3.42]]]},"properties":{"value":67.486,"sigma":8.1273}},{"type":"Feature","geometry":{"type":"Polygon","coordinates":[[[-76.425,3.42],[-76.42,3.42],[-76.42,3.425],[-76.425,3.425],[-76.425,3.42]]]},"properties":{"value":64.9325,"sigma":8.8623}},{"type":"Feature","geometry":{"type":"Polygon","coordinates":[[[-76.41999999999999,3.42],[-76.41499999999999,3.42],[-76.41499999999999,3.425],[-76.41999999999999,3.425],[-76.41999999999999,3.42]]]},"properties":{"value":60.705,"sigma":9.3084}},{"type":"Feature","geometry":{"type":"Polygon","coordinates":[[[-76.41499999999999,3.42],[-76.41,3.42],[-76.41,3.425],[-76.41499999999999,3.425],[-76.41499999999999,3.42]]]},"properties":{"value":67.7158,"sigma":9.6768}},{"type":"Feature","geometry":{"type":"Polygon","coordinates":[[[-76.41,3.42],[-76.405,3.42],[-76.405,3.425],[-76.41,3.425],[-76.41,3.42]]]},"properties":{"value":63.4041,"sigma":10.1301}},{"type":"Feature","geometry":{"type":"Polygon","coordinates":[[[-76.40499999999999,3.42],[-76.39999999999999,3.42],[-76.39999999999999,3.425],[-76.40499999999999,3.425],[-76.40499999999999,3.42]]]},"properties":{"value":66.7884,"sigma":9.8802}},{"type":"Feature","geometry":{"type":"Polygon","coordinates":[[[-76.6,3.425],[-76.595,3.425],[-76.595,3.4299999999999997],[-76.6,3.4299999999999997],[-76.6,3.425]]]},"properties":{"value":62.746,"sigma":9.7951}},{"type":"Feature","geometry":{"type":"Polygon","coordinates":[[[-76.595,3.425],[-76.59,3.425],[-76.59,3.4299999999999997],[-76.595,3.4299999999999997],[-76.595,3.425]]]},"properties":{"value":71.4406,"sigma":9.1721}},{"type":"Feature","geometry":{"type":"Polygon","coordinates":[[[-76.58999999999999,3.425],[-76.585,3.425],[-76.585,3.4299999999999997],[-76.58999999999999,3.4299999999999997],[-76.58999999999999,3.425]]]},"properties":{"value":68.0488,"sigma":8.3629}},{"type":"Feature","geometry":{"type":"Polygon","coordinates":[[[-76.585,3.425],[-76.58,3.425],[-76.58,3.4299999999999997],[-76.585,3.4299999999999997],[-76.585,3.425]]]},"properties":{"value":75.3509,"sigma":7.4634}},{"type":"Feature","geometry":{"type":"Polygon","coordinates":[[[-76.58,3.425],[-76.575,3.425],[-76.575,3.4299999999999997],[-76.58,3.4299999999999997],[-76.58,3.425]]]},"properties":{"value":81.6711,"sigma":7.4244}},{"type":"Feature","geometry":{"type":"Polygon","coordinates":[[[-76.57499999999999,3.425],[-76.57,3.425],[-76.57,3.4299999999999997],[-76.57499999999999,3.4299999999999997],[-76.57499999999999,3.425]]]},"properties":{"value":89.1482,"sigma":7.0308}},{"type":"Feature","geometry":{"type":"Polygon","coordinates":[[[-76.57,3.425],[-76.565,3.425],[-76.565,3.4299999999999997],[-76.57,3.4299999999999997],[-76.57,3.425]]]},"properties":{"value":94.0469,"sigma":6.4104}},{"type":"Feature","geometry":{"type":"Polygon","coordinates":[[[-76.565,3.425],[-76.56,3.425],[-76.56,3.4299999999999997],[-76.565,3.4299999999999997],[-76.565,3.425]]]},"properties":{"value":94.3395,"sigma":6.2383}},{"type":"Feature","geometry":{"type":"Polygon","coordinates":[[[-76.55999999999999,3.425],[-76.55499999999999,3.425],[-76.55499999999999,3.4299999999999997],[-76.55999999999999,3.4299999999999997],[-76.55999999999999,3.425]]]},"properties":{"value":90.3163,"sigma":5.7986}},{"type":"Feature","geometry":{"type":"Polygon","coordinates":[[[-76.55499999999999,3.425],[-76.55,3.425],[-76.55,3.4299999999999997],[-76.55499999999999,3.4299999999999997],[-76.55499999999999,3.425]]]},"properties":{"value":92.4992,"sigma":5.6953}},{"type":"Feature","geometry":{"type":"Polygon","coordinates":[[[-76.55,3.425],[-76.545,3.425],[-76.545,3.4299999999999997],[-76.55,3.4299999999999997],[-76.55,3.425]]]},"properties":{"value":85.1858,"sigma":5.6359}},{"type":"Feature","geometry":{"type":"Polygon","coordinates":[[[-76.54499999999999,3.425],[-76.53999999999999,3.425],[-76.53999999999999,3.4299999999999997],[-76.54499999999999,3.4299999999999997],[-76.54499999999999,3.425]]]},"properties":{"value":84.914,"sigma":5.3652}},{"type":"Feature","geometry":{"type":"Polygon","coordinates":[[[-76.53999999999999,3.425],[-76.535,3.425],[-76.535,3.4299999999999997],[-76.53999999999999,3.4299999999999997],[-76.53999999999999,3.425]]]},"properties":{"value":73.948,"sigma":7.0103}},{"type":"Feature","geometry":{"type":"Polygon","coordinates":[[[-76.535,3.425],[-76.53,3.425],[-76.53,3.4299999999999997],[-76.535,3.4299999999999997],[-76.535,3.425]]]},"properties":{"value":76.9098,"sigma":6.7409}},{"type":"Feature","geometry":{"type":"Polygon","coordinates":[[[-76.52999999999999,3.425],[-76.52499999999999,3.425],[-76.52499999999999,3.4299999999999997],[-76.52999999999999,3.4299999999999997],[-76.52999999999999,3.425]]]},"properties":{"value":74.2227,"sigma":6.5138}},{"type":"Feature","geometry":{"type":"Polygon","coordinates":[[[-76.52499999999999,3.425],[-76.52,3.425],[-76.52,3.4299999999999997],[-76.52499999999999,3.4299999999999997],[-76.52499999999999,3.425]]]},"properties":{"value":69.7638,"sigma":6.0755}},{"type":"Feature","geometry":{"type":"Polygon","coordinates":[[[-76.52,3.425],[-76.515,3.425],[-76.515,3.4299999999999997],[-76.52,3.4299999999999997],[-76.52,3.425]]]},"properties":{"value":65.0013,"sigma":6.9836}},{"type":"Feature","geometry":{"type":"Polygon","coordinates":[[[-76.51499999999999,3.425],[-76.50999999999999,3.425],[-76.50999999999999,3.4299999999999997],[-76.51499999999999,3.4299999999999997],[-76.51499999999999,3.425]]]},"properties":{"value":67.6923,"sigma":6.8073}},{"type":"Feature","geometry":{"type":"Polygon","coordinates":[[[-76.50999999999999,3.425],[-76.505,3.425],[-76.505,3.4299999999999997],[-76.50999999999999,3.4299999999999997],[-76.50999999999999,3.425]]]},"properties":{"value":69.4193,"sigma":6.1212}},{"type":"Feature","geometry":{"type":"Polygon","coordinates":[[[-76.505,3.425],[-76.5,3.425],[-76.5,3.4299999999999997],[-76.505,3.4299999999999997],[-76.505,3.425]]]},"properties":{"value":66.6536,"sigma":6.1541}},{"type":"Feature","geometry":{"type":"Polygon","coordinates":[[[-76.49999999999999,3.425],[-76.49499999999999,3.425],[-76.49499999999999,3.4299999999999997],[-76.49999999999999,3.4299999999999997],[-76.49999999999999,3.425]]]},"properties":{"value":65.0195,"sigma":6.3548}},{"type":"Feature","geometry":{"type":"Polygon","coordinates":[[[-76.49499999999999,3.425],[-76.49,3.425],[-76.49,3.4299999999999997],[-76.49499999999999,3.4299999999999997],[-76.49499999999999,3.425]]]},"properties":{"value":62.8445,"sigma":6.0322}},{"type":"Feature","geometry":{"type":"Polygon","coordinates":[[[-76.49,3.425],[-76.485,3.425],[-76.485,3.4299999999999997],[-76.49,3.4299999999999997],[-76.49,3.425]]]},"properties":{"value":65.0883,"sigma":7.0611}},{"type":"Feature","geometry":{"type":"Polygon","coordinates":[[[-76.48499999999999,3.425],[-76.47999999999999,3.425],[-76.47999999999999,3.4299999999999997],[-76.48499999999999,3.4299999999999997],[-76.48499999999999,3.425]]]},"properties":{"value":64.2424,"sigma":5.9667}},{"type":"Feature","geometry":{"type":"Polygon","coordinates":[[[-76.47999999999999,3.425],[-76.475,3.425],[-76.475,3.4299999999999997],[-76.47999999999999,3.4299999999999997],[-76.47999999999999,3.425]]]},"properties":{"value":65.5957,"sigma":6.3054}},{"type":"Feature","geometry":{"type":"Polygon","coordinates":[[[-76.475,3.425],[-76.47,3.425],[-76.47,3.4299999999999997],[-76.475,3.4299999999999997],[-76.475,3.425]]]},"properties":{"value":63.4627,"sigma":4.8574}},{"type":"Feature","geometry":{"type":"Polygon","coordinates":[[[-76.47,3.425],[-76.465,3.425],[-76.465,3.4299999999999997],[-76.47,3.4299999999999997],[-76.47,3.425]]]},"properties":{"value":63.1351,"sigma":4.8092}},{"type":"Feature","geometry":{"type":"Polygon","coordinates":[[[-76.46499999999999,3.425],[-76.46,3.425],[-76.46,3.4299999999999997],[-76.46499999999999,3.4299999999999997],[-76.46499999999999,3.425]]]},"properties":{"value":63.1429,"sigma":4.9587}},{"type":"Feature","geometry":{"type":"Polygon","coordinates":[[[-76.46,3.425],[-76.455,3.425],[-76.455,3.4299999999999997],[-76.46,3.4299999999999997],[-76.46,3.425]]]},"properties":{"value":64.2469,"sigma":5.8519}},{"type":"Feature","geometry":{"type":"Polygon","coordinates":[[[-76.455,3.425],[-76.45,3.425],[-76.45,3.4299999999999997],[-76.455,3.4299999999999997],[-76.455,3.425]]]},"properties":{"value":67.4423,"sigma":6.2948}},{"type":"Feature","geometry":{"type":"Polygon","coordinates":[[[-76.44999999999999,3.425],[-76.445,3.425],[-76.445,3.4299999999999997],[-76.44999999999999,3.4299999999999997],[-76.44999999999999,3.425]]]},"properties":{"value":61.7012,"sigma":6.4881}},{"type":"Feature","geometry":{"type":"Polygon","coordinates":[[[-76.445,3.425],[-76.44,3.425],[-76.44,3.4299999999999997],[-76.445,3.4299999999999997],[-76.445,3.425]]]},"properties":{"value":60.6378,"sigma":6.6972}},{"type":"Feature","geometry":{"type":"Polygon","coordinates":[[[-76.44,3.425],[-76.435,3.425],[-76.435,3.4299999999999997],[-76.44,3.4299999999999997],[-76.44,3.425]]]},"properties":{"value":66.2216,"sigma":7.4654}},{"type":"Feature","geometry":{"type":"Polygon","coordinates":[[[-76.43499999999999,3.425],[-76.42999999999999,3.425],[-76.42999999999999,3.4299999999999997],[-76.43499999999999,3.4299999999999997],[-76.43499999999999,3.425]]]},"properties":{"value":64.9813,"sigma":7.971}},{"type":"Feature","geometry":{"type":"Polygon","coordinates":[[[-76.42999999999999,3.425],[-76.425,3.425],[-76.425,3.4299999999999997],[-76.42999999999999,3.4299999999999997],[-76.42999999999999,3.425]]]},"properties":{"value":64.1274,"sigma":8.532}},{"type":"Feature","geometry":{"type":"Polygon","coordinates":[[[-76.425,3.425],[-76.42,3.425],[-76.42,3.4299999999999997],[-76.425,3.4299999999999997],[-76.425,3.425]]]},"properties":{"value":66.8343,"sigma":8.5444}},{"type":"Feature","geometry":{"type":"Polygon","coordinates":[[[-76.41999999999999,3.425],[-76.41499999999999,3.425],[-76.41499999999999,3.4299999999999997],[-76.41999999999999,3.4299999999999997],[-76.41999999999999,3.425]]]},"properties":{"value":60.6483,"sigma":8.7028}},{"type":"Feature","geometry":{"type":"Polygon","coordinates":[[[-76.41499999999999,3.425],[-76.41,3.425],[-76.41,3.4299999999999997],[-76.41499999999999,3.4299999999999997],[-76.41499999999999,3.425]]]},"properties":{"value":65.2344,"sigma":10.2854}},{"type":"Feature","geometry":{"type":"Polygon","coordinates":[[[-76.41,3.425],[-76.405,3.425],[-76.405,3.4299999999999997],[-76.41,3.4299999999999997],[-76.41,3.425]]]},"properties":{"value":68.1581,"sigma":10.6579}},{"type":"Feature","geometry":{"type":"Polygon","coordinates":[[[-76.40499999999999,3.425],[-76.39999999999999,3.425],[-76.39999999999999,3.4299999999999997],[-76.40499999999999,3.4299999999999997],[-76.40499999999999,3.425]]]},"properties":{"value":61.5617,"sigma":10.2018}},{"type":"Feature","geometry":{"type":"Polygon","coordinates":[[[-76.6,3.4299999999999997],[-76.595,3.4299999999999997],[-76.595,3.4349999999999996],[-76.6,3.4349999999999996],[-76.6,3.4299999999999997]]]},"properties":{"value":64.7527,"sigma":10.0646}},{"type":"Feature","geometry":{"type":"Polygon","coordinates":[[[-76.595,3.4299999999999997],[-76.59,3.4299999999999997],[-76.59,3.4349999999999996],[-76.595,3.4349999999999996],[-76.595,3.4299999999999997]]]},"properties":{"value":74.5448,"sigma":8.847}},{"type":"Feature","geometry":{"type":"Polygon","coordinates":[[[-76.58999999999999,3.4299999999999997],[-76.585,3.4299999999999997],[-76.585,3.4349999999999996],[-76.58999999999999,3.4349999999999996],[-76.58999999999999,3.4299999999999997]]]},"properties":{"value":69.9832,"sigma":9.0003}},{"type":"Feature","geometry":{"type":"Polygon","coordinates":[[[-76.585,3.4299999999999997],[-76.58,3.4299999999999997],[-76.58,3.4349999999999996],[-76.585,3.4349999999999996],[-76.585,3.4299999999999997]]]},"properties":{"value":80.5608,"sigma":7.1918}},{"type":"Feature","geometry":{"type":"Polygon","coordinates":[[[-76.58,3.4299999999999997],[-76.575,3.4299999999999997],[-76.575,3.4349999999999996],[-76.58,3.4349999999999996],[-76.58,3.4299999999999997]]]},"properties":{"value":80.7793,"sigma":8.0734}},{"type":"Feature","geometry":{"type":"Polygon","coordinates":[[[-76.57499999999999,3.4299999999999997],[-76.57,3.4299999999999997],[-76.57,3.4349999999999996],[-76.57499999999999,3.4349999999999996],[-76.57499999999999,3.4299999999999997]]]},"properties":{"value":83.1789,"sigma":7.0743}},{"type":"Feature","geometry":{"type":"Polygon","coordinates":[[[-76.57,3.4299999999999997],[-76.565,3.4299999999999997],[-76.565,3.4349999999999996],[-76.57,3.4349999999999996],[-76.57,3.4299999999999997]]]},"properties":{"value":88.2221,"sigma":6.9788}},{"type":"Feature","geometry":{"type":"Polygon","coordinates":[[[-76.565,3.4299999999999997],[-76.56,3.4299999999999997],[-76.56,3.4349999999999996],[-76.565,3.4349999999999996],[-76.565,3.4299999999999997]]]},"properties":{"value":90.5802,"sigma":6.324}},{"type":"Feature","geometry":{"type":"Polygon","coordinates":[[[-76.55999999999999,3.4299999999999997],[-76.55499999999999,3.4299999999999997],[-76.55499999999999,3.4349999999999996],[-76.55999999999999,3.4349999999999996],[-76.55999999999999,3.4299999999999997]]]},"properties":{"value":93.0007,"sigma":6.4788}},{"type":"Feature","geometry":{"type":"Polygon","coordinates":[[[-76.55499999999999,3.4299999999999997],[-76.55,3.4299999999999997],[-76.55,3.4349999999999996],[-76.55499999999999,3.4349999999999996],[-76.55499999999999,3.4299999999999997]]]},"properties":{"value":88.8299,"sigma":6.3353}},{"type":"Feature","geometry":{"type":"Polygon","coordinates":[[[-76.55,3.4299999999999997],[-76.545,3.4299999999999997],[-76.545,3.4349999999999996],[-76.55,3.4349999999999996],[-76.55,3.4299999999999997]]]},"properties":{"value":85.722,"sigma":6.9443}},{"type":"Feature","geometry":{"type":"Polygon","coordinates":[[[-76.54499999999999,3.4299999999999997],[-76.53999999999999,3.4299999999999997],[-76.53999999999999,3.4349999999999996],[-76.54499999999999,3.4349999999999996],[-76.54499999999999,3.4299999999999997]]]},"properties":{"value":79.9511,"sigma":6.0121}},{"type":"Feature","geometry":{"type":"Polygon","coordinates":[[[-76.53999999999999,3.4299999999999997],[-76.535,3.4299999999999997],[-76.535,3.4349999999999996],[-76.53999999999999,3.4349999999999996],[-76.53999999999999,3.4299999999999997]]]},"properties":{"value":77.3092,"sigma":7.0206}},{"type":"Feature","geometry":{"type":"Polygon","coordinates":[[[-76.535,3.4299999999999997],[-76.53,3.4299999999999997],[-76.53,3.4349999999999996],[-76.535,3.4349999999999996],[-76.535,3.4299999999999997]]]},"properties":{"value":76.2465,"sigma":7.4014}},{"type":"Feature","geometry":{"type":"Polygon","coordinates":[[[-76.52999999999999,3.4299999999999997],[-76.52499999999999,3.4299999999999997],[-76.52499999999999,3.4349999999999996],[-76.52999999999999,3.4349999999999996],[-76.52999999999999,3.4299999999999997]]]},"properties":{"value":72.3929,"sigma":7.1497}},{"type":"Feature","geometry":{"type":"Polygon","coordinates":[[[-76.52499999999999,3.4299999999999997],[-76.52,3.4299999999999997],[-76.52,3.4349999999999996],[-76.52499999999999,3.4349999999999996],[-76.52499999999999,3.4299999999999997]]]},"properties":{"value":67.8737,"sigma":6.7451}},{"type":"Feature","geometry":{"type":"Polygon","coordinates":[[[-76.52,3.4299999999999997],[-76.515,3.4299999999999997],[-76.515,3.4349999999999996],[-76.52,3.4349999999999996],[-76.52,3.4299999999999997]]]},"properties":{"value":66.5711,"sigma":6.2528}},{"type":"Feature","geometry":{"type":"Polygon","coordinates":[[[-76.51499999999999,3.4299999999999997],[-76.50999999999999,3.4299999999999997],[-76.50999999999999,3.4349999999999996],[-76.51499999999999,3.4349999999999996],[-76.51499999999999,3.4299999999999997]]]},"properties":{"value":64.2028,"sigma":5.702}},{"type":"Feature","geometry":{"type":"Polygon","coordinates":[[[-76.50999999999999,3.4299999999999997],[-76.505,3.4299999999999997],[-76.505,3.4349999999999996],[-76.50999999999999,3.4349999999999996],[-76.50999999999999,3.4299999999999997]]]},"properties":{"value":64.6259,"sigma":6.7108}},{"type":"Feature","geometry":{"type":"Polygon","coordinates":[[[-76.505,3.4299999999999997],[-76.5,3.4299999999999997],[-76.5,3.4349999999999996],[-76.505,3.4349999999999996],[-76.505,3.4299999999999997]]]},"properties":{"value":67.2126,"sigma":6.6559}},{"type":"Feature","geometry":{"type":"Polygon","coordinates":[[[-76.49999999999999,3.4299999999999997],[-76.49499999999999,3.4299999999999997],[-76.49499999999999,3.4349999999999996],[-76.49999999999999,3.4349999999999996],[-76.49999999999999,3.4299999999999997]]]},"properties":{"value":61.668,"sigma":5.3931}},{"type":"Feature","geometry":{"type":"Polygon","coordinates":[[[-76.49499999999999,3.4299999999999997],[-76.49,3.4299999999999997],[-76.49,3.4349999999999996],[-76.49499999999999,3.4349999999999996],[-76.49499999999999,3.4299999999999997]]]},"properties":{"value":64.5154,"sigma":6.2196}},{"type":"Feature","geometry":{"type":"Polygon","coordinates":[[[-76.49,3.4299999999999997],[-76.485,3.4299999999999997],[-76.485,3.4349999999999996],[-76.49,3.4349999999999996],[-76.49,3.4299999999999997]]]},"properties":{"value":65.2361,"sigma":5.7398}},{"type":"Feature","geometry":{"type":"Polygon","coordinates":[[[-76.48499999999999,3.4299999999999997],[-76.47999999999999,3.4299999999999997],[-76.47999999999999,3.4349999999999996],[-76.48499999999999,3.4349999999999996],[-76.48499999999999,3.4299999999999997]]]},"properties":{"value":65.0828,"sigma":6.1043}},{"type":"Feature","geometry":{"type":"Polygon","coordinates":[[[-76.47999999999999,3.4299999999999997],[-76.475,3.4299999999999997],[-76.475,3.4349999999999996],[-76.47999999999999,3.4349999999999996],[-76.47999999999999,3.4299999999999997]]]},"properties":{"value":65.9555,"sigma":6.1111}},{"type":"Feature","geometry":{"type":"Polygon","coordinates":[[[-76.475,3.4299999999999997],[-76.47,3.4299999999999997],[-76.47,3.4349999999999996],[-76.475,3.4349999999999996],[-76.475,3.4299999999999997]]]},"properties":{"value":60.3214,"sigma":5.6056}},{"type":"Feature","geometry":{"type":"Polygon","coordinates":[[[-76.47,3.4299999999999997],[-76.465,3.4299999999999997],[-76.465,3.4349999999999996],[-76.47,3.4349999999999996],[-76.47,3.4299999999999997]]]},"properties":{"value":66.6072,"sigma":6.0466}},{"type":"Feature","geometry":{"type":"Polygon","coordinates":[[[-76.46499999999999,3.4299999999999997],[-76.46,3.4299999999999997],[-76.46,3.4349999999999996],[-76.46499999999999,3.4349999999999996],[-76.46499999999999,3.4299999999999997]]]},"properties":{"value":62.7967,"sigma":5.989}},{"type":"Feature","geometry":{"type":"Polygon","coordinates":[[[-76.46,3.4299999999999997],[-76.455,3.4299999999999997],[-76.455,3.4349999999999996],[-76.46,3.4349999999999996],[-76.46,3.4299999999999997]]]},"properties":{"value":67.5483,"sigma":5.6977}},{"type":"Feature","geometry":{"type":"Polygon","coordinates":[[[-76.455,3.4299999999999997],[-76.45,3.4299999999999997],[-76.45,3.4349999999999996],[-76.455,3.4349999999999996],[-76.455,3.4299999999999997]]]},"properties":{"value":65.2143,"sigma":6.522}},{"type":"Feature","geometry":{"type":"Polygon","coordinates":[[[-76.44999999999999,3.4299999999999997],[-76.445,3.4299999999999997],[-76.445,3.4349999999999996],[-76.44999999999999,3.4349999999999996],[-76.44999999999999,3.4299999999999997]]]},"properties":{"value":67.161,"sigma":6.7912}},{"type":"Feature","geometry":{"type":"Polygon","coordinates":[[[-76.445,3.4299999999999997],[-76.44,3.4299999999999997],[-76.44,3.4349999999999996],[-76.445,3.4349999999999996],[-76.445,3.4299999999999997]]]},"properties":{"value":67.9432,"sigma":7.0242}},{"type":"Feature","geometry":{"type":"Polygon","coordinates":[[[-76.44,3.4299999999999997],[-76.435,3.4299999999999997],[-76.435,3.4349999999999996],[-76.44,3.4349999999999996],[-76.44,3.4299999999999997]]]},"properties":{"value":70.6527,"sigma":7.5581}},{"type":"Feature","geometry":{"type":"Polygon","coordinates":[[[-76.43499999999999,3.4299999999999997],[-76.42999999999999,3.4299999999999997],[-76.42999999999999,3.4349999999999996],[-76.43499999999999,3.4349999999999996],[-76.43499999999999,3.4299999999999997]]]},"properties":{"value":66.5698,"sigma":7.6177}},{"type":"Feature","geometry":{"type":"Polygon","coordinates":[[[-76.42999999999999,3.4299999999999997],[-76.425,3.4299999999999997],[-76.425,3.4349999999999996],[-76.42999999999999,3.4349999999999996],[-76.42999999999999,3.4299999999999997]]]},"properties":{"value":59.715,"sigma":8.7556}},{"type":"Feature","geometry":{"type":"Polygon","coordinates":[[[-76.425,3.4299999999999997],[-76.42,3.4299999999999997],[-76.42,3.4349999999999996],[-76.425,3.4349999999999996],[-76.425,3.4299999999999997]]]},"properties":{"value":64.6579,"sigma":9.1347}},{"type":"Feature","geometry":{"type":"Polygon","coordinates":[[[-76.41999999999999,3.4299999999999997],[-76.41499999999999,3.4299999999999997],[-76.41499999999999,3.4349999999999996],[-76.41999999999999,3.4349999999999996],[-76.41999999999999,3.4299999999999997]]]},"properties":{"value":65.9836,"sigma":8.9181}},{"type":"Feature","geometry":{"type":"Polygon","coordinates":[[[-76.41499999999999,3.4299999999999997],[-76.41,3.4299999999999997],[-76.41,3.4349999999999996],[-76.41499999999999,3.4349999999999996],[-76.41499999999999,3.4299999999999997]]]},"properties":{"value":67.0197,"sigma":9.6904}},{"type":"Feature","geometry":{"type":"Polygon","coordinates":[[[-76.41,3.4299999999999997],[-76.405,3.4299999999999997],[-76.405,3.4349999999999996],[-76.41,3.4349999999999996],[-76.41,3.4299999999999997]]]},"properties":{"value":63.5448,"sigma":9.8917}},{"type":"Feature","geometry":{"type":"Polygon","coordinates":[[[-76.40499999999999,3.4299999999999997],[-76.39999999999999,3.4299999999999997],[-76.39999999999999,3.4349999999999996],[-76.40499999999999,3.4349999999999996],[-76.40499999999999,3.4299999999999997]]]},"properties":{"value":65.9319,"sigma":10.438}},{"type":"Feature","geometry":{"type":"Polygon","coordinates":[[[-76.6,3.435],[-76.595,3.435],[-76.595,3.44],[-76.6,3.44],[-76.6,3.435]]]},"properties":{"value":62.6196,"sigma":9.8362}},{"type":"Feature","geometry":{"type":"Polygon","coordinates":[[[-76.595,3.435],[-76.59,3.435],[-76.59,3.44],[-76.595,3.44],[-76.595,3.435]]]},"properties":{"value":70.2085,"sigma":8.9384}},{"type":"Feature","geometry":{"type":"Polygon","coordinates":[[[-76.58999999999999,3.435],[-76.585,3.435],[-76.585,3.44],[-76.58999999999999,3.44],[-76.58999999999999,3.435]]]},"properties":{"value":69.4281,"sigma":9.3098}},{"type":"Feature","geometry":{"type":"Polygon","coordinates":[[[-76.585,3.435],[-76.58,3.435],[-76.58,3.44],[-76.585,3.44],[-76.585,3.435]]]},"properties":{"value":73.1352,"sigma":9.0545}},{"type":"Feature","geometry":{"type":"Polygon","coordinates":[[[-76.58,3.435],[-76.575,3.435],[-76.575,3.44],[-76.58,3.44],[-76.58,3.435]]]},"properties":{"value":79.5548,"sigma":7.5483}},{"type":"Feature","geometry":{"type":"Polygon","coordinates":[[[-76.57499999999999,3.435],[-76.57,3.435],[-76.57,3.44],[-76.57499999999999,3.44],[-76.57499999999999,3.435]]]},"properties":{"value":84.376,"sigma":7.5195}},{"type":"Feature","geometry":{"type":"Polygon","coordinates":[[[-76.57,3.435],[-76.565,3.435],[-76.565,3.44],[-76.57,3.44],[-76.57,3.435]]]},"properties":{"value":89.2986,"sigma":7.2796}},{"type":"Feature","geometry":{"type":"Polygon","coordinates":[[[-76.565,3.435],[-76.56,3.435],[-76.56,3.44],[-76.565,3.44],[-76.565,3.435]]]},"properties":{"value":89.0869,"sigma":7.1463}},{"type":"Feature","geometry":{"type":"Polygon","coordinates":[[[-76.55999999999999,3.435],[-76.55499999999999,3.435],[-76.55499999999999,3.44],[-76.55999999999999,3.44],[-76.55999999999999,3.435]]]},"properties":{"value":88.5953,"sigma":7.0377}},{"type":"Feature","geometry":{"type":"Polygon","coordinates":[[[-76.55499999999999,3.435],[-76.55,3.435],[-76.55,3.44],[-76.55499999999999,3.44],[-76.55499999999999,3.435]]]},"properties":{"value":88.4423,"sigma":6.6535}},{"type":"Feature","geometry":{"type":"Polygon","coordinates":[[[-76.55,3.435],[-76.545,3.435],[-76.545,3.44],[-76.55,3.44],[-76.55,3.435]]]},"properties":{"value":84.1511,"sigma":6.9666}},{"type":"Feature","geometry":{"type":"Polygon","coordinates":[[[-76.54499999999999,3.435],[-76.53999999999999,3.435],[-76.53999999999999,3.44],[-76.54499999999999,3.44],[-76.54499999999999,3.435]]]},"properties":{"value":81.6021,"sigma":7.1068}},{"type":"Feature","geometry":{"type":"Polygon","coordinates":[[[-76.53999999999999,3.435],[-76.535,3.435],[-76.535,3.44],[-76.53999999999999,3.44],[-76.53999999999999,3.435]]]},"properties":{"value":75.2498,"sigma":6.7542}},{"type":"Feature","geometry":{"type":"Polygon","coordinates":[[[-76.535,3.435],[-76.53,3.435],[-76.53,3.44],[-76.535,3.44],[-76.535,3.435]]]},"properties":{"value":74.215,"sigma":6.5321}},{"type":"Feature","geometry":{"type":"Polygon","coordinates":[[[-76.52999999999999,3.435],[-76.52499999999999,3.435],[-76.52499999999999,3.44],[-76.52999999999999,3.44],[-76.52999999999999,3.435]]]},"properties":{"value":68.6134,"sigma":5.5443}},{"type":"Feature","geometry":{"type":"Polygon","coordinates":[[[-76.52499999999999,3.435],[-76.52,3.435],[-76.52,3.44],[-76.52499999999999,3.44],[-76.52499999999999,3.435]]]},"properties":{"value":68.154,"sigma":5.4428}},{"type":"Feature","geometry":{"type":"Polygon","coordinates":[[[-76.52,3.435],[-76.515,3.435],[-76.515,3.44],[-76.52,3.44],[-76.52,3.435]]]},"properties":{"value":66.6774,"sigma":5.7678}},{"type":"Feature","geometry":{"type":"Polygon","coordinates":[[[-76.51499999999999,3.435],[-76.50999999999999,3.435],[-76.50999999999999,3.44],[-76.51499999999999,3.44],[-76.51499999999999,3.435]]]},"properties":{"value":63.5397,"sigma":5.6092}},{"type":"Feature","geometry":{"type":"Polygon","coordinates":[[[-76.50999999999999,3.435],[-76.505,3.435],[-76.505,3.44],[-76.50999999999999,3.44],[-76.50999999999999,3.435]]]},"properties":{"value":65.0441,"sigma":6.4309}},{"type":"Feature","geometry":{"type":"Polygon","coordinates":[[[-76.505,3.435],[-76.5,3.435],[-76.5,3.44],[-76.505,3.44],[-76.505,3.435]]]},"properties":{"value":63.1492,"sigma":7.4966}},{"type":"Feature","geometry":{"type":"Polygon","coordinates":[[[-76.49999999999999,3.435],[-76.49499999999999,3.435],[-76.49499999999999,3.44],[-76.49999999999999,3.44],[-76.49999999999999,3.435]]]},"properties":{"value":63.8711,"sigma":6.3296}},{"type":"Feature","geometry":{"type":"Polygon","coordinates":[[[-76.49499999999999,3.435],[-76.49,3.435],[-76.49,3.44],[-76.49499999999999,3.44],[-76.49499999999999,3.435]]]},"properties":{"value":63.5436,"sigma":6.8843}},{"type":"Feature","geometry":{"type":"Polygon","coordinates":[[[-76.49,3.435],[-76.485,3.435],[-76.485,3.44],[-76.49,3.44],[-76.49,3.435]]]},"properties":{"value":61.5472,"sigma":6.7552}},{"type":"Feature","geometry":{"type":"Polygon","coordinates":[[[-76.48499999999999,3.435],[-76.47999999999999,3.435],[-76.47999999999999,3.44],[-76.48499999999999,3.44],[-76.48499999999999,3.435]]]},"properties":{"value":64.6554,"sigma":6.1348}},{"type":"Feature","geometry":{"type":"Polygon","coordinates":[[[-76.47999999999999,3.435],[-76.475,3.435],[-76.475,3.44],[-76.47999999999999,3.44],[-76.47999999999999,3.435]]]},"properties":{"value":65.5929,"sigma":6.2598}},{"type":"Feature","geometry":{"type":"Polygon","coordinates":[[[-76.475,3.435],[-76.47,3.435],[-76.47,3.44],[-76.475,3.44],[-76.475,3.435]]]},"properties":{"value":65.652,"sigma":5.8527}},{"type":"Feature","geometry":{"type":"Polygon","coordinates":[[[-76.47,3.435],[-76.465,3.435],[-76.465,3.44],[-76.47,3.44],[-76.47,3.435]]]},"properties":{"value":66.8317,"sigma":6.2886}},{"type":"Feature","geometry":{"type":"Polygon","coordinates":[[[-76.46499999999999,3.435],[-76.46,3.435],[-76.46,3.44],[-76.46499999999999,3.44],[-76.46499999999999,3.435]]]},"properties":{"value":65.5542,"sigma":4.98}},{"type":"Feature","geometry":{"type":"Polygon","coordinates":[[[-76.46,3.435],[-76.455,3.435],[-76.455,3.44],[-76.46,3.44],[-76.46,3.435]]]},"properties":{"value":68.7674,"sigma":6.0226}},{"type":"Feature","geometry":{"type":"Polygon","coordinates":[[[-76.455,3.435],[-76.45,3.435],[-76.45,3.44],[-76.455,3.44],[-76.455,3.435]]]},"properties":{"value":65.5574,"sigma":6.2371}},{"type":"Feature","geometry":{"type":"Polygon","coordinates":[[[-76.44999999999999,3.435],[-76.445,3.435],[-76.445,3.44],[-76.44999999999999,3.44],[-76.44999999999999,3.435]]]},"properties":{"value":62.1333,"sigma":6.2319}},{"type":"Feature","geometry":{"type":"Polygon","coordinates":[[[-76.445,3.435],[-76.44,3.435],[-76.44,3.44],[-76.445,3.44],[-76.445,3.435]]]},"properties":{"value":64.2394,"sigma":7.4039}},{"type":"Feature","geometry":{"type":"Polygon","coordinates":[[[-76.44,3.435],[-76.435,3.435],[-76.435,3.44],[-76.44,3.44],[-76.44,3.435]]]},"properties":{"value":66.0444,"sigma":7.9106}},{"type":"Feature","geometry":{"type":"Polygon","coordinates":[[[-76.43499999999999,3.435],[-76.42999999999999,3.435],[-76.42999999999999,3.44],[-76.43499999999999,3.44],[-76.43499999999999,3.435]]]},"properties":{"value":62.2775,"sigma":7.683}},{"type":"Feature","geometry":{"type":"Polygon","coordinates":[[[-76.42999999999999,3.435],[-76.425,3.435],[-76.425,3.44],[-76.42999999999999,3.44],[-76.42999999999999,3.435]]]},"properties":{"value":63.7646,"sigma":8.5614}},{"type":"Feature","geometry":{"type":"Polygon","coordinates":[[[-76.425,3.435],[-76.42,3.435],[-76.42,3.44],[-76.425,3.44],[-76.425,3.435]]]},"properties":{"value":67.6314,"sigma":8.6746}},{"type":"Feature","geometry":{"type":"Polygon","coordinates":[[[-76.41999999999999,3.435],[-76.41499999999999,3.435],[-76.41499999999999,3.44],[-76.41999999999999,3.44],[-76.41999999999999,3.435]]]},"properties":{"value":65.6782,"sigma":9.3846}},{"type":"Feature","geometry":{"type":"Polygon","coordinates":[[[-76.41499999999999,3.435],[-76.41,3.435],[-76.41,3.44],[-76.41499999999999,3.44],[-76.41499999999999,3.435]]]},"properties":{"value":65.1998,"sigma":9.9749}},{"type":"Feature","geometry":{"type":"Polygon","coordinates":[[[-76.41,3.435],[-76.405,3.435],[-76.405,3.44],[-76.41,3.44],[-76.41,3.435]]]},"properties":{"value":66.0573,"sigma":9.5872}},{"type":"Feature","geometry":{"type":"Polygon","coordinates":[[[-76.40499999999999,3.435],[-76.39999999999999,3.435],[-76.39999999999999,3.44],[-76.40499999999999,3.44],[-76.40499999999999,3.435]]]},"properties":{"value":65.1756,"sigma":10.7145}},{"type":"Feature","geometry":{"type":"Polygon","coordinates":[[[-76.6,3.44],[-76.595,3.44],[-76.595,3.445],[-76.6,3.445],[-76.6,3.44]]]},"properties":{"value":67.2165,"sigma":10.3029}},{"type":"Feature","geometry":{"type":"Polygon","coordinates":[[[-76.595,3.44],[-76.59,3.44],[-76.59,3.445],[-76.595,3.445],[-76.595,3.44]]]},"properties":{"value":70.3644,"sigma":8.6957}},{"type":"Feature","geometry":{"type":"Polygon","coordinates":[[[-76.58999999999999,3.44],[-76.585,3.44],[-76.585,3.445],[-76.58999999999999,3.445],[-76.58999999999999,3.44]]]},"properties":{"value":70.6833,"sigma":9.535}},{"type":"Feature","geometry":{"type":"Polygon","coordinates":[[[-76.585,3.44],[-76.58,3.44],[-76.58,3.445],[-76.585,3.445],[-76.585,3.44]]]},"properties":{"value":77.5368,"sigma":8.5506}},{"type":"Feature","geometry":{"type":"Polygon","coordinates":[[[-76.58,3.44],[-76.575,3.44],[-76.575,3.445],[-76.58,3.445],[-76.58,3.44]]]},"properties":{"value":75.1695,"sigma":8.4274}},{"type":"Feature","geometry":{"type":"Polygon","coordinates":[[[-76.57499999999999,3.44],[-76.57,3.44],[-76.57,3.445],[-76.57499999999999,3.445],[-76.57499999999999,3.44]]]},"properties":{"value":80.5876,"sigma":7.4044}},{"type":"Feature","geometry":{"type":"Polygon","coordinates":[[[-76.57,3.44],[-76.565,3.44],[-76.565,3.445],[-76.57,3.445],[-76.57,3.44]]]},"properties":{"value":80.2293,"sigma":7.6838}},{"type":"Feature","geometry":{"type":"Polygon","coordinates":[[[-76.565,3.44],[-76.56,3.44],[-76.56,3.445],[-76.565,3.445],[-76.565,3.44]]]},"properties":{"value":84.6176,"sigma":6.883}},{"type":"Feature","geometry":{"type":"Polygon","coordinates":[[[-76.55999999999999,3.44],[-76.55499999999999,3.44],[-76.55499999999999,3.445],[-76.55999999999999,3.445],[-76.55999999999999,3.44]]]},"properties":{"value":84.5566,"sigma":7.0732}},{"type":"Feature","geometry":{"type":"Polygon","coordinates":[[[-76.55499999999999,3.44],[-76.55,3.44],[-76.55,3.445],[-76.55499999999999,3.445],[-76.55499999999999,3.44]]]},"properties":{"value":81.4298,"sigma":7.4337}},{"type":"Feature","geometry":{"type":"Polygon","coordinates":[[[-76.55,3.44],[-76.545,3.44],[-76.545,3.445],[-76.55,3.445],[-76.55,3.44]]]},"properties":{"value":81.5323,"sigma":6.7648}},{"type":"Feature","geometry":{"type":"Polygon","coordinates":[[[-76.54499999999999,3.44],[-76.53999999999999,3.44],[-76.53999999999999,3.445],[-76.54499999999999,3.445],[-76.54499999999999,3.44]]]},"properties":{"value":78.0304,"sigma":6.3034}},{"type":"Feature","geometry":{"type":"Polygon","coordinates":[[[-76.53999999999999,3.44],[-76.535,3.44],[-76.535,3.445],[-76.53999999999999,3.445],[-76.53999999999999,3.44]]]},"properties":{"value":72.9093,"sigma":6.0092}},{"type":"Feature","geometry":{"type":"Polygon","coordinates":[[[-76.535,3.44],[-76.53,3.44],[-76.53,3.445],[-76.535,3.445],[-76.535,3.44]]]},"properties":{"value":71.0979,"sigma":6.1388}},{"type":"Feature","geometry":{"type":"Polygon","coordinates":[[[-76.52999999999999,3.44],[-76.52499999999999,3.44],[-76.52499999999999,3.445],[-76.52999999999999,3.445],[-76.52999999999999,3.44]]]},"properties":{"value":68.9,"sigma":5.8393}},{"type":"Feature","geometry":{"type":"Polygon","coordinates":[[[-76.52499999999999,3.44],[-76.52,3.44],[-76.52,3.445],[-76.52499999999999,3.445],[-76.52499999999999,3.44]]]},"properties":{"value":66.7555,"sigma":5.8925}},{"type":"Feature","geometry":{"type":"Polygon","coordinates":[[[-76.52,3.44],[-76.515,3.44],[-76.515,3.445],[-76.52,3.445],[-76.52,3.44]]]},"properties":{"value":68.6171,"sigma":4.8201}},{"type":"Feature","geometry":{"type":"Polygon","coordinates":[[[-76.51499999999999,3.44],[-76.50999999999999,3.44],[-76.50999999999999,3.445],[-76.51499999999999,3.445],[-76.51499999999999,3.44]]]},"properties":{"value":64.8982,"sigma":5.8562}},{"type":"Feature","geometry":{"type":"Polygon","coordinates":[[[-76.50999999999999,3.44],[-76.505,3.44],[-76.505,3.445],[-76.50999999999999,3.445],[-76.50999999999999,3.44]]]},"properties":{"value":66.644,"sigma":5.8853}},{"type":"Feature","geometry":{"type":"Polygon","coordinates":[[[-76.505,3.44],[-76.5,3.44],[-76.5,3.445],[-76.505,3.445],[-76.505,3.44]]]},"properties":{"value":67.9711,"sigma":6.3162}},{"type":"Feature","geometry":{"type":"Polygon","coordinates":[[[-76.49999999999999,3.44],[-76.49499999999999,3.44],[-76.49499999999999,3.445],[-76.49999999999999,3.445],[-76.49999999999999,3.44]]]},"properties":{"value":65.7777,"sigma":6.4986}},{"type":"Feature","geometry":{"type":"Polygon","coordinates":[[[-76.49499999999999,3.44],[-76.49,3.44],[-76.49,3.445],[-76.49499999999999,3.445],[-76.49499999999999,3.44]]]},"properties":{"value":64.1079,"sigma":7.2112}},{"type":"Feature","geometry":{"type":"Polygon","coordinates":[[[-76.49,3.44],[-76.485,3.44],[-76.485,3.445],[-76.49,3.445],[-76.49,3.44]]]},"properties":{"value":66.5802,"sigma":7.3931}},{"type":"Feature","geometry":{"type":"Polygon","coordinates":[[[-76.48499999999999,3.44],[-76.47999999999999,3.44],[-76.47999999999999,3.445],[-76.48499999999999,3.445],[-76.48499999999999,3.44]]]},"properties":{"value":64.4114,"sigma":7.1189}},{"type":"Feature","geometry":{"type":"Polygon","coordinates":[[[-76.47999999999999,3.44],[-76.475,3.44],[-76.475,3.445],[-76.47999999999999,3.445],[-76.47999999999999,3.44]]]},"properties":{"value":65.7802,"sigma":6.1713}},{"type":"Feature","geometry":{"type":"Polygon","coordinates":[[[-76.475,3.44],[-76.47,3.44],[-76.47,3.445],[-76.475,3.445],[-76.475,3.44]]]},"properties":{"value":60.7134,"sigma":6.0086}},{"type":"Feature","geometry":{"type":"Polygon","coordinates":[[[-76.47,3.44],[-76.465,3.44],[-76.465,3.445],[-76.47,3.445],[-76.47,3.44]]]},"properties":{"value":63.3631,"sigma":6.8007}},{"type":"Feature","geometry":{"type":"Polygon","coordinates":[[[-76.46499999999999,3.44],[-76.46,3.44],[-76.46,3.445],[-76.46499999999999,3.445],[-76.46499999999999,3.44]]]},"properties":{"value":63.3969,"sigma":6.31}},{"type":"Feature","geometry":{"type":"Polygon","coordinates":[[[-76.46,3.44],[-76.455,3.44],[-76.455,3.445],[-76.46,3.445],[-76.46,3.44]]]},"properties":{"value":66.4348,"sigma":6.1588}},{"type":"Feature","geometry":{"type":"Polygon","coordinates":[[[-76.455,3.44],[-76.45,3.44],[-76.45,3.445],[-76.455,3.445],[-76.455,3.44]]]},"properties":{"value":66.3408,"sigma":6.6182}},{"type":"Feature","geometry":{"type":"Polygon","coordinates":[[[-76.44999999999999,3.44],[-76.445,3.44],[-76.445,3.445],[-76.44999999999999,3.445],[-76.44999999999999,3.44]]]},"properties":{"value":64.9124,"sigma":7.5018}},{"type":"Feature","geometry":{"type":"Polygon","coordinates":[[[-76.445,3.44],[-76.44,3.44],[-76.44,3.445],[-76.445,3.445],[-76.445,3.44]]]},"properties":{"value":65.8001,"sigma":7.7224}},{"type":"Feature","geometry":{"type":"Polygon","coordinates":[[[-76.44,3.44],[-76.435,3.44],[-76.435,3.445],[-76.44,3.445],[-76.44,3.44]]]},"properties":{"value":67.9172,"sigma":8.0354}},{"type":"Feature","geometry":{"type":"Polygon","coordinates":[[[-76.43499999999999,3.44],[-76.42999999999999,3.44],[-76.42999999999999,3.445],[-76.43499999999999,3.445],[-76.43499999999999,3.44]]]},"properties":{"value":66.8131,"sigma":8.0032}},{"type":"Feature","geometry":{"type":"Polygon","coordinates":[[[-76.42999999999999,3.44],[-76.425,3.44],[-76.425,3.445],[-76.42999999999999,3.445],[-76.42999999999999,3.44]]]},"properties":{"value":65.7525,"sigma":8.7844}},{"type":"Feature","geometry":{"type":"Polygon","coordinates":[[[-76.425,3.44],[-76.42,3.44],[-76.42,3.445],[-76.425,3.445],[-76.425,3.44]]]},"properties":{"value":67.2398,"sigma":9.1618}},{"type":"Feature","geometry":{"type":"Polygon","coordinates":[[[-76.41999999999999,3.44],[-76.41499999999999,3.44],[-76.41499999999999,3.445],[-76.41999999999999,3.445],[-76.41999999999999,3.44]]]},"properties":{"value":63.3394,"sigma":9.2821}},{"type":"Feature","geometry":{"type":"Polygon","coordinates":[[[-76.41499999999999,3.44],[-76.41,3.44],[-76.41,3.445],[-76.41499999999999,3.445],[-76.41499999999999,3.44]]]},"properties":{"value":63.44,"sigma":9.6271}},{"type":"Feature","geometry":{"type":"Polygon","coordinates":[[[-76.41,3.44],[-76.405,3.44],[-76.405,3.445],[-76.41,3.445],[-76.41,3.44]]]},"properties":{"value":66.0247,"sigma":11.3158}},{"type":"Feature","geometry":{"type":"Polygon","coordinates":[[[-76.40499999999999,3.44],[-76.39999999999999,3.44],[-76.39999999999999,3.445],[-76.40499999999999,3.445],[-76.40499999999999,3.44]]]},"properties":{"value":63.0435,"sigma":10.8436}},{"type":"Feature","geometry":{"type":"Polygon","coordinates":[[[-76.6,3.445],[-76.595,3.445],[-76.595,3.4499999999999997],[-76.6,3.4499999999999997],[-76.6,3.445]]]},"properties":{"value":63.4574,"sigma":10.2338}},{"type":"Feature","geometry":{"type":"Polygon","coordinates":[[[-76.595,3.445],[-76.59,3.445],[-76.59,3.4499999999999997],[-76.595,3.4499999999999997],[-76.595,3.445]]]},"properties":{"value":69.2443,"sigma":9.4278}},{"type":"Feature","geometry":{"type":"Polygon","coordinates":[[[-76.58999999999999,3.445],[-76.585,3.445],[-76.585,3.4499999999999997],[-76.58999999999999,3.4499999999999997],[-76.58999999999999,3.445]]]},"properties":{"value":72.777,"sigma":9.6755}},{"type":"Feature","geometry":{"type":"Polygon","coordinates":[[[-76.585,3.445],[-76.58,3.445],[-76.58,3.4499999999999997],[-76.585,3.4499999999999997],[-76.585,3.445]]]},"properties":{"value":70.5815,"sigma":8.7228}},{"type":"Feature","geometry":{"type":"Polygon","coordinates":[[[-76.58,3.445],[-76.575,3.445],[-76.575,3.4499999999999997],[-76.58,3.4499999999999997],[-76.58,3.445]]]},"properties":{"value":71.2581,"sigma":8.548}},{"type":"Feature","geometry":{"type":"Polygon","coordinates":[[[-76.57499999999999,3.445],[-76.57,3.445],[-76.57,3.4499999999999997],[-76.57499999999999,3.4499999999999997],[-76.57499999999999,3.445]]]},"properties":{"value":77.2608,"sigma":7.5477}},{"type":"Feature","geometry":{"type":"Polygon","coordinates":[[[-76.57,3.445],[-76.565,3.445],[-76.565,3.4499999999999997],[-76.57,3.4499999999999997],[-76.57,3.445]]]},"properties":{"value":77.8293,"sigma":8.7947}},{"type":"Feature","geometry":{"type":"Polygon","coordinates":[[[-76.565,3.445],[-76.56,3.445],[-76.56,3.4499999999999997],[-76.565,3.4499999999999997],[-76.565,3.445]]]},"properties":{"value":83.2787,"sigma":7.2409}},{"type":"Feature","geometry":{"type":"Polygon","coordinates":[[[-76.55999999999999,3.445],[-76.55499999999999,3.445],[-76.55499999999999,3.4499999999999997],[-76.55999999999999,3.4499999999999997],[-76.55999999999999,3.445]]]},"properties":{"value":83.203,"sigma":7.2406}},{"type":"Feature","geometry":{"type":"Polygon","coordinates":[[[-76.55499999999999,3.445],[-76.55,3.445],[-76.55,3.4499999999999997],[-76.55499999999999,3.4499999999999997],[-76.55499999999999,3.445]]]},"properties":{"value":78.5925,"sigma":7.2399}},{"type":"Feature","geometry":{"type":"Polygon","coordinates":[[[-76.55,3.445],[-76.545,3.445],[-76.545,3.4499999999999997],[-76.55,3.4499999999999997],[-76.55,3.445]]]},"properties":{"value":77.6262,"sigma":6.2648}},{"type":"Feature","geometry":{"type":"Polygon","coordinates":[[[-76.54499999999999,3.445],[-76.53999999999999,3.445],[-76.53999999999999,3.4499999999999997],[-76.54499999999999,3.4499999999999997],[-76.54499999999999,3.445]]]},"properties":{"value":72.6905,"sigma":6.5058}},{"type":"Feature","geometry":{"type":"Polygon","coordinates":[[[-76.53999999999999,3.445],[-76.535,3.445],[-76.535,3.4499999999999997],[-76.53999999999999,3.4499999999999997],[-76.53999999999999,3.445]]]},"properties":{"value":73.5247,"sigma":5.5766}},{"type":"Feature","geometry":{"type":"Polygon","coordinates":[[[-76.535,3.445],[-76.53,3.445],[-76.53,3.4499999999999997],[-76.535,3.4499999999999997],[-76.535,3.445]]]},"properties":{"value":73.2006,"sigma":4.4172}},{"type":"Feature","geometry":{"type":"Polygon","coordinates":[[[-76.52999999999999,3.445],[-76.52499999999999,3.445],[-76.52499999999999,3.4499999999999997],[-76.52999999999999,3.4499999999999997],[-76.52999999999999,3.445]]]},"properties":{"value":66.7302,"sigma":5.6775}},{"type":"Feature","geometry":{"type":"Polygon","coordinates":[[[-76.52499999999999,3.445],[-76.52,3.445],[-76.52,3.4499999999999997],[-76.52499999999999,3.4499999999999997],[-76.52499999999999,3.445]]]},"properties":{"value":66.2422,"sigma":5.4462}},{"type":"Feature","geometry":{"type":"Polygon","coordinates":[[[-76.52,3.445],[-76.515,3.445],[-76.515,3.4499999999999997],[-76.52,3.4499999999999997],[-76.52,3.445]]]},"properties":{"value":65.407,"sigma":4.5035}},{"type":"Feature","geometry":{"type":"Polygon","coordinates":[[[-76.51499999999999,3.445],[-76.50999999999999,3.445],[-76.50999999999999,3.4499999999999997],[-76.51499999999999,3.4499999999999997],[-76.51499999999999,3.445]]]},"properties":{"value":66.2658,"sigma":5.0727}},{"type":"Feature","geometry":{"type":"Polygon","coordinates":[[[-76.50999999999999,3.445],[-76.505,3.445],[-76.505,3.4499999999999997],[-76.50999999999999,3.4499999999999997],[-76.50999999999999,3.445]]]},"properties":{"value":66.3222,"sigma":5.7794}},{"type":"Feature","geometry":{"type":"Polygon","coordinates":[[[-76.505,3.445],[-76.5,3.445],[-76.5,3.4499999999999997],[-76.505,3.4499999999999997],[-76.505,3.445]]]},"properties":{"value":66.1366,"sigma":5.4753}},{"type":"Feature","geometry":{"type":"Polygon","coordinates":[[[-76.49999999999999,3.445],[-76.49499999999999,3.445],[-76.49499999999999,3.4499999999999997],[-76.49999999999999,3.4499999999999997],[-76.49999999999999,3.445]]]},"properties":{"value":66.6349,"sigma":5.5043}},{"type":"Feature","geometry":{"type":"Polygon","coordinates":[[[-76.49499999999999,3.445],[-76.49,3.445],[-76.49,3.4499999999999997],[-76.49499999999999,3.4499999999999997],[-76.49499999999999,3.445]]]},"properties":{"value":66.6337,"sigma":6.7995}},{"type":"Feature","geometry":{"type":"Polygon","coordinates":[[[-76.49,3.445],[-76.485,3.445],[-76.485,3.4499999999999997],[-76.49,3.4499999999999997],[-76.49,3.445]]]},"properties":{"value":65.0808,"sigma":7.2903}},{"type":"Feature","geometry":{"type":"Polygon","coordinates":[[[-76.48499999999999,3.445],[-76.47999999999999,3.445],[-76.47999999999999,3.4499999999999997],[-76.48499999999999,3.4499999999999997],[-76.48499999999999,3.445]]]},"properties":{"value":69.2557,"sigma":6.8242}},{"type":"Feature","geometry":{"type":"Polygon","coordinates":[[[-76.47999999999999,3.445],[-76.475,3.445],[-76.475,3.4499999999999997],[-76.47999999999999,3.4499999999999997],[-76.47999999999999,3.445]]]},"properties":{"value":64.5527,"sigma":6.9021}},{"type":"Feature","geometry":{"type":"Polygon","coordinates":[[[-76.475,3.445],[-76.47,3.445],[-76.47,3.4499999999999997],[-76.475,3.4499999999999997],[-76.475,3.445]]]},"properties":{"value":66.7794,"sigma":6.4805}},{"type":"Feature","geometry":{"type":"Polygon","coordinates":[[[-76.47,3.445],[-76.465,3.445],[-76.465,3.4499999999999997],[-76.47,3.4499999999999997],[-76.47,3.445]]]},"properties":{"value":65.5295,"sigma":6.0427}},{"type":"Feature","geometry":{"type":"Polygon","coordinates":[[[-76.46499999999999,3.445],[-76.46,3.445],[-76.46,3.4499999999999997],[-76.46499999999999,3.4499999999999997],[-76.46499999999999,3.445]]]},"properties":{"value":66.799,"sigma":6.253}},{"type":"Feature","geometry":{"type":"Polygon","coordinates":[[[-76.46,3.445],[-76.455,3.445],[-76.455,3.4499999999999997],[-76.46,3.4499999999999997],[-76.46,3.445]]]},"properties":{"value":64.2825,"sigma":6.8894}},{"type":"Feature","geometry":{"type":"Polygon","coordinates":[[[-76.455,3.445],[-76.45,3.445],[-76.45,3.4499999999999997],[-76.455,3.4499999999999997],[-76.455,3.445]]]},"properties":{"value":65.0231,"sigma":6.983}},{"type":"Feature","geometry":{"type":"Polygon","coordinates":[[[-76.44999999999999,3.445],[-76.445,3.445],[-76.445,3.4499999999999997],[-76.44999999999999,3.4499999999999997],[-76.44999999999999,3.445]]]},"properties":{"value":65.5128,"sigma":7.1668}},{"type":"Feature","geometry":{"type":"Polygon","coordinates":[[[-76.445,3.445],[-76.44,3.445],[-76.44,3.4499999999999997],[-76.445,3.4499999999999997],[-76.445,3.445]]]},"properties":{"value":64.5735,"sigma":7.0297}},{"type":"Feature","geometry":{"type":"Polygon","coordinates":[[[-76.44,3.445],[-76.435,3.445],[-76.435,3.4499999999999997],[-76.44,3.4499999999999997],[-76.44,3.445]]]},"properties":{"value":64.8333,"sigma":8.3497}},{"type":"Feature","geometry":{"type":"Polygon","coordinates":[[[-76.43499999999999,3.445],[-76.42999999999999,3.445],[-76.42999999999999,3.4499999999999997],[-76.43499999999999,3.4499999999999997],[-76.43499999999999,3.445]]]},"properties":{"value":64.2744,"sigma":8.8112}},{"type":"Feature","geometry":{"type":"Polygon","coordinates":[[[-76.42999999999999,3.445],[-76.425,3.445],[-76.425,3.4499999999999997],[-76.42999999999999,3.4499999999999997],[-76.42999999999999,3.445]]]},"properties":{"value":67.3394,"sigma":8.314}},{"type":"Feature","geometry":{"type":"Polygon","coordinates":[[[-76.425,3.445],[-76.42,3.445],[-76.42,3.4499999999999997],[-76.425,3.4499999999999997],[-76.425,3.445]]]},"properties":{"value":62.0382,"sigma":8.5237}},{"type":"Feature","geometry":{"type":"Polygon","coordinates":[[[-76.41999999999999,3.445],[-76.41499999999999,3.445],[-76.41499999999999,3.4499999999999997],[-76.41999999999999,3.4499999999999997],[-76.41999999999999,3.445]]]},"properties":{"value":64.9844,"sigma":9.7558}},{"type":"Feature","geometry":{"type":"Polygon","coordinates":[[[-76.41499999999999,3.445],[-76.41,3.445],[-76.41,3.4499999999999997],[-76.41499999999999,3.4499999999999997],[-76.41499999999999,3.445]]]},"properties":{"value":66.2222,"sigma":10.0382}},{"type":"Feature","geometry":{"type":"Polygon","coordinates":[[[-76.41,3.445],[-76.405,3.445],[-76.405,3.4499999999999997],[-76.41,3.4499999999999997],[-76.41,3.445]]]},"properties":{"value":67.6861,"sigma":10.2575}},{"type":"Feature","geometry":{"type":"Polygon","coordinates":[[[-76.40499999999999,3.445],[-76.39999999999999,3.445],[-76.39999999999999,3.4499999999999997],[-76.40499999999999,3.4499999999999997],[-76.40499999999999,3.445]]]},"properties":{"value":64.4009,"sigma":10.4091}},{"type":"Feature","geometry":{"type":"Polygon","coordinates":[[[-76.6,3.4499999999999997],[-76.595,3.4499999999999997],[-76.595,3.4549999999999996],[-76.6,3.4549999999999996],[-76.6,3.4499999999999997]]]},"properties":{"value":67.4878,"sigma":10.4109}},{"type":"Feature","geometry":{"type":"Polygon","coordinates":[[[-76.595,3.4499999999999997],[-76.59,3.4499999999999997],[-76.59,3.4549999999999996],[-76.595,3.4549999999999996],[-76.595,3.4499999999999997]]]},"properties":{"value":69.2907,"sigma":10.0417}},{"type":"Feature","geometry":{"type":"Polygon","coordinates":[[[-76.58999999999999,3.4499999999999997],[-76.585,3.4499999999999997],[-76.585,3.4549999999999996],[-76.58999999999999,3.4549999999999996],[-76.58999999999999,3.4499999999999997]]]},"properties":{"value":61.9009,"sigma":9.5115}},{"type":"Feature","geometry":{"type":"Polygon","coordinates":[[[-76.585,3.4499999999999997],[-76.58,3.4499999999999997],[-76.58,3.4549999999999996],[-76.585,3.4549999999999996],[-76.585,3.4499999999999997]]]},"properties":{"value":67.8455,"sigma":9.3042}},{"type":"Feature","geometry":{"type":"Polygon","coordinates":[[[-76.58,3.4499999999999997],[-76.575,3.4499999999999997],[-76.575,3.4549999999999996],[-76.58,3.4549999999999996],[-76.58,3.4499999999999997]]]},"properties":{"value":66.3914,"sigma":8.5716}},{"type":"Feature","geometry":{"type":"Polygon","coordinates":[[[-76.57499999999999,3.4499999999999997],[-76.57,3.4499999999999997],[-76.57,3.4549999999999996],[-76.57499999999999,3.4549999999999996],[-76.57499999999999,3.4499999999999997]]]},"properties":{"value":72.5287,"sigma":8.5197}},{"type":"Feature","geometry":{"type":"Polygon","coordinates":[[[-76.57,3.4499999999999997],[-76.565,3.4499999999999997],[-76.565,3.4549999999999996],[-76.57,3.4549999999999996],[-76.57,3.4499999999999997]]]},"properties":{"value":74.3916,"sigma":7.4329}},{"type":"Feature","geometry":{"type":"Polygon","coordinates":[[[-76.565,3.4499999999999997],[-76.56,3.4499999999999997],[-76.56,3.4549999999999996],[-76.565,3.4549999999999996],[-76.565,3.4499999999999997]]]},"properties":{"value":77.2719,"sigma":7.8239}},{"type":"Feature","geometry":{"type":"Polygon","coordinates":[[[-76.55999999999999,3.4499999999999997],[-76.55499999999999,3.4499999999999997],[-76.55499999999999,3.4549999999999996],[-76.55999999999999,3.4549999999999996],[-76.55999999999999,3.4499999999999997]]]},"properties":{"value":75.2505,"sigma":7.1165}},{"type":"Feature","geometry":{"type":"Polygon","coordinates":[[[-76.55499999999999,3.4499999999999997],[-76.55,3.4499999999999997],[-76.55,3.4549999999999996],[-76.55499999999999,3.4549999999999996],[-76.55499999999999,3.4499999999999997]]]},"properties":{"value":71.386,"sigma":6.341}},{"type":"Feature","geometry":{"type":"Polygon","coordinates":[[[-76.55,3.4499999999999997],[-76.545,3.4499999999999997],[-76.545,3.4549999999999996],[-76.55,3.4549999999999996],[-76.55,3.4499999999999997]]]},"properties":{"value":72.0399,"sigma":6.4239}},{"type":"Feature","geometry":{"type":"Polygon","coordinates":[[[-76.54499999999999,3.4499999999999997],[-76.53999999999999,3.4499999999999997],[-76.53999999999999,3.4549999999999996],[-76.54499999999999,3.4549999999999996],[-76.54499999999999,3.4499999999999997]]]},"properties":{"value":69.7195,"sigma":6.0714}},{"type":"Feature","geometry":{"type":"Polygon","coordinates":[[[-76.53999999999999,3.4499999999999997],[-76.535,3.4499999999999997],[-76.535,3.4549999999999996],[-76.53999999999999,3.4549999999999996],[-76.53999999999999,3.4499999999999997]]]},"properties":{"value":66.3001,"sigma":5.6768}},{"type":"Feature","geometry":{"type":"Polygon","coordinates":[[[-76.535,3.4499999999999997],[-76.53,3.4499999999999997],[-76.53,3.4549999999999996],[-76.535,3.4549999999999996],[-76.535,3.4499999999999997]]]},"properties":{"value":70.3451,"sigma":4.7643}},{"type":"Feature","geometry":{"type":"Polygon","coordinates":[[[-76.52999999999999,3.4499999999999997],[-76.52499999999999,3.4499999999999997],[-76.52499999999999,3.4549999999999996],[-76.52999999999999,3.4549999999999996],[-76.52999999999999,3.4499999999999997]]]},"properties":{"value":69.1388,"sigma":5.4394}},{"type":"Feature","geometry":{"type":"Polygon","coordinates":[[[-76.52499999999999,3.4499999999999997],[-76.52,3.4499999999999997],[-76.52,3.4549999999999996],[-76.52499999999999,3.4549999999999996],[-76.52499999999999,3.4499999999999997]]]},"properties":{"value":66.4037,"sigma":4.9853}},{"type":"Feature","geometry":{"type":"Polygon","coordinates":[[[-76.52,3.4499999999999997],[-76.515,3.4499999999999997],[-76.515,3.4549999999999996],[-76.52,3.4549999999999996],[-76.52,3.4499999999999997]]]},"properties":{"value":67.0716,"sigma":5.7076}},{"type":"Feature","geometry":{"type":"Polygon","coordinates":[[[-76.51499999999999,3.4499999999999997],[-76.50999999999999,3.4499999999999997],[-76.50999999999999,3.4549999999999996],[-76.51499999999999,3.4549999999999996],[-76.51499999999999,3.4499999999999997]]]},"properties":{"value":66.735,"sigma":5.1416}},{"type":"Feature","geometry":{"type":"Polygon","coordinates":[[[-76.50999999999999,3.4499999999999997],[-76.505,3.4499999999999997],[-76.505,3.4549999999999996],[-76.50999999999999,3.4549999999999996],[-76.50999999999999,3.4499999999999997]]]},"properties":{"value":66.5721,"sigma":5.8441}},{"type":"Feature","geometry":{"type":"Polygon","coordinates":[[[-76.505,3.4499999999999997],[-76.5,3.4499999999999997],[-76.5,3.4549999999999996],[-76.505,3.4549999999999996],[-76.505,3.4499999999999997]]]},"properties":{"value":62.9628,"sigma":5.697}},{"type":"Feature","geometry":{"type":"Polygon","coordinates":[[[-76.49999999999999,3.4499999999999997],[-76.49499999999999,3.4499999999999997],[-76.49499999999999,3.4549999999999996],[-76.49999999999999,3.4549999999999996],[-76.49999999999999,3.4499999999999997]]]},"properties":{"value":64.8983,"sigma":5.406}},{"type":"Feature","geometry":{"type":"Polygon","coordinates":[[[-76.49499999999999,3.4499999999999997],[-76.49,3.4499999999999997],[-76.49,3.4549999999999996],[-76.49499999999999,3.4549999999999996],[-76.49499999999999,3.4499999999999997]]]},"properties":{"value":63.5261,"sigma":6.1681}},{"type":"Feature","geometry":{"type":"Polygon","coordinates":[[[-76.49,3.4499999999999997],[-76.485,3.4499999999999997],[-76.485,3.4549999999999996],[-76.49,3.4549999999999996],[-76.49,3.4499999999999997]]]},"properties":{"value":64.1639,"sigma":6.4406}},{"type":"Feature","geometry":{"type":"Polygon","coordinates":[[[-76.48499999999999,3.4499999999999997],[-76.47999999999999,3.4499999999999997],[-76.47999999999999,3.4549999999999996],[-76.48499999999999,3.4549999999999996],[-76.48499999999999,3.4499999999999997]]]},"properties":{"value":65.2585,"sigma":6.7877}},{"type":"Feature","geometry":{"type":"Polygon","coordinates":[[[-76.47999999999999,3.4499999999999997],[-76.475,3.4499999999999997],[-76.475,3.4549999999999996],[-76.47999999999999,3.4549999999999996],[-76.47999999999999,3.4499999999999997]]]},"properties":{"value":61.6304,"sigma":7.3722}},{"type":"Feature","geometry":{"type":"Polygon","coordinates":[[[-76.475,3.4499999999999997],[-76.47,3.4499999999999997],[-76.47,3.4549999999999996],[-76.475,3.4549999999999996],[-76.475,3.4499999999999997]]]},"properties":{"value":65.9522,"sigma":6.8197}},{"type":"Feature","geometry":{"type":"Polygon","coordinates":[[[-76.47,3.4499999999999997],[-76.465,3.4499999999999997],[-76.465,3.4549999999999996],[-76.47,3.4549999999999996],[-76.47,3.4499999999999997]]]},"properties":{"value":63.7863,"sigma":6.8994}},{"type":"Feature","geometry":{"type":"Polygon","coordinates":[[[-76.46499999999999,3.4499999999999997],[-76.46,3.4499999999999997],[-76.46,3.4549999999999996],[-76.46499999999999,3.4549999999999996],[-76.46499999999999,3.4499999999999997]]]},"properties":{"value":67.5616,"sigma":6.86}},{"type":"Feature","geometry":{"type":"Polygon","coordinates":[[[-76.46,3.4499999999999997],[-76.455,3.4499999999999997],[-76.455,3.4549999999999996],[-76.46,3.4549999999999996],[-76.46,3.4499999999999997]]]},"properties":{"value":64.3883,"sigma":7.7119}},{"type":"Feature","geometry":{"type":"Polygon","coordinates":[[[-76.455,3.4499999999999997],[-76.45,3.4499999999999997],[-76.45,3.4549999999999996],[-76.455,3.4549999999999996],[-76.455,3.4499999999999997]]]},"properties":{"value":66.4711,"sigma":7.9327}},{"type":"Feature","geometry":{"type":"Polygon","coordinates":[[[-76.44999999999999,3.4499999999999997],[-76.445,3.4499999999999997],[-76.445,3.4549999999999996],[-76.44999999999999,3.4549999999999996],[-76.44999999999999,3.4499999999999997]]]},"properties":{"value":70.9617,"sigma":7.2845}},{"type":"Feature","geometry":{"type":"Polygon","coordinates":[[[-76.445,3.4499999999999997],[-76.44,3.4499999999999997],[-76.44,3.4549999999999996],[-76.445,3.4549999999999996],[-76.445,3.4499999999999997]]]},"properties":{"value":66.6228,"sigma":7.6537}},{"type":"Feature","geometry":{"type":"Polygon","coordinates":[[[-76.44,3.4499999999999997],[-76.435,3.4499999999999997],[-76.435,3.4549999999999996],[-76.44,3.4549999999999996],[-76.44,3.4499999999999997]]]},"properties":{"value":66.3787,"sigma":8.6794}},{"type":"Feature","geometry":{"type":"Polygon","coordinates":[[[-76.43499999999999,3.4499999999999997],[-76.42999999999999,3.4499999999999997],[-76.42999999999999,3.4549999999999996],[-76.43499999999999,3.4549999999999996],[-76.43499999999999,3.4499999999999997]]]},"properties":{"value":65.0849,"sigma":9.2878}},{"type":"Feature","geometry":{"type":"Polygon","coordinates":[[[-76.42999999999999,3.4499999999999997],[-76.425,3.4499999999999997],[-76.425,3.4549999999999996],[-76.42999999999999,3.4549999999999996],[-76.42999999999999,3.4499999999999997]]]},"properties":{"value":63.7233,"sigma":9.3874}},{"type":"Feature","geometry":{"type":"Polygon","coordinates":[[[-76.425,3.4499999999999997],[-76.42,3.4499999999999997],[-76.42,3.4549999999999996],[-76.425,3.4549999999999996],[-76.425,3.4499999999999997]]]},"properties":{"value":63.7241,"sigma":9.4132}},{"type":"Feature","geometry":{"type":"Polygon","coordinates":[[[-76.41999999999999,3.4499999999999997],[-76.41499999999999,3.4499999999999997],[-76.41499999999999,3.4549999999999996],[-76.41999999999999,3.4549999999999996],[-76.41999999999999,3.4499999999999997]]]},"properties":{"value":62.2229,"sigma":10.3681}},{"type":"Feature","geometry":{"type":"Polygon","coordinates":[[[-76.41499999999999,3.4499999999999997],[-76.41,3.4499999999999997],[-76.41,3.4549999999999996],[-76.41499999999999,3.4549999999999996],[-76.41499999999999,3.4499999999999997]]]},"properties":{"value":67.6553,"sigma":9.6186}},{"type":"Feature","geometry":{"type":"Polygon","coordinates":[[[-76.41,3.4499999999999997],[-76.405,3.4499999999999997],[-76.405,3.4549999999999996],[-76.41,3.4549999999999996],[-76.41,3.4499999999999997]]]},"properties":{"value":65.9744,"sigma":9.5891}},{"type":"Feature","geometry":{"type":"Polygon","coordinates":[[[-76.40499999999999,3.4499999999999997],[-76.39999999999999,3.4499999999999997],[-76.39999999999999,3.4549999999999996],[-76.40499999999999,3.4549999999999996],[-76.40499999999999,3.4499999999999997]]]},"properties":{"value":64.3765,"sigma":11.9014}},{"type":"Feature","geometry":{"type":"Polygon","coordinates":[[[-76.6,3.455],[-76.595,3.455],[-76.595,3.46],[-76.6,3.46],[-76.6,3.455]]]},"properties":{"value":65.89,"sigma":10.4399}},{"type":"Feature","geometry":{"type":"Polygon","coordinates":[[[-76.595,3.455],[-76.59,3.455],[-76.59,3.46],[-76.595,3.46],[-76.595,3.455]]]},"properties":{"value":64.61,"sigma":9.4804}},{"type":"Feature","geometry":{"type":"Polygon","coordinates":[[[-76.58999999999999,3.455],[-76.585,3.455],[-76.585,3.46],[-76.58999999999999,3.46],[-76.58999999999999,3.455]]]},"properties":{"value":67.4648,"sigma":9.715}},{"type":"Feature","geometry":{"type":"Polygon","coordinates":[[[-76.585,3.455],[-76.58,3.455],[-76.58,3.46],[-76.585,3.46],[-76.585,3.455]]]},"properties":{"value":67.0177,"sigma":9.55}},{"type":"Feature","geometry":{"type":"Polygon","coordinates":[[[-76.58,3.455],[-76.575,3.455],[-76.575,3.46],[-76.58,3.46],[-76.58,3.455]]]},"properties":{"value":68.9424,"sigma":8.8735}},{"type":"Feature","geometry":{"type":"Polygon","coordinates":[[[-76.57499999999999,3.455],[-76.57,3.455],[-76.57,3.46],[-76.57499999999999,3.46],[-76.57499999999999,3.455]]]},"properties":{"value":66.9998,"sigma":9.2393}},{"type":"Feature","geometry":{"type":"Polygon","coordinates":[[[-76.57,3.455],[-76.565,3.455],[-76.565,3.46],[-76.57,3.46],[-76.57,3.455]]]},"properties":{"value":68.8852,"sigma":7.6148}},{"type":"Feature","geometry":{"type":"Polygon","coordinates":[[[-76.565,3.455],[-76.56,3.455],[-76.56,3.46],[-76.565,3.46],[-76.565,3.455]]]},"properties":{"value":73.273,"sigma":8.4878}},{"type":"Feature","geometry":{"type":"Polygon","coordinates":[[[-76.55999999999999,3.455],[-76.55499999999999,3.455],[-76.55499999999999,3.46],[-76.55999999999999,3.46],[-76.55999999999999,3.455]]]},"properties":{"value":68.1555,"sigma":6.5244}},{"type":"Feature","geometry":{"type":"Polygon","coordinates":[[[-76.55499999999999,3.455],[-76.55,3.455],[-76.55,3.46],[-76.55499999999999,3.46],[-76.55499999999999,3.455]]]},"properties":{"value":70.9701,"sigma":6.1739}},{"type":"Feature","geometry":{"type":"Polygon","coordinates":[[[-76.55,3.455],[-76.545,3.455],[-76.545,3.46],[-76.55,3.46],[-76.55,3.455]]]},"properties":{"value":68.1633,"sigma":6.6262}},{"type":"Feature","geometry":{"type":"Polygon","coordinates":[[[-76.54499999999999,3.455],[-76.53999999999999,3.455],[-76.53999999999999,3.46],[-76.54499999999999,3.46],[-76.54499999999999,3.455]]]},"properties":{"value":67.9246,"sigma":5.8979}},{"type":"Feature","geometry":{"type":"Polygon","coordinates":[[[-76.53999999999999,3.455],[-76.535,3.455],[-76.535,3.46],[-76.53999999999999,3.46],[-76.53999999999999,3.455]]]},"properties":{"value":65.9406,"sigma":5.7634}},{"type":"Feature","geometry":{"type":"Polygon","coordinates":[[[-76.535,3.455],[-76.53,3.455],[-76.53,3.46],[-76.535,3.46],[-76.535,3.455]]]},"properties":{"value":68.347,"sigma":4.9597}},{"type":"Feature","geometry":{"type":"Polygon","coordinates":[[[-76.52999999999999,3.455],[-76.52499999999999,3.455],[-76.52499999999999,3.46],[-76.52999999999999,3.46],[-76.52999999999999,3.455]]]},"properties":{"value":69.9623,"sigma":5.2843}},{"type":"Feature","geometry":{"type":"Polygon","coordinates":[[[-76.52499999999999,3.455],[-76.52,3.455],[-76.52,3.46],[-76.52499999999999,3.46],[-76.52499999999999,3.455]]]},"properties":{"value":66.1753,"sigma":5.6396}},{"type":"Feature","geometry":{"type":"Polygon","coordinates":[[[-76.52,3.455],[-76.515,3.455],[-76.515,3.46],[-76.52,3.46],[-76.52,3.455]]]},"properties":{"value":66.6432,"sigma":5.5924}},{"type":"Feature","geometry":{"type":"Polygon","coordinates":[[[-76.51499999999999,3.455],[-76.50999999999999,3.455],[-76.50999999999999,3.46],[-76.51499999999999,3.46],[-76.51499999999999,3.455]]]},"properties":{"value":66.5768,"sigma":5.3104}},{"type":"Feature","geometry":{"type":"Polygon","coordinates":[[[-76.50999999999999,3.455],[-76.505,3.455],[-76.505,3.46],[-76.50999999999999,3.46],[-76.50999999999999,3.455]]]},"properties":{"value":63.6898,"sigma":5.1345}},{"type":"Feature","geometry":{"type":"Polygon","coordinates":[[[-76.505,3.455],[-76.5,3.455],[-76.5,3.46],[-76.505,3.46],[-76.505,3.455]]]},"properties":{"value":61.4964,"sigma":5.188}},{"type":"Feature","geometry":{"type":"Polygon","coordinates":[[[-76.49999999999999,3.455],[-76.49499999999999,3.455],[-76.49499999999999,3.46],[-76.49999999999999,3.46],[-76.49999999999999,3.455]]]},"properties":{"value":61.7675,"sigma":6.2753}},{"type":"Feature","geometry":{"type":"Polygon","coordinates":[[[-76.49499999999999,3.455],[-76.49,3.455],[-76.49,3.46],[-76.49499999999999,3.46],[-76.49499999999999,3.455]]]},"properties":{"value":65.3472,"sigma":6.3419}},{"type":"Feature","geometry":{"type":"Polygon","coordinates":[[[-76.49,3.455],[-76.485,3.455],[-76.485,3.46],[-76.49,3.46],[-76.49,3.455]]]},"properties":{"value":66.9438,"sigma":6.4797}},{"type":"Feature","geometry":{"type":"Polygon","coordinates":[[[-76.48499999999999,3.455],[-76.47999999999999,3.455],[-76.47999999999999,3.46],[-76.48499999999999,3.46],[-76.48499999999999,3.455]]]},"properties":{"value":71.1727,"sigma":7.5334}},{"type":"Feature","geometry":{"type":"Polygon","coordinates":[[[-76.47999999999999,3.455],[-76.475,3.455],[-76.475,3.46],[-76.47999999999999,3.46],[-76.47999999999999,3.455]]]},"properties":{"value":66.351,"sigma":7.1716}},{"type":"Feature","geometry":{"type":"Polygon","coordinates":[[[-76.475,3.455],[-76.47,3.455],[-76.47,3.46],[-76.475,3.46],[-76.475,3.455]]]},"properties":{"value":63.053,"sigma":7.7136}},{"type":"Feature","geometry":{"type":"Polygon","coordinates":[[[-76.47,3.455],[-76.465,3.455],[-76.465,3.46],[-76.47,3.46],[-76.47,3.455]]]},"properties":{"value":69.0326,"sigma":6.9308}},{"type":"Feature","geometry":{"type":"Polygon","coordinates":[[[-76.46499999999999,3.455],[-76.46,3.455],[-76.46,3.46],[-76.46499999999999,3.46],[-76.46499999999999,3.455]]]},"properties":{"value":66.1218,"sigma":7.7173}},{"type":"Feature","geometry":{"type":"Polygon","coordinates":[[[-76.46,3.455],[-76.455,3.455],[-76.455,3.46],[-76.46,3.46],[-76.46,3.455]]]},"properties":{"value":65.1375,"sigma":7.322}},{"type":"Feature","geometry":{"type":"Polygon","coordinates":[[[-76.455,3.455],[-76.45,3.455],[-76.45,3.46],[-76.455,3.46],[-76.455,3.455]]]},"properties":{"value":65.0837,"sigma":8.1688}},{"type":"Feature","geometry":{"type":"Polygon","coordinates":[[[-76.44999999999999,3.455],[-76.445,3.455],[-76.445,3.46],[-76.44999999999999,3.46],[-76.44999999999999,3.455]]]},"properties":{"value":65.2523,"sigma":7.7265}},{"type":"Feature","geometry":{"type":"Polygon","coordinates":[[[-76.445,3.455],[-76.44,3.455],[-76.44,3.46],[-76.445,3.46],[-76.445,3.455]]]},"properties":{"value":68.3865,"sigma":8.1872}},{"type":"Feature","geometry":{"type":"Polygon","coordinates":[[[-76.44,3.455],[-76.435,3.455],[-76.435,3.46],[-76.44,3.46],[-76.44,3.455]]]},"properties":{"value":63.1352,"sigma":8.2494}},{"type":"Feature","geometry":{"type":"Polygon","coordinates":[[[-76.43499999999999,3.455],[-76.42999999999999,3.455],[-76.42999999999999,3.46],[-76.43499999999999,3.46],[-76.43499999999999,3.455]]]},"properties":{"value":63.6725,"sigma":8.9699}},{"type":"Feature","geometry":{"type":"Polygon","coordinates":[[[-76.42999999999999,3.455],[-76.425,3.455],[-76.425,3.46],[-76.42999999999999,3.46],[-76.42999999999999,3.455]]]},"properties":{"value":64.1134,"sigma":8.8501}},{"type":"Feature","geometry":{"type":"Polygon","coordinates":[[[-76.425,3.455],[-76.42,3.455],[-76.42,3.46],[-76.425,3.46],[-76.425,3.455]]]},"properties":{"value":64.4692,"sigma":9.342}},{"type":"Feature","geometry":{"type":"Polygon","coordinates":[[[-76.41999999999999,3.455],[-76.41499999999999,3.455],[-76.41499999999999,3.46],[-76.41999999999999,3.46],[-76.41999999999999,3.455]]]},"properties":{"value":63.3145,"sigma":10.77}},{"type":"Feature","geometry":{"type":"Polygon","coordinates":[[[-76.41499999999999,3.455],[-76.41,3.455],[-76.41,3.46],[-76.41499999999999,3.46],[-76.41499999999999,3.455]]]},"properties":{"value":60.8742,"sigma":9.8553}},{"type":"Feature","geometry":{"type":"Polygon","coordinates":[[[-76.41,3.455],[-76.405,3.455],[-76.405,3.46],[-76.41,3.46],[-76.41,3.455]]]},"properties":{"value":67.0788,"sigma":11.2181}},{"type":"Feature","geometry":{"type":"Polygon","coordinates":[[[-76.40499999999999,3.455],[-76.39999999999999,3.455],[-76.39999999999999,3.46],[-76.40499999999999,3.46],[-76.40499999999999,3.455]]]},"properties":{"value":68.9536,"sigma":10.6968}},{"type":"Feature","geometry":{"type":"Polygon","coordinates":[[[-76.6,3.46],[-76.595,3.46],[-76.595,3.465],[-76.6,3.465],[-76.6,3.46]]]},"properties":{"value":64.0454,"sigma":10.4168}},{"type":"Feature","geometry":{"type":"Polygon","coordinates":[[[-76.595,3.46],[-76.59,3.46],[-76.59,3.465],[-76.595,3.465],[-76.595,3.46]]]},"properties":{"value":61.2826,"sigma":10.7805}},{"type":"Feature","geometry":{"type":"Polygon","coordinates":[[[-76.58999999999999,3.46],[-76.585,3.46],[-76.585,3.465],[-76.58999999999999,3.465],[-76.58999999999999,3.46]]]},"properties":{"value":65.9758,"sigma":8.8935}},{"type":"Feature","geometry":{"type":"Polygon","coordinates":[[[-76.585,3.46],[-76.58,3.46],[-76.58,3.465],[-76.585,3.465],[-76.585,3.46]]]},"properties":{"value":64.9012,"sigma":9.9374}},{"type":"Feature","geometry":{"type":"Polygon","coordinates":[[[-76.58,3.46],[-76.575,3.46],[-76.575,3.465],[-76.58,3.465],[-76.58,3.46]]]},"properties":{"value":67.2032,"sigma":9.2246}},{"type":"Feature","geometry":{"type":"Polygon","coordinates":[[[-76.57499999999999,3.46],[-76.57,3.46],[-76.57,3.465],[-76.57499999999999,3.465],[-76.57499999999999,3.46]]]},"properties":{"value":73.382,"sigma":8.0242}},{"type":"Feature","geometry":{"type":"Polygon","coordinates":[[[-76.57,3.46],[-76.565,3.46],[-76.565,3.465],[-76.57,3.465],[-76.57,3.46]]]},"properties":{"value":66.7873,"sigma":8.003}},{"type":"Feature","geometry":{"type":"Polygon","coordinates":[[[-76.565,3.46],[-76.56,3.46],[-76.56,3.465],[-76.565,3.465],[-76.565,3.46]]]},"properties":{"value":66.6273,"sigma":7.9282}},{"type":"Feature","geometry":{"type":"Polygon","coordinates":[[[-76.55999999999999,3.46],[-76.55499999999999,3.46],[-76.55499999999999,3.465],[-76.55999999999999,3.465],[-76.55999999999999,3.46]]]},"properties":{"value":67.8756,"sigma":7.4909}},{"type":"Feature","geometry":{"type":"Polygon","coordinates":[[[-76.55499999999999,3.46],[-76.55,3.46],[-76.55,3.465],[-76.55499999999999,3.465],[-76.55499999999999,3.46]]]},"properties":{"value":68.6104,"sigma":6.9002}},{"type":"Feature","geometry":{"type":"Polygon","coordinates":[[[-76.55,3.46],[-76.545,3.46],[-76.545,3.465],[-76.55,3.465],[-76.55,3.46]]]},"properties":{"value":66.8473,"sigma":6.513}},{"type":"Feature","geometry":{"type":"Polygon","coordinates":[[[-76.54499999999999,3.46],[-76.53999999999999,3.46],[-76.53999999999999,3.465],[-76.54499999999999,3.465],[-76.54499999999999,3.46]]]},"properties":{"value":69.4763,"sigma":6.3983}},{"type":"Feature","geometry":{"type":"Polygon","coordinates":[[[-76.53999999999999,3.46],[-76.535,3.46],[-76.535,3.465],[-76.53999999999999,3.465],[-76.53999999999999,3.46]]]},"properties":{"value":70.2285,"sigma":6.105}},{"type":"Feature","geometry":{"type":"Polygon","coordinates":[[[-76.535,3.46],[-76.53,3.46],[-76.53,3.465],[-76.535,3.465],[-76.535,3.46]]]},"properties":{"value":67.7651,"sigma":5.0787}},{"type":"Feature","geometry":{"type":"Polygon","coordinates":[[[-76.52999999999999,3.46],[-76.52499999999999,3.46],[-76.52499999999999,3.465],[-76.52999999999999,3.465],[-76.52999999999999,3.46]]]},"properties":{"value":63.5381,"sigma":5.2882}},{"type":"Feature","geometry":{"type":"Polygon","coordinates":[[[-76.52499999999999,3.46],[-76.52,3.46],[-76.52,3.465],[-76.52499999999999,3.465],[-76.52499999999999,3.46]]]},"properties":{"value":64.9466,"sigma":5.0787}},{"type":"Feature","geometry":{"type":"Polygon","coordinates":[[[-76.52,3.46],[-76.515,3.46],[-76.515,3.465],[-76.52,3.465],[-76.52,3.46]]]},"properties":{"value":64.3565,"sigma":6.1739}},{"type":"Feature","geometry":{"type":"Polygon","coordinates":[[[-76.51499999999999,3.46],[-76.50999999999999,3.46],[-76.50999999999999,3.465],[-76.51499999999999,3.465],[-76.51499999999999,3.46]]]},"properties":{"value":66.7229,"sigma":4.7803}},{"type":"Feature","geometry":{"type":"Polygon","coordinates":[[[-76.50999999999999,3.46],[-76.505,3.46],[-76.505,3.465],[-76.50999999999999,3.465],[-76.50999999999999,3.46]]]},"properties":{"value":68.8817,"sigma":5.2353}},{"type":"Feature","geometry":{"type":"Polygon","coordinates":[[[-76.505,3.46],[-76.5,3.46],[-76.5,3.465],[-76.505,3.465],[-76.505,3.46]]]},"properties":{"value":62.6572,"sigma":4.7779}},{"type":"Feature","geometry":{"type":"Polygon","coordinates":[[[-76.49999999999999,3.46],[-76.49499999999999,3.46],[-76.49499999999999,3.465],[-76.49999999999999,3.465],[-76.49999999999999,3.46]]]},"properties":{"value":68.1275,"sigma":5.623}},{"type":"Feature","geometry":{"type":"Polygon","coordinates":[[[-76.49499999999999,3.46],[-76.49,3.46],[-76.49,3.465],[-76.49499999999999,3.465],[-76.49499999999999,3.46]]]},"properties":{"value":67.4159,"sigma":6.4347}},{"type":"Feature","geometry":{"type":"Polygon","coordinates":[[[-76.49,3.46],[-76.485,3.46],[-76.485,3.465],[-76.49,3.465],[-76.49,3.46]]]},"properties":{"value":67.7116,"sigma":7.5176}},{"type":"Feature","geometry":{"type":"Polygon","coordinates":[[[-76.48499999999999,3.46],[-76.47999999999999,3.46],[-76.47999999999999,3.465],[-76.48499999999999,3.465],[-76.48499999999999,3.46]]]},"properties":{"value":68.3289,"sigma":7.3514}},{"type":"Feature","geometry":{"type":"Polygon","coordinates":[[[-76.47999999999999,3.46],[-76.475,3.46],[-76.475,3.465],[-76.47999999999999,3.465],[-76.47999999999999,3.46]]]},"properties":{"value":65.4912,"sigma":7.7798}},{"type":"Feature","geometry":{"type":"Polygon","coordinates":[[[-76.475,3.46],[-76.47,3.46],[-76.47,3.465],[-76.475,3.465],[-76.475,3.46]]]},"properties":{"value":63.6128,"sigma":8.3296}},{"type":"Feature","geometry":{"type":"Polygon","coordinates":[[[-76.47,3.46],[-76.465,3.46],[-76.465,3.465],[-76.47,3.465],[-76.47,3.46]]]},"properties":{"value":68.6232,"sigma":8.181}},{"type":"Feature","geometry":{"type":"Polygon","coordinates":[[[-76.46499999999999,3.46],[-76.46,3.46],[-76.46,3.465],[-76.46499999999999,3.465],[-76.46499999999999,3.46]]]},"properties":{"value":64.7243,"sigma":8.7315}},{"type":"Feature","geometry":{"type":"Polygon","coordinates":[[[-76.46,3.46],[-76.455,3.46],[-76.455,3.465],[-76.46,3.465],[-76.46,3.46]]]},"properties":{"value":63.2157,"sigma":7.7986}},{"type":"Feature","geometry":{"type":"Polygon","coordinates":[[[-76.455,3.46],[-76.45,3.46],[-76.45,3.465],[-76.455,3.465],[-76.455,3.46]]]},"properties":{"value":65.6303,"sigma":7.4573}},{"type":"Feature","geometry":{"type":"Polygon","coordinates":[[[-76.44999999999999,3.46],[-76.445,3.46],[-76.445,3.465],[-76.44999999999999,3.465],[-76.44999999999999,3.46]]]},"properties":{"value":66.9354,"sigma":8.2}},{"type":"Feature","geometry":{"type":"Polygon","coordinates":[[[-76.445,3.46],[-76.44,3.46],[-76.44,3.465],[-76.445,3.465],[-76.445,3.46]]]},"properties":{"value":65.808,"sigma":8.8018}},{"type":"Feature","geometry":{"type":"Polygon","coordinates":[[[-76.44,3.46],[-76.435,3.46],[-76.435,3.465],[-76.44,3.465],[-76.44,3.46]]]},"properties":{"value":65.2185,"sigma":8.7672}},{"type":"Feature","geometry":{"type":"Polygon","coordinates":[[[-76.43499999999999,3.46],[-76.42999999999999,3.46],[-76.42999999999999,3.465],[-76.43499999999999,3.465],[-76.43499999999999,3.46]]]},"properties":{"value":61.0068,"sigma":9.184}},{"type":"Feature","geometry":{"type":"Polygon","coordinates":[[[-76.42999999999999,3.46],[-76.425,3.46],[-76.425,3.465],[-76.42999999999999,3.465],[-76.42999999999999,3.46]]]},"properties":{"value":66.8438,"sigma":9.7855}},{"type":"Feature","geometry":{"type":"Polygon","coordinates":[[[-76.425,3.46],[-76.42,3.46],[-76.42,3.465],[-76.425,3.465],[-76.425,3.46]]]},"properties":{"value":64.2702,"sigma":9.6386}},{"type":"Feature","geometry":{"type":"Polygon","coordinates":[[[-76.41999999999999,3.46],[-76.41499999999999,3.46],[-76.41499999999999,3.465],[-76.41999999999999,3.465],[-76.41999999999999,3.46]]]},"properties":{"value":67.8699,"sigma":9.8345}},{"type":"Feature","geometry":{"type":"Polygon","coordinates":[[[-76.41499999999999,3.46],[-76.41,3.46],[-76.41,3.465],[-76.41499999999999,3.465],[-76.41499999999999,3.46]]]},"properties":{"value":65.2392,"sigma":11.1029}},{"type":"Feature","geometry":{"type":"Polygon","coordinates":[[[-76.41,3.46],[-76.405,3.46],[-76.405,3.465],[-76.41,3.465],[-76.41,3.46]]]},"properties":{"value":64.7361,"sigma":11.0003}},{"type":"Feature","geometry":{"type":"Polygon","coordinates":[[[-76.40499999999999,3.46],[-76.39999999999999,3.46],[-76.39999999999999,3.465],[-76.40499999999999,3.465],[-76.40499999999999,3.46]]]},"properties":{"value":64.3119,"sigma":11.2937}},{"type":"Feature","geometry":{"type":"Polygon","coordinates":[[[-76.6,3.465],[-76.595,3.465],[-76.595,3.4699999999999998],[-76.6,3.4699999999999998],[-76.6,3.465]]]},"properties":{"value":69.163,"sigma":11.0984}},{"type":"Feature","geometry":{"type":"Polygon","coordinates":[[[-76.595,3.465],[-76.59,3.465],[-76.59,3.4699999999999998],[-76.595,3.4699999999999998],[-76.595,3.465]]]},"properties":{"value":66.2949,"sigma":10.2411}},{"type":"Feature","geometry":{"type":"Polygon","coordinates":[[[-76.58999999999999,3.465],[-76.585,3.465],[-76.585,3.4699999999999998],[-76.58999999999999,3.4699999999999998],[-76.58999999999999,3.465]]]},"properties":{"value":67.1075,"sigma":9.7302}},{"type":"Feature","geometry":{"type":"Polygon","coordinates":[[[-76.585,3.465],[-76.58,3.465],[-76.58,3.4699999999999998],[-76.585,3.4699999999999998],[-76.585,3.465]]]},"properties":{"value":64.9312,"sigma":9.8821}},{"type":"Feature","geometry":{"type":"Polygon","coordinates":[[[-76.58,3.465],[-76.575,3.465],[-76.575,3.4699999999999998],[-76.58,3.4699999999999998],[-76.58,3.465]]]},"properties":{"value":66.8786,"sigma":9.8356}},{"type":"Feature","geometry":{"type":"Polygon","coordinates":[[[-76.57499999999999,3.465],[-76.57,3.465],[-76.57,3.4699999999999998],[-76.57499999999999,3.4699999999999998],[-76.57499999999999,3.465]]]},"properties":{"value":65.7472,"sigma":8.5217}},{"type":"Feature","geometry":{"type":"Polygon","coordinates":[[[-76.57,3.465],[-76.565,3.465],[-76.565,3.4699999999999998],[-76.57,3.4699999999999998],[-76.57,3.465]]]},"properties":{"value":64.9485,"sigma":8.1303}},{"type":"Feature","geometry":{"type":"Polygon","coordinates":[[[-76.565,3.465],[-76.56,3.465],[-76.56,3.4699999999999998],[-76.565,3.4699999999999998],[-76.565,3.465]]]},"properties":{"value":67.3598,"sigma":7.6499}},{"type":"Feature","geometry":{"type":"Polygon","coordinates":[[[-76.55999999999999,3.465],[-76.55499999999999,3.465],[-76.55499999999999,3.4699999999999998],[-76.55999999999999,3.4699999999999998],[-76.55999999999999,3.465]]]},"properties":{"value":63.8193,"sigma":7.5449}},{"type":"Feature","geometry":{"type":"Polygon","coordinates":[[[-76.55499999999999,3.465],[-76.55,3.465],[-76.55,3.4699999999999998],[-76.55499999999999,3.4699999999999998],[-76.55499999999999,3.465]]]},"properties":{"value":66.1526,"sigma":6.2244}},{"type":"Feature","geometry":{"type":"Polygon","coordinates":[[[-76.55,3.465],[-76.545,3.465],[-76.545,3.4699999999999998],[-76.55,3.4699999999999998],[-76.55,3.465]]]},"properties":{"value":63.855,"sigma":6.3812}},{"type":"Feature","geometry":{"type":"Polygon","coordinates":[[[-76.54499999999999,3.465],[-76.53999999999999,3.465],[-76.53999999999999,3.4699999999999998],[-76.54499999999999,3.4699999999999998],[-76.54499999999999,3.465]]]},"properties":{"value":68.5312,"sigma":6.9271}},{"type":"Feature","geometry":{"type":"Polygon","coordinates":[[[-76.53999999999999,3.465],[-76.535,3.465],[-76.535,3.4699999999999998],[-76.53999999999999,3.4699999999999998],[-76.53999999999999,3.465]]]},"properties":{"value":64.0804,"sigma":6.0041}},{"type":"Feature","geometry":{"type":"Polygon","coordinates":[[[-76.535,3.465],[-76.53,3.465],[-76.53,3.4699999999999998],[-76.535,3.4699999999999998],[-76.535,3.465]]]},"properties":{"value":65.1225,"sigma":6.0818}},{"type":"Feature","geometry":{"type":"Polygon","coordinates":[[[-76.52999999999999,3.465],[-76.52499999999999,3.465],[-76.52499999999999,3.4699999999999998],[-76.52999999999999,3.4699999999999998],[-76.52999999999999,3.465]]]},"properties":{"value":67.1474,"sigma":6.2305}},{"type":"Feature","geometry":{"type":"Polygon","coordinates":[[[-76.52499999999999,3.465],[-76.52,3.465],[-76.52,3.4699999999999998],[-76.52499999999999,3.4699999999999998],[-76.52499999999999,3.465]]]},"properties":{"value":68.1462,"sigma":6.0439}},{"type":"Feature","geometry":{"type":"Polygon","coordinates":[[[-76.52,3.465],[-76.515,3.465],[-76.515,3.4699999999999998],[-76.52,3.4699999999999998],[-76.52,3.465]]]},"properties":{"value":67.1345,"sigma":6.3885}},{"type":"Feature","geometry":{"type":"Polygon","coordinates":[[[-76.51499999999999,3.465],[-76.50999999999999,3.465],[-76.50999999999999,3.4699999999999998],[-76.51499999999999,3.4699999999999998],[-76.51499999999999,3.465]]]},"properties":{"value":63.9287,"sigma":6.1712}},{"type":"Feature","geometry":{"type":"Polygon","coordinates":[[[-76.50999999999999,3.465],[-76.505,3.465],[-76.505,3.4699999999999998],[-76.50999999999999,3.4699999999999998],[-76.50999999999999,3.465]]]},"properties":{"value":63.9281,"sigma":5.6476}},{"type":"Feature","geometry":{"type":"Polygon","coordinates":[[[-76.505,3.465],[-76.5,3.465],[-76.5,3.4699999999999998],[-76.505,3.4699999999999998],[-76.505,3.465]]]},"properties":{"value":67.4829,"sigma":5.6779}},{"type":"Feature","geometry":{"type":"Polygon","coordinates":[[[-76.49999999999999,3.465],[-76.49499999999999,3.465],[-76.49499999999999,3.4699999999999998],[-76.49999999999999,3.4699999999999998],[-76.49999999999999,3.465]]]},"properties":{"value":64.9769,"sigma":5.8776}},{"type":"Feature","geometry":{"type":"Polygon","coordinates":[[[-76.49499999999999,3.465],[-76.49,3.465],[-76.49,3.4699999999999998],[-76.49499999999999,3.4699999999999998],[-76.49499999999999,3.465]]]},"properties":{"value":64.3585,"sigma":5.9957}},{"type":"Feature","geometry":{"type":"Polygon","coordinates":[[[-76.49,3.465],[-76.485,3.465],[-76.485,3.4699999999999998],[-76.49,3.4699999999999998],[-76.49,3.465]]]},"properties":{"value":64.9442,"sigma":6.9407}},{"type":"Feature","geometry":{"type":"Polygon","coordinates":[[[-76.48499999999999,3.465],[-76.47999999999999,3.465],[-76.47999999999999,3.4699999999999998],[-76.48499999999999,3.4699999999999998],[-76.48499999999999,3.465]]]},"properties":{"value":64.9922,"sigma":7.645}},{"type":"Feature","geometry":{"type":"Polygon","coordinates":[[[-76.47999999999999,3.465],[-76.475,3.465],[-76.475,3.4699999999999998],[-76.47999999999999,3.4699999999999998],[-76.47999999999999,3.465]]]},"properties":{"value":67.5114,"sigma":6.8499}},{"type":"Feature","geometry":{"type":"Polygon","coordinates":[[[-76.475,3.465],[-76.47,3.465],[-76.47,3.4699999999999998],[-76.475,3.4699999999999998],[-76.475,3.465]]]},"properties":{"value":66.2937,"sigma":8.1199}},{"type":"Feature","geometry":{"type":"Polygon","coordinates":[[[-76.47,3.465],[-76.465,3.465],[-76.465,3.4699999999999998],[-76.47,3.4699999999999998],[-76.47,3.465]]]},"properties":{"value":70.1346,"sigma":8.7046}},{"type":"Feature","geometry":{"type":"Polygon","coordinates":[[[-76.46499999999999,3.465],[-76.46,3.465],[-76.46,3.4699999999999998],[-76.46499999999999,3.4699999999999998],[-76.46499999999999,3.465]]]},"properties":{"value":62.0329,"sigma":8.378}},{"type":"Feature","geometry":{"type":"Polygon","coordinates":[[[-76.46,3.465],[-76.455,3.465],[-76.455,3.4699999999999998],[-76.46,3.4699999999999998],[-76.46,3.465]]]},"properties":{"value":67.8212,"sigma":8.6846}},{"type":"Feature","geometry":{"type":"Polygon","coordinates":[[[-76.455,3.465],[-76.45,3.465],[-76.45,3.4699999999999998],[-76.455,3.4699999999999998],[-76.455,3.465]]]},"properties":{"value":69.8043,"sigma":8.9542}},{"type":"Feature","geometry":{"type":"Polygon","coordinates":[[[-76.44999999999999,3.465],[-76.445,3.465],[-76.445,3.4699999999999998],[-76.44999999999999,3.4699999999999998],[-76.44999999999999,3.465]]]},"properties":{"value":68.6804,"sigma":8.5465}},{"type":"Feature","geometry":{"type":"Polygon","coordinates":[[[-76.445,3.465],[-76.44,3.465],[-76.44,3.4699999999999998],[-76.445,3.4699999999999998],[-76.445,3.465]]]},"properties":{"value":64.8127,"sigma":8.9073}},{"type":"Feature","geometry":{"type":"Polygon","coordinates":[[[-76.44,3.465],[-76.435,3.465],[-76.435,3.4699999999999998],[-76.44,3.4699999999999998],[-76.44,3.465]]]},"properties":{"value":66.6956,"sigma":8.9289}},{"type":"Feature","geometry":{"type":"Polygon","coordinates":[[[-76.43499999999999,3.465],[-76.42999999999999,3.465],[-76.42999999999999,3.4699999999999998],[-76.43499999999999,3.4699999999999998],[-76.43499999999999,3.465]]]},"properties":{"value":61.0273,"sigma":8.9005}},{"type":"Feature","geometry":{"type":"Polygon","coordinates":[[[-76.42999999999999,3.465],[-76.425,3.465],[-76.425,3.4699999999999998],[-76.42999999999999,3.4699999999999998],[-76.42999999999999,3.465]]]},"properties":{"value":65.1672,"sigma":9.4843}},{"type":"Feature","geometry":{"type":"Polygon","coordinates":[[[-76.425,3.465],[-76.42,3.465],[-76.42,3.4699999999999998],[-76.425,3.4699999999999998],[-76.425,3.465]]]},"properties":{"value":64.3434,"sigma":10.2949}},{"type":"Feature","geometry":{"type":"Polygon","coordinates":[[[-76.41999999999999,3.465],[-76.41499999999999,3.465],[-76.41499999999999,3.4699999999999998],[-76.41999999999999,3.4699999999999998],[-76.41999999999999,3.465]]]},"properties":{"value":66.8928,"sigma":10.226}},{"type":"Feature","geometry":{"type":"Polygon","coordinates":[[[-76.41499999999999,3.465],[-76.41,3.465],[-76.41,3.4699999999999998],[-76.41499999999999,3.4699999999999998],[-76.41499999999999,3.465]]]},"properties":{"value":63.211,"sigma":10.7718}},{"type":"Feature","geometry":{"type":"Polygon","coordinates":[[[-76.41,3.465],[-76.405,3.465],[-76.405,3.4699999999999998],[-76.41,3.4699999999999998],[-76.41,3.465]]]},"properties":{"value":65.7509,"sigma":11.3106}},{"type":"Feature","geometry":{"type":"Polygon","coordinates":[[[-76.40499999999999,3.465],[-76.39999999999999,3.465],[-76.39999999999999,3.4699999999999998],[-76.40499999999999,3.4699999999999998],[-76.40499999999999,3.465]]]},"properties":{"value":62.8143,"sigma":11.8812}},{"type":"Feature","geometry":{"type":"Polygon","coordinates":[[[-76.6,3.4699999999999998],[-76.595,3.4699999999999998],[-76.595,3.4749999999999996],[-76.6,3.4749999999999996],[-76.6,3.4699999999999998]]]},"properties":{"value":64.2668,"sigma":11.2821}},{"type":"Feature","geometry":{"type":"Polygon","coordinates":[[[-76.595,3.4699999999999998],[-76.59,3.4699999999999998],[-76.59,3.4749999999999996],[-76.595,3.4749999999999996],[-76.595,3.4699999999999998]]]},"properties":{"value":63.9711,"sigma":10.2892}},{"type":"Feature","geometry":{"type":"Polygon","coordinates":[[[-76.58999999999999,3.4699999999999998],[-76.585,3.4699999999999998],[-76.585,3.4749999999999996],[-76.58999999999999,3.4749999999999996],[-76.58999999999999,3.4699999999999998]]]},"properties":{"value":62.5297,"sigma":9.8777}},{"type":"Feature","geometry":{"type":"Polygon","coordinates":[[[-76.585,3.4699999999999998],[-76.58,3.4699999999999998],[-76.58,3.4749999999999996],[-76.585,3.4749999999999996],[-76.585,3.4699999999999998]]]},"properties":{"value":62.5346,"sigma":10.0348}},{"type":"Feature","geometry":{"type":"Polygon","coordinates":[[[-76.58,3.4699999999999998],[-76.575,3.4699999999999998],[-76.575,3.4749999999999996],[-76.58,3.4749999999999996],[-76.58,3.4699999999999998]]]},"properties":{"value":64.0712,"sigma":9.6243}},{"type":"Feature","geometry":{"type":"Polygon","coordinates":[[[-76.57499999999999,3.4699999999999998],[-76.57,3.4699999999999998],[-76.57,3.4749999999999996],[-76.57499999999999,3.4749999999999996],[-76.57499999999999,3.4699999999999998]]]},"properties":{"value":68.3091,"sigma":8.6129}},{"type":"Feature","geometry":{"type":"Polygon","coordinates":[[[-76.57,3.4699999999999998],[-76.565,3.4699999999999998],[-76.565,3.4749999999999996],[-76.57,3.4749999999999996],[-76.57,3.4699999999999998]]]},"properties":{"value":63.0042,"sigma":8.0022}},{"type":"Feature","geometry":{"type":"Polygon","coordinates":[[[-76.565,3.4699999999999998],[-76.56,3.4699999999999998],[-76.56,3.4749999999999996],[-76.565,3.4749999999999996],[-76.565,3.4699999999999998]]]},"properties":{"value":64.076,"sigma":8.3152}},{"type":"Feature","geometry":{"type":"Polygon","coordinates":[[[-76.55999999999999,3.4699999999999998],[-76.55499999999999,3.4699999999999998],[-76.55499999999999,3.4749999999999996],[-76.55999999999999,3.4749999999999996],[-76.55999999999999,3.4699999999999998]]]},"properties":{"value":67.9451,"sigma":7.9352}},{"type":"Feature","geometry":{"type":"Polygon","coordinates":[[[-76.55499999999999,3.4699999999999998],[-76.55,3.4699999999999998],[-76.55,3.4749999999999996],[-76.55499999999999,3.4749999999999996],[-76.55499999999999,3.4699999999999998]]]},"properties":{"value":65.2786,"sigma":7.2179}},{"type":"Feature","geometry":{"type":"Polygon","coordinates":[[[-76.55,3.4699999999999998],[-76.545,3.4699999999999998],[-76.545,3.4749999999999996],[-76.55,3.4749999999999996],[-76.55,3.4699999999999998]]]},"properties":{"value":66.6231,"sigma":6.5456}},{"type":"Feature","geometry":{"type":"Polygon","coordinates":[[[-76.54499999999999,3.4699999999999998],[-76.53999999999999,3.4699999999999998],[-76.53999999999999,3.4749999999999996],[-76.54499999999999,3.4749999999999996],[-76.54499999999999,3.4699999999999998]]]},"properties":{"value":67.8493,"sigma":6.844}},{"type":"Feature","geometry":{"type":"Polygon","coordinates":[[[-76.53999999999999,3.4699999999999998],[-76.535,3.4699999999999998],[-76.535,3.4749999999999996],[-76.53999999999999,3.4749999999999996],[-76.53999999999999,3.4699999999999998]]]},"properties":{"value":65.5391,"sigma":6.1706}},{"type":"Feature","geometry":{"type":"Polygon","coordinates":[[[-76.535,3.4699999999999998],[-76.53,3.4699999999999998],[-76.53,3.4749999999999996],[-76.535,3.4749999999999996],[-76.535,3.4699999999999998]]]},"properties":{"value":67.2136,"sigma":6.7291}},{"type":"Feature","geometry":{"type":"Polygon","coordinates":[[[-76.52999999999999,3.4699999999999998],[-76.52499999999999,3.4699999999999998],[-76.52499999999999,3.4749999999999996],[-76.52999999999999,3.4749999999999996],[-76.52999999999999,3.4699999999999998]]]},"properties":{"value":66.1578,"sigma":6.5641}},{"type":"Feature","geometry":{"type":"Polygon","coordinates":[[[-76.52499999999999,3.4699999999999998],[-76.52,3.4699999999999998],[-76.52,3.4749999999999996],[-76.52499999999999,3.4749999999999996],[-76.52499999999999,3.4699999999999998]]]},"properties":{"value":63.314,"sigma":5.4269}},{"type":"Feature","geometry":{"type":"Polygon","coordinates":[[[-76.52,3.4699999999999998],[-76.515,3.4699999999999998],[-76.515,3.4749999999999996],[-76.52,3.4749999999999996],[-76.52,3.4699999999999998]]]},"properties":{"value":63.7013,"sigma":6.0673}},{"type":"Feature","geometry":{"type":"Polygon","coordinates":[[[-76.51499999999999,3.4699999999999998],[-76.50999999999999,3.4699999999999998],[-76.50999999999999,3.4749999999999996],[-76.51499999999999,3.4749999999999996],[-76.51499999999999,3.4699999999999998]]]},"properties":{"value":65.812,"sigma":6.5886}},{"type":"Feature","geometry":{"type":"Polygon","coordinates":[[[-76.50999999999999,3.4699999999999998],[-76.505,3.4699999999999998],[-76.505,3.4749999999999996],[-76.50999999999999,3.4749999999999996],[-76.50999999999999,3.4699999999999998]]]},"properties":{"value":63.9246,"sigma":6.1749}},{"type":"Feature","geometry":{"type":"Polygon","coordinates":[[[-76.505,3.4699999999999998],[-76.5,3.4699999999999998],[-76.5,3.4749999999999996],[-76.505,3.4749999999999996],[-76.505,3.4699999999999998]]]},"properties":{"value":66.6615,"sigma":5.8687}},{"type":"Feature","geometry":{"type":"Polygon","coordinates":[[[-76.49999999999999,3.4699999999999998],[-76.49499999999999,3.4699999999999998],[-76.49499999999999,3.4749999999999996],[-76.49999999999999,3.4749999999999996],[-76.49999999999999,3.4699999999999998]]]},"properties":{"value":61.7972,"sigma":6.6396}},{"type":"Feature","geometry":{"type":"Polygon","coordinates":[[[-76.49499999999999,3.4699999999999998],[-76.49,3.4699999999999998],[-76.49,3.4749999999999996],[-76.49499999999999,3.4749999999999996],[-76.49499999999999,3.4699999999999998]]]},"properties":{"value":64.1087,"sigma":6.7452}},{"type":"Feature","geometry":{"type":"Polygon","coordinates":[[[-76.49,3.4699999999999998],[-76.485,3.4699999999999998],[-76.485,3.4749999999999996],[-76.49,3.4749999999999996],[-76.49,3.4699999999999998]]]},"properties":{"value":64.0349,"sigma":6.9633}},{"type":"Feature","geometry":{"type":"Polygon","coordinates":[[[-76.48499999999999,3.4699999999999998],[-76.47999999999999,3.4699999999999998],[-76.47999999999999,3.4749999999999996],[-76.48499999999999,3.4749999999999996],[-76.48499999999999,3.4699999999999998]]]},"properties":{"value":64.7874,"sigma":7.0689}},{"type":"Feature","geometry":{"type":"Polygon","coordinates":[[[-76.47999999999999,3.4699999999999998],[-76.475,3.4699999999999998],[-76.475,3.4749999999999996],[-76.47999999999999,3.4749999999999996],[-76.47999999999999,3.4699999999999998]]]},"properties":{"value":64.929,"sigma":7.6686}},{"type":"Feature","geometry":{"type":"Polygon","coordinates":[[[-76.475,3.4699999999999998],[-76.47,3.4699999999999998],[-76.47,3.4749999999999996],[-76.475,3.4749999999999996],[-76.475,3.4699999999999998]]]},"properties":{"value":64.7992,"sigma":8.4249}},{"type":"Feature","geometry":{"type":"Polygon","coordinates":[[[-76.47,3.4699999999999998],[-76.465,3.4699999999999998],[-76.465,3.4749999999999996],[-76.47,3.4749999999999996],[-76.47,3.4699999999999998]]]},"properties":{"value":64.2013,"sigma":7.5809}},{"type":"Feature","geometry":{"type":"Polygon","coordinates":[[[-76.46499999999999,3.4699999999999998],[-76.46,3.4699999999999998],[-76.46,3.4749999999999996],[-76.46499999999999,3.4749999999999996],[-76.46499999999999,3.4699999999999998]]]},"properties":{"value":68.4858,"sigma":8.6703}},{"type":"Feature","geometry":{"type":"Polygon","coordinates":[[[-76.46,3.4699999999999998],[-76.455,3.4699999999999998],[-76.455,3.4749999999999996],[-76.46,3.4749999999999996],[-76.46,3.4699999999999998]]]},"properties":{"value":65.8512,"sigma":8.4856}},{"type":"Feature","geometry":{"type":"Polygon","coordinates":[[[-76.455,3.4699999999999998],[-76.45,3.4699999999999998],[-76.45,3.4749999999999996],[-76.455,3.4749999999999996],[-76.455,3.4699999999999998]]]},"properties":{"value":65.1506,"sigma":8.9238}},{"type":"Feature","geometry":{"type":"Polygon","coordinates":[[[-76.44999999999999,3.4699999999999998],[-76.445,3.4699999999999998],[-76.445,3.4749999999999996],[-76.44999999999999,3.4749999999999996],[-76.44999999999999,3.4699999999999998]]]},"properties":{"value":71.0541,"sigma":9.3632}},{"type":"Feature","geometry":{"type":"Polygon","coordinates":[[[-76.445,3.4699999999999998],[-76.44,3.4699999999999998],[-76.44,3.4749999999999996],[-76.445,3.4749999999999996],[-76.445,3.4699999999999998]]]},"properties":{"value":67.2642,"sigma":9.8158}},{"type":"Feature","geometry":{"type":"Polygon","coordinates":[[[-76.44,3.4699999999999998],[-76.435,3.4699999999999998],[-76.435,3.4749999999999996],[-76.44,3.4749999999999996],[-76.44,3.4699999999999998]]]},"properties":{"value":70.9742,"sigma":9.2966}},{"type":"Feature","geometry":{"type":"Polygon","coordinates":[[[-76.43499999999999,3.4699999999999998],[-76.42999999999999,3.4699999999999998],[-76.42999999999999,3.4749999999999996],[-76.43499999999999,3.4749999999999996],[-76.43499999999999,3.4699999999999998]]]},"properties":{"value":67.3012,"sigma":10.5837}},{"type":"Feature","geometry":{"type":"Polygon","coordinates":[[[-76.42999999999999,3.4699999999999998],[-76.425,3.4699999999999998],[-76.425,3.4749999999999996],[-76.42999999999999,3.4749999999999996],[-76.42999999999999,3.4699999999999998]]]},"properties":{"value":66.4911,"sigma":9.6709}},{"type":"Feature","geometry":{"type":"Polygon","coordinates":[[[-76.425,3.4699999999999998],[-76.42,3.4699999999999998],[-76.42,3.4749999999999996],[-76.425,3.4749999999999996],[-76.425,3.4699999999999998]]]},"properties":{"value":67.803,"sigma":10.299}},{"type":"Feature","geometry":{"type":"Polygon","coordinates":[[[-76.41999999999999,3.4699999999999998],[-76.41499999999999,3.4699999999999998],[-76.41499999999999,3.4749999999999996],[-76.41999999999999,3.4749999999999996],[-76.41999999999999,3.4699999999999998]]]},"properties":{"value":69.8768,"sigma":11.1624}},{"type":"Feature","geometry":{"type":"Polygon","coordinates":[[[-76.41499999999999,3.4699999999999998],[-76.41,3.4699999999999998],[-76.41,3.4749999999999996],[-76.41499999999999,3.4749999999999996],[-76.41499999999999,3.4699999999999998]]]},"properties":{"value":68.1192,"sigma":11.0134}},{"type":"Feature","geometry":{"type":"Polygon","coordinates":[[[-76.41,3.4699999999999998],[-76.405,3.4699999999999998],[-76.405,3.4749999999999996],[-76.41,3.4749999999999996],[-76.41,3.4699999999999998]]]},"properties":{"value":61.1023,"sigma":11.4988}},{"type":"Feature","geometry":{"type":"Polygon","coordinates":[[[-76.40499999999999,3.4699999999999998],[-76.39999999999999,3.4699999999999998],[-76.39999999999999,3.4749999999999996],[-76.40499999999999,3.4749999999999996],[-76.40499999999999,3.4699999999999998]]]},"properties":{"value":64.9194,"sigma":11.5442}},{"type":"Feature","geometry":{"type":"Polygon","coordinates":[[[-76.6,3.475],[-76.595,3.475],[-76.595,3.48],[-76.6,3.48],[-76.6,3.475]]]},"properties":{"value":68.1042,"sigma":11.5611}},{"type":"Feature","geometry":{"type":"Polygon","coordinates":[[[-76.595,3.475],[-76.59,3.475],[-76.59,3.48],[-76.595,3.48],[-76.595,3.475]]]},"properties":{"value":64.4407,"sigma":10.6111}},{"type":"Feature","geometry":{"type":"Polygon","coordinates":[[[-76.58999999999999,3.475],[-76.585,3.475],[-76.585,3.48],[-76.58999999999999,3.48],[-76.58999999999999,3.475]]]},"properties":{"value":68.979,"sigma":9.7959}},{"type":"Feature","geometry":{"type":"Polygon","coordinates":[[[-76.585,3.475],[-76.58,3.475],[-76.58,3.48],[-76.585,3.48],[-76.585,3.475]]]},"properties":{"value":61.8629,"sigma":10.1917}},{"type":"Feature","geometry":{"type":"Polygon","coordinates":[[[-76.58,3.475],[-76.575,3.475],[-76.575,3.48],[-76.58,3.48],[-76.58,3.475]]]},"properties":{"value":67.47,"sigma":10.1558}},{"type":"Feature","geometry":{"type":"Polygon","coordinates":[[[-76.57499999999999,3.475],[-76.57,3.475],[-76.57,3.48],[-76.57499999999999,3.48],[-76.57499999999999,3.475]]]},"properties":{"value":62.2912,"sigma":8.1545}},{"type":"Feature","geometry":{"type":"Polygon","coordinates":[[[-76.57,3.475],[-76.565,3.475],[-76.565,3.48],[-76.57,3.48],[-76.57,3.475]]]},"properties":{"value":65.2669,"sigma":8.6206}},{"type":"Feature","geometry":{"type":"Polygon","coordinates":[[[-76.565,3.475],[-76.56,3.475],[-76.56,3.48],[-76.565,3.48],[-76.565,3.475]]]},"properties":{"value":65.2862,"sigma":7.9718}},{"type":"Feature","geometry":{"type":"Polygon","coordinates":[[[-76.55999999999999,3.475],[-76.55499999999999,3.475],[-76.55499999999999,3.48],[-76.55999999999999,3.48],[-76.55999999999999,3.475]]]},"properties":{"value":61.0813,"sigma":8.0509}},{"type":"Feature","geometry":{"type":"Polygon","coordinates":[[[-76.55499999999999,3.475],[-76.55,3.475],[-76.55,3.48],[-76.55499999999999,3.48],[-76.55499999999999,3.475]]]},"properties":{"value":66.5396,"sigma":6.9553}},{"type":"Feature","geometry":{"type":"Polygon","coordinates":[[[-76.55,3.475],[-76.545,3.475],[-76.545,3.48],[-76.55,3.48],[-76.55,3.475]]]},"properties":{"value":63.6659,"sigma":7.6686}},{"type":"Feature","geometry":{"type":"Polygon","coordinates":[[[-76.54499999999999,3.475],[-76.53999999999999,3.475],[-76.53999999999999,3.48],[-76.54499999999999,3.48],[-76.54499999999999,3.475]]]},"properties":{"value":61.6104,"sigma":6.3558}},{"type":"Feature","geometry":{"type":"Polygon","coordinates":[[[-76.53999999999999,3.475],[-76.535,3.475],[-76.535,3.48],[-76.53999999999999,3.48],[-76.53999999999999,3.475]]]},"properties":{"value":64.7051,"sigma":7.0314}},{"type":"Feature","geometry":{"type":"Polygon","coordinates":[[[-76.535,3.475],[-76.53,3.475],[-76.53,3.48],[-76.535,3.48],[-76.535,3.475]]]},"properties":{"value":65.8637,"sigma":6.7952}},{"type":"Feature","geometry":{"type":"Polygon","coordinates":[[[-76.52999999999999,3.475],[-76.52499999999999,3.475],[-76.52499999999999,3.48],[-76.52999999999999,3.48],[-76.52999999999999,3.475]]]},"properties":{"value":63.8489,"sigma":5.8055}},{"type":"Feature","geometry":{"type":"Polygon","coordinates":[[[-76.52499999999999,3.475],[-76.52,3.475],[-76.52,3.48],[-76.52499999999999,3.48],[-76.52499999999999,3.475]]]},"properties":{"value":64.0536,"sigma":6.0859}},{"type":"Feature","geometry":{"type":"Polygon","coordinates":[[[-76.52,3.475],[-76.515,3.475],[-76.515,3.48],[-76.52,3.48],[-76.52,3.475]]]},"properties":{"value":62.8107,"sigma":5.7052}},{"type":"Feature","geometry":{"type":"Polygon","coordinates":[[[-76.51499999999999,3.475],[-76.50999999999999,3.475],[-76.50999999999999,3.48],[-76.51499999999999,3.48],[-76.51499999999999,3.475]]]},"properties":{"value":61.4104,"sigma":6.2725}},{"type":"Feature","geometry":{"type":"Polygon","coordinates":[[[-76.50999999999999,3.475],[-76.505,3.475],[-76.505,3.48],[-76.50999999999999,3.48],[-76.50999999999999,3.475]]]},"properties":{"value":65.9244,"sigma":6.064}},{"type":"Feature","geometry":{"type":"Polygon","coordinates":[[[-76.505,3.475],[-76.5,3.475],[-76.5,3.48],[-76.505,3.48],[-76.505,3.475]]]},"properties":{"value":67.3449,"sigma":6.8289}},{"type":"Feature","geometry":{"type":"Polygon","coordinates":[[[-76.49999999999999,3.475],[-76.49499999999999,3.475],[-76.49499999999999,3.48],[-76.49999999999999,3.48],[-76.49999999999999,3.475]]]},"properties":{"value":66.9586,"sigma":7.0771}},{"type":"Feature","geometry":{"type":"Polygon","coordinates":[[[-76.49499999999999,3.475],[-76.49,3.475],[-76.49,3.48],[-76.49499999999999,3.48],[-76.49499999999999,3.475]]]},"properties":{"value":63.9813,"sigma":5.9985}},{"type":"Feature","geometry":{"type":"Polygon","coordinates":[[[-76.49,3.475],[-76.485,3.475],[-76.485,3.48],[-76.49,3.48],[-76.49,3.475]]]},"properties":{"value":64.5277,"sigma":7.4635}},{"type":"Feature","geometry":{"type":"Polygon","coordinates":[[[-76.48499999999999,3.475],[-76.47999999999999,3.475],[-76.47999999999999,3.48],[-76.48499999999999,3.48],[-76.48499999999999,3.475]]]},"properties":{"value":65.2135,"sigma":8.1651}},{"type":"Feature","geometry":{"type":"Polygon","coordinates":[[[-76.47999999999999,3.475],[-76.475,3.475],[-76.475,3.48],[-76.47999999999999,3.48],[-76.47999999999999,3.475]]]},"properties":{"value":64.2875,"sigma":7.7464}},{"type":"Feature","geometry":{"type":"Polygon","coordinates":[[[-76.475,3.475],[-76.47,3.475],[-76.47,3.48],[-76.475,3.48],[-76.475,3.475]]]},"properties":{"value":66.9724,"sigma":8.518}},{"type":"Feature","geometry":{"type":"Polygon","coordinates":[[[-76.47,3.475],[-76.465,3.475],[-76.465,3.48],[-76.47,3.48],[-76.47,3.475]]]},"properties":{"value":67.946,"sigma":8.9263}},{"type":"Feature","geometry":{"type":"Polygon","coordinates":[[[-76.46499999999999,3.475],[-76.46,3.475],[-76.46,3.48],[-76.46499999999999,3.48],[-76.46499999999999,3.475]]]},"properties":{"value":68.2319,"sigma":9.258}},{"type":"Feature","geometry":{"type":"Polygon","coordinates":[[[-76.46,3.475],[-76.455,3.475],[-76.455,3.48],[-76.46,3.48],[-76.46,3.475]]]},"properties":{"value":67.9572,"sigma":9.262}},{"type":"Feature","geometry":{"type":"Polygon","coordinates":[[[-76.455,3.475],[-76.45,3.475],[-76.45,3.48],[-76.455,3.48],[-76.455,3.475]]]},"properties":{"value":68.8687,"sigma":9.9429}},{"type":"Feature","geometry":{"type":"Polygon","coordinates":[[[-76.44999999999999,3.475],[-76.445,3.475],[-76.445,3.48],[-76.44999999999999,3.48],[-76.44999999999999,3.475]]]},"properties":{"value":67.5318,"sigma":9.5907}},{"type":"Feature","geometry":{"type":"Polygon","coordinates":[[[-76.445,3.475],[-76.44,3.475],[-76.44,3.48],[-76.445,3.48],[-76.445,3.475]]]},"properties":{"value":68.8766,"sigma":9.3251}},{"type":"Feature","geometry":{"type":"Polygon","coordinates":[[[-76.44,3.475],[-76.435,3.475],[-76.435,3.48],[-76.44,3.48],[-76.44,3.475]]]},"properties":{"value":70.1849,"sigma":10.325}},{"type":"Feature","geometry":{"type":"Polygon","coordinates":[[[-76.43499999999999,3.475],[-76.42999999999999,3.475],[-76.42999999999999,3.48],[-76.43499999999999,3.48],[-76.43499999999999,3.475]]]},"properties":{"value":70.029,"sigma":10.053}},{"type":"Feature","geometry":{"type":"Polygon","coordinates":[[[-76.42999999999999,3.475],[-76.425,3.475],[-76.425,3.48],[-76.42999999999999,3.48],[-76.42999999999999,3.475]]]},"properties":{"value":69.5972,"sigma":10.6601}},{"type":"Feature","geometry":{"type":"Polygon","coordinates":[[[-76.425,3.475],[-76.42,3.475],[-76.42,3.48],[-76.425,3.48],[-76.425,3.475]]]},"properties":{"value":67.5745,"sigma":10.6769}},{"type":"Feature","geometry":{"type":"Polygon","coordinates":[[[-76.41999999999999,3.475],[-76.41499999999999,3.475],[-76.41499999999999,3.48],[-76.41999999999999,3.48],[-76.41999999999999,3.475]]]},"properties":{"value":68.2378,"sigma":10.7909}},{"type":"Feature","geometry":{"type":"Polygon","coordinates":[[[-76.41499999999999,3.475],[-76.41,3.475],[-76.41,3.48],[-76.41499999999999,3.48],[-76.41499999999999,3.475]]]},"properties":{"value":65.4567,"sigma":11.3573}},{"type":"Feature","geometry":{"type":"Polygon","coordinates":[[[-76.41,3.475],[-76.405,3.475],[-76.405,3.48],[-76.41,3.48],[-76.41,3.475]]]},"properties":{"value":62.6195,"sigma":12.0727}},{"type":"Feature","geometry":{"type":"Polygon","coordinates":[[[-76.40499999999999,3.475],[-76.39999999999999,3.475],[-76.39999999999999,3.48],[-76.40499999999999,3.48],[-76.40499999999999,3.475]]]},"properties":{"value":63.916,"sigma":12.4295}},{"type":"Feature","geometry":{"type":"Polygon","coordinates":[[[-76.6,3.48],[-76.595,3.48],[-76.595,3.485],[-76.6,3.485],[-76.6,3.48]]]},"properties":{"value":64.2912,"sigma":10.9006}},{"type":"Feature","geometry":{"type":"Polygon","coordinates":[[[-76.595,3.48],[-76.59,3.48],[-76.59,3.485],[-76.595,3.485],[-76.595,3.48]]]},"properties":{"value":66.7433,"sigma":10.5994}},{"type":"Feature","geometry":{"type":"Polygon","coordinates":[[[-76.58999999999999,3.48],[-76.585,3.48],[-76.585,3.485],[-76.58999999999999,3.485],[-76.58999999999999,3.48]]]},"properties":{"value":64.2485,"sigma":9.8186}},{"type":"Feature","geometry":{"type":"Polygon","coordinates":[[[-76.585,3.48],[-76.58,3.48],[-76.58,3.485],[-76.585,3.485],[-76.585,3.48]]]},"properties":{"value":62.4984,"sigma":9.8505}},{"type":"Feature","geometry":{"type":"Polygon","coordinates":[[[-76.58,3.48],[-76.575,3.48],[-76.575,3.485],[-76.58,3.485],[-76.58,3.48]]]},"properties":{"value":65.7803,"sigma":9.6795}},{"type":"Feature","geometry":{"type":"Polygon","coordinates":[[[-76.57499999999999,3.48],[-76.57,3.48],[-76.57,3.485],[-76.57499999999999,3.485],[-76.57499999999999,3.48]]]},"properties":{"value":63.0845,"sigma":9.0465}},{"type":"Feature","geometry":{"type":"Polygon","coordinates":[[[-76.57,3.48],[-76.565,3.48],[-76.565,3.485],[-76.57,3.485],[-76.57,3.48]]]},"properties":{"value":64.6709,"sigma":8.0982}},{"type":"Feature","geometry":{"type":"Polygon","coordinates":[[[-76.565,3.48],[-76.56,3.48],[-76.56,3.485],[-76.565,3.485],[-76.565,3.48]]]},"properties":{"value":68.568,"sigma":8.3559}},{"type":"Feature","geometry":{"type":"Polygon","coordinates":[[[-76.55999999999999,3.48],[-76.55499999999999,3.48],[-76.55499999999999,3.485],[-76.55999999999999,3.485],[-76.55999999999999,3.48]]]},"properties":{"value":67.1935,"sigma":8.4797}},{"type":"Feature","geometry":{"type":"Polygon","coordinates":[[[-76.55499999999999,3.48],[-76.55,3.48],[-76.55,3.485],[-76.55499999999999,3.485],[-76.55499999999999,3.48]]]},"properties":{"value":63.6763,"sigma":8.4984}},{"type":"Feature","geometry":{"type":"Polygon","coordinates":[[[-76.55,3.48],[-76.545,3.48],[-76.545,3.485],[-76.55,3.485],[-76.55,3.48]]]},"properties":{"value":65.2839,"sigma":7.9365}},{"type":"Feature","geometry":{"type":"Polygon","coordinates":[[[-76.54499999999999,3.48],[-76.53999999999999,3.48],[-76.53999999999999,3.485],[-76.54499999999999,3.485],[-76.54499999999999,3.48]]]},"properties":{"value":65.2435,"sigma":7.4425}},{"type":"Feature","geometry":{"type":"Polygon","coordinates":[[[-76.53999999999999,3.48],[-76.535,3.48],[-76.535,3.485],[-76.53999999999999,3.485],[-76.53999999999999,3.48]]]},"properties":{"value":65.3846,"sigma":6.9012}},{"type":"Feature","geometry":{"type":"Polygon","coordinates":[[[-76.535,3.48],[-76.53,3.48],[-76.53,3.485],[-76.535,3.485],[-76.535,3.48]]]},"properties":{"value":68.2221,"sigma":5.7341}},{"type":"Feature","geometry":{"type":"Polygon","coordinates":[[[-76.52999999999999,3.48],[-76.52499999999999,3.48],[-76.52499999999999,3.485],[-76.52999999999999,3.485],[-76.52999999999999,3.48]]]},"properties":{"value":66.3067,"sigma":5.4644}},{"type":"Feature","geometry":{"type":"Polygon","coordinates":[[[-76.52499999999999,3.48],[-76.52,3.48],[-76.52,3.485],[-76.52499999999999,3.485],[-76.52499999999999,3.48]]]},"properties":{"value":66.1988,"sigma":5.1458}},{"type":"Feature","geometry":{"type":"Polygon","coordinates":[[[-76.52,3.48],[-76.515,3.48],[-76.515,3.485],[-76.52,3.485],[-76.52,3.48]]]},"properties":{"value":65.9053,"sigma":4.9002}},{"type":"Feature","geometry":{"type":"Polygon","coordinates":[[[-76.51499999999999,3.48],[-76.50999999999999,3.48],[-76.50999999999999,3.485],[-76.51499999999999,3.485],[-76.51499999999999,3.48]]]},"properties":{"value":64.4343,"sigma":5.9043}},{"type":"Feature","geometry":{"type":"Polygon","coordinates":[[[-76.50999999999999,3.48],[-76.505,3.48],[-76.505,3.485],[-76.50999999999999,3.485],[-76.50999999999999,3.48]]]},"properties":{"value":67.0483,"sigma":6.4763}},{"type":"Feature","geometry":{"type":"Polygon","coordinates":[[[-76.505,3.48],[-76.5,3.48],[-76.5,3.485],[-76.505,3.485],[-76.505,3.48]]]},"properties":{"value":65.5752,"sigma":6.1773}},{"type":"Feature","geometry":{"type":"Polygon","coordinates":[[[-76.49999999999999,3.48],[-76.49499999999999,3.48],[-76.49499999999999,3.485],[-76.49999999999999,3.485],[-76.49999999999999,3.48]]]},"properties":{"value":63.0947,"sigma":6.16}},{"type":"Feature","geometry":{"type":"Polygon","coordinates":[[[-76.49499999999999,3.48],[-76.49,3.48],[-76.49,3.485],[-76.49499999999999,3.485],[-76.49499999999999,3.48]]]},"properties":{"value":66.6518,"sigma":6.7528}},{"type":"Feature","geometry":{"type":"Polygon","coordinates":[[[-76.49,3.48],[-76.485,3.48],[-76.485,3.485],[-76.49,3.485],[-76.49,3.48]]]},"properties":{"value":63.0239,"sigma":7.791}},{"type":"Feature","geometry":{"type":"Polygon","coordinates":[[[-76.48499999999999,3.48],[-76.47999999999999,3.48],[-76.47999999999999,3.485],[-76.48499999999999,3.485],[-76.48499999999999,3.48]]]},"properties":{"value":64.207,"sigma":8.1729}},{"type":"Feature","geometry":{"type":"Polygon","coordinates":[[[-76.47999999999999,3.48],[-76.475,3.48],[-76.475,3.485],[-76.47999999999999,3.485],[-76.47999999999999,3.48]]]},"properties":{"value":69.2341,"sigma":8.9713}},{"type":"Feature","geometry":{"type":"Polygon","coordinates":[[[-76.475,3.48],[-76.47,3.48],[-76.47,3.485],[-76.475,3.485],[-76.475,3.48]]]},"properties":{"value":67.7351,"sigma":8.3692}},{"type":"Feature","geometry":{"type":"Polygon","coordinates":[[[-76.47,3.48],[-76.465,3.48],[-76.465,3.485],[-76.47,3.485],[-76.47,3.48]]]},"properties":{"value":69.5726,"sigma":8.9312}},{"type":"Feature","geometry":{"type":"Polygon","coordinates":[[[-76.46499999999999,3.48],[-76.46,3.48],[-76.46,3.485],[-76.46499999999999,3.485],[-76.46499999999999,3.48]]]},"properties":{"value":68.1758,"sigma":9.3616}},{"type":"Feature","geometry":{"type":"Polygon","coordinates":[[[-76.46,3.48],[-76.455,3.48],[-76.455,3.485],[-76.46,3.485],[-76.46,3.48]]]},"properties":{"value":72.3932,"sigma":9.4583}},{"type":"Feature","geometry":{"type":"Polygon","coordinates":[[[-76.455,3.48],[-76.45,3.48],[-76.45,3.485],[-76.455,3.485],[-76.455,3.48]]]},"properties":{"value":71.332,"sigma":10.0542}},{"type":"Feature","geometry":{"type":"Polygon","coordinates":[[[-76.44999999999999,3.48],[-76.445,3.48],[-76.445,3.485],[-76.44999999999999,3.485],[-76.44999999999999,3.48]]]},"properties":{"value":72.4805,"sigma":9.6906}},{"type":"Feature","geometry":{"type":"Polygon","coordinates":[[[-76.445,3.48],[-76.44,3.48],[-76.44,3.485],[-76.445,3.485],[-76.445,3.48]]]},"properties":{"value":71.9331,"sigma":9.7469}},{"type":"Feature","geometry":{"type":"Polygon","coordinates":[[[-76.44,3.48],[-76.435,3.48],[-76.435,3.485],[-76.44,3.485],[-76.44,3.48]]]},"properties":{"value":69.3865,"sigma":10.5122}},{"type":"Feature","geometry":{"type":"Polygon","coordinates":[[[-76.43499999999999,3.48],[-76.42999999999999,3.48],[-76.42999999999999,3.485],[-76.43499999999999,3.485],[-76.43499999999999,3.48]]]},"properties":{"value":68.9027,"sigma":10.4548}},{"type":"Feature","geometry":{"type":"Polygon","coordinates":[[[-76.42999999999999,3.48],[-76.425,3.48],[-76.425,3.485],[-76.42999999999999,3.485],[-76.42999999999999,3.48]]]},"properties":{"value":67.9868,"sigma":10.4381}},{"type":"Feature","geometry":{"type":"Polygon","coordinates":[[[-76.425,3.48],[-76.42,3.48],[-76.42,3.485],[-76.425,3.485],[-76.425,3.48]]]},"properties":{"value":65.9664,"sigma":11.2687}},{"type":"Feature","geometry":{"type":"Polygon","coordinates":[[[-76.41999999999999,3.48],[-76.41499999999999,3.48],[-76.41499999999999,3.485],[-76.41999999999999,3.485],[-76.41999999999999,3.48]]]},"properties":{"value":65.6894,"sigma":11.6542}},{"type":"Feature","geometry":{"type":"Polygon","coordinates":[[[-76.41499999999999,3.48],[-76.41,3.48],[-76.41,3.485],[-76.41499999999999,3.485],[-76.41499999999999,3.48]]]},"properties":{"value":64.3685,"sigma":11.6236}},{"type":"Feature","geometry":{"type":"Polygon","coordinates":[[[-76.41,3.48],[-76.405,3.48],[-76.405,3.485],[-76.41,3.485],[-76.41,3.48]]]},"properties":{"value":67.3696,"sigma":12.2843}},{"type":"Feature","geometry":{"type":"Polygon","coordinates":[[[-76.40499999999999,3.48],[-76.39999999999999,3.48],[-76.39999999999999,3.485],[-76.40499999999999,3.485],[-76.40499999999999,3.48]]]},"properties":{"value":66.095,"sigma":12.9225}},{"type":"Feature","geometry":{"type":"Polygon","coordinates":[[[-76.6,3.485],[-76.595,3.485],[-76.595,3.4899999999999998],[-76.6,3.4899999999999998],[-76.6,3.485]]]},"properties":{"value":66.7778,"sigma":11.5482}},{"type":"Feature","geometry":{"type":"Polygon","coordinates":[[[-76.595,3.485],[-76.59,3.485],[-76.59,3.4899999999999998],[-76.595,3.4899999999999998],[-76.595,3.485]]]},"properties":{"value":65.9308,"sigma":10.6804}},{"type":"Feature","geometry":{"type":"Polygon","coordinates":[[[-76.58999999999999,3.485],[-76.585,3.485],[-76.585,3.4899999999999998],[-76.58999999999999,3.4899999999999998],[-76.58999999999999,3.485]]]},"properties":{"value":60.5479,"sigma":10.2532}},{"type":"Feature","geometry":{"type":"Polygon","coordinates":[[[-76.585,3.485],[-76.58,3.485],[-76.58,3.4899999999999998],[-76.585,3.4899999999999998],[-76.585,3.485]]]},"properties":{"value":63.9702,"sigma":9.9929}},{"type":"Feature","geometry":{"type":"Polygon","coordinates":[[[-76.58,3.485],[-76.575,3.485],[-76.575,3.4899999999999998],[-76.58,3.4899999999999998],[-76.58,3.485]]]},"properties":{"value":65.418,"sigma":10.1933}},{"type":"Feature","geometry":{"type":"Polygon","coordinates":[[[-76.57499999999999,3.485],[-76.57,3.485],[-76.57,3.4899999999999998],[-76.57499999999999,3.4899999999999998],[-76.57499999999999,3.485]]]},"properties":{"value":67.7056,"sigma":10.065}},{"type":"Feature","geometry":{"type":"Polygon","coordinates":[[[-76.57,3.485],[-76.565,3.485],[-76.565,3.4899999999999998],[-76.57,3.4899999999999998],[-76.57,3.485]]]},"properties":{"value":66.2617,"sigma":9.065}},{"type":"Feature","geometry":{"type":"Polygon","coordinates":[[[-76.565,3.485],[-76.56,3.485],[-76.56,3.4899999999999998],[-76.565,3.4899999999999998],[-76.565,3.485]]]},"properties":{"value":63.3981,"sigma":8.3335}},{"type":"Feature","geometry":{"type":"Polygon","coordinates":[[[-76.55999999999999,3.485],[-76.55499999999999,3.485],[-76.55499999999999,3.4899999999999998],[-76.55999999999999,3.4899999999999998],[-76.55999999999999,3.485]]]},"properties":{"value":66.1223,"sigma":8.6368}},{"type":"Feature","geometry":{"type":"Polygon","coordinates":[[[-76.55499999999999,3.485],[-76.55,3.485],[-76.55,3.4899999999999998],[-76.55499999999999,3.4899999999999998],[-76.55499999999999,3.485]]]},"properties":{"value":63.7072,"sigma":8.2312}},{"type":"Feature","geometry":{"type":"Polygon","coordinates":[[[-76.55,3.485],[-76.545,3.485],[-76.545,3.4899999999999998],[-76.55,3.4899999999999998],[-76.55,3.485]]]},"properties":{"value":65.1446,"sigma":7.5931}},{"type":"Feature","geometry":{"type":"Polygon","coordinates":[[[-76.54499999999999,3.485],[-76.53999999999999,3.485],[-76.53999999999999,3.4899999999999998],[-76.54499999999999,3.4899999999999998],[-76.54499999999999,3.485]]]},"properties":{"value":64.6962,"sigma":6.9724}},{"type":"Feature","geometry":{"type":"Polygon","coordinates":[[[-76.53999999999999,3.485],[-76.535,3.485],[-76.535,3.4899999999999998],[-76.53999999999999,3.4899999999999998],[-76.53999999999999,3.485]]]},"properties":{"value":63.3163,"sigma":5.9995}},{"type":"Feature","geometry":{"type":"Polygon","coordinates":[[[-76.535,3.485],[-76.53,3.485],[-76.53,3.4899999999999998],[-76.535,3.4899999999999998],[-76.535,3.485]]]},"properties":{"value":68.04,"sigma":6.2054}},{"type":"Feature","geometry":{"type":"Polygon","coordinates":[[[-76.52999999999999,3.485],[-76.52499999999999,3.485],[-76.52499999999999,3.4899999999999998],[-76.52999999999999,3.4899999999999998],[-76.52999999999999,3.485]]]},"properties":{"value":64.2321,"sigma":5.7719}},{"type":"Feature","geometry":{"type":"Polygon","coordinates":[[[-76.52499999999999,3.485],[-76.52,3.485],[-76.52,3.4899999999999998],[-76.52499999999999,3.4899999999999998],[-76.52499999999999,3.485]]]},"properties":{"value":64.8186,"sigma":5.0048}},{"type":"Feature","geometry":{"type":"Polygon","coordinates":[[[-76.52,3.485],[-76.515,3.485],[-76.515,3.4899999999999998],[-76.52,3.4899999999999998],[-76.52,3.485]]]},"properties":{"value":70.0611,"sigma":5.0578}},{"type":"Feature","geometry":{"type":"Polygon","coordinates":[[[-76.51499999999999,3.485],[-76.50999999999999,3.485],[-76.50999999999999,3.4899999999999998],[-76.51499999999999,3.4899999999999998],[-76.51499999999999,3.485]]]},"properties":{"value":62.9655,"sigma":5.2346}},{"type":"Feature","geometry":{"type":"Polygon","coordinates":[[[-76.50999999999999,3.485],[-76.505,3.485],[-76.505,3.4899999999999998],[-76.50999999999999,3.4899999999999998],[-76.50999999999999,3.485]]]},"properties":{"value":62.6786,"sigma":5.3116}},{"type":"Feature","geometry":{"type":"Polygon","coordinates":[[[-76.505,3.485],[-76.5,3.485],[-76.5,3.4899999999999998],[-76.505,3.4899999999999998],[-76.505,3.485]]]},"properties":{"value":67.3662,"sigma":6.546}},{"type":"Feature","geometry":{"type":"Polygon","coordinates":[[[-76.49999999999999,3.485],[-76.49499999999999,3.485],[-76.49499999999999,3.4899999999999998],[-76.49999999999999,3.4899999999999998],[-76.49999999999999,3.485]]]},"properties":{"value":63.5713,"sigma":7.2887}},{"type":"Feature","geometry":{"type":"Polygon","coordinates":[[[-76.49499999999999,3.485],[-76.49,3.485],[-76.49,3.4899999999999998],[-76.49499999999999,3.4899999999999998],[-76.49499999999999,3.485]]]},"properties":{"value":65.491,"sigma":7.0186}},{"type":"Feature","geometry":{"type":"Polygon","coordinates":[[[-76.49,3.485],[-76.485,3.485],[-76.485,3.4899999999999998],[-76.49,3.4899999999999998],[-76.49,3.485]]]},"properties":{"value":64.2785,"sigma":7.5354}},{"type":"Feature","geometry":{"type":"Polygon","coordinates":[[[-76.48499999999999,3.485],[-76.47999999999999,3.485],[-76.47999999999999,3.4899999999999998],[-76.48499999999999,3.4899999999999998],[-76.48499999999999,3.485]]]},"properties":{"value":68.0508,"sigma":8.325}},{"type":"Feature","geometry":{"type":"Polygon","coordinates":[[[-76.47999999999999,3.485],[-76.475,3.485],[-76.475,3.4899999999999998],[-76.47999999999999,3.4899999999999998],[-76.47999999999999,3.485]]]},"properties":{"value":66.1349,"sigma":8.7476}},{"type":"Feature","geometry":{"type":"Polygon","coordinates":[[[-76.475,3.485],[-76.47,3.485],[-76.47,3.4899999999999998],[-76.475,3.4899999999999998],[-76.475,3.485]]]},"properties":{"value":67.2453,"sigma":8.8948}},{"type":"Feature","geometry":{"type":"Polygon","coordinates":[[[-76.47,3.485],[-76.465,3.485],[-76.465,3.4899999999999998],[-76.47,3.4899999999999998],[-76.47,3.485]]]},"properties":{"value":72.0574,"sigma":8.2734}},{"type":"Feature","geometry":{"type":"Polygon","coordinates":[[[-76.46499999999999,3.485],[-76.46,3.485],[-76.46,3.4899999999999998],[-76.46499999999999,3.4899999999999998],[-76.46499999999999,3.485]]]},"properties":{"value":74.5721,"sigma":9.544}},{"type":"Feature","geometry":{"type":"Polygon","coordinates":[[[-76.46,3.485],[-76.455,3.485],[-76.455,3.4899999999999998],[-76.46,3.4899999999999998],[-76.46,3.485]]]},"properties":{"value":70.9745,"sigma":9.3867}},{"type":"Feature","geometry":{"type":"Polygon","coordinates":[[[-76.455,3.485],[-76.45,3.485],[-76.45,3.4899999999999998],[-76.455,3.4899999999999998],[-76.455,3.485]]]},"properties":{"value":71.3665,"sigma":10.4869}},{"type":"Feature","geometry":{"type":"Polygon","coordinates":[[[-76.44999999999999,3.485],[-76.445,3.485],[-76.445,3.4899999999999998],[-76.44999999999999,3.4899999999999998],[-76.44999999999999,3.485]]]},"properties":{"value":71.8271,"sigma":10.5062}},{"type":"Feature","geometry":{"type":"Polygon","coordinates":[[[-76.445,3.485],[-76.44,3.485],[-76.44,3.4899999999999998],[-76.445,3.4899999999999998],[-76.445,3.485]]]},"properties":{"value":76.3807,"sigma":10.5836}},{"type":"Feature","geometry":{"type":"Polygon","coordinates":[[[-76.44,3.485],[-76.435,3.485],[-76.435,3.4899999999999998],[-76.44,3.4899999999999998],[-76.44,3.485]]]},"properties":{"value":69.4249,"sigma":10.6801}},{"type":"Feature","geometry":{"type":"Polygon","coordinates":[[[-76.43499999999999,3.485],[-76.42999999999999,3.485],[-76.42999999999999,3.4899999999999998],[-76.43499999999999,3.4899999999999998],[-76.43499999999999,3.485]]]},"properties":{"value":72.6016,"sigma":10.9544}},{"type":"Feature","geometry":{"type":"Polygon","coordinates":[[[-76.42999999999999,3.485],[-76.425,3.485],[-76.425,3.4899999999999998],[-76.42999999999999,3.4899999999999998],[-76.42999999999999,3.485]]]},"properties":{"value":64.9261,"sigma":10.8279}},{"type":"Feature","geometry":{"type":"Polygon","coordinates":[[[-76.425,3.485],[-76.42,3.485],[-76.42,3.4899999999999998],[-76.425,3.4899999999999998],[-76.425,3.485]]]},"properties":{"value":72.1389,"sigma":11.4027}},{"type":"Feature","geometry":{"type":"Polygon","coordinates":[[[-76.41999999999999,3.485],[-76.41499999999999,3.485],[-76.41499999999999,3.4899999999999998],[-76.41999999999999,3.4899999999999998],[-76.41999999999999,3.485]]]},"properties":{"value":72.1937,"sigma":11.2573}},{"type":"Feature","geometry":{"type":"Polygon","coordinates":[[[-76.41499999999999,3.485],[-76.41,3.485],[-76.41,3.4899999999999998],[-76.41499999999999,3.4899999999999998],[-76.41499999999999,3.485]]]},"properties":{"value":69.7121,"sigma":11.8463}},{"type":"Feature","geometry":{"type":"Polygon","coordinates":[[[-76.41,3.485],[-76.405,3.485],[-76.405,3.4899999999999998],[-76.41,3.4899999999999998],[-76.41,3.485]]]},"properties":{"value":67.3439,"sigma":11.8681}},{"type":"Feature","geometry":{"type":"Polygon","coordinates":[[[-76.40499999999999,3.485],[-76.39999999999999,3.485],[-76.39999999999999,3.4899999999999998],[-76.40499999999999,3.4899999999999998],[-76.40499999999999,3.485]]]},"properties":{"value":67.5582,"sigma":12.4659}},{"type":"Feature","geometry":{"type":"Polygon","coordinates":[[[-76.6,3.4899999999999998],[-76.595,3.4899999999999998],[-76.595,3.4949999999999997],[-76.6,3.4949999999999997],[-76.6,3.4899999999999998]]]},"properties":{"value":63.3355,"sigma":11.3925}},{"type":"Feature","geometry":{"type":"Polygon","coordinates":[[[-76.595,3.4899999999999998],[-76.59,3.4899999999999998],[-76.59,3.4949999999999997],[-76.595,3.4949999999999997],[-76.595,3.4899999999999998]]]},"properties":{"value":64.6038,"sigma":11.1489}},{"type":"Feature","geometry":{"type":"Polygon","coordinates":[[[-76.58999999999999,3.4899999999999998],[-76.585,3.4899999999999998],[-76.585,3.4949999999999997],[-76.58999999999999,3.4949999999999997],[-76.58999999999999,3.4899999999999998]]]},"properties":{"value":60.1188,"sigma":10.8494}},{"type":"Feature","geometry":{"type":"Polygon","coordinates":[[[-76.585,3.4899999999999998],[-76.58,3.4899999999999998],[-76.58,3.4949999999999997],[-76.585,3.4949999999999997],[-76.585,3.4899999999999998]]]},"properties":{"value":65.8263,"sigma":9.7168}},{"type":"Feature","geometry":{"type":"Polygon","coordinates":[[[-76.58,3.4899999999999998],[-76.575,3.4899999999999998],[-76.575,3.4949999999999997],[-76.58,3.4949999999999997],[-76.58,3.4899999999999998]]]},"properties":{"value":63.4347,"sigma":9.7984}},{"type":"Feature","geometry":{"type":"Polygon","coordinates":[[[-76.57499999999999,3.4899999999999998],[-76.57,3.4899999999999998],[-76.57,3.4949999999999997],[-76.57499999999999,3.4949999999999997],[-76.57499999999999,3.4899999999999998]]]},"properties":{"value":63.3533,"sigma":9.653}},{"type":"Feature","geometry":{"type":"Polygon","coordinates":[[[-76.57,3.4899999999999998],[-76.565,3.4899999999999998],[-76.565,3.4949999999999997],[-76.57,3.4949999999999997],[-76.57,3.4899999999999998]]]},"properties":{"value":66.4247,"sigma":10.1173}},{"type":"Feature","geometry":{"type":"Polygon","coordinates":[[[-76.565,3.4899999999999998],[-76.56,3.4899999999999998],[-76.56,3.4949999999999997],[-76.565,3.4949999999999997],[-76.565,3.4899999999999998]]]},"properties":{"value":68.1855,"sigma":8.745}},{"type":"Feature","geometry":{"type":"Polygon","coordinates":[[[-76.55999999999999,3.4899999999999998],[-76.55499999999999,3.4899999999999998],[-76.55499999999999,3.4949999999999997],[-76.55999999999999,3.4949999999999997],[-76.55999999999999,3.4899999999999998]]]},"properties":{"value":66.5498,"sigma":8.6371}},{"type":"Feature","geometry":{"type":"Polygon","coordinates":[[[-76.55499999999999,3.4899999999999998],[-76.55,3.4899999999999998],[-76.55,3.4949999999999997],[-76.55499999999999,3.4949999999999997],[-76.55499999999999,3.4899999999999998]]]},"properties":{"value":65.6441,"sigma":8.3652}},{"type":"Feature","geometry":{"type":"Polygon","coordinates":[[[-76.55,3.4899999999999998],[-76.545,3.4899999999999998],[-76.545,3.4949999999999997],[-76.55,3.4949999999999997],[-76.55,3.4899999999999998]]]},"properties":{"value":67.8596,"sigma":7.7963}},{"type":"Feature","geometry":{"type":"Polygon","coordinates":[[[-76.54499999999999,3.4899999999999998],[-76.53999999999999,3.4899999999999998],[-76.53999999999999,3.4949999999999997],[-76.54499999999999,3.4949999999999997],[-76.54499999999999,3.4899999999999998]]]},"properties":{"value":66.1759,"sigma":6.5539}},{"type":"Feature","geometry":{"type":"Polygon","coordinates":[[[-76.53999999999999,3.4899999999999998],[-76.535,3.4899999999999998],[-76.535,3.4949999999999997],[-76.53999999999999,3.4949999999999997],[-76.53999999999999,3.4899999999999998]]]},"properties":{"value":67.02,"sigma":6.0644}},{"type":"Feature","geometry":{"type":"Polygon","coordinates":[[[-76.535,3.4899999999999998],[-76.53,3.4899999999999998],[-76.53,3.4949999999999997],[-76.535,3.4949999999999997],[-76.535,3.4899999999999998]]]},"properties":{"value":61.7387,"sigma":6.3761}},{"type":"Feature","geometry":{"type":"Polygon","coordinates":[[[-76.52999999999999,3.4899999999999998],[-76.52499999999999,3.4899999999999998],[-76.52499999999999,3.4949999999999997],[-76.52999999999999,3.4949999999999997],[-76.52999999999999,3.4899999999999998]]]},"properties":{"value":64.5718,"sigma":5.8778}},{"type":"Feature","geometry":{"type":"Polygon","coordinates":[[[-76.52499999999999,3.4899999999999998],[-76.52,3.4899999999999998],[-76.52,3.4949999999999997],[-76.52499999999999,3.4949999999999997],[-76.52499999999999,3.4899999999999998]]]},"properties":{"value":63.6078,"sigma":5.3475}},{"type":"Feature","geometry":{"type":"Polygon","coordinates":[[[-76.52,3.4899999999999998],[-76.515,3.4899999999999998],[-76.515,3.4949999999999997],[-76.52,3.4949999999999997],[-76.52,3.4899999999999998]]]},"properties":{"value":64.8024,"sigma":5.3665}},{"type":"Feature","geometry":{"type":"Polygon","coordinates":[[[-76.51499999999999,3.4899999999999998],[-76.50999999999999,3.4899999999999998],[-76.50999999999999,3.4949999999999997],[-76.51499999999999,3.4949999999999997],[-76.51499999999999,3.4899999999999998]]]},"properties":{"value":65.3782,"sigma":5.3329}},{"type":"Feature","geometry":{"type":"Polygon","coordinates":[[[-76.50999999999999,3.4899999999999998],[-76.505,3.4899999999999998],[-76.505,3.4949999999999997],[-76.50999999999999,3.4949999999999997],[-76.50999999999999,3.4899999999999998]]]},"properties":{"value":67.4302,"sigma":5.8586}},{"type":"Feature","geometry":{"type":"Polygon","coordinates":[[[-76.505,3.4899999999999998],[-76.5,3.4899999999999998],[-76.5,3.4949999999999997],[-76.505,3.4949999999999997],[-76.505,3.4899999999999998]]]},"properties":{"value":63.9502,"sigma":6.3189}},{"type":"Feature","geometry":{"type":"Polygon","coordinates":[[[-76.49999999999999,3.4899999999999998],[-76.49499999999999,3.4899999999999998],[-76.49499999999999,3.4949999999999997],[-76.49999999999999,3.4949999999999997],[-76.49999999999999,3.4899999999999998]]]},"properties":{"value":63.5748,"sigma":6.3976}},{"type":"Feature","geometry":{"type":"Polygon","coordinates":[[[-76.49499999999999,3.4899999999999998],[-76.49,3.4899999999999998],[-76.49,3.4949999999999997],[-76.49499999999999,3.4949999999999997],[-76.49499999999999,3.4899999999999998]]]},"properties":{"value":62.8862,"sigma":7.8092}},{"type":"Feature","geometry":{"type":"Polygon","coordinates":[[[-76.49,3.4899999999999998],[-76.485,3.4899999999999998],[-76.485,3.4949999999999997],[-76.49,3.4949999999999997],[-76.49,3.4899999999999998]]]},"properties":{"value":71.3017,"sigma":6.848}},{"type":"Feature","geometry":{"type":"Polygon","coordinates":[[[-76.48499999999999,3.4899999999999998],[-76.47999999999999,3.4899999999999998],[-76.47999999999999,3.4949999999999997],[-76.48499999999999,3.4949999999999997],[-76.48499999999999,3.4899999999999998]]]},"properties":{"value":70.2092,"sigma":8.1093}},{"type":"Feature","geometry":{"type":"Polygon","coordinates":[[[-76.47999999999999,3.4899999999999998],[-76.475,3.4899999999999998],[-76.475,3.4949999999999997],[-76.47999999999999,3.4949999999999997],[-76.47999999999999,3.4899999999999998]]]},"properties":{"value":66.9395,"sigma":8.609}},{"type":"Feature","geometry":{"type":"Polygon","coordinates":[[[-76.475,3.4899999999999998],[-76.47,3.4899999999999998],[-76.47,3.4949999999999997],[-76.475,3.4949999999999997],[-76.475,3.4899999999999998]]]},"properties":{"value":69.5998,"sigma":8.6674}},{"type":"Feature","geometry":{"type":"Polygon","coordinates":[[[-76.47,3.4899999999999998],[-76.465,3.4899999999999998],[-76.465,3.4949999999999997],[-76.47,3.4949999999999997],[-76.47,3.4899999999999998]]]},"properties":{"value":71.6384,"sigma":9.1313}},{"type":"Feature","geometry":{"type":"Polygon","coordinates":[[[-76.46499999999999,3.4899999999999998],[-76.46,3.4899999999999998],[-76.46,3.4949999999999997],[-76.46499999999999,3.4949999999999997],[-76.46499999999999,3.4899999999999998]]]},"properties":{"value":72.3488,"sigma":9.8232}},{"type":"Feature","geometry":{"type":"Polygon","coordinates":[[[-76.46,3.4899999999999998],[-76.455,3.4899999999999998],[-76.455,3.4949999999999997],[-76.46,3.4949999999999997],[-76.46,3.4899999999999998]]]},"properties":{"value":74.6768,"sigma":9.8025}},{"type":"Feature","geometry":{"type":"Polygon","coordinates":[[[-76.455,3.4899999999999998],[-76.45,3.4899999999999998],[-76.45,3.4949999999999997],[-76.455,3.4949999999999997],[-76.455,3.4899999999999998]]]},"properties":{"value":79.0418,"sigma":10.3419}},{"type":"Feature","geometry":{"type":"Polygon","coordinates":[[[-76.44999999999999,3.4899999999999998],[-76.445,3.4899999999999998],[-76.445,3.4949999999999997],[-76.44999999999999,3.4949999999999997],[-76.44999999999999,3.4899999999999998]]]},"properties":{"value":73.9421,"sigma":11.1116}},{"type":"Feature","geometry":{"type":"Polygon","coordinates":[[[-76.445,3.4899999999999998],[-76.44,3.4899999999999998],[-76.44,3.4949999999999997],[-76.445,3.4949999999999997],[-76.445,3.4899999999999998]]]},"properties":{"value":76.6347,"sigma":10.5357}},{"type":"Feature","geometry":{"type":"Polygon","coordinates":[[[-76.44,3.4899999999999998],[-76.435,3.4899999999999998],[-76.435,3.4949999999999997],[-76.44,3.4949999999999997],[-76.44,3.4899999999999998]]]},"properties":{"value":75.3445,"sigma":11.6848}},{"type":"Feature","geometry":{"type":"Polygon","coordinates":[[[-76.43499999999999,3.4899999999999998],[-76.42999999999999,3.4899999999999998],[-76.42999999999999,3.4949999999999997],[-76.43499999999999,3.4949999999999997],[-76.43499999999999,3.4899999999999998]]]},"properties":{"value":76.6282,"sigma":11.0104}},{"type":"Feature","geometry":{"type":"Polygon","coordinates":[[[-76.42999999999999,3.4899999999999998],[-76.425,3.4899999999999998],[-76.425,3.4949999999999997],[-76.42999999999999,3.4949999999999997],[-76.42999999999999,3.4899999999999998]]]},"properties":{"value":72.8745,"sigma":11.8572}},{"type":"Feature","geometry":{"type":"Polygon","coordinates":[[[-76.425,3.4899999999999998],[-76.42,3.4899999999999998],[-76.42,3.4949999999999997],[-76.425,3.4949999999999997],[-76.425,3.4899999999999998]]]},"properties":{"value":71.2522,"sigma":11.3748}},{"type":"Feature","geometry":{"type":"Polygon","coordinates":[[[-76.41999999999999,3.4899999999999998],[-76.41499999999999,3.4899999999999998],[-76.41499999999999,3.4949999999999997],[-76.41999999999999,3.4949999999999997],[-76.41999999999999,3.4899999999999998]]]},"properties":{"value":71.0258,"sigma":11.8434}},{"type":"Feature","geometry":{"type":"Polygon","coordinates":[[[-76.41499999999999,3.4899999999999998],[-76.41,3.4899999999999998],[-76.41,3.4949999999999997],[-76.41499999999999,3.4949999999999997],[-76.41499999999999,3.4899999999999998]]]},"properties":{"value":69.4482,"sigma":12.5919}},{"type":"Feature","geometry":{"type":"Polygon","coordinates":[[[-76.41,3.4899999999999998],[-76.405,3.4899999999999998],[-76.405,3.4949999999999997],[-76.41,3.4949999999999997],[-76.41,3.4899999999999998]]]},"properties":{"value":68.9072,"sigma":12.2024}},{"type":"Feature","geometry":{"type":"Polygon","coordinates":[[[-76.40499999999999,3.4899999999999998],[-76.39999999999999,3.4899999999999998],[-76.39999999999999,3.4949999999999997],[-76.40499999999999,3.4949999999999997],[-76.40499999999999,3.4899999999999998]]]},"properties":{"value":65.9801,"sigma":12.8158}},{"type":"Feature","geometry":{"type":"Polygon","coordinates":[[[-76.6,3.4949999999999997],[-76.595,3.4949999999999997],[-76.595,3.4999999999999996],[-76.6,3.4999999999999996],[-76.6,3.4949999999999997]]]},"properties":{"value":65.344,"sigma":11.4907}},{"type":"Feature","geometry":{"type":"Polygon","coordinates":[[[-76.595,3.4949999999999997],[-76.59,3.4949999999999997],[-76.59,3.4999999999999996],[-76.595,3.4999999999999996],[-76.595,3.4949999999999997]]]},"properties":{"value":63.7906,"sigma":11.6837}},{"type":"Feature","geometry":{"type":"Polygon","coordinates":[[[-76.58999999999999,3.4949999999999997],[-76.585,3.4949999999999997],[-76.585,3.4999999999999996],[-76.58999999999999,3.4999999999999996],[-76.58999999999999,3.4949999999999997]]]},"properties":{"value":64.3042,"sigma":10.6079}},{"type":"Feature","geometry":{"type":"Polygon","coordinates":[[[-76.585,3.4949999999999997],[-76.58,3.4949999999999997],[-76.58,3.4999999999999996],[-76.585,3.4999999999999996],[-76.585,3.4949999999999997]]]},"properties":{"value":68.3809,"sigma":10.5007}},{"type":"Feature","geometry":{"type":"Polygon","coordinates":[[[-76.58,3.4949999999999997],[-76.575,3.4949999999999997],[-76.575,3.4999999999999996],[-76.58,3.4999999999999996],[-76.58,3.4949999999999997]]]},"properties":{"value":60.3727,"sigma":10.7707}},{"type":"Feature","geometry":{"type":"Polygon","coordinates":[[[-76.57499999999999,3.4949999999999997],[-76.57,3.4949999999999997],[-76.57,3.4999999999999996],[-76.57499999999999,3.4999999999999996],[-76.57499999999999,3.4949999999999997]]]},"properties":{"value":63.8461,"sigma":9.7211}},{"type":"Feature","geometry":{"type":"Polygon","coordinates":[[[-76.57,3.4949999999999997],[-76.565,3.4949999999999997],[-76.565,3.4999999999999996],[-76.57,3.4999999999999996],[-76.57,3.4949999999999997]]]},"properties":{"value":62.4531,"sigma":9.1175}},{"type":"Feature","geometry":{"type":"Polygon","coordinates":[[[-76.565,3.4949999999999997],[-76.56,3.4949999999999997],[-76.56,3.4999999999999996],[-76.565,3.4999999999999996],[-76.565,3.4949999999999997]]]},"properties":{"value":66.2073,"sigma":9.1211}},{"type":"Feature","geometry":{"type":"Polygon","coordinates":[[[-76.55999999999999,3.4949999999999997],[-76.55499999999999,3.4949999999999997],[-76.55499999999999,3.4999999999999996],[-76.55999999999999,3.4999999999999996],[-76.55999999999999,3.4949999999999997]]]},"properties":{"value":60.999,"sigma":8.3662}},{"type":"Feature","geometry":{"type":"Polygon","coordinates":[[[-76.55499999999999,3.4949999999999997],[-76.55,3.4949999999999997],[-76.55,3.4999999999999996],[-76.55499999999999,3.4999999999999996],[-76.55499999999999,3.4949999999999997]]]},"properties":{"value":66.3163,"sigma":8.2808}},{"type":"Feature","geometry":{"type":"Polygon","coordinates":[[[-76.55,3.4949999999999997],[-76.545,3.4949999999999997],[-76.545,3.4999999999999996],[-76.55,3.4999999999999996],[-76.55,3.4949999999999997]]]},"properties":{"value":63.0183,"sigma":7.2427}},{"type":"Feature","geometry":{"type":"Polygon","coordinates":[[[-76.54499999999999,3.4949999999999997],[-76.53999999999999,3.4949999999999997],[-76.53999999999999,3.4999999999999996],[-76.54499999999999,3.4999999999999996],[-76.54499999999999,3.4949999999999997]]]},"properties":{"value":62.5707,"sigma":7.0633}},{"type":"Feature","geometry":{"type":"Polygon","coordinates":[[[-76.53999999999999,3.4949999999999997],[-76.535,3.4949999999999997],[-76.535,3.4999999999999996],[-76.53999999999999,3.4999999999999996],[-76.53999999999999,3.4949999999999997]]]},"properties":{"value":60.592,"sigma":5.8314}},{"type":"Feature","geometry":{"type":"Polygon","coordinates":[[[-76.535,3.4949999999999997],[-76.53,3.4949999999999997],[-76.53,3.4999999999999996],[-76.535,3.4999999999999996],[-76.535,3.4949999999999997]]]},"properties":{"value":65.1957,"sigma":6.7721}},{"type":"Feature","geometry":{"type":"Polygon","coordinates":[[[-76.52999999999999,3.4949999999999997],[-76.52499999999999,3.4949999999999997],[-76.52499999999999,3.4999999999999996],[-76.52999999999999,3.4999999999999996],[-76.52999999999999,3.4949999999999997]]]},"properties":{"value":64.6733,"sigma":5.9659}},{"type":"Feature","geometry":{"type":"Polygon","coordinates":[[[-76.52499999999999,3.4949999999999997],[-76.52,3.4949999999999997],[-76.52,3.4999999999999996],[-76.52499999999999,3.4999999999999996],[-76.52499999999999,3.4949999999999997]]]},"properties":{"value":64.494,"sigma":5.7015}},{"type":"Feature","geometry":{"type":"Polygon","coordinates":[[[-76.52,3.4949999999999997],[-76.515,3.4949999999999997],[-76.515,3.4999999999999996],[-76.52,3.4999999999999996],[-76.52,3.4949999999999997]]]},"properties":{"value":61.2098,"sigma":5.7166}},{"type":"Feature","geometry":{"type":"Polygon","coordinates":[[[-76.51499999999999,3.4949999999999997],[-76.50999999999999,3.4949999999999997],[-76.50999999999999,3.4999999999999996],[-76.51499999999999,3.4999999999999996],[-76.51499999999999,3.4949999999999997]]]},"properties":{"value":67.7582,"sigma":5.8197}},{"type":"Feature","geometry":{"type":"Polygon","coordinates":[[[-76.50999999999999,3.4949999999999997],[-76.505,3.4949999999999997],[-76.505,3.4999999999999996],[-76.50999999999999,3.4999999999999996],[-76.50999999999999,3.4949999999999997]]]},"properties":{"value":65.0962,"sigma":6.536}},{"type":"Feature","geometry":{"type":"Polygon","coordinates":[[[-76.505,3.4949999999999997],[-76.5,3.4949999999999997],[-76.5,3.4999999999999996],[-76.505,3.4999999999999996],[-76.505,3.4949999999999997]]]},"properties":{"value":65.7505,"sigma":6.4829}},{"type":"Feature","geometry":{"type":"Polygon","coordinates":[[[-76.49999999999999,3.4949999999999997],[-76.49499999999999,3.4949999999999997],[-76.49499999999999,3.4999999999999996],[-76.49999999999999,3.4999999999999996],[-76.49999999999999,3.4949999999999997]]]},"properties":{"value":62.94,"sigma":6.8347}},{"type":"Feature","geometry":{"type":"Polygon","coordinates":[[[-76.49499999999999,3.4949999999999997],[-76.49,3.4949999999999997],[-76.49,3.4999999999999996],[-76.49499999999999,3.4999999999999996],[-76.49499999999999,3.4949999999999997]]]},"properties":{"value":64.9468,"sigma":7.8787}},{"type":"Feature","geometry":{"type":"Polygon","coordinates":[[[-76.49,3.4949999999999997],[-76.485,3.4949999999999997],[-76.485,3.4999999999999996],[-76.49,3.4999999999999996],[-76.49,3.4949999999999997]]]},"properties":{"value":68.747,"sigma":7.9796}},{"type":"Feature","geometry":{"type":"Polygon","coordinates":[[[-76.48499999999999,3.4949999999999997],[-76.47999999999999,3.4949999999999997],[-76.47999999999999,3.4999999999999996],[-76.48499999999999,3.4999999999999996],[-76.48499999999999,3.4949999999999997]]]},"properties":{"value":67.896,"sigma":7.8092}},{"type":"Feature","geometry":{"type":"Polygon","coordinates":[[[-76.47999999999999,3.4949999999999997],[-76.475,3.4949999999999997],[-76.475,3.4999999999999996],[-76.47999999999999,3.4999999999999996],[-76.47999999999999,3.4949999999999997]]]},"properties":{"value":72.796,"sigma":7.9346}},{"type":"Feature","geometry":{"type":"Polygon","coordinates":[[[-76.475,3.4949999999999997],[-76.47,3.4949999999999997],[-76.47,3.4999999999999996],[-76.475,3.4999999999999996],[-76.475,3.4949999999999997]]]},"properties":{"value":72.0658,"sigma":9.2976}},{"type":"Feature","geometry":{"type":"Polygon","coordinates":[[[-76.47,3.4949999999999997],[-76.465,3.4949999999999997],[-76.465,3.4999999999999996],[-76.47,3.4999999999999996],[-76.47,3.4949999999999997]]]},"properties":{"value":71.4689,"sigma":9.0722}},{"type":"Feature","geometry":{"type":"Polygon","coordinates":[[[-76.46499999999999,3.4949999999999997],[-76.46,3.4949999999999997],[-76.46,3.4999999999999996],[-76.46499999999999,3.4999999999999996],[-76.46499999999999,3.4949999999999997]]]},"properties":{"value":80.4377,"sigma":9.2234}},{"type":"Feature","geometry":{"type":"Polygon","coordinates":[[[-76.46,3.4949999999999997],[-76.455,3.4949999999999997],[-76.455,3.4999999999999996],[-76.46,3.4999999999999996],[-76.46,3.4949999999999997]]]},"properties":{"value":77.4653,"sigma":10.268}},{"type":"Feature","geometry":{"type":"Polygon","coordinates":[[[-76.455,3.4949999999999997],[-76.45,3.4949999999999997],[-76.45,3.4999999999999996],[-76.455,3.4999999999999996],[-76.455,3.4949999999999997]]]},"properties":{"value":79.6245,"sigma":9.6984}},{"type":"Feature","geometry":{"type":"Polygon","coordinates":[[[-76.44999999999999,3.4949999999999997],[-76.445,3.4949999999999997],[-76.445,3.4999999999999996],[-76.44999999999999,3.4999999999999996],[-76.44999999999999,3.4949999999999997]]]},"properties":{"value":82.1552,"sigma":11.4221}},{"type":"Feature","geometry":{"type":"Polygon","coordinates":[[[-76.445,3.4949999999999997],[-76.44,3.4949999999999997],[-76.44,3.4999999999999996],[-76.445,3.4999999999999996],[-76.445,3.4949999999999997]]]},"properties":{"value":81.4129,"sigma":11.2985}},{"type":"Feature","geometry":{"type":"Polygon","coordinates":[[[-76.44,3.4949999999999997],[-76.435,3.4949999999999997],[-76.435,3.4999999999999996],[-76.44,3.4999999999999996],[-76.44,3.4949999999999997]]]},"properties":{"value":79.0316,"sigma":10.9959}},{"type":"Feature","geometry":{"type":"Polygon","coordinates":[[[-76.43499999999999,3.4949999999999997],[-76.42999999999999,3.4949999999999997],[-76.42999999999999,3.4999999999999996],[-76.43499999999999,3.4999999999999996],[-76.43499999999999,3.4949999999999997]]]},"properties":{"value":78.799,"sigma":11.5825}},{"type":"Feature","geometry":{"type":"Polygon","coordinates":[[[-76.42999999999999,3.4949999999999997],[-76.425,3.4949999999999997],[-76.425,3.4999999999999996],[-76.42999999999999,3.4999999999999996],[-76.42999999999999,3.4949999999999997]]]},"properties":{"value":77.5625,"sigma":11.861}},{"type":"Feature","geometry":{"type":"Polygon","coordinates":[[[-76.425,3.4949999999999997],[-76.42,3.4949999999999997],[-76.42,3.4999999999999996],[-76.425,3.4999999999999996],[-76.425,3.4949999999999997]]]},"properties":{"value":72.6323,"sigma":12.349}},{"type":"Feature","geometry":{"type":"Polygon","coordinates":[[[-76.41999999999999,3.4949999999999997],[-76.41499999999999,3.4949999999999997],[-76.41499999999999,3.4999999999999996],[-76.41999999999999,3.4999999999999996],[-76.41999999999999,3.4949999999999997]]]},"properties":{"value":70.6025,"sigma":11.8925}},{"type":"Feature","geometry":{"type":"Polygon","coordinates":[[[-76.41499999999999,3.4949999999999997],[-76.41,3.4949999999999997],[-76.41,3.4999999999999996],[-76.41499999999999,3.4999999999999996],[-76.41499999999999,3.4949999999999997]]]},"properties":{"value":67.5554,"sigma":13.1973}},{"type":"Feature","geometry":{"type":"Polygon","coordinates":[[[-76.41,3.4949999999999997],[-76.405,3.4949999999999997],[-76.405,3.4999999999999996],[-76.41,3.4999999999999996],[-76.41,3.4949999999999997]]]},"properties":{"value":70.1716,"sigma":12.2461}},{"type":"Feature","geometry":{"type":"Polygon","coordinates":[[[-76.40499999999999,3.4949999999999997],[-76.39999999999999,3.4949999999999997],[-76.39999999999999,3.4999999999999996],[-76.40499999999999,3.4999999999999996],[-76.40499999999999,3.4949999999999997]]]},"properties":{"value":68.8007,"sigma":13.432}},{"type":"Feature","geometry":{"type":"Polygon","coordinates":[[[-76.6,3.5],[-76.595,3.5],[-76.595,3.505],[-76.6,3.505],[-76.6,3.5]]]},"properties":{"value":65.7277,"sigma":12.8441}},{"type":"Feature","geometry":{"type":"Polygon","coordinates":[[[-76.595,3.5],[-76.59,3.5],[-76.59,3.505],[-76.595,3.505],[-76.595,3.5]]]},"properties":{"value":66.073,"sigma":11.6724}},{"type":"Feature","geometry":{"type":"Polygon","coordinates":[[[-76.58999999999999,3.5],[-76.585,3.5],[-76.585,3.505],[-76.58999999999999,3.505],[-76.58999999999999,3.5]]]},"properties":{"value":63.2807,"sigma":11.585}},{"type":"Feature","geometry":{"type":"Polygon","coordinates":[[[-76.585,3.5],[-76.58,3.5],[-76.58,3.505],[-76.585,3.505],[-76.585,3.5]]]},"properties":{"value":65.2268,"sigma":10.7719}},{"type":"Feature","geometry":{"type":"Polygon","coordinates":[[[-76.58,3.5],[-76.575,3.5],[-76.575,3.505],[-76.58,3.505],[-76.58,3.5]]]},"properties":{"value":66.5129,"sigma":10.2514}},{"type":"Feature","geometry":{"type":"Polygon","coordinates":[[[-76.57499999999999,3.5],[-76.57,3.5],[-76.57,3.505],[-76.57499999999999,3.505],[-76.57499999999999,3.5]]]},"properties":{"value":62.6292,"sigma":10.1421}},{"type":"Feature","geometry":{"type":"Polygon","coordinates":[[[-76.57,3.5],[-76.565,3.5],[-76.565,3.505],[-76.57,3.505],[-76.57,3.5]]]},"properties":{"value":65.619,"sigma":9.0993}},{"type":"Feature","geometry":{"type":"Polygon","coordinates":[[[-76.565,3.5],[-76.56,3.5],[-76.56,3.505],[-76.565,3.505],[-76.565,3.5]]]},"properties":{"value":65.0594,"sigma":9.6271}},{"type":"Feature","geometry":{"type":"Polygon","coordinates":[[[-76.55999999999999,3.5],[-76.55499999999999,3.5],[-76.55499999999999,3.505],[-76.55999999999999,3.505],[-76.55999999999999,3.5]]]},"properties":{"value":65.9445,"sigma":9.2026}},{"type":"Feature","geometry":{"type":"Polygon","coordinates":[[[-76.55499999999999,3.5],[-76.55,3.5],[-76.55,3.505],[-76.55499999999999,3.505],[-76.55499999999999,3.5]]]},"properties":{"value":62.4811,"sigma":7.7556}},{"type":"Feature","geometry":{"type":"Polygon","coordinates":[[[-76.55,3.5],[-76.545,3.5],[-76.545,3.505],[-76.55,3.505],[-76.55,3.5]]]},"properties":{"value":66.3309,"sigma":8.1357}},{"type":"Feature","geometry":{"type":"Polygon","coordinates":[[[-76.54499999999999,3.5],[-76.53999999999999,3.5],[-76.53999999999999,3.505],[-76.54499999999999,3.505],[-76.54499999999999,3.5]]]},"properties":{"value":60.1885,"sigma":7.1027}},{"type":"Feature","geometry":{"type":"Polygon","coordinates":[[[-76.53999999999999,3.5],[-76.535,3.5],[-76.535,3.505],[-76.53999999999999,3.505],[-76.53999999999999,3.5]]]},"properties":{"value":67.9329,"sigma":7.5183}},{"type":"Feature","geometry":{"type":"Polygon","coordinates":[[[-76.535,3.5],[-76.53,3.5],[-76.53,3.505],[-76.535,3.505],[-76.535,3.5]]]},"properties":{"value":63.4343,"sigma":7.0176}},{"type":"Feature","geometry":{"type":"Polygon","coordinates":[[[-76.52999999999999,3.5],[-76.52499999999999,3.5],[-76.52499999999999,3.505],[-76.52999999999999,3.505],[-76.52999999999999,3.5]]]},"properties":{"value":63.5858,"sigma":6.1913}},{"type":"Feature","geometry":{"type":"Polygon","coordinates":[[[-76.52499999999999,3.5],[-76.52,3.5],[-76.52,3.505],[-76.52499999999999,3.505],[-76.52499999999999,3.5]]]},"properties":{"value":67.6142,"sigma":6.0877}},{"type":"Feature","geometry":{"type":"Polygon","coordinates":[[[-76.52,3.5],[-76.515,3.5],[-76.515,3.505],[-76.52,3.505],[-76.52,3.5]]]},"properties":{"value":65.3161,"sigma":6.1526}},{"type":"Feature","geometry":{"type":"Polygon","coordinates":[[[-76.51499999999999,3.5],[-76.50999999999999,3.5],[-76.50999999999999,3.505],[-76.51499999999999,3.505],[-76.51499999999999,3.5]]]},"properties":{"value":65.1402,"sigma":6.5341}},{"type":"Feature","geometry":{"type":"Polygon","coordinates":[[[-76.50999999999999,3.5],[-76.505,3.5],[-76.505,3.505],[-76.50999999999999,3.505],[-76.50999999999999,3.5]]]},"properties":{"value":65.325,"sigma":6.6422}},{"type":"Feature","geometry":{"type":"Polygon","coordinates":[[[-76.505,3.5],[-76.5,3.5],[-76.5,3.505],[-76.505,3.505],[-76.505,3.5]]]},"properties":{"value":63.9804,"sigma":5.7777}},{"type":"Feature","geometry":{"type":"Polygon","coordinates":[[[-76.49999999999999,3.5],[-76.49499999999999,3.5],[-76.49499999999999,3.505],[-76.49999999999999,3.505],[-76.49999999999999,3.5]]]},"properties":{"value":65.8569,"sigma":7.5459}},{"type":"Feature","geometry":{"type":"Polygon","coordinates":[[[-76.49499999999999,3.5],[-76.49,3.5],[-76.49,3.505],[-76.49499999999999,3.505],[-76.49499999999999,3.5]]]},"properties":{"value":66.1186,"sigma":7.714}},{"type":"Feature","geometry":{"type":"Polygon","coordinates":[[[-76.49,3.5],[-76.485,3.5],[-76.485,3.505],[-76.49,3.505],[-76.49,3.5]]]},"properties":{"value":71.2962,"sigma":8.6511}},{"type":"Feature","geometry":{"type":"Polygon","coordinates":[[[-76.48499999999999,3.5],[-76.47999999999999,3.5],[-76.47999999999999,3.505],[-76.48499999999999,3.505],[-76.48499999999999,3.5]]]},"properties":{"value":71.8232,"sigma":8.3884}},{"type":"Feature","geometry":{"type":"Polygon","coordinates":[[[-76.47999999999999,3.5],[-76.475,3.5],[-76.475,3.505],[-76.47999999999999,3.505],[-76.47999999999999,3.5]]]},"properties":{"value":73.673,"sigma":8.7178}},{"type":"Feature","geometry":{"type":"Polygon","coordinates":[[[-76.475,3.5],[-76.47,3.5],[-76.47,3.505],[-76.475,3.505],[-76.475,3.5]]]},"properties":{"value":73.6089,"sigma":9.6743}},{"type":"Feature","geometry":{"type":"Polygon","coordinates":[[[-76.47,3.5],[-76.465,3.5],[-76.465,3.505],[-76.47,3.505],[-76.47,3.5]]]},"properties":{"value":79.164,"sigma":9.3451}},{"type":"Feature","geometry":{"type":"Polygon","coordinates":[[[-76.46499999999999,3.5],[-76.46,3.5],[-76.46,3.505],[-76.46499999999999,3.505],[-76.46499999999999,3.5]]]},"properties":{"value":77.7025,"sigma":10.1328}},{"type":"Feature","geometry":{"type":"Polygon","coordinates":[[[-76.46,3.5],[-76.455,3.5],[-76.455,3.505],[-76.46,3.505],[-76.46,3.5]]]},"properties":{"value":77.6598,"sigma":10.2309}},{"type":"Feature","geometry":{"type":"Polygon","coordinates":[[[-76.455,3.5],[-76.45,3.5],[-76.45,3.505],[-76.455,3.505],[-76.455,3.5]]]},"properties":{"value":81.013,"sigma":11.4501}},{"type":"Feature","geometry":{"type":"Polygon","coordinates":[[[-76.44999999999999,3.5],[-76.445,3.5],[-76.445,3.505],[-76.44999999999999,3.505],[-76.44999999999999,3.5]]]},"properties":{"value":82.923,"sigma":11.2066}},{"type":"Feature","geometry":{"type":"Polygon","coordinates":[[[-76.445,3.5],[-76.44,3.5],[-76.44,3.505],[-76.445,3.505],[-76.445,3.5]]]},"properties":{"value":80.8012,"sigma":11.6452}},{"type":"Feature","geometry":{"type":"Polygon","coordinates":[[[-76.44,3.5],[-76.435,3.5],[-76.435,3.505],[-76.44,3.505],[-76.44,3.5]]]},"properties":{"value":81.0655,"sigma":11.0677}},{"type":"Feature","geometry":{"type":"Polygon","coordinates":[[[-76.43499999999999,3.5],[-76.42999999999999,3.5],[-76.42999999999999,3.505],[-76.43499999999999,3.505],[-76.43499999999999,3.5]]]},"properties":{"value":82.8501,"sigma":11.746}},{"type":"Feature","geometry":{"type":"Polygon","coordinates":[[[-76.42999999999999,3.5],[-76.425,3.5],[-76.425,3.505],[-76.42999999999999,3.505],[-76.42999999999999,3.5]]]},"properties":{"value":79.8587,"sigma":12.0661}},{"type":"Feature","geometry":{"type":"Polygon","coordinates":[[[-76.425,3.5],[-76.42,3.5],[-76.42,3.505],[-76.425,3.505],[-76.425,3.5]]]},"properties":{"value":74.3806,"sigma":12.3294}},{"type":"Feature","geometry":{"type":"Polygon","coordinates":[[[-76.41999999999999,3.5],[-76.41499999999999,3.5],[-76.41499999999999,3.505],[-76.41999999999999,3.505],[-76.41999999999999,3.5]]]},"properties":{"value":75.3549,"sigma":12.5714}},{"type":"Feature","geometry":{"type":"Polygon","coordinates":[[[-76.41499999999999,3.5],[-76.41,3.5],[-76.41,3.505],[-76.41499999999999,3.505],[-76.41499999999999,3.5]]]},"properties":{"value":75.573,"sigma":13.268}},{"type":"Feature","geometry":{"type":"Polygon","coordinates":[[[-76.41,3.5],[-76.405,3.5],[-76.405,3.505],[-76.41,3.505],[-76.41,3.5]]]},"properties":{"value":67.1642,"sigma":13.2455}},{"type":"Feature","geometry":{"type":"Polygon","coordinates":[[[-76.40499999999999,3.5],[-76.39999999999999,3.5],[-76.39999999999999,3.505],[-76.40499999999999,3.505],[-76.40499999999999,3.5]]]},"properties":{"value":69.6885,"sigma":13.4185}},{"type":"Feature","geometry":{"type":"Polygon","coordinates":[[[-76.6,3.505],[-76.595,3.505],[-76.595,3.51],[-76.6,3.51],[-76.6,3.505]]]},"properties":{"value":65.6948,"sigma":12.1882}},{"type":"Feature","geometry":{"type":"Polygon","coordinates":[[[-76.595,3.505],[-76.59,3.505],[-76.59,3.51],[-76.595,3.51],[-76.595,3.505]]]},"properties":{"value":64.7074,"sigma":11.3437}},{"type":"Feature","geometry":{"type":"Polygon","coordinates":[[[-76.58999999999999,3.505],[-76.585,3.505],[-76.585,3.51],[-76.58999999999999,3.51],[-76.58999999999999,3.505]]]},"properties":{"value":68.2561,"sigma":11.1557}},{"type":"Feature","geometry":{"type":"Polygon","coordinates":[[[-76.585,3.505],[-76.58,3.505],[-76.58,3.51],[-76.585,3.51],[-76.585,3.505]]]},"properties":{"value":67.3866,"sigma":10.2709}},{"type":"Feature","geometry":{"type":"Polygon","coordinates":[[[-76.58,3.505],[-76.575,3.505],[-76.575,3.51],[-76.58,3.51],[-76.58,3.505]]]},"properties":{"value":68.672,"sigma":9.7778}},{"type":"Feature","geometry":{"type":"Polygon","coordinates":[[[-76.57499999999999,3.505],[-76.57,3.505],[-76.57,3.51],[-76.57499999999999,3.51],[-76.57499999999999,3.505]]]},"properties":{"value":67.3935,"sigma":9.9788}},{"type":"Feature","geometry":{"type":"Polygon","coordinates":[[[-76.57,3.505],[-76.565,3.505],[-76.565,3.51],[-76.57,3.51],[-76.57,3.505]]]},"properties":{"value":63.066,"sigma":9.9711}},{"type":"Feature","geometry":{"type":"Polygon","coordinates":[[[-76.565,3.505],[-76.56,3.505],[-76.56,3.51],[-76.565,3.51],[-76.565,3.505]]]},"properties":{"value":64.8675,"sigma":9.0454}},{"type":"Feature","geometry":{"type":"Polygon","coordinates":[[[-76.55999999999999,3.505],[-76.55499999999999,3.505],[-76.55499999999999,3.51],[-76.55999999999999,3.51],[-76.55999999999999,3.505]]]},"properties":{"value":66.4783,"sigma":8.7255}},{"type":"Feature","geometry":{"type":"Polygon","coordinates":[[[-76.55499999999999,3.505],[-76.55,3.505],[-76.55,3.51],[-76.55499999999999,3.51],[-76.55499999999999,3.505]]]},"properties":{"value":65.8604,"sigma":7.9415}},{"type":"Feature","geometry":{"type":"Polygon","coordinates":[[[-76.55,3.505],[-76.545,3.505],[-76.545,3.51],[-76.55,3.51],[-76.55,3.505]]]},"properties":{"value":64.3165,"sigma":8.1068}},{"type":"Feature","geometry":{"type":"Polygon","coordinates":[[[-76.54499999999999,3.505],[-76.53999999999999,3.505],[-76.53999999999999,3.51],[-76.54499999999999,3.51],[-76.54499999999999,3.505]]]},"properties":{"value":64.865,"sigma":7.2695}},{"type":"Feature","geometry":{"type":"Polygon","coordinates":[[[-76.53999999999999,3.505],[-76.535,3.505],[-76.535,3.51],[-76.53999999999999,3.51],[-76.53999999999999,3.505]]]},"properties":{"value":63.2161,"sigma":7.7633}},{"type":"Feature","geometry":{"type":"Polygon","coordinates":[[[-76.535,3.505],[-76.53,3.505],[-76.53,3.51],[-76.535,3.51],[-76.535,3.505]]]},"properties":{"value":64.297,"sigma":7.2921}},{"type":"Feature","geometry":{"type":"Polygon","coordinates":[[[-76.52999999999999,3.505],[-76.52499999999999,3.505],[-76.52499999999999,3.51],[-76.52999999999999,3.51],[-76.52999999999999,3.505]]]},"properties":{"value":66.7048,"sigma":6.7481}},{"type":"Feature","geometry":{"type":"Polygon","coordinates":[[[-76.52499999999999,3.505],[-76.52,3.505],[-76.52,3.51],[-76.52499999999999,3.51],[-76.52499999999999,3.505]]]},"properties":{"value":59.2534,"sigma":6.4375}},{"type":"Feature","geometry":{"type":"Polygon","coordinates":[[[-76.52,3.505],[-76.515,3.505],[-76.515,3.51],[-76.52,3.51],[-76.52,3.505]]]},"properties":{"value":64.6636,"sigma":6.4865}},{"type":"Feature","geometry":{"type":"Polygon","coordinates":[[[-76.51499999999999,3.505],[-76.50999999999999,3.505],[-76.50999999999999,3.51],[-76.51499999999999,3.51],[-76.51499999999999,3.505]]]},"properties":{"value":66.5838,"sigma":6.1112}},{"type":"Feature","geometry":{"type":"Polygon","coordinates":[[[-76.50999999999999,3.505],[-76.505,3.505],[-76.505,3.51],[-76.50999999999999,3.51],[-76.50999999999999,3.505]]]},"properties":{"value":67.1875,"sigma":6.3912}},{"type":"Feature","geometry":{"type":"Polygon","coordinates":[[[-76.505,3.505],[-76.5,3.505],[-76.5,3.51],[-76.505,3.51],[-76.505,3.505]]]},"properties":{"value":64.8457,"sigma":7.251}},{"type":"Feature","geometry":{"type":"Polygon","coordinates":[[[-76.49999999999999,3.505],[-76.49499999999999,3.505],[-76.49499999999999,3.51],[-76.49999999999999,3.51],[-76.49999999999999,3.505]]]},"properties":{"value":65.513,"sigma":6.8653}},{"type":"Feature","geometry":{"type":"Polygon","coordinates":[[[-76.49499999999999,3.505],[-76.49,3.505],[-76.49,3.51],[-76.49499999999999,3.51],[-76.49499999999999,3.505]]]},"properties":{"value":68.1806,"sigma":7.7623}},{"type":"Feature","geometry":{"type":"Polygon","coordinates":[[[-76.49,3.505],[-76.485,3.505],[-76.485,3.51],[-76.49,3.51],[-76.49,3.505]]]},"properties":{"value":71.8393,"sigma":7.7562}},{"type":"Feature","geometry":{"type":"Polygon","coordinates":[[[-76.48499999999999,3.505],[-76.47999999999999,3.505],[-76.47999999999999,3.51],[-76.48499999999999,3.51],[-76.48499999999999,3.505]]]},"properties":{"value":68.3684,"sigma":9.1233}},{"type":"Feature","geometry":{"type":"Polygon","coordinates":[[[-76.47999999999999,3.505],[-76.475,3.505],[-76.475,3.51],[-76.47999999999999,3.51],[-76.47999999999999,3.505]]]},"properties":{"value":76.7261,"sigma":9.6438}},{"type":"Feature","geometry":{"type":"Polygon","coordinates":[[[-76.475,3.505],[-76.47,3.505],[-76.47,3.51],[-76.475,3.51],[-76.475,3.505]]]},"properties":{"value":75.4556,"sigma":9.339}},{"type":"Feature","geometry":{"type":"Polygon","coordinates":[[[-76.47,3.505],[-76.465,3.505],[-76.465,3.51],[-76.47,3.51],[-76.47,3.505]]]},"properties":{"value":75.9388,"sigma":9.3513}},{"type":"Feature","geometry":{"type":"Polygon","coordinates":[[[-76.46499999999999,3.505],[-76.46,3.505],[-76.46,3.51],[-76.46499999999999,3.51],[-76.46499999999999,3.505]]]},"properties":{"value":79.5938,"sigma":9.6797}},{"type":"Feature","geometry":{"type":"Polygon","coordinates":[[[-76.46,3.505],[-76.455,3.505],[-76.455,3.51],[-76.46,3.51],[-76.46,3.505]]]},"properties":{"value":80.2821,"sigma":10.3385}},{"type":"Feature","geometry":{"type":"Polygon","coordinates":[[[-76.455,3.505],[-76.45,3.505],[-76.45,3.51],[-76.455,3.51],[-76.455,3.505]]]},"properties":{"value":84.5318,"sigma":11.081}},{"type":"Feature","geometry":{"type":"Polygon","coordinates":[[[-76.44999999999999,3.505],[-76.445,3.505],[-76.445,3.51],[-76.44999999999999,3.51],[-76.44999999999999,3.505]]]},"properties":{"value":87.2917,"sigma":10.7164}},{"type":"Feature","geometry":{"type":"Polygon","coordinates":[[[-76.445,3.505],[-76.44,3.505],[-76.44,3.51],[-76.445,3.51],[-76.445,3.505]]]},"properties":{"value":85.0713,"sigma":12.0168}},{"type":"Feature","geometry":{"type":"Polygon","coordinates":[[[-76.44,3.505],[-76.435,3.505],[-76.435,3.51],[-76.44,3.51],[-76.44,3.505]]]},"properties":{"value":85.6245,"sigma":12.9089}},{"type":"Feature","geometry":{"type":"Polygon","coordinates":[[[-76.43499999999999,3.505],[-76.42999999999999,3.505],[-76.42999999999999,3.51],[-76.43499999999999,3.51],[-76.43499999999999,3.505]]]},"properties":{"value":82.9728,"sigma":12.5896}},{"type":"Feature","geometry":{"type":"Polygon","coordinates":[[[-76.42999999999999,3.505],[-76.425,3.505],[-76.425,3.51],[-76.42999999999999,3.51],[-76.42999999999999,3.505]]]},"properties":{"value":81.4139,"sigma":11.8852}},{"type":"Feature","geometry":{"type":"Polygon","coordinates":[[[-76.425,3.505],[-76.42,3.505],[-76.42,3.51],[-76.425,3.51],[-76.425,3.505]]]},"properties":{"value":76.8483,"sigma":12.7008}},{"type":"Feature","geometry":{"type":"Polygon","coordinates":[[[-76.41999999999999,3.505],[-76.41499999999999,3.505],[-76.41499999999999,3.51],[-76.41999999999999,3.51],[-76.41999999999999,3.505]]]},"properties":{"value":75.3048,"sigma":13.0946}},{"type":"Feature","geometry":{"type":"Polygon","coordinates":[[[-76.41499999999999,3.505],[-76.41,3.505],[-76.41,3.51],[-76.41499999999999,3.51],[-76.41499999999999,3.505]]]},"properties":{"value":76.8169,"sigma":13.8698}},{"type":"Feature","geometry":{"type":"Polygon","coordinates":[[[-76.41,3.505],[-76.405,3.505],[-76.405,3.51],[-76.41,3.51],[-76.41,3.505]]]},"properties":{"value":71.6589,"sigma":13.4409}},{"type":"Feature","geometry":{"type":"Polygon","coordinates":[[[-76.40499999999999,3.505],[-76.39999999999999,3.505],[-76.39999999999999,3.51],[-76.40499999999999,3.51],[-76.40499999999999,3.505]]]},"properties":{"value":67.0048,"sigma":14.0894}},{"type":"Feature","geometry":{"type":"Polygon","coordinates":[[[-76.6,3.51],[-76.595,3.51],[-76.595,3.5149999999999997],[-76.6,3.5149999999999997],[-76.6,3.51]]]},"properties":{"value":60.3694,"sigma":12.6582}},{"type":"Feature","geometry":{"type":"Polygon","coordinates":[[[-76.595,3.51],[-76.59,3.51],[-76.59,3.5149999999999997],[-76.595,3.5149999999999997],[-76.595,3.51]]]},"properties":{"value":67.8945,"sigma":11.6866}},{"type":"Feature","geometry":{"type":"Polygon","coordinates":[[[-76.58999999999999,3.51],[-76.585,3.51],[-76.585,3.5149999999999997],[-76.58999999999999,3.5149999999999997],[-76.58999999999999,3.51]]]},"properties":{"value":66.4656,"sigma":11.3596}},{"type":"Feature","geometry":{"type":"Polygon","coordinates":[[[-76.585,3.51],[-76.58,3.51],[-76.58,3.5149999999999997],[-76.585,3.5149999999999997],[-76.585,3.51]]]},"properties":{"value":61.9094,"sigma":11.2493}},{"type":"Feature","geometry":{"type":"Polygon","coordinates":[[[-76.58,3.51],[-76.575,3.51],[-76.575,3.5149999999999997],[-76.58,3.5149999999999997],[-76.58,3.51]]]},"properties":{"value":65.2122,"sigma":10.7267}},{"type":"Feature","geometry":{"type":"Polygon","coordinates":[[[-76.57499999999999,3.51],[-76.57,3.51],[-76.57,3.5149999999999997],[-76.57499999999999,3.5149999999999997],[-76.57499999999999,3.51]]]},"properties":{"value":68.7836,"sigma":10.014}},{"type":"Feature","geometry":{"type":"Polygon","coordinates":[[[-76.57,3.51],[-76.565,3.51],[-76.565,3.5149999999999997],[-76.57,3.5149999999999997],[-76.57,3.51]]]},"properties":{"value":64.1755,"sigma":9.8521}},{"type":"Feature","geometry":{"type":"Polygon","coordinates":[[[-76.565,3.51],[-76.56,3.51],[-76.56,3.5149999999999997],[-76.565,3.5149999999999997],[-76.565,3.51]]]},"properties":{"value":63.0725,"sigma":9.3637}},{"type":"Feature","geometry":{"type":"Polygon","coordinates":[[[-76.55999999999999,3.51],[-76.55499999999999,3.51],[-76.55499999999999,3.5149999999999997],[-76.55999999999999,3.5149999999999997],[-76.55999999999999,3.51]]]},"properties":{"value":64.8771,"sigma":8.8594}},{"type":"Feature","geometry":{"type":"Polygon","coordinates":[[[-76.55499999999999,3.51],[-76.55,3.51],[-76.55,3.5149999999999997],[-76.55499999999999,3.5149999999999997],[-76.55499999999999,3.51]]]},"properties":{"value":68.5136,"sigma":8.8611}},{"type":"Feature","geometry":{"type":"Polygon","coordinates":[[[-76.55,3.51],[-76.545,3.51],[-76.545,3.5149999999999997],[-76.55,3.5149999999999997],[-76.55,3.51]]]},"properties":{"value":64.9596,"sigma":8.2016}},{"type":"Feature","geometry":{"type":"Polygon","coordinates":[[[-76.54499999999999,3.51],[-76.53999999999999,3.51],[-76.53999999999999,3.5149999999999997],[-76.54499999999999,3.5149999999999997],[-76.54499999999999,3.51]]]},"properties":{"value":66.0981,"sigma":7.3518}},{"type":"Feature","geometry":{"type":"Polygon","coordinates":[[[-76.53999999999999,3.51],[-76.535,3.51],[-76.535,3.5149999999999997],[-76.53999999999999,3.5149999999999997],[-76.53999999999999,3.51]]]},"properties":{"value":62.2811,"sigma":7.7375}},{"type":"Feature","geometry":{"type":"Polygon","coordinates":[[[-76.535,3.51],[-76.53,3.51],[-76.53,3.5149999999999997],[-76.535,3.5149999999999997],[-76.535,3.51]]]},"properties":{"value":68.1353,"sigma":7.6908}},{"type":"Feature","geometry":{"type":"Polygon","coordinates":[[[-76.52999999999999,3.51],[-76.52499999999999,3.51],[-76.52499999999999,3.5149999999999997],[-76.52999999999999,3.5149999999999997],[-76.52999999999999,3.51]]]},"properties":{"value":66.6766,"sigma":6.7017}},{"type":"Feature","geometry":{"type":"Polygon","coordinates":[[[-76.52499999999999,3.51],[-76.52,3.51],[-76.52,3.5149999999999997],[-76.52499999999999,3.5149999999999997],[-76.52499999999999,3.51]]]},"properties":{"value":65.0124,"sigma":6.5218}},{"type":"Feature","geometry":{"type":"Polygon","coordinates":[[[-76.52,3.51],[-76.515,3.51],[-76.515,3.5149999999999997],[-76.52,3.5149999999999997],[-76.52,3.51]]]},"properties":{"value":67.728,"sigma":7.317}},{"type":"Feature","geometry":{"type":"Polygon","coordinates":[[[-76.51499999999999,3.51],[-76.50999999999999,3.51],[-76.50999999999999,3.5149999999999997],[-76.51499999999999,3.5149999999999997],[-76.51499999999999,3.51]]]},"properties":{"value":64.5565,"sigma":7.3846}},{"type":"Feature","geometry":{"type":"Polygon","coordinates":[[[-76.50999999999999,3.51],[-76.505,3.51],[-76.505,3.5149999999999997],[-76.50999999999999,3.5149999999999997],[-76.50999999999999,3.51]]]},"properties":{"value":64.9499,"sigma":7.7382}},{"type":"Feature","geometry":{"type":"Polygon","coordinates":[[[-76.505,3.51],[-76.5,3.51],[-76.5,3.5149999999999997],[-76.505,3.5149999999999997],[-76.505,3.51]]]},"properties":{"value":67.1923,"sigma":6.9529}},{"type":"Feature","geometry":{"type":"Polygon","coordinates":[[[-76.49999999999999,3.51],[-76.49499999999999,3.51],[-76.49499999999999,3.5149999999999997],[-76.49999999999999,3.5149999999999997],[-76.49999999999999,3.51]]]},"properties":{"value":64.1433,"sigma":7.9847}},{"type":"Feature","geometry":{"type":"Polygon","coordinates":[[[-76.49499999999999,3.51],[-76.49,3.51],[-76.49,3.5149999999999997],[-76.49499999999999,3.5149999999999997],[-76.49499999999999,3.51]]]},"properties":{"value":62.3211,"sigma":7.8738}},{"type":"Feature","geometry":{"type":"Polygon","coordinates":[[[-76.49,3.51],[-76.485,3.51],[-76.485,3.5149999999999997],[-76.49,3.5149999999999997],[-76.49,3.51]]]},"properties":{"value":74.3192,"sigma":8.0656}},{"type":"Feature","geometry":{"type":"Polygon","coordinates":[[[-76.48499999999999,3.51],[-76.47999999999999,3.51],[-76.47999999999999,3.5149999999999997],[-76.48499999999999,3.5149999999999997],[-76.48499999999999,3.51]]]},"properties":{"value":69.2608,"sigma":8.5838}},{"type":"Feature","geometry":{"type":"Polygon","coordinates":[[[-76.47999999999999,3.51],[-76.475,3.51],[-76.475,3.5149999999999997],[-76.47999999999999,3.5149999999999997],[-76.47999999999999,3.51]]]},"properties":{"value":75.2023,"sigma":9.0228}},{"type":"Feature","geometry":{"type":"Polygon","coordinates":[[[-76.475,3.51],[-76.47,3.51],[-76.47,3.5149999999999997],[-76.475,3.5149999999999997],[-76.475,3.51]]]},"properties":{"value":77.9916,"sigma":9.0606}},{"type":"Feature","geometry":{"type":"Polygon","coordinates":[[[-76.47,3.51],[-76.465,3.51],[-76.465,3.5149999999999997],[-76.47,3.5149999999999997],[-76.47,3.51]]]},"properties":{"value":81.1084,"sigma":10.1747}},{"type":"Feature","geometry":{"type":"Polygon","coordinates":[[[-76.46499999999999,3.51],[-76.46,3.51],[-76.46,3.5149999999999997],[-76.46499999999999,3.5149999999999997],[-76.46499999999999,3.51]]]},"properties":{"value":79.2415,"sigma":9.7018}},{"type":"Feature","geometry":{"type":"Polygon","coordinates":[[[-76.46,3.51],[-76.455,3.51],[-76.455,3.5149999999999997],[-76.46,3.5149999999999997],[-76.46,3.51]]]},"properties":{"value":86.3459,"sigma":10.8389}},{"type":"Feature","geometry":{"type":"Polygon","coordinates":[[[-76.455,3.51],[-76.45,3.51],[-76.45,3.5149999999999997],[-76.455,3.5149999999999997],[-76.455,3.51]]]},"properties":{"value":82.2366,"sigma":11.2446}},{"type":"Feature","geometry":{"type":"Polygon","coordinates":[[[-76.44999999999999,3.51],[-76.445,3.51],[-76.445,3.5149999999999997],[-76.44999999999999,3.5149999999999997],[-76.44999999999999,3.51]]]},"properties":{"value":90.6272,"sigma":11.8416}},{"type":"Feature","geometry":{"type":"Polygon","coordinates":[[[-76.445,3.51],[-76.44,3.51],[-76.44,3.5149999999999997],[-76.445,3.5149999999999997],[-76.445,3.51]]]},"properties":{"value":88.4805,"sigma":11.7386}},{"type":"Feature","geometry":{"type":"Polygon","coordinates":[[[-76.44,3.51],[-76.435,3.51],[-76.435,3.5149999999999997],[-76.44,3.5149999999999997],[-76.44,3.51]]]},"properties":{"value":87.5411,"sigma":12.5913}},{"type":"Feature","geometry":{"type":"Polygon","coordinates":[[[-76.43499999999999,3.51],[-76.42999999999999,3.51],[-76.42999999999999,3.5149999999999997],[-76.43499999999999,3.5149999999999997],[-76.43499999999999,3.51]]]},"properties":{"value":85.0064,"sigma":13.321}},{"type":"Feature","geometry":{"type":"Polygon","coordinates":[[[-76.42999999999999,3.51],[-76.425,3.51],[-76.425,3.5149999999999997],[-76.42999999999999,3.5149999999999997],[-76.42999999999999,3.51]]]},"properties":{"value":86.7261,"sigma":13.1152}},{"type":"Feature","geometry":{"type":"Polygon","coordinates":[[[-76.425,3.51],[-76.42,3.51],[-76.42,3.5149999999999997],[-76.425,3.5149999999999997],[-76.425,3.51]]]},"properties":{"value":77.8112,"sigma":12.6763}},{"type":"Feature","geometry":{"type":"Polygon","coordinates":[[[-76.41999999999999,3.51],[-76.41499999999999,3.51],[-76.41499999999999,3.5149999999999997],[-76.41999999999999,3.5149999999999997],[-76.41999999999999,3.51]]]},"properties":{"value":82.9932,"sigma":13.5521}},{"type":"Feature","geometry":{"type":"Polygon","coordinates":[[[-76.41499999999999,3.51],[-76.41,3.51],[-76.41,3.5149999999999997],[-76.41499999999999,3.5149999999999997],[-76.41499999999999,3.51]]]},"properties":{"value":73.8271,"sigma":14.2052}},{"type":"Feature","geometry":{"type":"Polygon","coordinates":[[[-76.41,3.51],[-76.405,3.51],[-76.405,3.5149999999999997],[-76.41,3.5149999999999997],[-76.41,3.51]]]},"properties":{"value":70.0841,"sigma":14.5195}},{"type":"Feature","geometry":{"type":"Polygon","coordinates":[[[-76.40499999999999,3.51],[-76.39999999999999,3.51],[-76.39999999999999,3.5149999999999997],[-76.40499999999999,3.5149999999999997],[-76.40499999999999,3.51]]]},"properties":{"value":69.4377,"sigma":14.504}},{"type":"Feature","geometry":{"type":"Polygon","coordinates":[[[-76.6,3.5149999999999997],[-76.595,3.5149999999999997],[-76.595,3.5199999999999996],[-76.6,3.5199999999999996],[-76.6,3.5149999999999997]]]},"properties":{"value":68.1789,"sigma":12.268}},{"type":"Feature","geometry":{"type":"Polygon","coordinates":[[[-76.595,3.5149999999999997],[-76.59,3.5149999999999997],[-76.59,3.5199999999999996],[-76.595,3.5199999999999996],[-76.595,3.5149999999999997]]]},"properties":{"value":65.5374,"sigma":12.3102}},{"type":"Feature","geometry":{"type":"Polygon","coordinates":[[[-76.58999999999999,3.5149999999999997],[-76.585,3.5149999999999997],[-76.585,3.5199999999999996],[-76.58999999999999,3.5199999999999996],[-76.58999999999999,3.5149999999999997]]]},"properties":{"value":68.4655,"sigma":11.4828}},{"type":"Feature","geometry":{"type":"Polygon","coordinates":[[[-76.585,3.5149999999999997],[-76.58,3.5149999999999997],[-76.58,3.5199999999999996],[-76.585,3.5199999999999996],[-76.585,3.5149999999999997]]]},"properties":{"value":66.5282,"sigma":11.7188}},{"type":"Feature","geometry":{"type":"Polygon","coordinates":[[[-76.58,3.5149999999999997],[-76.575,3.5149999999999997],[-76.575,3.5199999999999996],[-76.58,3.5199999999999996],[-76.58,3.5149999999999997]]]},"properties":{"value":68.9576,"sigma":10.5853}},{"type":"Feature","geometry":{"type":"Polygon","coordinates":[[[-76.57499999999999,3.5149999999999997],[-76.57,3.5149999999999997],[-76.57,3.5199999999999996],[-76.57499999999999,3.5199999999999996],[-76.57499999999999,3.5149999999999997]]]},"properties":{"value":65.0864,"sigma":9.8091}},{"type":"Feature","geometry":{"type":"Polygon","coordinates":[[[-76.57,3.5149999999999997],[-76.565,3.5149999999999997],[-76.565,3.5199999999999996],[-76.57,3.5199999999999996],[-76.57,3.5149999999999997]]]},"properties":{"value":64.6313,"sigma":9.9246}},{"type":"Feature","geometry":{"type":"Polygon","coordinates":[[[-76.565,3.5149999999999997],[-76.56,3.5149999999999997],[-76.56,3.5199999999999996],[-76.565,3.5199999999999996],[-76.565,3.5149999999999997]]]},"properties":{"value":61.3374,"sigma":9.8788}},{"type":"Feature","geometry":{"type":"Polygon","coordinates":[[[-76.55999999999999,3.5149999999999997],[-76.55499999999999,3.5149999999999997],[-76.55499999999999,3.5199999999999996],[-76.55999999999999,3.5199999999999996],[-76.55999999999999,3.5149999999999997]]]},"properties":{"value":64.3611,"sigma":9.4413}},{"type":"Feature","geometry":{"type":"Polygon","coordinates":[[[-76.55499999999999,3.5149999999999997],[-76.55,3.5149999999999997],[-76.55,3.5199999999999996],[-76.55499999999999,3.5199999999999996],[-76.55499999999999,3.5149999999999997]]]},"properties":{"value":64.5374,"sigma":9.2351}},{"type":"Feature","geometry":{"type":"Polygon","coordinates":[[[-76.55,3.5149999999999997],[-76.545,3.5149999999999997],[-76.545,3.5199999999999996],[-76.55,3.5199999999999996],[-76.55,3.5149999999999997]]]},"properties":{"value":66.3669,"sigma":8.6871}},{"type":"Feature","geometry":{"type":"Polygon","coordinates":[[[-76.54499999999999,3.5149999999999997],[-76.53999999999999,3.5149999999999997],[-76.53999999999999,3.5199999999999996],[-76.54499999999999,3.5199999999999996],[-76.54499999999999,3.5149999999999997]]]},"properties":{"value":68.2171,"sigma":8.8256}},{"type":"Feature","geometry":{"type":"Polygon","coordinates":[[[-76.53999999999999,3.5149999999999997],[-76.535,3.5149999999999997],[-76.535,3.5199999999999996],[-76.53999999999999,3.5199999999999996],[-76.53999999999999,3.5149999999999997]]]},"properties":{"value":63.7569,"sigma":8.2539}},{"type":"Feature","geometry":{"type":"Polygon","coordinates":[[[-76.535,3.5149999999999997],[-76.53,3.5149999999999997],[-76.53,3.5199999999999996],[-76.535,3.5199999999999996],[-76.535,3.5149999999999997]]]},"properties":{"value":63.9543,"sigma":7.8037}},{"type":"Feature","geometry":{"type":"Polygon","coordinates":[[[-76.52999999999999,3.5149999999999997],[-76.52499999999999,3.5149999999999997],[-76.52499999999999,3.5199999999999996],[-76.52999999999999,3.5199999999999996],[-76.52999999999999,3.5149999999999997]]]},"properties":{"value":62.3826,"sigma":7.2395}},{"type":"Feature","geometry":{"type":"Polygon","coordinates":[[[-76.52499999999999,3.5149999999999997],[-76.52,3.5149999999999997],[-76.52,3.5199999999999996],[-76.52499999999999,3.5199999999999996],[-76.52499999999999,3.5149999999999997]]]},"properties":{"value":62.013,"sigma":7.5925}},{"type":"Feature","geometry":{"type":"Polygon","coordinates":[[[-76.52,3.5149999999999997],[-76.515,3.5149999999999997],[-76.515,3.5199999999999996],[-76.52,3.5199999999999996],[-76.52,3.5149999999999997]]]},"properties":{"value":65.1065,"sigma":6.5015}},{"type":"Feature","geometry":{"type":"Polygon","coordinates":[[[-76.51499999999999,3.5149999999999997],[-76.50999999999999,3.5149999999999997],[-76.50999999999999,3.5199999999999996],[-76.51499999999999,3.5199999999999996],[-76.51499999999999,3.5149999999999997]]]},"properties":{"value":68.5209,"sigma":7.4746}},{"type":"Feature","geometry":{"type":"Polygon","coordinates":[[[-76.50999999999999,3.5149999999999997],[-76.505,3.5149999999999997],[-76.505,3.5199999999999996],[-76.50999999999999,3.5199999999999996],[-76.50999999999999,3.5149999999999997]]]},"properties":{"value":62.6731,"sigma":8.3936}},{"type":"Feature","geometry":{"type":"Polygon","coordinates":[[[-76.505,3.5149999999999997],[-76.5,3.5149999999999997],[-76.5,3.5199999999999996],[-76.505,3.5199999999999996],[-76.505,3.5149999999999997]]]},"properties":{"value":66.3712,"sigma":7.6929}},{"type":"Feature","geometry":{"type":"Polygon","coordinates":[[[-76.49999999999999,3.5149999999999997],[-76.49499999999999,3.5149999999999997],[-76.49499999999999,3.5199999999999996],[-76.49999999999999,3.5199999999999996],[-76.49999999999999,3.5149999999999997]]]},"properties":{"value":69.2035,"sigma":7.5475}},{"type":"Feature","geometry":{"type":"Polygon","coordinates":[[[-76.49499999999999,3.5149999999999997],[-76.49,3.5149999999999997],[-76.49,3.5199999999999996],[-76.49499999999999,3.5199999999999996],[-76.49499999999999,3.5149999999999997]]]},"properties":{"value":64.523,"sigma":8.2764}},{"type":"Feature","geometry":{"type":"Polygon","coordinates":[[[-76.49,3.5149999999999997],[-76.485,3.5149999999999997],[-76.485,3.5199999999999996],[-76.49,3.5199999999999996],[-76.49,3.5149999999999997]]]},"properties":{"value":68.2081,"sigma":8.2877}},{"type":"Feature","geometry":{"type":"Polygon","coordinates":[[[-76.48499999999999,3.5149999999999997],[-76.47999999999999,3.5149999999999997],[-76.47999999999999,3.5199999999999996],[-76.48499999999999,3.5199999999999996],[-76.48499999999999,3.5149999999999997]]]},"properties":{"value":68.2955,"sigma":9.3414}},{"type":"Feature","geometry":{"type":"Polygon","coordinates":[[[-76.47999999999999,3.5149999999999997],[-76.475,3.5149999999999997],[-76.475,3.5199999999999996],[-76.47999999999999,3.5199999999999996],[-76.47999999999999,3.5149999999999997]]]},"properties":{"value":74.2208,"sigma":9.2976}},{"type":"Feature","geometry":{"type":"Polygon","coordinates":[[[-76.475,3.5149999999999997],[-76.47,3.5149999999999997],[-76.47,3.5199999999999996],[-76.475,3.5199999999999996],[-76.475,3.5149999999999997]]]},"properties":{"value":76.3905,"sigma":9.8119}},{"type":"Feature","geometry":{"type":"Polygon","coordinates":[[[-76.47,3.5149999999999997],[-76.465,3.5149999999999997],[-76.465,3.5199999999999996],[-76.47,3.5199999999999996],[-76.47,3.5149999999999997]]]},"properties":{"value":79.2206,"sigma":10.1813}},{"type":"Feature","geometry":{"type":"Polygon","coordinates":[[[-76.46499999999999,3.5149999999999997],[-76.46,3.5149999999999997],[-76.46,3.5199999999999996],[-76.46499999999999,3.5199999999999996],[-76.46499999999999,3.5149999999999997]]]},"properties":{"value":82.0843,"sigma":10.3525}},{"type":"Feature","geometry":{"type":"Polygon","coordinates":[[[-76.46,3.5149999999999997],[-76.455,3.5149999999999997],[-76.455,3.5199999999999996],[-76.46,3.5199999999999996],[-76.46,3.5149999999999997]]]},"properties":{"value":84.5558,"sigma":10.6124}},{"type":"Feature","geometry":{"type":"Polygon","coordinates":[[[-76.455,3.5149999999999997],[-76.45,3.5149999999999997],[-76.45,3.5199999999999996],[-76.455,3.5199999999999996],[-76.455,3.5149999999999997]]]},"properties":{"value":86.5927,"sigma":11.4087}},{"type":"Feature","geometry":{"type":"Polygon","coordinates":[[[-76.44999999999999,3.5149999999999997],[-76.445,3.5149999999999997],[-76.445,3.5199999999999996],[-76.44999999999999,3.5199999999999996],[-76.44999999999999,3.5149999999999997]]]},"properties":{"value":91.5176,"sigma":10.8357}},{"type":"Feature","geometry":{"type":"Polygon","coordinates":[[[-76.445,3.5149999999999997],[-76.44,3.5149999999999997],[-76.44,3.5199999999999996],[-76.445,3.5199999999999996],[-76.445,3.5149999999999997]]]},"properties":{"value":88.0277,"sigma":11.6231}},{"type":"Feature","geometry":{"type":"Polygon","coordinates":[[[-76.44,3.5149999999999997],[-76.435,3.5149999999999997],[-76.435,3.5199999999999996],[-76.44,3.5199999999999996],[-76.44,3.5149999999999997]]]},"properties":{"value":87.8604,"sigma":12.343}},{"type":"Feature","geometry":{"type":"Polygon","coordinates":[[[-76.43499999999999,3.5149999999999997],[-76.42999999999999,3.5149999999999997],[-76.42999999999999,3.5199999999999996],[-76.43499999999999,3.5199999999999996],[-76.43499999999999,3.5149999999999997]]]},"properties":{"value":84.6361,"sigma":13.487}},{"type":"Feature","geometry":{"type":"Polygon","coordinates":[[[-76.42999999999999,3.5149999999999997],[-76.425,3.5149999999999997],[-76.425,3.5199999999999996],[-76.42999999999999,3.5199999999999996],[-76.42999999999999,3.5149999999999997]]]},"properties":{"value":84.1208,"sigma":13.5214}},{"type":"Feature","geometry":{"type":"Polygon","coordinates":[[[-76.425,3.5149999999999997],[-76.42,3.5149999999999997],[-76.42,3.5199999999999996],[-76.425,3.5199999999999996],[-76.425,3.5149999999999997]]]},"properties":{"value":80.8932,"sigma":13.6588}},{"type":"Feature","geometry":{"type":"Polygon","coordinates":[[[-76.41999999999999,3.5149999999999997],[-76.41499999999999,3.5149999999999997],[-76.41499999999999,3.5199999999999996],[-76.41999999999999,3.5199999999999996],[-76.41999999999999,3.5149999999999997]]]},"properties":{"value":77.5346,"sigma":14.0562}},{"type":"Feature","geometry":{"type":"Polygon","coordinates":[[[-76.41499999999999,3.5149999999999997],[-76.41,3.5149999999999997],[-76.41,3.5199999999999996],[-76.41499999999999,3.5199999999999996],[-76.41499999999999,3.5149999999999997]]]},"properties":{"value":76.2945,"sigma":14.0249}},{"type":"Feature","geometry":{"type":"Polygon","coordinates":[[[-76.41,3.5149999999999997],[-76.405,3.5149999999999997],[-76.405,3.5199999999999996],[-76.41,3.5199999999999996],[-76.41,3.5149999999999997]]]},"properties":{"value":72.0396,"sigma":14.3843}},{"type":"Feature","geometry":{"type":"Polygon","coordinates":[[[-76.40499999999999,3.5149999999999997],[-76.39999999999999,3.5149999999999997],[-76.39999999999999,3.5199999999999996],[-76.40499999999999,3.5199999999999996],[-76.40499999999999,3.5149999999999997]]]},"properties":{"value":74.0219,"sigma":14.1478}},{"type":"Feature","geometry":{"type":"Polygon","coordinates":[[[-76.6,3.52],[-76.595,3.52],[-76.595,3.525],[-76.6,3.525],[-76.6,3.52]]]},"properties":{"value":62.6547,"sigma":12.7665}},{"type":"Feature","geometry":{"type":"Polygon","coordinates":[[[-76.595,3.52],[-76.59,3.52],[-76.59,3.525],[-76.595,3.525],[-76.595,3.52]]]},"properties":{"value":66.5383,"sigma":12.0353}},{"type":"Feature","geometry":{"type":"Polygon","coordinates":[[[-76.58999999999999,3.52],[-76.585,3.52],[-76.585,3.525],[-76.58999999999999,3.525],[-76.58999999999999,3.52]]]},"properties":{"value":63.1083,"sigma":12.0711}},{"type":"Feature","geometry":{"type":"Polygon","coordinates":[[[-76.585,3.52],[-76.58,3.52],[-76.58,3.525],[-76.585,3.525],[-76.585,3.52]]]},"properties":{"value":61.0918,"sigma":10.856}},{"type":"Feature","geometry":{"type":"Polygon","coordinates":[[[-76.58,3.52],[-76.575,3.52],[-76.575,3.525],[-76.58,3.525],[-76.58,3.52]]]},"properties":{"value":61.6861,"sigma":11.4886}},{"type":"Feature","geometry":{"type":"Polygon","coordinates":[[[-76.57499999999999,3.52],[-76.57,3.52],[-76.57,3.525],[-76.57499999999999,3.525],[-76.57499999999999,3.52]]]},"properties":{"value":66.4176,"sigma":10.6522}},{"type":"Feature","geometry":{"type":"Polygon","coordinates":[[[-76.57,3.52],[-76.565,3.52],[-76.565,3.525],[-76.57,3.525],[-76.57,3.52]]]},"properties":{"value":67.7668,"sigma":11.1058}},{"type":"Feature","geometry":{"type":"Polygon","coordinates":[[[-76.565,3.52],[-76.56,3.52],[-76.56,3.525],[-76.565,3.525],[-76.565,3.52]]]},"properties":{"value":62.9862,"sigma":9.7327}},{"type":"Feature","geometry":{"type":"Polygon","coordinates":[[[-76.55999999999999,3.52],[-76.55499999999999,3.52],[-76.55499999999999,3.525],[-76.55999999999999,3.525],[-76.55999999999999,3.52]]]},"properties":{"value":62.9009,"sigma":10.3265}},{"type":"Feature","geometry":{"type":"Polygon","coordinates":[[[-76.55499999999999,3.52],[-76.55,3.52],[-76.55,3.525],[-76.55499999999999,3.525],[-76.55499999999999,3.52]]]},"properties":{"value":64.914,"sigma":9.0009}},{"type":"Feature","geometry":{"type":"Polygon","coordinates":[[[-76.55,3.52],[-76.545,3.52],[-76.545,3.525],[-76.55,3.525],[-76.55,3.52]]]},"properties":{"value":63.3884,"sigma":8.9457}},{"type":"Feature","geometry":{"type":"Polygon","coordinates":[[[-76.54499999999999,3.52],[-76.53999999999999,3.52],[-76.53999999999999,3.525],[-76.54499999999999,3.525],[-76.54499999999999,3.52]]]},"properties":{"value":66.2268,"sigma":7.991}},{"type":"Feature","geometry":{"type":"Polygon","coordinates":[[[-76.53999999999999,3.52],[-76.535,3.52],[-76.535,3.525],[-76.53999999999999,3.525],[-76.53999999999999,3.52]]]},"properties":{"value":67.8408,"sigma":8.1312}},{"type":"Feature","geometry":{"type":"Polygon","coordinates":[[[-76.535,3.52],[-76.53,3.52],[-76.53,3.525],[-76.535,3.525],[-76.535,3.52]]]},"properties":{"value":65.7969,"sigma":8.1772}},{"type":"Feature","geometry":{"type":"Polygon","coordinates":[[[-76.52999999999999,3.52],[-76.52499999999999,3.52],[-76.52499999999999,3.525],[-76.52999999999999,3.525],[-76.52999999999999,3.52]]]},"properties":{"value":64.2159,"sigma":8.1041}},{"type":"Feature","geometry":{"type":"Polygon","coordinates":[[[-76.52499999999999,3.52],[-76.52,3.52],[-76.52,3.525],[-76.52499999999999,3.525],[-76.52499999999999,3.52]]]},"properties":{"value":61.6975,"sigma":8.1618}},{"type":"Feature","geometry":{"type":"Polygon","coordinates":[[[-76.52,3.52],[-76.515,3.52],[-76.515,3.525],[-76.52,3.525],[-76.52,3.52]]]},"properties":{"value":64.8895,"sigma":8.1338}},{"type":"Feature","geometry":{"type":"Polygon","coordinates":[[[-76.51499999999999,3.52],[-76.50999999999999,3.52],[-76.50999999999999,3.525],[-76.51499999999999,3.525],[-76.51499999999999,3.52]]]},"properties":{"value":67.3004,"sigma":7.9323}},{"type":"Feature","geometry":{"type":"Polygon","coordinates":[[[-76.50999999999999,3.52],[-76.505,3.52],[-76.505,3.525],[-76.50999999999999,3.525],[-76.50999999999999,3.52]]]},"properties":{"value":62.4702,"sigma":8.5684}},{"type":"Feature","geometry":{"type":"Polygon","coordinates":[[[-76.505,3.52],[-76.5,3.52],[-76.5,3.525],[-76.505,3.525],[-76.505,3.52]]]},"properties":{"value":69.102,"sigma":9.17}},{"type":"Feature","geometry":{"type":"Polygon","coordinates":[[[-76.49999999999999,3.52],[-76.49499999999999,3.52],[-76.49499999999999,3.525],[-76.49999999999999,3.525],[-76.49999999999999,3.52]]]},"properties":{"value":68.492,"sigma":8.0477}},{"type":"Feature","geometry":{"type":"Polygon","coordinates":[[[-76.49499999999999,3.52],[-76.49,3.52],[-76.49,3.525],[-76.49499999999999,3.525],[-76.49499999999999,3.52]]]},"properties":{"value":65.9111,"sigma":8.4846}},{"type":"Feature","geometry":{"type":"Polygon","coordinates":[[[-76.49,3.52],[-76.485,3.52],[-76.485,3.525],[-76.49,3.525],[-76.49,3.52]]]},"properties":{"value":67.3284,"sigma":8.9586}},{"type":"Feature","geometry":{"type":"Polygon","coordinates":[[[-76.48499999999999,3.52],[-76.47999999999999,3.52],[-76.47999999999999,3.525],[-76.48499999999999,3.525],[-76.48499999999999,3.52]]]},"properties":{"value":70.5598,"sigma":9.5345}},{"type":"Feature","geometry":{"type":"Polygon","coordinates":[[[-76.47999999999999,3.52],[-76.475,3.52],[-76.475,3.525],[-76.47999999999999,3.525],[-76.47999999999999,3.52]]]},"properties":{"value":76.2252,"sigma":9.1926}},{"type":"Feature","geometry":{"type":"Polygon","coordinates":[[[-76.475,3.52],[-76.47,3.52],[-76.47,3.525],[-76.475,3.525],[-76.475,3.52]]]},"properties":{"value":77.5117,"sigma":10.3548}},{"type":"Feature","geometry":{"type":"Polygon","coordinates":[[[-76.47,3.52],[-76.465,3.52],[-76.465,3.525],[-76.47,3.525],[-76.47,3.52]]]},"properties":{"value":79.1845,"sigma":9.6148}},{"type":"Feature","geometry":{"type":"Polygon","coordinates":[[[-76.46499999999999,3.52],[-76.46,3.52],[-76.46,3.525],[-76.46499999999999,3.525],[-76.46499999999999,3.52]]]},"properties":{"value":84.009,"sigma":10.6527}},{"type":"Feature","geometry":{"type":"Polygon","coordinates":[[[-76.46,3.52],[-76.455,3.52],[-76.455,3.525],[-76.46,3.525],[-76.46,3.52]]]},"properties":{"value":83.8503,"sigma":10.1753}},{"type":"Feature","geometry":{"type":"Polygon","coordinates":[[[-76.455,3.52],[-76.45,3.52],[-76.45,3.525],[-76.455,3.525],[-76.455,3.52]]]},"properties":{"value":88.8478,"sigma":11.2411}},{"type":"Feature","geometry":{"type":"Polygon","coordinates":[[[-76.44999999999999,3.52],[-76.445,3.52],[-76.445,3.525],[-76.44999999999999,3.525],[-76.44999999999999,3.52]]]},"properties":{"value":88.4961,"sigma":12.1935}},{"type":"Feature","geometry":{"type":"Polygon","coordinates":[[[-76.445,3.52],[-76.44,3.52],[-76.44,3.525],[-76.445,3.525],[-76.445,3.52]]]},"properties":{"value":92.9149,"sigma":12.0292}},{"type":"Feature","geometry":{"type":"Polygon","coordinates":[[[-76.44,3.52],[-76.435,3.52],[-76.435,3.525],[-76.44,3.525],[-76.44,3.52]]]},"properties":{"value":86.1169,"sigma":12.3429}},{"type":"Feature","geometry":{"type":"Polygon","coordinates":[[[-76.43499999999999,3.52],[-76.42999999999999,3.52],[-76.42999999999999,3.525],[-76.43499999999999,3.525],[-76.43499999999999,3.52]]]},"properties":{"value":88.4408,"sigma":13.4651}},{"type":"Feature","geometry":{"type":"Polygon","coordinates":[[[-76.42999999999999,3.52],[-76.425,3.52],[-76.425,3.525],[-76.42999999999999,3.525],[-76.42999999999999,3.52]]]},"properties":{"value":89.88,"sigma":13.7878}},{"type":"Feature","geometry":{"type":"Polygon","coordinates":[[[-76.425,3.52],[-76.42,3.52],[-76.42,3.525],[-76.425,3.525],[-76.425,3.52]]]},"properties":{"value":81.8955,"sigma":14.7498}},{"type":"Feature","geometry":{"type":"Polygon","coordinates":[[[-76.41999999999999,3.52],[-76.41499999999999,3.52],[-76.41499999999999,3.525],[-76.41999999999999,3.525],[-76.41999999999999,3.52]]]},"properties":{"value":78.1711,"sigma":14.7464}},{"type":"Feature","geometry":{"type":"Polygon","coordinates":[[[-76.41499999999999,3.52],[-76.41,3.52],[-76.41,3.525],[-76.41499999999999,3.525],[-76.41499999999999,3.52]]]},"properties":{"value":76.3699,"sigma":14.7947}},{"type":"Feature","geometry":{"type":"Polygon","coordinates":[[[-76.41,3.52],[-76.405,3.52],[-76.405,3.525],[-76.41,3.525],[-76.41,3.52]]]},"properties":{"value":75.7988,"sigma":14.5566}},{"type":"Feature","geometry":{"type":"Polygon","coordinates":[[[-76.40499999999999,3.52],[-76.39999999999999,3.52],[-76.39999999999999,3.525],[-76.40499999999999,3.525],[-76.40499999999999,3.52]]]},"properties":{"value":72.4985,"sigma":15.117}},{"type":"Feature","geometry":{"type":"Polygon","coordinates":[[[-76.6,3.525],[-76.595,3.525],[-76.595,3.53],[-76.6,3.53],[-76.6,3.525]]]},"properties":{"value":64.2862,"sigma":12.9279}},{"type":"Feature","geometry":{"type":"Polygon","coordinates":[[[-76.595,3.525],[-76.59,3.525],[-76.59,3.53],[-76.595,3.53],[-76.595,3.525]]]},"properties":{"value":63.4615,"sigma":12.3163}},{"type":"Feature","geometry":{"type":"Polygon","coordinates":[[[-76.58999999999999,3.525],[-76.585,3.525],[-76.585,3.53],[-76.58999999999999,3.53],[-76.58999999999999,3.525]]]},"properties":{"value":62.3926,"sigma":13.3933}},{"type":"Feature","geometry":{"type":"Polygon","coordinates":[[[-76.585,3.525],[-76.58,3.525],[-76.58,3.53],[-76.585,3.53],[-76.585,3.525]]]},"properties":{"value":64.8315,"sigma":12.0797}},{"type":"Feature","geometry":{"type":"Polygon","coordinates":[[[-76.58,3.525],[-76.575,3.525],[-76.575,3.53],[-76.58,3.53],[-76.58,3.525]]]},"properties":{"value":63.4163,"sigma":11.3272}},{"type":"Feature","geometry":{"type":"Polygon","coordinates":[[[-76.57499999999999,3.525],[-76.57,3.525],[-76.57,3.53],[-76.57499999999999,3.53],[-76.57499999999999,3.525]]]},"properties":{"value":65.1335,"sigma":11.5815}},{"type":"Feature","geometry":{"type":"Polygon","coordinates":[[[-76.57,3.525],[-76.565,3.525],[-76.565,3.53],[-76.57,3.53],[-76.57,3.525]]]},"properties":{"value":64.3485,"sigma":9.8727}},{"type":"Feature","geometry":{"type":"Polygon","coordinates":[[[-76.565,3.525],[-76.56,3.525],[-76.56,3.53],[-76.565,3.53],[-76.565,3.525]]]},"properties":{"value":61.5665,"sigma":9.6167}},{"type":"Feature","geometry":{"type":"Polygon","coordinates":[[[-76.55999999999999,3.525],[-76.55499999999999,3.525],[-76.55499999999999,3.53],[-76.55999999999999,3.53],[-76.55999999999999,3.525]]]},"properties":{"value":61.9265,"sigma":9.9917}},{"type":"Feature","geometry":{"type":"Polygon","coordinates":[[[-76.55499999999999,3.525],[-76.55,3.525],[-76.55,3.53],[-76.55499999999999,3.53],[-76.55499999999999,3.525]]]},"properties":{"value":62.874,"sigma":9.5247}},{"type":"Feature","geometry":{"type":"Polygon","coordinates":[[[-76.55,3.525],[-76.545,3.525],[-76.545,3.53],[-76.55,3.53],[-76.55,3.525]]]},"properties":{"value":64.9417,"sigma":9.567}},{"type":"Feature","geometry":{"type":"Polygon","coordinates":[[[-76.54499999999999,3.525],[-76.53999999999999,3.525],[-76.53999999999999,3.53],[-76.54499999999999,3.53],[-76.54499999999999,3.525]]]},"properties":{"value":63.6777,"sigma":8.9067}},{"type":"Feature","geometry":{"type":"Polygon","coordinates":[[[-76.53999999999999,3.525],[-76.535,3.525],[-76.535,3.53],[-76.53999999999999,3.53],[-76.53999999999999,3.525]]]},"properties":{"value":62.2703,"sigma":8.7641}},{"type":"Feature","geometry":{"type":"Polygon","coordinates":[[[-76.535,3.525],[-76.53,3.525],[-76.53,3.53],[-76.535,3.53],[-76.535,3.525]]]},"properties":{"value":63.7205,"sigma":8.4544}},{"type":"Feature","geometry":{"type":"Polygon","coordinates":[[[-76.52999999999999,3.525],[-76.52499999999999,3.525],[-76.52499999999999,3.53],[-76.52999999999999,3.53],[-76.52999999999999,3.525]]]},"properties":{"value":63.3453,"sigma":8.7639}},{"type":"Feature","geometry":{"type":"Polygon","coordinates":[[[-76.52499999999999,3.525],[-76.52,3.525],[-76.52,3.53],[-76.52499999999999,3.53],[-76.52499999999999,3.525]]]},"properties":{"value":69.4578,"sigma":8.1618}},{"type":"Feature","geometry":{"type":"Polygon","coordinates":[[[-76.52,3.525],[-76.515,3.525],[-76.515,3.53],[-76.52,3.53],[-76.52,3.525]]]},"properties":{"value":67.3398,"sigma":9.02}},{"type":"Feature","geometry":{"type":"Polygon","coordinates":[[[-76.51499999999999,3.525],[-76.50999999999999,3.525],[-76.50999999999999,3.53],[-76.51499999999999,3.53],[-76.51499999999999,3.525]]]},"properties":{"value":64.6875,"sigma":8.0008}},{"type":"Feature","geometry":{"type":"Polygon","coordinates":[[[-76.50999999999999,3.525],[-76.505,3.525],[-76.505,3.53],[-76.50999999999999,3.53],[-76.50999999999999,3.525]]]},"properties":{"value":62.6301,"sigma":8.5312}},{"type":"Feature","geometry":{"type":"Polygon","coordinates":[[[-76.505,3.525],[-76.5,3.525],[-76.5,3.53],[-76.505,3.53],[-76.505,3.525]]]},"properties":{"value":64.9544,"sigma":9.1464}},{"type":"Feature","geometry":{"type":"Polygon","coordinates":[[[-76.49999999999999,3.525],[-76.49499999999999,3.525],[-76.49499999999999,3.53],[-76.49999999999999,3.53],[-76.49999999999999,3.525]]]},"properties":{"value":67.4622,"sigma":9.2248}},{"type":"Feature","geometry":{"type":"Polygon","coordinates":[[[-76.49499999999999,3.525],[-76.49,3.525],[-76.49,3.53],[-76.49499999999999,3.53],[-76.49499999999999,3.525]]]},"properties":{"value":70.5531,"sigma":8.6203}},{"type":"Feature","geometry":{"type":"Polygon","coordinates":[[[-76.49,3.525],[-76.485,3.525],[-76.485,3.53],[-76.49,3.53],[-76.49,3.525]]]},"properties":{"value":69.2237,"sigma":9.9897}},{"type":"Feature","geometry":{"type":"Polygon","coordinates":[[[-76.48499999999999,3.525],[-76.47999999999999,3.525],[-76.47999999999999,3.53],[-76.48499999999999,3.53],[-76.48499999999999,3.525]]]},"properties":{"value":73.9132,"sigma":10.6295}},{"type":"Feature","geometry":{"type":"Polygon","coordinates":[[[-76.47999999999999,3.525],[-76.475,3.525],[-76.475,3.53],[-76.47999999999999,3.53],[-76.47999999999999,3.525]]]},"properties":{"value":75.8757,"sigma":10.1429}},{"type":"Feature","geometry":{"type":"Polygon","coordinates":[[[-76.475,3.525],[-76.47,3.525],[-76.47,3.53],[-76.475,3.53],[-76.475,3.525]]]},"properties":{"value":74.7826,"sigma":9.8775}},{"type":"Feature","geometry":{"type":"Polygon","coordinates":[[[-76.47,3.525],[-76.465,3.525],[-76.465,3.53],[-76.47,3.53],[-76.47,3.525]]]},"properties":{"value":75.675,"sigma":10.0378}},{"type":"Feature","geometry":{"type":"Polygon","coordinates":[[[-76.46499999999999,3.525],[-76.46,3.525],[-76.46,3.53],[-76.46499999999999,3.53],[-76.46499999999999,3.525]]]},"properties":{"value":81.7617,"sigma":11.3835}},{"type":"Feature","geometry":{"type":"Polygon","coordinates":[[[-76.46,3.525],[-76.455,3.525],[-76.455,3.53],[-76.46,3.53],[-76.46,3.525]]]},"properties":{"value":87.941,"sigma":12.0631}},{"type":"Feature","geometry":{"type":"Polygon","coordinates":[[[-76.455,3.525],[-76.45,3.525],[-76.45,3.53],[-76.455,3.53],[-76.455,3.525]]]},"properties":{"value":85.0179,"sigma":11.5508}},{"type":"Feature","geometry":{"type":"Polygon","coordinates":[[[-76.44999999999999,3.525],[-76.445,3.525],[-76.445,3.53],[-76.44999999999999,3.53],[-76.44999999999999,3.525]]]},"properties":{"value":90.8951,"sigma":11.5757}},{"type":"Feature","geometry":{"type":"Polygon","coordinates":[[[-76.445,3.525],[-76.44,3.525],[-76.44,3.53],[-76.445,3.53],[-76.445,3.525]]]},"properties":{"value":92.5896,"sigma":12.1428}},{"type":"Feature","geometry":{"type":"Polygon","coordinates":[[[-76.44,3.525],[-76.435,3.525],[-76.435,3.53],[-76.44,3.53],[-76.44,3.525]]]},"properties":{"value":90.4365,"sigma":13.1139}},{"type":"Feature","geometry":{"type":"Polygon","coordinates":[[[-76.43499999999999,3.525],[-76.42999999999999,3.525],[-76.42999999999999,3.53],[-76.43499999999999,3.53],[-76.43499999999999,3.525]]]},"properties":{"value":90.092,"sigma":13.5957}},{"type":"Feature","geometry":{"type":"Polygon","coordinates":[[[-76.42999999999999,3.525],[-76.425,3.525],[-76.425,3.53],[-76.42999999999999,3.53],[-76.42999999999999,3.525]]]},"properties":{"value":85.4769,"sigma":13.4577}},{"type":"Feature","geometry":{"type":"Polygon","coordinates":[[[-76.425,3.525],[-76.42,3.525],[-76.42,3.53],[-76.425,3.53],[-76.425,3.525]]]},"properties":{"value":83.22,"sigma":13.7546}},{"type":"Feature","geometry":{"type":"Polygon","coordinates":[[[-76.41999999999999,3.525],[-76.41499999999999,3.525],[-76.41499999999999,3.53],[-76.41999999999999,3.53],[-76.41999999999999,3.525]]]},"properties":{"value":79.1256,"sigma":14.5456}},{"type":"Feature","geometry":{"type":"Polygon","coordinates":[[[-76.41499999999999,3.525],[-76.41,3.525],[-76.41,3.53],[-76.41499999999999,3.53],[-76.41499999999999,3.525]]]},"properties":{"value":75.9529,"sigma":15.3623}},{"type":"Feature","geometry":{"type":"Polygon","coordinates":[[[-76.41,3.525],[-76.405,3.525],[-76.405,3.53],[-76.41,3.53],[-76.41,3.525]]]},"properties":{"value":73.9778,"sigma":14.8449}},{"type":"Feature","geometry":{"type":"Polygon","coordinates":[[[-76.40499999999999,3.525],[-76.39999999999999,3.525],[-76.39999999999999,3.53],[-76.40499999999999,3.53],[-76.40499999999999,3.525]]]},"properties":{"value":68.171,"sigma":15.5645}},{"type":"Feature","geometry":{"type":"Polygon","coordinates":[[[-76.6,3.53],[-76.595,3.53],[-76.595,3.5349999999999997],[-76.6,3.5349999999999997],[-76.6,3.53]]]},"properties":{"value":63.3094,"sigma":13.4469}},{"type":"Feature","geometry":{"type":"Polygon","coordinates":[[[-76.595,3.53],[-76.59,3.53],[-76.59,3.5349999999999997],[-76.595,3.5349999999999997],[-76.595,3.53]]]},"properties":{"value":68.7142,"sigma":13.1733}},{"type":"Feature","geometry":{"type":"Polygon","coordinates":[[[-76.58999999999999,3.53],[-76.585,3.53],[-76.585,3.5349999999999997],[-76.58999999999999,3.5349999999999997],[-76.58999999999999,3.53]]]},"properties":{"value":64.068,"sigma":11.9514}},{"type":"Feature","geometry":{"type":"Polygon","coordinates":[[[-76.585,3.53],[-76.58,3.53],[-76.58,3.5349999999999997],[-76.585,3.5349999999999997],[-76.585,3.53]]]},"properties":{"value":64.5478,"sigma":11.7349}},{"type":"Feature","geometry":{"type":"Polygon","coordinates":[[[-76.58,3.53],[-76.575,3.53],[-76.575,3.5349999999999997],[-76.58,3.5349999999999997],[-76.58,3.53]]]},"properties":{"value":62.6633,"sigma":11.77}},{"type":"Feature","geometry":{"type":"Polygon","coordinates":[[[-76.57499999999999,3.53],[-76.57,3.53],[-76.57,3.5349999999999997],[-76.57499999999999,3.5349999999999997],[-76.57499999999999,3.53]]]},"properties":{"value":62.466,"sigma":11.2525}},{"type":"Feature","geometry":{"type":"Polygon","coordinates":[[[-76.57,3.53],[-76.565,3.53],[-76.565,3.5349999999999997],[-76.57,3.5349999999999997],[-76.57,3.53]]]},"properties":{"value":64.3284,"sigma":11.4544}},{"type":"Feature","geometry":{"type":"Polygon","coordinates":[[[-76.565,3.53],[-76.56,3.53],[-76.56,3.5349999999999997],[-76.565,3.5349999999999997],[-76.565,3.53]]]},"properties":{"value":60.8141,"sigma":10.1767}},{"type":"Feature","geometry":{"type":"Polygon","coordinates":[[[-76.55999999999999,3.53],[-76.55499999999999,3.53],[-76.55499999999999,3.5349999999999997],[-76.55999999999999,3.5349999999999997],[-76.55999999999999,3.53]]]},"properties":{"value":67.1581,"sigma":10.3491}},{"type":"Feature","geometry":{"type":"Polygon","coordinates":[[[-76.55499999999999,3.53],[-76.55,3.53],[-76.55,3.5349999999999997],[-76.55499999999999,3.5349999999999997],[-76.55499999999999,3.53]]]},"properties":{"value":65.7634,"sigma":10.1015}},{"type":"Feature","geometry":{"type":"Polygon","coordinates":[[[-76.55,3.53],[-76.545,3.53],[-76.545,3.5349999999999997],[-76.55,3.5349999999999997],[-76.55,3.53]]]},"properties":{"value":65.5031,"sigma":9.392}},{"type":"Feature","geometry":{"type":"Polygon","coordinates":[[[-76.54499999999999,3.53],[-76.53999999999999,3.53],[-76.53999999999999,3.5349999999999997],[-76.54499999999999,3.5349999999999997],[-76.54499999999999,3.53]]]},"properties":{"value":65.5875,"sigma":9.5462}},{"type":"Feature","geometry":{"type":"Polygon","coordinates":[[[-76.53999999999999,3.53],[-76.535,3.53],[-76.535,3.5349999999999997],[-76.53999999999999,3.5349999999999997],[-76.53999999999999,3.53]]]},"properties":{"value":65.1978,"sigma":8.9088}},{"type":"Feature","geometry":{"type":"Polygon","coordinates":[[[-76.535,3.53],[-76.53,3.53],[-76.53,3.5349999999999997],[-76.535,3.5349999999999997],[-76.535,3.53]]]},"properties":{"value":67.5471,"sigma":8.6852}},{"type":"Feature","geometry":{"type":"Polygon","coordinates":[[[-76.52999999999999,3.53],[-76.52499999999999,3.53],[-76.52499999999999,3.5349999999999997],[-76.52999999999999,3.5349999999999997],[-76.52999999999999,3.53]]]},"properties":{"value":63.1457,"sigma":8.5105}},{"type":"Feature","geometry":{"type":"Polygon","coordinates":[[[-76.52499999999999,3.53],[-76.52,3.53],[-76.52,3.5349999999999997],[-76.52499999999999,3.5349999999999997],[-76.52499999999999,3.53]]]},"properties":{"value":61.6631,"sigma":9.0456}},{"type":"Feature","geometry":{"type":"Polygon","coordinates":[[[-76.52,3.53],[-76.515,3.53],[-76.515,3.5349999999999997],[-76.52,3.5349999999999997],[-76.52,3.53]]]},"properties":{"value":60.2732,"sigma":8.8309}},{"type":"Feature","geometry":{"type":"Polygon","coordinates":[[[-76.51499999999999,3.53],[-76.50999999999999,3.53],[-76.50999999999999,3.5349999999999997],[-76.51499999999999,3.5349999999999997],[-76.51499999999999,3.53]]]},"properties":{"value":68.7509,"sigma":8.8498}},{"type":"Feature","geometry":{"type":"Polygon","coordinates":[[[-76.50999999999999,3.53],[-76.505,3.53],[-76.505,3.5349999999999997],[-76.50999999999999,3.5349999999999997],[-76.50999999999999,3.53]]]},"properties":{"value":67.2818,"sigma":8.6266}},{"type":"Feature","geometry":{"type":"Polygon","coordinates":[[[-76.505,3.53],[-76.5,3.53],[-76.5,3.5349999999999997],[-76.505,3.5349999999999997],[-76.505,3.53]]]},"properties":{"value":66.6744,"sigma":8.7393}},{"type":"Feature","geometry":{"type":"Polygon","coordinates":[[[-76.49999999999999,3.53],[-76.49499999999999,3.53],[-76.49499999999999,3.5349999999999997],[-76.49999999999999,3.5349999999999997],[-76.49999999999999,3.53]]]},"properties":{"value":66.4458,"sigma":8.7887}},{"type":"Feature","geometry":{"type":"Polygon","coordinates":[[[-76.49499999999999,3.53],[-76.49,3.53],[-76.49,3.5349999999999997],[-76.49499999999999,3.5349999999999997],[-76.49499999999999,3.53]]]},"properties":{"value":65.5188,"sigma":9.2951}},{"type":"Feature","geometry":{"type":"Polygon","coordinates":[[[-76.49,3.53],[-76.485,3.53],[-76.485,3.5349999999999997],[-76.49,3.5349999999999997],[-76.49,3.53]]]},"properties":{"value":69.4447,"sigma":9.801}},{"type":"Feature","geometry":{"type":"Polygon","coordinates":[[[-76.48499999999999,3.53],[-76.47999999999999,3.53],[-76.47999999999999,3.5349999999999997],[-76.48499999999999,3.5349999999999997],[-76.48499999999999,3.53]]]},"properties":{"value":68.5047,"sigma":9.9905}},{"type":"Feature","geometry":{"type":"Polygon","coordinates":[[[-76.47999999999999,3.53],[-76.475,3.53],[-76.475,3.5349999999999997],[-76.47999999999999,3.5349999999999997],[-76.47999999999999,3.53]]]},"properties":{"value":73.6429,"sigma":10.4896}},{"type":"Feature","geometry":{"type":"Polygon","coordinates":[[[-76.475,3.53],[-76.47,3.53],[-76.47,3.5349999999999997],[-76.475,3.5349999999999997],[-76.475,3.53]]]},"properties":{"value":79.1063,"sigma":10.0576}},{"type":"Feature","geometry":{"type":"Polygon","coordinates":[[[-76.47,3.53],[-76.465,3.53],[-76.465,3.5349999999999997],[-76.47,3.5349999999999997],[-76.47,3.53]]]},"properties":{"value":78.7957,"sigma":11.2412}},{"type":"Feature","geometry":{"type":"Polygon","coordinates":[[[-76.46499999999999,3.53],[-76.46,3.53],[-76.46,3.5349999999999997],[-76.46499999999999,3.5349999999999997],[-76.46499999999999,3.53]]]},"properties":{"value":82.8564,"sigma":10.9202}},{"type":"Feature","geometry":{"type":"Polygon","coordinates":[[[-76.46,3.53],[-76.455,3.53],[-76.455,3.5349999999999997],[-76.46,3.5349999999999997],[-76.46,3.53]]]},"properties":{"value":85.1209,"sigma":10.7777}},{"type":"Feature","geometry":{"type":"Polygon","coordinates":[[[-76.455,3.53],[-76.45,3.53],[-76.45,3.5349999999999997],[-76.455,3.5349999999999997],[-76.455,3.53]]]},"properties":{"value":82.3449,"sigma":12.3496}},{"type":"Feature","geometry":{"type":"Polygon","coordinates":[[[-76.44999999999999,3.53],[-76.445,3.53],[-76.445,3.5349999999999997],[-76.44999999999999,3.5349999999999997],[-76.44999999999999,3.53]]]},"properties":{"value":88.9011,"sigma":12.6007}},{"type":"Feature","geometry":{"type":"Polygon","coordinates":[[[-76.445,3.53],[-76.44,3.53],[-76.44,3.5349999999999997],[-76.445,3.5349999999999997],[-76.445,3.53]]]},"properties":{"value":88.7025,"sigma":12.6004}},{"type":"Feature","geometry":{"type":"Polygon","coordinates":[[[-76.44,3.53],[-76.435,3.53],[-76.435,3.5349999999999997],[-76.44,3.5349999999999997],[-76.44,3.53]]]},"properties":{"value":90.8159,"sigma":12.8194}},{"type":"Feature","geometry":{"type":"Polygon","coordinates":[[[-76.43499999999999,3.53],[-76.42999999999999,3.53],[-76.42999999999999,3.5349999999999997],[-76.43499999999999,3.5349999999999997],[-76.43499999999999,3.53]]]},"properties":{"value":88.5145,"sigma":13.9036}},{"type":"Feature","geometry":{"type":"Polygon","coordinates":[[[-76.42999999999999,3.53],[-76.425,3.53],[-76.425,3.5349999999999997],[-76.42999999999999,3.5349999999999997],[-76.42999999999999,3.53]]]},"properties":{"value":84.6219,"sigma":14.4074}},{"type":"Feature","geometry":{"type":"Polygon","coordinates":[[[-76.425,3.53],[-76.42,3.53],[-76.42,3.5349999999999997],[-76.425,3.5349999999999997],[-76.425,3.53]]]},"properties":{"value":83.0654,"sigma":14.6373}},{"type":"Feature","geometry":{"type":"Polygon","coordinates":[[[-76.41999999999999,3.53],[-76.41499999999999,3.53],[-76.41499999999999,3.5349999999999997],[-76.41999999999999,3.5349999999999997],[-76.41999999999999,3.53]]]},"properties":{"value":77.5446,"sigma":14.3011}},{"type":"Feature","geometry":{"type":"Polygon","coordinates":[[[-76.41499999999999,3.53],[-76.41,3.53],[-76.41,3.5349999999999997],[-76.41499999999999,3.5349999999999997],[-76.41499999999999,3.53]]]},"properties":{"value":77.2785,"sigma":14.8887}},{"type":"Feature","geometry":{"type":"Polygon","coordinates":[[[-76.41,3.53],[-76.405,3.53],[-76.405,3.5349999999999997],[-76.41,3.5349999999999997],[-76.41,3.53]]]},"properties":{"value":71.7392,"sigma":15.4028}},{"type":"Feature","geometry":{"type":"Polygon","coordinates":[[[-76.40499999999999,3.53],[-76.39999999999999,3.53],[-76.39999999999999,3.5349999999999997],[-76.40499999999999,3.5349999999999997],[-76.40499999999999,3.53]]]},"properties":{"value":73.0219,"sigma":15.9937}},{"type":"Feature","geometry":{"type":"Polygon","coordinates":[[[-76.6,3.5349999999999997],[-76.595,3.5349999999999997],[-76.595,3.5399999999999996],[-76.6,3.5399999999999996],[-76.6,3.5349999999999997]]]},"properties":{"value":61.2658,"sigma":12.651}},{"type":"Feature","geometry":{"type":"Polygon","coordinates":[[[-76.595,3.5349999999999997],[-76.59,3.5349999999999997],[-76.59,3.5399999999999996],[-76.595,3.5399999999999996],[-76.595,3.5349999999999997]]]},"properties":{"value":66.8944,"sigma":13.346}},{"type":"Feature","geometry":{"type":"Polygon","coordinates":[[[-76.58999999999999,3.5349999999999997],[-76.585,3.5349999999999997],[-76.585,3.5399999999999996],[-76.58999999999999,3.5399999999999996],[-76.58999999999999,3.5349999999999997]]]},"properties":{"value":64.6812,"sigma":11.9598}},{"type":"Feature","geometry":{"type":"Polygon","coordinates":[[[-76.585,3.5349999999999997],[-76.58,3.5349999999999997],[-76.58,3.5399999999999996],[-76.585,3.5399999999999996],[-76.585,3.5349999999999997]]]},"properties":{"value":62.805,"sigma":12.7084}},{"type":"Feature","geometry":{"type":"Polygon","coordinates":[[[-76.58,3.5349999999999997],[-76.575,3.5349999999999997],[-76.575,3.5399999999999996],[-76.58,3.5399999999999996],[-76.58,3.5349999999999997]]]},"properties":{"value":63.3442,"sigma":11.8761}},{"type":"Feature","geometry":{"type":"Polygon","coordinates":[[[-76.57499999999999,3.5349999999999997],[-76.57,3.5349999999999997],[-76.57,3.5399999999999996],[-76.57499999999999,3.5399999999999996],[-76.57499999999999,3.5349999999999997]]]},"properties":{"value":63.5177,"sigma":12.1012}},{"type":"Feature","geometry":{"type":"Polygon","coordinates":[[[-76.57,3.5349999999999997],[-76.565,3.5349999999999997],[-76.565,3.5399999999999996],[-76.57,3.5399999999999996],[-76.57,3.5349999999999997]]]},"properties":{"value":67.1458,"sigma":11.2646}},{"type":"Feature","geometry":{"type":"Polygon","coordinates":[[[-76.565,3.5349999999999997],[-76.56,3.5349999999999997],[-76.56,3.5399999999999996],[-76.565,3.5399999999999996],[-76.565,3.5349999999999997]]]},"properties":{"value":68.2383,"sigma":10.2718}},{"type":"Feature","geometry":{"type":"Polygon","coordinates":[[[-76.55999999999999,3.5349999999999997],[-76.55499999999999,3.5349999999999997],[-76.55499999999999,3.5399999999999996],[-76.55999999999999,3.5399999999999996],[-76.55999999999999,3.5349999999999997]]]},"properties":{"value":64.1328,"sigma":10.7754}},{"type":"Feature","geometry":{"type":"Polygon","coordinates":[[[-76.55499999999999,3.5349999999999997],[-76.55,3.5349999999999997],[-76.55,3.5399999999999996],[-76.55499999999999,3.5399999999999996],[-76.55499999999999,3.5349999999999997]]]},"properties":{"value":65.8463,"sigma":10.3567}},{"type":"Feature","geometry":{"type":"Polygon","coordinates":[[[-76.55,3.5349999999999997],[-76.545,3.5349999999999997],[-76.545,3.5399999999999996],[-76.55,3.5399999999999996],[-76.55,3.5349999999999997]]]},"properties":{"value":65.3745,"sigma":9.8307}},{"type":"Feature","geometry":{"type":"Polygon","coordinates":[[[-76.54499999999999,3.5349999999999997],[-76.53999999999999,3.5349999999999997],[-76.53999999999999,3.5399999999999996],[-76.54499999999999,3.5399999999999996],[-76.54499999999999,3.5349999999999997]]]},"properties":{"value":61.1493,"sigma":9.2633}},{"type":"Feature","geometry":{"type":"Polygon","coordinates":[[[-76.53999999999999,3.5349999999999997],[-76.535,3.5349999999999997],[-76.535,3.5399999999999996],[-76.53999999999999,3.5399999999999996],[-76.53999999999999,3.5349999999999997]]]},"properties":{"value":61.6413,"sigma":9.5965}},{"type":"Feature","geometry":{"type":"Polygon","coordinates":[[[-76.535,3.5349999999999997],[-76.53,3.5349999999999997],[-76.53,3.5399999999999996],[-76.535,3.5399999999999996],[-76.535,3.5349999999999997]]]},"properties":{"value":63.6867,"sigma":9.335}},{"type":"Feature","geometry":{"type":"Polygon","coordinates":[[[-76.52999999999999,3.5349999999999997],[-76.52499999999999,3.5349999999999997],[-76.52499999999999,3.5399999999999996],[-76.52999999999999,3.5399999999999996],[-76.52999999999999,3.5349999999999997]]]},"properties":{"value":65.5386,"sigma":8.6421}},{"type":"Feature","geometry":{"type":"Polygon","coordinates":[[[-76.52499999999999,3.5349999999999997],[-76.52,3.5349999999999997],[-76.52,3.5399999999999996],[-76.52499999999999,3.5399999999999996],[-76.52499999999999,3.5349999999999997]]]},"properties":{"value":63.9992,"sigma":9.0831}},{"type":"Feature","geometry":{"type":"Polygon","coordinates":[[[-76.52,3.5349999999999997],[-76.515,3.5349999999999997],[-76.515,3.5399999999999996],[-76.52,3.5399999999999996],[-76.52,3.5349999999999997]]]},"properties":{"value":64.4684,"sigma":9.2815}},{"type":"Feature","geometry":{"type":"Polygon","coordinates":[[[-76.51499999999999,3.5349999999999997],[-76.50999999999999,3.5349999999999997],[-76.50999999999999,3.5399999999999996],[-76.51499999999999,3.5399999999999996],[-76.51499999999999,3.5349999999999997]]]},"properties":{"value":61.8082,"sigma":8.9348}},{"type":"Feature","geometry":{"type":"Polygon","coordinates":[[[-76.50999999999999,3.5349999999999997],[-76.505,3.5349999999999997],[-76.505,3.5399999999999996],[-76.50999999999999,3.5399999999999996],[-76.50999999999999,3.5349999999999997]]]},"properties":{"value":66.9311,"sigma":9.5492}},{"type":"Feature","geometry":{"type":"Polygon","coordinates":[[[-76.505,3.5349999999999997],[-76.5,3.5349999999999997],[-76.5,3.5399999999999996],[-76.505,3.5399999999999996],[-76.505,3.5349999999999997]]]},"properties":{"value":65.3512,"sigma":9.3808}},{"type":"Feature","geometry":{"type":"Polygon","coordinates":[[[-76.49999999999999,3.5349999999999997],[-76.49499999999999,3.5349999999999997],[-76.49499999999999,3.5399999999999996],[-76.49999999999999,3.5399999999999996],[-76.49999999999999,3.5349999999999997]]]},"properties":{"value":69.3588,"sigma":9.8484}},{"type":"Feature","geometry":{"type":"Polygon","coordinates":[[[-76.49499999999999,3.5349999999999997],[-76.49,3.5349999999999997],[-76.49,3.5399999999999996],[-76.49499999999999,3.5399999999999996],[-76.49499999999999,3.5349999999999997]]]},"properties":{"value":68.1508,"sigma":9.4456}},{"type":"Feature","geometry":{"type":"Polygon","coordinates":[[[-76.49,3.5349999999999997],[-76.485,3.5349999999999997],[-76.485,3.5399999999999996],[-76.49,3.5399999999999996],[-76.49,3.5349999999999997]]]},"properties":{"value":67.9262,"sigma":10.2288}},{"type":"Feature","geometry":{"type":"Polygon","coordinates":[[[-76.48499999999999,3.5349999999999997],[-76.47999999999999,3.5349999999999997],[-76.47999999999999,3.5399999999999996],[-76.48499999999999,3.5399999999999996],[-76.48499999999999,3.5349999999999997]]]},"properties":{"value":71.3317,"sigma":9.8096}},{"type":"Feature","geometry":{"type":"Polygon","coordinates":[[[-76.47999999999999,3.5349999999999997],[-76.475,3.5349999999999997],[-76.475,3.5399999999999996],[-76.47999999999999,3.5399999999999996],[-76.47999999999999,3.5349999999999997]]]},"properties":{"value":71.1821,"sigma":10.4569}},{"type":"Feature","geometry":{"type":"Polygon","coordinates":[[[-76.475,3.5349999999999997],[-76.47,3.5349999999999997],[-76.47,3.5399999999999996],[-76.475,3.5399999999999996],[-76.475,3.5349999999999997]]]},"properties":{"value":76.6594,"sigma":11.0648}},{"type":"Feature","geometry":{"type":"Polygon","coordinates":[[[-76.47,3.5349999999999997],[-76.465,3.5349999999999997],[-76.465,3.5399999999999996],[-76.47,3.5399999999999996],[-76.47,3.5349999999999997]]]},"properties":{"value":77.7327,"sigma":11.0508}},{"type":"Feature","geometry":{"type":"Polygon","coordinates":[[[-76.46499999999999,3.5349999999999997],[-76.46,3.5349999999999997],[-76.46,3.5399999999999996],[-76.46499999999999,3.5399999999999996],[-76.46499999999999,3.5349999999999997]]]},"properties":{"value":79.1041,"sigma":11.9433}},{"type":"Feature","geometry":{"type":"Polygon","coordinates":[[[-76.46,3.5349999999999997],[-76.455,3.5349999999999997],[-76.455,3.5399999999999996],[-76.46,3.5399999999999996],[-76.46,3.5349999999999997]]]},"properties":{"value":80.0187,"sigma":12.3459}},{"type":"Feature","geometry":{"type":"Polygon","coordinates":[[[-76.455,3.5349999999999997],[-76.45,3.5349999999999997],[-76.45,3.5399999999999996],[-76.455,3.5399999999999996],[-76.455,3.5349999999999997]]]},"properties":{"value":87.4205,"sigma":12.142}},{"type":"Feature","geometry":{"type":"Polygon","coordinates":[[[-76.44999999999999,3.5349999999999997],[-76.445,3.5349999999999997],[-76.445,3.5399999999999996],[-76.44999999999999,3.5399999999999996],[-76.44999999999999,3.5349999999999997]]]},"properties":{"value":83.3899,"sigma":12.8396}},{"type":"Feature","geometry":{"type":"Polygon","coordinates":[[[-76.445,3.5349999999999997],[-76.44,3.5349999999999997],[-76.44,3.5399999999999996],[-76.445,3.5399999999999996],[-76.445,3.5349999999999997]]]},"properties":{"value":86.4337,"sigma":13.2683}},{"type":"Feature","geometry":{"type":"Polygon","coordinates":[[[-76.44,3.5349999999999997],[-76.435,3.5349999999999997],[-76.435,3.5399999999999996],[-76.44,3.5399999999999996],[-76.44,3.5349999999999997]]]},"properties":{"value":86.3707,"sigma":13.694}},{"type":"Feature","geometry":{"type":"Polygon","coordinates":[[[-76.43499999999999,3.5349999999999997],[-76.42999999999999,3.5349999999999997],[-76.42999999999999,3.5399999999999996],[-76.43499999999999,3.5399999999999996],[-76.43499999999999,3.5349999999999997]]]},"properties":{"value":84.8752,"sigma":13.7503}},{"type":"Feature","geometry":{"type":"Polygon","coordinates":[[[-76.42999999999999,3.5349999999999997],[-76.425,3.5349999999999997],[-76.425,3.5399999999999996],[-76.42999999999999,3.5399999999999996],[-76.42999999999999,3.5349999999999997]]]},"properties":{"value":83.3025,"sigma":14.4242}},{"type":"Feature","geometry":{"type":"Polygon","coordinates":[[[-76.425,3.5349999999999997],[-76.42,3.5349999999999997],[-76.42,3.5399999999999996],[-76.425,3.5399999999999996],[-76.425,3.5349999999999997]]]},"properties":{"value":79.6551,"sigma":14.4284}},{"type":"Feature","geometry":{"type":"Polygon","coordinates":[[[-76.41999999999999,3.5349999999999997],[-76.41499999999999,3.5349999999999997],[-76.41499999999999,3.5399999999999996],[-76.41999999999999,3.5399999999999996],[-76.41999999999999,3.5349999999999997]]]},"properties":{"value":77.7488,"sigma":15.0819}},{"type":"Feature","geometry":{"type":"Polygon","coordinates":[[[-76.41499999999999,3.5349999999999997],[-76.41,3.5349999999999997],[-76.41,3.5399999999999996],[-76.41499999999999,3.5399999999999996],[-76.41499999999999,3.5349999999999997]]]},"properties":{"value":75.048,"sigma":14.6124}},{"type":"Feature","geometry":{"type":"Polygon","coordinates":[[[-76.41,3.5349999999999997],[-76.405,3.5349999999999997],[-76.405,3.5399999999999996],[-76.41,3.5399999999999996],[-76.41,3.5349999999999997]]]},"properties":{"value":71.3708,"sigma":15.5698}},{"type":"Feature","geometry":{"type":"Polygon","coordinates":[[[-76.40499999999999,3.5349999999999997],[-76.39999999999999,3.5349999999999997],[-76.39999999999999,3.5399999999999996],[-76.40499999999999,3.5399999999999996],[-76.40499999999999,3.5349999999999997]]]},"properties":{"value":70.8842,"sigma":17.3897}},{"type":"Feature","geometry":{"type":"Polygon","coordinates":[[[-76.6,3.54],[-76.595,3.54],[-76.595,3.545],[-76.6,3.545],[-76.6,3.54]]]},"properties":{"value":66.0421,"sigma":13.5771}},{"type":"Feature","geometry":{"type":"Polygon","coordinates":[[[-76.595,3.54],[-76.59,3.54],[-76.59,3.545],[-76.595,3.545],[-76.595,3.54]]]},"properties":{"value":66.8996,"sigma":13.6}},{"type":"Feature","geometry":{"type":"Polygon","coordinates":[[[-76.58999999999999,3.54],[-76.585,3.54],[-76.585,3.545],[-76.58999999999999,3.545],[-76.58999999999999,3.54]]]},"properties":{"value":67.8726,"sigma":12.082}},{"type":"Feature","geometry":{"type":"Polygon","coordinates":[[[-76.585,3.54],[-76.58,3.54],[-76.58,3.545],[-76.585,3.545],[-76.585,3.54]]]},"properties":{"value":63.1063,"sigma":12.3431}},{"type":"Feature","geometry":{"type":"Polygon","coordinates":[[[-76.58,3.54],[-76.575,3.54],[-76.575,3.545],[-76.58,3.545],[-76.58,3.54]]]},"properties":{"value":66.2446,"sigma":12.0921}},{"type":"Feature","geometry":{"type":"Polygon","coordinates":[[[-76.57499999999999,3.54],[-76.57,3.54],[-76.57,3.545],[-76.57499999999999,3.545],[-76.57499999999999,3.54]]]},"properties":{"value":66.6158,"sigma":11.9825}},{"type":"Feature","geometry":{"type":"Polygon","coordinates":[[[-76.57,3.54],[-76.565,3.54],[-76.565,3.545],[-76.57,3.545],[-76.57,3.54]]]},"properties":{"value":62.0871,"sigma":11.1283}},{"type":"Feature","geometry":{"type":"Polygon","coordinates":[[[-76.565,3.54],[-76.56,3.54],[-76.56,3.545],[-76.565,3.545],[-76.565,3.54]]]},"properties":{"value":64.4285,"sigma":11.5138}},{"type":"Feature","geometry":{"type":"Polygon","coordinates":[[[-76.55999999999999,3.54],[-76.55499999999999,3.54],[-76.55499999999999,3.545],[-76.55999999999999,3.545],[-76.55999999999999,3.54]]]},"properties":{"value":64.3436,"sigma":11.0591}},{"type":"Feature","geometry":{"type":"Polygon","coordinates":[[[-76.55499999999999,3.54],[-76.55,3.54],[-76.55,3.545],[-76.55499999999999,3.545],[-76.55499999999999,3.54]]]},"properties":{"value":67.8127,"sigma":11.1533}},{"type":"Feature","geometry":{"type":"Polygon","coordinates":[[[-76.55,3.54],[-76.545,3.54],[-76.545,3.545],[-76.55,3.545],[-76.55,3.54]]]},"properties":{"value":64.9445,"sigma":10.8613}},{"type":"Feature","geometry":{"type":"Polygon","coordinates":[[[-76.54499999999999,3.54],[-76.53999999999999,3.54],[-76.53999999999999,3.545],[-76.54499999999999,3.545],[-76.54499999999999,3.54]]]},"properties":{"value":64.4884,"sigma":10.7666}},{"type":"Feature","geometry":{"type":"Polygon","coordinates":[[[-76.53999999999999,3.54],[-76.535,3.54],[-76.535,3.545],[-76.53999999999999,3.545],[-76.53999999999999,3.54]]]},"properties":{"value":63.2147,"sigma":9.5227}},{"type":"Feature","geometry":{"type":"Polygon","coordinates":[[[-76.535,3.54],[-76.53,3.54],[-76.53,3.545],[-76.535,3.545],[-76.535,3.54]]]},"properties":{"value":64.952,"sigma":9.4937}},{"type":"Feature","geometry":{"type":"Polygon","coordinates":[[[-76.52999999999999,3.54],[-76.52499999999999,3.54],[-76.52499999999999,3.545],[-76.52999999999999,3.545],[-76.52999999999999,3.54]]]},"properties":{"value":61.985,"sigma":9.6428}},{"type":"Feature","geometry":{"type":"Polygon","coordinates":[[[-76.52499999999999,3.54],[-76.52,3.54],[-76.52,3.545],[-76.52499999999999,3.545],[-76.52499999999999,3.54]]]},"properties":{"value":59.902,"sigma":10.0338}},{"type":"Feature","geometry":{"type":"Polygon","coordinates":[[[-76.52,3.54],[-76.515,3.54],[-76.515,3.545],[-76.52,3.545],[-76.52,3.54]]]},"properties":{"value":63.3545,"sigma":9.0146}},{"type":"Feature","geometry":{"type":"Polygon","coordinates":[[[-76.51499999999999,3.54],[-76.50999999999999,3.54],[-76.50999999999999,3.545],[-76.51499999999999,3.545],[-76.51499999999999,3.54]]]},"properties":{"value":63.9784,"sigma":10.5094}},{"type":"Feature","geometry":{"type":"Polygon","coordinates":[[[-76.50999999999999,3.54],[-76.505,3.54],[-76.505,3.545],[-76.50999999999999,3.545],[-76.50999999999999,3.54]]]},"properties":{"value":64.7778,"sigma":10.1354}},{"type":"Feature","geometry":{"type":"Polygon","coordinates":[[[-76.505,3.54],[-76.5,3.54],[-76.5,3.545],[-76.505,3.545],[-76.505,3.54]]]},"properties":{"value":64.8674,"sigma":9.8649}},{"type":"Feature","geometry":{"type":"Polygon","coordinates":[[[-76.49999999999999,3.54],[-76.49499999999999,3.54],[-76.49499999999999,3.545],[-76.49999999999999,3.545],[-76.49999999999999,3.54]]]},"properties":{"value":63.8688,"sigma":10.2349}},{"type":"Feature","geometry":{"type":"Polygon","coordinates":[[[-76.49499999999999,3.54],[-76.49,3.54],[-76.49,3.545],[-76.49499999999999,3.545],[-76.49499999999999,3.54]]]},"properties":{"value":69.7983,"sigma":10.8016}},{"type":"Feature","geometry":{"type":"Polygon","coordinates":[[[-76.49,3.54],[-76.485,3.54],[-76.485,3.545],[-76.49,3.545],[-76.49,3.54]]]},"properties":{"value":72.3511,"sigma":10.4707}},{"type":"Feature","geometry":{"type":"Polygon","coordinates":[[[-76.48499999999999,3.54],[-76.47999999999999,3.54],[-76.47999999999999,3.545],[-76.48499999999999,3.545],[-76.48499999999999,3.54]]]},"properties":{"value":68.0701,"sigma":10.7696}},{"type":"Feature","geometry":{"type":"Polygon","coordinates":[[[-76.47999999999999,3.54],[-76.475,3.54],[-76.475,3.545],[-76.47999999999999,3.545],[-76.47999999999999,3.54]]]},"properties":{"value":69.4364,"sigma":11.5954}},{"type":"Feature","geometry":{"type":"Polygon","coordinates":[[[-76.475,3.54],[-76.47,3.54],[-76.47,3.545],[-76.475,3.545],[-76.475,3.54]]]},"properties":{"value":74.0197,"sigma":10.9431}},{"type":"Feature","geometry":{"type":"Polygon","coordinates":[[[-76.47,3.54],[-76.465,3.54],[-76.465,3.545],[-76.47,3.545],[-76.47,3.54]]]},"properties":{"value":74.3365,"sigma":11.7611}},{"type":"Feature","geometry":{"type":"Polygon","coordinates":[[[-76.46499999999999,3.54],[-76.46,3.54],[-76.46,3.545],[-76.46499999999999,3.545],[-76.46499999999999,3.54]]]},"properties":{"value":81.4586,"sigma":11.6424}},{"type":"Feature","geometry":{"type":"Polygon","coordinates":[[[-76.46,3.54],[-76.455,3.54],[-76.455,3.545],[-76.46,3.545],[-76.46,3.54]]]},"properties":{"value":80.01,"sigma":11.8576}},{"type":"Feature","geometry":{"type":"Polygon","coordinates":[[[-76.455,3.54],[-76.45,3.54],[-76.45,3.545],[-76.455,3.545],[-76.455,3.54]]]},"properties":{"value":83.0488,"sigma":12.939}},{"type":"Feature","geometry":{"type":"Polygon","coordinates":[[[-76.44999999999999,3.54],[-76.445,3.54],[-76.445,3.545],[-76.44999999999999,3.545],[-76.44999999999999,3.54]]]},"properties":{"value":86.0292,"sigma":13.1659}},{"type":"Feature","geometry":{"type":"Polygon","coordinates":[[[-76.445,3.54],[-76.44,3.54],[-76.44,3.545],[-76.445,3.545],[-76.445,3.54]]]},"properties":{"value":84.1305,"sigma":13.0909}},{"type":"Feature","geometry":{"type":"Polygon","coordinates":[[[-76.44,3.54],[-76.435,3.54],[-76.435,3.545],[-76.44,3.545],[-76.44,3.54]]]},"properties":{"value":82.765,"sigma":14.0175}},{"type":"Feature","geometry":{"type":"Polygon","coordinates":[[[-76.43499999999999,3.54],[-76.42999999999999,3.54],[-76.42999999999999,3.545],[-76.43499999999999,3.545],[-76.43499999999999,3.54]]]},"properties":{"value":82.3869,"sigma":14.074}},{"type":"Feature","geometry":{"type":"Polygon","coordinates":[[[-76.42999999999999,3.54],[-76.425,3.54],[-76.425,3.545],[-76.42999999999999,3.545],[-76.42999999999999,3.54]]]},"properties":{"value":80.0876,"sigma":15.0514}},{"type":"Feature","geometry":{"type":"Polygon","coordinates":[[[-76.425,3.54],[-76.42,3.54],[-76.42,3.545],[-76.425,3.545],[-76.425,3.54]]]},"properties":{"value":77.3123,"sigma":15.0039}},{"type":"Feature","geometry":{"type":"Polygon","coordinates":[[[-76.41999999999999,3.54],[-76.41499999999999,3.54],[-76.41499999999999,3.545],[-76.41999999999999,3.545],[-76.41999999999999,3.54]]]},"properties":{"value":76.1455,"sigma":15.5001}},{"type":"Feature","geometry":{"type":"Polygon","coordinates":[[[-76.41499999999999,3.54],[-76.41,3.54],[-76.41,3.545],[-76.41499999999999,3.545],[-76.41499999999999,3.54]]]},"properties":{"value":72.8522,"sigma":15.4979}},{"type":"Feature","geometry":{"type":"Polygon","coordinates":[[[-76.41,3.54],[-76.405,3.54],[-76.405,3.545],[-76.41,3.545],[-76.41,3.54]]]},"properties":{"value":69.1755,"sigma":16.293}},{"type":"Feature","geometry":{"type":"Polygon","coordinates":[[[-76.40499999999999,3.54],[-76.39999999999999,3.54],[-76.39999999999999,3.545],[-76.40499999999999,3.545],[-76.40499999999999,3.54]]]},"properties":{"value":71.9047,"sigma":16.2631}},{"type":"Feature","geometry":{"type":"Polygon","coordinates":[[[-76.6,3.545],[-76.595,3.545],[-76.595,3.55],[-76.6,3.55],[-76.6,3.545]]]},"properties":{"value":65.8053,"sigma":14.0423}},{"type":"Feature","geometry":{"type":"Polygon","coordinates":[[[-76.595,3.545],[-76.59,3.545],[-76.59,3.55],[-76.595,3.55],[-76.595,3.545]]]},"properties":{"value":65.7,"sigma":13.1593}},{"type":"Feature","geometry":{"type":"Polygon","coordinates":[[[-76.58999999999999,3.545],[-76.585,3.545],[-76.585,3.55],[-76.58999999999999,3.55],[-76.58999999999999,3.545]]]},"properties":{"value":66.5216,"sigma":12.6673}},{"type":"Feature","geometry":{"type":"Polygon","coordinates":[[[-76.585,3.545],[-76.58,3.545],[-76.58,3.55],[-76.585,3.55],[-76.585,3.545]]]},"properties":{"value":64.3494,"sigma":12.5017}},{"type":"Feature","geometry":{"type":"Polygon","coordinates":[[[-76.58,3.545],[-76.575,3.545],[-76.575,3.55],[-76.58,3.55],[-76.58,3.545]]]},"properties":{"value":64.8277,"sigma":12.7245}},{"type":"Feature","geometry":{"type":"Polygon","coordinates":[[[-76.57499999999999,3.545],[-76.57,3.545],[-76.57,3.55],[-76.57499999999999,3.55],[-76.57499999999999,3.545]]]},"properties":{"value":64.978,"sigma":12.2318}},{"type":"Feature","geometry":{"type":"Polygon","coordinates":[[[-76.57,3.545],[-76.565,3.545],[-76.565,3.55],[-76.57,3.55],[-76.57,3.545]]]},"properties":{"value":64.5311,"sigma":12.2165}},{"type":"Feature","geometry":{"type":"Polygon","coordinates":[[[-76.565,3.545],[-76.56,3.545],[-76.56,3.55],[-76.565,3.55],[-76.565,3.545]]]},"properties":{"value":61.4685,"sigma":12.0215}},{"type":"Feature","geometry":{"type":"Polygon","coordinates":[[[-76.55999999999999,3.545],[-76.55499999999999,3.545],[-76.55499999999999,3.55],[-76.55999999999999,3.55],[-76.55999999999999,3.545]]]},"properties":{"value":66.1027,"sigma":10.6947}},{"type":"Feature","geometry":{"type":"Polygon","coordinates":[[[-76.55499999999999,3.545],[-76.55,3.545],[-76.55,3.55],[-76.55499999999999,3.55],[-76.55499999999999,3.545]]]},"properties":{"value":66.3483,"sigma":10.2429}},{"type":"Feature","geometry":{"type":"Polygon","coordinates":[[[-76.55,3.545],[-76.545,3.545],[-76.545,3.55],[-76.55,3.55],[-76.55,3.545]]]},"properties":{"value":67.4236,"sigma":11.2369}},{"type":"Feature","geometry":{"type":"Polygon","coordinates":[[[-76.54499999999999,3.545],[-76.53999999999999,3.545],[-76.53999999999999,3.55],[-76.54499999999999,3.55],[-76.54499999999999,3.545]]]},"properties":{"value":64.5065,"sigma":11.1551}},{"type":"Feature","geometry":{"type":"Polygon","coordinates":[[[-76.53999999999999,3.545],[-76.535,3.545],[-76.535,3.55],[-76.53999999999999,3.55],[-76.53999999999999,3.545]]]},"properties":{"value":68.3642,"sigma":10.1798}},{"type":"Feature","geometry":{"type":"Polygon","coordinates":[[[-76.535,3.545],[-76.53,3.545],[-76.53,3.55],[-76.535,3.55],[-76.535,3.545]]]},"properties":{"value":62.3257,"sigma":10.7854}},{"type":"Feature","geometry":{"type":"Polygon","coordinates":[[[-76.52999999999999,3.545],[-76.52499999999999,3.545],[-76.52499999999999,3.55],[-76.52999999999999,3.55],[-76.52999999999999,3.545]]]},"properties":{"value":64.8532,"sigma":10.5236}},{"type":"Feature","geometry":{"type":"Polygon","coordinates":[[[-76.52499999999999,3.545],[-76.52,3.545],[-76.52,3.55],[-76.52499999999999,3.55],[-76.52499999999999,3.545]]]},"properties":{"value":68.8935,"sigma":9.9823}},{"type":"Feature","geometry":{"type":"Polygon","coordinates":[[[-76.52,3.545],[-76.515,3.545],[-76.515,3.55],[-76.52,3.55],[-76.52,3.545]]]},"properties":{"value":64.6875,"sigma":9.7134}},{"type":"Feature","geometry":{"type":"Polygon","coordinates":[[[-76.51499999999999,3.545],[-76.50999999999999,3.545],[-76.50999999999999,3.55],[-76.51499999999999,3.55],[-76.51499999999999,3.545]]]},"properties":{"value":66.5743,"sigma":10.1795}},{"type":"Feature","geometry":{"type":"Polygon","coordinates":[[[-76.50999999999999,3.545],[-76.505,3.545],[-76.505,3.55],[-76.50999999999999,3.55],[-76.50999999999999,3.545]]]},"properties":{"value":67.1276,"sigma":9.9206}},{"type":"Feature","geometry":{"type":"Polygon","coordinates":[[[-76.505,3.545],[-76.5,3.545],[-76.5,3.55],[-76.505,3.55],[-76.505,3.545]]]},"properties":{"value":66.3175,"sigma":9.4549}},{"type":"Feature","geometry":{"type":"Polygon","coordinates":[[[-76.49999999999999,3.545],[-76.49499999999999,3.545],[-76.49499999999999,3.55],[-76.49999999999999,3.55],[-76.49999999999999,3.545]]]},"properties":{"value":62.0292,"sigma":10.6464}},{"type":"Feature","geometry":{"type":"Polygon","coordinates":[[[-76.49499999999999,3.545],[-76.49,3.545],[-76.49,3.55],[-76.49499999999999,3.55],[-76.49499999999999,3.545]]]},"properties":{"value":67.3724,"sigma":10.6806}},{"type":"Feature","geometry":{"type":"Polygon","coordinates":[[[-76.49,3.545],[-76.485,3.545],[-76.485,3.55],[-76.49,3.55],[-76.49,3.545]]]},"properties":{"value":66.9905,"sigma":10.5989}},{"type":"Feature","geometry":{"type":"Polygon","coordinates":[[[-76.48499999999999,3.545],[-76.47999999999999,3.545],[-76.47999999999999,3.55],[-76.48499999999999,3.55],[-76.48499999999999,3.545]]]},"properties":{"value":70.7234,"sigma":10.738}},{"type":"Feature","geometry":{"type":"Polygon","coordinates":[[[-76.47999999999999,3.545],[-76.475,3.545],[-76.475,3.55],[-76.47999999999999,3.55],[-76.47999999999999,3.545]]]},"properties":{"value":70.251,"sigma":10.7727}},{"type":"Feature","geometry":{"type":"Polygon","coordinates":[[[-76.475,3.545],[-76.47,3.545],[-76.47,3.55],[-76.475,3.55],[-76.475,3.545]]]},"properties":{"value":68.3084,"sigma":11.8575}},{"type":"Feature","geometry":{"type":"Polygon","coordinates":[[[-76.47,3.545],[-76.465,3.545],[-76.465,3.55],[-76.47,3.55],[-76.47,3.545]]]},"properties":{"value":76.1741,"sigma":11.806}},{"type":"Feature","geometry":{"type":"Polygon","coordinates":[[[-76.46499999999999,3.545],[-76.46,3.545],[-76.46,3.55],[-76.46499999999999,3.55],[-76.46499999999999,3.545]]]},"properties":{"value":72.5852,"sigma":12.4823}},{"type":"Feature","geometry":{"type":"Polygon","coordinates":[[[-76.46,3.545],[-76.455,3.545],[-76.455,3.55],[-76.46,3.55],[-76.46,3.545]]]},"properties":{"value":76.3424,"sigma":12.8857}},{"type":"Feature","geometry":{"type":"Polygon","coordinates":[[[-76.455,3.545],[-76.45,3.545],[-76.45,3.55],[-76.455,3.55],[-76.455,3.545]]]},"properties":{"value":74.603,"sigma":13.0157}},{"type":"Feature","geometry":{"type":"Polygon","coordinates":[[[-76.44999999999999,3.545],[-76.445,3.545],[-76.445,3.55],[-76.44999999999999,3.55],[-76.44999999999999,3.545]]]},"properties":{"value":78.7803,"sigma":13.4389}},{"type":"Feature","geometry":{"type":"Polygon","coordinates":[[[-76.445,3.545],[-76.44,3.545],[-76.44,3.55],[-76.445,3.55],[-76.445,3.545]]]},"properties":{"value":82.4821,"sigma":12.9836}},{"type":"Feature","geometry":{"type":"Polygon","coordinates":[[[-76.44,3.545],[-76.435,3.545],[-76.435,3.55],[-76.44,3.55],[-76.44,3.545]]]},"properties":{"value":81.5689,"sigma":13.6469}},{"type":"Feature","geometry":{"type":"Polygon","coordinates":[[[-76.43499999999999,3.545],[-76.42999999999999,3.545],[-76.42999999999999,3.55],[-76.43499999999999,3.55],[-76.43499999999999,3.545]]]},"properties":{"value":79.1881,"sigma":13.2113}},{"type":"Feature","geometry":{"type":"Polygon","coordinates":[[[-76.42999999999999,3.545],[-76.425,3.545],[-76.425,3.55],[-76.42999999999999,3.55],[-76.42999999999999,3.545]]]},"properties":{"value":76.6004,"sigma":14.566}},{"type":"Feature","geometry":{"type":"Polygon","coordinates":[[[-76.425,3.545],[-76.42,3.545],[-76.42,3.55],[-76.425,3.55],[-76.425,3.545]]]},"properties":{"value":73.903,"sigma":15.4367}},{"type":"Feature","geometry":{"type":"Polygon","coordinates":[[[-76.41999999999999,3.545],[-76.41499999999999,3.545],[-76.41499999999999,3.55],[-76.41999999999999,3.55],[-76.41999999999999,3.545]]]},"properties":{"value":77.1542,"sigma":16.0407}},{"type":"Feature","geometry":{"type":"Polygon","coordinates":[[[-76.41499999999999,3.545],[-76.41,3.545],[-76.41,3.55],[-76.41499999999999,3.55],[-76.41499999999999,3.545]]]},"properties":{"value":71.3249,"sigma":16.5121}},{"type":"Feature","geometry":{"type":"Polygon","coordinates":[[[-76.41,3.545],[-76.405,3.545],[-76.405,3.55],[-76.41,3.55],[-76.41,3.545]]]},"properties":{"value":70.8965,"sigma":16.3328}},{"type":"Feature","geometry":{"type":"Polygon","coordinates":[[[-76.40499999999999,3.545],[-76.39999999999999,3.545],[-76.39999999999999,3.55],[-76.40499999999999,3.55],[-76.40499999999999,3.545]]]},"properties":{"value":66.786,"sigma":16.8911}}],"properties":{"pollutant":"NO2","horizon":"T+1","modelVersion":"mvp-0.1-mock","generatedAt":"2026-05-23T16:09:29.470879+00:00","cellDeg":0.005,"valueMin":59.2129,"valueMax":114.6709,"sigmaMin":4.3589,"sigmaMax":18.5856}}