{"type":"FeatureCollection","features":[{"type":"Feature","geometry":{"type":"Polygon","coordinates":[[[-76.6,3.3],[-76.595,3.3],[-76.595,3.3049999999999997],[-76.6,3.3049999999999997],[-76.6,3.3]]]},"properties":{"value":0.19,"sigma":0.0828}},{"type":"Feature","geometry":{"type":"Polygon","coordinates":[[[-76.595,3.3],[-76.59,3.3],[-76.59,3.3049999999999997],[-76.595,3.3049999999999997],[-76.595,3.3]]]},"properties":{"value":0.1715,"sigma":0.0827}},{"type":"Feature","geometry":{"type":"Polygon","coordinates":[[[-76.58999999999999,3.3],[-76.585,3.3],[-76.585,3.3049999999999997],[-76.58999999999999,3.3049999999999997],[-76.58999999999999,3.3]]]},"properties":{"value":0.1784,"sigma":0.0822}},{"type":"Feature","geometry":{"type":"Polygon","coordinates":[[[-76.585,3.3],[-76.58,3.3],[-76.58,3.3049999999999997],[-76.585,3.3049999999999997],[-76.585,3.3]]]},"properties":{"value":0.1812,"sigma":0.0773}},{"type":"Feature","geometry":{"type":"Polygon","coordinates":[[[-76.58,3.3],[-76.575,3.3],[-76.575,3.3049999999999997],[-76.58,3.3049999999999997],[-76.58,3.3]]]},"properties":{"value":0.1768,"sigma":0.0775}},{"type":"Feature","geometry":{"type":"Polygon","coordinates":[[[-76.57499999999999,3.3],[-76.57,3.3],[-76.57,3.3049999999999997],[-76.57499999999999,3.3049999999999997],[-76.57499999999999,3.3]]]},"properties":{"value":0.1632,"sigma":0.0747}},{"type":"Feature","geometry":{"type":"Polygon","coordinates":[[[-76.57,3.3],[-76.565,3.3],[-76.565,3.3049999999999997],[-76.57,3.3049999999999997],[-76.57,3.3]]]},"properties":{"value":0.1865,"sigma":0.0765}},{"type":"Feature","geometry":{"type":"Polygon","coordinates":[[[-76.565,3.3],[-76.56,3.3],[-76.56,3.3049999999999997],[-76.565,3.3049999999999997],[-76.565,3.3]]]},"properties":{"value":0.1864,"sigma":0.0722}},{"type":"Feature","geometry":{"type":"Polygon","coordinates":[[[-76.55999999999999,3.3],[-76.55499999999999,3.3],[-76.55499999999999,3.3049999999999997],[-76.55999999999999,3.3049999999999997],[-76.55999999999999,3.3]]]},"properties":{"value":0.1863,"sigma":0.0738}},{"type":"Feature","geometry":{"type":"Polygon","coordinates":[[[-76.55499999999999,3.3],[-76.55,3.3],[-76.55,3.3049999999999997],[-76.55499999999999,3.3049999999999997],[-76.55499999999999,3.3]]]},"properties":{"value":0.1999,"sigma":0.0726}},{"type":"Feature","geometry":{"type":"Polygon","coordinates":[[[-76.55,3.3],[-76.545,3.3],[-76.545,3.3049999999999997],[-76.55,3.3049999999999997],[-76.55,3.3]]]},"properties":{"value":0.1719,"sigma":0.0718}},{"type":"Feature","geometry":{"type":"Polygon","coordinates":[[[-76.54499999999999,3.3],[-76.53999999999999,3.3],[-76.53999999999999,3.3049999999999997],[-76.54499999999999,3.3049999999999997],[-76.54499999999999,3.3]]]},"properties":{"value":0.1718,"sigma":0.0671}},{"type":"Feature","geometry":{"type":"Polygon","coordinates":[[[-76.53999999999999,3.3],[-76.535,3.3],[-76.535,3.3049999999999997],[-76.53999999999999,3.3049999999999997],[-76.53999999999999,3.3]]]},"properties":{"value":0.1835,"sigma":0.0706}},{"type":"Feature","geometry":{"type":"Polygon","coordinates":[[[-76.535,3.3],[-76.53,3.3],[-76.53,3.3049999999999997],[-76.535,3.3049999999999997],[-76.535,3.3]]]},"properties":{"value":0.1824,"sigma":0.0759}},{"type":"Feature","geometry":{"type":"Polygon","coordinates":[[[-76.52999999999999,3.3],[-76.52499999999999,3.3],[-76.52499999999999,3.3049999999999997],[-76.52999999999999,3.3049999999999997],[-76.52999999999999,3.3]]]},"properties":{"value":0.1862,"sigma":0.0715}},{"type":"Feature","geometry":{"type":"Polygon","coordinates":[[[-76.52499999999999,3.3],[-76.52,3.3],[-76.52,3.3049999999999997],[-76.52499999999999,3.3049999999999997],[-76.52499999999999,3.3]]]},"properties":{"value":0.2016,"sigma":0.0693}},{"type":"Feature","geometry":{"type":"Polygon","coordinates":[[[-76.52,3.3],[-76.515,3.3],[-76.515,3.3049999999999997],[-76.52,3.3049999999999997],[-76.52,3.3]]]},"properties":{"value":0.2016,"sigma":0.0733}},{"type":"Feature","geometry":{"type":"Polygon","coordinates":[[[-76.51499999999999,3.3],[-76.50999999999999,3.3],[-76.50999999999999,3.3049999999999997],[-76.51499999999999,3.3049999999999997],[-76.51499999999999,3.3]]]},"properties":{"value":0.212,"sigma":0.0774}},{"type":"Feature","geometry":{"type":"Polygon","coordinates":[[[-76.50999999999999,3.3],[-76.505,3.3],[-76.505,3.3049999999999997],[-76.50999999999999,3.3049999999999997],[-76.50999999999999,3.3]]]},"properties":{"value":0.2095,"sigma":0.0722}},{"type":"Feature","geometry":{"type":"Polygon","coordinates":[[[-76.505,3.3],[-76.5,3.3],[-76.5,3.3049999999999997],[-76.505,3.3049999999999997],[-76.505,3.3]]]},"properties":{"value":0.1964,"sigma":0.0763}},{"type":"Feature","geometry":{"type":"Polygon","coordinates":[[[-76.49999999999999,3.3],[-76.49499999999999,3.3],[-76.49499999999999,3.3049999999999997],[-76.49999999999999,3.3049999999999997],[-76.49999999999999,3.3]]]},"properties":{"value":0.1992,"sigma":0.0765}},{"type":"Feature","geometry":{"type":"Polygon","coordinates":[[[-76.49499999999999,3.3],[-76.49,3.3],[-76.49,3.3049999999999997],[-76.49499999999999,3.3049999999999997],[-76.49499999999999,3.3]]]},"properties":{"value":0.1979,"sigma":0.0763}},{"type":"Feature","geometry":{"type":"Polygon","coordinates":[[[-76.49,3.3],[-76.485,3.3],[-76.485,3.3049999999999997],[-76.49,3.3049999999999997],[-76.49,3.3]]]},"properties":{"value":0.199,"sigma":0.0723}},{"type":"Feature","geometry":{"type":"Polygon","coordinates":[[[-76.48499999999999,3.3],[-76.47999999999999,3.3],[-76.47999999999999,3.3049999999999997],[-76.48499999999999,3.3049999999999997],[-76.48499999999999,3.3]]]},"properties":{"value":0.1871,"sigma":0.0771}},{"type":"Feature","geometry":{"type":"Polygon","coordinates":[[[-76.47999999999999,3.3],[-76.475,3.3],[-76.475,3.3049999999999997],[-76.47999999999999,3.3049999999999997],[-76.47999999999999,3.3]]]},"properties":{"value":0.1812,"sigma":0.0784}},{"type":"Feature","geometry":{"type":"Polygon","coordinates":[[[-76.475,3.3],[-76.47,3.3],[-76.47,3.3049999999999997],[-76.475,3.3049999999999997],[-76.475,3.3]]]},"properties":{"value":0.1801,"sigma":0.0837}},{"type":"Feature","geometry":{"type":"Polygon","coordinates":[[[-76.47,3.3],[-76.465,3.3],[-76.465,3.3049999999999997],[-76.47,3.3049999999999997],[-76.47,3.3]]]},"properties":{"value":0.1847,"sigma":0.082}},{"type":"Feature","geometry":{"type":"Polygon","coordinates":[[[-76.46499999999999,3.3],[-76.46,3.3],[-76.46,3.3049999999999997],[-76.46499999999999,3.3049999999999997],[-76.46499999999999,3.3]]]},"properties":{"value":0.1795,"sigma":0.0894}},{"type":"Feature","geometry":{"type":"Polygon","coordinates":[[[-76.46,3.3],[-76.455,3.3],[-76.455,3.3049999999999997],[-76.46,3.3049999999999997],[-76.46,3.3]]]},"properties":{"value":0.1803,"sigma":0.0826}},{"type":"Feature","geometry":{"type":"Polygon","coordinates":[[[-76.455,3.3],[-76.45,3.3],[-76.45,3.3049999999999997],[-76.455,3.3049999999999997],[-76.455,3.3]]]},"properties":{"value":0.189,"sigma":0.0849}},{"type":"Feature","geometry":{"type":"Polygon","coordinates":[[[-76.44999999999999,3.3],[-76.445,3.3],[-76.445,3.3049999999999997],[-76.44999999999999,3.3049999999999997],[-76.44999999999999,3.3]]]},"properties":{"value":0.187,"sigma":0.0903}},{"type":"Feature","geometry":{"type":"Polygon","coordinates":[[[-76.445,3.3],[-76.44,3.3],[-76.44,3.3049999999999997],[-76.445,3.3049999999999997],[-76.445,3.3]]]},"properties":{"value":0.187,"sigma":0.096}},{"type":"Feature","geometry":{"type":"Polygon","coordinates":[[[-76.44,3.3],[-76.435,3.3],[-76.435,3.3049999999999997],[-76.44,3.3049999999999997],[-76.44,3.3]]]},"properties":{"value":0.1817,"sigma":0.0952}},{"type":"Feature","geometry":{"type":"Polygon","coordinates":[[[-76.43499999999999,3.3],[-76.42999999999999,3.3],[-76.42999999999999,3.3049999999999997],[-76.43499999999999,3.3049999999999997],[-76.43499999999999,3.3]]]},"properties":{"value":0.1762,"sigma":0.0971}},{"type":"Feature","geometry":{"type":"Polygon","coordinates":[[[-76.42999999999999,3.3],[-76.425,3.3],[-76.425,3.3049999999999997],[-76.42999999999999,3.3049999999999997],[-76.42999999999999,3.3]]]},"properties":{"value":0.1804,"sigma":0.1011}},{"type":"Feature","geometry":{"type":"Polygon","coordinates":[[[-76.425,3.3],[-76.42,3.3],[-76.42,3.3049999999999997],[-76.425,3.3049999999999997],[-76.425,3.3]]]},"properties":{"value":0.1794,"sigma":0.098}},{"type":"Feature","geometry":{"type":"Polygon","coordinates":[[[-76.41999999999999,3.3],[-76.41499999999999,3.3],[-76.41499999999999,3.3049999999999997],[-76.41999999999999,3.3049999999999997],[-76.41999999999999,3.3]]]},"properties":{"value":0.1755,"sigma":0.1015}},{"type":"Feature","geometry":{"type":"Polygon","coordinates":[[[-76.41499999999999,3.3],[-76.41,3.3],[-76.41,3.3049999999999997],[-76.41499999999999,3.3049999999999997],[-76.41499999999999,3.3]]]},"properties":{"value":0.1822,"sigma":0.1069}},{"type":"Feature","geometry":{"type":"Polygon","coordinates":[[[-76.41,3.3],[-76.405,3.3],[-76.405,3.3049999999999997],[-76.41,3.3049999999999997],[-76.41,3.3]]]},"properties":{"value":0.1903,"sigma":0.1097}},{"type":"Feature","geometry":{"type":"Polygon","coordinates":[[[-76.40499999999999,3.3],[-76.39999999999999,3.3],[-76.39999999999999,3.3049999999999997],[-76.40499999999999,3.3049999999999997],[-76.40499999999999,3.3]]]},"properties":{"value":0.1719,"sigma":0.1097}},{"type":"Feature","geometry":{"type":"Polygon","coordinates":[[[-76.6,3.3049999999999997],[-76.595,3.3049999999999997],[-76.595,3.3099999999999996],[-76.6,3.3099999999999996],[-76.6,3.3049999999999997]]]},"properties":{"value":0.1737,"sigma":0.0868}},{"type":"Feature","geometry":{"type":"Polygon","coordinates":[[[-76.595,3.3049999999999997],[-76.59,3.3049999999999997],[-76.59,3.3099999999999996],[-76.595,3.3099999999999996],[-76.595,3.3049999999999997]]]},"properties":{"value":0.1879,"sigma":0.0811}},{"type":"Feature","geometry":{"type":"Polygon","coordinates":[[[-76.58999999999999,3.3049999999999997],[-76.585,3.3049999999999997],[-76.585,3.3099999999999996],[-76.58999999999999,3.3099999999999996],[-76.58999999999999,3.3049999999999997]]]},"properties":{"value":0.1854,"sigma":0.0779}},{"type":"Feature","geometry":{"type":"Polygon","coordinates":[[[-76.585,3.3049999999999997],[-76.58,3.3049999999999997],[-76.58,3.3099999999999996],[-76.585,3.3099999999999996],[-76.585,3.3049999999999997]]]},"properties":{"value":0.1694,"sigma":0.0771}},{"type":"Feature","geometry":{"type":"Polygon","coordinates":[[[-76.58,3.3049999999999997],[-76.575,3.3049999999999997],[-76.575,3.3099999999999996],[-76.58,3.3099999999999996],[-76.58,3.3049999999999997]]]},"properties":{"value":0.1797,"sigma":0.0766}},{"type":"Feature","geometry":{"type":"Polygon","coordinates":[[[-76.57499999999999,3.3049999999999997],[-76.57,3.3049999999999997],[-76.57,3.3099999999999996],[-76.57499999999999,3.3099999999999996],[-76.57499999999999,3.3049999999999997]]]},"properties":{"value":0.1812,"sigma":0.0696}},{"type":"Feature","geometry":{"type":"Polygon","coordinates":[[[-76.57,3.3049999999999997],[-76.565,3.3049999999999997],[-76.565,3.3099999999999996],[-76.57,3.3099999999999996],[-76.57,3.3049999999999997]]]},"properties":{"value":0.1827,"sigma":0.0685}},{"type":"Feature","geometry":{"type":"Polygon","coordinates":[[[-76.565,3.3049999999999997],[-76.56,3.3049999999999997],[-76.56,3.3099999999999996],[-76.565,3.3099999999999996],[-76.565,3.3049999999999997]]]},"properties":{"value":0.1703,"sigma":0.0707}},{"type":"Feature","geometry":{"type":"Polygon","coordinates":[[[-76.55999999999999,3.3049999999999997],[-76.55499999999999,3.3049999999999997],[-76.55499999999999,3.3099999999999996],[-76.55999999999999,3.3099999999999996],[-76.55999999999999,3.3049999999999997]]]},"properties":{"value":0.1697,"sigma":0.0712}},{"type":"Feature","geometry":{"type":"Polygon","coordinates":[[[-76.55499999999999,3.3049999999999997],[-76.55,3.3049999999999997],[-76.55,3.3099999999999996],[-76.55499999999999,3.3099999999999996],[-76.55499999999999,3.3049999999999997]]]},"properties":{"value":0.1736,"sigma":0.0697}},{"type":"Feature","geometry":{"type":"Polygon","coordinates":[[[-76.55,3.3049999999999997],[-76.545,3.3049999999999997],[-76.545,3.3099999999999996],[-76.55,3.3099999999999996],[-76.55,3.3049999999999997]]]},"properties":{"value":0.1853,"sigma":0.073}},{"type":"Feature","geometry":{"type":"Polygon","coordinates":[[[-76.54499999999999,3.3049999999999997],[-76.53999999999999,3.3049999999999997],[-76.53999999999999,3.3099999999999996],[-76.54499999999999,3.3099999999999996],[-76.54499999999999,3.3049999999999997]]]},"properties":{"value":0.1763,"sigma":0.0576}},{"type":"Feature","geometry":{"type":"Polygon","coordinates":[[[-76.53999999999999,3.3049999999999997],[-76.535,3.3049999999999997],[-76.535,3.3099999999999996],[-76.53999999999999,3.3099999999999996],[-76.53999999999999,3.3049999999999997]]]},"properties":{"value":0.1895,"sigma":0.0661}},{"type":"Feature","geometry":{"type":"Polygon","coordinates":[[[-76.535,3.3049999999999997],[-76.53,3.3049999999999997],[-76.53,3.3099999999999996],[-76.535,3.3099999999999996],[-76.535,3.3049999999999997]]]},"properties":{"value":0.2012,"sigma":0.0722}},{"type":"Feature","geometry":{"type":"Polygon","coordinates":[[[-76.52999999999999,3.3049999999999997],[-76.52499999999999,3.3049999999999997],[-76.52499999999999,3.3099999999999996],[-76.52999999999999,3.3099999999999996],[-76.52999999999999,3.3049999999999997]]]},"properties":{"value":0.1969,"sigma":0.0668}},{"type":"Feature","geometry":{"type":"Polygon","coordinates":[[[-76.52499999999999,3.3049999999999997],[-76.52,3.3049999999999997],[-76.52,3.3099999999999996],[-76.52499999999999,3.3099999999999996],[-76.52499999999999,3.3049999999999997]]]},"properties":{"value":0.194,"sigma":0.0691}},{"type":"Feature","geometry":{"type":"Polygon","coordinates":[[[-76.52,3.3049999999999997],[-76.515,3.3049999999999997],[-76.515,3.3099999999999996],[-76.52,3.3099999999999996],[-76.52,3.3049999999999997]]]},"properties":{"value":0.2242,"sigma":0.0711}},{"type":"Feature","geometry":{"type":"Polygon","coordinates":[[[-76.51499999999999,3.3049999999999997],[-76.50999999999999,3.3049999999999997],[-76.50999999999999,3.3099999999999996],[-76.51499999999999,3.3099999999999996],[-76.51499999999999,3.3049999999999997]]]},"properties":{"value":0.218,"sigma":0.0686}},{"type":"Feature","geometry":{"type":"Polygon","coordinates":[[[-76.50999999999999,3.3049999999999997],[-76.505,3.3049999999999997],[-76.505,3.3099999999999996],[-76.50999999999999,3.3099999999999996],[-76.50999999999999,3.3049999999999997]]]},"properties":{"value":0.2264,"sigma":0.0699}},{"type":"Feature","geometry":{"type":"Polygon","coordinates":[[[-76.505,3.3049999999999997],[-76.5,3.3049999999999997],[-76.5,3.3099999999999996],[-76.505,3.3099999999999996],[-76.505,3.3049999999999997]]]},"properties":{"value":0.2205,"sigma":0.0671}},{"type":"Feature","geometry":{"type":"Polygon","coordinates":[[[-76.49999999999999,3.3049999999999997],[-76.49499999999999,3.3049999999999997],[-76.49499999999999,3.3099999999999996],[-76.49999999999999,3.3099999999999996],[-76.49999999999999,3.3049999999999997]]]},"properties":{"value":0.204,"sigma":0.072}},{"type":"Feature","geometry":{"type":"Polygon","coordinates":[[[-76.49499999999999,3.3049999999999997],[-76.49,3.3049999999999997],[-76.49,3.3099999999999996],[-76.49499999999999,3.3099999999999996],[-76.49499999999999,3.3049999999999997]]]},"properties":{"value":0.21,"sigma":0.0747}},{"type":"Feature","geometry":{"type":"Polygon","coordinates":[[[-76.49,3.3049999999999997],[-76.485,3.3049999999999997],[-76.485,3.3099999999999996],[-76.49,3.3099999999999996],[-76.49,3.3049999999999997]]]},"properties":{"value":0.1965,"sigma":0.0785}},{"type":"Feature","geometry":{"type":"Polygon","coordinates":[[[-76.48499999999999,3.3049999999999997],[-76.47999999999999,3.3049999999999997],[-76.47999999999999,3.3099999999999996],[-76.48499999999999,3.3099999999999996],[-76.48499999999999,3.3049999999999997]]]},"properties":{"value":0.1838,"sigma":0.0732}},{"type":"Feature","geometry":{"type":"Polygon","coordinates":[[[-76.47999999999999,3.3049999999999997],[-76.475,3.3049999999999997],[-76.475,3.3099999999999996],[-76.47999999999999,3.3099999999999996],[-76.47999999999999,3.3049999999999997]]]},"properties":{"value":0.1843,"sigma":0.0806}},{"type":"Feature","geometry":{"type":"Polygon","coordinates":[[[-76.475,3.3049999999999997],[-76.47,3.3049999999999997],[-76.47,3.3099999999999996],[-76.475,3.3099999999999996],[-76.475,3.3049999999999997]]]},"properties":{"value":0.1792,"sigma":0.0794}},{"type":"Feature","geometry":{"type":"Polygon","coordinates":[[[-76.47,3.3049999999999997],[-76.465,3.3049999999999997],[-76.465,3.3099999999999996],[-76.47,3.3099999999999996],[-76.47,3.3049999999999997]]]},"properties":{"value":0.1793,"sigma":0.0866}},{"type":"Feature","geometry":{"type":"Polygon","coordinates":[[[-76.46499999999999,3.3049999999999997],[-76.46,3.3049999999999997],[-76.46,3.3099999999999996],[-76.46499999999999,3.3099999999999996],[-76.46499999999999,3.3049999999999997]]]},"properties":{"value":0.1761,"sigma":0.0831}},{"type":"Feature","geometry":{"type":"Polygon","coordinates":[[[-76.46,3.3049999999999997],[-76.455,3.3049999999999997],[-76.455,3.3099999999999996],[-76.46,3.3099999999999996],[-76.46,3.3049999999999997]]]},"properties":{"value":0.1819,"sigma":0.083}},{"type":"Feature","geometry":{"type":"Polygon","coordinates":[[[-76.455,3.3049999999999997],[-76.45,3.3049999999999997],[-76.45,3.3099999999999996],[-76.455,3.3099999999999996],[-76.455,3.3049999999999997]]]},"properties":{"value":0.1801,"sigma":0.0894}},{"type":"Feature","geometry":{"type":"Polygon","coordinates":[[[-76.44999999999999,3.3049999999999997],[-76.445,3.3049999999999997],[-76.445,3.3099999999999996],[-76.44999999999999,3.3099999999999996],[-76.44999999999999,3.3049999999999997]]]},"properties":{"value":0.1819,"sigma":0.0851}},{"type":"Feature","geometry":{"type":"Polygon","coordinates":[[[-76.445,3.3049999999999997],[-76.44,3.3049999999999997],[-76.44,3.3099999999999996],[-76.445,3.3099999999999996],[-76.445,3.3049999999999997]]]},"properties":{"value":0.1764,"sigma":0.09}},{"type":"Feature","geometry":{"type":"Polygon","coordinates":[[[-76.44,3.3049999999999997],[-76.435,3.3049999999999997],[-76.435,3.3099999999999996],[-76.44,3.3099999999999996],[-76.44,3.3049999999999997]]]},"properties":{"value":0.1712,"sigma":0.097}},{"type":"Feature","geometry":{"type":"Polygon","coordinates":[[[-76.43499999999999,3.3049999999999997],[-76.42999999999999,3.3049999999999997],[-76.42999999999999,3.3099999999999996],[-76.43499999999999,3.3099999999999996],[-76.43499999999999,3.3049999999999997]]]},"properties":{"value":0.182,"sigma":0.0994}},{"type":"Feature","geometry":{"type":"Polygon","coordinates":[[[-76.42999999999999,3.3049999999999997],[-76.425,3.3049999999999997],[-76.425,3.3099999999999996],[-76.42999999999999,3.3099999999999996],[-76.42999999999999,3.3049999999999997]]]},"properties":{"value":0.1684,"sigma":0.1002}},{"type":"Feature","geometry":{"type":"Polygon","coordinates":[[[-76.425,3.3049999999999997],[-76.42,3.3049999999999997],[-76.42,3.3099999999999996],[-76.425,3.3099999999999996],[-76.425,3.3049999999999997]]]},"properties":{"value":0.1748,"sigma":0.0964}},{"type":"Feature","geometry":{"type":"Polygon","coordinates":[[[-76.41999999999999,3.3049999999999997],[-76.41499999999999,3.3049999999999997],[-76.41499999999999,3.3099999999999996],[-76.41999999999999,3.3099999999999996],[-76.41999999999999,3.3049999999999997]]]},"properties":{"value":0.1858,"sigma":0.1023}},{"type":"Feature","geometry":{"type":"Polygon","coordinates":[[[-76.41499999999999,3.3049999999999997],[-76.41,3.3049999999999997],[-76.41,3.3099999999999996],[-76.41499999999999,3.3099999999999996],[-76.41499999999999,3.3049999999999997]]]},"properties":{"value":0.1718,"sigma":0.1075}},{"type":"Feature","geometry":{"type":"Polygon","coordinates":[[[-76.41,3.3049999999999997],[-76.405,3.3049999999999997],[-76.405,3.3099999999999996],[-76.41,3.3099999999999996],[-76.41,3.3049999999999997]]]},"properties":{"value":0.1818,"sigma":0.1039}},{"type":"Feature","geometry":{"type":"Polygon","coordinates":[[[-76.40499999999999,3.3049999999999997],[-76.39999999999999,3.3049999999999997],[-76.39999999999999,3.3099999999999996],[-76.40499999999999,3.3099999999999996],[-76.40499999999999,3.3049999999999997]]]},"properties":{"value":0.1833,"sigma":0.1061}},{"type":"Feature","geometry":{"type":"Polygon","coordinates":[[[-76.6,3.31],[-76.595,3.31],[-76.595,3.315],[-76.6,3.315],[-76.6,3.31]]]},"properties":{"value":0.169,"sigma":0.0799}},{"type":"Feature","geometry":{"type":"Polygon","coordinates":[[[-76.595,3.31],[-76.59,3.31],[-76.59,3.315],[-76.595,3.315],[-76.595,3.31]]]},"properties":{"value":0.1931,"sigma":0.072}},{"type":"Feature","geometry":{"type":"Polygon","coordinates":[[[-76.58999999999999,3.31],[-76.585,3.31],[-76.585,3.315],[-76.58999999999999,3.315],[-76.58999999999999,3.31]]]},"properties":{"value":0.1786,"sigma":0.0743}},{"type":"Feature","geometry":{"type":"Polygon","coordinates":[[[-76.585,3.31],[-76.58,3.31],[-76.58,3.315],[-76.585,3.315],[-76.585,3.31]]]},"properties":{"value":0.1803,"sigma":0.0734}},{"type":"Feature","geometry":{"type":"Polygon","coordinates":[[[-76.58,3.31],[-76.575,3.31],[-76.575,3.315],[-76.58,3.315],[-76.58,3.31]]]},"properties":{"value":0.1749,"sigma":0.0735}},{"type":"Feature","geometry":{"type":"Polygon","coordinates":[[[-76.57499999999999,3.31],[-76.57,3.31],[-76.57,3.315],[-76.57499999999999,3.315],[-76.57499999999999,3.31]]]},"properties":{"value":0.1984,"sigma":0.0743}},{"type":"Feature","geometry":{"type":"Polygon","coordinates":[[[-76.57,3.31],[-76.565,3.31],[-76.565,3.315],[-76.57,3.315],[-76.57,3.31]]]},"properties":{"value":0.1771,"sigma":0.0636}},{"type":"Feature","geometry":{"type":"Polygon","coordinates":[[[-76.565,3.31],[-76.56,3.31],[-76.56,3.315],[-76.565,3.315],[-76.565,3.31]]]},"properties":{"value":0.1755,"sigma":0.0699}},{"type":"Feature","geometry":{"type":"Polygon","coordinates":[[[-76.55999999999999,3.31],[-76.55499999999999,3.31],[-76.55499999999999,3.315],[-76.55999999999999,3.315],[-76.55999999999999,3.31]]]},"properties":{"value":0.1725,"sigma":0.0673}},{"type":"Feature","geometry":{"type":"Polygon","coordinates":[[[-76.55499999999999,3.31],[-76.55,3.31],[-76.55,3.315],[-76.55499999999999,3.315],[-76.55499999999999,3.31]]]},"properties":{"value":0.1823,"sigma":0.0637}},{"type":"Feature","geometry":{"type":"Polygon","coordinates":[[[-76.55,3.31],[-76.545,3.31],[-76.545,3.315],[-76.55,3.315],[-76.55,3.31]]]},"properties":{"value":0.1888,"sigma":0.068}},{"type":"Feature","geometry":{"type":"Polygon","coordinates":[[[-76.54499999999999,3.31],[-76.53999999999999,3.31],[-76.53999999999999,3.315],[-76.54499999999999,3.315],[-76.54499999999999,3.31]]]},"properties":{"value":0.1871,"sigma":0.0636}},{"type":"Feature","geometry":{"type":"Polygon","coordinates":[[[-76.53999999999999,3.31],[-76.535,3.31],[-76.535,3.315],[-76.53999999999999,3.315],[-76.53999999999999,3.31]]]},"properties":{"value":0.1945,"sigma":0.0687}},{"type":"Feature","geometry":{"type":"Polygon","coordinates":[[[-76.535,3.31],[-76.53,3.31],[-76.53,3.315],[-76.535,3.315],[-76.535,3.31]]]},"properties":{"value":0.1826,"sigma":0.066}},{"type":"Feature","geometry":{"type":"Polygon","coordinates":[[[-76.52999999999999,3.31],[-76.52499999999999,3.31],[-76.52499999999999,3.315],[-76.52999999999999,3.315],[-76.52999999999999,3.31]]]},"properties":{"value":0.1985,"sigma":0.0692}},{"type":"Feature","geometry":{"type":"Polygon","coordinates":[[[-76.52499999999999,3.31],[-76.52,3.31],[-76.52,3.315],[-76.52499999999999,3.315],[-76.52499999999999,3.31]]]},"properties":{"value":0.2173,"sigma":0.0728}},{"type":"Feature","geometry":{"type":"Polygon","coordinates":[[[-76.52,3.31],[-76.515,3.31],[-76.515,3.315],[-76.52,3.315],[-76.52,3.31]]]},"properties":{"value":0.2189,"sigma":0.0629}},{"type":"Feature","geometry":{"type":"Polygon","coordinates":[[[-76.51499999999999,3.31],[-76.50999999999999,3.31],[-76.50999999999999,3.315],[-76.51499999999999,3.315],[-76.51499999999999,3.31]]]},"properties":{"value":0.2294,"sigma":0.0699}},{"type":"Feature","geometry":{"type":"Polygon","coordinates":[[[-76.50999999999999,3.31],[-76.505,3.31],[-76.505,3.315],[-76.50999999999999,3.315],[-76.50999999999999,3.31]]]},"properties":{"value":0.2354,"sigma":0.0658}},{"type":"Feature","geometry":{"type":"Polygon","coordinates":[[[-76.505,3.31],[-76.5,3.31],[-76.5,3.315],[-76.505,3.315],[-76.505,3.31]]]},"properties":{"value":0.2339,"sigma":0.0681}},{"type":"Feature","geometry":{"type":"Polygon","coordinates":[[[-76.49999999999999,3.31],[-76.49499999999999,3.31],[-76.49499999999999,3.315],[-76.49999999999999,3.315],[-76.49999999999999,3.31]]]},"properties":{"value":0.2414,"sigma":0.0723}},{"type":"Feature","geometry":{"type":"Polygon","coordinates":[[[-76.49499999999999,3.31],[-76.49,3.31],[-76.49,3.315],[-76.49499999999999,3.315],[-76.49499999999999,3.31]]]},"properties":{"value":0.2114,"sigma":0.0737}},{"type":"Feature","geometry":{"type":"Polygon","coordinates":[[[-76.49,3.31],[-76.485,3.31],[-76.485,3.315],[-76.49,3.315],[-76.49,3.31]]]},"properties":{"value":0.2097,"sigma":0.0715}},{"type":"Feature","geometry":{"type":"Polygon","coordinates":[[[-76.48499999999999,3.31],[-76.47999999999999,3.31],[-76.47999999999999,3.315],[-76.48499999999999,3.315],[-76.48499999999999,3.31]]]},"properties":{"value":0.1956,"sigma":0.0737}},{"type":"Feature","geometry":{"type":"Polygon","coordinates":[[[-76.47999999999999,3.31],[-76.475,3.31],[-76.475,3.315],[-76.47999999999999,3.315],[-76.47999999999999,3.31]]]},"properties":{"value":0.1849,"sigma":0.0778}},{"type":"Feature","geometry":{"type":"Polygon","coordinates":[[[-76.475,3.31],[-76.47,3.31],[-76.47,3.315],[-76.475,3.315],[-76.475,3.31]]]},"properties":{"value":0.175,"sigma":0.081}},{"type":"Feature","geometry":{"type":"Polygon","coordinates":[[[-76.47,3.31],[-76.465,3.31],[-76.465,3.315],[-76.47,3.315],[-76.47,3.31]]]},"properties":{"value":0.1798,"sigma":0.0833}},{"type":"Feature","geometry":{"type":"Polygon","coordinates":[[[-76.46499999999999,3.31],[-76.46,3.31],[-76.46,3.315],[-76.46499999999999,3.315],[-76.46499999999999,3.31]]]},"properties":{"value":0.1759,"sigma":0.0878}},{"type":"Feature","geometry":{"type":"Polygon","coordinates":[[[-76.46,3.31],[-76.455,3.31],[-76.455,3.315],[-76.46,3.315],[-76.46,3.31]]]},"properties":{"value":0.1733,"sigma":0.0811}},{"type":"Feature","geometry":{"type":"Polygon","coordinates":[[[-76.455,3.31],[-76.45,3.31],[-76.45,3.315],[-76.455,3.315],[-76.455,3.31]]]},"properties":{"value":0.1814,"sigma":0.0817}},{"type":"Feature","geometry":{"type":"Polygon","coordinates":[[[-76.44999999999999,3.31],[-76.445,3.31],[-76.445,3.315],[-76.44999999999999,3.315],[-76.44999999999999,3.31]]]},"properties":{"value":0.1829,"sigma":0.081}},{"type":"Feature","geometry":{"type":"Polygon","coordinates":[[[-76.445,3.31],[-76.44,3.31],[-76.44,3.315],[-76.445,3.315],[-76.445,3.31]]]},"properties":{"value":0.1801,"sigma":0.0898}},{"type":"Feature","geometry":{"type":"Polygon","coordinates":[[[-76.44,3.31],[-76.435,3.31],[-76.435,3.315],[-76.44,3.315],[-76.44,3.31]]]},"properties":{"value":0.1737,"sigma":0.0908}},{"type":"Feature","geometry":{"type":"Polygon","coordinates":[[[-76.43499999999999,3.31],[-76.42999999999999,3.31],[-76.42999999999999,3.315],[-76.43499999999999,3.315],[-76.43499999999999,3.31]]]},"properties":{"value":0.1722,"sigma":0.0974}},{"type":"Feature","geometry":{"type":"Polygon","coordinates":[[[-76.42999999999999,3.31],[-76.425,3.31],[-76.425,3.315],[-76.42999999999999,3.315],[-76.42999999999999,3.31]]]},"properties":{"value":0.1835,"sigma":0.0943}},{"type":"Feature","geometry":{"type":"Polygon","coordinates":[[[-76.425,3.31],[-76.42,3.31],[-76.42,3.315],[-76.425,3.315],[-76.425,3.31]]]},"properties":{"value":0.173,"sigma":0.0969}},{"type":"Feature","geometry":{"type":"Polygon","coordinates":[[[-76.41999999999999,3.31],[-76.41499999999999,3.31],[-76.41499999999999,3.315],[-76.41999999999999,3.315],[-76.41999999999999,3.31]]]},"properties":{"value":0.1747,"sigma":0.0972}},{"type":"Feature","geometry":{"type":"Polygon","coordinates":[[[-76.41499999999999,3.31],[-76.41,3.31],[-76.41,3.315],[-76.41499999999999,3.315],[-76.41499999999999,3.31]]]},"properties":{"value":0.19,"sigma":0.1007}},{"type":"Feature","geometry":{"type":"Polygon","coordinates":[[[-76.41,3.31],[-76.405,3.31],[-76.405,3.315],[-76.41,3.315],[-76.41,3.31]]]},"properties":{"value":0.1817,"sigma":0.1035}},{"type":"Feature","geometry":{"type":"Polygon","coordinates":[[[-76.40499999999999,3.31],[-76.39999999999999,3.31],[-76.39999999999999,3.315],[-76.40499999999999,3.315],[-76.40499999999999,3.31]]]},"properties":{"value":0.1794,"sigma":0.1016}},{"type":"Feature","geometry":{"type":"Polygon","coordinates":[[[-76.6,3.315],[-76.595,3.315],[-76.595,3.32],[-76.6,3.32],[-76.6,3.315]]]},"properties":{"value":0.1844,"sigma":0.0736}},{"type":"Feature","geometry":{"type":"Polygon","coordinates":[[[-76.595,3.315],[-76.59,3.315],[-76.59,3.32],[-76.595,3.32],[-76.595,3.315]]]},"properties":{"value":0.1848,"sigma":0.0752}},{"type":"Feature","geometry":{"type":"Polygon","coordinates":[[[-76.58999999999999,3.315],[-76.585,3.315],[-76.585,3.32],[-76.58999999999999,3.32],[-76.58999999999999,3.315]]]},"properties":{"value":0.1845,"sigma":0.0729}},{"type":"Feature","geometry":{"type":"Polygon","coordinates":[[[-76.585,3.315],[-76.58,3.315],[-76.58,3.32],[-76.585,3.32],[-76.585,3.315]]]},"properties":{"value":0.1841,"sigma":0.0691}},{"type":"Feature","geometry":{"type":"Polygon","coordinates":[[[-76.58,3.315],[-76.575,3.315],[-76.575,3.32],[-76.58,3.32],[-76.58,3.315]]]},"properties":{"value":0.1826,"sigma":0.0679}},{"type":"Feature","geometry":{"type":"Polygon","coordinates":[[[-76.57499999999999,3.315],[-76.57,3.315],[-76.57,3.32],[-76.57499999999999,3.32],[-76.57499999999999,3.315]]]},"properties":{"value":0.1802,"sigma":0.0705}},{"type":"Feature","geometry":{"type":"Polygon","coordinates":[[[-76.57,3.315],[-76.565,3.315],[-76.565,3.32],[-76.57,3.32],[-76.57,3.315]]]},"properties":{"value":0.1942,"sigma":0.0672}},{"type":"Feature","geometry":{"type":"Polygon","coordinates":[[[-76.565,3.315],[-76.56,3.315],[-76.56,3.32],[-76.565,3.32],[-76.565,3.315]]]},"properties":{"value":0.1837,"sigma":0.0635}},{"type":"Feature","geometry":{"type":"Polygon","coordinates":[[[-76.55999999999999,3.315],[-76.55499999999999,3.315],[-76.55499999999999,3.32],[-76.55999999999999,3.32],[-76.55999999999999,3.315]]]},"properties":{"value":0.185,"sigma":0.0646}},{"type":"Feature","geometry":{"type":"Polygon","coordinates":[[[-76.55499999999999,3.315],[-76.55,3.315],[-76.55,3.32],[-76.55499999999999,3.32],[-76.55499999999999,3.315]]]},"properties":{"value":0.1648,"sigma":0.0619}},{"type":"Feature","geometry":{"type":"Polygon","coordinates":[[[-76.55,3.315],[-76.545,3.315],[-76.545,3.32],[-76.55,3.32],[-76.55,3.315]]]},"properties":{"value":0.1831,"sigma":0.0594}},{"type":"Feature","geometry":{"type":"Polygon","coordinates":[[[-76.54499999999999,3.315],[-76.53999999999999,3.315],[-76.53999999999999,3.32],[-76.54499999999999,3.32],[-76.54499999999999,3.315]]]},"properties":{"value":0.1909,"sigma":0.0643}},{"type":"Feature","geometry":{"type":"Polygon","coordinates":[[[-76.53999999999999,3.315],[-76.535,3.315],[-76.535,3.32],[-76.53999999999999,3.32],[-76.53999999999999,3.315]]]},"properties":{"value":0.1885,"sigma":0.0635}},{"type":"Feature","geometry":{"type":"Polygon","coordinates":[[[-76.535,3.315],[-76.53,3.315],[-76.53,3.32],[-76.535,3.32],[-76.535,3.315]]]},"properties":{"value":0.1914,"sigma":0.0615}},{"type":"Feature","geometry":{"type":"Polygon","coordinates":[[[-76.52999999999999,3.315],[-76.52499999999999,3.315],[-76.52499999999999,3.32],[-76.52999999999999,3.32],[-76.52999999999999,3.315]]]},"properties":{"value":0.2088,"sigma":0.0657}},{"type":"Feature","geometry":{"type":"Polygon","coordinates":[[[-76.52499999999999,3.315],[-76.52,3.315],[-76.52,3.32],[-76.52499999999999,3.32],[-76.52499999999999,3.315]]]},"properties":{"value":0.2217,"sigma":0.0612}},{"type":"Feature","geometry":{"type":"Polygon","coordinates":[[[-76.52,3.315],[-76.515,3.315],[-76.515,3.32],[-76.52,3.32],[-76.52,3.315]]]},"properties":{"value":0.2477,"sigma":0.0606}},{"type":"Feature","geometry":{"type":"Polygon","coordinates":[[[-76.51499999999999,3.315],[-76.50999999999999,3.315],[-76.50999999999999,3.32],[-76.51499999999999,3.32],[-76.51499999999999,3.315]]]},"properties":{"value":0.2413,"sigma":0.0653}},{"type":"Feature","geometry":{"type":"Polygon","coordinates":[[[-76.50999999999999,3.315],[-76.505,3.315],[-76.505,3.32],[-76.50999999999999,3.32],[-76.50999999999999,3.315]]]},"properties":{"value":0.2523,"sigma":0.0661}},{"type":"Feature","geometry":{"type":"Polygon","coordinates":[[[-76.505,3.315],[-76.5,3.315],[-76.5,3.32],[-76.505,3.32],[-76.505,3.315]]]},"properties":{"value":0.249,"sigma":0.0707}},{"type":"Feature","geometry":{"type":"Polygon","coordinates":[[[-76.49999999999999,3.315],[-76.49499999999999,3.315],[-76.49499999999999,3.32],[-76.49999999999999,3.32],[-76.49999999999999,3.315]]]},"properties":{"value":0.2523,"sigma":0.0673}},{"type":"Feature","geometry":{"type":"Polygon","coordinates":[[[-76.49499999999999,3.315],[-76.49,3.315],[-76.49,3.32],[-76.49499999999999,3.32],[-76.49499999999999,3.315]]]},"properties":{"value":0.2336,"sigma":0.0725}},{"type":"Feature","geometry":{"type":"Polygon","coordinates":[[[-76.49,3.315],[-76.485,3.315],[-76.485,3.32],[-76.49,3.32],[-76.49,3.315]]]},"properties":{"value":0.203,"sigma":0.0691}},{"type":"Feature","geometry":{"type":"Polygon","coordinates":[[[-76.48499999999999,3.315],[-76.47999999999999,3.315],[-76.47999999999999,3.32],[-76.48499999999999,3.32],[-76.48499999999999,3.315]]]},"properties":{"value":0.2074,"sigma":0.0732}},{"type":"Feature","geometry":{"type":"Polygon","coordinates":[[[-76.47999999999999,3.315],[-76.475,3.315],[-76.475,3.32],[-76.47999999999999,3.32],[-76.47999999999999,3.315]]]},"properties":{"value":0.1959,"sigma":0.0743}},{"type":"Feature","geometry":{"type":"Polygon","coordinates":[[[-76.475,3.315],[-76.47,3.315],[-76.47,3.32],[-76.475,3.32],[-76.475,3.315]]]},"properties":{"value":0.1876,"sigma":0.0774}},{"type":"Feature","geometry":{"type":"Polygon","coordinates":[[[-76.47,3.315],[-76.465,3.315],[-76.465,3.32],[-76.47,3.32],[-76.47,3.315]]]},"properties":{"value":0.1803,"sigma":0.079}},{"type":"Feature","geometry":{"type":"Polygon","coordinates":[[[-76.46499999999999,3.315],[-76.46,3.315],[-76.46,3.32],[-76.46499999999999,3.32],[-76.46499999999999,3.315]]]},"properties":{"value":0.1802,"sigma":0.0832}},{"type":"Feature","geometry":{"type":"Polygon","coordinates":[[[-76.46,3.315],[-76.455,3.315],[-76.455,3.32],[-76.46,3.32],[-76.46,3.315]]]},"properties":{"value":0.1686,"sigma":0.0816}},{"type":"Feature","geometry":{"type":"Polygon","coordinates":[[[-76.455,3.315],[-76.45,3.315],[-76.45,3.32],[-76.455,3.32],[-76.455,3.315]]]},"properties":{"value":0.1763,"sigma":0.081}},{"type":"Feature","geometry":{"type":"Polygon","coordinates":[[[-76.44999999999999,3.315],[-76.445,3.315],[-76.445,3.32],[-76.44999999999999,3.32],[-76.44999999999999,3.315]]]},"properties":{"value":0.1564,"sigma":0.0848}},{"type":"Feature","geometry":{"type":"Polygon","coordinates":[[[-76.445,3.315],[-76.44,3.315],[-76.44,3.32],[-76.445,3.32],[-76.445,3.315]]]},"properties":{"value":0.1845,"sigma":0.0873}},{"type":"Feature","geometry":{"type":"Polygon","coordinates":[[[-76.44,3.315],[-76.435,3.315],[-76.435,3.32],[-76.44,3.32],[-76.44,3.315]]]},"properties":{"value":0.1684,"sigma":0.0888}},{"type":"Feature","geometry":{"type":"Polygon","coordinates":[[[-76.43499999999999,3.315],[-76.42999999999999,3.315],[-76.42999999999999,3.32],[-76.43499999999999,3.32],[-76.43499999999999,3.315]]]},"properties":{"value":0.1749,"sigma":0.0883}},{"type":"Feature","geometry":{"type":"Polygon","coordinates":[[[-76.42999999999999,3.315],[-76.425,3.315],[-76.425,3.32],[-76.42999999999999,3.32],[-76.42999999999999,3.315]]]},"properties":{"value":0.1805,"sigma":0.0938}},{"type":"Feature","geometry":{"type":"Polygon","coordinates":[[[-76.425,3.315],[-76.42,3.315],[-76.42,3.32],[-76.425,3.32],[-76.425,3.315]]]},"properties":{"value":0.1677,"sigma":0.0917}},{"type":"Feature","geometry":{"type":"Polygon","coordinates":[[[-76.41999999999999,3.315],[-76.41499999999999,3.315],[-76.41499999999999,3.32],[-76.41999999999999,3.32],[-76.41999999999999,3.315]]]},"properties":{"value":0.1872,"sigma":0.0966}},{"type":"Feature","geometry":{"type":"Polygon","coordinates":[[[-76.41499999999999,3.315],[-76.41,3.315],[-76.41,3.32],[-76.41499999999999,3.32],[-76.41499999999999,3.315]]]},"properties":{"value":0.1787,"sigma":0.0974}},{"type":"Feature","geometry":{"type":"Polygon","coordinates":[[[-76.41,3.315],[-76.405,3.315],[-76.405,3.32],[-76.41,3.32],[-76.41,3.315]]]},"properties":{"value":0.1764,"sigma":0.1054}},{"type":"Feature","geometry":{"type":"Polygon","coordinates":[[[-76.40499999999999,3.315],[-76.39999999999999,3.315],[-76.39999999999999,3.32],[-76.40499999999999,3.32],[-76.40499999999999,3.315]]]},"properties":{"value":0.1773,"sigma":0.1092}},{"type":"Feature","geometry":{"type":"Polygon","coordinates":[[[-76.6,3.32],[-76.595,3.32],[-76.595,3.3249999999999997],[-76.6,3.3249999999999997],[-76.6,3.32]]]},"properties":{"value":0.1734,"sigma":0.0737}},{"type":"Feature","geometry":{"type":"Polygon","coordinates":[[[-76.595,3.32],[-76.59,3.32],[-76.59,3.3249999999999997],[-76.595,3.3249999999999997],[-76.595,3.32]]]},"properties":{"value":0.1794,"sigma":0.0718}},{"type":"Feature","geometry":{"type":"Polygon","coordinates":[[[-76.58999999999999,3.32],[-76.585,3.32],[-76.585,3.3249999999999997],[-76.58999999999999,3.3249999999999997],[-76.58999999999999,3.32]]]},"properties":{"value":0.1739,"sigma":0.0723}},{"type":"Feature","geometry":{"type":"Polygon","coordinates":[[[-76.585,3.32],[-76.58,3.32],[-76.58,3.3249999999999997],[-76.585,3.3249999999999997],[-76.585,3.32]]]},"properties":{"value":0.1883,"sigma":0.0695}},{"type":"Feature","geometry":{"type":"Polygon","coordinates":[[[-76.58,3.32],[-76.575,3.32],[-76.575,3.3249999999999997],[-76.58,3.3249999999999997],[-76.58,3.32]]]},"properties":{"value":0.1818,"sigma":0.0692}},{"type":"Feature","geometry":{"type":"Polygon","coordinates":[[[-76.57499999999999,3.32],[-76.57,3.32],[-76.57,3.3249999999999997],[-76.57499999999999,3.3249999999999997],[-76.57499999999999,3.32]]]},"properties":{"value":0.1847,"sigma":0.0668}},{"type":"Feature","geometry":{"type":"Polygon","coordinates":[[[-76.57,3.32],[-76.565,3.32],[-76.565,3.3249999999999997],[-76.57,3.3249999999999997],[-76.57,3.32]]]},"properties":{"value":0.1831,"sigma":0.0658}},{"type":"Feature","geometry":{"type":"Polygon","coordinates":[[[-76.565,3.32],[-76.56,3.32],[-76.56,3.3249999999999997],[-76.565,3.3249999999999997],[-76.565,3.32]]]},"properties":{"value":0.1789,"sigma":0.0649}},{"type":"Feature","geometry":{"type":"Polygon","coordinates":[[[-76.55999999999999,3.32],[-76.55499999999999,3.32],[-76.55499999999999,3.3249999999999997],[-76.55999999999999,3.3249999999999997],[-76.55999999999999,3.32]]]},"properties":{"value":0.1843,"sigma":0.0654}},{"type":"Feature","geometry":{"type":"Polygon","coordinates":[[[-76.55499999999999,3.32],[-76.55,3.32],[-76.55,3.3249999999999997],[-76.55499999999999,3.3249999999999997],[-76.55499999999999,3.32]]]},"properties":{"value":0.1676,"sigma":0.0621}},{"type":"Feature","geometry":{"type":"Polygon","coordinates":[[[-76.55,3.32],[-76.545,3.32],[-76.545,3.3249999999999997],[-76.55,3.3249999999999997],[-76.55,3.32]]]},"properties":{"value":0.1779,"sigma":0.0573}},{"type":"Feature","geometry":{"type":"Polygon","coordinates":[[[-76.54499999999999,3.32],[-76.53999999999999,3.32],[-76.53999999999999,3.3249999999999997],[-76.54499999999999,3.3249999999999997],[-76.54499999999999,3.32]]]},"properties":{"value":0.1901,"sigma":0.0625}},{"type":"Feature","geometry":{"type":"Polygon","coordinates":[[[-76.53999999999999,3.32],[-76.535,3.32],[-76.535,3.3249999999999997],[-76.53999999999999,3.3249999999999997],[-76.53999999999999,3.32]]]},"properties":{"value":0.1998,"sigma":0.0605}},{"type":"Feature","geometry":{"type":"Polygon","coordinates":[[[-76.535,3.32],[-76.53,3.32],[-76.53,3.3249999999999997],[-76.535,3.3249999999999997],[-76.535,3.32]]]},"properties":{"value":0.1989,"sigma":0.0604}},{"type":"Feature","geometry":{"type":"Polygon","coordinates":[[[-76.52999999999999,3.32],[-76.52499999999999,3.32],[-76.52499999999999,3.3249999999999997],[-76.52999999999999,3.3249999999999997],[-76.52999999999999,3.32]]]},"properties":{"value":0.206,"sigma":0.0626}},{"type":"Feature","geometry":{"type":"Polygon","coordinates":[[[-76.52499999999999,3.32],[-76.52,3.32],[-76.52,3.3249999999999997],[-76.52499999999999,3.3249999999999997],[-76.52499999999999,3.32]]]},"properties":{"value":0.2233,"sigma":0.0598}},{"type":"Feature","geometry":{"type":"Polygon","coordinates":[[[-76.52,3.32],[-76.515,3.32],[-76.515,3.3249999999999997],[-76.52,3.3249999999999997],[-76.52,3.32]]]},"properties":{"value":0.2487,"sigma":0.0641}},{"type":"Feature","geometry":{"type":"Polygon","coordinates":[[[-76.51499999999999,3.32],[-76.50999999999999,3.32],[-76.50999999999999,3.3249999999999997],[-76.51499999999999,3.3249999999999997],[-76.51499999999999,3.32]]]},"properties":{"value":0.2546,"sigma":0.062}},{"type":"Feature","geometry":{"type":"Polygon","coordinates":[[[-76.50999999999999,3.32],[-76.505,3.32],[-76.505,3.3249999999999997],[-76.50999999999999,3.3249999999999997],[-76.50999999999999,3.32]]]},"properties":{"value":0.2691,"sigma":0.0638}},{"type":"Feature","geometry":{"type":"Polygon","coordinates":[[[-76.505,3.32],[-76.5,3.32],[-76.5,3.3249999999999997],[-76.505,3.3249999999999997],[-76.505,3.32]]]},"properties":{"value":0.2637,"sigma":0.0621}},{"type":"Feature","geometry":{"type":"Polygon","coordinates":[[[-76.49999999999999,3.32],[-76.49499999999999,3.32],[-76.49499999999999,3.3249999999999997],[-76.49999999999999,3.3249999999999997],[-76.49999999999999,3.32]]]},"properties":{"value":0.2517,"sigma":0.0662}},{"type":"Feature","geometry":{"type":"Polygon","coordinates":[[[-76.49499999999999,3.32],[-76.49,3.32],[-76.49,3.3249999999999997],[-76.49499999999999,3.3249999999999997],[-76.49499999999999,3.32]]]},"properties":{"value":0.227,"sigma":0.0657}},{"type":"Feature","geometry":{"type":"Polygon","coordinates":[[[-76.49,3.32],[-76.485,3.32],[-76.485,3.3249999999999997],[-76.49,3.3249999999999997],[-76.49,3.32]]]},"properties":{"value":0.2228,"sigma":0.0714}},{"type":"Feature","geometry":{"type":"Polygon","coordinates":[[[-76.48499999999999,3.32],[-76.47999999999999,3.32],[-76.47999999999999,3.3249999999999997],[-76.48499999999999,3.3249999999999997],[-76.48499999999999,3.32]]]},"properties":{"value":0.2054,"sigma":0.0732}},{"type":"Feature","geometry":{"type":"Polygon","coordinates":[[[-76.47999999999999,3.32],[-76.475,3.32],[-76.475,3.3249999999999997],[-76.47999999999999,3.3249999999999997],[-76.47999999999999,3.32]]]},"properties":{"value":0.1965,"sigma":0.0694}},{"type":"Feature","geometry":{"type":"Polygon","coordinates":[[[-76.475,3.32],[-76.47,3.32],[-76.47,3.3249999999999997],[-76.475,3.3249999999999997],[-76.475,3.32]]]},"properties":{"value":0.1775,"sigma":0.0761}},{"type":"Feature","geometry":{"type":"Polygon","coordinates":[[[-76.47,3.32],[-76.465,3.32],[-76.465,3.3249999999999997],[-76.47,3.3249999999999997],[-76.47,3.32]]]},"properties":{"value":0.181,"sigma":0.0776}},{"type":"Feature","geometry":{"type":"Polygon","coordinates":[[[-76.46499999999999,3.32],[-76.46,3.32],[-76.46,3.3249999999999997],[-76.46499999999999,3.3249999999999997],[-76.46499999999999,3.32]]]},"properties":{"value":0.1735,"sigma":0.0786}},{"type":"Feature","geometry":{"type":"Polygon","coordinates":[[[-76.46,3.32],[-76.455,3.32],[-76.455,3.3249999999999997],[-76.46,3.3249999999999997],[-76.46,3.32]]]},"properties":{"value":0.178,"sigma":0.0803}},{"type":"Feature","geometry":{"type":"Polygon","coordinates":[[[-76.455,3.32],[-76.45,3.32],[-76.45,3.3249999999999997],[-76.455,3.3249999999999997],[-76.455,3.32]]]},"properties":{"value":0.179,"sigma":0.0814}},{"type":"Feature","geometry":{"type":"Polygon","coordinates":[[[-76.44999999999999,3.32],[-76.445,3.32],[-76.445,3.3249999999999997],[-76.44999999999999,3.3249999999999997],[-76.44999999999999,3.32]]]},"properties":{"value":0.1861,"sigma":0.0886}},{"type":"Feature","geometry":{"type":"Polygon","coordinates":[[[-76.445,3.32],[-76.44,3.32],[-76.44,3.3249999999999997],[-76.445,3.3249999999999997],[-76.445,3.32]]]},"properties":{"value":0.1786,"sigma":0.0887}},{"type":"Feature","geometry":{"type":"Polygon","coordinates":[[[-76.44,3.32],[-76.435,3.32],[-76.435,3.3249999999999997],[-76.44,3.3249999999999997],[-76.44,3.32]]]},"properties":{"value":0.1836,"sigma":0.0884}},{"type":"Feature","geometry":{"type":"Polygon","coordinates":[[[-76.43499999999999,3.32],[-76.42999999999999,3.32],[-76.42999999999999,3.3249999999999997],[-76.43499999999999,3.3249999999999997],[-76.43499999999999,3.32]]]},"properties":{"value":0.1827,"sigma":0.0885}},{"type":"Feature","geometry":{"type":"Polygon","coordinates":[[[-76.42999999999999,3.32],[-76.425,3.32],[-76.425,3.3249999999999997],[-76.42999999999999,3.3249999999999997],[-76.42999999999999,3.32]]]},"properties":{"value":0.185,"sigma":0.0955}},{"type":"Feature","geometry":{"type":"Polygon","coordinates":[[[-76.425,3.32],[-76.42,3.32],[-76.42,3.3249999999999997],[-76.425,3.3249999999999997],[-76.425,3.32]]]},"properties":{"value":0.1747,"sigma":0.092}},{"type":"Feature","geometry":{"type":"Polygon","coordinates":[[[-76.41999999999999,3.32],[-76.41499999999999,3.32],[-76.41499999999999,3.3249999999999997],[-76.41999999999999,3.3249999999999997],[-76.41999999999999,3.32]]]},"properties":{"value":0.1903,"sigma":0.0891}},{"type":"Feature","geometry":{"type":"Polygon","coordinates":[[[-76.41499999999999,3.32],[-76.41,3.32],[-76.41,3.3249999999999997],[-76.41499999999999,3.3249999999999997],[-76.41499999999999,3.32]]]},"properties":{"value":0.1826,"sigma":0.0931}},{"type":"Feature","geometry":{"type":"Polygon","coordinates":[[[-76.41,3.32],[-76.405,3.32],[-76.405,3.3249999999999997],[-76.41,3.3249999999999997],[-76.41,3.32]]]},"properties":{"value":0.1873,"sigma":0.0949}},{"type":"Feature","geometry":{"type":"Polygon","coordinates":[[[-76.40499999999999,3.32],[-76.39999999999999,3.32],[-76.39999999999999,3.3249999999999997],[-76.40499999999999,3.3249999999999997],[-76.40499999999999,3.32]]]},"properties":{"value":0.1701,"sigma":0.1007}},{"type":"Feature","geometry":{"type":"Polygon","coordinates":[[[-76.6,3.3249999999999997],[-76.595,3.3249999999999997],[-76.595,3.3299999999999996],[-76.6,3.3299999999999996],[-76.6,3.3249999999999997]]]},"properties":{"value":0.1922,"sigma":0.0763}},{"type":"Feature","geometry":{"type":"Polygon","coordinates":[[[-76.595,3.3249999999999997],[-76.59,3.3249999999999997],[-76.59,3.3299999999999996],[-76.595,3.3299999999999996],[-76.595,3.3249999999999997]]]},"properties":{"value":0.1837,"sigma":0.0689}},{"type":"Feature","geometry":{"type":"Polygon","coordinates":[[[-76.58999999999999,3.3249999999999997],[-76.585,3.3249999999999997],[-76.585,3.3299999999999996],[-76.58999999999999,3.3299999999999996],[-76.58999999999999,3.3249999999999997]]]},"properties":{"value":0.1799,"sigma":0.0737}},{"type":"Feature","geometry":{"type":"Polygon","coordinates":[[[-76.585,3.3249999999999997],[-76.58,3.3249999999999997],[-76.58,3.3299999999999996],[-76.585,3.3299999999999996],[-76.585,3.3249999999999997]]]},"properties":{"value":0.1895,"sigma":0.0718}},{"type":"Feature","geometry":{"type":"Polygon","coordinates":[[[-76.58,3.3249999999999997],[-76.575,3.3249999999999997],[-76.575,3.3299999999999996],[-76.58,3.3299999999999996],[-76.58,3.3249999999999997]]]},"properties":{"value":0.1789,"sigma":0.0697}},{"type":"Feature","geometry":{"type":"Polygon","coordinates":[[[-76.57499999999999,3.3249999999999997],[-76.57,3.3249999999999997],[-76.57,3.3299999999999996],[-76.57499999999999,3.3299999999999996],[-76.57499999999999,3.3249999999999997]]]},"properties":{"value":0.1744,"sigma":0.0671}},{"type":"Feature","geometry":{"type":"Polygon","coordinates":[[[-76.57,3.3249999999999997],[-76.565,3.3249999999999997],[-76.565,3.3299999999999996],[-76.57,3.3299999999999996],[-76.57,3.3249999999999997]]]},"properties":{"value":0.1799,"sigma":0.0619}},{"type":"Feature","geometry":{"type":"Polygon","coordinates":[[[-76.565,3.3249999999999997],[-76.56,3.3249999999999997],[-76.56,3.3299999999999996],[-76.565,3.3299999999999996],[-76.565,3.3249999999999997]]]},"properties":{"value":0.1874,"sigma":0.0634}},{"type":"Feature","geometry":{"type":"Polygon","coordinates":[[[-76.55999999999999,3.3249999999999997],[-76.55499999999999,3.3249999999999997],[-76.55499999999999,3.3299999999999996],[-76.55999999999999,3.3299999999999996],[-76.55999999999999,3.3249999999999997]]]},"properties":{"value":0.1823,"sigma":0.0595}},{"type":"Feature","geometry":{"type":"Polygon","coordinates":[[[-76.55499999999999,3.3249999999999997],[-76.55,3.3249999999999997],[-76.55,3.3299999999999996],[-76.55499999999999,3.3299999999999996],[-76.55499999999999,3.3249999999999997]]]},"properties":{"value":0.1772,"sigma":0.0609}},{"type":"Feature","geometry":{"type":"Polygon","coordinates":[[[-76.55,3.3249999999999997],[-76.545,3.3249999999999997],[-76.545,3.3299999999999996],[-76.55,3.3299999999999996],[-76.55,3.3249999999999997]]]},"properties":{"value":0.1845,"sigma":0.062}},{"type":"Feature","geometry":{"type":"Polygon","coordinates":[[[-76.54499999999999,3.3249999999999997],[-76.53999999999999,3.3249999999999997],[-76.53999999999999,3.3299999999999996],[-76.54499999999999,3.3299999999999996],[-76.54499999999999,3.3249999999999997]]]},"properties":{"value":0.1929,"sigma":0.0567}},{"type":"Feature","geometry":{"type":"Polygon","coordinates":[[[-76.53999999999999,3.3249999999999997],[-76.535,3.3249999999999997],[-76.535,3.3299999999999996],[-76.53999999999999,3.3299999999999996],[-76.53999999999999,3.3249999999999997]]]},"properties":{"value":0.1988,"sigma":0.0539}},{"type":"Feature","geometry":{"type":"Polygon","coordinates":[[[-76.535,3.3249999999999997],[-76.53,3.3249999999999997],[-76.53,3.3299999999999996],[-76.535,3.3299999999999996],[-76.535,3.3249999999999997]]]},"properties":{"value":0.2037,"sigma":0.0588}},{"type":"Feature","geometry":{"type":"Polygon","coordinates":[[[-76.52999999999999,3.3249999999999997],[-76.52499999999999,3.3249999999999997],[-76.52499999999999,3.3299999999999996],[-76.52999999999999,3.3299999999999996],[-76.52999999999999,3.3249999999999997]]]},"properties":{"value":0.215,"sigma":0.0582}},{"type":"Feature","geometry":{"type":"Polygon","coordinates":[[[-76.52499999999999,3.3249999999999997],[-76.52,3.3249999999999997],[-76.52,3.3299999999999996],[-76.52499999999999,3.3299999999999996],[-76.52499999999999,3.3249999999999997]]]},"properties":{"value":0.2287,"sigma":0.0541}},{"type":"Feature","geometry":{"type":"Polygon","coordinates":[[[-76.52,3.3249999999999997],[-76.515,3.3249999999999997],[-76.515,3.3299999999999996],[-76.52,3.3299999999999996],[-76.52,3.3249999999999997]]]},"properties":{"value":0.2499,"sigma":0.06}},{"type":"Feature","geometry":{"type":"Polygon","coordinates":[[[-76.51499999999999,3.3249999999999997],[-76.50999999999999,3.3249999999999997],[-76.50999999999999,3.3299999999999996],[-76.51499999999999,3.3299999999999996],[-76.51499999999999,3.3249999999999997]]]},"properties":{"value":0.2654,"sigma":0.0589}},{"type":"Feature","geometry":{"type":"Polygon","coordinates":[[[-76.50999999999999,3.3249999999999997],[-76.505,3.3249999999999997],[-76.505,3.3299999999999996],[-76.50999999999999,3.3299999999999996],[-76.50999999999999,3.3249999999999997]]]},"properties":{"value":0.2621,"sigma":0.0628}},{"type":"Feature","geometry":{"type":"Polygon","coordinates":[[[-76.505,3.3249999999999997],[-76.5,3.3249999999999997],[-76.5,3.3299999999999996],[-76.505,3.3299999999999996],[-76.505,3.3249999999999997]]]},"properties":{"value":0.2627,"sigma":0.0629}},{"type":"Feature","geometry":{"type":"Polygon","coordinates":[[[-76.49999999999999,3.3249999999999997],[-76.49499999999999,3.3249999999999997],[-76.49499999999999,3.3299999999999996],[-76.49999999999999,3.3299999999999996],[-76.49999999999999,3.3249999999999997]]]},"properties":{"value":0.243,"sigma":0.0658}},{"type":"Feature","geometry":{"type":"Polygon","coordinates":[[[-76.49499999999999,3.3249999999999997],[-76.49,3.3249999999999997],[-76.49,3.3299999999999996],[-76.49499999999999,3.3299999999999996],[-76.49499999999999,3.3249999999999997]]]},"properties":{"value":0.2392,"sigma":0.0638}},{"type":"Feature","geometry":{"type":"Polygon","coordinates":[[[-76.49,3.3249999999999997],[-76.485,3.3249999999999997],[-76.485,3.3299999999999996],[-76.49,3.3299999999999996],[-76.49,3.3249999999999997]]]},"properties":{"value":0.2126,"sigma":0.0697}},{"type":"Feature","geometry":{"type":"Polygon","coordinates":[[[-76.48499999999999,3.3249999999999997],[-76.47999999999999,3.3249999999999997],[-76.47999999999999,3.3299999999999996],[-76.48499999999999,3.3299999999999996],[-76.48499999999999,3.3249999999999997]]]},"properties":{"value":0.2068,"sigma":0.066}},{"type":"Feature","geometry":{"type":"Polygon","coordinates":[[[-76.47999999999999,3.3249999999999997],[-76.475,3.3249999999999997],[-76.475,3.3299999999999996],[-76.47999999999999,3.3299999999999996],[-76.47999999999999,3.3249999999999997]]]},"properties":{"value":0.1976,"sigma":0.0689}},{"type":"Feature","geometry":{"type":"Polygon","coordinates":[[[-76.475,3.3249999999999997],[-76.47,3.3249999999999997],[-76.47,3.3299999999999996],[-76.475,3.3299999999999996],[-76.475,3.3249999999999997]]]},"properties":{"value":0.1874,"sigma":0.0735}},{"type":"Feature","geometry":{"type":"Polygon","coordinates":[[[-76.47,3.3249999999999997],[-76.465,3.3249999999999997],[-76.465,3.3299999999999996],[-76.47,3.3299999999999996],[-76.47,3.3249999999999997]]]},"properties":{"value":0.1795,"sigma":0.0745}},{"type":"Feature","geometry":{"type":"Polygon","coordinates":[[[-76.46499999999999,3.3249999999999997],[-76.46,3.3249999999999997],[-76.46,3.3299999999999996],[-76.46499999999999,3.3299999999999996],[-76.46499999999999,3.3249999999999997]]]},"properties":{"value":0.1804,"sigma":0.0793}},{"type":"Feature","geometry":{"type":"Polygon","coordinates":[[[-76.46,3.3249999999999997],[-76.455,3.3249999999999997],[-76.455,3.3299999999999996],[-76.46,3.3299999999999996],[-76.46,3.3249999999999997]]]},"properties":{"value":0.1888,"sigma":0.0791}},{"type":"Feature","geometry":{"type":"Polygon","coordinates":[[[-76.455,3.3249999999999997],[-76.45,3.3249999999999997],[-76.45,3.3299999999999996],[-76.455,3.3299999999999996],[-76.455,3.3249999999999997]]]},"properties":{"value":0.1842,"sigma":0.0813}},{"type":"Feature","geometry":{"type":"Polygon","coordinates":[[[-76.44999999999999,3.3249999999999997],[-76.445,3.3249999999999997],[-76.445,3.3299999999999996],[-76.44999999999999,3.3299999999999996],[-76.44999999999999,3.3249999999999997]]]},"properties":{"value":0.1766,"sigma":0.0835}},{"type":"Feature","geometry":{"type":"Polygon","coordinates":[[[-76.445,3.3249999999999997],[-76.44,3.3249999999999997],[-76.44,3.3299999999999996],[-76.445,3.3299999999999996],[-76.445,3.3249999999999997]]]},"properties":{"value":0.1832,"sigma":0.0866}},{"type":"Feature","geometry":{"type":"Polygon","coordinates":[[[-76.44,3.3249999999999997],[-76.435,3.3249999999999997],[-76.435,3.3299999999999996],[-76.44,3.3299999999999996],[-76.44,3.3249999999999997]]]},"properties":{"value":0.1917,"sigma":0.0843}},{"type":"Feature","geometry":{"type":"Polygon","coordinates":[[[-76.43499999999999,3.3249999999999997],[-76.42999999999999,3.3249999999999997],[-76.42999999999999,3.3299999999999996],[-76.43499999999999,3.3299999999999996],[-76.43499999999999,3.3249999999999997]]]},"properties":{"value":0.1756,"sigma":0.0877}},{"type":"Feature","geometry":{"type":"Polygon","coordinates":[[[-76.42999999999999,3.3249999999999997],[-76.425,3.3249999999999997],[-76.425,3.3299999999999996],[-76.42999999999999,3.3299999999999996],[-76.42999999999999,3.3249999999999997]]]},"properties":{"value":0.1763,"sigma":0.0942}},{"type":"Feature","geometry":{"type":"Polygon","coordinates":[[[-76.425,3.3249999999999997],[-76.42,3.3249999999999997],[-76.42,3.3299999999999996],[-76.425,3.3299999999999996],[-76.425,3.3249999999999997]]]},"properties":{"value":0.171,"sigma":0.0936}},{"type":"Feature","geometry":{"type":"Polygon","coordinates":[[[-76.41999999999999,3.3249999999999997],[-76.41499999999999,3.3249999999999997],[-76.41499999999999,3.3299999999999996],[-76.41999999999999,3.3299999999999996],[-76.41999999999999,3.3249999999999997]]]},"properties":{"value":0.1818,"sigma":0.093}},{"type":"Feature","geometry":{"type":"Polygon","coordinates":[[[-76.41499999999999,3.3249999999999997],[-76.41,3.3249999999999997],[-76.41,3.3299999999999996],[-76.41499999999999,3.3299999999999996],[-76.41499999999999,3.3249999999999997]]]},"properties":{"value":0.181,"sigma":0.0933}},{"type":"Feature","geometry":{"type":"Polygon","coordinates":[[[-76.41,3.3249999999999997],[-76.405,3.3249999999999997],[-76.405,3.3299999999999996],[-76.41,3.3299999999999996],[-76.41,3.3249999999999997]]]},"properties":{"value":0.1778,"sigma":0.099}},{"type":"Feature","geometry":{"type":"Polygon","coordinates":[[[-76.40499999999999,3.3249999999999997],[-76.39999999999999,3.3249999999999997],[-76.39999999999999,3.3299999999999996],[-76.40499999999999,3.3299999999999996],[-76.40499999999999,3.3249999999999997]]]},"properties":{"value":0.1753,"sigma":0.1067}},{"type":"Feature","geometry":{"type":"Polygon","coordinates":[[[-76.6,3.33],[-76.595,3.33],[-76.595,3.335],[-76.6,3.335],[-76.6,3.33]]]},"properties":{"value":0.1838,"sigma":0.0735}},{"type":"Feature","geometry":{"type":"Polygon","coordinates":[[[-76.595,3.33],[-76.59,3.33],[-76.59,3.335],[-76.595,3.335],[-76.595,3.33]]]},"properties":{"value":0.1837,"sigma":0.071}},{"type":"Feature","geometry":{"type":"Polygon","coordinates":[[[-76.58999999999999,3.33],[-76.585,3.33],[-76.585,3.335],[-76.58999999999999,3.335],[-76.58999999999999,3.33]]]},"properties":{"value":0.1844,"sigma":0.0683}},{"type":"Feature","geometry":{"type":"Polygon","coordinates":[[[-76.585,3.33],[-76.58,3.33],[-76.58,3.335],[-76.585,3.335],[-76.585,3.33]]]},"properties":{"value":0.1851,"sigma":0.0661}},{"type":"Feature","geometry":{"type":"Polygon","coordinates":[[[-76.58,3.33],[-76.575,3.33],[-76.575,3.335],[-76.58,3.335],[-76.58,3.33]]]},"properties":{"value":0.1767,"sigma":0.0667}},{"type":"Feature","geometry":{"type":"Polygon","coordinates":[[[-76.57499999999999,3.33],[-76.57,3.33],[-76.57,3.335],[-76.57499999999999,3.335],[-76.57499999999999,3.33]]]},"properties":{"value":0.1862,"sigma":0.0639}},{"type":"Feature","geometry":{"type":"Polygon","coordinates":[[[-76.57,3.33],[-76.565,3.33],[-76.565,3.335],[-76.57,3.335],[-76.57,3.33]]]},"properties":{"value":0.164,"sigma":0.0596}},{"type":"Feature","geometry":{"type":"Polygon","coordinates":[[[-76.565,3.33],[-76.56,3.33],[-76.56,3.335],[-76.565,3.335],[-76.565,3.33]]]},"properties":{"value":0.1917,"sigma":0.0582}},{"type":"Feature","geometry":{"type":"Polygon","coordinates":[[[-76.55999999999999,3.33],[-76.55499999999999,3.33],[-76.55499999999999,3.335],[-76.55999999999999,3.335],[-76.55999999999999,3.33]]]},"properties":{"value":0.1716,"sigma":0.0588}},{"type":"Feature","geometry":{"type":"Polygon","coordinates":[[[-76.55499999999999,3.33],[-76.55,3.33],[-76.55,3.335],[-76.55499999999999,3.335],[-76.55499999999999,3.33]]]},"properties":{"value":0.1822,"sigma":0.0517}},{"type":"Feature","geometry":{"type":"Polygon","coordinates":[[[-76.55,3.33],[-76.545,3.33],[-76.545,3.335],[-76.55,3.335],[-76.55,3.33]]]},"properties":{"value":0.1721,"sigma":0.0544}},{"type":"Feature","geometry":{"type":"Polygon","coordinates":[[[-76.54499999999999,3.33],[-76.53999999999999,3.33],[-76.53999999999999,3.335],[-76.54499999999999,3.335],[-76.54499999999999,3.33]]]},"properties":{"value":0.1914,"sigma":0.0577}},{"type":"Feature","geometry":{"type":"Polygon","coordinates":[[[-76.53999999999999,3.33],[-76.535,3.33],[-76.535,3.335],[-76.53999999999999,3.335],[-76.53999999999999,3.33]]]},"properties":{"value":0.1909,"sigma":0.0582}},{"type":"Feature","geometry":{"type":"Polygon","coordinates":[[[-76.535,3.33],[-76.53,3.33],[-76.53,3.335],[-76.535,3.335],[-76.535,3.33]]]},"properties":{"value":0.1947,"sigma":0.0569}},{"type":"Feature","geometry":{"type":"Polygon","coordinates":[[[-76.52999999999999,3.33],[-76.52499999999999,3.33],[-76.52499999999999,3.335],[-76.52999999999999,3.335],[-76.52999999999999,3.33]]]},"properties":{"value":0.2079,"sigma":0.0548}},{"type":"Feature","geometry":{"type":"Polygon","coordinates":[[[-76.52499999999999,3.33],[-76.52,3.33],[-76.52,3.335],[-76.52499999999999,3.335],[-76.52499999999999,3.33]]]},"properties":{"value":0.2194,"sigma":0.0606}},{"type":"Feature","geometry":{"type":"Polygon","coordinates":[[[-76.52,3.33],[-76.515,3.33],[-76.515,3.335],[-76.52,3.335],[-76.52,3.33]]]},"properties":{"value":0.239,"sigma":0.0618}},{"type":"Feature","geometry":{"type":"Polygon","coordinates":[[[-76.51499999999999,3.33],[-76.50999999999999,3.33],[-76.50999999999999,3.335],[-76.51499999999999,3.335],[-76.51499999999999,3.33]]]},"properties":{"value":0.2641,"sigma":0.0631}},{"type":"Feature","geometry":{"type":"Polygon","coordinates":[[[-76.50999999999999,3.33],[-76.505,3.33],[-76.505,3.335],[-76.50999999999999,3.335],[-76.50999999999999,3.33]]]},"properties":{"value":0.2696,"sigma":0.0579}},{"type":"Feature","geometry":{"type":"Polygon","coordinates":[[[-76.505,3.33],[-76.5,3.33],[-76.5,3.335],[-76.505,3.335],[-76.505,3.33]]]},"properties":{"value":0.2445,"sigma":0.058}},{"type":"Feature","geometry":{"type":"Polygon","coordinates":[[[-76.49999999999999,3.33],[-76.49499999999999,3.33],[-76.49499999999999,3.335],[-76.49999999999999,3.335],[-76.49999999999999,3.33]]]},"properties":{"value":0.2584,"sigma":0.0662}},{"type":"Feature","geometry":{"type":"Polygon","coordinates":[[[-76.49499999999999,3.33],[-76.49,3.33],[-76.49,3.335],[-76.49499999999999,3.335],[-76.49499999999999,3.33]]]},"properties":{"value":0.2319,"sigma":0.0602}},{"type":"Feature","geometry":{"type":"Polygon","coordinates":[[[-76.49,3.33],[-76.485,3.33],[-76.485,3.335],[-76.49,3.335],[-76.49,3.33]]]},"properties":{"value":0.2137,"sigma":0.0677}},{"type":"Feature","geometry":{"type":"Polygon","coordinates":[[[-76.48499999999999,3.33],[-76.47999999999999,3.33],[-76.47999999999999,3.335],[-76.48499999999999,3.335],[-76.48499999999999,3.33]]]},"properties":{"value":0.1948,"sigma":0.0666}},{"type":"Feature","geometry":{"type":"Polygon","coordinates":[[[-76.47999999999999,3.33],[-76.475,3.33],[-76.475,3.335],[-76.47999999999999,3.335],[-76.47999999999999,3.33]]]},"properties":{"value":0.1926,"sigma":0.0699}},{"type":"Feature","geometry":{"type":"Polygon","coordinates":[[[-76.475,3.33],[-76.47,3.33],[-76.47,3.335],[-76.475,3.335],[-76.475,3.33]]]},"properties":{"value":0.1872,"sigma":0.0735}},{"type":"Feature","geometry":{"type":"Polygon","coordinates":[[[-76.47,3.33],[-76.465,3.33],[-76.465,3.335],[-76.47,3.335],[-76.47,3.33]]]},"properties":{"value":0.1841,"sigma":0.0713}},{"type":"Feature","geometry":{"type":"Polygon","coordinates":[[[-76.46499999999999,3.33],[-76.46,3.33],[-76.46,3.335],[-76.46499999999999,3.335],[-76.46499999999999,3.33]]]},"properties":{"value":0.1791,"sigma":0.0776}},{"type":"Feature","geometry":{"type":"Polygon","coordinates":[[[-76.46,3.33],[-76.455,3.33],[-76.455,3.335],[-76.46,3.335],[-76.46,3.33]]]},"properties":{"value":0.1818,"sigma":0.0785}},{"type":"Feature","geometry":{"type":"Polygon","coordinates":[[[-76.455,3.33],[-76.45,3.33],[-76.45,3.335],[-76.455,3.335],[-76.455,3.33]]]},"properties":{"value":0.1792,"sigma":0.0761}},{"type":"Feature","geometry":{"type":"Polygon","coordinates":[[[-76.44999999999999,3.33],[-76.445,3.33],[-76.445,3.335],[-76.44999999999999,3.335],[-76.44999999999999,3.33]]]},"properties":{"value":0.1872,"sigma":0.081}},{"type":"Feature","geometry":{"type":"Polygon","coordinates":[[[-76.445,3.33],[-76.44,3.33],[-76.44,3.335],[-76.445,3.335],[-76.445,3.33]]]},"properties":{"value":0.1645,"sigma":0.0844}},{"type":"Feature","geometry":{"type":"Polygon","coordinates":[[[-76.44,3.33],[-76.435,3.33],[-76.435,3.335],[-76.44,3.335],[-76.44,3.33]]]},"properties":{"value":0.1796,"sigma":0.0839}},{"type":"Feature","geometry":{"type":"Polygon","coordinates":[[[-76.43499999999999,3.33],[-76.42999999999999,3.33],[-76.42999999999999,3.335],[-76.43499999999999,3.335],[-76.43499999999999,3.33]]]},"properties":{"value":0.1766,"sigma":0.085}},{"type":"Feature","geometry":{"type":"Polygon","coordinates":[[[-76.42999999999999,3.33],[-76.425,3.33],[-76.425,3.335],[-76.42999999999999,3.335],[-76.42999999999999,3.33]]]},"properties":{"value":0.1949,"sigma":0.0861}},{"type":"Feature","geometry":{"type":"Polygon","coordinates":[[[-76.425,3.33],[-76.42,3.33],[-76.42,3.335],[-76.425,3.335],[-76.425,3.33]]]},"properties":{"value":0.1794,"sigma":0.0939}},{"type":"Feature","geometry":{"type":"Polygon","coordinates":[[[-76.41999999999999,3.33],[-76.41499999999999,3.33],[-76.41499999999999,3.335],[-76.41999999999999,3.335],[-76.41999999999999,3.33]]]},"properties":{"value":0.185,"sigma":0.093}},{"type":"Feature","geometry":{"type":"Polygon","coordinates":[[[-76.41499999999999,3.33],[-76.41,3.33],[-76.41,3.335],[-76.41499999999999,3.335],[-76.41499999999999,3.33]]]},"properties":{"value":0.189,"sigma":0.1042}},{"type":"Feature","geometry":{"type":"Polygon","coordinates":[[[-76.41,3.33],[-76.405,3.33],[-76.405,3.335],[-76.41,3.335],[-76.41,3.33]]]},"properties":{"value":0.1804,"sigma":0.0916}},{"type":"Feature","geometry":{"type":"Polygon","coordinates":[[[-76.40499999999999,3.33],[-76.39999999999999,3.33],[-76.39999999999999,3.335],[-76.40499999999999,3.335],[-76.40499999999999,3.33]]]},"properties":{"value":0.1838,"sigma":0.0965}},{"type":"Feature","geometry":{"type":"Polygon","coordinates":[[[-76.6,3.335],[-76.595,3.335],[-76.595,3.34],[-76.6,3.34],[-76.6,3.335]]]},"properties":{"value":0.1641,"sigma":0.0733}},{"type":"Feature","geometry":{"type":"Polygon","coordinates":[[[-76.595,3.335],[-76.59,3.335],[-76.59,3.34],[-76.595,3.34],[-76.595,3.335]]]},"properties":{"value":0.182,"sigma":0.0736}},{"type":"Feature","geometry":{"type":"Polygon","coordinates":[[[-76.58999999999999,3.335],[-76.585,3.335],[-76.585,3.34],[-76.58999999999999,3.34],[-76.58999999999999,3.335]]]},"properties":{"value":0.1831,"sigma":0.0667}},{"type":"Feature","geometry":{"type":"Polygon","coordinates":[[[-76.585,3.335],[-76.58,3.335],[-76.58,3.34],[-76.585,3.34],[-76.585,3.335]]]},"properties":{"value":0.1755,"sigma":0.0684}},{"type":"Feature","geometry":{"type":"Polygon","coordinates":[[[-76.58,3.335],[-76.575,3.335],[-76.575,3.34],[-76.58,3.34],[-76.58,3.335]]]},"properties":{"value":0.1865,"sigma":0.064}},{"type":"Feature","geometry":{"type":"Polygon","coordinates":[[[-76.57499999999999,3.335],[-76.57,3.335],[-76.57,3.34],[-76.57499999999999,3.34],[-76.57499999999999,3.335]]]},"properties":{"value":0.1836,"sigma":0.0612}},{"type":"Feature","geometry":{"type":"Polygon","coordinates":[[[-76.57,3.335],[-76.565,3.335],[-76.565,3.34],[-76.57,3.34],[-76.57,3.335]]]},"properties":{"value":0.1627,"sigma":0.0625}},{"type":"Feature","geometry":{"type":"Polygon","coordinates":[[[-76.565,3.335],[-76.56,3.335],[-76.56,3.34],[-76.565,3.34],[-76.565,3.335]]]},"properties":{"value":0.1927,"sigma":0.0547}},{"type":"Feature","geometry":{"type":"Polygon","coordinates":[[[-76.55999999999999,3.335],[-76.55499999999999,3.335],[-76.55499999999999,3.34],[-76.55999999999999,3.34],[-76.55999999999999,3.335]]]},"properties":{"value":0.1823,"sigma":0.0522}},{"type":"Feature","geometry":{"type":"Polygon","coordinates":[[[-76.55499999999999,3.335],[-76.55,3.335],[-76.55,3.34],[-76.55499999999999,3.34],[-76.55499999999999,3.335]]]},"properties":{"value":0.1891,"sigma":0.0573}},{"type":"Feature","geometry":{"type":"Polygon","coordinates":[[[-76.55,3.335],[-76.545,3.335],[-76.545,3.34],[-76.55,3.34],[-76.55,3.335]]]},"properties":{"value":0.1837,"sigma":0.053}},{"type":"Feature","geometry":{"type":"Polygon","coordinates":[[[-76.54499999999999,3.335],[-76.53999999999999,3.335],[-76.53999999999999,3.34],[-76.54499999999999,3.34],[-76.54499999999999,3.335]]]},"properties":{"value":0.1819,"sigma":0.0525}},{"type":"Feature","geometry":{"type":"Polygon","coordinates":[[[-76.53999999999999,3.335],[-76.535,3.335],[-76.535,3.34],[-76.53999999999999,3.34],[-76.53999999999999,3.335]]]},"properties":{"value":0.179,"sigma":0.0496}},{"type":"Feature","geometry":{"type":"Polygon","coordinates":[[[-76.535,3.335],[-76.53,3.335],[-76.53,3.34],[-76.535,3.34],[-76.535,3.335]]]},"properties":{"value":0.1973,"sigma":0.0542}},{"type":"Feature","geometry":{"type":"Polygon","coordinates":[[[-76.52999999999999,3.335],[-76.52499999999999,3.335],[-76.52499999999999,3.34],[-76.52999999999999,3.34],[-76.52999999999999,3.335]]]},"properties":{"value":0.2,"sigma":0.0531}},{"type":"Feature","geometry":{"type":"Polygon","coordinates":[[[-76.52499999999999,3.335],[-76.52,3.335],[-76.52,3.34],[-76.52499999999999,3.34],[-76.52499999999999,3.335]]]},"properties":{"value":0.2184,"sigma":0.0531}},{"type":"Feature","geometry":{"type":"Polygon","coordinates":[[[-76.52,3.335],[-76.515,3.335],[-76.515,3.34],[-76.52,3.34],[-76.52,3.335]]]},"properties":{"value":0.2352,"sigma":0.0546}},{"type":"Feature","geometry":{"type":"Polygon","coordinates":[[[-76.51499999999999,3.335],[-76.50999999999999,3.335],[-76.50999999999999,3.34],[-76.51499999999999,3.34],[-76.51499999999999,3.335]]]},"properties":{"value":0.2384,"sigma":0.0532}},{"type":"Feature","geometry":{"type":"Polygon","coordinates":[[[-76.50999999999999,3.335],[-76.505,3.335],[-76.505,3.34],[-76.50999999999999,3.34],[-76.50999999999999,3.335]]]},"properties":{"value":0.2518,"sigma":0.0583}},{"type":"Feature","geometry":{"type":"Polygon","coordinates":[[[-76.505,3.335],[-76.5,3.335],[-76.5,3.34],[-76.505,3.34],[-76.505,3.335]]]},"properties":{"value":0.2608,"sigma":0.0603}},{"type":"Feature","geometry":{"type":"Polygon","coordinates":[[[-76.49999999999999,3.335],[-76.49499999999999,3.335],[-76.49499999999999,3.34],[-76.49999999999999,3.34],[-76.49999999999999,3.335]]]},"properties":{"value":0.2429,"sigma":0.0609}},{"type":"Feature","geometry":{"type":"Polygon","coordinates":[[[-76.49499999999999,3.335],[-76.49,3.335],[-76.49,3.34],[-76.49499999999999,3.34],[-76.49499999999999,3.335]]]},"properties":{"value":0.2258,"sigma":0.0592}},{"type":"Feature","geometry":{"type":"Polygon","coordinates":[[[-76.49,3.335],[-76.485,3.335],[-76.485,3.34],[-76.49,3.34],[-76.49,3.335]]]},"properties":{"value":0.2086,"sigma":0.0611}},{"type":"Feature","geometry":{"type":"Polygon","coordinates":[[[-76.48499999999999,3.335],[-76.47999999999999,3.335],[-76.47999999999999,3.34],[-76.48499999999999,3.34],[-76.48499999999999,3.335]]]},"properties":{"value":0.2095,"sigma":0.0671}},{"type":"Feature","geometry":{"type":"Polygon","coordinates":[[[-76.47999999999999,3.335],[-76.475,3.335],[-76.475,3.34],[-76.47999999999999,3.34],[-76.47999999999999,3.335]]]},"properties":{"value":0.1907,"sigma":0.0639}},{"type":"Feature","geometry":{"type":"Polygon","coordinates":[[[-76.475,3.335],[-76.47,3.335],[-76.47,3.34],[-76.475,3.34],[-76.475,3.335]]]},"properties":{"value":0.189,"sigma":0.0704}},{"type":"Feature","geometry":{"type":"Polygon","coordinates":[[[-76.47,3.335],[-76.465,3.335],[-76.465,3.34],[-76.47,3.34],[-76.47,3.335]]]},"properties":{"value":0.1922,"sigma":0.076}},{"type":"Feature","geometry":{"type":"Polygon","coordinates":[[[-76.46499999999999,3.335],[-76.46,3.335],[-76.46,3.34],[-76.46499999999999,3.34],[-76.46499999999999,3.335]]]},"properties":{"value":0.1842,"sigma":0.0781}},{"type":"Feature","geometry":{"type":"Polygon","coordinates":[[[-76.46,3.335],[-76.455,3.335],[-76.455,3.34],[-76.46,3.34],[-76.46,3.335]]]},"properties":{"value":0.1773,"sigma":0.0738}},{"type":"Feature","geometry":{"type":"Polygon","coordinates":[[[-76.455,3.335],[-76.45,3.335],[-76.45,3.34],[-76.455,3.34],[-76.455,3.335]]]},"properties":{"value":0.1776,"sigma":0.0814}},{"type":"Feature","geometry":{"type":"Polygon","coordinates":[[[-76.44999999999999,3.335],[-76.445,3.335],[-76.445,3.34],[-76.44999999999999,3.34],[-76.44999999999999,3.335]]]},"properties":{"value":0.192,"sigma":0.0809}},{"type":"Feature","geometry":{"type":"Polygon","coordinates":[[[-76.445,3.335],[-76.44,3.335],[-76.44,3.34],[-76.445,3.34],[-76.445,3.335]]]},"properties":{"value":0.1743,"sigma":0.0804}},{"type":"Feature","geometry":{"type":"Polygon","coordinates":[[[-76.44,3.335],[-76.435,3.335],[-76.435,3.34],[-76.44,3.34],[-76.44,3.335]]]},"properties":{"value":0.1874,"sigma":0.0816}},{"type":"Feature","geometry":{"type":"Polygon","coordinates":[[[-76.43499999999999,3.335],[-76.42999999999999,3.335],[-76.42999999999999,3.34],[-76.43499999999999,3.34],[-76.43499999999999,3.335]]]},"properties":{"value":0.1843,"sigma":0.085}},{"type":"Feature","geometry":{"type":"Polygon","coordinates":[[[-76.42999999999999,3.335],[-76.425,3.335],[-76.425,3.34],[-76.42999999999999,3.34],[-76.42999999999999,3.335]]]},"properties":{"value":0.172,"sigma":0.0862}},{"type":"Feature","geometry":{"type":"Polygon","coordinates":[[[-76.425,3.335],[-76.42,3.335],[-76.42,3.34],[-76.425,3.34],[-76.425,3.335]]]},"properties":{"value":0.1711,"sigma":0.0858}},{"type":"Feature","geometry":{"type":"Polygon","coordinates":[[[-76.41999999999999,3.335],[-76.41499999999999,3.335],[-76.41499999999999,3.34],[-76.41999999999999,3.34],[-76.41999999999999,3.335]]]},"properties":{"value":0.1817,"sigma":0.0923}},{"type":"Feature","geometry":{"type":"Polygon","coordinates":[[[-76.41499999999999,3.335],[-76.41,3.335],[-76.41,3.34],[-76.41499999999999,3.34],[-76.41499999999999,3.335]]]},"properties":{"value":0.1831,"sigma":0.0876}},{"type":"Feature","geometry":{"type":"Polygon","coordinates":[[[-76.41,3.335],[-76.405,3.335],[-76.405,3.34],[-76.41,3.34],[-76.41,3.335]]]},"properties":{"value":0.1766,"sigma":0.089}},{"type":"Feature","geometry":{"type":"Polygon","coordinates":[[[-76.40499999999999,3.335],[-76.39999999999999,3.335],[-76.39999999999999,3.34],[-76.40499999999999,3.34],[-76.40499999999999,3.335]]]},"properties":{"value":0.1778,"sigma":0.099}},{"type":"Feature","geometry":{"type":"Polygon","coordinates":[[[-76.6,3.34],[-76.595,3.34],[-76.595,3.3449999999999998],[-76.6,3.3449999999999998],[-76.6,3.34]]]},"properties":{"value":0.189,"sigma":0.0699}},{"type":"Feature","geometry":{"type":"Polygon","coordinates":[[[-76.595,3.34],[-76.59,3.34],[-76.59,3.3449999999999998],[-76.595,3.3449999999999998],[-76.595,3.34]]]},"properties":{"value":0.1781,"sigma":0.0664}},{"type":"Feature","geometry":{"type":"Polygon","coordinates":[[[-76.58999999999999,3.34],[-76.585,3.34],[-76.585,3.3449999999999998],[-76.58999999999999,3.3449999999999998],[-76.58999999999999,3.34]]]},"properties":{"value":0.176,"sigma":0.0696}},{"type":"Feature","geometry":{"type":"Polygon","coordinates":[[[-76.585,3.34],[-76.58,3.34],[-76.58,3.3449999999999998],[-76.585,3.3449999999999998],[-76.585,3.34]]]},"properties":{"value":0.1714,"sigma":0.0617}},{"type":"Feature","geometry":{"type":"Polygon","coordinates":[[[-76.58,3.34],[-76.575,3.34],[-76.575,3.3449999999999998],[-76.58,3.3449999999999998],[-76.58,3.34]]]},"properties":{"value":0.1883,"sigma":0.0604}},{"type":"Feature","geometry":{"type":"Polygon","coordinates":[[[-76.57499999999999,3.34],[-76.57,3.34],[-76.57,3.3449999999999998],[-76.57499999999999,3.3449999999999998],[-76.57499999999999,3.34]]]},"properties":{"value":0.1869,"sigma":0.0577}},{"type":"Feature","geometry":{"type":"Polygon","coordinates":[[[-76.57,3.34],[-76.565,3.34],[-76.565,3.3449999999999998],[-76.57,3.3449999999999998],[-76.57,3.34]]]},"properties":{"value":0.1793,"sigma":0.0524}},{"type":"Feature","geometry":{"type":"Polygon","coordinates":[[[-76.565,3.34],[-76.56,3.34],[-76.56,3.3449999999999998],[-76.565,3.3449999999999998],[-76.565,3.34]]]},"properties":{"value":0.1825,"sigma":0.0623}},{"type":"Feature","geometry":{"type":"Polygon","coordinates":[[[-76.55999999999999,3.34],[-76.55499999999999,3.34],[-76.55499999999999,3.3449999999999998],[-76.55999999999999,3.3449999999999998],[-76.55999999999999,3.34]]]},"properties":{"value":0.2048,"sigma":0.0533}},{"type":"Feature","geometry":{"type":"Polygon","coordinates":[[[-76.55499999999999,3.34],[-76.55,3.34],[-76.55,3.3449999999999998],[-76.55499999999999,3.3449999999999998],[-76.55499999999999,3.34]]]},"properties":{"value":0.175,"sigma":0.052}},{"type":"Feature","geometry":{"type":"Polygon","coordinates":[[[-76.55,3.34],[-76.545,3.34],[-76.545,3.3449999999999998],[-76.55,3.3449999999999998],[-76.55,3.34]]]},"properties":{"value":0.1781,"sigma":0.0504}},{"type":"Feature","geometry":{"type":"Polygon","coordinates":[[[-76.54499999999999,3.34],[-76.53999999999999,3.34],[-76.53999999999999,3.3449999999999998],[-76.54499999999999,3.3449999999999998],[-76.54499999999999,3.34]]]},"properties":{"value":0.1776,"sigma":0.0519}},{"type":"Feature","geometry":{"type":"Polygon","coordinates":[[[-76.53999999999999,3.34],[-76.535,3.34],[-76.535,3.3449999999999998],[-76.53999999999999,3.3449999999999998],[-76.53999999999999,3.34]]]},"properties":{"value":0.1884,"sigma":0.0514}},{"type":"Feature","geometry":{"type":"Polygon","coordinates":[[[-76.535,3.34],[-76.53,3.34],[-76.53,3.3449999999999998],[-76.535,3.3449999999999998],[-76.535,3.34]]]},"properties":{"value":0.183,"sigma":0.0511}},{"type":"Feature","geometry":{"type":"Polygon","coordinates":[[[-76.52999999999999,3.34],[-76.52499999999999,3.34],[-76.52499999999999,3.3449999999999998],[-76.52999999999999,3.3449999999999998],[-76.52999999999999,3.34]]]},"properties":{"value":0.1981,"sigma":0.0521}},{"type":"Feature","geometry":{"type":"Polygon","coordinates":[[[-76.52499999999999,3.34],[-76.52,3.34],[-76.52,3.3449999999999998],[-76.52499999999999,3.3449999999999998],[-76.52499999999999,3.34]]]},"properties":{"value":0.2028,"sigma":0.0524}},{"type":"Feature","geometry":{"type":"Polygon","coordinates":[[[-76.52,3.34],[-76.515,3.34],[-76.515,3.3449999999999998],[-76.52,3.3449999999999998],[-76.52,3.34]]]},"properties":{"value":0.2093,"sigma":0.052}},{"type":"Feature","geometry":{"type":"Polygon","coordinates":[[[-76.51499999999999,3.34],[-76.50999999999999,3.34],[-76.50999999999999,3.3449999999999998],[-76.51499999999999,3.3449999999999998],[-76.51499999999999,3.34]]]},"properties":{"value":0.2341,"sigma":0.0586}},{"type":"Feature","geometry":{"type":"Polygon","coordinates":[[[-76.50999999999999,3.34],[-76.505,3.34],[-76.505,3.3449999999999998],[-76.50999999999999,3.3449999999999998],[-76.50999999999999,3.34]]]},"properties":{"value":0.2322,"sigma":0.0549}},{"type":"Feature","geometry":{"type":"Polygon","coordinates":[[[-76.505,3.34],[-76.5,3.34],[-76.5,3.3449999999999998],[-76.505,3.3449999999999998],[-76.505,3.34]]]},"properties":{"value":0.2272,"sigma":0.0564}},{"type":"Feature","geometry":{"type":"Polygon","coordinates":[[[-76.49999999999999,3.34],[-76.49499999999999,3.34],[-76.49499999999999,3.3449999999999998],[-76.49999999999999,3.3449999999999998],[-76.49999999999999,3.34]]]},"properties":{"value":0.2188,"sigma":0.0606}},{"type":"Feature","geometry":{"type":"Polygon","coordinates":[[[-76.49499999999999,3.34],[-76.49,3.34],[-76.49,3.3449999999999998],[-76.49499999999999,3.3449999999999998],[-76.49499999999999,3.34]]]},"properties":{"value":0.2103,"sigma":0.0601}},{"type":"Feature","geometry":{"type":"Polygon","coordinates":[[[-76.49,3.34],[-76.485,3.34],[-76.485,3.3449999999999998],[-76.49,3.3449999999999998],[-76.49,3.34]]]},"properties":{"value":0.2066,"sigma":0.065}},{"type":"Feature","geometry":{"type":"Polygon","coordinates":[[[-76.48499999999999,3.34],[-76.47999999999999,3.34],[-76.47999999999999,3.3449999999999998],[-76.48499999999999,3.3449999999999998],[-76.48499999999999,3.34]]]},"properties":{"value":0.1881,"sigma":0.0628}},{"type":"Feature","geometry":{"type":"Polygon","coordinates":[[[-76.47999999999999,3.34],[-76.475,3.34],[-76.475,3.3449999999999998],[-76.47999999999999,3.3449999999999998],[-76.47999999999999,3.34]]]},"properties":{"value":0.1931,"sigma":0.0673}},{"type":"Feature","geometry":{"type":"Polygon","coordinates":[[[-76.475,3.34],[-76.47,3.34],[-76.47,3.3449999999999998],[-76.475,3.3449999999999998],[-76.475,3.34]]]},"properties":{"value":0.1804,"sigma":0.0689}},{"type":"Feature","geometry":{"type":"Polygon","coordinates":[[[-76.47,3.34],[-76.465,3.34],[-76.465,3.3449999999999998],[-76.47,3.3449999999999998],[-76.47,3.34]]]},"properties":{"value":0.1789,"sigma":0.0714}},{"type":"Feature","geometry":{"type":"Polygon","coordinates":[[[-76.46499999999999,3.34],[-76.46,3.34],[-76.46,3.3449999999999998],[-76.46499999999999,3.3449999999999998],[-76.46499999999999,3.34]]]},"properties":{"value":0.1905,"sigma":0.0713}},{"type":"Feature","geometry":{"type":"Polygon","coordinates":[[[-76.46,3.34],[-76.455,3.34],[-76.455,3.3449999999999998],[-76.46,3.3449999999999998],[-76.46,3.34]]]},"properties":{"value":0.1981,"sigma":0.071}},{"type":"Feature","geometry":{"type":"Polygon","coordinates":[[[-76.455,3.34],[-76.45,3.34],[-76.45,3.3449999999999998],[-76.455,3.3449999999999998],[-76.455,3.34]]]},"properties":{"value":0.1784,"sigma":0.0784}},{"type":"Feature","geometry":{"type":"Polygon","coordinates":[[[-76.44999999999999,3.34],[-76.445,3.34],[-76.445,3.3449999999999998],[-76.44999999999999,3.3449999999999998],[-76.44999999999999,3.34]]]},"properties":{"value":0.1834,"sigma":0.0775}},{"type":"Feature","geometry":{"type":"Polygon","coordinates":[[[-76.445,3.34],[-76.44,3.34],[-76.44,3.3449999999999998],[-76.445,3.3449999999999998],[-76.445,3.34]]]},"properties":{"value":0.1873,"sigma":0.0817}},{"type":"Feature","geometry":{"type":"Polygon","coordinates":[[[-76.44,3.34],[-76.435,3.34],[-76.435,3.3449999999999998],[-76.44,3.3449999999999998],[-76.44,3.34]]]},"properties":{"value":0.1752,"sigma":0.0764}},{"type":"Feature","geometry":{"type":"Polygon","coordinates":[[[-76.43499999999999,3.34],[-76.42999999999999,3.34],[-76.42999999999999,3.3449999999999998],[-76.43499999999999,3.3449999999999998],[-76.43499999999999,3.34]]]},"properties":{"value":0.19,"sigma":0.0846}},{"type":"Feature","geometry":{"type":"Polygon","coordinates":[[[-76.42999999999999,3.34],[-76.425,3.34],[-76.425,3.3449999999999998],[-76.42999999999999,3.3449999999999998],[-76.42999999999999,3.34]]]},"properties":{"value":0.1724,"sigma":0.0826}},{"type":"Feature","geometry":{"type":"Polygon","coordinates":[[[-76.425,3.34],[-76.42,3.34],[-76.42,3.3449999999999998],[-76.425,3.3449999999999998],[-76.425,3.34]]]},"properties":{"value":0.1886,"sigma":0.081}},{"type":"Feature","geometry":{"type":"Polygon","coordinates":[[[-76.41999999999999,3.34],[-76.41499999999999,3.34],[-76.41499999999999,3.3449999999999998],[-76.41999999999999,3.3449999999999998],[-76.41999999999999,3.34]]]},"properties":{"value":0.1841,"sigma":0.0866}},{"type":"Feature","geometry":{"type":"Polygon","coordinates":[[[-76.41499999999999,3.34],[-76.41,3.34],[-76.41,3.3449999999999998],[-76.41499999999999,3.3449999999999998],[-76.41499999999999,3.34]]]},"properties":{"value":0.1806,"sigma":0.0918}},{"type":"Feature","geometry":{"type":"Polygon","coordinates":[[[-76.41,3.34],[-76.405,3.34],[-76.405,3.3449999999999998],[-76.41,3.3449999999999998],[-76.41,3.34]]]},"properties":{"value":0.181,"sigma":0.0892}},{"type":"Feature","geometry":{"type":"Polygon","coordinates":[[[-76.40499999999999,3.34],[-76.39999999999999,3.34],[-76.39999999999999,3.3449999999999998],[-76.40499999999999,3.3449999999999998],[-76.40499999999999,3.34]]]},"properties":{"value":0.1755,"sigma":0.0945}},{"type":"Feature","geometry":{"type":"Polygon","coordinates":[[[-76.6,3.3449999999999998],[-76.595,3.3449999999999998],[-76.595,3.3499999999999996],[-76.6,3.3499999999999996],[-76.6,3.3449999999999998]]]},"properties":{"value":0.1841,"sigma":0.0688}},{"type":"Feature","geometry":{"type":"Polygon","coordinates":[[[-76.595,3.3449999999999998],[-76.59,3.3449999999999998],[-76.59,3.3499999999999996],[-76.595,3.3499999999999996],[-76.595,3.3449999999999998]]]},"properties":{"value":0.1953,"sigma":0.0622}},{"type":"Feature","geometry":{"type":"Polygon","coordinates":[[[-76.58999999999999,3.3449999999999998],[-76.585,3.3449999999999998],[-76.585,3.3499999999999996],[-76.58999999999999,3.3499999999999996],[-76.58999999999999,3.3449999999999998]]]},"properties":{"value":0.1803,"sigma":0.0618}},{"type":"Feature","geometry":{"type":"Polygon","coordinates":[[[-76.585,3.3449999999999998],[-76.58,3.3449999999999998],[-76.58,3.3499999999999996],[-76.585,3.3499999999999996],[-76.585,3.3449999999999998]]]},"properties":{"value":0.1775,"sigma":0.063}},{"type":"Feature","geometry":{"type":"Polygon","coordinates":[[[-76.58,3.3449999999999998],[-76.575,3.3449999999999998],[-76.575,3.3499999999999996],[-76.58,3.3499999999999996],[-76.58,3.3449999999999998]]]},"properties":{"value":0.1799,"sigma":0.0578}},{"type":"Feature","geometry":{"type":"Polygon","coordinates":[[[-76.57499999999999,3.3449999999999998],[-76.57,3.3449999999999998],[-76.57,3.3499999999999996],[-76.57499999999999,3.3499999999999996],[-76.57499999999999,3.3449999999999998]]]},"properties":{"value":0.1801,"sigma":0.0561}},{"type":"Feature","geometry":{"type":"Polygon","coordinates":[[[-76.57,3.3449999999999998],[-76.565,3.3449999999999998],[-76.565,3.3499999999999996],[-76.57,3.3499999999999996],[-76.57,3.3449999999999998]]]},"properties":{"value":0.179,"sigma":0.0573}},{"type":"Feature","geometry":{"type":"Polygon","coordinates":[[[-76.565,3.3449999999999998],[-76.56,3.3449999999999998],[-76.56,3.3499999999999996],[-76.565,3.3499999999999996],[-76.565,3.3449999999999998]]]},"properties":{"value":0.1787,"sigma":0.0556}},{"type":"Feature","geometry":{"type":"Polygon","coordinates":[[[-76.55999999999999,3.3449999999999998],[-76.55499999999999,3.3449999999999998],[-76.55499999999999,3.3499999999999996],[-76.55999999999999,3.3499999999999996],[-76.55999999999999,3.3449999999999998]]]},"properties":{"value":0.1752,"sigma":0.053}},{"type":"Feature","geometry":{"type":"Polygon","coordinates":[[[-76.55499999999999,3.3449999999999998],[-76.55,3.3449999999999998],[-76.55,3.3499999999999996],[-76.55499999999999,3.3499999999999996],[-76.55499999999999,3.3449999999999998]]]},"properties":{"value":0.1838,"sigma":0.0506}},{"type":"Feature","geometry":{"type":"Polygon","coordinates":[[[-76.55,3.3449999999999998],[-76.545,3.3449999999999998],[-76.545,3.3499999999999996],[-76.55,3.3499999999999996],[-76.55,3.3449999999999998]]]},"properties":{"value":0.179,"sigma":0.0443}},{"type":"Feature","geometry":{"type":"Polygon","coordinates":[[[-76.54499999999999,3.3449999999999998],[-76.53999999999999,3.3449999999999998],[-76.53999999999999,3.3499999999999996],[-76.54499999999999,3.3499999999999996],[-76.54499999999999,3.3449999999999998]]]},"properties":{"value":0.1741,"sigma":0.048}},{"type":"Feature","geometry":{"type":"Polygon","coordinates":[[[-76.53999999999999,3.3449999999999998],[-76.535,3.3449999999999998],[-76.535,3.3499999999999996],[-76.53999999999999,3.3499999999999996],[-76.53999999999999,3.3449999999999998]]]},"properties":{"value":0.1781,"sigma":0.0485}},{"type":"Feature","geometry":{"type":"Polygon","coordinates":[[[-76.535,3.3449999999999998],[-76.53,3.3449999999999998],[-76.53,3.3499999999999996],[-76.535,3.3499999999999996],[-76.535,3.3449999999999998]]]},"properties":{"value":0.1971,"sigma":0.0485}},{"type":"Feature","geometry":{"type":"Polygon","coordinates":[[[-76.52999999999999,3.3449999999999998],[-76.52499999999999,3.3449999999999998],[-76.52499999999999,3.3499999999999996],[-76.52999999999999,3.3499999999999996],[-76.52999999999999,3.3449999999999998]]]},"properties":{"value":0.1986,"sigma":0.051}},{"type":"Feature","geometry":{"type":"Polygon","coordinates":[[[-76.52499999999999,3.3449999999999998],[-76.52,3.3449999999999998],[-76.52,3.3499999999999996],[-76.52499999999999,3.3499999999999996],[-76.52499999999999,3.3449999999999998]]]},"properties":{"value":0.2015,"sigma":0.0474}},{"type":"Feature","geometry":{"type":"Polygon","coordinates":[[[-76.52,3.3449999999999998],[-76.515,3.3449999999999998],[-76.515,3.3499999999999996],[-76.52,3.3499999999999996],[-76.52,3.3449999999999998]]]},"properties":{"value":0.211,"sigma":0.0516}},{"type":"Feature","geometry":{"type":"Polygon","coordinates":[[[-76.51499999999999,3.3449999999999998],[-76.50999999999999,3.3449999999999998],[-76.50999999999999,3.3499999999999996],[-76.51499999999999,3.3499999999999996],[-76.51499999999999,3.3449999999999998]]]},"properties":{"value":0.2121,"sigma":0.0562}},{"type":"Feature","geometry":{"type":"Polygon","coordinates":[[[-76.50999999999999,3.3449999999999998],[-76.505,3.3449999999999998],[-76.505,3.3499999999999996],[-76.50999999999999,3.3499999999999996],[-76.50999999999999,3.3449999999999998]]]},"properties":{"value":0.2114,"sigma":0.0525}},{"type":"Feature","geometry":{"type":"Polygon","coordinates":[[[-76.505,3.3449999999999998],[-76.5,3.3449999999999998],[-76.5,3.3499999999999996],[-76.505,3.3499999999999996],[-76.505,3.3449999999999998]]]},"properties":{"value":0.2253,"sigma":0.0607}},{"type":"Feature","geometry":{"type":"Polygon","coordinates":[[[-76.49999999999999,3.3449999999999998],[-76.49499999999999,3.3449999999999998],[-76.49499999999999,3.3499999999999996],[-76.49999999999999,3.3499999999999996],[-76.49999999999999,3.3449999999999998]]]},"properties":{"value":0.2223,"sigma":0.0557}},{"type":"Feature","geometry":{"type":"Polygon","coordinates":[[[-76.49499999999999,3.3449999999999998],[-76.49,3.3449999999999998],[-76.49,3.3499999999999996],[-76.49499999999999,3.3499999999999996],[-76.49499999999999,3.3449999999999998]]]},"properties":{"value":0.2027,"sigma":0.054}},{"type":"Feature","geometry":{"type":"Polygon","coordinates":[[[-76.49,3.3449999999999998],[-76.485,3.3449999999999998],[-76.485,3.3499999999999996],[-76.49,3.3499999999999996],[-76.49,3.3449999999999998]]]},"properties":{"value":0.1816,"sigma":0.0623}},{"type":"Feature","geometry":{"type":"Polygon","coordinates":[[[-76.48499999999999,3.3449999999999998],[-76.47999999999999,3.3449999999999998],[-76.47999999999999,3.3499999999999996],[-76.48499999999999,3.3499999999999996],[-76.48499999999999,3.3449999999999998]]]},"properties":{"value":0.181,"sigma":0.0618}},{"type":"Feature","geometry":{"type":"Polygon","coordinates":[[[-76.47999999999999,3.3449999999999998],[-76.475,3.3449999999999998],[-76.475,3.3499999999999996],[-76.47999999999999,3.3499999999999996],[-76.47999999999999,3.3449999999999998]]]},"properties":{"value":0.193,"sigma":0.0648}},{"type":"Feature","geometry":{"type":"Polygon","coordinates":[[[-76.475,3.3449999999999998],[-76.47,3.3449999999999998],[-76.47,3.3499999999999996],[-76.475,3.3499999999999996],[-76.475,3.3449999999999998]]]},"properties":{"value":0.1716,"sigma":0.064}},{"type":"Feature","geometry":{"type":"Polygon","coordinates":[[[-76.47,3.3449999999999998],[-76.465,3.3449999999999998],[-76.465,3.3499999999999996],[-76.47,3.3499999999999996],[-76.47,3.3449999999999998]]]},"properties":{"value":0.1752,"sigma":0.0709}},{"type":"Feature","geometry":{"type":"Polygon","coordinates":[[[-76.46499999999999,3.3449999999999998],[-76.46,3.3449999999999998],[-76.46,3.3499999999999996],[-76.46499999999999,3.3499999999999996],[-76.46499999999999,3.3449999999999998]]]},"properties":{"value":0.1868,"sigma":0.0732}},{"type":"Feature","geometry":{"type":"Polygon","coordinates":[[[-76.46,3.3449999999999998],[-76.455,3.3449999999999998],[-76.455,3.3499999999999996],[-76.46,3.3499999999999996],[-76.46,3.3449999999999998]]]},"properties":{"value":0.1925,"sigma":0.0733}},{"type":"Feature","geometry":{"type":"Polygon","coordinates":[[[-76.455,3.3449999999999998],[-76.45,3.3449999999999998],[-76.45,3.3499999999999996],[-76.455,3.3499999999999996],[-76.455,3.3449999999999998]]]},"properties":{"value":0.1939,"sigma":0.0747}},{"type":"Feature","geometry":{"type":"Polygon","coordinates":[[[-76.44999999999999,3.3449999999999998],[-76.445,3.3449999999999998],[-76.445,3.3499999999999996],[-76.44999999999999,3.3499999999999996],[-76.44999999999999,3.3449999999999998]]]},"properties":{"value":0.1787,"sigma":0.0787}},{"type":"Feature","geometry":{"type":"Polygon","coordinates":[[[-76.445,3.3449999999999998],[-76.44,3.3449999999999998],[-76.44,3.3499999999999996],[-76.445,3.3499999999999996],[-76.445,3.3449999999999998]]]},"properties":{"value":0.174,"sigma":0.078}},{"type":"Feature","geometry":{"type":"Polygon","coordinates":[[[-76.44,3.3449999999999998],[-76.435,3.3449999999999998],[-76.435,3.3499999999999996],[-76.44,3.3499999999999996],[-76.44,3.3449999999999998]]]},"properties":{"value":0.1804,"sigma":0.0735}},{"type":"Feature","geometry":{"type":"Polygon","coordinates":[[[-76.43499999999999,3.3449999999999998],[-76.42999999999999,3.3449999999999998],[-76.42999999999999,3.3499999999999996],[-76.43499999999999,3.3499999999999996],[-76.43499999999999,3.3449999999999998]]]},"properties":{"value":0.1812,"sigma":0.0773}},{"type":"Feature","geometry":{"type":"Polygon","coordinates":[[[-76.42999999999999,3.3449999999999998],[-76.425,3.3449999999999998],[-76.425,3.3499999999999996],[-76.42999999999999,3.3499999999999996],[-76.42999999999999,3.3449999999999998]]]},"properties":{"value":0.1852,"sigma":0.0832}},{"type":"Feature","geometry":{"type":"Polygon","coordinates":[[[-76.425,3.3449999999999998],[-76.42,3.3449999999999998],[-76.42,3.3499999999999996],[-76.425,3.3499999999999996],[-76.425,3.3449999999999998]]]},"properties":{"value":0.176,"sigma":0.0832}},{"type":"Feature","geometry":{"type":"Polygon","coordinates":[[[-76.41999999999999,3.3449999999999998],[-76.41499999999999,3.3449999999999998],[-76.41499999999999,3.3499999999999996],[-76.41999999999999,3.3499999999999996],[-76.41999999999999,3.3449999999999998]]]},"properties":{"value":0.1959,"sigma":0.0852}},{"type":"Feature","geometry":{"type":"Polygon","coordinates":[[[-76.41499999999999,3.3449999999999998],[-76.41,3.3449999999999998],[-76.41,3.3499999999999996],[-76.41499999999999,3.3499999999999996],[-76.41499999999999,3.3449999999999998]]]},"properties":{"value":0.1909,"sigma":0.0849}},{"type":"Feature","geometry":{"type":"Polygon","coordinates":[[[-76.41,3.3449999999999998],[-76.405,3.3449999999999998],[-76.405,3.3499999999999996],[-76.41,3.3499999999999996],[-76.41,3.3449999999999998]]]},"properties":{"value":0.1754,"sigma":0.0923}},{"type":"Feature","geometry":{"type":"Polygon","coordinates":[[[-76.40499999999999,3.3449999999999998],[-76.39999999999999,3.3449999999999998],[-76.39999999999999,3.3499999999999996],[-76.40499999999999,3.3499999999999996],[-76.40499999999999,3.3449999999999998]]]},"properties":{"value":0.1804,"sigma":0.0917}},{"type":"Feature","geometry":{"type":"Polygon","coordinates":[[[-76.6,3.35],[-76.595,3.35],[-76.595,3.355],[-76.6,3.355],[-76.6,3.35]]]},"properties":{"value":0.1778,"sigma":0.066}},{"type":"Feature","geometry":{"type":"Polygon","coordinates":[[[-76.595,3.35],[-76.59,3.35],[-76.59,3.355],[-76.595,3.355],[-76.595,3.35]]]},"properties":{"value":0.1833,"sigma":0.0646}},{"type":"Feature","geometry":{"type":"Polygon","coordinates":[[[-76.58999999999999,3.35],[-76.585,3.35],[-76.585,3.355],[-76.58999999999999,3.355],[-76.58999999999999,3.35]]]},"properties":{"value":0.1874,"sigma":0.0634}},{"type":"Feature","geometry":{"type":"Polygon","coordinates":[[[-76.585,3.35],[-76.58,3.35],[-76.58,3.355],[-76.585,3.355],[-76.585,3.35]]]},"properties":{"value":0.1824,"sigma":0.0549}},{"type":"Feature","geometry":{"type":"Polygon","coordinates":[[[-76.58,3.35],[-76.575,3.35],[-76.575,3.355],[-76.58,3.355],[-76.58,3.35]]]},"properties":{"value":0.186,"sigma":0.0593}},{"type":"Feature","geometry":{"type":"Polygon","coordinates":[[[-76.57499999999999,3.35],[-76.57,3.35],[-76.57,3.355],[-76.57499999999999,3.355],[-76.57499999999999,3.35]]]},"properties":{"value":0.1852,"sigma":0.0603}},{"type":"Feature","geometry":{"type":"Polygon","coordinates":[[[-76.57,3.35],[-76.565,3.35],[-76.565,3.355],[-76.57,3.355],[-76.57,3.35]]]},"properties":{"value":0.1774,"sigma":0.05}},{"type":"Feature","geometry":{"type":"Polygon","coordinates":[[[-76.565,3.35],[-76.56,3.35],[-76.56,3.355],[-76.565,3.355],[-76.565,3.35]]]},"properties":{"value":0.1703,"sigma":0.0547}},{"type":"Feature","geometry":{"type":"Polygon","coordinates":[[[-76.55999999999999,3.35],[-76.55499999999999,3.35],[-76.55499999999999,3.355],[-76.55999999999999,3.355],[-76.55999999999999,3.35]]]},"properties":{"value":0.1735,"sigma":0.0493}},{"type":"Feature","geometry":{"type":"Polygon","coordinates":[[[-76.55499999999999,3.35],[-76.55,3.35],[-76.55,3.355],[-76.55499999999999,3.355],[-76.55499999999999,3.35]]]},"properties":{"value":0.1907,"sigma":0.0511}},{"type":"Feature","geometry":{"type":"Polygon","coordinates":[[[-76.55,3.35],[-76.545,3.35],[-76.545,3.355],[-76.55,3.355],[-76.55,3.35]]]},"properties":{"value":0.1829,"sigma":0.0476}},{"type":"Feature","geometry":{"type":"Polygon","coordinates":[[[-76.54499999999999,3.35],[-76.53999999999999,3.35],[-76.53999999999999,3.355],[-76.54499999999999,3.355],[-76.54499999999999,3.35]]]},"properties":{"value":0.1898,"sigma":0.0466}},{"type":"Feature","geometry":{"type":"Polygon","coordinates":[[[-76.53999999999999,3.35],[-76.535,3.35],[-76.535,3.355],[-76.53999999999999,3.355],[-76.53999999999999,3.35]]]},"properties":{"value":0.1803,"sigma":0.0467}},{"type":"Feature","geometry":{"type":"Polygon","coordinates":[[[-76.535,3.35],[-76.53,3.35],[-76.53,3.355],[-76.535,3.355],[-76.535,3.35]]]},"properties":{"value":0.1867,"sigma":0.0416}},{"type":"Feature","geometry":{"type":"Polygon","coordinates":[[[-76.52999999999999,3.35],[-76.52499999999999,3.35],[-76.52499999999999,3.355],[-76.52999999999999,3.355],[-76.52999999999999,3.35]]]},"properties":{"value":0.1906,"sigma":0.0465}},{"type":"Feature","geometry":{"type":"Polygon","coordinates":[[[-76.52499999999999,3.35],[-76.52,3.35],[-76.52,3.355],[-76.52499999999999,3.355],[-76.52499999999999,3.35]]]},"properties":{"value":0.1816,"sigma":0.047}},{"type":"Feature","geometry":{"type":"Polygon","coordinates":[[[-76.52,3.35],[-76.515,3.35],[-76.515,3.355],[-76.52,3.355],[-76.52,3.35]]]},"properties":{"value":0.1888,"sigma":0.0444}},{"type":"Feature","geometry":{"type":"Polygon","coordinates":[[[-76.51499999999999,3.35],[-76.50999999999999,3.35],[-76.50999999999999,3.355],[-76.51499999999999,3.355],[-76.51499999999999,3.35]]]},"properties":{"value":0.202,"sigma":0.0516}},{"type":"Feature","geometry":{"type":"Polygon","coordinates":[[[-76.50999999999999,3.35],[-76.505,3.35],[-76.505,3.355],[-76.50999999999999,3.355],[-76.50999999999999,3.35]]]},"properties":{"value":0.195,"sigma":0.049}},{"type":"Feature","geometry":{"type":"Polygon","coordinates":[[[-76.505,3.35],[-76.5,3.35],[-76.5,3.355],[-76.505,3.355],[-76.505,3.35]]]},"properties":{"value":0.2074,"sigma":0.0575}},{"type":"Feature","geometry":{"type":"Polygon","coordinates":[[[-76.49999999999999,3.35],[-76.49499999999999,3.35],[-76.49499999999999,3.355],[-76.49999999999999,3.355],[-76.49999999999999,3.35]]]},"properties":{"value":0.1973,"sigma":0.0589}},{"type":"Feature","geometry":{"type":"Polygon","coordinates":[[[-76.49499999999999,3.35],[-76.49,3.35],[-76.49,3.355],[-76.49499999999999,3.355],[-76.49499999999999,3.35]]]},"properties":{"value":0.2042,"sigma":0.0591}},{"type":"Feature","geometry":{"type":"Polygon","coordinates":[[[-76.49,3.35],[-76.485,3.35],[-76.485,3.355],[-76.49,3.355],[-76.49,3.35]]]},"properties":{"value":0.1894,"sigma":0.0588}},{"type":"Feature","geometry":{"type":"Polygon","coordinates":[[[-76.48499999999999,3.35],[-76.47999999999999,3.35],[-76.47999999999999,3.355],[-76.48499999999999,3.355],[-76.48499999999999,3.35]]]},"properties":{"value":0.1797,"sigma":0.0619}},{"type":"Feature","geometry":{"type":"Polygon","coordinates":[[[-76.47999999999999,3.35],[-76.475,3.35],[-76.475,3.355],[-76.47999999999999,3.355],[-76.47999999999999,3.35]]]},"properties":{"value":0.195,"sigma":0.0602}},{"type":"Feature","geometry":{"type":"Polygon","coordinates":[[[-76.475,3.35],[-76.47,3.35],[-76.47,3.355],[-76.475,3.355],[-76.475,3.35]]]},"properties":{"value":0.1804,"sigma":0.0677}},{"type":"Feature","geometry":{"type":"Polygon","coordinates":[[[-76.47,3.35],[-76.465,3.35],[-76.465,3.355],[-76.47,3.355],[-76.47,3.35]]]},"properties":{"value":0.1729,"sigma":0.0671}},{"type":"Feature","geometry":{"type":"Polygon","coordinates":[[[-76.46499999999999,3.35],[-76.46,3.35],[-76.46,3.355],[-76.46499999999999,3.355],[-76.46499999999999,3.35]]]},"properties":{"value":0.1862,"sigma":0.0736}},{"type":"Feature","geometry":{"type":"Polygon","coordinates":[[[-76.46,3.35],[-76.455,3.35],[-76.455,3.355],[-76.46,3.355],[-76.46,3.35]]]},"properties":{"value":0.1869,"sigma":0.0652}},{"type":"Feature","geometry":{"type":"Polygon","coordinates":[[[-76.455,3.35],[-76.45,3.35],[-76.45,3.355],[-76.455,3.355],[-76.455,3.35]]]},"properties":{"value":0.1937,"sigma":0.0719}},{"type":"Feature","geometry":{"type":"Polygon","coordinates":[[[-76.44999999999999,3.35],[-76.445,3.35],[-76.445,3.355],[-76.44999999999999,3.355],[-76.44999999999999,3.35]]]},"properties":{"value":0.1662,"sigma":0.0726}},{"type":"Feature","geometry":{"type":"Polygon","coordinates":[[[-76.445,3.35],[-76.44,3.35],[-76.44,3.355],[-76.445,3.355],[-76.445,3.35]]]},"properties":{"value":0.1917,"sigma":0.0754}},{"type":"Feature","geometry":{"type":"Polygon","coordinates":[[[-76.44,3.35],[-76.435,3.35],[-76.435,3.355],[-76.44,3.355],[-76.44,3.35]]]},"properties":{"value":0.184,"sigma":0.0752}},{"type":"Feature","geometry":{"type":"Polygon","coordinates":[[[-76.43499999999999,3.35],[-76.42999999999999,3.35],[-76.42999999999999,3.355],[-76.43499999999999,3.355],[-76.43499999999999,3.35]]]},"properties":{"value":0.1753,"sigma":0.0732}},{"type":"Feature","geometry":{"type":"Polygon","coordinates":[[[-76.42999999999999,3.35],[-76.425,3.35],[-76.425,3.355],[-76.42999999999999,3.355],[-76.42999999999999,3.35]]]},"properties":{"value":0.1831,"sigma":0.0825}},{"type":"Feature","geometry":{"type":"Polygon","coordinates":[[[-76.425,3.35],[-76.42,3.35],[-76.42,3.355],[-76.425,3.355],[-76.425,3.35]]]},"properties":{"value":0.1757,"sigma":0.0868}},{"type":"Feature","geometry":{"type":"Polygon","coordinates":[[[-76.41999999999999,3.35],[-76.41499999999999,3.35],[-76.41499999999999,3.355],[-76.41999999999999,3.355],[-76.41999999999999,3.35]]]},"properties":{"value":0.1717,"sigma":0.0869}},{"type":"Feature","geometry":{"type":"Polygon","coordinates":[[[-76.41499999999999,3.35],[-76.41,3.35],[-76.41,3.355],[-76.41499999999999,3.355],[-76.41499999999999,3.35]]]},"properties":{"value":0.1786,"sigma":0.0915}},{"type":"Feature","geometry":{"type":"Polygon","coordinates":[[[-76.41,3.35],[-76.405,3.35],[-76.405,3.355],[-76.41,3.355],[-76.41,3.35]]]},"properties":{"value":0.1752,"sigma":0.0833}},{"type":"Feature","geometry":{"type":"Polygon","coordinates":[[[-76.40499999999999,3.35],[-76.39999999999999,3.35],[-76.39999999999999,3.355],[-76.40499999999999,3.355],[-76.40499999999999,3.35]]]},"properties":{"value":0.1792,"sigma":0.0929}},{"type":"Feature","geometry":{"type":"Polygon","coordinates":[[[-76.6,3.355],[-76.595,3.355],[-76.595,3.36],[-76.6,3.36],[-76.6,3.355]]]},"properties":{"value":0.1777,"sigma":0.0665}},{"type":"Feature","geometry":{"type":"Polygon","coordinates":[[[-76.595,3.355],[-76.59,3.355],[-76.59,3.36],[-76.595,3.36],[-76.595,3.355]]]},"properties":{"value":0.1766,"sigma":0.0623}},{"type":"Feature","geometry":{"type":"Polygon","coordinates":[[[-76.58999999999999,3.355],[-76.585,3.355],[-76.585,3.36],[-76.58999999999999,3.36],[-76.58999999999999,3.355]]]},"properties":{"value":0.1716,"sigma":0.0602}},{"type":"Feature","geometry":{"type":"Polygon","coordinates":[[[-76.585,3.355],[-76.58,3.355],[-76.58,3.36],[-76.585,3.36],[-76.585,3.355]]]},"properties":{"value":0.1712,"sigma":0.0614}},{"type":"Feature","geometry":{"type":"Polygon","coordinates":[[[-76.58,3.355],[-76.575,3.355],[-76.575,3.36],[-76.58,3.36],[-76.58,3.355]]]},"properties":{"value":0.1784,"sigma":0.0561}},{"type":"Feature","geometry":{"type":"Polygon","coordinates":[[[-76.57499999999999,3.355],[-76.57,3.355],[-76.57,3.36],[-76.57499999999999,3.36],[-76.57499999999999,3.355]]]},"properties":{"value":0.1717,"sigma":0.0579}},{"type":"Feature","geometry":{"type":"Polygon","coordinates":[[[-76.57,3.355],[-76.565,3.355],[-76.565,3.36],[-76.57,3.36],[-76.57,3.355]]]},"properties":{"value":0.1711,"sigma":0.0559}},{"type":"Feature","geometry":{"type":"Polygon","coordinates":[[[-76.565,3.355],[-76.56,3.355],[-76.56,3.36],[-76.565,3.36],[-76.565,3.355]]]},"properties":{"value":0.1898,"sigma":0.0502}},{"type":"Feature","geometry":{"type":"Polygon","coordinates":[[[-76.55999999999999,3.355],[-76.55499999999999,3.355],[-76.55499999999999,3.36],[-76.55999999999999,3.36],[-76.55999999999999,3.355]]]},"properties":{"value":0.1886,"sigma":0.0529}},{"type":"Feature","geometry":{"type":"Polygon","coordinates":[[[-76.55499999999999,3.355],[-76.55,3.355],[-76.55,3.36],[-76.55499999999999,3.36],[-76.55499999999999,3.355]]]},"properties":{"value":0.176,"sigma":0.0481}},{"type":"Feature","geometry":{"type":"Polygon","coordinates":[[[-76.55,3.355],[-76.545,3.355],[-76.545,3.36],[-76.55,3.36],[-76.55,3.355]]]},"properties":{"value":0.188,"sigma":0.0459}},{"type":"Feature","geometry":{"type":"Polygon","coordinates":[[[-76.54499999999999,3.355],[-76.53999999999999,3.355],[-76.53999999999999,3.36],[-76.54499999999999,3.36],[-76.54499999999999,3.355]]]},"properties":{"value":0.1824,"sigma":0.0448}},{"type":"Feature","geometry":{"type":"Polygon","coordinates":[[[-76.53999999999999,3.355],[-76.535,3.355],[-76.535,3.36],[-76.53999999999999,3.36],[-76.53999999999999,3.355]]]},"properties":{"value":0.1944,"sigma":0.0402}},{"type":"Feature","geometry":{"type":"Polygon","coordinates":[[[-76.535,3.355],[-76.53,3.355],[-76.53,3.36],[-76.535,3.36],[-76.535,3.355]]]},"properties":{"value":0.1771,"sigma":0.0388}},{"type":"Feature","geometry":{"type":"Polygon","coordinates":[[[-76.52999999999999,3.355],[-76.52499999999999,3.355],[-76.52499999999999,3.36],[-76.52999999999999,3.36],[-76.52999999999999,3.355]]]},"properties":{"value":0.1932,"sigma":0.0423}},{"type":"Feature","geometry":{"type":"Polygon","coordinates":[[[-76.52499999999999,3.355],[-76.52,3.355],[-76.52,3.36],[-76.52499999999999,3.36],[-76.52499999999999,3.355]]]},"properties":{"value":0.1826,"sigma":0.0482}},{"type":"Feature","geometry":{"type":"Polygon","coordinates":[[[-76.52,3.355],[-76.515,3.355],[-76.515,3.36],[-76.52,3.36],[-76.52,3.355]]]},"properties":{"value":0.1762,"sigma":0.0461}},{"type":"Feature","geometry":{"type":"Polygon","coordinates":[[[-76.51499999999999,3.355],[-76.50999999999999,3.355],[-76.50999999999999,3.36],[-76.51499999999999,3.36],[-76.51499999999999,3.355]]]},"properties":{"value":0.2071,"sigma":0.0501}},{"type":"Feature","geometry":{"type":"Polygon","coordinates":[[[-76.50999999999999,3.355],[-76.505,3.355],[-76.505,3.36],[-76.50999999999999,3.36],[-76.50999999999999,3.355]]]},"properties":{"value":0.1909,"sigma":0.0482}},{"type":"Feature","geometry":{"type":"Polygon","coordinates":[[[-76.505,3.355],[-76.5,3.355],[-76.5,3.36],[-76.505,3.36],[-76.505,3.355]]]},"properties":{"value":0.1946,"sigma":0.0551}},{"type":"Feature","geometry":{"type":"Polygon","coordinates":[[[-76.49999999999999,3.355],[-76.49499999999999,3.355],[-76.49499999999999,3.36],[-76.49999999999999,3.36],[-76.49999999999999,3.355]]]},"properties":{"value":0.1904,"sigma":0.0552}},{"type":"Feature","geometry":{"type":"Polygon","coordinates":[[[-76.49499999999999,3.355],[-76.49,3.355],[-76.49,3.36],[-76.49499999999999,3.36],[-76.49499999999999,3.355]]]},"properties":{"value":0.1899,"sigma":0.0562}},{"type":"Feature","geometry":{"type":"Polygon","coordinates":[[[-76.49,3.355],[-76.485,3.355],[-76.485,3.36],[-76.49,3.36],[-76.49,3.355]]]},"properties":{"value":0.1943,"sigma":0.0589}},{"type":"Feature","geometry":{"type":"Polygon","coordinates":[[[-76.48499999999999,3.355],[-76.47999999999999,3.355],[-76.47999999999999,3.36],[-76.48499999999999,3.36],[-76.48499999999999,3.355]]]},"properties":{"value":0.1691,"sigma":0.0592}},{"type":"Feature","geometry":{"type":"Polygon","coordinates":[[[-76.47999999999999,3.355],[-76.475,3.355],[-76.475,3.36],[-76.47999999999999,3.36],[-76.47999999999999,3.355]]]},"properties":{"value":0.1971,"sigma":0.0645}},{"type":"Feature","geometry":{"type":"Polygon","coordinates":[[[-76.475,3.355],[-76.47,3.355],[-76.47,3.36],[-76.475,3.36],[-76.475,3.355]]]},"properties":{"value":0.1691,"sigma":0.0658}},{"type":"Feature","geometry":{"type":"Polygon","coordinates":[[[-76.47,3.355],[-76.465,3.355],[-76.465,3.36],[-76.47,3.36],[-76.47,3.355]]]},"properties":{"value":0.1847,"sigma":0.0644}},{"type":"Feature","geometry":{"type":"Polygon","coordinates":[[[-76.46499999999999,3.355],[-76.46,3.355],[-76.46,3.36],[-76.46499999999999,3.36],[-76.46499999999999,3.355]]]},"properties":{"value":0.1858,"sigma":0.0694}},{"type":"Feature","geometry":{"type":"Polygon","coordinates":[[[-76.46,3.355],[-76.455,3.355],[-76.455,3.36],[-76.46,3.36],[-76.46,3.355]]]},"properties":{"value":0.1809,"sigma":0.0682}},{"type":"Feature","geometry":{"type":"Polygon","coordinates":[[[-76.455,3.355],[-76.45,3.355],[-76.45,3.36],[-76.455,3.36],[-76.455,3.355]]]},"properties":{"value":0.1736,"sigma":0.0717}},{"type":"Feature","geometry":{"type":"Polygon","coordinates":[[[-76.44999999999999,3.355],[-76.445,3.355],[-76.445,3.36],[-76.44999999999999,3.36],[-76.44999999999999,3.355]]]},"properties":{"value":0.1711,"sigma":0.0725}},{"type":"Feature","geometry":{"type":"Polygon","coordinates":[[[-76.445,3.355],[-76.44,3.355],[-76.44,3.36],[-76.445,3.36],[-76.445,3.355]]]},"properties":{"value":0.1928,"sigma":0.0752}},{"type":"Feature","geometry":{"type":"Polygon","coordinates":[[[-76.44,3.355],[-76.435,3.355],[-76.435,3.36],[-76.44,3.36],[-76.44,3.355]]]},"properties":{"value":0.1883,"sigma":0.0762}},{"type":"Feature","geometry":{"type":"Polygon","coordinates":[[[-76.43499999999999,3.355],[-76.42999999999999,3.355],[-76.42999999999999,3.36],[-76.43499999999999,3.36],[-76.43499999999999,3.355]]]},"properties":{"value":0.1945,"sigma":0.0804}},{"type":"Feature","geometry":{"type":"Polygon","coordinates":[[[-76.42999999999999,3.355],[-76.425,3.355],[-76.425,3.36],[-76.42999999999999,3.36],[-76.42999999999999,3.355]]]},"properties":{"value":0.1819,"sigma":0.0767}},{"type":"Feature","geometry":{"type":"Polygon","coordinates":[[[-76.425,3.355],[-76.42,3.355],[-76.42,3.36],[-76.425,3.36],[-76.425,3.355]]]},"properties":{"value":0.1821,"sigma":0.0829}},{"type":"Feature","geometry":{"type":"Polygon","coordinates":[[[-76.41999999999999,3.355],[-76.41499999999999,3.355],[-76.41499999999999,3.36],[-76.41999999999999,3.36],[-76.41999999999999,3.355]]]},"properties":{"value":0.1835,"sigma":0.0818}},{"type":"Feature","geometry":{"type":"Polygon","coordinates":[[[-76.41499999999999,3.355],[-76.41,3.355],[-76.41,3.36],[-76.41499999999999,3.36],[-76.41499999999999,3.355]]]},"properties":{"value":0.1694,"sigma":0.0856}},{"type":"Feature","geometry":{"type":"Polygon","coordinates":[[[-76.41,3.355],[-76.405,3.355],[-76.405,3.36],[-76.41,3.36],[-76.41,3.355]]]},"properties":{"value":0.18,"sigma":0.0907}},{"type":"Feature","geometry":{"type":"Polygon","coordinates":[[[-76.40499999999999,3.355],[-76.39999999999999,3.355],[-76.39999999999999,3.36],[-76.40499999999999,3.36],[-76.40499999999999,3.355]]]},"properties":{"value":0.1852,"sigma":0.0945}},{"type":"Feature","geometry":{"type":"Polygon","coordinates":[[[-76.6,3.36],[-76.595,3.36],[-76.595,3.3649999999999998],[-76.6,3.3649999999999998],[-76.6,3.36]]]},"properties":{"value":0.1805,"sigma":0.0624}},{"type":"Feature","geometry":{"type":"Polygon","coordinates":[[[-76.595,3.36],[-76.59,3.36],[-76.59,3.3649999999999998],[-76.595,3.3649999999999998],[-76.595,3.36]]]},"properties":{"value":0.184,"sigma":0.0645}},{"type":"Feature","geometry":{"type":"Polygon","coordinates":[[[-76.58999999999999,3.36],[-76.585,3.36],[-76.585,3.3649999999999998],[-76.58999999999999,3.3649999999999998],[-76.58999999999999,3.36]]]},"properties":{"value":0.1855,"sigma":0.0626}},{"type":"Feature","geometry":{"type":"Polygon","coordinates":[[[-76.585,3.36],[-76.58,3.36],[-76.58,3.3649999999999998],[-76.585,3.3649999999999998],[-76.585,3.36]]]},"properties":{"value":0.1662,"sigma":0.0567}},{"type":"Feature","geometry":{"type":"Polygon","coordinates":[[[-76.58,3.36],[-76.575,3.36],[-76.575,3.3649999999999998],[-76.58,3.3649999999999998],[-76.58,3.36]]]},"properties":{"value":0.1815,"sigma":0.0579}},{"type":"Feature","geometry":{"type":"Polygon","coordinates":[[[-76.57499999999999,3.36],[-76.57,3.36],[-76.57,3.3649999999999998],[-76.57499999999999,3.3649999999999998],[-76.57499999999999,3.36]]]},"properties":{"value":0.1898,"sigma":0.0533}},{"type":"Feature","geometry":{"type":"Polygon","coordinates":[[[-76.57,3.36],[-76.565,3.36],[-76.565,3.3649999999999998],[-76.57,3.3649999999999998],[-76.57,3.36]]]},"properties":{"value":0.1846,"sigma":0.0511}},{"type":"Feature","geometry":{"type":"Polygon","coordinates":[[[-76.565,3.36],[-76.56,3.36],[-76.56,3.3649999999999998],[-76.565,3.3649999999999998],[-76.565,3.36]]]},"properties":{"value":0.1874,"sigma":0.053}},{"type":"Feature","geometry":{"type":"Polygon","coordinates":[[[-76.55999999999999,3.36],[-76.55499999999999,3.36],[-76.55499999999999,3.3649999999999998],[-76.55999999999999,3.3649999999999998],[-76.55999999999999,3.36]]]},"properties":{"value":0.1892,"sigma":0.0484}},{"type":"Feature","geometry":{"type":"Polygon","coordinates":[[[-76.55499999999999,3.36],[-76.55,3.36],[-76.55,3.3649999999999998],[-76.55499999999999,3.3649999999999998],[-76.55499999999999,3.36]]]},"properties":{"value":0.1828,"sigma":0.047}},{"type":"Feature","geometry":{"type":"Polygon","coordinates":[[[-76.55,3.36],[-76.545,3.36],[-76.545,3.3649999999999998],[-76.55,3.3649999999999998],[-76.55,3.36]]]},"properties":{"value":0.176,"sigma":0.0486}},{"type":"Feature","geometry":{"type":"Polygon","coordinates":[[[-76.54499999999999,3.36],[-76.53999999999999,3.36],[-76.53999999999999,3.3649999999999998],[-76.54499999999999,3.3649999999999998],[-76.54499999999999,3.36]]]},"properties":{"value":0.1808,"sigma":0.0434}},{"type":"Feature","geometry":{"type":"Polygon","coordinates":[[[-76.53999999999999,3.36],[-76.535,3.36],[-76.535,3.3649999999999998],[-76.53999999999999,3.3649999999999998],[-76.53999999999999,3.36]]]},"properties":{"value":0.1946,"sigma":0.041}},{"type":"Feature","geometry":{"type":"Polygon","coordinates":[[[-76.535,3.36],[-76.53,3.36],[-76.53,3.3649999999999998],[-76.535,3.3649999999999998],[-76.535,3.36]]]},"properties":{"value":0.1946,"sigma":0.0374}},{"type":"Feature","geometry":{"type":"Polygon","coordinates":[[[-76.52999999999999,3.36],[-76.52499999999999,3.36],[-76.52499999999999,3.3649999999999998],[-76.52999999999999,3.3649999999999998],[-76.52999999999999,3.36]]]},"properties":{"value":0.1902,"sigma":0.042}},{"type":"Feature","geometry":{"type":"Polygon","coordinates":[[[-76.52499999999999,3.36],[-76.52,3.36],[-76.52,3.3649999999999998],[-76.52499999999999,3.3649999999999998],[-76.52499999999999,3.36]]]},"properties":{"value":0.1883,"sigma":0.042}},{"type":"Feature","geometry":{"type":"Polygon","coordinates":[[[-76.52,3.36],[-76.515,3.36],[-76.515,3.3649999999999998],[-76.52,3.3649999999999998],[-76.52,3.36]]]},"properties":{"value":0.1966,"sigma":0.0446}},{"type":"Feature","geometry":{"type":"Polygon","coordinates":[[[-76.51499999999999,3.36],[-76.50999999999999,3.36],[-76.50999999999999,3.3649999999999998],[-76.51499999999999,3.3649999999999998],[-76.51499999999999,3.36]]]},"properties":{"value":0.1847,"sigma":0.0518}},{"type":"Feature","geometry":{"type":"Polygon","coordinates":[[[-76.50999999999999,3.36],[-76.505,3.36],[-76.505,3.3649999999999998],[-76.50999999999999,3.3649999999999998],[-76.50999999999999,3.36]]]},"properties":{"value":0.1721,"sigma":0.0465}},{"type":"Feature","geometry":{"type":"Polygon","coordinates":[[[-76.505,3.36],[-76.5,3.36],[-76.5,3.3649999999999998],[-76.505,3.3649999999999998],[-76.505,3.36]]]},"properties":{"value":0.1846,"sigma":0.0532}},{"type":"Feature","geometry":{"type":"Polygon","coordinates":[[[-76.49999999999999,3.36],[-76.49499999999999,3.36],[-76.49499999999999,3.3649999999999998],[-76.49999999999999,3.3649999999999998],[-76.49999999999999,3.36]]]},"properties":{"value":0.178,"sigma":0.0524}},{"type":"Feature","geometry":{"type":"Polygon","coordinates":[[[-76.49499999999999,3.36],[-76.49,3.36],[-76.49,3.3649999999999998],[-76.49499999999999,3.3649999999999998],[-76.49499999999999,3.36]]]},"properties":{"value":0.2012,"sigma":0.0517}},{"type":"Feature","geometry":{"type":"Polygon","coordinates":[[[-76.49,3.36],[-76.485,3.36],[-76.485,3.3649999999999998],[-76.49,3.3649999999999998],[-76.49,3.36]]]},"properties":{"value":0.1778,"sigma":0.0575}},{"type":"Feature","geometry":{"type":"Polygon","coordinates":[[[-76.48499999999999,3.36],[-76.47999999999999,3.36],[-76.47999999999999,3.3649999999999998],[-76.48499999999999,3.3649999999999998],[-76.48499999999999,3.36]]]},"properties":{"value":0.1806,"sigma":0.0614}},{"type":"Feature","geometry":{"type":"Polygon","coordinates":[[[-76.47999999999999,3.36],[-76.475,3.36],[-76.475,3.3649999999999998],[-76.47999999999999,3.3649999999999998],[-76.47999999999999,3.36]]]},"properties":{"value":0.1846,"sigma":0.0584}},{"type":"Feature","geometry":{"type":"Polygon","coordinates":[[[-76.475,3.36],[-76.47,3.36],[-76.47,3.3649999999999998],[-76.475,3.3649999999999998],[-76.475,3.36]]]},"properties":{"value":0.1772,"sigma":0.0689}},{"type":"Feature","geometry":{"type":"Polygon","coordinates":[[[-76.47,3.36],[-76.465,3.36],[-76.465,3.3649999999999998],[-76.47,3.3649999999999998],[-76.47,3.36]]]},"properties":{"value":0.1765,"sigma":0.0653}},{"type":"Feature","geometry":{"type":"Polygon","coordinates":[[[-76.46499999999999,3.36],[-76.46,3.36],[-76.46,3.3649999999999998],[-76.46499999999999,3.3649999999999998],[-76.46499999999999,3.36]]]},"properties":{"value":0.1906,"sigma":0.0627}},{"type":"Feature","geometry":{"type":"Polygon","coordinates":[[[-76.46,3.36],[-76.455,3.36],[-76.455,3.3649999999999998],[-76.46,3.3649999999999998],[-76.46,3.36]]]},"properties":{"value":0.1839,"sigma":0.0685}},{"type":"Feature","geometry":{"type":"Polygon","coordinates":[[[-76.455,3.36],[-76.45,3.36],[-76.45,3.3649999999999998],[-76.455,3.3649999999999998],[-76.455,3.36]]]},"properties":{"value":0.1845,"sigma":0.0681}},{"type":"Feature","geometry":{"type":"Polygon","coordinates":[[[-76.44999999999999,3.36],[-76.445,3.36],[-76.445,3.3649999999999998],[-76.44999999999999,3.3649999999999998],[-76.44999999999999,3.36]]]},"properties":{"value":0.1831,"sigma":0.0728}},{"type":"Feature","geometry":{"type":"Polygon","coordinates":[[[-76.445,3.36],[-76.44,3.36],[-76.44,3.3649999999999998],[-76.445,3.3649999999999998],[-76.445,3.36]]]},"properties":{"value":0.1705,"sigma":0.075}},{"type":"Feature","geometry":{"type":"Polygon","coordinates":[[[-76.44,3.36],[-76.435,3.36],[-76.435,3.3649999999999998],[-76.44,3.3649999999999998],[-76.44,3.36]]]},"properties":{"value":0.1826,"sigma":0.0743}},{"type":"Feature","geometry":{"type":"Polygon","coordinates":[[[-76.43499999999999,3.36],[-76.42999999999999,3.36],[-76.42999999999999,3.3649999999999998],[-76.43499999999999,3.3649999999999998],[-76.43499999999999,3.36]]]},"properties":{"value":0.1719,"sigma":0.0754}},{"type":"Feature","geometry":{"type":"Polygon","coordinates":[[[-76.42999999999999,3.36],[-76.425,3.36],[-76.425,3.3649999999999998],[-76.42999999999999,3.3649999999999998],[-76.42999999999999,3.36]]]},"properties":{"value":0.1713,"sigma":0.0788}},{"type":"Feature","geometry":{"type":"Polygon","coordinates":[[[-76.425,3.36],[-76.42,3.36],[-76.42,3.3649999999999998],[-76.425,3.3649999999999998],[-76.425,3.36]]]},"properties":{"value":0.1725,"sigma":0.0849}},{"type":"Feature","geometry":{"type":"Polygon","coordinates":[[[-76.41999999999999,3.36],[-76.41499999999999,3.36],[-76.41499999999999,3.3649999999999998],[-76.41999999999999,3.3649999999999998],[-76.41999999999999,3.36]]]},"properties":{"value":0.1913,"sigma":0.0815}},{"type":"Feature","geometry":{"type":"Polygon","coordinates":[[[-76.41499999999999,3.36],[-76.41,3.36],[-76.41,3.3649999999999998],[-76.41499999999999,3.3649999999999998],[-76.41499999999999,3.36]]]},"properties":{"value":0.1762,"sigma":0.0864}},{"type":"Feature","geometry":{"type":"Polygon","coordinates":[[[-76.41,3.36],[-76.405,3.36],[-76.405,3.3649999999999998],[-76.41,3.3649999999999998],[-76.41,3.36]]]},"properties":{"value":0.1818,"sigma":0.0817}},{"type":"Feature","geometry":{"type":"Polygon","coordinates":[[[-76.40499999999999,3.36],[-76.39999999999999,3.36],[-76.39999999999999,3.3649999999999998],[-76.40499999999999,3.3649999999999998],[-76.40499999999999,3.36]]]},"properties":{"value":0.1765,"sigma":0.0859}},{"type":"Feature","geometry":{"type":"Polygon","coordinates":[[[-76.6,3.3649999999999998],[-76.595,3.3649999999999998],[-76.595,3.3699999999999997],[-76.6,3.3699999999999997],[-76.6,3.3649999999999998]]]},"properties":{"value":0.1706,"sigma":0.0683}},{"type":"Feature","geometry":{"type":"Polygon","coordinates":[[[-76.595,3.3649999999999998],[-76.59,3.3649999999999998],[-76.59,3.3699999999999997],[-76.595,3.3699999999999997],[-76.595,3.3649999999999998]]]},"properties":{"value":0.1821,"sigma":0.0582}},{"type":"Feature","geometry":{"type":"Polygon","coordinates":[[[-76.58999999999999,3.3649999999999998],[-76.585,3.3649999999999998],[-76.585,3.3699999999999997],[-76.58999999999999,3.3699999999999997],[-76.58999999999999,3.3649999999999998]]]},"properties":{"value":0.1728,"sigma":0.0616}},{"type":"Feature","geometry":{"type":"Polygon","coordinates":[[[-76.585,3.3649999999999998],[-76.58,3.3649999999999998],[-76.58,3.3699999999999997],[-76.585,3.3699999999999997],[-76.585,3.3649999999999998]]]},"properties":{"value":0.1846,"sigma":0.0567}},{"type":"Feature","geometry":{"type":"Polygon","coordinates":[[[-76.58,3.3649999999999998],[-76.575,3.3649999999999998],[-76.575,3.3699999999999997],[-76.58,3.3699999999999997],[-76.58,3.3649999999999998]]]},"properties":{"value":0.1836,"sigma":0.0546}},{"type":"Feature","geometry":{"type":"Polygon","coordinates":[[[-76.57499999999999,3.3649999999999998],[-76.57,3.3649999999999998],[-76.57,3.3699999999999997],[-76.57499999999999,3.3699999999999997],[-76.57499999999999,3.3649999999999998]]]},"properties":{"value":0.1894,"sigma":0.0549}},{"type":"Feature","geometry":{"type":"Polygon","coordinates":[[[-76.57,3.3649999999999998],[-76.565,3.3649999999999998],[-76.565,3.3699999999999997],[-76.57,3.3699999999999997],[-76.57,3.3649999999999998]]]},"properties":{"value":0.1756,"sigma":0.0522}},{"type":"Feature","geometry":{"type":"Polygon","coordinates":[[[-76.565,3.3649999999999998],[-76.56,3.3649999999999998],[-76.56,3.3699999999999997],[-76.565,3.3699999999999997],[-76.565,3.3649999999999998]]]},"properties":{"value":0.1817,"sigma":0.0466}},{"type":"Feature","geometry":{"type":"Polygon","coordinates":[[[-76.55999999999999,3.3649999999999998],[-76.55499999999999,3.3649999999999998],[-76.55499999999999,3.3699999999999997],[-76.55999999999999,3.3699999999999997],[-76.55999999999999,3.3649999999999998]]]},"properties":{"value":0.1826,"sigma":0.0457}},{"type":"Feature","geometry":{"type":"Polygon","coordinates":[[[-76.55499999999999,3.3649999999999998],[-76.55,3.3649999999999998],[-76.55,3.3699999999999997],[-76.55499999999999,3.3699999999999997],[-76.55499999999999,3.3649999999999998]]]},"properties":{"value":0.1851,"sigma":0.0442}},{"type":"Feature","geometry":{"type":"Polygon","coordinates":[[[-76.55,3.3649999999999998],[-76.545,3.3649999999999998],[-76.545,3.3699999999999997],[-76.55,3.3699999999999997],[-76.55,3.3649999999999998]]]},"properties":{"value":0.1855,"sigma":0.0397}},{"type":"Feature","geometry":{"type":"Polygon","coordinates":[[[-76.54499999999999,3.3649999999999998],[-76.53999999999999,3.3649999999999998],[-76.53999999999999,3.3699999999999997],[-76.54499999999999,3.3699999999999997],[-76.54499999999999,3.3649999999999998]]]},"properties":{"value":0.1875,"sigma":0.0411}},{"type":"Feature","geometry":{"type":"Polygon","coordinates":[[[-76.53999999999999,3.3649999999999998],[-76.535,3.3649999999999998],[-76.535,3.3699999999999997],[-76.53999999999999,3.3699999999999997],[-76.53999999999999,3.3649999999999998]]]},"properties":{"value":0.1795,"sigma":0.0374}},{"type":"Feature","geometry":{"type":"Polygon","coordinates":[[[-76.535,3.3649999999999998],[-76.53,3.3649999999999998],[-76.53,3.3699999999999997],[-76.535,3.3699999999999997],[-76.535,3.3649999999999998]]]},"properties":{"value":0.1933,"sigma":0.0411}},{"type":"Feature","geometry":{"type":"Polygon","coordinates":[[[-76.52999999999999,3.3649999999999998],[-76.52499999999999,3.3649999999999998],[-76.52499999999999,3.3699999999999997],[-76.52999999999999,3.3699999999999997],[-76.52999999999999,3.3649999999999998]]]},"properties":{"value":0.1899,"sigma":0.0363}},{"type":"Feature","geometry":{"type":"Polygon","coordinates":[[[-76.52499999999999,3.3649999999999998],[-76.52,3.3649999999999998],[-76.52,3.3699999999999997],[-76.52499999999999,3.3699999999999997],[-76.52499999999999,3.3649999999999998]]]},"properties":{"value":0.1906,"sigma":0.0373}},{"type":"Feature","geometry":{"type":"Polygon","coordinates":[[[-76.52,3.3649999999999998],[-76.515,3.3649999999999998],[-76.515,3.3699999999999997],[-76.52,3.3699999999999997],[-76.52,3.3649999999999998]]]},"properties":{"value":0.1907,"sigma":0.0377}},{"type":"Feature","geometry":{"type":"Polygon","coordinates":[[[-76.51499999999999,3.3649999999999998],[-76.50999999999999,3.3649999999999998],[-76.50999999999999,3.3699999999999997],[-76.51499999999999,3.3699999999999997],[-76.51499999999999,3.3649999999999998]]]},"properties":{"value":0.1877,"sigma":0.0429}},{"type":"Feature","geometry":{"type":"Polygon","coordinates":[[[-76.50999999999999,3.3649999999999998],[-76.505,3.3649999999999998],[-76.505,3.3699999999999997],[-76.50999999999999,3.3699999999999997],[-76.50999999999999,3.3649999999999998]]]},"properties":{"value":0.1865,"sigma":0.0533}},{"type":"Feature","geometry":{"type":"Polygon","coordinates":[[[-76.505,3.3649999999999998],[-76.5,3.3649999999999998],[-76.5,3.3699999999999997],[-76.505,3.3699999999999997],[-76.505,3.3649999999999998]]]},"properties":{"value":0.183,"sigma":0.047}},{"type":"Feature","geometry":{"type":"Polygon","coordinates":[[[-76.49999999999999,3.3649999999999998],[-76.49499999999999,3.3649999999999998],[-76.49499999999999,3.3699999999999997],[-76.49999999999999,3.3699999999999997],[-76.49999999999999,3.3649999999999998]]]},"properties":{"value":0.1826,"sigma":0.0543}},{"type":"Feature","geometry":{"type":"Polygon","coordinates":[[[-76.49499999999999,3.3649999999999998],[-76.49,3.3649999999999998],[-76.49,3.3699999999999997],[-76.49499999999999,3.3699999999999997],[-76.49499999999999,3.3649999999999998]]]},"properties":{"value":0.1817,"sigma":0.0574}},{"type":"Feature","geometry":{"type":"Polygon","coordinates":[[[-76.49,3.3649999999999998],[-76.485,3.3649999999999998],[-76.485,3.3699999999999997],[-76.49,3.3699999999999997],[-76.49,3.3649999999999998]]]},"properties":{"value":0.1826,"sigma":0.059}},{"type":"Feature","geometry":{"type":"Polygon","coordinates":[[[-76.48499999999999,3.3649999999999998],[-76.47999999999999,3.3649999999999998],[-76.47999999999999,3.3699999999999997],[-76.48499999999999,3.3699999999999997],[-76.48499999999999,3.3649999999999998]]]},"properties":{"value":0.1801,"sigma":0.0675}},{"type":"Feature","geometry":{"type":"Polygon","coordinates":[[[-76.47999999999999,3.3649999999999998],[-76.475,3.3649999999999998],[-76.475,3.3699999999999997],[-76.47999999999999,3.3699999999999997],[-76.47999999999999,3.3649999999999998]]]},"properties":{"value":0.1752,"sigma":0.0614}},{"type":"Feature","geometry":{"type":"Polygon","coordinates":[[[-76.475,3.3649999999999998],[-76.47,3.3649999999999998],[-76.47,3.3699999999999997],[-76.475,3.3699999999999997],[-76.475,3.3649999999999998]]]},"properties":{"value":0.1779,"sigma":0.0632}},{"type":"Feature","geometry":{"type":"Polygon","coordinates":[[[-76.47,3.3649999999999998],[-76.465,3.3649999999999998],[-76.465,3.3699999999999997],[-76.47,3.3699999999999997],[-76.47,3.3649999999999998]]]},"properties":{"value":0.1738,"sigma":0.0595}},{"type":"Feature","geometry":{"type":"Polygon","coordinates":[[[-76.46499999999999,3.3649999999999998],[-76.46,3.3649999999999998],[-76.46,3.3699999999999997],[-76.46499999999999,3.3699999999999997],[-76.46499999999999,3.3649999999999998]]]},"properties":{"value":0.1713,"sigma":0.0588}},{"type":"Feature","geometry":{"type":"Polygon","coordinates":[[[-76.46,3.3649999999999998],[-76.455,3.3649999999999998],[-76.455,3.3699999999999997],[-76.46,3.3699999999999997],[-76.46,3.3649999999999998]]]},"properties":{"value":0.1693,"sigma":0.062}},{"type":"Feature","geometry":{"type":"Polygon","coordinates":[[[-76.455,3.3649999999999998],[-76.45,3.3649999999999998],[-76.45,3.3699999999999997],[-76.455,3.3699999999999997],[-76.455,3.3649999999999998]]]},"properties":{"value":0.183,"sigma":0.065}},{"type":"Feature","geometry":{"type":"Polygon","coordinates":[[[-76.44999999999999,3.3649999999999998],[-76.445,3.3649999999999998],[-76.445,3.3699999999999997],[-76.44999999999999,3.3699999999999997],[-76.44999999999999,3.3649999999999998]]]},"properties":{"value":0.1644,"sigma":0.0689}},{"type":"Feature","geometry":{"type":"Polygon","coordinates":[[[-76.445,3.3649999999999998],[-76.44,3.3649999999999998],[-76.44,3.3699999999999997],[-76.445,3.3699999999999997],[-76.445,3.3649999999999998]]]},"properties":{"value":0.1798,"sigma":0.0643}},{"type":"Feature","geometry":{"type":"Polygon","coordinates":[[[-76.44,3.3649999999999998],[-76.435,3.3649999999999998],[-76.435,3.3699999999999997],[-76.44,3.3699999999999997],[-76.44,3.3649999999999998]]]},"properties":{"value":0.1813,"sigma":0.0724}},{"type":"Feature","geometry":{"type":"Polygon","coordinates":[[[-76.43499999999999,3.3649999999999998],[-76.42999999999999,3.3649999999999998],[-76.42999999999999,3.3699999999999997],[-76.43499999999999,3.3699999999999997],[-76.43499999999999,3.3649999999999998]]]},"properties":{"value":0.1803,"sigma":0.0729}},{"type":"Feature","geometry":{"type":"Polygon","coordinates":[[[-76.42999999999999,3.3649999999999998],[-76.425,3.3649999999999998],[-76.425,3.3699999999999997],[-76.42999999999999,3.3699999999999997],[-76.42999999999999,3.3649999999999998]]]},"properties":{"value":0.1839,"sigma":0.0735}},{"type":"Feature","geometry":{"type":"Polygon","coordinates":[[[-76.425,3.3649999999999998],[-76.42,3.3649999999999998],[-76.42,3.3699999999999997],[-76.425,3.3699999999999997],[-76.425,3.3649999999999998]]]},"properties":{"value":0.1713,"sigma":0.0799}},{"type":"Feature","geometry":{"type":"Polygon","coordinates":[[[-76.41999999999999,3.3649999999999998],[-76.41499999999999,3.3649999999999998],[-76.41499999999999,3.3699999999999997],[-76.41999999999999,3.3699999999999997],[-76.41999999999999,3.3649999999999998]]]},"properties":{"value":0.1908,"sigma":0.0769}},{"type":"Feature","geometry":{"type":"Polygon","coordinates":[[[-76.41499999999999,3.3649999999999998],[-76.41,3.3649999999999998],[-76.41,3.3699999999999997],[-76.41499999999999,3.3699999999999997],[-76.41499999999999,3.3649999999999998]]]},"properties":{"value":0.1865,"sigma":0.0772}},{"type":"Feature","geometry":{"type":"Polygon","coordinates":[[[-76.41,3.3649999999999998],[-76.405,3.3649999999999998],[-76.405,3.3699999999999997],[-76.41,3.3699999999999997],[-76.41,3.3649999999999998]]]},"properties":{"value":0.1796,"sigma":0.0846}},{"type":"Feature","geometry":{"type":"Polygon","coordinates":[[[-76.40499999999999,3.3649999999999998],[-76.39999999999999,3.3649999999999998],[-76.39999999999999,3.3699999999999997],[-76.40499999999999,3.3699999999999997],[-76.40499999999999,3.3649999999999998]]]},"properties":{"value":0.1776,"sigma":0.0836}},{"type":"Feature","geometry":{"type":"Polygon","coordinates":[[[-76.6,3.3699999999999997],[-76.595,3.3699999999999997],[-76.595,3.3749999999999996],[-76.6,3.3749999999999996],[-76.6,3.3699999999999997]]]},"properties":{"value":0.1763,"sigma":0.0647}},{"type":"Feature","geometry":{"type":"Polygon","coordinates":[[[-76.595,3.3699999999999997],[-76.59,3.3699999999999997],[-76.59,3.3749999999999996],[-76.595,3.3749999999999996],[-76.595,3.3699999999999997]]]},"properties":{"value":0.1708,"sigma":0.0632}},{"type":"Feature","geometry":{"type":"Polygon","coordinates":[[[-76.58999999999999,3.3699999999999997],[-76.585,3.3699999999999997],[-76.585,3.3749999999999996],[-76.58999999999999,3.3749999999999996],[-76.58999999999999,3.3699999999999997]]]},"properties":{"value":0.1845,"sigma":0.0566}},{"type":"Feature","geometry":{"type":"Polygon","coordinates":[[[-76.585,3.3699999999999997],[-76.58,3.3699999999999997],[-76.58,3.3749999999999996],[-76.585,3.3749999999999996],[-76.585,3.3699999999999997]]]},"properties":{"value":0.185,"sigma":0.0491}},{"type":"Feature","geometry":{"type":"Polygon","coordinates":[[[-76.58,3.3699999999999997],[-76.575,3.3699999999999997],[-76.575,3.3749999999999996],[-76.58,3.3749999999999996],[-76.58,3.3699999999999997]]]},"properties":{"value":0.1788,"sigma":0.057}},{"type":"Feature","geometry":{"type":"Polygon","coordinates":[[[-76.57499999999999,3.3699999999999997],[-76.57,3.3699999999999997],[-76.57,3.3749999999999996],[-76.57499999999999,3.3749999999999996],[-76.57499999999999,3.3699999999999997]]]},"properties":{"value":0.1774,"sigma":0.0493}},{"type":"Feature","geometry":{"type":"Polygon","coordinates":[[[-76.57,3.3699999999999997],[-76.565,3.3699999999999997],[-76.565,3.3749999999999996],[-76.57,3.3749999999999996],[-76.57,3.3699999999999997]]]},"properties":{"value":0.1878,"sigma":0.0505}},{"type":"Feature","geometry":{"type":"Polygon","coordinates":[[[-76.565,3.3699999999999997],[-76.56,3.3699999999999997],[-76.56,3.3749999999999996],[-76.565,3.3749999999999996],[-76.565,3.3699999999999997]]]},"properties":{"value":0.1796,"sigma":0.0469}},{"type":"Feature","geometry":{"type":"Polygon","coordinates":[[[-76.55999999999999,3.3699999999999997],[-76.55499999999999,3.3699999999999997],[-76.55499999999999,3.3749999999999996],[-76.55999999999999,3.3749999999999996],[-76.55999999999999,3.3699999999999997]]]},"properties":{"value":0.183,"sigma":0.0436}},{"type":"Feature","geometry":{"type":"Polygon","coordinates":[[[-76.55499999999999,3.3699999999999997],[-76.55,3.3699999999999997],[-76.55,3.3749999999999996],[-76.55499999999999,3.3749999999999996],[-76.55499999999999,3.3699999999999997]]]},"properties":{"value":0.1867,"sigma":0.0445}},{"type":"Feature","geometry":{"type":"Polygon","coordinates":[[[-76.55,3.3699999999999997],[-76.545,3.3699999999999997],[-76.545,3.3749999999999996],[-76.55,3.3749999999999996],[-76.55,3.3699999999999997]]]},"properties":{"value":0.1884,"sigma":0.0415}},{"type":"Feature","geometry":{"type":"Polygon","coordinates":[[[-76.54499999999999,3.3699999999999997],[-76.53999999999999,3.3699999999999997],[-76.53999999999999,3.3749999999999996],[-76.54499999999999,3.3749999999999996],[-76.54499999999999,3.3699999999999997]]]},"properties":{"value":0.1916,"sigma":0.0362}},{"type":"Feature","geometry":{"type":"Polygon","coordinates":[[[-76.53999999999999,3.3699999999999997],[-76.535,3.3699999999999997],[-76.535,3.3749999999999996],[-76.53999999999999,3.3749999999999996],[-76.53999999999999,3.3699999999999997]]]},"properties":{"value":0.1892,"sigma":0.0423}},{"type":"Feature","geometry":{"type":"Polygon","coordinates":[[[-76.535,3.3699999999999997],[-76.53,3.3699999999999997],[-76.53,3.3749999999999996],[-76.535,3.3749999999999996],[-76.535,3.3699999999999997]]]},"properties":{"value":0.1905,"sigma":0.0358}},{"type":"Feature","geometry":{"type":"Polygon","coordinates":[[[-76.52999999999999,3.3699999999999997],[-76.52499999999999,3.3699999999999997],[-76.52499999999999,3.3749999999999996],[-76.52999999999999,3.3749999999999996],[-76.52999999999999,3.3699999999999997]]]},"properties":{"value":0.1851,"sigma":0.0389}},{"type":"Feature","geometry":{"type":"Polygon","coordinates":[[[-76.52499999999999,3.3699999999999997],[-76.52,3.3699999999999997],[-76.52,3.3749999999999996],[-76.52499999999999,3.3749999999999996],[-76.52499999999999,3.3699999999999997]]]},"properties":{"value":0.1922,"sigma":0.0387}},{"type":"Feature","geometry":{"type":"Polygon","coordinates":[[[-76.52,3.3699999999999997],[-76.515,3.3699999999999997],[-76.515,3.3749999999999996],[-76.52,3.3749999999999996],[-76.52,3.3699999999999997]]]},"properties":{"value":0.1898,"sigma":0.0459}},{"type":"Feature","geometry":{"type":"Polygon","coordinates":[[[-76.51499999999999,3.3699999999999997],[-76.50999999999999,3.3699999999999997],[-76.50999999999999,3.3749999999999996],[-76.51499999999999,3.3749999999999996],[-76.51499999999999,3.3699999999999997]]]},"properties":{"value":0.1851,"sigma":0.0457}},{"type":"Feature","geometry":{"type":"Polygon","coordinates":[[[-76.50999999999999,3.3699999999999997],[-76.505,3.3699999999999997],[-76.505,3.3749999999999996],[-76.50999999999999,3.3749999999999996],[-76.50999999999999,3.3699999999999997]]]},"properties":{"value":0.1934,"sigma":0.0429}},{"type":"Feature","geometry":{"type":"Polygon","coordinates":[[[-76.505,3.3699999999999997],[-76.5,3.3699999999999997],[-76.5,3.3749999999999996],[-76.505,3.3749999999999996],[-76.505,3.3699999999999997]]]},"properties":{"value":0.1905,"sigma":0.0473}},{"type":"Feature","geometry":{"type":"Polygon","coordinates":[[[-76.49999999999999,3.3699999999999997],[-76.49499999999999,3.3699999999999997],[-76.49499999999999,3.3749999999999996],[-76.49999999999999,3.3749999999999996],[-76.49999999999999,3.3699999999999997]]]},"properties":{"value":0.1813,"sigma":0.0502}},{"type":"Feature","geometry":{"type":"Polygon","coordinates":[[[-76.49499999999999,3.3699999999999997],[-76.49,3.3699999999999997],[-76.49,3.3749999999999996],[-76.49499999999999,3.3749999999999996],[-76.49499999999999,3.3699999999999997]]]},"properties":{"value":0.1851,"sigma":0.0507}},{"type":"Feature","geometry":{"type":"Polygon","coordinates":[[[-76.49,3.3699999999999997],[-76.485,3.3699999999999997],[-76.485,3.3749999999999996],[-76.49,3.3749999999999996],[-76.49,3.3699999999999997]]]},"properties":{"value":0.19,"sigma":0.0595}},{"type":"Feature","geometry":{"type":"Polygon","coordinates":[[[-76.48499999999999,3.3699999999999997],[-76.47999999999999,3.3699999999999997],[-76.47999999999999,3.3749999999999996],[-76.48499999999999,3.3749999999999996],[-76.48499999999999,3.3699999999999997]]]},"properties":{"value":0.1924,"sigma":0.0554}},{"type":"Feature","geometry":{"type":"Polygon","coordinates":[[[-76.47999999999999,3.3699999999999997],[-76.475,3.3699999999999997],[-76.475,3.3749999999999996],[-76.47999999999999,3.3749999999999996],[-76.47999999999999,3.3699999999999997]]]},"properties":{"value":0.1863,"sigma":0.053}},{"type":"Feature","geometry":{"type":"Polygon","coordinates":[[[-76.475,3.3699999999999997],[-76.47,3.3699999999999997],[-76.47,3.3749999999999996],[-76.475,3.3749999999999996],[-76.475,3.3699999999999997]]]},"properties":{"value":0.1773,"sigma":0.0612}},{"type":"Feature","geometry":{"type":"Polygon","coordinates":[[[-76.47,3.3699999999999997],[-76.465,3.3699999999999997],[-76.465,3.3749999999999996],[-76.47,3.3749999999999996],[-76.47,3.3699999999999997]]]},"properties":{"value":0.1722,"sigma":0.0607}},{"type":"Feature","geometry":{"type":"Polygon","coordinates":[[[-76.46499999999999,3.3699999999999997],[-76.46,3.3699999999999997],[-76.46,3.3749999999999996],[-76.46499999999999,3.3749999999999996],[-76.46499999999999,3.3699999999999997]]]},"properties":{"value":0.1743,"sigma":0.0598}},{"type":"Feature","geometry":{"type":"Polygon","coordinates":[[[-76.46,3.3699999999999997],[-76.455,3.3699999999999997],[-76.455,3.3749999999999996],[-76.46,3.3749999999999996],[-76.46,3.3699999999999997]]]},"properties":{"value":0.1815,"sigma":0.0634}},{"type":"Feature","geometry":{"type":"Polygon","coordinates":[[[-76.455,3.3699999999999997],[-76.45,3.3699999999999997],[-76.45,3.3749999999999996],[-76.455,3.3749999999999996],[-76.455,3.3699999999999997]]]},"properties":{"value":0.1871,"sigma":0.0622}},{"type":"Feature","geometry":{"type":"Polygon","coordinates":[[[-76.44999999999999,3.3699999999999997],[-76.445,3.3699999999999997],[-76.445,3.3749999999999996],[-76.44999999999999,3.3749999999999996],[-76.44999999999999,3.3699999999999997]]]},"properties":{"value":0.1872,"sigma":0.0666}},{"type":"Feature","geometry":{"type":"Polygon","coordinates":[[[-76.445,3.3699999999999997],[-76.44,3.3699999999999997],[-76.44,3.3749999999999996],[-76.445,3.3749999999999996],[-76.445,3.3699999999999997]]]},"properties":{"value":0.1895,"sigma":0.0682}},{"type":"Feature","geometry":{"type":"Polygon","coordinates":[[[-76.44,3.3699999999999997],[-76.435,3.3699999999999997],[-76.435,3.3749999999999996],[-76.44,3.3749999999999996],[-76.44,3.3699999999999997]]]},"properties":{"value":0.1835,"sigma":0.071}},{"type":"Feature","geometry":{"type":"Polygon","coordinates":[[[-76.43499999999999,3.3699999999999997],[-76.42999999999999,3.3699999999999997],[-76.42999999999999,3.3749999999999996],[-76.43499999999999,3.3749999999999996],[-76.43499999999999,3.3699999999999997]]]},"properties":{"value":0.1815,"sigma":0.0736}},{"type":"Feature","geometry":{"type":"Polygon","coordinates":[[[-76.42999999999999,3.3699999999999997],[-76.425,3.3699999999999997],[-76.425,3.3749999999999996],[-76.42999999999999,3.3749999999999996],[-76.42999999999999,3.3699999999999997]]]},"properties":{"value":0.1826,"sigma":0.0714}},{"type":"Feature","geometry":{"type":"Polygon","coordinates":[[[-76.425,3.3699999999999997],[-76.42,3.3699999999999997],[-76.42,3.3749999999999996],[-76.425,3.3749999999999996],[-76.425,3.3699999999999997]]]},"properties":{"value":0.1874,"sigma":0.076}},{"type":"Feature","geometry":{"type":"Polygon","coordinates":[[[-76.41999999999999,3.3699999999999997],[-76.41499999999999,3.3699999999999997],[-76.41499999999999,3.3749999999999996],[-76.41999999999999,3.3749999999999996],[-76.41999999999999,3.3699999999999997]]]},"properties":{"value":0.1898,"sigma":0.0781}},{"type":"Feature","geometry":{"type":"Polygon","coordinates":[[[-76.41499999999999,3.3699999999999997],[-76.41,3.3699999999999997],[-76.41,3.3749999999999996],[-76.41499999999999,3.3749999999999996],[-76.41499999999999,3.3699999999999997]]]},"properties":{"value":0.1814,"sigma":0.0828}},{"type":"Feature","geometry":{"type":"Polygon","coordinates":[[[-76.41,3.3699999999999997],[-76.405,3.3699999999999997],[-76.405,3.3749999999999996],[-76.41,3.3749999999999996],[-76.41,3.3699999999999997]]]},"properties":{"value":0.1827,"sigma":0.0855}},{"type":"Feature","geometry":{"type":"Polygon","coordinates":[[[-76.40499999999999,3.3699999999999997],[-76.39999999999999,3.3699999999999997],[-76.39999999999999,3.3749999999999996],[-76.40499999999999,3.3749999999999996],[-76.40499999999999,3.3699999999999997]]]},"properties":{"value":0.1886,"sigma":0.086}},{"type":"Feature","geometry":{"type":"Polygon","coordinates":[[[-76.6,3.375],[-76.595,3.375],[-76.595,3.38],[-76.6,3.38],[-76.6,3.375]]]},"properties":{"value":0.1736,"sigma":0.0641}},{"type":"Feature","geometry":{"type":"Polygon","coordinates":[[[-76.595,3.375],[-76.59,3.375],[-76.59,3.38],[-76.595,3.38],[-76.595,3.375]]]},"properties":{"value":0.1855,"sigma":0.0664}},{"type":"Feature","geometry":{"type":"Polygon","coordinates":[[[-76.58999999999999,3.375],[-76.585,3.375],[-76.585,3.38],[-76.58999999999999,3.38],[-76.58999999999999,3.375]]]},"properties":{"value":0.1827,"sigma":0.0594}},{"type":"Feature","geometry":{"type":"Polygon","coordinates":[[[-76.585,3.375],[-76.58,3.375],[-76.58,3.38],[-76.585,3.38],[-76.585,3.375]]]},"properties":{"value":0.1745,"sigma":0.0577}},{"type":"Feature","geometry":{"type":"Polygon","coordinates":[[[-76.58,3.375],[-76.575,3.375],[-76.575,3.38],[-76.58,3.38],[-76.58,3.375]]]},"properties":{"value":0.1928,"sigma":0.0534}},{"type":"Feature","geometry":{"type":"Polygon","coordinates":[[[-76.57499999999999,3.375],[-76.57,3.375],[-76.57,3.38],[-76.57499999999999,3.38],[-76.57499999999999,3.375]]]},"properties":{"value":0.1722,"sigma":0.0526}},{"type":"Feature","geometry":{"type":"Polygon","coordinates":[[[-76.57,3.375],[-76.565,3.375],[-76.565,3.38],[-76.57,3.38],[-76.57,3.375]]]},"properties":{"value":0.1884,"sigma":0.0466}},{"type":"Feature","geometry":{"type":"Polygon","coordinates":[[[-76.565,3.375],[-76.56,3.375],[-76.56,3.38],[-76.565,3.38],[-76.565,3.375]]]},"properties":{"value":0.1733,"sigma":0.0432}},{"type":"Feature","geometry":{"type":"Polygon","coordinates":[[[-76.55999999999999,3.375],[-76.55499999999999,3.375],[-76.55499999999999,3.38],[-76.55999999999999,3.38],[-76.55999999999999,3.375]]]},"properties":{"value":0.2,"sigma":0.0479}},{"type":"Feature","geometry":{"type":"Polygon","coordinates":[[[-76.55499999999999,3.375],[-76.55,3.375],[-76.55,3.38],[-76.55499999999999,3.38],[-76.55499999999999,3.375]]]},"properties":{"value":0.1822,"sigma":0.045}},{"type":"Feature","geometry":{"type":"Polygon","coordinates":[[[-76.55,3.375],[-76.545,3.375],[-76.545,3.38],[-76.55,3.38],[-76.55,3.375]]]},"properties":{"value":0.1974,"sigma":0.0413}},{"type":"Feature","geometry":{"type":"Polygon","coordinates":[[[-76.54499999999999,3.375],[-76.53999999999999,3.375],[-76.53999999999999,3.38],[-76.54499999999999,3.38],[-76.54499999999999,3.375]]]},"properties":{"value":0.1783,"sigma":0.0358}},{"type":"Feature","geometry":{"type":"Polygon","coordinates":[[[-76.53999999999999,3.375],[-76.535,3.375],[-76.535,3.38],[-76.53999999999999,3.38],[-76.53999999999999,3.375]]]},"properties":{"value":0.1996,"sigma":0.0337}},{"type":"Feature","geometry":{"type":"Polygon","coordinates":[[[-76.535,3.375],[-76.53,3.375],[-76.53,3.38],[-76.535,3.38],[-76.535,3.375]]]},"properties":{"value":0.1955,"sigma":0.0371}},{"type":"Feature","geometry":{"type":"Polygon","coordinates":[[[-76.52999999999999,3.375],[-76.52499999999999,3.375],[-76.52499999999999,3.38],[-76.52999999999999,3.38],[-76.52999999999999,3.375]]]},"properties":{"value":0.1875,"sigma":0.0379}},{"type":"Feature","geometry":{"type":"Polygon","coordinates":[[[-76.52499999999999,3.375],[-76.52,3.375],[-76.52,3.38],[-76.52499999999999,3.38],[-76.52499999999999,3.375]]]},"properties":{"value":0.2012,"sigma":0.0425}},{"type":"Feature","geometry":{"type":"Polygon","coordinates":[[[-76.52,3.375],[-76.515,3.375],[-76.515,3.38],[-76.52,3.38],[-76.52,3.375]]]},"properties":{"value":0.1959,"sigma":0.0446}},{"type":"Feature","geometry":{"type":"Polygon","coordinates":[[[-76.51499999999999,3.375],[-76.50999999999999,3.375],[-76.50999999999999,3.38],[-76.51499999999999,3.38],[-76.51499999999999,3.375]]]},"properties":{"value":0.193,"sigma":0.0464}},{"type":"Feature","geometry":{"type":"Polygon","coordinates":[[[-76.50999999999999,3.375],[-76.505,3.375],[-76.505,3.38],[-76.50999999999999,3.38],[-76.50999999999999,3.375]]]},"properties":{"value":0.1915,"sigma":0.0466}},{"type":"Feature","geometry":{"type":"Polygon","coordinates":[[[-76.505,3.375],[-76.5,3.375],[-76.5,3.38],[-76.505,3.38],[-76.505,3.375]]]},"properties":{"value":0.1911,"sigma":0.0518}},{"type":"Feature","geometry":{"type":"Polygon","coordinates":[[[-76.49999999999999,3.375],[-76.49499999999999,3.375],[-76.49499999999999,3.38],[-76.49999999999999,3.38],[-76.49999999999999,3.375]]]},"properties":{"value":0.1955,"sigma":0.051}},{"type":"Feature","geometry":{"type":"Polygon","coordinates":[[[-76.49499999999999,3.375],[-76.49,3.375],[-76.49,3.38],[-76.49499999999999,3.38],[-76.49499999999999,3.375]]]},"properties":{"value":0.1917,"sigma":0.0507}},{"type":"Feature","geometry":{"type":"Polygon","coordinates":[[[-76.49,3.375],[-76.485,3.375],[-76.485,3.38],[-76.49,3.38],[-76.49,3.375]]]},"properties":{"value":0.1868,"sigma":0.0529}},{"type":"Feature","geometry":{"type":"Polygon","coordinates":[[[-76.48499999999999,3.375],[-76.47999999999999,3.375],[-76.47999999999999,3.38],[-76.48499999999999,3.38],[-76.48499999999999,3.375]]]},"properties":{"value":0.1837,"sigma":0.055}},{"type":"Feature","geometry":{"type":"Polygon","coordinates":[[[-76.47999999999999,3.375],[-76.475,3.375],[-76.475,3.38],[-76.47999999999999,3.38],[-76.47999999999999,3.375]]]},"properties":{"value":0.1832,"sigma":0.053}},{"type":"Feature","geometry":{"type":"Polygon","coordinates":[[[-76.475,3.375],[-76.47,3.375],[-76.47,3.38],[-76.475,3.38],[-76.475,3.375]]]},"properties":{"value":0.1957,"sigma":0.0487}},{"type":"Feature","geometry":{"type":"Polygon","coordinates":[[[-76.47,3.375],[-76.465,3.375],[-76.465,3.38],[-76.47,3.38],[-76.47,3.375]]]},"properties":{"value":0.178,"sigma":0.0587}},{"type":"Feature","geometry":{"type":"Polygon","coordinates":[[[-76.46499999999999,3.375],[-76.46,3.375],[-76.46,3.38],[-76.46499999999999,3.38],[-76.46499999999999,3.375]]]},"properties":{"value":0.179,"sigma":0.058}},{"type":"Feature","geometry":{"type":"Polygon","coordinates":[[[-76.46,3.375],[-76.455,3.375],[-76.455,3.38],[-76.46,3.38],[-76.46,3.375]]]},"properties":{"value":0.1705,"sigma":0.0623}},{"type":"Feature","geometry":{"type":"Polygon","coordinates":[[[-76.455,3.375],[-76.45,3.375],[-76.45,3.38],[-76.455,3.38],[-76.455,3.375]]]},"properties":{"value":0.1762,"sigma":0.0555}},{"type":"Feature","geometry":{"type":"Polygon","coordinates":[[[-76.44999999999999,3.375],[-76.445,3.375],[-76.445,3.38],[-76.44999999999999,3.38],[-76.44999999999999,3.375]]]},"properties":{"value":0.1898,"sigma":0.0621}},{"type":"Feature","geometry":{"type":"Polygon","coordinates":[[[-76.445,3.375],[-76.44,3.375],[-76.44,3.38],[-76.445,3.38],[-76.445,3.375]]]},"properties":{"value":0.1835,"sigma":0.0675}},{"type":"Feature","geometry":{"type":"Polygon","coordinates":[[[-76.44,3.375],[-76.435,3.375],[-76.435,3.38],[-76.44,3.38],[-76.44,3.375]]]},"properties":{"value":0.1759,"sigma":0.068}},{"type":"Feature","geometry":{"type":"Polygon","coordinates":[[[-76.43499999999999,3.375],[-76.42999999999999,3.375],[-76.42999999999999,3.38],[-76.43499999999999,3.38],[-76.43499999999999,3.375]]]},"properties":{"value":0.1724,"sigma":0.0698}},{"type":"Feature","geometry":{"type":"Polygon","coordinates":[[[-76.42999999999999,3.375],[-76.425,3.375],[-76.425,3.38],[-76.42999999999999,3.38],[-76.42999999999999,3.375]]]},"properties":{"value":0.1922,"sigma":0.0758}},{"type":"Feature","geometry":{"type":"Polygon","coordinates":[[[-76.425,3.375],[-76.42,3.375],[-76.42,3.38],[-76.425,3.38],[-76.425,3.375]]]},"properties":{"value":0.1688,"sigma":0.0745}},{"type":"Feature","geometry":{"type":"Polygon","coordinates":[[[-76.41999999999999,3.375],[-76.41499999999999,3.375],[-76.41499999999999,3.38],[-76.41999999999999,3.38],[-76.41999999999999,3.375]]]},"properties":{"value":0.1725,"sigma":0.0782}},{"type":"Feature","geometry":{"type":"Polygon","coordinates":[[[-76.41499999999999,3.375],[-76.41,3.375],[-76.41,3.38],[-76.41499999999999,3.38],[-76.41499999999999,3.375]]]},"properties":{"value":0.1803,"sigma":0.078}},{"type":"Feature","geometry":{"type":"Polygon","coordinates":[[[-76.41,3.375],[-76.405,3.375],[-76.405,3.38],[-76.41,3.38],[-76.41,3.375]]]},"properties":{"value":0.1897,"sigma":0.0812}},{"type":"Feature","geometry":{"type":"Polygon","coordinates":[[[-76.40499999999999,3.375],[-76.39999999999999,3.375],[-76.39999999999999,3.38],[-76.40499999999999,3.38],[-76.40499999999999,3.375]]]},"properties":{"value":0.1759,"sigma":0.0872}},{"type":"Feature","geometry":{"type":"Polygon","coordinates":[[[-76.6,3.38],[-76.595,3.38],[-76.595,3.385],[-76.6,3.385],[-76.6,3.38]]]},"properties":{"value":0.1851,"sigma":0.062}},{"type":"Feature","geometry":{"type":"Polygon","coordinates":[[[-76.595,3.38],[-76.59,3.38],[-76.59,3.385],[-76.595,3.385],[-76.595,3.38]]]},"properties":{"value":0.1834,"sigma":0.06}},{"type":"Feature","geometry":{"type":"Polygon","coordinates":[[[-76.58999999999999,3.38],[-76.585,3.38],[-76.585,3.385],[-76.58999999999999,3.385],[-76.58999999999999,3.38]]]},"properties":{"value":0.1817,"sigma":0.06}},{"type":"Feature","geometry":{"type":"Polygon","coordinates":[[[-76.585,3.38],[-76.58,3.38],[-76.58,3.385],[-76.585,3.385],[-76.585,3.38]]]},"properties":{"value":0.1756,"sigma":0.0568}},{"type":"Feature","geometry":{"type":"Polygon","coordinates":[[[-76.58,3.38],[-76.575,3.38],[-76.575,3.385],[-76.58,3.385],[-76.58,3.38]]]},"properties":{"value":0.1828,"sigma":0.0568}},{"type":"Feature","geometry":{"type":"Polygon","coordinates":[[[-76.57499999999999,3.38],[-76.57,3.38],[-76.57,3.385],[-76.57499999999999,3.385],[-76.57499999999999,3.38]]]},"properties":{"value":0.1913,"sigma":0.0529}},{"type":"Feature","geometry":{"type":"Polygon","coordinates":[[[-76.57,3.38],[-76.565,3.38],[-76.565,3.385],[-76.57,3.385],[-76.57,3.38]]]},"properties":{"value":0.1852,"sigma":0.0456}},{"type":"Feature","geometry":{"type":"Polygon","coordinates":[[[-76.565,3.38],[-76.56,3.38],[-76.56,3.385],[-76.565,3.385],[-76.565,3.38]]]},"properties":{"value":0.1764,"sigma":0.0495}},{"type":"Feature","geometry":{"type":"Polygon","coordinates":[[[-76.55999999999999,3.38],[-76.55499999999999,3.38],[-76.55499999999999,3.385],[-76.55999999999999,3.385],[-76.55999999999999,3.38]]]},"properties":{"value":0.1952,"sigma":0.0463}},{"type":"Feature","geometry":{"type":"Polygon","coordinates":[[[-76.55499999999999,3.38],[-76.55,3.38],[-76.55,3.385],[-76.55499999999999,3.385],[-76.55499999999999,3.38]]]},"properties":{"value":0.1904,"sigma":0.0457}},{"type":"Feature","geometry":{"type":"Polygon","coordinates":[[[-76.55,3.38],[-76.545,3.38],[-76.545,3.385],[-76.55,3.385],[-76.55,3.38]]]},"properties":{"value":0.1864,"sigma":0.0413}},{"type":"Feature","geometry":{"type":"Polygon","coordinates":[[[-76.54499999999999,3.38],[-76.53999999999999,3.38],[-76.53999999999999,3.385],[-76.54499999999999,3.385],[-76.54499999999999,3.38]]]},"properties":{"value":0.1889,"sigma":0.0372}},{"type":"Feature","geometry":{"type":"Polygon","coordinates":[[[-76.53999999999999,3.38],[-76.535,3.38],[-76.535,3.385],[-76.53999999999999,3.385],[-76.53999999999999,3.38]]]},"properties":{"value":0.2011,"sigma":0.035}},{"type":"Feature","geometry":{"type":"Polygon","coordinates":[[[-76.535,3.38],[-76.53,3.38],[-76.53,3.385],[-76.535,3.385],[-76.535,3.38]]]},"properties":{"value":0.191,"sigma":0.0345}},{"type":"Feature","geometry":{"type":"Polygon","coordinates":[[[-76.52999999999999,3.38],[-76.52499999999999,3.38],[-76.52499999999999,3.385],[-76.52999999999999,3.385],[-76.52999999999999,3.38]]]},"properties":{"value":0.1988,"sigma":0.0397}},{"type":"Feature","geometry":{"type":"Polygon","coordinates":[[[-76.52499999999999,3.38],[-76.52,3.38],[-76.52,3.385],[-76.52499999999999,3.385],[-76.52499999999999,3.38]]]},"properties":{"value":0.2025,"sigma":0.0363}},{"type":"Feature","geometry":{"type":"Polygon","coordinates":[[[-76.52,3.38],[-76.515,3.38],[-76.515,3.385],[-76.52,3.385],[-76.52,3.38]]]},"properties":{"value":0.1989,"sigma":0.039}},{"type":"Feature","geometry":{"type":"Polygon","coordinates":[[[-76.51499999999999,3.38],[-76.50999999999999,3.38],[-76.50999999999999,3.385],[-76.51499999999999,3.385],[-76.51499999999999,3.38]]]},"properties":{"value":0.1982,"sigma":0.0425}},{"type":"Feature","geometry":{"type":"Polygon","coordinates":[[[-76.50999999999999,3.38],[-76.505,3.38],[-76.505,3.385],[-76.50999999999999,3.385],[-76.50999999999999,3.38]]]},"properties":{"value":0.195,"sigma":0.0482}},{"type":"Feature","geometry":{"type":"Polygon","coordinates":[[[-76.505,3.38],[-76.5,3.38],[-76.5,3.385],[-76.505,3.385],[-76.505,3.38]]]},"properties":{"value":0.183,"sigma":0.0507}},{"type":"Feature","geometry":{"type":"Polygon","coordinates":[[[-76.49999999999999,3.38],[-76.49499999999999,3.38],[-76.49499999999999,3.385],[-76.49999999999999,3.385],[-76.49999999999999,3.38]]]},"properties":{"value":0.1901,"sigma":0.0471}},{"type":"Feature","geometry":{"type":"Polygon","coordinates":[[[-76.49499999999999,3.38],[-76.49,3.38],[-76.49,3.385],[-76.49499999999999,3.385],[-76.49499999999999,3.38]]]},"properties":{"value":0.1831,"sigma":0.0464}},{"type":"Feature","geometry":{"type":"Polygon","coordinates":[[[-76.49,3.38],[-76.485,3.38],[-76.485,3.385],[-76.49,3.385],[-76.49,3.38]]]},"properties":{"value":0.1809,"sigma":0.0495}},{"type":"Feature","geometry":{"type":"Polygon","coordinates":[[[-76.48499999999999,3.38],[-76.47999999999999,3.38],[-76.47999999999999,3.385],[-76.48499999999999,3.385],[-76.48499999999999,3.38]]]},"properties":{"value":0.1785,"sigma":0.0519}},{"type":"Feature","geometry":{"type":"Polygon","coordinates":[[[-76.47999999999999,3.38],[-76.475,3.38],[-76.475,3.385],[-76.47999999999999,3.385],[-76.47999999999999,3.38]]]},"properties":{"value":0.1933,"sigma":0.0495}},{"type":"Feature","geometry":{"type":"Polygon","coordinates":[[[-76.475,3.38],[-76.47,3.38],[-76.47,3.385],[-76.475,3.385],[-76.475,3.38]]]},"properties":{"value":0.1956,"sigma":0.0536}},{"type":"Feature","geometry":{"type":"Polygon","coordinates":[[[-76.47,3.38],[-76.465,3.38],[-76.465,3.385],[-76.47,3.385],[-76.47,3.38]]]},"properties":{"value":0.1759,"sigma":0.0527}},{"type":"Feature","geometry":{"type":"Polygon","coordinates":[[[-76.46499999999999,3.38],[-76.46,3.38],[-76.46,3.385],[-76.46499999999999,3.385],[-76.46499999999999,3.38]]]},"properties":{"value":0.187,"sigma":0.0585}},{"type":"Feature","geometry":{"type":"Polygon","coordinates":[[[-76.46,3.38],[-76.455,3.38],[-76.455,3.385],[-76.46,3.385],[-76.46,3.38]]]},"properties":{"value":0.1907,"sigma":0.0536}},{"type":"Feature","geometry":{"type":"Polygon","coordinates":[[[-76.455,3.38],[-76.45,3.38],[-76.45,3.385],[-76.455,3.385],[-76.455,3.38]]]},"properties":{"value":0.1718,"sigma":0.0604}},{"type":"Feature","geometry":{"type":"Polygon","coordinates":[[[-76.44999999999999,3.38],[-76.445,3.38],[-76.445,3.385],[-76.44999999999999,3.385],[-76.44999999999999,3.38]]]},"properties":{"value":0.1791,"sigma":0.065}},{"type":"Feature","geometry":{"type":"Polygon","coordinates":[[[-76.445,3.38],[-76.44,3.38],[-76.44,3.385],[-76.445,3.385],[-76.445,3.38]]]},"properties":{"value":0.1762,"sigma":0.064}},{"type":"Feature","geometry":{"type":"Polygon","coordinates":[[[-76.44,3.38],[-76.435,3.38],[-76.435,3.385],[-76.44,3.385],[-76.44,3.38]]]},"properties":{"value":0.1669,"sigma":0.0642}},{"type":"Feature","geometry":{"type":"Polygon","coordinates":[[[-76.43499999999999,3.38],[-76.42999999999999,3.38],[-76.42999999999999,3.385],[-76.43499999999999,3.385],[-76.43499999999999,3.38]]]},"properties":{"value":0.1805,"sigma":0.0644}},{"type":"Feature","geometry":{"type":"Polygon","coordinates":[[[-76.42999999999999,3.38],[-76.425,3.38],[-76.425,3.385],[-76.42999999999999,3.385],[-76.42999999999999,3.38]]]},"properties":{"value":0.178,"sigma":0.0712}},{"type":"Feature","geometry":{"type":"Polygon","coordinates":[[[-76.425,3.38],[-76.42,3.38],[-76.42,3.385],[-76.425,3.385],[-76.425,3.38]]]},"properties":{"value":0.1792,"sigma":0.0803}},{"type":"Feature","geometry":{"type":"Polygon","coordinates":[[[-76.41999999999999,3.38],[-76.41499999999999,3.38],[-76.41499999999999,3.385],[-76.41999999999999,3.385],[-76.41999999999999,3.38]]]},"properties":{"value":0.1759,"sigma":0.0789}},{"type":"Feature","geometry":{"type":"Polygon","coordinates":[[[-76.41499999999999,3.38],[-76.41,3.38],[-76.41,3.385],[-76.41499999999999,3.385],[-76.41499999999999,3.38]]]},"properties":{"value":0.1761,"sigma":0.0793}},{"type":"Feature","geometry":{"type":"Polygon","coordinates":[[[-76.41,3.38],[-76.405,3.38],[-76.405,3.385],[-76.41,3.385],[-76.41,3.38]]]},"properties":{"value":0.1772,"sigma":0.0838}},{"type":"Feature","geometry":{"type":"Polygon","coordinates":[[[-76.40499999999999,3.38],[-76.39999999999999,3.38],[-76.39999999999999,3.385],[-76.40499999999999,3.385],[-76.40499999999999,3.38]]]},"properties":{"value":0.1757,"sigma":0.0824}},{"type":"Feature","geometry":{"type":"Polygon","coordinates":[[[-76.6,3.385],[-76.595,3.385],[-76.595,3.3899999999999997],[-76.6,3.3899999999999997],[-76.6,3.385]]]},"properties":{"value":0.1944,"sigma":0.0659}},{"type":"Feature","geometry":{"type":"Polygon","coordinates":[[[-76.595,3.385],[-76.59,3.385],[-76.59,3.3899999999999997],[-76.595,3.3899999999999997],[-76.595,3.385]]]},"properties":{"value":0.1786,"sigma":0.0616}},{"type":"Feature","geometry":{"type":"Polygon","coordinates":[[[-76.58999999999999,3.385],[-76.585,3.385],[-76.585,3.3899999999999997],[-76.58999999999999,3.3899999999999997],[-76.58999999999999,3.385]]]},"properties":{"value":0.192,"sigma":0.0609}},{"type":"Feature","geometry":{"type":"Polygon","coordinates":[[[-76.585,3.385],[-76.58,3.385],[-76.58,3.3899999999999997],[-76.585,3.3899999999999997],[-76.585,3.385]]]},"properties":{"value":0.1817,"sigma":0.0598}},{"type":"Feature","geometry":{"type":"Polygon","coordinates":[[[-76.58,3.385],[-76.575,3.385],[-76.575,3.3899999999999997],[-76.58,3.3899999999999997],[-76.58,3.385]]]},"properties":{"value":0.1797,"sigma":0.0592}},{"type":"Feature","geometry":{"type":"Polygon","coordinates":[[[-76.57499999999999,3.385],[-76.57,3.385],[-76.57,3.3899999999999997],[-76.57499999999999,3.3899999999999997],[-76.57499999999999,3.385]]]},"properties":{"value":0.1814,"sigma":0.0489}},{"type":"Feature","geometry":{"type":"Polygon","coordinates":[[[-76.57,3.385],[-76.565,3.385],[-76.565,3.3899999999999997],[-76.57,3.3899999999999997],[-76.57,3.385]]]},"properties":{"value":0.1979,"sigma":0.0546}},{"type":"Feature","geometry":{"type":"Polygon","coordinates":[[[-76.565,3.385],[-76.56,3.385],[-76.56,3.3899999999999997],[-76.565,3.3899999999999997],[-76.565,3.385]]]},"properties":{"value":0.1858,"sigma":0.0437}},{"type":"Feature","geometry":{"type":"Polygon","coordinates":[[[-76.55999999999999,3.385],[-76.55499999999999,3.385],[-76.55499999999999,3.3899999999999997],[-76.55999999999999,3.3899999999999997],[-76.55999999999999,3.385]]]},"properties":{"value":0.1935,"sigma":0.0509}},{"type":"Feature","geometry":{"type":"Polygon","coordinates":[[[-76.55499999999999,3.385],[-76.55,3.385],[-76.55,3.3899999999999997],[-76.55499999999999,3.3899999999999997],[-76.55499999999999,3.385]]]},"properties":{"value":0.2009,"sigma":0.0418}},{"type":"Feature","geometry":{"type":"Polygon","coordinates":[[[-76.55,3.385],[-76.545,3.385],[-76.545,3.3899999999999997],[-76.55,3.3899999999999997],[-76.55,3.385]]]},"properties":{"value":0.1978,"sigma":0.0393}},{"type":"Feature","geometry":{"type":"Polygon","coordinates":[[[-76.54499999999999,3.385],[-76.53999999999999,3.385],[-76.53999999999999,3.3899999999999997],[-76.54499999999999,3.3899999999999997],[-76.54499999999999,3.385]]]},"properties":{"value":0.2128,"sigma":0.039}},{"type":"Feature","geometry":{"type":"Polygon","coordinates":[[[-76.53999999999999,3.385],[-76.535,3.385],[-76.535,3.3899999999999997],[-76.53999999999999,3.3899999999999997],[-76.53999999999999,3.385]]]},"properties":{"value":0.2029,"sigma":0.0388}},{"type":"Feature","geometry":{"type":"Polygon","coordinates":[[[-76.535,3.385],[-76.53,3.385],[-76.53,3.3899999999999997],[-76.535,3.3899999999999997],[-76.535,3.385]]]},"properties":{"value":0.2021,"sigma":0.0362}},{"type":"Feature","geometry":{"type":"Polygon","coordinates":[[[-76.52999999999999,3.385],[-76.52499999999999,3.385],[-76.52499999999999,3.3899999999999997],[-76.52999999999999,3.3899999999999997],[-76.52999999999999,3.385]]]},"properties":{"value":0.2131,"sigma":0.0345}},{"type":"Feature","geometry":{"type":"Polygon","coordinates":[[[-76.52499999999999,3.385],[-76.52,3.385],[-76.52,3.3899999999999997],[-76.52499999999999,3.3899999999999997],[-76.52499999999999,3.385]]]},"properties":{"value":0.2133,"sigma":0.0397}},{"type":"Feature","geometry":{"type":"Polygon","coordinates":[[[-76.52,3.385],[-76.515,3.385],[-76.515,3.3899999999999997],[-76.52,3.3899999999999997],[-76.52,3.385]]]},"properties":{"value":0.219,"sigma":0.0437}},{"type":"Feature","geometry":{"type":"Polygon","coordinates":[[[-76.51499999999999,3.385],[-76.50999999999999,3.385],[-76.50999999999999,3.3899999999999997],[-76.51499999999999,3.3899999999999997],[-76.51499999999999,3.385]]]},"properties":{"value":0.2076,"sigma":0.0487}},{"type":"Feature","geometry":{"type":"Polygon","coordinates":[[[-76.50999999999999,3.385],[-76.505,3.385],[-76.505,3.3899999999999997],[-76.50999999999999,3.3899999999999997],[-76.50999999999999,3.385]]]},"properties":{"value":0.1998,"sigma":0.0457}},{"type":"Feature","geometry":{"type":"Polygon","coordinates":[[[-76.505,3.385],[-76.5,3.385],[-76.5,3.3899999999999997],[-76.505,3.3899999999999997],[-76.505,3.385]]]},"properties":{"value":0.1979,"sigma":0.0476}},{"type":"Feature","geometry":{"type":"Polygon","coordinates":[[[-76.49999999999999,3.385],[-76.49499999999999,3.385],[-76.49499999999999,3.3899999999999997],[-76.49999999999999,3.3899999999999997],[-76.49999999999999,3.385]]]},"properties":{"value":0.1938,"sigma":0.0491}},{"type":"Feature","geometry":{"type":"Polygon","coordinates":[[[-76.49499999999999,3.385],[-76.49,3.385],[-76.49,3.3899999999999997],[-76.49499999999999,3.3899999999999997],[-76.49499999999999,3.385]]]},"properties":{"value":0.1864,"sigma":0.0473}},{"type":"Feature","geometry":{"type":"Polygon","coordinates":[[[-76.49,3.385],[-76.485,3.385],[-76.485,3.3899999999999997],[-76.49,3.3899999999999997],[-76.49,3.385]]]},"properties":{"value":0.1866,"sigma":0.0481}},{"type":"Feature","geometry":{"type":"Polygon","coordinates":[[[-76.48499999999999,3.385],[-76.47999999999999,3.385],[-76.47999999999999,3.3899999999999997],[-76.48499999999999,3.3899999999999997],[-76.48499999999999,3.385]]]},"properties":{"value":0.1859,"sigma":0.0481}},{"type":"Feature","geometry":{"type":"Polygon","coordinates":[[[-76.47999999999999,3.385],[-76.475,3.385],[-76.475,3.3899999999999997],[-76.47999999999999,3.3899999999999997],[-76.47999999999999,3.385]]]},"properties":{"value":0.1754,"sigma":0.0565}},{"type":"Feature","geometry":{"type":"Polygon","coordinates":[[[-76.475,3.385],[-76.47,3.385],[-76.47,3.3899999999999997],[-76.475,3.3899999999999997],[-76.475,3.385]]]},"properties":{"value":0.1843,"sigma":0.0493}},{"type":"Feature","geometry":{"type":"Polygon","coordinates":[[[-76.47,3.385],[-76.465,3.385],[-76.465,3.3899999999999997],[-76.47,3.3899999999999997],[-76.47,3.385]]]},"properties":{"value":0.182,"sigma":0.0547}},{"type":"Feature","geometry":{"type":"Polygon","coordinates":[[[-76.46499999999999,3.385],[-76.46,3.385],[-76.46,3.3899999999999997],[-76.46499999999999,3.3899999999999997],[-76.46499999999999,3.385]]]},"properties":{"value":0.1734,"sigma":0.0546}},{"type":"Feature","geometry":{"type":"Polygon","coordinates":[[[-76.46,3.385],[-76.455,3.385],[-76.455,3.3899999999999997],[-76.46,3.3899999999999997],[-76.46,3.385]]]},"properties":{"value":0.1881,"sigma":0.0562}},{"type":"Feature","geometry":{"type":"Polygon","coordinates":[[[-76.455,3.385],[-76.45,3.385],[-76.45,3.3899999999999997],[-76.455,3.3899999999999997],[-76.455,3.385]]]},"properties":{"value":0.1665,"sigma":0.0563}},{"type":"Feature","geometry":{"type":"Polygon","coordinates":[[[-76.44999999999999,3.385],[-76.445,3.385],[-76.445,3.3899999999999997],[-76.44999999999999,3.3899999999999997],[-76.44999999999999,3.385]]]},"properties":{"value":0.1682,"sigma":0.0583}},{"type":"Feature","geometry":{"type":"Polygon","coordinates":[[[-76.445,3.385],[-76.44,3.385],[-76.44,3.3899999999999997],[-76.445,3.3899999999999997],[-76.445,3.385]]]},"properties":{"value":0.1867,"sigma":0.06}},{"type":"Feature","geometry":{"type":"Polygon","coordinates":[[[-76.44,3.385],[-76.435,3.385],[-76.435,3.3899999999999997],[-76.44,3.3899999999999997],[-76.44,3.385]]]},"properties":{"value":0.184,"sigma":0.0642}},{"type":"Feature","geometry":{"type":"Polygon","coordinates":[[[-76.43499999999999,3.385],[-76.42999999999999,3.385],[-76.42999999999999,3.3899999999999997],[-76.43499999999999,3.3899999999999997],[-76.43499999999999,3.385]]]},"properties":{"value":0.1783,"sigma":0.064}},{"type":"Feature","geometry":{"type":"Polygon","coordinates":[[[-76.42999999999999,3.385],[-76.425,3.385],[-76.425,3.3899999999999997],[-76.42999999999999,3.3899999999999997],[-76.42999999999999,3.385]]]},"properties":{"value":0.1943,"sigma":0.0718}},{"type":"Feature","geometry":{"type":"Polygon","coordinates":[[[-76.425,3.385],[-76.42,3.385],[-76.42,3.3899999999999997],[-76.425,3.3899999999999997],[-76.425,3.385]]]},"properties":{"value":0.1837,"sigma":0.0666}},{"type":"Feature","geometry":{"type":"Polygon","coordinates":[[[-76.41999999999999,3.385],[-76.41499999999999,3.385],[-76.41499999999999,3.3899999999999997],[-76.41999999999999,3.3899999999999997],[-76.41999999999999,3.385]]]},"properties":{"value":0.1749,"sigma":0.0762}},{"type":"Feature","geometry":{"type":"Polygon","coordinates":[[[-76.41499999999999,3.385],[-76.41,3.385],[-76.41,3.3899999999999997],[-76.41499999999999,3.3899999999999997],[-76.41499999999999,3.385]]]},"properties":{"value":0.1772,"sigma":0.0785}},{"type":"Feature","geometry":{"type":"Polygon","coordinates":[[[-76.41,3.385],[-76.405,3.385],[-76.405,3.3899999999999997],[-76.41,3.3899999999999997],[-76.41,3.385]]]},"properties":{"value":0.1818,"sigma":0.0772}},{"type":"Feature","geometry":{"type":"Polygon","coordinates":[[[-76.40499999999999,3.385],[-76.39999999999999,3.385],[-76.39999999999999,3.3899999999999997],[-76.40499999999999,3.3899999999999997],[-76.40499999999999,3.385]]]},"properties":{"value":0.1853,"sigma":0.0809}},{"type":"Feature","geometry":{"type":"Polygon","coordinates":[[[-76.6,3.3899999999999997],[-76.595,3.3899999999999997],[-76.595,3.3949999999999996],[-76.6,3.3949999999999996],[-76.6,3.3899999999999997]]]},"properties":{"value":0.1892,"sigma":0.0686}},{"type":"Feature","geometry":{"type":"Polygon","coordinates":[[[-76.595,3.3899999999999997],[-76.59,3.3899999999999997],[-76.59,3.3949999999999996],[-76.595,3.3949999999999996],[-76.595,3.3899999999999997]]]},"properties":{"value":0.1841,"sigma":0.0676}},{"type":"Feature","geometry":{"type":"Polygon","coordinates":[[[-76.58999999999999,3.3899999999999997],[-76.585,3.3899999999999997],[-76.585,3.3949999999999996],[-76.58999999999999,3.3949999999999996],[-76.58999999999999,3.3899999999999997]]]},"properties":{"value":0.1709,"sigma":0.0602}},{"type":"Feature","geometry":{"type":"Polygon","coordinates":[[[-76.585,3.3899999999999997],[-76.58,3.3899999999999997],[-76.58,3.3949999999999996],[-76.585,3.3949999999999996],[-76.585,3.3899999999999997]]]},"properties":{"value":0.178,"sigma":0.0599}},{"type":"Feature","geometry":{"type":"Polygon","coordinates":[[[-76.58,3.3899999999999997],[-76.575,3.3899999999999997],[-76.575,3.3949999999999996],[-76.58,3.3949999999999996],[-76.58,3.3899999999999997]]]},"properties":{"value":0.1942,"sigma":0.0547}},{"type":"Feature","geometry":{"type":"Polygon","coordinates":[[[-76.57499999999999,3.3899999999999997],[-76.57,3.3899999999999997],[-76.57,3.3949999999999996],[-76.57499999999999,3.3949999999999996],[-76.57499999999999,3.3899999999999997]]]},"properties":{"value":0.1849,"sigma":0.0511}},{"type":"Feature","geometry":{"type":"Polygon","coordinates":[[[-76.57,3.3899999999999997],[-76.565,3.3899999999999997],[-76.565,3.3949999999999996],[-76.57,3.3949999999999996],[-76.57,3.3899999999999997]]]},"properties":{"value":0.1896,"sigma":0.0546}},{"type":"Feature","geometry":{"type":"Polygon","coordinates":[[[-76.565,3.3899999999999997],[-76.56,3.3899999999999997],[-76.56,3.3949999999999996],[-76.565,3.3949999999999996],[-76.565,3.3899999999999997]]]},"properties":{"value":0.1922,"sigma":0.0495}},{"type":"Feature","geometry":{"type":"Polygon","coordinates":[[[-76.55999999999999,3.3899999999999997],[-76.55499999999999,3.3899999999999997],[-76.55499999999999,3.3949999999999996],[-76.55999999999999,3.3949999999999996],[-76.55999999999999,3.3899999999999997]]]},"properties":{"value":0.189,"sigma":0.0456}},{"type":"Feature","geometry":{"type":"Polygon","coordinates":[[[-76.55499999999999,3.3899999999999997],[-76.55,3.3899999999999997],[-76.55,3.3949999999999996],[-76.55499999999999,3.3949999999999996],[-76.55499999999999,3.3899999999999997]]]},"properties":{"value":0.2043,"sigma":0.0471}},{"type":"Feature","geometry":{"type":"Polygon","coordinates":[[[-76.55,3.3899999999999997],[-76.545,3.3899999999999997],[-76.545,3.3949999999999996],[-76.55,3.3949999999999996],[-76.55,3.3899999999999997]]]},"properties":{"value":0.2178,"sigma":0.044}},{"type":"Feature","geometry":{"type":"Polygon","coordinates":[[[-76.54499999999999,3.3899999999999997],[-76.53999999999999,3.3899999999999997],[-76.53999999999999,3.3949999999999996],[-76.54499999999999,3.3949999999999996],[-76.54499999999999,3.3899999999999997]]]},"properties":{"value":0.2127,"sigma":0.0411}},{"type":"Feature","geometry":{"type":"Polygon","coordinates":[[[-76.53999999999999,3.3899999999999997],[-76.535,3.3899999999999997],[-76.535,3.3949999999999996],[-76.53999999999999,3.3949999999999996],[-76.53999999999999,3.3899999999999997]]]},"properties":{"value":0.2141,"sigma":0.0446}},{"type":"Feature","geometry":{"type":"Polygon","coordinates":[[[-76.535,3.3899999999999997],[-76.53,3.3899999999999997],[-76.53,3.3949999999999996],[-76.535,3.3949999999999996],[-76.535,3.3899999999999997]]]},"properties":{"value":0.2222,"sigma":0.0427}},{"type":"Feature","geometry":{"type":"Polygon","coordinates":[[[-76.52999999999999,3.3899999999999997],[-76.52499999999999,3.3899999999999997],[-76.52499999999999,3.3949999999999996],[-76.52999999999999,3.3949999999999996],[-76.52999999999999,3.3899999999999997]]]},"properties":{"value":0.2231,"sigma":0.0379}},{"type":"Feature","geometry":{"type":"Polygon","coordinates":[[[-76.52499999999999,3.3899999999999997],[-76.52,3.3899999999999997],[-76.52,3.3949999999999996],[-76.52499999999999,3.3949999999999996],[-76.52499999999999,3.3899999999999997]]]},"properties":{"value":0.2181,"sigma":0.044}},{"type":"Feature","geometry":{"type":"Polygon","coordinates":[[[-76.52,3.3899999999999997],[-76.515,3.3899999999999997],[-76.515,3.3949999999999996],[-76.52,3.3949999999999996],[-76.52,3.3899999999999997]]]},"properties":{"value":0.2118,"sigma":0.042}},{"type":"Feature","geometry":{"type":"Polygon","coordinates":[[[-76.51499999999999,3.3899999999999997],[-76.50999999999999,3.3899999999999997],[-76.50999999999999,3.3949999999999996],[-76.51499999999999,3.3949999999999996],[-76.51499999999999,3.3899999999999997]]]},"properties":{"value":0.22,"sigma":0.0453}},{"type":"Feature","geometry":{"type":"Polygon","coordinates":[[[-76.50999999999999,3.3899999999999997],[-76.505,3.3899999999999997],[-76.505,3.3949999999999996],[-76.50999999999999,3.3949999999999996],[-76.50999999999999,3.3899999999999997]]]},"properties":{"value":0.2078,"sigma":0.0491}},{"type":"Feature","geometry":{"type":"Polygon","coordinates":[[[-76.505,3.3899999999999997],[-76.5,3.3899999999999997],[-76.5,3.3949999999999996],[-76.505,3.3949999999999996],[-76.505,3.3899999999999997]]]},"properties":{"value":0.1921,"sigma":0.0437}},{"type":"Feature","geometry":{"type":"Polygon","coordinates":[[[-76.49999999999999,3.3899999999999997],[-76.49499999999999,3.3899999999999997],[-76.49499999999999,3.3949999999999996],[-76.49999999999999,3.3949999999999996],[-76.49999999999999,3.3899999999999997]]]},"properties":{"value":0.1975,"sigma":0.0454}},{"type":"Feature","geometry":{"type":"Polygon","coordinates":[[[-76.49499999999999,3.3899999999999997],[-76.49,3.3899999999999997],[-76.49,3.3949999999999996],[-76.49499999999999,3.3949999999999996],[-76.49499999999999,3.3899999999999997]]]},"properties":{"value":0.1902,"sigma":0.0442}},{"type":"Feature","geometry":{"type":"Polygon","coordinates":[[[-76.49,3.3899999999999997],[-76.485,3.3899999999999997],[-76.485,3.3949999999999996],[-76.49,3.3949999999999996],[-76.49,3.3899999999999997]]]},"properties":{"value":0.1899,"sigma":0.0499}},{"type":"Feature","geometry":{"type":"Polygon","coordinates":[[[-76.48499999999999,3.3899999999999997],[-76.47999999999999,3.3899999999999997],[-76.47999999999999,3.3949999999999996],[-76.48499999999999,3.3949999999999996],[-76.48499999999999,3.3899999999999997]]]},"properties":{"value":0.1939,"sigma":0.0411}},{"type":"Feature","geometry":{"type":"Polygon","coordinates":[[[-76.47999999999999,3.3899999999999997],[-76.475,3.3899999999999997],[-76.475,3.3949999999999996],[-76.47999999999999,3.3949999999999996],[-76.47999999999999,3.3899999999999997]]]},"properties":{"value":0.1829,"sigma":0.046}},{"type":"Feature","geometry":{"type":"Polygon","coordinates":[[[-76.475,3.3899999999999997],[-76.47,3.3899999999999997],[-76.47,3.3949999999999996],[-76.475,3.3949999999999996],[-76.475,3.3899999999999997]]]},"properties":{"value":0.181,"sigma":0.0467}},{"type":"Feature","geometry":{"type":"Polygon","coordinates":[[[-76.47,3.3899999999999997],[-76.465,3.3899999999999997],[-76.465,3.3949999999999996],[-76.47,3.3949999999999996],[-76.47,3.3899999999999997]]]},"properties":{"value":0.1783,"sigma":0.0507}},{"type":"Feature","geometry":{"type":"Polygon","coordinates":[[[-76.46499999999999,3.3899999999999997],[-76.46,3.3899999999999997],[-76.46,3.3949999999999996],[-76.46499999999999,3.3949999999999996],[-76.46499999999999,3.3899999999999997]]]},"properties":{"value":0.1729,"sigma":0.0497}},{"type":"Feature","geometry":{"type":"Polygon","coordinates":[[[-76.46,3.3899999999999997],[-76.455,3.3899999999999997],[-76.455,3.3949999999999996],[-76.46,3.3949999999999996],[-76.46,3.3899999999999997]]]},"properties":{"value":0.1838,"sigma":0.055}},{"type":"Feature","geometry":{"type":"Polygon","coordinates":[[[-76.455,3.3899999999999997],[-76.45,3.3899999999999997],[-76.45,3.3949999999999996],[-76.455,3.3949999999999996],[-76.455,3.3899999999999997]]]},"properties":{"value":0.1868,"sigma":0.0569}},{"type":"Feature","geometry":{"type":"Polygon","coordinates":[[[-76.44999999999999,3.3899999999999997],[-76.445,3.3899999999999997],[-76.445,3.3949999999999996],[-76.44999999999999,3.3949999999999996],[-76.44999999999999,3.3899999999999997]]]},"properties":{"value":0.171,"sigma":0.0624}},{"type":"Feature","geometry":{"type":"Polygon","coordinates":[[[-76.445,3.3899999999999997],[-76.44,3.3899999999999997],[-76.44,3.3949999999999996],[-76.445,3.3949999999999996],[-76.445,3.3899999999999997]]]},"properties":{"value":0.178,"sigma":0.0676}},{"type":"Feature","geometry":{"type":"Polygon","coordinates":[[[-76.44,3.3899999999999997],[-76.435,3.3899999999999997],[-76.435,3.3949999999999996],[-76.44,3.3949999999999996],[-76.44,3.3899999999999997]]]},"properties":{"value":0.1832,"sigma":0.0681}},{"type":"Feature","geometry":{"type":"Polygon","coordinates":[[[-76.43499999999999,3.3899999999999997],[-76.42999999999999,3.3899999999999997],[-76.42999999999999,3.3949999999999996],[-76.43499999999999,3.3949999999999996],[-76.43499999999999,3.3899999999999997]]]},"properties":{"value":0.1841,"sigma":0.0674}},{"type":"Feature","geometry":{"type":"Polygon","coordinates":[[[-76.42999999999999,3.3899999999999997],[-76.425,3.3899999999999997],[-76.425,3.3949999999999996],[-76.42999999999999,3.3949999999999996],[-76.42999999999999,3.3899999999999997]]]},"properties":{"value":0.1834,"sigma":0.0706}},{"type":"Feature","geometry":{"type":"Polygon","coordinates":[[[-76.425,3.3899999999999997],[-76.42,3.3899999999999997],[-76.42,3.3949999999999996],[-76.425,3.3949999999999996],[-76.425,3.3899999999999997]]]},"properties":{"value":0.1711,"sigma":0.071}},{"type":"Feature","geometry":{"type":"Polygon","coordinates":[[[-76.41999999999999,3.3899999999999997],[-76.41499999999999,3.3899999999999997],[-76.41499999999999,3.3949999999999996],[-76.41999999999999,3.3949999999999996],[-76.41999999999999,3.3899999999999997]]]},"properties":{"value":0.1789,"sigma":0.0759}},{"type":"Feature","geometry":{"type":"Polygon","coordinates":[[[-76.41499999999999,3.3899999999999997],[-76.41,3.3899999999999997],[-76.41,3.3949999999999996],[-76.41499999999999,3.3949999999999996],[-76.41499999999999,3.3899999999999997]]]},"properties":{"value":0.1859,"sigma":0.0807}},{"type":"Feature","geometry":{"type":"Polygon","coordinates":[[[-76.41,3.3899999999999997],[-76.405,3.3899999999999997],[-76.405,3.3949999999999996],[-76.41,3.3949999999999996],[-76.41,3.3899999999999997]]]},"properties":{"value":0.1765,"sigma":0.0738}},{"type":"Feature","geometry":{"type":"Polygon","coordinates":[[[-76.40499999999999,3.3899999999999997],[-76.39999999999999,3.3899999999999997],[-76.39999999999999,3.3949999999999996],[-76.40499999999999,3.3949999999999996],[-76.40499999999999,3.3899999999999997]]]},"properties":{"value":0.1901,"sigma":0.0839}},{"type":"Feature","geometry":{"type":"Polygon","coordinates":[[[-76.6,3.395],[-76.595,3.395],[-76.595,3.4],[-76.6,3.4],[-76.6,3.395]]]},"properties":{"value":0.1778,"sigma":0.0643}},{"type":"Feature","geometry":{"type":"Polygon","coordinates":[[[-76.595,3.395],[-76.59,3.395],[-76.59,3.4],[-76.595,3.4],[-76.595,3.395]]]},"properties":{"value":0.1909,"sigma":0.0656}},{"type":"Feature","geometry":{"type":"Polygon","coordinates":[[[-76.58999999999999,3.395],[-76.585,3.395],[-76.585,3.4],[-76.58999999999999,3.4],[-76.58999999999999,3.395]]]},"properties":{"value":0.198,"sigma":0.0623}},{"type":"Feature","geometry":{"type":"Polygon","coordinates":[[[-76.585,3.395],[-76.58,3.395],[-76.58,3.4],[-76.585,3.4],[-76.585,3.395]]]},"properties":{"value":0.1953,"sigma":0.0591}},{"type":"Feature","geometry":{"type":"Polygon","coordinates":[[[-76.58,3.395],[-76.575,3.395],[-76.575,3.4],[-76.58,3.4],[-76.58,3.395]]]},"properties":{"value":0.1836,"sigma":0.0593}},{"type":"Feature","geometry":{"type":"Polygon","coordinates":[[[-76.57499999999999,3.395],[-76.57,3.395],[-76.57,3.4],[-76.57499999999999,3.4],[-76.57499999999999,3.395]]]},"properties":{"value":0.189,"sigma":0.056}},{"type":"Feature","geometry":{"type":"Polygon","coordinates":[[[-76.57,3.395],[-76.565,3.395],[-76.565,3.4],[-76.57,3.4],[-76.57,3.395]]]},"properties":{"value":0.2038,"sigma":0.0507}},{"type":"Feature","geometry":{"type":"Polygon","coordinates":[[[-76.565,3.395],[-76.56,3.395],[-76.56,3.4],[-76.565,3.4],[-76.565,3.395]]]},"properties":{"value":0.202,"sigma":0.0464}},{"type":"Feature","geometry":{"type":"Polygon","coordinates":[[[-76.55999999999999,3.395],[-76.55499999999999,3.395],[-76.55499999999999,3.4],[-76.55999999999999,3.4],[-76.55999999999999,3.395]]]},"properties":{"value":0.2007,"sigma":0.0519}},{"type":"Feature","geometry":{"type":"Polygon","coordinates":[[[-76.55499999999999,3.395],[-76.55,3.395],[-76.55,3.4],[-76.55499999999999,3.4],[-76.55499999999999,3.395]]]},"properties":{"value":0.2077,"sigma":0.0428}},{"type":"Feature","geometry":{"type":"Polygon","coordinates":[[[-76.55,3.395],[-76.545,3.395],[-76.545,3.4],[-76.55,3.4],[-76.55,3.395]]]},"properties":{"value":0.2135,"sigma":0.0494}},{"type":"Feature","geometry":{"type":"Polygon","coordinates":[[[-76.54499999999999,3.395],[-76.53999999999999,3.395],[-76.53999999999999,3.4],[-76.54499999999999,3.4],[-76.54499999999999,3.395]]]},"properties":{"value":0.2309,"sigma":0.0449}},{"type":"Feature","geometry":{"type":"Polygon","coordinates":[[[-76.53999999999999,3.395],[-76.535,3.395],[-76.535,3.4],[-76.53999999999999,3.4],[-76.53999999999999,3.395]]]},"properties":{"value":0.2364,"sigma":0.0406}},{"type":"Feature","geometry":{"type":"Polygon","coordinates":[[[-76.535,3.395],[-76.53,3.395],[-76.53,3.4],[-76.535,3.4],[-76.535,3.395]]]},"properties":{"value":0.228,"sigma":0.0417}},{"type":"Feature","geometry":{"type":"Polygon","coordinates":[[[-76.52999999999999,3.395],[-76.52499999999999,3.395],[-76.52499999999999,3.4],[-76.52999999999999,3.4],[-76.52999999999999,3.395]]]},"properties":{"value":0.2374,"sigma":0.0468}},{"type":"Feature","geometry":{"type":"Polygon","coordinates":[[[-76.52499999999999,3.395],[-76.52,3.395],[-76.52,3.4],[-76.52499999999999,3.4],[-76.52499999999999,3.395]]]},"properties":{"value":0.2322,"sigma":0.0443}},{"type":"Feature","geometry":{"type":"Polygon","coordinates":[[[-76.52,3.395],[-76.515,3.395],[-76.515,3.4],[-76.52,3.4],[-76.52,3.395]]]},"properties":{"value":0.2287,"sigma":0.0483}},{"type":"Feature","geometry":{"type":"Polygon","coordinates":[[[-76.51499999999999,3.395],[-76.50999999999999,3.395],[-76.50999999999999,3.4],[-76.51499999999999,3.4],[-76.51499999999999,3.395]]]},"properties":{"value":0.2281,"sigma":0.0455}},{"type":"Feature","geometry":{"type":"Polygon","coordinates":[[[-76.50999999999999,3.395],[-76.505,3.395],[-76.505,3.4],[-76.50999999999999,3.4],[-76.50999999999999,3.395]]]},"properties":{"value":0.2247,"sigma":0.0466}},{"type":"Feature","geometry":{"type":"Polygon","coordinates":[[[-76.505,3.395],[-76.5,3.395],[-76.5,3.4],[-76.505,3.4],[-76.505,3.395]]]},"properties":{"value":0.214,"sigma":0.0408}},{"type":"Feature","geometry":{"type":"Polygon","coordinates":[[[-76.49999999999999,3.395],[-76.49499999999999,3.395],[-76.49499999999999,3.4],[-76.49999999999999,3.4],[-76.49999999999999,3.395]]]},"properties":{"value":0.197,"sigma":0.0444}},{"type":"Feature","geometry":{"type":"Polygon","coordinates":[[[-76.49499999999999,3.395],[-76.49,3.395],[-76.49,3.4],[-76.49499999999999,3.4],[-76.49499999999999,3.395]]]},"properties":{"value":0.1992,"sigma":0.0436}},{"type":"Feature","geometry":{"type":"Polygon","coordinates":[[[-76.49,3.395],[-76.485,3.395],[-76.485,3.4],[-76.49,3.4],[-76.49,3.395]]]},"properties":{"value":0.1855,"sigma":0.0419}},{"type":"Feature","geometry":{"type":"Polygon","coordinates":[[[-76.48499999999999,3.395],[-76.47999999999999,3.395],[-76.47999999999999,3.4],[-76.48499999999999,3.4],[-76.48499999999999,3.395]]]},"properties":{"value":0.1963,"sigma":0.0392}},{"type":"Feature","geometry":{"type":"Polygon","coordinates":[[[-76.47999999999999,3.395],[-76.475,3.395],[-76.475,3.4],[-76.47999999999999,3.4],[-76.47999999999999,3.395]]]},"properties":{"value":0.1922,"sigma":0.0486}},{"type":"Feature","geometry":{"type":"Polygon","coordinates":[[[-76.475,3.395],[-76.47,3.395],[-76.47,3.4],[-76.475,3.4],[-76.475,3.395]]]},"properties":{"value":0.1779,"sigma":0.0477}},{"type":"Feature","geometry":{"type":"Polygon","coordinates":[[[-76.47,3.395],[-76.465,3.395],[-76.465,3.4],[-76.47,3.4],[-76.47,3.395]]]},"properties":{"value":0.1735,"sigma":0.049}},{"type":"Feature","geometry":{"type":"Polygon","coordinates":[[[-76.46499999999999,3.395],[-76.46,3.395],[-76.46,3.4],[-76.46499999999999,3.4],[-76.46499999999999,3.395]]]},"properties":{"value":0.1745,"sigma":0.0525}},{"type":"Feature","geometry":{"type":"Polygon","coordinates":[[[-76.46,3.395],[-76.455,3.395],[-76.455,3.4],[-76.46,3.4],[-76.46,3.395]]]},"properties":{"value":0.1798,"sigma":0.0517}},{"type":"Feature","geometry":{"type":"Polygon","coordinates":[[[-76.455,3.395],[-76.45,3.395],[-76.45,3.4],[-76.455,3.4],[-76.455,3.395]]]},"properties":{"value":0.1821,"sigma":0.0544}},{"type":"Feature","geometry":{"type":"Polygon","coordinates":[[[-76.44999999999999,3.395],[-76.445,3.395],[-76.445,3.4],[-76.44999999999999,3.4],[-76.44999999999999,3.395]]]},"properties":{"value":0.1731,"sigma":0.0588}},{"type":"Feature","geometry":{"type":"Polygon","coordinates":[[[-76.445,3.395],[-76.44,3.395],[-76.44,3.4],[-76.445,3.4],[-76.445,3.395]]]},"properties":{"value":0.1965,"sigma":0.0643}},{"type":"Feature","geometry":{"type":"Polygon","coordinates":[[[-76.44,3.395],[-76.435,3.395],[-76.435,3.4],[-76.44,3.4],[-76.44,3.395]]]},"properties":{"value":0.1833,"sigma":0.0633}},{"type":"Feature","geometry":{"type":"Polygon","coordinates":[[[-76.43499999999999,3.395],[-76.42999999999999,3.395],[-76.42999999999999,3.4],[-76.43499999999999,3.4],[-76.43499999999999,3.395]]]},"properties":{"value":0.1892,"sigma":0.0629}},{"type":"Feature","geometry":{"type":"Polygon","coordinates":[[[-76.42999999999999,3.395],[-76.425,3.395],[-76.425,3.4],[-76.42999999999999,3.4],[-76.42999999999999,3.395]]]},"properties":{"value":0.1772,"sigma":0.068}},{"type":"Feature","geometry":{"type":"Polygon","coordinates":[[[-76.425,3.395],[-76.42,3.395],[-76.42,3.4],[-76.425,3.4],[-76.425,3.395]]]},"properties":{"value":0.1743,"sigma":0.0677}},{"type":"Feature","geometry":{"type":"Polygon","coordinates":[[[-76.41999999999999,3.395],[-76.41499999999999,3.395],[-76.41499999999999,3.4],[-76.41999999999999,3.4],[-76.41999999999999,3.395]]]},"properties":{"value":0.1836,"sigma":0.0768}},{"type":"Feature","geometry":{"type":"Polygon","coordinates":[[[-76.41499999999999,3.395],[-76.41,3.395],[-76.41,3.4],[-76.41499999999999,3.4],[-76.41499999999999,3.395]]]},"properties":{"value":0.1755,"sigma":0.075}},{"type":"Feature","geometry":{"type":"Polygon","coordinates":[[[-76.41,3.395],[-76.405,3.395],[-76.405,3.4],[-76.41,3.4],[-76.41,3.395]]]},"properties":{"value":0.1925,"sigma":0.0797}},{"type":"Feature","geometry":{"type":"Polygon","coordinates":[[[-76.40499999999999,3.395],[-76.39999999999999,3.395],[-76.39999999999999,3.4],[-76.40499999999999,3.4],[-76.40499999999999,3.395]]]},"properties":{"value":0.1844,"sigma":0.0818}},{"type":"Feature","geometry":{"type":"Polygon","coordinates":[[[-76.6,3.4],[-76.595,3.4],[-76.595,3.405],[-76.6,3.405],[-76.6,3.4]]]},"properties":{"value":0.1913,"sigma":0.0666}},{"type":"Feature","geometry":{"type":"Polygon","coordinates":[[[-76.595,3.4],[-76.59,3.4],[-76.59,3.405],[-76.595,3.405],[-76.595,3.4]]]},"properties":{"value":0.193,"sigma":0.0662}},{"type":"Feature","geometry":{"type":"Polygon","coordinates":[[[-76.58999999999999,3.4],[-76.585,3.4],[-76.585,3.405],[-76.58999999999999,3.405],[-76.58999999999999,3.4]]]},"properties":{"value":0.1893,"sigma":0.0666}},{"type":"Feature","geometry":{"type":"Polygon","coordinates":[[[-76.585,3.4],[-76.58,3.4],[-76.58,3.405],[-76.585,3.405],[-76.585,3.4]]]},"properties":{"value":0.1912,"sigma":0.0629}},{"type":"Feature","geometry":{"type":"Polygon","coordinates":[[[-76.58,3.4],[-76.575,3.4],[-76.575,3.405],[-76.58,3.405],[-76.58,3.4]]]},"properties":{"value":0.1875,"sigma":0.0584}},{"type":"Feature","geometry":{"type":"Polygon","coordinates":[[[-76.57499999999999,3.4],[-76.57,3.4],[-76.57,3.405],[-76.57499999999999,3.405],[-76.57499999999999,3.4]]]},"properties":{"value":0.2067,"sigma":0.0579}},{"type":"Feature","geometry":{"type":"Polygon","coordinates":[[[-76.57,3.4],[-76.565,3.4],[-76.565,3.405],[-76.57,3.405],[-76.57,3.4]]]},"properties":{"value":0.2033,"sigma":0.0588}},{"type":"Feature","geometry":{"type":"Polygon","coordinates":[[[-76.565,3.4],[-76.56,3.4],[-76.56,3.405],[-76.565,3.405],[-76.565,3.4]]]},"properties":{"value":0.2062,"sigma":0.0518}},{"type":"Feature","geometry":{"type":"Polygon","coordinates":[[[-76.55999999999999,3.4],[-76.55499999999999,3.4],[-76.55499999999999,3.405],[-76.55999999999999,3.405],[-76.55999999999999,3.4]]]},"properties":{"value":0.2178,"sigma":0.0493}},{"type":"Feature","geometry":{"type":"Polygon","coordinates":[[[-76.55499999999999,3.4],[-76.55,3.4],[-76.55,3.405],[-76.55499999999999,3.405],[-76.55499999999999,3.4]]]},"properties":{"value":0.2237,"sigma":0.0487}},{"type":"Feature","geometry":{"type":"Polygon","coordinates":[[[-76.55,3.4],[-76.545,3.4],[-76.545,3.405],[-76.55,3.405],[-76.55,3.4]]]},"properties":{"value":0.2261,"sigma":0.0448}},{"type":"Feature","geometry":{"type":"Polygon","coordinates":[[[-76.54499999999999,3.4],[-76.53999999999999,3.4],[-76.53999999999999,3.405],[-76.54499999999999,3.405],[-76.54499999999999,3.4]]]},"properties":{"value":0.2397,"sigma":0.05}},{"type":"Feature","geometry":{"type":"Polygon","coordinates":[[[-76.53999999999999,3.4],[-76.535,3.4],[-76.535,3.405],[-76.53999999999999,3.405],[-76.53999999999999,3.4]]]},"properties":{"value":0.2411,"sigma":0.0428}},{"type":"Feature","geometry":{"type":"Polygon","coordinates":[[[-76.535,3.4],[-76.53,3.4],[-76.53,3.405],[-76.535,3.405],[-76.535,3.4]]]},"properties":{"value":0.249,"sigma":0.0453}},{"type":"Feature","geometry":{"type":"Polygon","coordinates":[[[-76.52999999999999,3.4],[-76.52499999999999,3.4],[-76.52499999999999,3.405],[-76.52999999999999,3.405],[-76.52999999999999,3.4]]]},"properties":{"value":0.2395,"sigma":0.0448}},{"type":"Feature","geometry":{"type":"Polygon","coordinates":[[[-76.52499999999999,3.4],[-76.52,3.4],[-76.52,3.405],[-76.52499999999999,3.405],[-76.52499999999999,3.4]]]},"properties":{"value":0.2564,"sigma":0.0472}},{"type":"Feature","geometry":{"type":"Polygon","coordinates":[[[-76.52,3.4],[-76.515,3.4],[-76.515,3.405],[-76.52,3.405],[-76.52,3.4]]]},"properties":{"value":0.2467,"sigma":0.0404}},{"type":"Feature","geometry":{"type":"Polygon","coordinates":[[[-76.51499999999999,3.4],[-76.50999999999999,3.4],[-76.50999999999999,3.405],[-76.51499999999999,3.405],[-76.51499999999999,3.4]]]},"properties":{"value":0.2505,"sigma":0.0449}},{"type":"Feature","geometry":{"type":"Polygon","coordinates":[[[-76.50999999999999,3.4],[-76.505,3.4],[-76.505,3.405],[-76.50999999999999,3.405],[-76.50999999999999,3.4]]]},"properties":{"value":0.227,"sigma":0.044}},{"type":"Feature","geometry":{"type":"Polygon","coordinates":[[[-76.505,3.4],[-76.5,3.4],[-76.5,3.405],[-76.505,3.405],[-76.505,3.4]]]},"properties":{"value":0.2079,"sigma":0.0425}},{"type":"Feature","geometry":{"type":"Polygon","coordinates":[[[-76.49999999999999,3.4],[-76.49499999999999,3.4],[-76.49499999999999,3.405],[-76.49999999999999,3.405],[-76.49999999999999,3.4]]]},"properties":{"value":0.2169,"sigma":0.0438}},{"type":"Feature","geometry":{"type":"Polygon","coordinates":[[[-76.49499999999999,3.4],[-76.49,3.4],[-76.49,3.405],[-76.49499999999999,3.405],[-76.49499999999999,3.4]]]},"properties":{"value":0.202,"sigma":0.0316}},{"type":"Feature","geometry":{"type":"Polygon","coordinates":[[[-76.49,3.4],[-76.485,3.4],[-76.485,3.405],[-76.49,3.405],[-76.49,3.4]]]},"properties":{"value":0.1956,"sigma":0.0398}},{"type":"Feature","geometry":{"type":"Polygon","coordinates":[[[-76.48499999999999,3.4],[-76.47999999999999,3.4],[-76.47999999999999,3.405],[-76.48499999999999,3.405],[-76.48499999999999,3.4]]]},"properties":{"value":0.1911,"sigma":0.0417}},{"type":"Feature","geometry":{"type":"Polygon","coordinates":[[[-76.47999999999999,3.4],[-76.475,3.4],[-76.475,3.405],[-76.47999999999999,3.405],[-76.47999999999999,3.4]]]},"properties":{"value":0.1931,"sigma":0.0449}},{"type":"Feature","geometry":{"type":"Polygon","coordinates":[[[-76.475,3.4],[-76.47,3.4],[-76.47,3.405],[-76.475,3.405],[-76.475,3.4]]]},"properties":{"value":0.1791,"sigma":0.0464}},{"type":"Feature","geometry":{"type":"Polygon","coordinates":[[[-76.47,3.4],[-76.465,3.4],[-76.465,3.405],[-76.47,3.405],[-76.47,3.4]]]},"properties":{"value":0.189,"sigma":0.0495}},{"type":"Feature","geometry":{"type":"Polygon","coordinates":[[[-76.46499999999999,3.4],[-76.46,3.4],[-76.46,3.405],[-76.46499999999999,3.405],[-76.46499999999999,3.4]]]},"properties":{"value":0.1956,"sigma":0.0537}},{"type":"Feature","geometry":{"type":"Polygon","coordinates":[[[-76.46,3.4],[-76.455,3.4],[-76.455,3.405],[-76.46,3.405],[-76.46,3.4]]]},"properties":{"value":0.1817,"sigma":0.053}},{"type":"Feature","geometry":{"type":"Polygon","coordinates":[[[-76.455,3.4],[-76.45,3.4],[-76.45,3.405],[-76.455,3.405],[-76.455,3.4]]]},"properties":{"value":0.1772,"sigma":0.0587}},{"type":"Feature","geometry":{"type":"Polygon","coordinates":[[[-76.44999999999999,3.4],[-76.445,3.4],[-76.445,3.405],[-76.44999999999999,3.405],[-76.44999999999999,3.4]]]},"properties":{"value":0.1795,"sigma":0.0573}},{"type":"Feature","geometry":{"type":"Polygon","coordinates":[[[-76.445,3.4],[-76.44,3.4],[-76.44,3.405],[-76.445,3.405],[-76.445,3.4]]]},"properties":{"value":0.1751,"sigma":0.0593}},{"type":"Feature","geometry":{"type":"Polygon","coordinates":[[[-76.44,3.4],[-76.435,3.4],[-76.435,3.405],[-76.44,3.405],[-76.44,3.4]]]},"properties":{"value":0.178,"sigma":0.063}},{"type":"Feature","geometry":{"type":"Polygon","coordinates":[[[-76.43499999999999,3.4],[-76.42999999999999,3.4],[-76.42999999999999,3.405],[-76.43499999999999,3.405],[-76.43499999999999,3.4]]]},"properties":{"value":0.1761,"sigma":0.0624}},{"type":"Feature","geometry":{"type":"Polygon","coordinates":[[[-76.42999999999999,3.4],[-76.425,3.4],[-76.425,3.405],[-76.42999999999999,3.405],[-76.42999999999999,3.4]]]},"properties":{"value":0.1755,"sigma":0.0678}},{"type":"Feature","geometry":{"type":"Polygon","coordinates":[[[-76.425,3.4],[-76.42,3.4],[-76.42,3.405],[-76.425,3.405],[-76.425,3.4]]]},"properties":{"value":0.1732,"sigma":0.0677}},{"type":"Feature","geometry":{"type":"Polygon","coordinates":[[[-76.41999999999999,3.4],[-76.41499999999999,3.4],[-76.41499999999999,3.405],[-76.41999999999999,3.405],[-76.41999999999999,3.4]]]},"properties":{"value":0.1685,"sigma":0.078}},{"type":"Feature","geometry":{"type":"Polygon","coordinates":[[[-76.41499999999999,3.4],[-76.41,3.4],[-76.41,3.405],[-76.41499999999999,3.405],[-76.41499999999999,3.4]]]},"properties":{"value":0.1742,"sigma":0.0765}},{"type":"Feature","geometry":{"type":"Polygon","coordinates":[[[-76.41,3.4],[-76.405,3.4],[-76.405,3.405],[-76.41,3.405],[-76.41,3.4]]]},"properties":{"value":0.1822,"sigma":0.0814}},{"type":"Feature","geometry":{"type":"Polygon","coordinates":[[[-76.40499999999999,3.4],[-76.39999999999999,3.4],[-76.39999999999999,3.405],[-76.40499999999999,3.405],[-76.40499999999999,3.4]]]},"properties":{"value":0.1811,"sigma":0.0802}},{"type":"Feature","geometry":{"type":"Polygon","coordinates":[[[-76.6,3.405],[-76.595,3.405],[-76.595,3.4099999999999997],[-76.6,3.4099999999999997],[-76.6,3.405]]]},"properties":{"value":0.1679,"sigma":0.0682}},{"type":"Feature","geometry":{"type":"Polygon","coordinates":[[[-76.595,3.405],[-76.59,3.405],[-76.59,3.4099999999999997],[-76.595,3.4099999999999997],[-76.595,3.405]]]},"properties":{"value":0.1757,"sigma":0.0691}},{"type":"Feature","geometry":{"type":"Polygon","coordinates":[[[-76.58999999999999,3.405],[-76.585,3.405],[-76.585,3.4099999999999997],[-76.58999999999999,3.4099999999999997],[-76.58999999999999,3.405]]]},"properties":{"value":0.195,"sigma":0.0683}},{"type":"Feature","geometry":{"type":"Polygon","coordinates":[[[-76.585,3.405],[-76.58,3.405],[-76.58,3.4099999999999997],[-76.585,3.4099999999999997],[-76.585,3.405]]]},"properties":{"value":0.1839,"sigma":0.06}},{"type":"Feature","geometry":{"type":"Polygon","coordinates":[[[-76.58,3.405],[-76.575,3.405],[-76.575,3.4099999999999997],[-76.58,3.4099999999999997],[-76.58,3.405]]]},"properties":{"value":0.1945,"sigma":0.0604}},{"type":"Feature","geometry":{"type":"Polygon","coordinates":[[[-76.57499999999999,3.405],[-76.57,3.405],[-76.57,3.4099999999999997],[-76.57499999999999,3.4099999999999997],[-76.57499999999999,3.405]]]},"properties":{"value":0.2084,"sigma":0.0585}},{"type":"Feature","geometry":{"type":"Polygon","coordinates":[[[-76.57,3.405],[-76.565,3.405],[-76.565,3.4099999999999997],[-76.57,3.4099999999999997],[-76.57,3.405]]]},"properties":{"value":0.2104,"sigma":0.0609}},{"type":"Feature","geometry":{"type":"Polygon","coordinates":[[[-76.565,3.405],[-76.56,3.405],[-76.56,3.4099999999999997],[-76.565,3.4099999999999997],[-76.565,3.405]]]},"properties":{"value":0.2111,"sigma":0.0507}},{"type":"Feature","geometry":{"type":"Polygon","coordinates":[[[-76.55999999999999,3.405],[-76.55499999999999,3.405],[-76.55499999999999,3.4099999999999997],[-76.55999999999999,3.4099999999999997],[-76.55999999999999,3.405]]]},"properties":{"value":0.2347,"sigma":0.0583}},{"type":"Feature","geometry":{"type":"Polygon","coordinates":[[[-76.55499999999999,3.405],[-76.55,3.405],[-76.55,3.4099999999999997],[-76.55499999999999,3.4099999999999997],[-76.55499999999999,3.405]]]},"properties":{"value":0.232,"sigma":0.0512}},{"type":"Feature","geometry":{"type":"Polygon","coordinates":[[[-76.55,3.405],[-76.545,3.405],[-76.545,3.4099999999999997],[-76.55,3.4099999999999997],[-76.55,3.405]]]},"properties":{"value":0.2462,"sigma":0.0472}},{"type":"Feature","geometry":{"type":"Polygon","coordinates":[[[-76.54499999999999,3.405],[-76.53999999999999,3.405],[-76.53999999999999,3.4099999999999997],[-76.54499999999999,3.4099999999999997],[-76.54499999999999,3.405]]]},"properties":{"value":0.254,"sigma":0.0491}},{"type":"Feature","geometry":{"type":"Polygon","coordinates":[[[-76.53999999999999,3.405],[-76.535,3.405],[-76.535,3.4099999999999997],[-76.53999999999999,3.4099999999999997],[-76.53999999999999,3.405]]]},"properties":{"value":0.2498,"sigma":0.042}},{"type":"Feature","geometry":{"type":"Polygon","coordinates":[[[-76.535,3.405],[-76.53,3.405],[-76.53,3.4099999999999997],[-76.535,3.4099999999999997],[-76.535,3.405]]]},"properties":{"value":0.2622,"sigma":0.0495}},{"type":"Feature","geometry":{"type":"Polygon","coordinates":[[[-76.52999999999999,3.405],[-76.52499999999999,3.405],[-76.52499999999999,3.4099999999999997],[-76.52999999999999,3.4099999999999997],[-76.52999999999999,3.405]]]},"properties":{"value":0.2613,"sigma":0.0416}},{"type":"Feature","geometry":{"type":"Polygon","coordinates":[[[-76.52499999999999,3.405],[-76.52,3.405],[-76.52,3.4099999999999997],[-76.52499999999999,3.4099999999999997],[-76.52499999999999,3.405]]]},"properties":{"value":0.2518,"sigma":0.0507}},{"type":"Feature","geometry":{"type":"Polygon","coordinates":[[[-76.52,3.405],[-76.515,3.405],[-76.515,3.4099999999999997],[-76.52,3.4099999999999997],[-76.52,3.405]]]},"properties":{"value":0.2484,"sigma":0.0449}},{"type":"Feature","geometry":{"type":"Polygon","coordinates":[[[-76.51499999999999,3.405],[-76.50999999999999,3.405],[-76.50999999999999,3.4099999999999997],[-76.51499999999999,3.4099999999999997],[-76.51499999999999,3.405]]]},"properties":{"value":0.2396,"sigma":0.0439}},{"type":"Feature","geometry":{"type":"Polygon","coordinates":[[[-76.50999999999999,3.405],[-76.505,3.405],[-76.505,3.4099999999999997],[-76.50999999999999,3.4099999999999997],[-76.50999999999999,3.405]]]},"properties":{"value":0.2311,"sigma":0.038}},{"type":"Feature","geometry":{"type":"Polygon","coordinates":[[[-76.505,3.405],[-76.5,3.405],[-76.5,3.4099999999999997],[-76.505,3.4099999999999997],[-76.505,3.405]]]},"properties":{"value":0.2211,"sigma":0.0397}},{"type":"Feature","geometry":{"type":"Polygon","coordinates":[[[-76.49999999999999,3.405],[-76.49499999999999,3.405],[-76.49499999999999,3.4099999999999997],[-76.49999999999999,3.4099999999999997],[-76.49999999999999,3.405]]]},"properties":{"value":0.2139,"sigma":0.037}},{"type":"Feature","geometry":{"type":"Polygon","coordinates":[[[-76.49499999999999,3.405],[-76.49,3.405],[-76.49,3.4099999999999997],[-76.49499999999999,3.4099999999999997],[-76.49499999999999,3.405]]]},"properties":{"value":0.2109,"sigma":0.0375}},{"type":"Feature","geometry":{"type":"Polygon","coordinates":[[[-76.49,3.405],[-76.485,3.405],[-76.485,3.4099999999999997],[-76.49,3.4099999999999997],[-76.49,3.405]]]},"properties":{"value":0.192,"sigma":0.0376}},{"type":"Feature","geometry":{"type":"Polygon","coordinates":[[[-76.48499999999999,3.405],[-76.47999999999999,3.405],[-76.47999999999999,3.4099999999999997],[-76.48499999999999,3.4099999999999997],[-76.48499999999999,3.405]]]},"properties":{"value":0.1856,"sigma":0.0453}},{"type":"Feature","geometry":{"type":"Polygon","coordinates":[[[-76.47999999999999,3.405],[-76.475,3.405],[-76.475,3.4099999999999997],[-76.47999999999999,3.4099999999999997],[-76.47999999999999,3.405]]]},"properties":{"value":0.1966,"sigma":0.0377}},{"type":"Feature","geometry":{"type":"Polygon","coordinates":[[[-76.475,3.405],[-76.47,3.405],[-76.47,3.4099999999999997],[-76.475,3.4099999999999997],[-76.475,3.405]]]},"properties":{"value":0.1768,"sigma":0.0473}},{"type":"Feature","geometry":{"type":"Polygon","coordinates":[[[-76.47,3.405],[-76.465,3.405],[-76.465,3.4099999999999997],[-76.47,3.4099999999999997],[-76.47,3.405]]]},"properties":{"value":0.1787,"sigma":0.0448}},{"type":"Feature","geometry":{"type":"Polygon","coordinates":[[[-76.46499999999999,3.405],[-76.46,3.405],[-76.46,3.4099999999999997],[-76.46499999999999,3.4099999999999997],[-76.46499999999999,3.405]]]},"properties":{"value":0.1804,"sigma":0.0509}},{"type":"Feature","geometry":{"type":"Polygon","coordinates":[[[-76.46,3.405],[-76.455,3.405],[-76.455,3.4099999999999997],[-76.46,3.4099999999999997],[-76.46,3.405]]]},"properties":{"value":0.1863,"sigma":0.053}},{"type":"Feature","geometry":{"type":"Polygon","coordinates":[[[-76.455,3.405],[-76.45,3.405],[-76.45,3.4099999999999997],[-76.455,3.4099999999999997],[-76.455,3.405]]]},"properties":{"value":0.1871,"sigma":0.0561}},{"type":"Feature","geometry":{"type":"Polygon","coordinates":[[[-76.44999999999999,3.405],[-76.445,3.405],[-76.445,3.4099999999999997],[-76.44999999999999,3.4099999999999997],[-76.44999999999999,3.405]]]},"properties":{"value":0.1809,"sigma":0.0593}},{"type":"Feature","geometry":{"type":"Polygon","coordinates":[[[-76.445,3.405],[-76.44,3.405],[-76.44,3.4099999999999997],[-76.445,3.4099999999999997],[-76.445,3.405]]]},"properties":{"value":0.1811,"sigma":0.0617}},{"type":"Feature","geometry":{"type":"Polygon","coordinates":[[[-76.44,3.405],[-76.435,3.405],[-76.435,3.4099999999999997],[-76.44,3.4099999999999997],[-76.44,3.405]]]},"properties":{"value":0.1868,"sigma":0.0648}},{"type":"Feature","geometry":{"type":"Polygon","coordinates":[[[-76.43499999999999,3.405],[-76.42999999999999,3.405],[-76.42999999999999,3.4099999999999997],[-76.43499999999999,3.4099999999999997],[-76.43499999999999,3.405]]]},"properties":{"value":0.1721,"sigma":0.0647}},{"type":"Feature","geometry":{"type":"Polygon","coordinates":[[[-76.42999999999999,3.405],[-76.425,3.405],[-76.425,3.4099999999999997],[-76.42999999999999,3.4099999999999997],[-76.42999999999999,3.405]]]},"properties":{"value":0.1909,"sigma":0.0673}},{"type":"Feature","geometry":{"type":"Polygon","coordinates":[[[-76.425,3.405],[-76.42,3.405],[-76.42,3.4099999999999997],[-76.425,3.4099999999999997],[-76.425,3.405]]]},"properties":{"value":0.1759,"sigma":0.0717}},{"type":"Feature","geometry":{"type":"Polygon","coordinates":[[[-76.41999999999999,3.405],[-76.41499999999999,3.405],[-76.41499999999999,3.4099999999999997],[-76.41999999999999,3.4099999999999997],[-76.41999999999999,3.405]]]},"properties":{"value":0.1853,"sigma":0.0683}},{"type":"Feature","geometry":{"type":"Polygon","coordinates":[[[-76.41499999999999,3.405],[-76.41,3.405],[-76.41,3.4099999999999997],[-76.41499999999999,3.4099999999999997],[-76.41499999999999,3.405]]]},"properties":{"value":0.185,"sigma":0.0772}},{"type":"Feature","geometry":{"type":"Polygon","coordinates":[[[-76.41,3.405],[-76.405,3.405],[-76.405,3.4099999999999997],[-76.41,3.4099999999999997],[-76.41,3.405]]]},"properties":{"value":0.1772,"sigma":0.0752}},{"type":"Feature","geometry":{"type":"Polygon","coordinates":[[[-76.40499999999999,3.405],[-76.39999999999999,3.405],[-76.39999999999999,3.4099999999999997],[-76.40499999999999,3.4099999999999997],[-76.40499999999999,3.405]]]},"properties":{"value":0.1933,"sigma":0.0802}},{"type":"Feature","geometry":{"type":"Polygon","coordinates":[[[-76.6,3.4099999999999997],[-76.595,3.4099999999999997],[-76.595,3.4149999999999996],[-76.6,3.4149999999999996],[-76.6,3.4099999999999997]]]},"properties":{"value":0.1828,"sigma":0.0671}},{"type":"Feature","geometry":{"type":"Polygon","coordinates":[[[-76.595,3.4099999999999997],[-76.59,3.4099999999999997],[-76.59,3.4149999999999996],[-76.595,3.4149999999999996],[-76.595,3.4099999999999997]]]},"properties":{"value":0.1808,"sigma":0.0658}},{"type":"Feature","geometry":{"type":"Polygon","coordinates":[[[-76.58999999999999,3.4099999999999997],[-76.585,3.4099999999999997],[-76.585,3.4149999999999996],[-76.58999999999999,3.4149999999999996],[-76.58999999999999,3.4099999999999997]]]},"properties":{"value":0.1906,"sigma":0.0672}},{"type":"Feature","geometry":{"type":"Polygon","coordinates":[[[-76.585,3.4099999999999997],[-76.58,3.4099999999999997],[-76.58,3.4149999999999996],[-76.585,3.4149999999999996],[-76.585,3.4099999999999997]]]},"properties":{"value":0.2118,"sigma":0.0617}},{"type":"Feature","geometry":{"type":"Polygon","coordinates":[[[-76.58,3.4099999999999997],[-76.575,3.4099999999999997],[-76.575,3.4149999999999996],[-76.58,3.4149999999999996],[-76.58,3.4099999999999997]]]},"properties":{"value":0.2111,"sigma":0.0628}},{"type":"Feature","geometry":{"type":"Polygon","coordinates":[[[-76.57499999999999,3.4099999999999997],[-76.57,3.4099999999999997],[-76.57,3.4149999999999996],[-76.57499999999999,3.4149999999999996],[-76.57499999999999,3.4099999999999997]]]},"properties":{"value":0.1957,"sigma":0.0602}},{"type":"Feature","geometry":{"type":"Polygon","coordinates":[[[-76.57,3.4099999999999997],[-76.565,3.4099999999999997],[-76.565,3.4149999999999996],[-76.57,3.4149999999999996],[-76.57,3.4099999999999997]]]},"properties":{"value":0.2207,"sigma":0.055}},{"type":"Feature","geometry":{"type":"Polygon","coordinates":[[[-76.565,3.4099999999999997],[-76.56,3.4099999999999997],[-76.56,3.4149999999999996],[-76.565,3.4149999999999996],[-76.565,3.4099999999999997]]]},"properties":{"value":0.2164,"sigma":0.0553}},{"type":"Feature","geometry":{"type":"Polygon","coordinates":[[[-76.55999999999999,3.4099999999999997],[-76.55499999999999,3.4099999999999997],[-76.55499999999999,3.4149999999999996],[-76.55999999999999,3.4149999999999996],[-76.55999999999999,3.4099999999999997]]]},"properties":{"value":0.2212,"sigma":0.0528}},{"type":"Feature","geometry":{"type":"Polygon","coordinates":[[[-76.55499999999999,3.4099999999999997],[-76.55,3.4099999999999997],[-76.55,3.4149999999999996],[-76.55499999999999,3.4149999999999996],[-76.55499999999999,3.4099999999999997]]]},"properties":{"value":0.2397,"sigma":0.0485}},{"type":"Feature","geometry":{"type":"Polygon","coordinates":[[[-76.55,3.4099999999999997],[-76.545,3.4099999999999997],[-76.545,3.4149999999999996],[-76.55,3.4149999999999996],[-76.55,3.4099999999999997]]]},"properties":{"value":0.2641,"sigma":0.0583}},{"type":"Feature","geometry":{"type":"Polygon","coordinates":[[[-76.54499999999999,3.4099999999999997],[-76.53999999999999,3.4099999999999997],[-76.53999999999999,3.4149999999999996],[-76.54499999999999,3.4149999999999996],[-76.54499999999999,3.4099999999999997]]]},"properties":{"value":0.2756,"sigma":0.0493}},{"type":"Feature","geometry":{"type":"Polygon","coordinates":[[[-76.53999999999999,3.4099999999999997],[-76.535,3.4099999999999997],[-76.535,3.4149999999999996],[-76.53999999999999,3.4149999999999996],[-76.53999999999999,3.4099999999999997]]]},"properties":{"value":0.2894,"sigma":0.0469}},{"type":"Feature","geometry":{"type":"Polygon","coordinates":[[[-76.535,3.4099999999999997],[-76.53,3.4099999999999997],[-76.53,3.4149999999999996],[-76.535,3.4149999999999996],[-76.535,3.4099999999999997]]]},"properties":{"value":0.2706,"sigma":0.0514}},{"type":"Feature","geometry":{"type":"Polygon","coordinates":[[[-76.52999999999999,3.4099999999999997],[-76.52499999999999,3.4099999999999997],[-76.52499999999999,3.4149999999999996],[-76.52999999999999,3.4149999999999996],[-76.52999999999999,3.4099999999999997]]]},"properties":{"value":0.2768,"sigma":0.0501}},{"type":"Feature","geometry":{"type":"Polygon","coordinates":[[[-76.52499999999999,3.4099999999999997],[-76.52,3.4099999999999997],[-76.52,3.4149999999999996],[-76.52499999999999,3.4149999999999996],[-76.52499999999999,3.4099999999999997]]]},"properties":{"value":0.2677,"sigma":0.0462}},{"type":"Feature","geometry":{"type":"Polygon","coordinates":[[[-76.52,3.4099999999999997],[-76.515,3.4099999999999997],[-76.515,3.4149999999999996],[-76.52,3.4149999999999996],[-76.52,3.4099999999999997]]]},"properties":{"value":0.2713,"sigma":0.0451}},{"type":"Feature","geometry":{"type":"Polygon","coordinates":[[[-76.51499999999999,3.4099999999999997],[-76.50999999999999,3.4099999999999997],[-76.50999999999999,3.4149999999999996],[-76.51499999999999,3.4149999999999996],[-76.51499999999999,3.4099999999999997]]]},"properties":{"value":0.2564,"sigma":0.0432}},{"type":"Feature","geometry":{"type":"Polygon","coordinates":[[[-76.50999999999999,3.4099999999999997],[-76.505,3.4099999999999997],[-76.505,3.4149999999999996],[-76.50999999999999,3.4149999999999996],[-76.50999999999999,3.4099999999999997]]]},"properties":{"value":0.2326,"sigma":0.0357}},{"type":"Feature","geometry":{"type":"Polygon","coordinates":[[[-76.505,3.4099999999999997],[-76.5,3.4099999999999997],[-76.5,3.4149999999999996],[-76.505,3.4149999999999996],[-76.505,3.4099999999999997]]]},"properties":{"value":0.229,"sigma":0.0397}},{"type":"Feature","geometry":{"type":"Polygon","coordinates":[[[-76.49999999999999,3.4099999999999997],[-76.49499999999999,3.4099999999999997],[-76.49499999999999,3.4149999999999996],[-76.49999999999999,3.4149999999999996],[-76.49999999999999,3.4099999999999997]]]},"properties":{"value":0.2256,"sigma":0.0343}},{"type":"Feature","geometry":{"type":"Polygon","coordinates":[[[-76.49499999999999,3.4099999999999997],[-76.49,3.4099999999999997],[-76.49,3.4149999999999996],[-76.49499999999999,3.4149999999999996],[-76.49499999999999,3.4099999999999997]]]},"properties":{"value":0.2082,"sigma":0.0355}},{"type":"Feature","geometry":{"type":"Polygon","coordinates":[[[-76.49,3.4099999999999997],[-76.485,3.4099999999999997],[-76.485,3.4149999999999996],[-76.49,3.4149999999999996],[-76.49,3.4099999999999997]]]},"properties":{"value":0.1845,"sigma":0.0376}},{"type":"Feature","geometry":{"type":"Polygon","coordinates":[[[-76.48499999999999,3.4099999999999997],[-76.47999999999999,3.4099999999999997],[-76.47999999999999,3.4149999999999996],[-76.48499999999999,3.4149999999999996],[-76.48499999999999,3.4099999999999997]]]},"properties":{"value":0.2016,"sigma":0.0383}},{"type":"Feature","geometry":{"type":"Polygon","coordinates":[[[-76.47999999999999,3.4099999999999997],[-76.475,3.4099999999999997],[-76.475,3.4149999999999996],[-76.47999999999999,3.4149999999999996],[-76.47999999999999,3.4099999999999997]]]},"properties":{"value":0.1924,"sigma":0.0403}},{"type":"Feature","geometry":{"type":"Polygon","coordinates":[[[-76.475,3.4099999999999997],[-76.47,3.4099999999999997],[-76.47,3.4149999999999996],[-76.475,3.4149999999999996],[-76.475,3.4099999999999997]]]},"properties":{"value":0.1872,"sigma":0.0442}},{"type":"Feature","geometry":{"type":"Polygon","coordinates":[[[-76.47,3.4099999999999997],[-76.465,3.4099999999999997],[-76.465,3.4149999999999996],[-76.47,3.4149999999999996],[-76.47,3.4099999999999997]]]},"properties":{"value":0.1857,"sigma":0.0462}},{"type":"Feature","geometry":{"type":"Polygon","coordinates":[[[-76.46499999999999,3.4099999999999997],[-76.46,3.4099999999999997],[-76.46,3.4149999999999996],[-76.46499999999999,3.4149999999999996],[-76.46499999999999,3.4099999999999997]]]},"properties":{"value":0.1771,"sigma":0.051}},{"type":"Feature","geometry":{"type":"Polygon","coordinates":[[[-76.46,3.4099999999999997],[-76.455,3.4099999999999997],[-76.455,3.4149999999999996],[-76.46,3.4149999999999996],[-76.46,3.4099999999999997]]]},"properties":{"value":0.1767,"sigma":0.0539}},{"type":"Feature","geometry":{"type":"Polygon","coordinates":[[[-76.455,3.4099999999999997],[-76.45,3.4099999999999997],[-76.45,3.4149999999999996],[-76.455,3.4149999999999996],[-76.455,3.4099999999999997]]]},"properties":{"value":0.1848,"sigma":0.0539}},{"type":"Feature","geometry":{"type":"Polygon","coordinates":[[[-76.44999999999999,3.4099999999999997],[-76.445,3.4099999999999997],[-76.445,3.4149999999999996],[-76.44999999999999,3.4149999999999996],[-76.44999999999999,3.4099999999999997]]]},"properties":{"value":0.1724,"sigma":0.0581}},{"type":"Feature","geometry":{"type":"Polygon","coordinates":[[[-76.445,3.4099999999999997],[-76.44,3.4099999999999997],[-76.44,3.4149999999999996],[-76.445,3.4149999999999996],[-76.445,3.4099999999999997]]]},"properties":{"value":0.1865,"sigma":0.0591}},{"type":"Feature","geometry":{"type":"Polygon","coordinates":[[[-76.44,3.4099999999999997],[-76.435,3.4099999999999997],[-76.435,3.4149999999999996],[-76.44,3.4149999999999996],[-76.44,3.4099999999999997]]]},"properties":{"value":0.1811,"sigma":0.0596}},{"type":"Feature","geometry":{"type":"Polygon","coordinates":[[[-76.43499999999999,3.4099999999999997],[-76.42999999999999,3.4099999999999997],[-76.42999999999999,3.4149999999999996],[-76.43499999999999,3.4149999999999996],[-76.43499999999999,3.4099999999999997]]]},"properties":{"value":0.1676,"sigma":0.0614}},{"type":"Feature","geometry":{"type":"Polygon","coordinates":[[[-76.42999999999999,3.4099999999999997],[-76.425,3.4099999999999997],[-76.425,3.4149999999999996],[-76.42999999999999,3.4149999999999996],[-76.42999999999999,3.4099999999999997]]]},"properties":{"value":0.1786,"sigma":0.0706}},{"type":"Feature","geometry":{"type":"Polygon","coordinates":[[[-76.425,3.4099999999999997],[-76.42,3.4099999999999997],[-76.42,3.4149999999999996],[-76.425,3.4149999999999996],[-76.425,3.4099999999999997]]]},"properties":{"value":0.1751,"sigma":0.068}},{"type":"Feature","geometry":{"type":"Polygon","coordinates":[[[-76.41999999999999,3.4099999999999997],[-76.41499999999999,3.4099999999999997],[-76.41499999999999,3.4149999999999996],[-76.41999999999999,3.4149999999999996],[-76.41999999999999,3.4099999999999997]]]},"properties":{"value":0.1881,"sigma":0.0677}},{"type":"Feature","geometry":{"type":"Polygon","coordinates":[[[-76.41499999999999,3.4099999999999997],[-76.41,3.4099999999999997],[-76.41,3.4149999999999996],[-76.41499999999999,3.4149999999999996],[-76.41499999999999,3.4099999999999997]]]},"properties":{"value":0.1797,"sigma":0.0752}},{"type":"Feature","geometry":{"type":"Polygon","coordinates":[[[-76.41,3.4099999999999997],[-76.405,3.4099999999999997],[-76.405,3.4149999999999996],[-76.41,3.4149999999999996],[-76.41,3.4099999999999997]]]},"properties":{"value":0.178,"sigma":0.0782}},{"type":"Feature","geometry":{"type":"Polygon","coordinates":[[[-76.40499999999999,3.4099999999999997],[-76.39999999999999,3.4099999999999997],[-76.39999999999999,3.4149999999999996],[-76.40499999999999,3.4149999999999996],[-76.40499999999999,3.4099999999999997]]]},"properties":{"value":0.185,"sigma":0.0764}},{"type":"Feature","geometry":{"type":"Polygon","coordinates":[[[-76.6,3.415],[-76.595,3.415],[-76.595,3.42],[-76.6,3.42],[-76.6,3.415]]]},"properties":{"value":0.1889,"sigma":0.0728}},{"type":"Feature","geometry":{"type":"Polygon","coordinates":[[[-76.595,3.415],[-76.59,3.415],[-76.59,3.42],[-76.595,3.42],[-76.595,3.415]]]},"properties":{"value":0.1886,"sigma":0.0685}},{"type":"Feature","geometry":{"type":"Polygon","coordinates":[[[-76.58999999999999,3.415],[-76.585,3.415],[-76.585,3.42],[-76.58999999999999,3.42],[-76.58999999999999,3.415]]]},"properties":{"value":0.197,"sigma":0.0657}},{"type":"Feature","geometry":{"type":"Polygon","coordinates":[[[-76.585,3.415],[-76.58,3.415],[-76.58,3.42],[-76.585,3.42],[-76.585,3.415]]]},"properties":{"value":0.207,"sigma":0.0655}},{"type":"Feature","geometry":{"type":"Polygon","coordinates":[[[-76.58,3.415],[-76.575,3.415],[-76.575,3.42],[-76.58,3.42],[-76.58,3.415]]]},"properties":{"value":0.2041,"sigma":0.065}},{"type":"Feature","geometry":{"type":"Polygon","coordinates":[[[-76.57499999999999,3.415],[-76.57,3.415],[-76.57,3.42],[-76.57499999999999,3.42],[-76.57499999999999,3.415]]]},"properties":{"value":0.2142,"sigma":0.0609}},{"type":"Feature","geometry":{"type":"Polygon","coordinates":[[[-76.57,3.415],[-76.565,3.415],[-76.565,3.42],[-76.57,3.42],[-76.57,3.415]]]},"properties":{"value":0.222,"sigma":0.0606}},{"type":"Feature","geometry":{"type":"Polygon","coordinates":[[[-76.565,3.415],[-76.56,3.415],[-76.56,3.42],[-76.565,3.42],[-76.565,3.415]]]},"properties":{"value":0.2299,"sigma":0.056}},{"type":"Feature","geometry":{"type":"Polygon","coordinates":[[[-76.55999999999999,3.415],[-76.55499999999999,3.415],[-76.55499999999999,3.42],[-76.55999999999999,3.42],[-76.55999999999999,3.415]]]},"properties":{"value":0.2455,"sigma":0.0562}},{"type":"Feature","geometry":{"type":"Polygon","coordinates":[[[-76.55499999999999,3.415],[-76.55,3.415],[-76.55,3.42],[-76.55499999999999,3.42],[-76.55499999999999,3.415]]]},"properties":{"value":0.276,"sigma":0.0516}},{"type":"Feature","geometry":{"type":"Polygon","coordinates":[[[-76.55,3.415],[-76.545,3.415],[-76.545,3.42],[-76.55,3.42],[-76.55,3.415]]]},"properties":{"value":0.2774,"sigma":0.0493}},{"type":"Feature","geometry":{"type":"Polygon","coordinates":[[[-76.54499999999999,3.415],[-76.53999999999999,3.415],[-76.53999999999999,3.42],[-76.54499999999999,3.42],[-76.54499999999999,3.415]]]},"properties":{"value":0.2664,"sigma":0.05}},{"type":"Feature","geometry":{"type":"Polygon","coordinates":[[[-76.53999999999999,3.415],[-76.535,3.415],[-76.535,3.42],[-76.53999999999999,3.42],[-76.53999999999999,3.415]]]},"properties":{"value":0.2824,"sigma":0.0492}},{"type":"Feature","geometry":{"type":"Polygon","coordinates":[[[-76.535,3.415],[-76.53,3.415],[-76.53,3.42],[-76.535,3.42],[-76.535,3.415]]]},"properties":{"value":0.2823,"sigma":0.0479}},{"type":"Feature","geometry":{"type":"Polygon","coordinates":[[[-76.52999999999999,3.415],[-76.52499999999999,3.415],[-76.52499999999999,3.42],[-76.52999999999999,3.42],[-76.52999999999999,3.415]]]},"properties":{"value":0.2962,"sigma":0.0443}},{"type":"Feature","geometry":{"type":"Polygon","coordinates":[[[-76.52499999999999,3.415],[-76.52,3.415],[-76.52,3.42],[-76.52499999999999,3.42],[-76.52499999999999,3.415]]]},"properties":{"value":0.2862,"sigma":0.0494}},{"type":"Feature","geometry":{"type":"Polygon","coordinates":[[[-76.52,3.415],[-76.515,3.415],[-76.515,3.42],[-76.52,3.42],[-76.52,3.415]]]},"properties":{"value":0.2864,"sigma":0.0477}},{"type":"Feature","geometry":{"type":"Polygon","coordinates":[[[-76.51499999999999,3.415],[-76.50999999999999,3.415],[-76.50999999999999,3.42],[-76.51499999999999,3.42],[-76.51499999999999,3.415]]]},"properties":{"value":0.2643,"sigma":0.0427}},{"type":"Feature","geometry":{"type":"Polygon","coordinates":[[[-76.50999999999999,3.415],[-76.505,3.415],[-76.505,3.42],[-76.50999999999999,3.42],[-76.50999999999999,3.415]]]},"properties":{"value":0.2588,"sigma":0.0445}},{"type":"Feature","geometry":{"type":"Polygon","coordinates":[[[-76.505,3.415],[-76.5,3.415],[-76.5,3.42],[-76.505,3.42],[-76.505,3.415]]]},"properties":{"value":0.2513,"sigma":0.0345}},{"type":"Feature","geometry":{"type":"Polygon","coordinates":[[[-76.49999999999999,3.415],[-76.49499999999999,3.415],[-76.49499999999999,3.42],[-76.49999999999999,3.42],[-76.49999999999999,3.415]]]},"properties":{"value":0.2135,"sigma":0.031}},{"type":"Feature","geometry":{"type":"Polygon","coordinates":[[[-76.49499999999999,3.415],[-76.49,3.415],[-76.49,3.42],[-76.49499999999999,3.42],[-76.49499999999999,3.415]]]},"properties":{"value":0.2084,"sigma":0.0346}},{"type":"Feature","geometry":{"type":"Polygon","coordinates":[[[-76.49,3.415],[-76.485,3.415],[-76.485,3.42],[-76.49,3.42],[-76.49,3.415]]]},"properties":{"value":0.2006,"sigma":0.0395}},{"type":"Feature","geometry":{"type":"Polygon","coordinates":[[[-76.48499999999999,3.415],[-76.47999999999999,3.415],[-76.47999999999999,3.42],[-76.48499999999999,3.42],[-76.48499999999999,3.415]]]},"properties":{"value":0.1986,"sigma":0.0416}},{"type":"Feature","geometry":{"type":"Polygon","coordinates":[[[-76.47999999999999,3.415],[-76.475,3.415],[-76.475,3.42],[-76.47999999999999,3.42],[-76.47999999999999,3.415]]]},"properties":{"value":0.179,"sigma":0.0399}},{"type":"Feature","geometry":{"type":"Polygon","coordinates":[[[-76.475,3.415],[-76.47,3.415],[-76.47,3.42],[-76.475,3.42],[-76.475,3.415]]]},"properties":{"value":0.1789,"sigma":0.0404}},{"type":"Feature","geometry":{"type":"Polygon","coordinates":[[[-76.47,3.415],[-76.465,3.415],[-76.465,3.42],[-76.47,3.42],[-76.47,3.415]]]},"properties":{"value":0.1782,"sigma":0.0494}},{"type":"Feature","geometry":{"type":"Polygon","coordinates":[[[-76.46499999999999,3.415],[-76.46,3.415],[-76.46,3.42],[-76.46499999999999,3.42],[-76.46499999999999,3.415]]]},"properties":{"value":0.1881,"sigma":0.0494}},{"type":"Feature","geometry":{"type":"Polygon","coordinates":[[[-76.46,3.415],[-76.455,3.415],[-76.455,3.42],[-76.46,3.42],[-76.46,3.415]]]},"properties":{"value":0.1941,"sigma":0.0514}},{"type":"Feature","geometry":{"type":"Polygon","coordinates":[[[-76.455,3.415],[-76.45,3.415],[-76.45,3.42],[-76.455,3.42],[-76.455,3.415]]]},"properties":{"value":0.1788,"sigma":0.0512}},{"type":"Feature","geometry":{"type":"Polygon","coordinates":[[[-76.44999999999999,3.415],[-76.445,3.415],[-76.445,3.42],[-76.44999999999999,3.42],[-76.44999999999999,3.415]]]},"properties":{"value":0.1751,"sigma":0.0557}},{"type":"Feature","geometry":{"type":"Polygon","coordinates":[[[-76.445,3.415],[-76.44,3.415],[-76.44,3.42],[-76.445,3.42],[-76.445,3.415]]]},"properties":{"value":0.1705,"sigma":0.0607}},{"type":"Feature","geometry":{"type":"Polygon","coordinates":[[[-76.44,3.415],[-76.435,3.415],[-76.435,3.42],[-76.44,3.42],[-76.44,3.415]]]},"properties":{"value":0.1824,"sigma":0.0544}},{"type":"Feature","geometry":{"type":"Polygon","coordinates":[[[-76.43499999999999,3.415],[-76.42999999999999,3.415],[-76.42999999999999,3.42],[-76.43499999999999,3.42],[-76.43499999999999,3.415]]]},"properties":{"value":0.1724,"sigma":0.061}},{"type":"Feature","geometry":{"type":"Polygon","coordinates":[[[-76.42999999999999,3.415],[-76.425,3.415],[-76.425,3.42],[-76.42999999999999,3.42],[-76.42999999999999,3.415]]]},"properties":{"value":0.1732,"sigma":0.0686}},{"type":"Feature","geometry":{"type":"Polygon","coordinates":[[[-76.425,3.415],[-76.42,3.415],[-76.42,3.42],[-76.425,3.42],[-76.425,3.415]]]},"properties":{"value":0.1836,"sigma":0.0721}},{"type":"Feature","geometry":{"type":"Polygon","coordinates":[[[-76.41999999999999,3.415],[-76.41499999999999,3.415],[-76.41499999999999,3.42],[-76.41999999999999,3.42],[-76.41999999999999,3.415]]]},"properties":{"value":0.1805,"sigma":0.0684}},{"type":"Feature","geometry":{"type":"Polygon","coordinates":[[[-76.41499999999999,3.415],[-76.41,3.415],[-76.41,3.42],[-76.41499999999999,3.42],[-76.41499999999999,3.415]]]},"properties":{"value":0.1811,"sigma":0.0779}},{"type":"Feature","geometry":{"type":"Polygon","coordinates":[[[-76.41,3.415],[-76.405,3.415],[-76.405,3.42],[-76.41,3.42],[-76.41,3.415]]]},"properties":{"value":0.1955,"sigma":0.0697}},{"type":"Feature","geometry":{"type":"Polygon","coordinates":[[[-76.40499999999999,3.415],[-76.39999999999999,3.415],[-76.39999999999999,3.42],[-76.40499999999999,3.42],[-76.40499999999999,3.415]]]},"properties":{"value":0.1826,"sigma":0.0805}},{"type":"Feature","geometry":{"type":"Polygon","coordinates":[[[-76.6,3.42],[-76.595,3.42],[-76.595,3.425],[-76.6,3.425],[-76.6,3.42]]]},"properties":{"value":0.1888,"sigma":0.0694}},{"type":"Feature","geometry":{"type":"Polygon","coordinates":[[[-76.595,3.42],[-76.59,3.42],[-76.59,3.425],[-76.595,3.425],[-76.595,3.42]]]},"properties":{"value":0.1811,"sigma":0.0717}},{"type":"Feature","geometry":{"type":"Polygon","coordinates":[[[-76.58999999999999,3.42],[-76.585,3.42],[-76.585,3.425],[-76.58999999999999,3.425],[-76.58999999999999,3.42]]]},"properties":{"value":0.1946,"sigma":0.07}},{"type":"Feature","geometry":{"type":"Polygon","coordinates":[[[-76.585,3.42],[-76.58,3.42],[-76.58,3.425],[-76.585,3.425],[-76.585,3.42]]]},"properties":{"value":0.2077,"sigma":0.0609}},{"type":"Feature","geometry":{"type":"Polygon","coordinates":[[[-76.58,3.42],[-76.575,3.42],[-76.575,3.425],[-76.58,3.425],[-76.58,3.42]]]},"properties":{"value":0.2037,"sigma":0.0585}},{"type":"Feature","geometry":{"type":"Polygon","coordinates":[[[-76.57499999999999,3.42],[-76.57,3.42],[-76.57,3.425],[-76.57499999999999,3.425],[-76.57499999999999,3.42]]]},"properties":{"value":0.2259,"sigma":0.0611}},{"type":"Feature","geometry":{"type":"Polygon","coordinates":[[[-76.57,3.42],[-76.565,3.42],[-76.565,3.425],[-76.57,3.425],[-76.57,3.42]]]},"properties":{"value":0.2499,"sigma":0.053}},{"type":"Feature","geometry":{"type":"Polygon","coordinates":[[[-76.565,3.42],[-76.56,3.42],[-76.56,3.425],[-76.565,3.425],[-76.565,3.42]]]},"properties":{"value":0.2418,"sigma":0.0556}},{"type":"Feature","geometry":{"type":"Polygon","coordinates":[[[-76.55999999999999,3.42],[-76.55499999999999,3.42],[-76.55499999999999,3.425],[-76.55999999999999,3.425],[-76.55999999999999,3.42]]]},"properties":{"value":0.2532,"sigma":0.052}},{"type":"Feature","geometry":{"type":"Polygon","coordinates":[[[-76.55499999999999,3.42],[-76.55,3.42],[-76.55,3.425],[-76.55499999999999,3.425],[-76.55499999999999,3.42]]]},"properties":{"value":0.273,"sigma":0.0551}},{"type":"Feature","geometry":{"type":"Polygon","coordinates":[[[-76.55,3.42],[-76.545,3.42],[-76.545,3.425],[-76.55,3.425],[-76.55,3.42]]]},"properties":{"value":0.2753,"sigma":0.0488}},{"type":"Feature","geometry":{"type":"Polygon","coordinates":[[[-76.54499999999999,3.42],[-76.53999999999999,3.42],[-76.53999999999999,3.425],[-76.54499999999999,3.425],[-76.54499999999999,3.42]]]},"properties":{"value":0.2826,"sigma":0.044}},{"type":"Feature","geometry":{"type":"Polygon","coordinates":[[[-76.53999999999999,3.42],[-76.535,3.42],[-76.535,3.425],[-76.53999999999999,3.425],[-76.53999999999999,3.42]]]},"properties":{"value":0.2899,"sigma":0.0525}},{"type":"Feature","geometry":{"type":"Polygon","coordinates":[[[-76.535,3.42],[-76.53,3.42],[-76.53,3.425],[-76.535,3.425],[-76.535,3.42]]]},"properties":{"value":0.304,"sigma":0.0418}},{"type":"Feature","geometry":{"type":"Polygon","coordinates":[[[-76.52999999999999,3.42],[-76.52499999999999,3.42],[-76.52499999999999,3.425],[-76.52999999999999,3.425],[-76.52999999999999,3.42]]]},"properties":{"value":0.2872,"sigma":0.0451}},{"type":"Feature","geometry":{"type":"Polygon","coordinates":[[[-76.52499999999999,3.42],[-76.52,3.42],[-76.52,3.425],[-76.52499999999999,3.425],[-76.52499999999999,3.42]]]},"properties":{"value":0.2938,"sigma":0.043}},{"type":"Feature","geometry":{"type":"Polygon","coordinates":[[[-76.52,3.42],[-76.515,3.42],[-76.515,3.425],[-76.52,3.425],[-76.52,3.42]]]},"properties":{"value":0.2813,"sigma":0.0421}},{"type":"Feature","geometry":{"type":"Polygon","coordinates":[[[-76.51499999999999,3.42],[-76.50999999999999,3.42],[-76.50999999999999,3.425],[-76.51499999999999,3.425],[-76.51499999999999,3.42]]]},"properties":{"value":0.2669,"sigma":0.0405}},{"type":"Feature","geometry":{"type":"Polygon","coordinates":[[[-76.50999999999999,3.42],[-76.505,3.42],[-76.505,3.425],[-76.50999999999999,3.425],[-76.50999999999999,3.42]]]},"properties":{"value":0.2512,"sigma":0.0408}},{"type":"Feature","geometry":{"type":"Polygon","coordinates":[[[-76.505,3.42],[-76.5,3.42],[-76.5,3.425],[-76.505,3.425],[-76.505,3.42]]]},"properties":{"value":0.2216,"sigma":0.0383}},{"type":"Feature","geometry":{"type":"Polygon","coordinates":[[[-76.49999999999999,3.42],[-76.49499999999999,3.42],[-76.49499999999999,3.425],[-76.49999999999999,3.425],[-76.49999999999999,3.42]]]},"properties":{"value":0.235,"sigma":0.0374}},{"type":"Feature","geometry":{"type":"Polygon","coordinates":[[[-76.49499999999999,3.42],[-76.49,3.42],[-76.49,3.425],[-76.49499999999999,3.425],[-76.49499999999999,3.42]]]},"properties":{"value":0.2195,"sigma":0.037}},{"type":"Feature","geometry":{"type":"Polygon","coordinates":[[[-76.49,3.42],[-76.485,3.42],[-76.485,3.425],[-76.49,3.425],[-76.49,3.42]]]},"properties":{"value":0.213,"sigma":0.0351}},{"type":"Feature","geometry":{"type":"Polygon","coordinates":[[[-76.48499999999999,3.42],[-76.47999999999999,3.42],[-76.47999999999999,3.425],[-76.48499999999999,3.425],[-76.48499999999999,3.42]]]},"properties":{"value":0.187,"sigma":0.0374}},{"type":"Feature","geometry":{"type":"Polygon","coordinates":[[[-76.47999999999999,3.42],[-76.475,3.42],[-76.475,3.425],[-76.47999999999999,3.425],[-76.47999999999999,3.42]]]},"properties":{"value":0.1827,"sigma":0.0388}},{"type":"Feature","geometry":{"type":"Polygon","coordinates":[[[-76.475,3.42],[-76.47,3.42],[-76.47,3.425],[-76.475,3.425],[-76.475,3.42]]]},"properties":{"value":0.1992,"sigma":0.0425}},{"type":"Feature","geometry":{"type":"Polygon","coordinates":[[[-76.47,3.42],[-76.465,3.42],[-76.465,3.425],[-76.47,3.425],[-76.47,3.42]]]},"properties":{"value":0.1792,"sigma":0.0434}},{"type":"Feature","geometry":{"type":"Polygon","coordinates":[[[-76.46499999999999,3.42],[-76.46,3.42],[-76.46,3.425],[-76.46499999999999,3.425],[-76.46499999999999,3.42]]]},"properties":{"value":0.1899,"sigma":0.0481}},{"type":"Feature","geometry":{"type":"Polygon","coordinates":[[[-76.46,3.42],[-76.455,3.42],[-76.455,3.425],[-76.46,3.425],[-76.46,3.42]]]},"properties":{"value":0.1907,"sigma":0.0499}},{"type":"Feature","geometry":{"type":"Polygon","coordinates":[[[-76.455,3.42],[-76.45,3.42],[-76.45,3.425],[-76.455,3.425],[-76.455,3.42]]]},"properties":{"value":0.1671,"sigma":0.0497}},{"type":"Feature","geometry":{"type":"Polygon","coordinates":[[[-76.44999999999999,3.42],[-76.445,3.42],[-76.445,3.425],[-76.44999999999999,3.425],[-76.44999999999999,3.42]]]},"properties":{"value":0.1752,"sigma":0.0603}},{"type":"Feature","geometry":{"type":"Polygon","coordinates":[[[-76.445,3.42],[-76.44,3.42],[-76.44,3.425],[-76.445,3.425],[-76.445,3.42]]]},"properties":{"value":0.1805,"sigma":0.0584}},{"type":"Feature","geometry":{"type":"Polygon","coordinates":[[[-76.44,3.42],[-76.435,3.42],[-76.435,3.425],[-76.44,3.425],[-76.44,3.42]]]},"properties":{"value":0.1777,"sigma":0.0564}},{"type":"Feature","geometry":{"type":"Polygon","coordinates":[[[-76.43499999999999,3.42],[-76.42999999999999,3.42],[-76.42999999999999,3.425],[-76.43499999999999,3.425],[-76.43499999999999,3.42]]]},"properties":{"value":0.1746,"sigma":0.0624}},{"type":"Feature","geometry":{"type":"Polygon","coordinates":[[[-76.42999999999999,3.42],[-76.425,3.42],[-76.425,3.425],[-76.42999999999999,3.425],[-76.42999999999999,3.42]]]},"properties":{"value":0.1752,"sigma":0.0728}},{"type":"Feature","geometry":{"type":"Polygon","coordinates":[[[-76.425,3.42],[-76.42,3.42],[-76.42,3.425],[-76.425,3.425],[-76.425,3.42]]]},"properties":{"value":0.1832,"sigma":0.0737}},{"type":"Feature","geometry":{"type":"Polygon","coordinates":[[[-76.41999999999999,3.42],[-76.41499999999999,3.42],[-76.41499999999999,3.425],[-76.41999999999999,3.425],[-76.41999999999999,3.42]]]},"properties":{"value":0.1702,"sigma":0.0746}},{"type":"Feature","geometry":{"type":"Polygon","coordinates":[[[-76.41499999999999,3.42],[-76.41,3.42],[-76.41,3.425],[-76.41499999999999,3.425],[-76.41499999999999,3.42]]]},"properties":{"value":0.187,"sigma":0.0738}},{"type":"Feature","geometry":{"type":"Polygon","coordinates":[[[-76.41,3.42],[-76.405,3.42],[-76.405,3.425],[-76.41,3.425],[-76.41,3.42]]]},"properties":{"value":0.181,"sigma":0.0781}},{"type":"Feature","geometry":{"type":"Polygon","coordinates":[[[-76.40499999999999,3.42],[-76.39999999999999,3.42],[-76.39999999999999,3.425],[-76.40499999999999,3.425],[-76.40499999999999,3.42]]]},"properties":{"value":0.1757,"sigma":0.0839}},{"type":"Feature","geometry":{"type":"Polygon","coordinates":[[[-76.6,3.425],[-76.595,3.425],[-76.595,3.4299999999999997],[-76.6,3.4299999999999997],[-76.6,3.425]]]},"properties":{"value":0.1868,"sigma":0.0734}},{"type":"Feature","geometry":{"type":"Polygon","coordinates":[[[-76.595,3.425],[-76.59,3.425],[-76.59,3.4299999999999997],[-76.595,3.4299999999999997],[-76.595,3.425]]]},"properties":{"value":0.1769,"sigma":0.0641}},{"type":"Feature","geometry":{"type":"Polygon","coordinates":[[[-76.58999999999999,3.425],[-76.585,3.425],[-76.585,3.4299999999999997],[-76.58999999999999,3.4299999999999997],[-76.58999999999999,3.425]]]},"properties":{"value":0.2056,"sigma":0.0646}},{"type":"Feature","geometry":{"type":"Polygon","coordinates":[[[-76.585,3.425],[-76.58,3.425],[-76.58,3.4299999999999997],[-76.585,3.4299999999999997],[-76.585,3.425]]]},"properties":{"value":0.2096,"sigma":0.0654}},{"type":"Feature","geometry":{"type":"Polygon","coordinates":[[[-76.58,3.425],[-76.575,3.425],[-76.575,3.4299999999999997],[-76.58,3.4299999999999997],[-76.58,3.425]]]},"properties":{"value":0.226,"sigma":0.0637}},{"type":"Feature","geometry":{"type":"Polygon","coordinates":[[[-76.57499999999999,3.425],[-76.57,3.425],[-76.57,3.4299999999999997],[-76.57499999999999,3.4299999999999997],[-76.57499999999999,3.425]]]},"properties":{"value":0.2335,"sigma":0.0591}},{"type":"Feature","geometry":{"type":"Polygon","coordinates":[[[-76.57,3.425],[-76.565,3.425],[-76.565,3.4299999999999997],[-76.57,3.4299999999999997],[-76.57,3.425]]]},"properties":{"value":0.2439,"sigma":0.0544}},{"type":"Feature","geometry":{"type":"Polygon","coordinates":[[[-76.565,3.425],[-76.56,3.425],[-76.56,3.4299999999999997],[-76.565,3.4299999999999997],[-76.565,3.425]]]},"properties":{"value":0.2806,"sigma":0.0556}},{"type":"Feature","geometry":{"type":"Polygon","coordinates":[[[-76.55999999999999,3.425],[-76.55499999999999,3.425],[-76.55499999999999,3.4299999999999997],[-76.55999999999999,3.4299999999999997],[-76.55999999999999,3.425]]]},"properties":{"value":0.2721,"sigma":0.0477}},{"type":"Feature","geometry":{"type":"Polygon","coordinates":[[[-76.55499999999999,3.425],[-76.55,3.425],[-76.55,3.4299999999999997],[-76.55499999999999,3.4299999999999997],[-76.55499999999999,3.425]]]},"properties":{"value":0.2825,"sigma":0.0472}},{"type":"Feature","geometry":{"type":"Polygon","coordinates":[[[-76.55,3.425],[-76.545,3.425],[-76.545,3.4299999999999997],[-76.55,3.4299999999999997],[-76.55,3.425]]]},"properties":{"value":0.2911,"sigma":0.0516}},{"type":"Feature","geometry":{"type":"Polygon","coordinates":[[[-76.54499999999999,3.425],[-76.53999999999999,3.425],[-76.53999999999999,3.4299999999999997],[-76.54499999999999,3.4299999999999997],[-76.54499999999999,3.425]]]},"properties":{"value":0.3016,"sigma":0.0473}},{"type":"Feature","geometry":{"type":"Polygon","coordinates":[[[-76.53999999999999,3.425],[-76.535,3.425],[-76.535,3.4299999999999997],[-76.53999999999999,3.4299999999999997],[-76.53999999999999,3.425]]]},"properties":{"value":0.2991,"sigma":0.0413}},{"type":"Feature","geometry":{"type":"Polygon","coordinates":[[[-76.535,3.425],[-76.53,3.425],[-76.53,3.4299999999999997],[-76.535,3.4299999999999997],[-76.535,3.425]]]},"properties":{"value":0.2995,"sigma":0.0424}},{"type":"Feature","geometry":{"type":"Polygon","coordinates":[[[-76.52999999999999,3.425],[-76.52499999999999,3.425],[-76.52499999999999,3.4299999999999997],[-76.52999999999999,3.4299999999999997],[-76.52999999999999,3.425]]]},"properties":{"value":0.2862,"sigma":0.0424}},{"type":"Feature","geometry":{"type":"Polygon","coordinates":[[[-76.52499999999999,3.425],[-76.52,3.425],[-76.52,3.4299999999999997],[-76.52499999999999,3.4299999999999997],[-76.52499999999999,3.425]]]},"properties":{"value":0.2938,"sigma":0.0416}},{"type":"Feature","geometry":{"type":"Polygon","coordinates":[[[-76.52,3.425],[-76.515,3.425],[-76.515,3.4299999999999997],[-76.52,3.4299999999999997],[-76.52,3.425]]]},"properties":{"value":0.2911,"sigma":0.0411}},{"type":"Feature","geometry":{"type":"Polygon","coordinates":[[[-76.51499999999999,3.425],[-76.50999999999999,3.425],[-76.50999999999999,3.4299999999999997],[-76.51499999999999,3.4299999999999997],[-76.51499999999999,3.425]]]},"properties":{"value":0.2573,"sigma":0.0458}},{"type":"Feature","geometry":{"type":"Polygon","coordinates":[[[-76.50999999999999,3.425],[-76.505,3.425],[-76.505,3.4299999999999997],[-76.50999999999999,3.4299999999999997],[-76.50999999999999,3.425]]]},"properties":{"value":0.2569,"sigma":0.0389}},{"type":"Feature","geometry":{"type":"Polygon","coordinates":[[[-76.505,3.425],[-76.5,3.425],[-76.5,3.4299999999999997],[-76.505,3.4299999999999997],[-76.505,3.425]]]},"properties":{"value":0.2241,"sigma":0.0341}},{"type":"Feature","geometry":{"type":"Polygon","coordinates":[[[-76.49999999999999,3.425],[-76.49499999999999,3.425],[-76.49499999999999,3.4299999999999997],[-76.49999999999999,3.4299999999999997],[-76.49999999999999,3.425]]]},"properties":{"value":0.2246,"sigma":0.0416}},{"type":"Feature","geometry":{"type":"Polygon","coordinates":[[[-76.49499999999999,3.425],[-76.49,3.425],[-76.49,3.4299999999999997],[-76.49499999999999,3.4299999999999997],[-76.49499999999999,3.425]]]},"properties":{"value":0.2198,"sigma":0.0336}},{"type":"Feature","geometry":{"type":"Polygon","coordinates":[[[-76.49,3.425],[-76.485,3.425],[-76.485,3.4299999999999997],[-76.49,3.4299999999999997],[-76.49,3.425]]]},"properties":{"value":0.1994,"sigma":0.0373}},{"type":"Feature","geometry":{"type":"Polygon","coordinates":[[[-76.48499999999999,3.425],[-76.47999999999999,3.425],[-76.47999999999999,3.4299999999999997],[-76.48499999999999,3.4299999999999997],[-76.48499999999999,3.425]]]},"properties":{"value":0.1966,"sigma":0.0417}},{"type":"Feature","geometry":{"type":"Polygon","coordinates":[[[-76.47999999999999,3.425],[-76.475,3.425],[-76.475,3.4299999999999997],[-76.47999999999999,3.4299999999999997],[-76.47999999999999,3.425]]]},"properties":{"value":0.1672,"sigma":0.0394}},{"type":"Feature","geometry":{"type":"Polygon","coordinates":[[[-76.475,3.425],[-76.47,3.425],[-76.47,3.4299999999999997],[-76.475,3.4299999999999997],[-76.475,3.425]]]},"properties":{"value":0.1879,"sigma":0.0444}},{"type":"Feature","geometry":{"type":"Polygon","coordinates":[[[-76.47,3.425],[-76.465,3.425],[-76.465,3.4299999999999997],[-76.47,3.4299999999999997],[-76.47,3.425]]]},"properties":{"value":0.1849,"sigma":0.04}},{"type":"Feature","geometry":{"type":"Polygon","coordinates":[[[-76.46499999999999,3.425],[-76.46,3.425],[-76.46,3.4299999999999997],[-76.46499999999999,3.4299999999999997],[-76.46499999999999,3.425]]]},"properties":{"value":0.1777,"sigma":0.0488}},{"type":"Feature","geometry":{"type":"Polygon","coordinates":[[[-76.46,3.425],[-76.455,3.425],[-76.455,3.4299999999999997],[-76.46,3.4299999999999997],[-76.46,3.425]]]},"properties":{"value":0.1755,"sigma":0.0532}},{"type":"Feature","geometry":{"type":"Polygon","coordinates":[[[-76.455,3.425],[-76.45,3.425],[-76.45,3.4299999999999997],[-76.455,3.4299999999999997],[-76.455,3.425]]]},"properties":{"value":0.1754,"sigma":0.0573}},{"type":"Feature","geometry":{"type":"Polygon","coordinates":[[[-76.44999999999999,3.425],[-76.445,3.425],[-76.445,3.4299999999999997],[-76.44999999999999,3.4299999999999997],[-76.44999999999999,3.425]]]},"properties":{"value":0.1877,"sigma":0.0561}},{"type":"Feature","geometry":{"type":"Polygon","coordinates":[[[-76.445,3.425],[-76.44,3.425],[-76.44,3.4299999999999997],[-76.445,3.4299999999999997],[-76.445,3.425]]]},"properties":{"value":0.1787,"sigma":0.0601}},{"type":"Feature","geometry":{"type":"Polygon","coordinates":[[[-76.44,3.425],[-76.435,3.425],[-76.435,3.4299999999999997],[-76.44,3.4299999999999997],[-76.44,3.425]]]},"properties":{"value":0.1873,"sigma":0.0639}},{"type":"Feature","geometry":{"type":"Polygon","coordinates":[[[-76.43499999999999,3.425],[-76.42999999999999,3.425],[-76.42999999999999,3.4299999999999997],[-76.43499999999999,3.4299999999999997],[-76.43499999999999,3.425]]]},"properties":{"value":0.1832,"sigma":0.0646}},{"type":"Feature","geometry":{"type":"Polygon","coordinates":[[[-76.42999999999999,3.425],[-76.425,3.425],[-76.425,3.4299999999999997],[-76.42999999999999,3.4299999999999997],[-76.42999999999999,3.425]]]},"properties":{"value":0.187,"sigma":0.0697}},{"type":"Feature","geometry":{"type":"Polygon","coordinates":[[[-76.425,3.425],[-76.42,3.425],[-76.42,3.4299999999999997],[-76.425,3.4299999999999997],[-76.425,3.425]]]},"properties":{"value":0.1777,"sigma":0.0668}},{"type":"Feature","geometry":{"type":"Polygon","coordinates":[[[-76.41999999999999,3.425],[-76.41499999999999,3.425],[-76.41499999999999,3.4299999999999997],[-76.41999999999999,3.4299999999999997],[-76.41999999999999,3.425]]]},"properties":{"value":0.1801,"sigma":0.0706}},{"type":"Feature","geometry":{"type":"Polygon","coordinates":[[[-76.41499999999999,3.425],[-76.41,3.425],[-76.41,3.4299999999999997],[-76.41499999999999,3.4299999999999997],[-76.41499999999999,3.425]]]},"properties":{"value":0.1698,"sigma":0.0742}},{"type":"Feature","geometry":{"type":"Polygon","coordinates":[[[-76.41,3.425],[-76.405,3.425],[-76.405,3.4299999999999997],[-76.41,3.4299999999999997],[-76.41,3.425]]]},"properties":{"value":0.1715,"sigma":0.0745}},{"type":"Feature","geometry":{"type":"Polygon","coordinates":[[[-76.40499999999999,3.425],[-76.39999999999999,3.425],[-76.39999999999999,3.4299999999999997],[-76.40499999999999,3.4299999999999997],[-76.40499999999999,3.425]]]},"properties":{"value":0.1821,"sigma":0.0834}},{"type":"Feature","geometry":{"type":"Polygon","coordinates":[[[-76.6,3.4299999999999997],[-76.595,3.4299999999999997],[-76.595,3.4349999999999996],[-76.6,3.4349999999999996],[-76.6,3.4299999999999997]]]},"properties":{"value":0.1999,"sigma":0.068}},{"type":"Feature","geometry":{"type":"Polygon","coordinates":[[[-76.595,3.4299999999999997],[-76.59,3.4299999999999997],[-76.59,3.4349999999999996],[-76.595,3.4349999999999996],[-76.595,3.4299999999999997]]]},"properties":{"value":0.2025,"sigma":0.0666}},{"type":"Feature","geometry":{"type":"Polygon","coordinates":[[[-76.58999999999999,3.4299999999999997],[-76.585,3.4299999999999997],[-76.585,3.4349999999999996],[-76.58999999999999,3.4349999999999996],[-76.58999999999999,3.4299999999999997]]]},"properties":{"value":0.2017,"sigma":0.0637}},{"type":"Feature","geometry":{"type":"Polygon","coordinates":[[[-76.585,3.4299999999999997],[-76.58,3.4299999999999997],[-76.58,3.4349999999999996],[-76.585,3.4349999999999996],[-76.585,3.4299999999999997]]]},"properties":{"value":0.2189,"sigma":0.0607}},{"type":"Feature","geometry":{"type":"Polygon","coordinates":[[[-76.58,3.4299999999999997],[-76.575,3.4299999999999997],[-76.575,3.4349999999999996],[-76.58,3.4349999999999996],[-76.58,3.4299999999999997]]]},"properties":{"value":0.2427,"sigma":0.0575}},{"type":"Feature","geometry":{"type":"Polygon","coordinates":[[[-76.57499999999999,3.4299999999999997],[-76.57,3.4299999999999997],[-76.57,3.4349999999999996],[-76.57499999999999,3.4349999999999996],[-76.57499999999999,3.4299999999999997]]]},"properties":{"value":0.2443,"sigma":0.0593}},{"type":"Feature","geometry":{"type":"Polygon","coordinates":[[[-76.57,3.4299999999999997],[-76.565,3.4299999999999997],[-76.565,3.4349999999999996],[-76.57,3.4349999999999996],[-76.57,3.4299999999999997]]]},"properties":{"value":0.2611,"sigma":0.0556}},{"type":"Feature","geometry":{"type":"Polygon","coordinates":[[[-76.565,3.4299999999999997],[-76.56,3.4299999999999997],[-76.56,3.4349999999999996],[-76.565,3.4349999999999996],[-76.565,3.4299999999999997]]]},"properties":{"value":0.2687,"sigma":0.0507}},{"type":"Feature","geometry":{"type":"Polygon","coordinates":[[[-76.55999999999999,3.4299999999999997],[-76.55499999999999,3.4299999999999997],[-76.55499999999999,3.4349999999999996],[-76.55999999999999,3.4349999999999996],[-76.55999999999999,3.4299999999999997]]]},"properties":{"value":0.2854,"sigma":0.0488}},{"type":"Feature","geometry":{"type":"Polygon","coordinates":[[[-76.55499999999999,3.4299999999999997],[-76.55,3.4299999999999997],[-76.55,3.4349999999999996],[-76.55499999999999,3.4349999999999996],[-76.55499999999999,3.4299999999999997]]]},"properties":{"value":0.2904,"sigma":0.0509}},{"type":"Feature","geometry":{"type":"Polygon","coordinates":[[[-76.55,3.4299999999999997],[-76.545,3.4299999999999997],[-76.545,3.4349999999999996],[-76.55,3.4349999999999996],[-76.55,3.4299999999999997]]]},"properties":{"value":0.2886,"sigma":0.0459}},{"type":"Feature","geometry":{"type":"Polygon","coordinates":[[[-76.54499999999999,3.4299999999999997],[-76.53999999999999,3.4299999999999997],[-76.53999999999999,3.4349999999999996],[-76.54499999999999,3.4349999999999996],[-76.54499999999999,3.4299999999999997]]]},"properties":{"value":0.3027,"sigma":0.0446}},{"type":"Feature","geometry":{"type":"Polygon","coordinates":[[[-76.53999999999999,3.4299999999999997],[-76.535,3.4299999999999997],[-76.535,3.4349999999999996],[-76.53999999999999,3.4349999999999996],[-76.53999999999999,3.4299999999999997]]]},"properties":{"value":0.3031,"sigma":0.0414}},{"type":"Feature","geometry":{"type":"Polygon","coordinates":[[[-76.535,3.4299999999999997],[-76.53,3.4299999999999997],[-76.53,3.4349999999999996],[-76.535,3.4349999999999996],[-76.535,3.4299999999999997]]]},"properties":{"value":0.2967,"sigma":0.0397}},{"type":"Feature","geometry":{"type":"Polygon","coordinates":[[[-76.52999999999999,3.4299999999999997],[-76.52499999999999,3.4299999999999997],[-76.52499999999999,3.4349999999999996],[-76.52999999999999,3.4349999999999996],[-76.52999999999999,3.4299999999999997]]]},"properties":{"value":0.3014,"sigma":0.0412}},{"type":"Feature","geometry":{"type":"Polygon","coordinates":[[[-76.52499999999999,3.4299999999999997],[-76.52,3.4299999999999997],[-76.52,3.4349999999999996],[-76.52499999999999,3.4349999999999996],[-76.52499999999999,3.4299999999999997]]]},"properties":{"value":0.2852,"sigma":0.041}},{"type":"Feature","geometry":{"type":"Polygon","coordinates":[[[-76.52,3.4299999999999997],[-76.515,3.4299999999999997],[-76.515,3.4349999999999996],[-76.52,3.4349999999999996],[-76.52,3.4299999999999997]]]},"properties":{"value":0.2677,"sigma":0.0343}},{"type":"Feature","geometry":{"type":"Polygon","coordinates":[[[-76.51499999999999,3.4299999999999997],[-76.50999999999999,3.4299999999999997],[-76.50999999999999,3.4349999999999996],[-76.51499999999999,3.4349999999999996],[-76.51499999999999,3.4299999999999997]]]},"properties":{"value":0.2691,"sigma":0.0402}},{"type":"Feature","geometry":{"type":"Polygon","coordinates":[[[-76.50999999999999,3.4299999999999997],[-76.505,3.4299999999999997],[-76.505,3.4349999999999996],[-76.50999999999999,3.4349999999999996],[-76.50999999999999,3.4299999999999997]]]},"properties":{"value":0.2466,"sigma":0.0442}},{"type":"Feature","geometry":{"type":"Polygon","coordinates":[[[-76.505,3.4299999999999997],[-76.5,3.4299999999999997],[-76.5,3.4349999999999996],[-76.505,3.4349999999999996],[-76.505,3.4299999999999997]]]},"properties":{"value":0.2371,"sigma":0.0398}},{"type":"Feature","geometry":{"type":"Polygon","coordinates":[[[-76.49999999999999,3.4299999999999997],[-76.49499999999999,3.4299999999999997],[-76.49499999999999,3.4349999999999996],[-76.49999999999999,3.4349999999999996],[-76.49999999999999,3.4299999999999997]]]},"properties":{"value":0.2166,"sigma":0.039}},{"type":"Feature","geometry":{"type":"Polygon","coordinates":[[[-76.49499999999999,3.4299999999999997],[-76.49,3.4299999999999997],[-76.49,3.4349999999999996],[-76.49499999999999,3.4349999999999996],[-76.49499999999999,3.4299999999999997]]]},"properties":{"value":0.2246,"sigma":0.0407}},{"type":"Feature","geometry":{"type":"Polygon","coordinates":[[[-76.49,3.4299999999999997],[-76.485,3.4299999999999997],[-76.485,3.4349999999999996],[-76.49,3.4349999999999996],[-76.49,3.4299999999999997]]]},"properties":{"value":0.2057,"sigma":0.0418}},{"type":"Feature","geometry":{"type":"Polygon","coordinates":[[[-76.48499999999999,3.4299999999999997],[-76.47999999999999,3.4299999999999997],[-76.47999999999999,3.4349999999999996],[-76.48499999999999,3.4349999999999996],[-76.48499999999999,3.4299999999999997]]]},"properties":{"value":0.201,"sigma":0.0368}},{"type":"Feature","geometry":{"type":"Polygon","coordinates":[[[-76.47999999999999,3.4299999999999997],[-76.475,3.4299999999999997],[-76.475,3.4349999999999996],[-76.47999999999999,3.4349999999999996],[-76.47999999999999,3.4299999999999997]]]},"properties":{"value":0.1813,"sigma":0.0455}},{"type":"Feature","geometry":{"type":"Polygon","coordinates":[[[-76.475,3.4299999999999997],[-76.47,3.4299999999999997],[-76.47,3.4349999999999996],[-76.475,3.4349999999999996],[-76.475,3.4299999999999997]]]},"properties":{"value":0.1824,"sigma":0.0455}},{"type":"Feature","geometry":{"type":"Polygon","coordinates":[[[-76.47,3.4299999999999997],[-76.465,3.4299999999999997],[-76.465,3.4349999999999996],[-76.47,3.4349999999999996],[-76.47,3.4299999999999997]]]},"properties":{"value":0.1794,"sigma":0.0462}},{"type":"Feature","geometry":{"type":"Polygon","coordinates":[[[-76.46499999999999,3.4299999999999997],[-76.46,3.4299999999999997],[-76.46,3.4349999999999996],[-76.46499999999999,3.4349999999999996],[-76.46499999999999,3.4299999999999997]]]},"properties":{"value":0.1852,"sigma":0.0529}},{"type":"Feature","geometry":{"type":"Polygon","coordinates":[[[-76.46,3.4299999999999997],[-76.455,3.4299999999999997],[-76.455,3.4349999999999996],[-76.46,3.4349999999999996],[-76.46,3.4299999999999997]]]},"properties":{"value":0.1866,"sigma":0.0583}},{"type":"Feature","geometry":{"type":"Polygon","coordinates":[[[-76.455,3.4299999999999997],[-76.45,3.4299999999999997],[-76.45,3.4349999999999996],[-76.455,3.4349999999999996],[-76.455,3.4299999999999997]]]},"properties":{"value":0.1841,"sigma":0.0532}},{"type":"Feature","geometry":{"type":"Polygon","coordinates":[[[-76.44999999999999,3.4299999999999997],[-76.445,3.4299999999999997],[-76.445,3.4349999999999996],[-76.44999999999999,3.4349999999999996],[-76.44999999999999,3.4299999999999997]]]},"properties":{"value":0.1752,"sigma":0.0544}},{"type":"Feature","geometry":{"type":"Polygon","coordinates":[[[-76.445,3.4299999999999997],[-76.44,3.4299999999999997],[-76.44,3.4349999999999996],[-76.445,3.4349999999999996],[-76.445,3.4299999999999997]]]},"properties":{"value":0.179,"sigma":0.0607}},{"type":"Feature","geometry":{"type":"Polygon","coordinates":[[[-76.44,3.4299999999999997],[-76.435,3.4299999999999997],[-76.435,3.4349999999999996],[-76.44,3.4349999999999996],[-76.44,3.4299999999999997]]]},"properties":{"value":0.1797,"sigma":0.0621}},{"type":"Feature","geometry":{"type":"Polygon","coordinates":[[[-76.43499999999999,3.4299999999999997],[-76.42999999999999,3.4299999999999997],[-76.42999999999999,3.4349999999999996],[-76.43499999999999,3.4349999999999996],[-76.43499999999999,3.4299999999999997]]]},"properties":{"value":0.173,"sigma":0.0626}},{"type":"Feature","geometry":{"type":"Polygon","coordinates":[[[-76.42999999999999,3.4299999999999997],[-76.425,3.4299999999999997],[-76.425,3.4349999999999996],[-76.42999999999999,3.4349999999999996],[-76.42999999999999,3.4299999999999997]]]},"properties":{"value":0.1745,"sigma":0.0739}},{"type":"Feature","geometry":{"type":"Polygon","coordinates":[[[-76.425,3.4299999999999997],[-76.42,3.4299999999999997],[-76.42,3.4349999999999996],[-76.425,3.4349999999999996],[-76.425,3.4299999999999997]]]},"properties":{"value":0.1818,"sigma":0.0734}},{"type":"Feature","geometry":{"type":"Polygon","coordinates":[[[-76.41999999999999,3.4299999999999997],[-76.41499999999999,3.4299999999999997],[-76.41499999999999,3.4349999999999996],[-76.41999999999999,3.4349999999999996],[-76.41999999999999,3.4299999999999997]]]},"properties":{"value":0.1699,"sigma":0.072}},{"type":"Feature","geometry":{"type":"Polygon","coordinates":[[[-76.41499999999999,3.4299999999999997],[-76.41,3.4299999999999997],[-76.41,3.4349999999999996],[-76.41499999999999,3.4349999999999996],[-76.41499999999999,3.4299999999999997]]]},"properties":{"value":0.1722,"sigma":0.0763}},{"type":"Feature","geometry":{"type":"Polygon","coordinates":[[[-76.41,3.4299999999999997],[-76.405,3.4299999999999997],[-76.405,3.4349999999999996],[-76.41,3.4349999999999996],[-76.41,3.4299999999999997]]]},"properties":{"value":0.1714,"sigma":0.0784}},{"type":"Feature","geometry":{"type":"Polygon","coordinates":[[[-76.40499999999999,3.4299999999999997],[-76.39999999999999,3.4299999999999997],[-76.39999999999999,3.4349999999999996],[-76.40499999999999,3.4349999999999996],[-76.40499999999999,3.4299999999999997]]]},"properties":{"value":0.1749,"sigma":0.0825}},{"type":"Feature","geometry":{"type":"Polygon","coordinates":[[[-76.6,3.435],[-76.595,3.435],[-76.595,3.44],[-76.6,3.44],[-76.6,3.435]]]},"properties":{"value":0.193,"sigma":0.0656}},{"type":"Feature","geometry":{"type":"Polygon","coordinates":[[[-76.595,3.435],[-76.59,3.435],[-76.59,3.44],[-76.595,3.44],[-76.595,3.435]]]},"properties":{"value":0.2053,"sigma":0.0671}},{"type":"Feature","geometry":{"type":"Polygon","coordinates":[[[-76.58999999999999,3.435],[-76.585,3.435],[-76.585,3.44],[-76.58999999999999,3.44],[-76.58999999999999,3.435]]]},"properties":{"value":0.1988,"sigma":0.0643}},{"type":"Feature","geometry":{"type":"Polygon","coordinates":[[[-76.585,3.435],[-76.58,3.435],[-76.58,3.44],[-76.585,3.44],[-76.585,3.435]]]},"properties":{"value":0.2219,"sigma":0.0596}},{"type":"Feature","geometry":{"type":"Polygon","coordinates":[[[-76.58,3.435],[-76.575,3.435],[-76.575,3.44],[-76.58,3.44],[-76.58,3.435]]]},"properties":{"value":0.2485,"sigma":0.0552}},{"type":"Feature","geometry":{"type":"Polygon","coordinates":[[[-76.57499999999999,3.435],[-76.57,3.435],[-76.57,3.44],[-76.57499999999999,3.44],[-76.57499999999999,3.435]]]},"properties":{"value":0.2529,"sigma":0.0545}},{"type":"Feature","geometry":{"type":"Polygon","coordinates":[[[-76.57,3.435],[-76.565,3.435],[-76.565,3.44],[-76.57,3.44],[-76.57,3.435]]]},"properties":{"value":0.2776,"sigma":0.0539}},{"type":"Feature","geometry":{"type":"Polygon","coordinates":[[[-76.565,3.435],[-76.56,3.435],[-76.56,3.44],[-76.565,3.44],[-76.565,3.435]]]},"properties":{"value":0.2834,"sigma":0.0499}},{"type":"Feature","geometry":{"type":"Polygon","coordinates":[[[-76.55999999999999,3.435],[-76.55499999999999,3.435],[-76.55499999999999,3.44],[-76.55999999999999,3.44],[-76.55999999999999,3.435]]]},"properties":{"value":0.3026,"sigma":0.0505}},{"type":"Feature","geometry":{"type":"Polygon","coordinates":[[[-76.55499999999999,3.435],[-76.55,3.435],[-76.55,3.44],[-76.55499999999999,3.44],[-76.55499999999999,3.435]]]},"properties":{"value":0.3025,"sigma":0.0463}},{"type":"Feature","geometry":{"type":"Polygon","coordinates":[[[-76.55,3.435],[-76.545,3.435],[-76.545,3.44],[-76.55,3.44],[-76.55,3.435]]]},"properties":{"value":0.2925,"sigma":0.0411}},{"type":"Feature","geometry":{"type":"Polygon","coordinates":[[[-76.54499999999999,3.435],[-76.53999999999999,3.435],[-76.53999999999999,3.44],[-76.54499999999999,3.44],[-76.54499999999999,3.435]]]},"properties":{"value":0.3035,"sigma":0.042}},{"type":"Feature","geometry":{"type":"Polygon","coordinates":[[[-76.53999999999999,3.435],[-76.535,3.435],[-76.535,3.44],[-76.53999999999999,3.44],[-76.53999999999999,3.435]]]},"properties":{"value":0.3031,"sigma":0.0478}},{"type":"Feature","geometry":{"type":"Polygon","coordinates":[[[-76.535,3.435],[-76.53,3.435],[-76.53,3.44],[-76.535,3.44],[-76.535,3.435]]]},"properties":{"value":0.2918,"sigma":0.036}},{"type":"Feature","geometry":{"type":"Polygon","coordinates":[[[-76.52999999999999,3.435],[-76.52499999999999,3.435],[-76.52499999999999,3.44],[-76.52999999999999,3.44],[-76.52999999999999,3.435]]]},"properties":{"value":0.2857,"sigma":0.038}},{"type":"Feature","geometry":{"type":"Polygon","coordinates":[[[-76.52499999999999,3.435],[-76.52,3.435],[-76.52,3.44],[-76.52499999999999,3.44],[-76.52499999999999,3.435]]]},"properties":{"value":0.2874,"sigma":0.0351}},{"type":"Feature","geometry":{"type":"Polygon","coordinates":[[[-76.52,3.435],[-76.515,3.435],[-76.515,3.44],[-76.52,3.44],[-76.52,3.435]]]},"properties":{"value":0.2617,"sigma":0.0406}},{"type":"Feature","geometry":{"type":"Polygon","coordinates":[[[-76.51499999999999,3.435],[-76.50999999999999,3.435],[-76.50999999999999,3.44],[-76.51499999999999,3.44],[-76.51499999999999,3.435]]]},"properties":{"value":0.2506,"sigma":0.0343}},{"type":"Feature","geometry":{"type":"Polygon","coordinates":[[[-76.50999999999999,3.435],[-76.505,3.435],[-76.505,3.44],[-76.50999999999999,3.44],[-76.50999999999999,3.435]]]},"properties":{"value":0.2509,"sigma":0.0434}},{"type":"Feature","geometry":{"type":"Polygon","coordinates":[[[-76.505,3.435],[-76.5,3.435],[-76.5,3.44],[-76.505,3.44],[-76.505,3.435]]]},"properties":{"value":0.239,"sigma":0.0409}},{"type":"Feature","geometry":{"type":"Polygon","coordinates":[[[-76.49999999999999,3.435],[-76.49499999999999,3.435],[-76.49499999999999,3.44],[-76.49999999999999,3.44],[-76.49999999999999,3.435]]]},"properties":{"value":0.216,"sigma":0.0377}},{"type":"Feature","geometry":{"type":"Polygon","coordinates":[[[-76.49499999999999,3.435],[-76.49,3.435],[-76.49,3.44],[-76.49499999999999,3.44],[-76.49499999999999,3.435]]]},"properties":{"value":0.2062,"sigma":0.0426}},{"type":"Feature","geometry":{"type":"Polygon","coordinates":[[[-76.49,3.435],[-76.485,3.435],[-76.485,3.44],[-76.49,3.44],[-76.49,3.435]]]},"properties":{"value":0.2091,"sigma":0.046}},{"type":"Feature","geometry":{"type":"Polygon","coordinates":[[[-76.48499999999999,3.435],[-76.47999999999999,3.435],[-76.47999999999999,3.44],[-76.48499999999999,3.44],[-76.48499999999999,3.435]]]},"properties":{"value":0.1967,"sigma":0.0448}},{"type":"Feature","geometry":{"type":"Polygon","coordinates":[[[-76.47999999999999,3.435],[-76.475,3.435],[-76.475,3.44],[-76.47999999999999,3.44],[-76.47999999999999,3.435]]]},"properties":{"value":0.1745,"sigma":0.0444}},{"type":"Feature","geometry":{"type":"Polygon","coordinates":[[[-76.475,3.435],[-76.47,3.435],[-76.47,3.44],[-76.475,3.44],[-76.475,3.435]]]},"properties":{"value":0.1926,"sigma":0.049}},{"type":"Feature","geometry":{"type":"Polygon","coordinates":[[[-76.47,3.435],[-76.465,3.435],[-76.465,3.44],[-76.47,3.44],[-76.47,3.435]]]},"properties":{"value":0.1798,"sigma":0.0512}},{"type":"Feature","geometry":{"type":"Polygon","coordinates":[[[-76.46499999999999,3.435],[-76.46,3.435],[-76.46,3.44],[-76.46499999999999,3.44],[-76.46499999999999,3.435]]]},"properties":{"value":0.1879,"sigma":0.0516}},{"type":"Feature","geometry":{"type":"Polygon","coordinates":[[[-76.46,3.435],[-76.455,3.435],[-76.455,3.44],[-76.46,3.44],[-76.46,3.435]]]},"properties":{"value":0.176,"sigma":0.0549}},{"type":"Feature","geometry":{"type":"Polygon","coordinates":[[[-76.455,3.435],[-76.45,3.435],[-76.45,3.44],[-76.455,3.44],[-76.455,3.435]]]},"properties":{"value":0.1822,"sigma":0.0586}},{"type":"Feature","geometry":{"type":"Polygon","coordinates":[[[-76.44999999999999,3.435],[-76.445,3.435],[-76.445,3.44],[-76.44999999999999,3.44],[-76.44999999999999,3.435]]]},"properties":{"value":0.176,"sigma":0.0612}},{"type":"Feature","geometry":{"type":"Polygon","coordinates":[[[-76.445,3.435],[-76.44,3.435],[-76.44,3.44],[-76.445,3.44],[-76.445,3.435]]]},"properties":{"value":0.1742,"sigma":0.0613}},{"type":"Feature","geometry":{"type":"Polygon","coordinates":[[[-76.44,3.435],[-76.435,3.435],[-76.435,3.44],[-76.44,3.44],[-76.44,3.435]]]},"properties":{"value":0.186,"sigma":0.0633}},{"type":"Feature","geometry":{"type":"Polygon","coordinates":[[[-76.43499999999999,3.435],[-76.42999999999999,3.435],[-76.42999999999999,3.44],[-76.43499999999999,3.44],[-76.43499999999999,3.435]]]},"properties":{"value":0.1781,"sigma":0.0678}},{"type":"Feature","geometry":{"type":"Polygon","coordinates":[[[-76.42999999999999,3.435],[-76.425,3.435],[-76.425,3.44],[-76.42999999999999,3.44],[-76.42999999999999,3.435]]]},"properties":{"value":0.1788,"sigma":0.0707}},{"type":"Feature","geometry":{"type":"Polygon","coordinates":[[[-76.425,3.435],[-76.42,3.435],[-76.42,3.44],[-76.425,3.44],[-76.425,3.435]]]},"properties":{"value":0.1887,"sigma":0.0793}},{"type":"Feature","geometry":{"type":"Polygon","coordinates":[[[-76.41999999999999,3.435],[-76.41499999999999,3.435],[-76.41499999999999,3.44],[-76.41999999999999,3.44],[-76.41999999999999,3.435]]]},"properties":{"value":0.1659,"sigma":0.0747}},{"type":"Feature","geometry":{"type":"Polygon","coordinates":[[[-76.41499999999999,3.435],[-76.41,3.435],[-76.41,3.44],[-76.41499999999999,3.44],[-76.41499999999999,3.435]]]},"properties":{"value":0.1795,"sigma":0.0761}},{"type":"Feature","geometry":{"type":"Polygon","coordinates":[[[-76.41,3.435],[-76.405,3.435],[-76.405,3.44],[-76.41,3.44],[-76.41,3.435]]]},"properties":{"value":0.1812,"sigma":0.0818}},{"type":"Feature","geometry":{"type":"Polygon","coordinates":[[[-76.40499999999999,3.435],[-76.39999999999999,3.435],[-76.39999999999999,3.44],[-76.40499999999999,3.44],[-76.40499999999999,3.435]]]},"properties":{"value":0.1834,"sigma":0.079}},{"type":"Feature","geometry":{"type":"Polygon","coordinates":[[[-76.6,3.44],[-76.595,3.44],[-76.595,3.445],[-76.6,3.445],[-76.6,3.44]]]},"properties":{"value":0.1951,"sigma":0.0647}},{"type":"Feature","geometry":{"type":"Polygon","coordinates":[[[-76.595,3.44],[-76.59,3.44],[-76.59,3.445],[-76.595,3.445],[-76.595,3.44]]]},"properties":{"value":0.2131,"sigma":0.0671}},{"type":"Feature","geometry":{"type":"Polygon","coordinates":[[[-76.58999999999999,3.44],[-76.585,3.44],[-76.585,3.445],[-76.58999999999999,3.445],[-76.58999999999999,3.44]]]},"properties":{"value":0.219,"sigma":0.0585}},{"type":"Feature","geometry":{"type":"Polygon","coordinates":[[[-76.585,3.44],[-76.58,3.44],[-76.58,3.445],[-76.585,3.445],[-76.585,3.44]]]},"properties":{"value":0.2293,"sigma":0.0613}},{"type":"Feature","geometry":{"type":"Polygon","coordinates":[[[-76.58,3.44],[-76.575,3.44],[-76.575,3.445],[-76.58,3.445],[-76.58,3.44]]]},"properties":{"value":0.2332,"sigma":0.0583}},{"type":"Feature","geometry":{"type":"Polygon","coordinates":[[[-76.57499999999999,3.44],[-76.57,3.44],[-76.57,3.445],[-76.57499999999999,3.445],[-76.57499999999999,3.44]]]},"properties":{"value":0.2665,"sigma":0.0581}},{"type":"Feature","geometry":{"type":"Polygon","coordinates":[[[-76.57,3.44],[-76.565,3.44],[-76.565,3.445],[-76.57,3.445],[-76.57,3.44]]]},"properties":{"value":0.281,"sigma":0.0543}},{"type":"Feature","geometry":{"type":"Polygon","coordinates":[[[-76.565,3.44],[-76.56,3.44],[-76.56,3.445],[-76.565,3.445],[-76.565,3.44]]]},"properties":{"value":0.2792,"sigma":0.0487}},{"type":"Feature","geometry":{"type":"Polygon","coordinates":[[[-76.55999999999999,3.44],[-76.55499999999999,3.44],[-76.55499999999999,3.445],[-76.55999999999999,3.445],[-76.55999999999999,3.44]]]},"properties":{"value":0.301,"sigma":0.046}},{"type":"Feature","geometry":{"type":"Polygon","coordinates":[[[-76.55499999999999,3.44],[-76.55,3.44],[-76.55,3.445],[-76.55499999999999,3.445],[-76.55499999999999,3.44]]]},"properties":{"value":0.306,"sigma":0.0425}},{"type":"Feature","geometry":{"type":"Polygon","coordinates":[[[-76.55,3.44],[-76.545,3.44],[-76.545,3.445],[-76.55,3.445],[-76.55,3.44]]]},"properties":{"value":0.2999,"sigma":0.0427}},{"type":"Feature","geometry":{"type":"Polygon","coordinates":[[[-76.54499999999999,3.44],[-76.53999999999999,3.44],[-76.53999999999999,3.445],[-76.54499999999999,3.445],[-76.54499999999999,3.44]]]},"properties":{"value":0.3032,"sigma":0.0434}},{"type":"Feature","geometry":{"type":"Polygon","coordinates":[[[-76.53999999999999,3.44],[-76.535,3.44],[-76.535,3.445],[-76.53999999999999,3.445],[-76.53999999999999,3.44]]]},"properties":{"value":0.3061,"sigma":0.0359}},{"type":"Feature","geometry":{"type":"Polygon","coordinates":[[[-76.535,3.44],[-76.53,3.44],[-76.53,3.445],[-76.535,3.445],[-76.535,3.44]]]},"properties":{"value":0.2866,"sigma":0.0429}},{"type":"Feature","geometry":{"type":"Polygon","coordinates":[[[-76.52999999999999,3.44],[-76.52499999999999,3.44],[-76.52499999999999,3.445],[-76.52999999999999,3.445],[-76.52999999999999,3.44]]]},"properties":{"value":0.2777,"sigma":0.0363}},{"type":"Feature","geometry":{"type":"Polygon","coordinates":[[[-76.52499999999999,3.44],[-76.52,3.44],[-76.52,3.445],[-76.52499999999999,3.445],[-76.52499999999999,3.44]]]},"properties":{"value":0.2603,"sigma":0.0329}},{"type":"Feature","geometry":{"type":"Polygon","coordinates":[[[-76.52,3.44],[-76.515,3.44],[-76.515,3.445],[-76.52,3.445],[-76.52,3.44]]]},"properties":{"value":0.2584,"sigma":0.037}},{"type":"Feature","geometry":{"type":"Polygon","coordinates":[[[-76.51499999999999,3.44],[-76.50999999999999,3.44],[-76.50999999999999,3.445],[-76.51499999999999,3.445],[-76.51499999999999,3.44]]]},"properties":{"value":0.252,"sigma":0.0342}},{"type":"Feature","geometry":{"type":"Polygon","coordinates":[[[-76.50999999999999,3.44],[-76.505,3.44],[-76.505,3.445],[-76.50999999999999,3.445],[-76.50999999999999,3.44]]]},"properties":{"value":0.2453,"sigma":0.0378}},{"type":"Feature","geometry":{"type":"Polygon","coordinates":[[[-76.505,3.44],[-76.5,3.44],[-76.5,3.445],[-76.505,3.445],[-76.505,3.44]]]},"properties":{"value":0.2289,"sigma":0.0441}},{"type":"Feature","geometry":{"type":"Polygon","coordinates":[[[-76.49999999999999,3.44],[-76.49499999999999,3.44],[-76.49499999999999,3.445],[-76.49999999999999,3.445],[-76.49999999999999,3.44]]]},"properties":{"value":0.2216,"sigma":0.0383}},{"type":"Feature","geometry":{"type":"Polygon","coordinates":[[[-76.49499999999999,3.44],[-76.49,3.44],[-76.49,3.445],[-76.49499999999999,3.445],[-76.49499999999999,3.44]]]},"properties":{"value":0.2162,"sigma":0.0452}},{"type":"Feature","geometry":{"type":"Polygon","coordinates":[[[-76.49,3.44],[-76.485,3.44],[-76.485,3.445],[-76.49,3.445],[-76.49,3.44]]]},"properties":{"value":0.2025,"sigma":0.0454}},{"type":"Feature","geometry":{"type":"Polygon","coordinates":[[[-76.48499999999999,3.44],[-76.47999999999999,3.44],[-76.47999999999999,3.445],[-76.48499999999999,3.445],[-76.48499999999999,3.44]]]},"properties":{"value":0.1932,"sigma":0.0458}},{"type":"Feature","geometry":{"type":"Polygon","coordinates":[[[-76.47999999999999,3.44],[-76.475,3.44],[-76.475,3.445],[-76.47999999999999,3.445],[-76.47999999999999,3.44]]]},"properties":{"value":0.1963,"sigma":0.0504}},{"type":"Feature","geometry":{"type":"Polygon","coordinates":[[[-76.475,3.44],[-76.47,3.44],[-76.47,3.445],[-76.475,3.445],[-76.475,3.44]]]},"properties":{"value":0.1774,"sigma":0.0532}},{"type":"Feature","geometry":{"type":"Polygon","coordinates":[[[-76.47,3.44],[-76.465,3.44],[-76.465,3.445],[-76.47,3.445],[-76.47,3.44]]]},"properties":{"value":0.1973,"sigma":0.052}},{"type":"Feature","geometry":{"type":"Polygon","coordinates":[[[-76.46499999999999,3.44],[-76.46,3.44],[-76.46,3.445],[-76.46499999999999,3.445],[-76.46499999999999,3.44]]]},"properties":{"value":0.1769,"sigma":0.0539}},{"type":"Feature","geometry":{"type":"Polygon","coordinates":[[[-76.46,3.44],[-76.455,3.44],[-76.455,3.445],[-76.46,3.445],[-76.46,3.44]]]},"properties":{"value":0.1899,"sigma":0.0559}},{"type":"Feature","geometry":{"type":"Polygon","coordinates":[[[-76.455,3.44],[-76.45,3.44],[-76.45,3.445],[-76.455,3.445],[-76.455,3.44]]]},"properties":{"value":0.169,"sigma":0.0536}},{"type":"Feature","geometry":{"type":"Polygon","coordinates":[[[-76.44999999999999,3.44],[-76.445,3.44],[-76.445,3.445],[-76.44999999999999,3.445],[-76.44999999999999,3.44]]]},"properties":{"value":0.1688,"sigma":0.0605}},{"type":"Feature","geometry":{"type":"Polygon","coordinates":[[[-76.445,3.44],[-76.44,3.44],[-76.44,3.445],[-76.445,3.445],[-76.445,3.44]]]},"properties":{"value":0.182,"sigma":0.0615}},{"type":"Feature","geometry":{"type":"Polygon","coordinates":[[[-76.44,3.44],[-76.435,3.44],[-76.435,3.445],[-76.44,3.445],[-76.44,3.44]]]},"properties":{"value":0.1774,"sigma":0.0678}},{"type":"Feature","geometry":{"type":"Polygon","coordinates":[[[-76.43499999999999,3.44],[-76.42999999999999,3.44],[-76.42999999999999,3.445],[-76.43499999999999,3.445],[-76.43499999999999,3.44]]]},"properties":{"value":0.1727,"sigma":0.0611}},{"type":"Feature","geometry":{"type":"Polygon","coordinates":[[[-76.42999999999999,3.44],[-76.425,3.44],[-76.425,3.445],[-76.42999999999999,3.445],[-76.42999999999999,3.44]]]},"properties":{"value":0.1801,"sigma":0.0721}},{"type":"Feature","geometry":{"type":"Polygon","coordinates":[[[-76.425,3.44],[-76.42,3.44],[-76.42,3.445],[-76.425,3.445],[-76.425,3.44]]]},"properties":{"value":0.1884,"sigma":0.071}},{"type":"Feature","geometry":{"type":"Polygon","coordinates":[[[-76.41999999999999,3.44],[-76.41499999999999,3.44],[-76.41499999999999,3.445],[-76.41999999999999,3.445],[-76.41999999999999,3.44]]]},"properties":{"value":0.1839,"sigma":0.0736}},{"type":"Feature","geometry":{"type":"Polygon","coordinates":[[[-76.41499999999999,3.44],[-76.41,3.44],[-76.41,3.445],[-76.41499999999999,3.445],[-76.41499999999999,3.44]]]},"properties":{"value":0.1929,"sigma":0.0785}},{"type":"Feature","geometry":{"type":"Polygon","coordinates":[[[-76.41,3.44],[-76.405,3.44],[-76.405,3.445],[-76.41,3.445],[-76.41,3.44]]]},"properties":{"value":0.1784,"sigma":0.0747}},{"type":"Feature","geometry":{"type":"Polygon","coordinates":[[[-76.40499999999999,3.44],[-76.39999999999999,3.44],[-76.39999999999999,3.445],[-76.40499999999999,3.445],[-76.40499999999999,3.44]]]},"properties":{"value":0.1729,"sigma":0.0784}},{"type":"Feature","geometry":{"type":"Polygon","coordinates":[[[-76.6,3.445],[-76.595,3.445],[-76.595,3.4499999999999997],[-76.6,3.4499999999999997],[-76.6,3.445]]]},"properties":{"value":0.201,"sigma":0.0658}},{"type":"Feature","geometry":{"type":"Polygon","coordinates":[[[-76.595,3.445],[-76.59,3.445],[-76.59,3.4499999999999997],[-76.595,3.4499999999999997],[-76.595,3.445]]]},"properties":{"value":0.2083,"sigma":0.0618}},{"type":"Feature","geometry":{"type":"Polygon","coordinates":[[[-76.58999999999999,3.445],[-76.585,3.445],[-76.585,3.4499999999999997],[-76.58999999999999,3.4499999999999997],[-76.58999999999999,3.445]]]},"properties":{"value":0.2133,"sigma":0.0652}},{"type":"Feature","geometry":{"type":"Polygon","coordinates":[[[-76.585,3.445],[-76.58,3.445],[-76.58,3.4499999999999997],[-76.585,3.4499999999999997],[-76.585,3.445]]]},"properties":{"value":0.2453,"sigma":0.0632}},{"type":"Feature","geometry":{"type":"Polygon","coordinates":[[[-76.58,3.445],[-76.575,3.445],[-76.575,3.4499999999999997],[-76.58,3.4499999999999997],[-76.58,3.445]]]},"properties":{"value":0.2516,"sigma":0.0583}},{"type":"Feature","geometry":{"type":"Polygon","coordinates":[[[-76.57499999999999,3.445],[-76.57,3.445],[-76.57,3.4499999999999997],[-76.57499999999999,3.4499999999999997],[-76.57499999999999,3.445]]]},"properties":{"value":0.2666,"sigma":0.0557}},{"type":"Feature","geometry":{"type":"Polygon","coordinates":[[[-76.57,3.445],[-76.565,3.445],[-76.565,3.4499999999999997],[-76.57,3.4499999999999997],[-76.57,3.445]]]},"properties":{"value":0.2822,"sigma":0.0544}},{"type":"Feature","geometry":{"type":"Polygon","coordinates":[[[-76.565,3.445],[-76.56,3.445],[-76.56,3.4499999999999997],[-76.565,3.4499999999999997],[-76.565,3.445]]]},"properties":{"value":0.2824,"sigma":0.0529}},{"type":"Feature","geometry":{"type":"Polygon","coordinates":[[[-76.55999999999999,3.445],[-76.55499999999999,3.445],[-76.55499999999999,3.4499999999999997],[-76.55999999999999,3.4499999999999997],[-76.55999999999999,3.445]]]},"properties":{"value":0.282,"sigma":0.0477}},{"type":"Feature","geometry":{"type":"Polygon","coordinates":[[[-76.55499999999999,3.445],[-76.55,3.445],[-76.55,3.4499999999999997],[-76.55499999999999,3.4499999999999997],[-76.55499999999999,3.445]]]},"properties":{"value":0.316,"sigma":0.0417}},{"type":"Feature","geometry":{"type":"Polygon","coordinates":[[[-76.55,3.445],[-76.545,3.445],[-76.545,3.4499999999999997],[-76.55,3.4499999999999997],[-76.55,3.445]]]},"properties":{"value":0.316,"sigma":0.0447}},{"type":"Feature","geometry":{"type":"Polygon","coordinates":[[[-76.54499999999999,3.445],[-76.53999999999999,3.445],[-76.53999999999999,3.4499999999999997],[-76.54499999999999,3.4499999999999997],[-76.54499999999999,3.445]]]},"properties":{"value":0.2896,"sigma":0.0413}},{"type":"Feature","geometry":{"type":"Polygon","coordinates":[[[-76.53999999999999,3.445],[-76.535,3.445],[-76.535,3.4499999999999997],[-76.53999999999999,3.4499999999999997],[-76.53999999999999,3.445]]]},"properties":{"value":0.2934,"sigma":0.0324}},{"type":"Feature","geometry":{"type":"Polygon","coordinates":[[[-76.535,3.445],[-76.53,3.445],[-76.53,3.4499999999999997],[-76.535,3.4499999999999997],[-76.535,3.445]]]},"properties":{"value":0.299,"sigma":0.0354}},{"type":"Feature","geometry":{"type":"Polygon","coordinates":[[[-76.52999999999999,3.445],[-76.52499999999999,3.445],[-76.52499999999999,3.4499999999999997],[-76.52999999999999,3.4499999999999997],[-76.52999999999999,3.445]]]},"properties":{"value":0.2761,"sigma":0.0376}},{"type":"Feature","geometry":{"type":"Polygon","coordinates":[[[-76.52499999999999,3.445],[-76.52,3.445],[-76.52,3.4499999999999997],[-76.52499999999999,3.4499999999999997],[-76.52499999999999,3.445]]]},"properties":{"value":0.2485,"sigma":0.0339}},{"type":"Feature","geometry":{"type":"Polygon","coordinates":[[[-76.52,3.445],[-76.515,3.445],[-76.515,3.4499999999999997],[-76.52,3.4499999999999997],[-76.52,3.445]]]},"properties":{"value":0.2551,"sigma":0.0289}},{"type":"Feature","geometry":{"type":"Polygon","coordinates":[[[-76.51499999999999,3.445],[-76.50999999999999,3.445],[-76.50999999999999,3.4499999999999997],[-76.51499999999999,3.4499999999999997],[-76.51499999999999,3.445]]]},"properties":{"value":0.2513,"sigma":0.0352}},{"type":"Feature","geometry":{"type":"Polygon","coordinates":[[[-76.50999999999999,3.445],[-76.505,3.445],[-76.505,3.4499999999999997],[-76.50999999999999,3.4499999999999997],[-76.50999999999999,3.445]]]},"properties":{"value":0.2275,"sigma":0.0366}},{"type":"Feature","geometry":{"type":"Polygon","coordinates":[[[-76.505,3.445],[-76.5,3.445],[-76.5,3.4499999999999997],[-76.505,3.4499999999999997],[-76.505,3.445]]]},"properties":{"value":0.2185,"sigma":0.0423}},{"type":"Feature","geometry":{"type":"Polygon","coordinates":[[[-76.49999999999999,3.445],[-76.49499999999999,3.445],[-76.49499999999999,3.4499999999999997],[-76.49999999999999,3.4499999999999997],[-76.49999999999999,3.445]]]},"properties":{"value":0.1952,"sigma":0.0392}},{"type":"Feature","geometry":{"type":"Polygon","coordinates":[[[-76.49499999999999,3.445],[-76.49,3.445],[-76.49,3.4499999999999997],[-76.49499999999999,3.4499999999999997],[-76.49499999999999,3.445]]]},"properties":{"value":0.1941,"sigma":0.0431}},{"type":"Feature","geometry":{"type":"Polygon","coordinates":[[[-76.49,3.445],[-76.485,3.445],[-76.485,3.4499999999999997],[-76.49,3.4499999999999997],[-76.49,3.445]]]},"properties":{"value":0.2182,"sigma":0.0479}},{"type":"Feature","geometry":{"type":"Polygon","coordinates":[[[-76.48499999999999,3.445],[-76.47999999999999,3.445],[-76.47999999999999,3.4499999999999997],[-76.48499999999999,3.4499999999999997],[-76.48499999999999,3.445]]]},"properties":{"value":0.2041,"sigma":0.0421}},{"type":"Feature","geometry":{"type":"Polygon","coordinates":[[[-76.47999999999999,3.445],[-76.475,3.445],[-76.475,3.4499999999999997],[-76.47999999999999,3.4499999999999997],[-76.47999999999999,3.445]]]},"properties":{"value":0.1888,"sigma":0.0481}},{"type":"Feature","geometry":{"type":"Polygon","coordinates":[[[-76.475,3.445],[-76.47,3.445],[-76.47,3.4499999999999997],[-76.475,3.4499999999999997],[-76.475,3.445]]]},"properties":{"value":0.1929,"sigma":0.0504}},{"type":"Feature","geometry":{"type":"Polygon","coordinates":[[[-76.47,3.445],[-76.465,3.445],[-76.465,3.4499999999999997],[-76.47,3.4499999999999997],[-76.47,3.445]]]},"properties":{"value":0.1919,"sigma":0.0554}},{"type":"Feature","geometry":{"type":"Polygon","coordinates":[[[-76.46499999999999,3.445],[-76.46,3.445],[-76.46,3.4499999999999997],[-76.46499999999999,3.4499999999999997],[-76.46499999999999,3.445]]]},"properties":{"value":0.2,"sigma":0.05}},{"type":"Feature","geometry":{"type":"Polygon","coordinates":[[[-76.46,3.445],[-76.455,3.445],[-76.455,3.4499999999999997],[-76.46,3.4499999999999997],[-76.46,3.445]]]},"properties":{"value":0.1941,"sigma":0.0596}},{"type":"Feature","geometry":{"type":"Polygon","coordinates":[[[-76.455,3.445],[-76.45,3.445],[-76.45,3.4499999999999997],[-76.455,3.4499999999999997],[-76.455,3.445]]]},"properties":{"value":0.1914,"sigma":0.058}},{"type":"Feature","geometry":{"type":"Polygon","coordinates":[[[-76.44999999999999,3.445],[-76.445,3.445],[-76.445,3.4499999999999997],[-76.44999999999999,3.4499999999999997],[-76.44999999999999,3.445]]]},"properties":{"value":0.1853,"sigma":0.0613}},{"type":"Feature","geometry":{"type":"Polygon","coordinates":[[[-76.445,3.445],[-76.44,3.445],[-76.44,3.4499999999999997],[-76.445,3.4499999999999997],[-76.445,3.445]]]},"properties":{"value":0.185,"sigma":0.0652}},{"type":"Feature","geometry":{"type":"Polygon","coordinates":[[[-76.44,3.445],[-76.435,3.445],[-76.435,3.4499999999999997],[-76.44,3.4499999999999997],[-76.44,3.445]]]},"properties":{"value":0.1914,"sigma":0.0679}},{"type":"Feature","geometry":{"type":"Polygon","coordinates":[[[-76.43499999999999,3.445],[-76.42999999999999,3.445],[-76.42999999999999,3.4499999999999997],[-76.43499999999999,3.4499999999999997],[-76.43499999999999,3.445]]]},"properties":{"value":0.1907,"sigma":0.0699}},{"type":"Feature","geometry":{"type":"Polygon","coordinates":[[[-76.42999999999999,3.445],[-76.425,3.445],[-76.425,3.4499999999999997],[-76.42999999999999,3.4499999999999997],[-76.42999999999999,3.445]]]},"properties":{"value":0.1817,"sigma":0.0657}},{"type":"Feature","geometry":{"type":"Polygon","coordinates":[[[-76.425,3.445],[-76.42,3.445],[-76.42,3.4499999999999997],[-76.425,3.4499999999999997],[-76.425,3.445]]]},"properties":{"value":0.174,"sigma":0.0733}},{"type":"Feature","geometry":{"type":"Polygon","coordinates":[[[-76.41999999999999,3.445],[-76.41499999999999,3.445],[-76.41499999999999,3.4499999999999997],[-76.41999999999999,3.4499999999999997],[-76.41999999999999,3.445]]]},"properties":{"value":0.1918,"sigma":0.0742}},{"type":"Feature","geometry":{"type":"Polygon","coordinates":[[[-76.41499999999999,3.445],[-76.41,3.445],[-76.41,3.4499999999999997],[-76.41499999999999,3.4499999999999997],[-76.41499999999999,3.445]]]},"properties":{"value":0.1757,"sigma":0.0778}},{"type":"Feature","geometry":{"type":"Polygon","coordinates":[[[-76.41,3.445],[-76.405,3.445],[-76.405,3.4499999999999997],[-76.41,3.4499999999999997],[-76.41,3.445]]]},"properties":{"value":0.183,"sigma":0.0722}},{"type":"Feature","geometry":{"type":"Polygon","coordinates":[[[-76.40499999999999,3.445],[-76.39999999999999,3.445],[-76.39999999999999,3.4499999999999997],[-76.40499999999999,3.4499999999999997],[-76.40499999999999,3.445]]]},"properties":{"value":0.1835,"sigma":0.0762}},{"type":"Feature","geometry":{"type":"Polygon","coordinates":[[[-76.6,3.4499999999999997],[-76.595,3.4499999999999997],[-76.595,3.4549999999999996],[-76.6,3.4549999999999996],[-76.6,3.4499999999999997]]]},"properties":{"value":0.1958,"sigma":0.0671}},{"type":"Feature","geometry":{"type":"Polygon","coordinates":[[[-76.595,3.4499999999999997],[-76.59,3.4499999999999997],[-76.59,3.4549999999999996],[-76.595,3.4549999999999996],[-76.595,3.4499999999999997]]]},"properties":{"value":0.1949,"sigma":0.0606}},{"type":"Feature","geometry":{"type":"Polygon","coordinates":[[[-76.58999999999999,3.4499999999999997],[-76.585,3.4499999999999997],[-76.585,3.4549999999999996],[-76.58999999999999,3.4549999999999996],[-76.58999999999999,3.4499999999999997]]]},"properties":{"value":0.2378,"sigma":0.0567}},{"type":"Feature","geometry":{"type":"Polygon","coordinates":[[[-76.585,3.4499999999999997],[-76.58,3.4499999999999997],[-76.58,3.4549999999999996],[-76.585,3.4549999999999996],[-76.585,3.4499999999999997]]]},"properties":{"value":0.2254,"sigma":0.0622}},{"type":"Feature","geometry":{"type":"Polygon","coordinates":[[[-76.58,3.4499999999999997],[-76.575,3.4499999999999997],[-76.575,3.4549999999999996],[-76.58,3.4549999999999996],[-76.58,3.4499999999999997]]]},"properties":{"value":0.2402,"sigma":0.0541}},{"type":"Feature","geometry":{"type":"Polygon","coordinates":[[[-76.57499999999999,3.4499999999999997],[-76.57,3.4499999999999997],[-76.57,3.4549999999999996],[-76.57499999999999,3.4549999999999996],[-76.57499999999999,3.4499999999999997]]]},"properties":{"value":0.2496,"sigma":0.049}},{"type":"Feature","geometry":{"type":"Polygon","coordinates":[[[-76.57,3.4499999999999997],[-76.565,3.4499999999999997],[-76.565,3.4549999999999996],[-76.57,3.4549999999999996],[-76.57,3.4499999999999997]]]},"properties":{"value":0.2762,"sigma":0.0493}},{"type":"Feature","geometry":{"type":"Polygon","coordinates":[[[-76.565,3.4499999999999997],[-76.56,3.4499999999999997],[-76.56,3.4549999999999996],[-76.565,3.4549999999999996],[-76.565,3.4499999999999997]]]},"properties":{"value":0.2859,"sigma":0.0425}},{"type":"Feature","geometry":{"type":"Polygon","coordinates":[[[-76.55999999999999,3.4499999999999997],[-76.55499999999999,3.4499999999999997],[-76.55499999999999,3.4549999999999996],[-76.55999999999999,3.4549999999999996],[-76.55999999999999,3.4499999999999997]]]},"properties":{"value":0.293,"sigma":0.0472}},{"type":"Feature","geometry":{"type":"Polygon","coordinates":[[[-76.55499999999999,3.4499999999999997],[-76.55,3.4499999999999997],[-76.55,3.4549999999999996],[-76.55499999999999,3.4549999999999996],[-76.55499999999999,3.4499999999999997]]]},"properties":{"value":0.3031,"sigma":0.0446}},{"type":"Feature","geometry":{"type":"Polygon","coordinates":[[[-76.55,3.4499999999999997],[-76.545,3.4499999999999997],[-76.545,3.4549999999999996],[-76.55,3.4549999999999996],[-76.55,3.4499999999999997]]]},"properties":{"value":0.3043,"sigma":0.0419}},{"type":"Feature","geometry":{"type":"Polygon","coordinates":[[[-76.54499999999999,3.4499999999999997],[-76.53999999999999,3.4499999999999997],[-76.53999999999999,3.4549999999999996],[-76.54499999999999,3.4549999999999996],[-76.54499999999999,3.4499999999999997]]]},"properties":{"value":0.2854,"sigma":0.0427}},{"type":"Feature","geometry":{"type":"Polygon","coordinates":[[[-76.53999999999999,3.4499999999999997],[-76.535,3.4499999999999997],[-76.535,3.4549999999999996],[-76.53999999999999,3.4549999999999996],[-76.53999999999999,3.4499999999999997]]]},"properties":{"value":0.2772,"sigma":0.0362}},{"type":"Feature","geometry":{"type":"Polygon","coordinates":[[[-76.535,3.4499999999999997],[-76.53,3.4499999999999997],[-76.53,3.4549999999999996],[-76.535,3.4549999999999996],[-76.535,3.4499999999999997]]]},"properties":{"value":0.2695,"sigma":0.0326}},{"type":"Feature","geometry":{"type":"Polygon","coordinates":[[[-76.52999999999999,3.4499999999999997],[-76.52499999999999,3.4499999999999997],[-76.52499999999999,3.4549999999999996],[-76.52999999999999,3.4549999999999996],[-76.52999999999999,3.4499999999999997]]]},"properties":{"value":0.2611,"sigma":0.0349}},{"type":"Feature","geometry":{"type":"Polygon","coordinates":[[[-76.52499999999999,3.4499999999999997],[-76.52,3.4499999999999997],[-76.52,3.4549999999999996],[-76.52499999999999,3.4549999999999996],[-76.52499999999999,3.4499999999999997]]]},"properties":{"value":0.2465,"sigma":0.0365}},{"type":"Feature","geometry":{"type":"Polygon","coordinates":[[[-76.52,3.4499999999999997],[-76.515,3.4499999999999997],[-76.515,3.4549999999999996],[-76.52,3.4549999999999996],[-76.52,3.4499999999999997]]]},"properties":{"value":0.2357,"sigma":0.0324}},{"type":"Feature","geometry":{"type":"Polygon","coordinates":[[[-76.51499999999999,3.4499999999999997],[-76.50999999999999,3.4499999999999997],[-76.50999999999999,3.4549999999999996],[-76.51499999999999,3.4549999999999996],[-76.51499999999999,3.4499999999999997]]]},"properties":{"value":0.2242,"sigma":0.0378}},{"type":"Feature","geometry":{"type":"Polygon","coordinates":[[[-76.50999999999999,3.4499999999999997],[-76.505,3.4499999999999997],[-76.505,3.4549999999999996],[-76.50999999999999,3.4549999999999996],[-76.50999999999999,3.4499999999999997]]]},"properties":{"value":0.2254,"sigma":0.0324}},{"type":"Feature","geometry":{"type":"Polygon","coordinates":[[[-76.505,3.4499999999999997],[-76.5,3.4499999999999997],[-76.5,3.4549999999999996],[-76.505,3.4549999999999996],[-76.505,3.4499999999999997]]]},"properties":{"value":0.2054,"sigma":0.0365}},{"type":"Feature","geometry":{"type":"Polygon","coordinates":[[[-76.49999999999999,3.4499999999999997],[-76.49499999999999,3.4499999999999997],[-76.49499999999999,3.4549999999999996],[-76.49999999999999,3.4549999999999996],[-76.49999999999999,3.4499999999999997]]]},"properties":{"value":0.2129,"sigma":0.0369}},{"type":"Feature","geometry":{"type":"Polygon","coordinates":[[[-76.49499999999999,3.4499999999999997],[-76.49,3.4499999999999997],[-76.49,3.4549999999999996],[-76.49499999999999,3.4549999999999996],[-76.49499999999999,3.4499999999999997]]]},"properties":{"value":0.2026,"sigma":0.0386}},{"type":"Feature","geometry":{"type":"Polygon","coordinates":[[[-76.49,3.4499999999999997],[-76.485,3.4499999999999997],[-76.485,3.4549999999999996],[-76.49,3.4549999999999996],[-76.49,3.4499999999999997]]]},"properties":{"value":0.2124,"sigma":0.0447}},{"type":"Feature","geometry":{"type":"Polygon","coordinates":[[[-76.48499999999999,3.4499999999999997],[-76.47999999999999,3.4499999999999997],[-76.47999999999999,3.4549999999999996],[-76.48499999999999,3.4549999999999996],[-76.48499999999999,3.4499999999999997]]]},"properties":{"value":0.2007,"sigma":0.0464}},{"type":"Feature","geometry":{"type":"Polygon","coordinates":[[[-76.47999999999999,3.4499999999999997],[-76.475,3.4499999999999997],[-76.475,3.4549999999999996],[-76.47999999999999,3.4549999999999996],[-76.47999999999999,3.4499999999999997]]]},"properties":{"value":0.2097,"sigma":0.0492}},{"type":"Feature","geometry":{"type":"Polygon","coordinates":[[[-76.475,3.4499999999999997],[-76.47,3.4499999999999997],[-76.47,3.4549999999999996],[-76.475,3.4549999999999996],[-76.475,3.4499999999999997]]]},"properties":{"value":0.2017,"sigma":0.0511}},{"type":"Feature","geometry":{"type":"Polygon","coordinates":[[[-76.47,3.4499999999999997],[-76.465,3.4499999999999997],[-76.465,3.4549999999999996],[-76.47,3.4549999999999996],[-76.47,3.4499999999999997]]]},"properties":{"value":0.1894,"sigma":0.0511}},{"type":"Feature","geometry":{"type":"Polygon","coordinates":[[[-76.46499999999999,3.4499999999999997],[-76.46,3.4499999999999997],[-76.46,3.4549999999999996],[-76.46499999999999,3.4549999999999996],[-76.46499999999999,3.4499999999999997]]]},"properties":{"value":0.1966,"sigma":0.0595}},{"type":"Feature","geometry":{"type":"Polygon","coordinates":[[[-76.46,3.4499999999999997],[-76.455,3.4499999999999997],[-76.455,3.4549999999999996],[-76.46,3.4549999999999996],[-76.46,3.4499999999999997]]]},"properties":{"value":0.2089,"sigma":0.0577}},{"type":"Feature","geometry":{"type":"Polygon","coordinates":[[[-76.455,3.4499999999999997],[-76.45,3.4499999999999997],[-76.45,3.4549999999999996],[-76.455,3.4549999999999996],[-76.455,3.4499999999999997]]]},"properties":{"value":0.1931,"sigma":0.0606}},{"type":"Feature","geometry":{"type":"Polygon","coordinates":[[[-76.44999999999999,3.4499999999999997],[-76.445,3.4499999999999997],[-76.445,3.4549999999999996],[-76.44999999999999,3.4549999999999996],[-76.44999999999999,3.4499999999999997]]]},"properties":{"value":0.1959,"sigma":0.0596}},{"type":"Feature","geometry":{"type":"Polygon","coordinates":[[[-76.445,3.4499999999999997],[-76.44,3.4499999999999997],[-76.44,3.4549999999999996],[-76.445,3.4549999999999996],[-76.445,3.4499999999999997]]]},"properties":{"value":0.1804,"sigma":0.0695}},{"type":"Feature","geometry":{"type":"Polygon","coordinates":[[[-76.44,3.4499999999999997],[-76.435,3.4499999999999997],[-76.435,3.4549999999999996],[-76.44,3.4549999999999996],[-76.44,3.4499999999999997]]]},"properties":{"value":0.1788,"sigma":0.0606}},{"type":"Feature","geometry":{"type":"Polygon","coordinates":[[[-76.43499999999999,3.4499999999999997],[-76.42999999999999,3.4499999999999997],[-76.42999999999999,3.4549999999999996],[-76.43499999999999,3.4549999999999996],[-76.43499999999999,3.4499999999999997]]]},"properties":{"value":0.1775,"sigma":0.0638}},{"type":"Feature","geometry":{"type":"Polygon","coordinates":[[[-76.42999999999999,3.4499999999999997],[-76.425,3.4499999999999997],[-76.425,3.4549999999999996],[-76.42999999999999,3.4549999999999996],[-76.42999999999999,3.4499999999999997]]]},"properties":{"value":0.1872,"sigma":0.0739}},{"type":"Feature","geometry":{"type":"Polygon","coordinates":[[[-76.425,3.4499999999999997],[-76.42,3.4499999999999997],[-76.42,3.4549999999999996],[-76.425,3.4549999999999996],[-76.425,3.4499999999999997]]]},"properties":{"value":0.1945,"sigma":0.0764}},{"type":"Feature","geometry":{"type":"Polygon","coordinates":[[[-76.41999999999999,3.4499999999999997],[-76.41499999999999,3.4499999999999997],[-76.41499999999999,3.4549999999999996],[-76.41999999999999,3.4549999999999996],[-76.41999999999999,3.4499999999999997]]]},"properties":{"value":0.1792,"sigma":0.0731}},{"type":"Feature","geometry":{"type":"Polygon","coordinates":[[[-76.41499999999999,3.4499999999999997],[-76.41,3.4499999999999997],[-76.41,3.4549999999999996],[-76.41499999999999,3.4549999999999996],[-76.41499999999999,3.4499999999999997]]]},"properties":{"value":0.1798,"sigma":0.0844}},{"type":"Feature","geometry":{"type":"Polygon","coordinates":[[[-76.41,3.4499999999999997],[-76.405,3.4499999999999997],[-76.405,3.4549999999999996],[-76.41,3.4549999999999996],[-76.41,3.4499999999999997]]]},"properties":{"value":0.1825,"sigma":0.0785}},{"type":"Feature","geometry":{"type":"Polygon","coordinates":[[[-76.40499999999999,3.4499999999999997],[-76.39999999999999,3.4499999999999997],[-76.39999999999999,3.4549999999999996],[-76.40499999999999,3.4549999999999996],[-76.40499999999999,3.4499999999999997]]]},"properties":{"value":0.1873,"sigma":0.0789}},{"type":"Feature","geometry":{"type":"Polygon","coordinates":[[[-76.6,3.455],[-76.595,3.455],[-76.595,3.46],[-76.6,3.46],[-76.6,3.455]]]},"properties":{"value":0.1916,"sigma":0.0678}},{"type":"Feature","geometry":{"type":"Polygon","coordinates":[[[-76.595,3.455],[-76.59,3.455],[-76.59,3.46],[-76.595,3.46],[-76.595,3.455]]]},"properties":{"value":0.205,"sigma":0.0626}},{"type":"Feature","geometry":{"type":"Polygon","coordinates":[[[-76.58999999999999,3.455],[-76.585,3.455],[-76.585,3.46],[-76.58999999999999,3.46],[-76.58999999999999,3.455]]]},"properties":{"value":0.2084,"sigma":0.0645}},{"type":"Feature","geometry":{"type":"Polygon","coordinates":[[[-76.585,3.455],[-76.58,3.455],[-76.58,3.46],[-76.585,3.46],[-76.585,3.455]]]},"properties":{"value":0.2329,"sigma":0.0604}},{"type":"Feature","geometry":{"type":"Polygon","coordinates":[[[-76.58,3.455],[-76.575,3.455],[-76.575,3.46],[-76.58,3.46],[-76.58,3.455]]]},"properties":{"value":0.24,"sigma":0.0562}},{"type":"Feature","geometry":{"type":"Polygon","coordinates":[[[-76.57499999999999,3.455],[-76.57,3.455],[-76.57,3.46],[-76.57499999999999,3.46],[-76.57499999999999,3.455]]]},"properties":{"value":0.2501,"sigma":0.0559}},{"type":"Feature","geometry":{"type":"Polygon","coordinates":[[[-76.57,3.455],[-76.565,3.455],[-76.565,3.46],[-76.57,3.46],[-76.57,3.455]]]},"properties":{"value":0.2662,"sigma":0.0519}},{"type":"Feature","geometry":{"type":"Polygon","coordinates":[[[-76.565,3.455],[-76.56,3.455],[-76.56,3.46],[-76.565,3.46],[-76.565,3.455]]]},"properties":{"value":0.2681,"sigma":0.0476}},{"type":"Feature","geometry":{"type":"Polygon","coordinates":[[[-76.55999999999999,3.455],[-76.55499999999999,3.455],[-76.55499999999999,3.46],[-76.55999999999999,3.46],[-76.55999999999999,3.455]]]},"properties":{"value":0.2686,"sigma":0.0461}},{"type":"Feature","geometry":{"type":"Polygon","coordinates":[[[-76.55499999999999,3.455],[-76.55,3.455],[-76.55,3.46],[-76.55499999999999,3.46],[-76.55499999999999,3.455]]]},"properties":{"value":0.2817,"sigma":0.0437}},{"type":"Feature","geometry":{"type":"Polygon","coordinates":[[[-76.55,3.455],[-76.545,3.455],[-76.545,3.46],[-76.55,3.46],[-76.55,3.455]]]},"properties":{"value":0.2726,"sigma":0.0461}},{"type":"Feature","geometry":{"type":"Polygon","coordinates":[[[-76.54499999999999,3.455],[-76.53999999999999,3.455],[-76.53999999999999,3.46],[-76.54499999999999,3.46],[-76.54499999999999,3.455]]]},"properties":{"value":0.2775,"sigma":0.0462}},{"type":"Feature","geometry":{"type":"Polygon","coordinates":[[[-76.53999999999999,3.455],[-76.535,3.455],[-76.535,3.46],[-76.53999999999999,3.46],[-76.53999999999999,3.455]]]},"properties":{"value":0.2796,"sigma":0.0342}},{"type":"Feature","geometry":{"type":"Polygon","coordinates":[[[-76.535,3.455],[-76.53,3.455],[-76.53,3.46],[-76.535,3.46],[-76.535,3.455]]]},"properties":{"value":0.254,"sigma":0.0352}},{"type":"Feature","geometry":{"type":"Polygon","coordinates":[[[-76.52999999999999,3.455],[-76.52499999999999,3.455],[-76.52499999999999,3.46],[-76.52999999999999,3.46],[-76.52999999999999,3.455]]]},"properties":{"value":0.2424,"sigma":0.0358}},{"type":"Feature","geometry":{"type":"Polygon","coordinates":[[[-76.52499999999999,3.455],[-76.52,3.455],[-76.52,3.46],[-76.52499999999999,3.46],[-76.52499999999999,3.455]]]},"properties":{"value":0.2335,"sigma":0.043}},{"type":"Feature","geometry":{"type":"Polygon","coordinates":[[[-76.52,3.455],[-76.515,3.455],[-76.515,3.46],[-76.52,3.46],[-76.52,3.455]]]},"properties":{"value":0.2272,"sigma":0.043}},{"type":"Feature","geometry":{"type":"Polygon","coordinates":[[[-76.51499999999999,3.455],[-76.50999999999999,3.455],[-76.50999999999999,3.46],[-76.51499999999999,3.46],[-76.51499999999999,3.455]]]},"properties":{"value":0.2151,"sigma":0.0351}},{"type":"Feature","geometry":{"type":"Polygon","coordinates":[[[-76.50999999999999,3.455],[-76.505,3.455],[-76.505,3.46],[-76.50999999999999,3.46],[-76.50999999999999,3.455]]]},"properties":{"value":0.1975,"sigma":0.0318}},{"type":"Feature","geometry":{"type":"Polygon","coordinates":[[[-76.505,3.455],[-76.5,3.455],[-76.5,3.46],[-76.505,3.46],[-76.505,3.455]]]},"properties":{"value":0.1942,"sigma":0.0321}},{"type":"Feature","geometry":{"type":"Polygon","coordinates":[[[-76.49999999999999,3.455],[-76.49499999999999,3.455],[-76.49499999999999,3.46],[-76.49999999999999,3.46],[-76.49999999999999,3.455]]]},"properties":{"value":0.1977,"sigma":0.0351}},{"type":"Feature","geometry":{"type":"Polygon","coordinates":[[[-76.49499999999999,3.455],[-76.49,3.455],[-76.49,3.46],[-76.49499999999999,3.46],[-76.49499999999999,3.455]]]},"properties":{"value":0.2008,"sigma":0.0414}},{"type":"Feature","geometry":{"type":"Polygon","coordinates":[[[-76.49,3.455],[-76.485,3.455],[-76.485,3.46],[-76.49,3.46],[-76.49,3.455]]]},"properties":{"value":0.2167,"sigma":0.0478}},{"type":"Feature","geometry":{"type":"Polygon","coordinates":[[[-76.48499999999999,3.455],[-76.47999999999999,3.455],[-76.47999999999999,3.46],[-76.48499999999999,3.46],[-76.48499999999999,3.455]]]},"properties":{"value":0.2085,"sigma":0.0444}},{"type":"Feature","geometry":{"type":"Polygon","coordinates":[[[-76.47999999999999,3.455],[-76.475,3.455],[-76.475,3.46],[-76.47999999999999,3.46],[-76.47999999999999,3.455]]]},"properties":{"value":0.217,"sigma":0.0504}},{"type":"Feature","geometry":{"type":"Polygon","coordinates":[[[-76.475,3.455],[-76.47,3.455],[-76.47,3.46],[-76.475,3.46],[-76.475,3.455]]]},"properties":{"value":0.2196,"sigma":0.0499}},{"type":"Feature","geometry":{"type":"Polygon","coordinates":[[[-76.47,3.455],[-76.465,3.455],[-76.465,3.46],[-76.47,3.46],[-76.47,3.455]]]},"properties":{"value":0.2062,"sigma":0.0526}},{"type":"Feature","geometry":{"type":"Polygon","coordinates":[[[-76.46499999999999,3.455],[-76.46,3.455],[-76.46,3.46],[-76.46499999999999,3.46],[-76.46499999999999,3.455]]]},"properties":{"value":0.2145,"sigma":0.0568}},{"type":"Feature","geometry":{"type":"Polygon","coordinates":[[[-76.46,3.455],[-76.455,3.455],[-76.455,3.46],[-76.46,3.46],[-76.46,3.455]]]},"properties":{"value":0.2079,"sigma":0.057}},{"type":"Feature","geometry":{"type":"Polygon","coordinates":[[[-76.455,3.455],[-76.45,3.455],[-76.45,3.46],[-76.455,3.46],[-76.455,3.455]]]},"properties":{"value":0.1981,"sigma":0.0627}},{"type":"Feature","geometry":{"type":"Polygon","coordinates":[[[-76.44999999999999,3.455],[-76.445,3.455],[-76.445,3.46],[-76.44999999999999,3.46],[-76.44999999999999,3.455]]]},"properties":{"value":0.1834,"sigma":0.0621}},{"type":"Feature","geometry":{"type":"Polygon","coordinates":[[[-76.445,3.455],[-76.44,3.455],[-76.44,3.46],[-76.445,3.46],[-76.445,3.455]]]},"properties":{"value":0.193,"sigma":0.0655}},{"type":"Feature","geometry":{"type":"Polygon","coordinates":[[[-76.44,3.455],[-76.435,3.455],[-76.435,3.46],[-76.44,3.46],[-76.44,3.455]]]},"properties":{"value":0.181,"sigma":0.0658}},{"type":"Feature","geometry":{"type":"Polygon","coordinates":[[[-76.43499999999999,3.455],[-76.42999999999999,3.455],[-76.42999999999999,3.46],[-76.43499999999999,3.46],[-76.43499999999999,3.455]]]},"properties":{"value":0.1838,"sigma":0.0714}},{"type":"Feature","geometry":{"type":"Polygon","coordinates":[[[-76.42999999999999,3.455],[-76.425,3.455],[-76.425,3.46],[-76.42999999999999,3.46],[-76.42999999999999,3.455]]]},"properties":{"value":0.1778,"sigma":0.0683}},{"type":"Feature","geometry":{"type":"Polygon","coordinates":[[[-76.425,3.455],[-76.42,3.455],[-76.42,3.46],[-76.425,3.46],[-76.425,3.455]]]},"properties":{"value":0.1656,"sigma":0.074}},{"type":"Feature","geometry":{"type":"Polygon","coordinates":[[[-76.41999999999999,3.455],[-76.41499999999999,3.455],[-76.41499999999999,3.46],[-76.41999999999999,3.46],[-76.41999999999999,3.455]]]},"properties":{"value":0.1821,"sigma":0.0786}},{"type":"Feature","geometry":{"type":"Polygon","coordinates":[[[-76.41499999999999,3.455],[-76.41,3.455],[-76.41,3.46],[-76.41499999999999,3.46],[-76.41499999999999,3.455]]]},"properties":{"value":0.179,"sigma":0.0782}},{"type":"Feature","geometry":{"type":"Polygon","coordinates":[[[-76.41,3.455],[-76.405,3.455],[-76.405,3.46],[-76.41,3.46],[-76.41,3.455]]]},"properties":{"value":0.1782,"sigma":0.0793}},{"type":"Feature","geometry":{"type":"Polygon","coordinates":[[[-76.40499999999999,3.455],[-76.39999999999999,3.455],[-76.39999999999999,3.46],[-76.40499999999999,3.46],[-76.40499999999999,3.455]]]},"properties":{"value":0.1769,"sigma":0.0812}},{"type":"Feature","geometry":{"type":"Polygon","coordinates":[[[-76.6,3.46],[-76.595,3.46],[-76.595,3.465],[-76.6,3.465],[-76.6,3.46]]]},"properties":{"value":0.1971,"sigma":0.0676}},{"type":"Feature","geometry":{"type":"Polygon","coordinates":[[[-76.595,3.46],[-76.59,3.46],[-76.59,3.465],[-76.595,3.465],[-76.595,3.46]]]},"properties":{"value":0.2051,"sigma":0.0641}},{"type":"Feature","geometry":{"type":"Polygon","coordinates":[[[-76.58999999999999,3.46],[-76.585,3.46],[-76.585,3.465],[-76.58999999999999,3.465],[-76.58999999999999,3.46]]]},"properties":{"value":0.2195,"sigma":0.0606}},{"type":"Feature","geometry":{"type":"Polygon","coordinates":[[[-76.585,3.46],[-76.58,3.46],[-76.58,3.465],[-76.585,3.465],[-76.585,3.46]]]},"properties":{"value":0.2221,"sigma":0.0596}},{"type":"Feature","geometry":{"type":"Polygon","coordinates":[[[-76.58,3.46],[-76.575,3.46],[-76.575,3.465],[-76.58,3.465],[-76.58,3.46]]]},"properties":{"value":0.2417,"sigma":0.0569}},{"type":"Feature","geometry":{"type":"Polygon","coordinates":[[[-76.57499999999999,3.46],[-76.57,3.46],[-76.57,3.465],[-76.57499999999999,3.465],[-76.57499999999999,3.46]]]},"properties":{"value":0.2406,"sigma":0.0515}},{"type":"Feature","geometry":{"type":"Polygon","coordinates":[[[-76.57,3.46],[-76.565,3.46],[-76.565,3.465],[-76.57,3.465],[-76.57,3.46]]]},"properties":{"value":0.2691,"sigma":0.056}},{"type":"Feature","geometry":{"type":"Polygon","coordinates":[[[-76.565,3.46],[-76.56,3.46],[-76.56,3.465],[-76.565,3.465],[-76.565,3.46]]]},"properties":{"value":0.2859,"sigma":0.049}},{"type":"Feature","geometry":{"type":"Polygon","coordinates":[[[-76.55999999999999,3.46],[-76.55499999999999,3.46],[-76.55499999999999,3.465],[-76.55999999999999,3.465],[-76.55999999999999,3.46]]]},"properties":{"value":0.2689,"sigma":0.0484}},{"type":"Feature","geometry":{"type":"Polygon","coordinates":[[[-76.55499999999999,3.46],[-76.55,3.46],[-76.55,3.465],[-76.55499999999999,3.465],[-76.55499999999999,3.46]]]},"properties":{"value":0.2831,"sigma":0.0416}},{"type":"Feature","geometry":{"type":"Polygon","coordinates":[[[-76.55,3.46],[-76.545,3.46],[-76.545,3.465],[-76.55,3.465],[-76.55,3.46]]]},"properties":{"value":0.2716,"sigma":0.0367}},{"type":"Feature","geometry":{"type":"Polygon","coordinates":[[[-76.54499999999999,3.46],[-76.53999999999999,3.46],[-76.53999999999999,3.465],[-76.54499999999999,3.465],[-76.54499999999999,3.46]]]},"properties":{"value":0.2525,"sigma":0.0414}},{"type":"Feature","geometry":{"type":"Polygon","coordinates":[[[-76.53999999999999,3.46],[-76.535,3.46],[-76.535,3.465],[-76.53999999999999,3.465],[-76.53999999999999,3.46]]]},"properties":{"value":0.2622,"sigma":0.0396}},{"type":"Feature","geometry":{"type":"Polygon","coordinates":[[[-76.535,3.46],[-76.53,3.46],[-76.53,3.465],[-76.535,3.465],[-76.535,3.46]]]},"properties":{"value":0.2481,"sigma":0.0356}},{"type":"Feature","geometry":{"type":"Polygon","coordinates":[[[-76.52999999999999,3.46],[-76.52499999999999,3.46],[-76.52499999999999,3.465],[-76.52999999999999,3.465],[-76.52999999999999,3.46]]]},"properties":{"value":0.2399,"sigma":0.0359}},{"type":"Feature","geometry":{"type":"Polygon","coordinates":[[[-76.52499999999999,3.46],[-76.52,3.46],[-76.52,3.465],[-76.52499999999999,3.465],[-76.52499999999999,3.46]]]},"properties":{"value":0.224,"sigma":0.0385}},{"type":"Feature","geometry":{"type":"Polygon","coordinates":[[[-76.52,3.46],[-76.515,3.46],[-76.515,3.465],[-76.52,3.465],[-76.52,3.46]]]},"properties":{"value":0.2109,"sigma":0.0412}},{"type":"Feature","geometry":{"type":"Polygon","coordinates":[[[-76.51499999999999,3.46],[-76.50999999999999,3.46],[-76.50999999999999,3.465],[-76.51499999999999,3.465],[-76.51499999999999,3.46]]]},"properties":{"value":0.2129,"sigma":0.0379}},{"type":"Feature","geometry":{"type":"Polygon","coordinates":[[[-76.50999999999999,3.46],[-76.505,3.46],[-76.505,3.465],[-76.50999999999999,3.465],[-76.50999999999999,3.46]]]},"properties":{"value":0.1976,"sigma":0.0348}},{"type":"Feature","geometry":{"type":"Polygon","coordinates":[[[-76.505,3.46],[-76.5,3.46],[-76.5,3.465],[-76.505,3.465],[-76.505,3.46]]]},"properties":{"value":0.1976,"sigma":0.0336}},{"type":"Feature","geometry":{"type":"Polygon","coordinates":[[[-76.49999999999999,3.46],[-76.49499999999999,3.46],[-76.49499999999999,3.465],[-76.49999999999999,3.465],[-76.49999999999999,3.46]]]},"properties":{"value":0.2051,"sigma":0.0393}},{"type":"Feature","geometry":{"type":"Polygon","coordinates":[[[-76.49499999999999,3.46],[-76.49,3.46],[-76.49,3.465],[-76.49499999999999,3.465],[-76.49499999999999,3.46]]]},"properties":{"value":0.2087,"sigma":0.0393}},{"type":"Feature","geometry":{"type":"Polygon","coordinates":[[[-76.49,3.46],[-76.485,3.46],[-76.485,3.465],[-76.49,3.465],[-76.49,3.46]]]},"properties":{"value":0.2142,"sigma":0.0413}},{"type":"Feature","geometry":{"type":"Polygon","coordinates":[[[-76.48499999999999,3.46],[-76.47999999999999,3.46],[-76.47999999999999,3.465],[-76.48499999999999,3.465],[-76.48499999999999,3.46]]]},"properties":{"value":0.2054,"sigma":0.0444}},{"type":"Feature","geometry":{"type":"Polygon","coordinates":[[[-76.47999999999999,3.46],[-76.475,3.46],[-76.475,3.465],[-76.47999999999999,3.465],[-76.47999999999999,3.46]]]},"properties":{"value":0.2256,"sigma":0.0481}},{"type":"Feature","geometry":{"type":"Polygon","coordinates":[[[-76.475,3.46],[-76.47,3.46],[-76.47,3.465],[-76.475,3.465],[-76.475,3.46]]]},"properties":{"value":0.2292,"sigma":0.0524}},{"type":"Feature","geometry":{"type":"Polygon","coordinates":[[[-76.47,3.46],[-76.465,3.46],[-76.465,3.465],[-76.47,3.465],[-76.47,3.46]]]},"properties":{"value":0.2323,"sigma":0.0559}},{"type":"Feature","geometry":{"type":"Polygon","coordinates":[[[-76.46499999999999,3.46],[-76.46,3.46],[-76.46,3.465],[-76.46499999999999,3.465],[-76.46499999999999,3.46]]]},"properties":{"value":0.235,"sigma":0.0571}},{"type":"Feature","geometry":{"type":"Polygon","coordinates":[[[-76.46,3.46],[-76.455,3.46],[-76.455,3.465],[-76.46,3.465],[-76.46,3.46]]]},"properties":{"value":0.2137,"sigma":0.0568}},{"type":"Feature","geometry":{"type":"Polygon","coordinates":[[[-76.455,3.46],[-76.45,3.46],[-76.45,3.465],[-76.455,3.465],[-76.455,3.46]]]},"properties":{"value":0.1904,"sigma":0.0549}},{"type":"Feature","geometry":{"type":"Polygon","coordinates":[[[-76.44999999999999,3.46],[-76.445,3.46],[-76.445,3.465],[-76.44999999999999,3.465],[-76.44999999999999,3.46]]]},"properties":{"value":0.1884,"sigma":0.0642}},{"type":"Feature","geometry":{"type":"Polygon","coordinates":[[[-76.445,3.46],[-76.44,3.46],[-76.44,3.465],[-76.445,3.465],[-76.445,3.46]]]},"properties":{"value":0.1769,"sigma":0.0662}},{"type":"Feature","geometry":{"type":"Polygon","coordinates":[[[-76.44,3.46],[-76.435,3.46],[-76.435,3.465],[-76.44,3.465],[-76.44,3.46]]]},"properties":{"value":0.1817,"sigma":0.0694}},{"type":"Feature","geometry":{"type":"Polygon","coordinates":[[[-76.43499999999999,3.46],[-76.42999999999999,3.46],[-76.42999999999999,3.465],[-76.43499999999999,3.465],[-76.43499999999999,3.46]]]},"properties":{"value":0.184,"sigma":0.0703}},{"type":"Feature","geometry":{"type":"Polygon","coordinates":[[[-76.42999999999999,3.46],[-76.425,3.46],[-76.425,3.465],[-76.42999999999999,3.465],[-76.42999999999999,3.46]]]},"properties":{"value":0.1695,"sigma":0.0715}},{"type":"Feature","geometry":{"type":"Polygon","coordinates":[[[-76.425,3.46],[-76.42,3.46],[-76.42,3.465],[-76.425,3.465],[-76.425,3.46]]]},"properties":{"value":0.1778,"sigma":0.0747}},{"type":"Feature","geometry":{"type":"Polygon","coordinates":[[[-76.41999999999999,3.46],[-76.41499999999999,3.46],[-76.41499999999999,3.465],[-76.41999999999999,3.465],[-76.41999999999999,3.46]]]},"properties":{"value":0.1692,"sigma":0.0716}},{"type":"Feature","geometry":{"type":"Polygon","coordinates":[[[-76.41499999999999,3.46],[-76.41,3.46],[-76.41,3.465],[-76.41499999999999,3.465],[-76.41499999999999,3.46]]]},"properties":{"value":0.1908,"sigma":0.0801}},{"type":"Feature","geometry":{"type":"Polygon","coordinates":[[[-76.41,3.46],[-76.405,3.46],[-76.405,3.465],[-76.41,3.465],[-76.41,3.46]]]},"properties":{"value":0.1879,"sigma":0.0827}},{"type":"Feature","geometry":{"type":"Polygon","coordinates":[[[-76.40499999999999,3.46],[-76.39999999999999,3.46],[-76.39999999999999,3.465],[-76.40499999999999,3.465],[-76.40499999999999,3.46]]]},"properties":{"value":0.1822,"sigma":0.0815}},{"type":"Feature","geometry":{"type":"Polygon","coordinates":[[[-76.6,3.465],[-76.595,3.465],[-76.595,3.4699999999999998],[-76.6,3.4699999999999998],[-76.6,3.465]]]},"properties":{"value":0.2014,"sigma":0.0639}},{"type":"Feature","geometry":{"type":"Polygon","coordinates":[[[-76.595,3.465],[-76.59,3.465],[-76.59,3.4699999999999998],[-76.595,3.4699999999999998],[-76.595,3.465]]]},"properties":{"value":0.1947,"sigma":0.0611}},{"type":"Feature","geometry":{"type":"Polygon","coordinates":[[[-76.58999999999999,3.465],[-76.585,3.465],[-76.585,3.4699999999999998],[-76.58999999999999,3.4699999999999998],[-76.58999999999999,3.465]]]},"properties":{"value":0.2097,"sigma":0.0607}},{"type":"Feature","geometry":{"type":"Polygon","coordinates":[[[-76.585,3.465],[-76.58,3.465],[-76.58,3.4699999999999998],[-76.585,3.4699999999999998],[-76.585,3.465]]]},"properties":{"value":0.2175,"sigma":0.0644}},{"type":"Feature","geometry":{"type":"Polygon","coordinates":[[[-76.58,3.465],[-76.575,3.465],[-76.575,3.4699999999999998],[-76.58,3.4699999999999998],[-76.58,3.465]]]},"properties":{"value":0.2233,"sigma":0.0529}},{"type":"Feature","geometry":{"type":"Polygon","coordinates":[[[-76.57499999999999,3.465],[-76.57,3.465],[-76.57,3.4699999999999998],[-76.57499999999999,3.4699999999999998],[-76.57499999999999,3.465]]]},"properties":{"value":0.2434,"sigma":0.0552}},{"type":"Feature","geometry":{"type":"Polygon","coordinates":[[[-76.57,3.465],[-76.565,3.465],[-76.565,3.4699999999999998],[-76.57,3.4699999999999998],[-76.57,3.465]]]},"properties":{"value":0.2443,"sigma":0.0533}},{"type":"Feature","geometry":{"type":"Polygon","coordinates":[[[-76.565,3.465],[-76.56,3.465],[-76.56,3.4699999999999998],[-76.565,3.4699999999999998],[-76.565,3.465]]]},"properties":{"value":0.2588,"sigma":0.0512}},{"type":"Feature","geometry":{"type":"Polygon","coordinates":[[[-76.55999999999999,3.465],[-76.55499999999999,3.465],[-76.55499999999999,3.4699999999999998],[-76.55999999999999,3.4699999999999998],[-76.55999999999999,3.465]]]},"properties":{"value":0.2613,"sigma":0.0472}},{"type":"Feature","geometry":{"type":"Polygon","coordinates":[[[-76.55499999999999,3.465],[-76.55,3.465],[-76.55,3.4699999999999998],[-76.55499999999999,3.4699999999999998],[-76.55499999999999,3.465]]]},"properties":{"value":0.2563,"sigma":0.0412}},{"type":"Feature","geometry":{"type":"Polygon","coordinates":[[[-76.55,3.465],[-76.545,3.465],[-76.545,3.4699999999999998],[-76.55,3.4699999999999998],[-76.55,3.465]]]},"properties":{"value":0.2558,"sigma":0.052}},{"type":"Feature","geometry":{"type":"Polygon","coordinates":[[[-76.54499999999999,3.465],[-76.53999999999999,3.465],[-76.53999999999999,3.4699999999999998],[-76.54499999999999,3.4699999999999998],[-76.54499999999999,3.465]]]},"properties":{"value":0.2446,"sigma":0.0432}},{"type":"Feature","geometry":{"type":"Polygon","coordinates":[[[-76.53999999999999,3.465],[-76.535,3.465],[-76.535,3.4699999999999998],[-76.53999999999999,3.4699999999999998],[-76.53999999999999,3.465]]]},"properties":{"value":0.2321,"sigma":0.0404}},{"type":"Feature","geometry":{"type":"Polygon","coordinates":[[[-76.535,3.465],[-76.53,3.465],[-76.53,3.4699999999999998],[-76.535,3.4699999999999998],[-76.535,3.465]]]},"properties":{"value":0.2265,"sigma":0.0371}},{"type":"Feature","geometry":{"type":"Polygon","coordinates":[[[-76.52999999999999,3.465],[-76.52499999999999,3.465],[-76.52499999999999,3.4699999999999998],[-76.52999999999999,3.4699999999999998],[-76.52999999999999,3.465]]]},"properties":{"value":0.2057,"sigma":0.0425}},{"type":"Feature","geometry":{"type":"Polygon","coordinates":[[[-76.52499999999999,3.465],[-76.52,3.465],[-76.52,3.4699999999999998],[-76.52499999999999,3.4699999999999998],[-76.52499999999999,3.465]]]},"properties":{"value":0.22,"sigma":0.039}},{"type":"Feature","geometry":{"type":"Polygon","coordinates":[[[-76.52,3.465],[-76.515,3.465],[-76.515,3.4699999999999998],[-76.52,3.4699999999999998],[-76.52,3.465]]]},"properties":{"value":0.2197,"sigma":0.0384}},{"type":"Feature","geometry":{"type":"Polygon","coordinates":[[[-76.51499999999999,3.465],[-76.50999999999999,3.465],[-76.50999999999999,3.4699999999999998],[-76.51499999999999,3.4699999999999998],[-76.51499999999999,3.465]]]},"properties":{"value":0.1985,"sigma":0.0366}},{"type":"Feature","geometry":{"type":"Polygon","coordinates":[[[-76.50999999999999,3.465],[-76.505,3.465],[-76.505,3.4699999999999998],[-76.50999999999999,3.4699999999999998],[-76.50999999999999,3.465]]]},"properties":{"value":0.2034,"sigma":0.0378}},{"type":"Feature","geometry":{"type":"Polygon","coordinates":[[[-76.505,3.465],[-76.5,3.465],[-76.5,3.4699999999999998],[-76.505,3.4699999999999998],[-76.505,3.465]]]},"properties":{"value":0.2017,"sigma":0.0365}},{"type":"Feature","geometry":{"type":"Polygon","coordinates":[[[-76.49999999999999,3.465],[-76.49499999999999,3.465],[-76.49499999999999,3.4699999999999998],[-76.49999999999999,3.4699999999999998],[-76.49999999999999,3.465]]]},"properties":{"value":0.1916,"sigma":0.0361}},{"type":"Feature","geometry":{"type":"Polygon","coordinates":[[[-76.49499999999999,3.465],[-76.49,3.465],[-76.49,3.4699999999999998],[-76.49499999999999,3.4699999999999998],[-76.49499999999999,3.465]]]},"properties":{"value":0.1989,"sigma":0.0395}},{"type":"Feature","geometry":{"type":"Polygon","coordinates":[[[-76.49,3.465],[-76.485,3.465],[-76.485,3.4699999999999998],[-76.49,3.4699999999999998],[-76.49,3.465]]]},"properties":{"value":0.2125,"sigma":0.0464}},{"type":"Feature","geometry":{"type":"Polygon","coordinates":[[[-76.48499999999999,3.465],[-76.47999999999999,3.465],[-76.47999999999999,3.4699999999999998],[-76.48499999999999,3.4699999999999998],[-76.48499999999999,3.465]]]},"properties":{"value":0.2223,"sigma":0.0445}},{"type":"Feature","geometry":{"type":"Polygon","coordinates":[[[-76.47999999999999,3.465],[-76.475,3.465],[-76.475,3.4699999999999998],[-76.47999999999999,3.4699999999999998],[-76.47999999999999,3.465]]]},"properties":{"value":0.2435,"sigma":0.0514}},{"type":"Feature","geometry":{"type":"Polygon","coordinates":[[[-76.475,3.465],[-76.47,3.465],[-76.47,3.4699999999999998],[-76.475,3.4699999999999998],[-76.475,3.465]]]},"properties":{"value":0.2459,"sigma":0.0506}},{"type":"Feature","geometry":{"type":"Polygon","coordinates":[[[-76.47,3.465],[-76.465,3.465],[-76.465,3.4699999999999998],[-76.47,3.4699999999999998],[-76.47,3.465]]]},"properties":{"value":0.2366,"sigma":0.0549}},{"type":"Feature","geometry":{"type":"Polygon","coordinates":[[[-76.46499999999999,3.465],[-76.46,3.465],[-76.46,3.4699999999999998],[-76.46499999999999,3.4699999999999998],[-76.46499999999999,3.465]]]},"properties":{"value":0.2476,"sigma":0.0509}},{"type":"Feature","geometry":{"type":"Polygon","coordinates":[[[-76.46,3.465],[-76.455,3.465],[-76.455,3.4699999999999998],[-76.46,3.4699999999999998],[-76.46,3.465]]]},"properties":{"value":0.2282,"sigma":0.0578}},{"type":"Feature","geometry":{"type":"Polygon","coordinates":[[[-76.455,3.465],[-76.45,3.465],[-76.45,3.4699999999999998],[-76.455,3.4699999999999998],[-76.455,3.465]]]},"properties":{"value":0.2086,"sigma":0.0609}},{"type":"Feature","geometry":{"type":"Polygon","coordinates":[[[-76.44999999999999,3.465],[-76.445,3.465],[-76.445,3.4699999999999998],[-76.44999999999999,3.4699999999999998],[-76.44999999999999,3.465]]]},"properties":{"value":0.2017,"sigma":0.057}},{"type":"Feature","geometry":{"type":"Polygon","coordinates":[[[-76.445,3.465],[-76.44,3.465],[-76.44,3.4699999999999998],[-76.445,3.4699999999999998],[-76.445,3.465]]]},"properties":{"value":0.1854,"sigma":0.0609}},{"type":"Feature","geometry":{"type":"Polygon","coordinates":[[[-76.44,3.465],[-76.435,3.465],[-76.435,3.4699999999999998],[-76.44,3.4699999999999998],[-76.44,3.465]]]},"properties":{"value":0.1873,"sigma":0.0711}},{"type":"Feature","geometry":{"type":"Polygon","coordinates":[[[-76.43499999999999,3.465],[-76.42999999999999,3.465],[-76.42999999999999,3.4699999999999998],[-76.43499999999999,3.4699999999999998],[-76.43499999999999,3.465]]]},"properties":{"value":0.1664,"sigma":0.0711}},{"type":"Feature","geometry":{"type":"Polygon","coordinates":[[[-76.42999999999999,3.465],[-76.425,3.465],[-76.425,3.4699999999999998],[-76.42999999999999,3.4699999999999998],[-76.42999999999999,3.465]]]},"properties":{"value":0.1871,"sigma":0.0729}},{"type":"Feature","geometry":{"type":"Polygon","coordinates":[[[-76.425,3.465],[-76.42,3.465],[-76.42,3.4699999999999998],[-76.425,3.4699999999999998],[-76.425,3.465]]]},"properties":{"value":0.1818,"sigma":0.0763}},{"type":"Feature","geometry":{"type":"Polygon","coordinates":[[[-76.41999999999999,3.465],[-76.41499999999999,3.465],[-76.41499999999999,3.4699999999999998],[-76.41999999999999,3.4699999999999998],[-76.41999999999999,3.465]]]},"properties":{"value":0.1952,"sigma":0.0757}},{"type":"Feature","geometry":{"type":"Polygon","coordinates":[[[-76.41499999999999,3.465],[-76.41,3.465],[-76.41,3.4699999999999998],[-76.41499999999999,3.4699999999999998],[-76.41499999999999,3.465]]]},"properties":{"value":0.184,"sigma":0.0873}},{"type":"Feature","geometry":{"type":"Polygon","coordinates":[[[-76.41,3.465],[-76.405,3.465],[-76.405,3.4699999999999998],[-76.41,3.4699999999999998],[-76.41,3.465]]]},"properties":{"value":0.1846,"sigma":0.0845}},{"type":"Feature","geometry":{"type":"Polygon","coordinates":[[[-76.40499999999999,3.465],[-76.39999999999999,3.465],[-76.39999999999999,3.4699999999999998],[-76.40499999999999,3.4699999999999998],[-76.40499999999999,3.465]]]},"properties":{"value":0.1736,"sigma":0.0906}},{"type":"Feature","geometry":{"type":"Polygon","coordinates":[[[-76.6,3.4699999999999998],[-76.595,3.4699999999999998],[-76.595,3.4749999999999996],[-76.6,3.4749999999999996],[-76.6,3.4699999999999998]]]},"properties":{"value":0.2001,"sigma":0.0614}},{"type":"Feature","geometry":{"type":"Polygon","coordinates":[[[-76.595,3.4699999999999998],[-76.59,3.4699999999999998],[-76.59,3.4749999999999996],[-76.595,3.4749999999999996],[-76.595,3.4699999999999998]]]},"properties":{"value":0.195,"sigma":0.0647}},{"type":"Feature","geometry":{"type":"Polygon","coordinates":[[[-76.58999999999999,3.4699999999999998],[-76.585,3.4699999999999998],[-76.585,3.4749999999999996],[-76.58999999999999,3.4749999999999996],[-76.58999999999999,3.4699999999999998]]]},"properties":{"value":0.206,"sigma":0.062}},{"type":"Feature","geometry":{"type":"Polygon","coordinates":[[[-76.585,3.4699999999999998],[-76.58,3.4699999999999998],[-76.58,3.4749999999999996],[-76.585,3.4749999999999996],[-76.585,3.4699999999999998]]]},"properties":{"value":0.1928,"sigma":0.0562}},{"type":"Feature","geometry":{"type":"Polygon","coordinates":[[[-76.58,3.4699999999999998],[-76.575,3.4699999999999998],[-76.575,3.4749999999999996],[-76.58,3.4749999999999996],[-76.58,3.4699999999999998]]]},"properties":{"value":0.2338,"sigma":0.0533}},{"type":"Feature","geometry":{"type":"Polygon","coordinates":[[[-76.57499999999999,3.4699999999999998],[-76.57,3.4699999999999998],[-76.57,3.4749999999999996],[-76.57499999999999,3.4749999999999996],[-76.57499999999999,3.4699999999999998]]]},"properties":{"value":0.2266,"sigma":0.0543}},{"type":"Feature","geometry":{"type":"Polygon","coordinates":[[[-76.57,3.4699999999999998],[-76.565,3.4699999999999998],[-76.565,3.4749999999999996],[-76.57,3.4749999999999996],[-76.57,3.4699999999999998]]]},"properties":{"value":0.2404,"sigma":0.0517}},{"type":"Feature","geometry":{"type":"Polygon","coordinates":[[[-76.565,3.4699999999999998],[-76.56,3.4699999999999998],[-76.56,3.4749999999999996],[-76.565,3.4749999999999996],[-76.565,3.4699999999999998]]]},"properties":{"value":0.2294,"sigma":0.0513}},{"type":"Feature","geometry":{"type":"Polygon","coordinates":[[[-76.55999999999999,3.4699999999999998],[-76.55499999999999,3.4699999999999998],[-76.55499999999999,3.4749999999999996],[-76.55999999999999,3.4749999999999996],[-76.55999999999999,3.4699999999999998]]]},"properties":{"value":0.2357,"sigma":0.0496}},{"type":"Feature","geometry":{"type":"Polygon","coordinates":[[[-76.55499999999999,3.4699999999999998],[-76.55,3.4699999999999998],[-76.55,3.4749999999999996],[-76.55499999999999,3.4749999999999996],[-76.55499999999999,3.4699999999999998]]]},"properties":{"value":0.2226,"sigma":0.0512}},{"type":"Feature","geometry":{"type":"Polygon","coordinates":[[[-76.55,3.4699999999999998],[-76.545,3.4699999999999998],[-76.545,3.4749999999999996],[-76.55,3.4749999999999996],[-76.55,3.4699999999999998]]]},"properties":{"value":0.2166,"sigma":0.0428}},{"type":"Feature","geometry":{"type":"Polygon","coordinates":[[[-76.54499999999999,3.4699999999999998],[-76.53999999999999,3.4699999999999998],[-76.53999999999999,3.4749999999999996],[-76.54499999999999,3.4749999999999996],[-76.54499999999999,3.4699999999999998]]]},"properties":{"value":0.233,"sigma":0.04}},{"type":"Feature","geometry":{"type":"Polygon","coordinates":[[[-76.53999999999999,3.4699999999999998],[-76.535,3.4699999999999998],[-76.535,3.4749999999999996],[-76.53999999999999,3.4749999999999996],[-76.53999999999999,3.4699999999999998]]]},"properties":{"value":0.2244,"sigma":0.0436}},{"type":"Feature","geometry":{"type":"Polygon","coordinates":[[[-76.535,3.4699999999999998],[-76.53,3.4699999999999998],[-76.53,3.4749999999999996],[-76.535,3.4749999999999996],[-76.535,3.4699999999999998]]]},"properties":{"value":0.2263,"sigma":0.0384}},{"type":"Feature","geometry":{"type":"Polygon","coordinates":[[[-76.52999999999999,3.4699999999999998],[-76.52499999999999,3.4699999999999998],[-76.52499999999999,3.4749999999999996],[-76.52999999999999,3.4749999999999996],[-76.52999999999999,3.4699999999999998]]]},"properties":{"value":0.2124,"sigma":0.041}},{"type":"Feature","geometry":{"type":"Polygon","coordinates":[[[-76.52499999999999,3.4699999999999998],[-76.52,3.4699999999999998],[-76.52,3.4749999999999996],[-76.52499999999999,3.4749999999999996],[-76.52499999999999,3.4699999999999998]]]},"properties":{"value":0.1948,"sigma":0.0389}},{"type":"Feature","geometry":{"type":"Polygon","coordinates":[[[-76.52,3.4699999999999998],[-76.515,3.4699999999999998],[-76.515,3.4749999999999996],[-76.52,3.4749999999999996],[-76.52,3.4699999999999998]]]},"properties":{"value":0.1914,"sigma":0.0385}},{"type":"Feature","geometry":{"type":"Polygon","coordinates":[[[-76.51499999999999,3.4699999999999998],[-76.50999999999999,3.4699999999999998],[-76.50999999999999,3.4749999999999996],[-76.51499999999999,3.4749999999999996],[-76.51499999999999,3.4699999999999998]]]},"properties":{"value":0.1967,"sigma":0.0419}},{"type":"Feature","geometry":{"type":"Polygon","coordinates":[[[-76.50999999999999,3.4699999999999998],[-76.505,3.4699999999999998],[-76.505,3.4749999999999996],[-76.50999999999999,3.4749999999999996],[-76.50999999999999,3.4699999999999998]]]},"properties":{"value":0.1886,"sigma":0.0349}},{"type":"Feature","geometry":{"type":"Polygon","coordinates":[[[-76.505,3.4699999999999998],[-76.5,3.4699999999999998],[-76.5,3.4749999999999996],[-76.505,3.4749999999999996],[-76.505,3.4699999999999998]]]},"properties":{"value":0.1801,"sigma":0.0363}},{"type":"Feature","geometry":{"type":"Polygon","coordinates":[[[-76.49999999999999,3.4699999999999998],[-76.49499999999999,3.4699999999999998],[-76.49499999999999,3.4749999999999996],[-76.49999999999999,3.4749999999999996],[-76.49999999999999,3.4699999999999998]]]},"properties":{"value":0.1995,"sigma":0.0408}},{"type":"Feature","geometry":{"type":"Polygon","coordinates":[[[-76.49499999999999,3.4699999999999998],[-76.49,3.4699999999999998],[-76.49,3.4749999999999996],[-76.49499999999999,3.4749999999999996],[-76.49499999999999,3.4699999999999998]]]},"properties":{"value":0.2107,"sigma":0.0413}},{"type":"Feature","geometry":{"type":"Polygon","coordinates":[[[-76.49,3.4699999999999998],[-76.485,3.4699999999999998],[-76.485,3.4749999999999996],[-76.49,3.4749999999999996],[-76.49,3.4699999999999998]]]},"properties":{"value":0.2188,"sigma":0.0455}},{"type":"Feature","geometry":{"type":"Polygon","coordinates":[[[-76.48499999999999,3.4699999999999998],[-76.47999999999999,3.4699999999999998],[-76.47999999999999,3.4749999999999996],[-76.48499999999999,3.4749999999999996],[-76.48499999999999,3.4699999999999998]]]},"properties":{"value":0.2371,"sigma":0.044}},{"type":"Feature","geometry":{"type":"Polygon","coordinates":[[[-76.47999999999999,3.4699999999999998],[-76.475,3.4699999999999998],[-76.475,3.4749999999999996],[-76.47999999999999,3.4749999999999996],[-76.47999999999999,3.4699999999999998]]]},"properties":{"value":0.2517,"sigma":0.0489}},{"type":"Feature","geometry":{"type":"Polygon","coordinates":[[[-76.475,3.4699999999999998],[-76.47,3.4699999999999998],[-76.47,3.4749999999999996],[-76.475,3.4749999999999996],[-76.475,3.4699999999999998]]]},"properties":{"value":0.2541,"sigma":0.0509}},{"type":"Feature","geometry":{"type":"Polygon","coordinates":[[[-76.47,3.4699999999999998],[-76.465,3.4699999999999998],[-76.465,3.4749999999999996],[-76.47,3.4749999999999996],[-76.47,3.4699999999999998]]]},"properties":{"value":0.2592,"sigma":0.0536}},{"type":"Feature","geometry":{"type":"Polygon","coordinates":[[[-76.46499999999999,3.4699999999999998],[-76.46,3.4699999999999998],[-76.46,3.4749999999999996],[-76.46499999999999,3.4749999999999996],[-76.46499999999999,3.4699999999999998]]]},"properties":{"value":0.2485,"sigma":0.0571}},{"type":"Feature","geometry":{"type":"Polygon","coordinates":[[[-76.46,3.4699999999999998],[-76.455,3.4699999999999998],[-76.455,3.4749999999999996],[-76.46,3.4749999999999996],[-76.46,3.4699999999999998]]]},"properties":{"value":0.2458,"sigma":0.0648}},{"type":"Feature","geometry":{"type":"Polygon","coordinates":[[[-76.455,3.4699999999999998],[-76.45,3.4699999999999998],[-76.45,3.4749999999999996],[-76.455,3.4749999999999996],[-76.455,3.4699999999999998]]]},"properties":{"value":0.2174,"sigma":0.0623}},{"type":"Feature","geometry":{"type":"Polygon","coordinates":[[[-76.44999999999999,3.4699999999999998],[-76.445,3.4699999999999998],[-76.445,3.4749999999999996],[-76.44999999999999,3.4749999999999996],[-76.44999999999999,3.4699999999999998]]]},"properties":{"value":0.2112,"sigma":0.0655}},{"type":"Feature","geometry":{"type":"Polygon","coordinates":[[[-76.445,3.4699999999999998],[-76.44,3.4699999999999998],[-76.44,3.4749999999999996],[-76.445,3.4749999999999996],[-76.445,3.4699999999999998]]]},"properties":{"value":0.2006,"sigma":0.0685}},{"type":"Feature","geometry":{"type":"Polygon","coordinates":[[[-76.44,3.4699999999999998],[-76.435,3.4699999999999998],[-76.435,3.4749999999999996],[-76.44,3.4749999999999996],[-76.44,3.4699999999999998]]]},"properties":{"value":0.1895,"sigma":0.0686}},{"type":"Feature","geometry":{"type":"Polygon","coordinates":[[[-76.43499999999999,3.4699999999999998],[-76.42999999999999,3.4699999999999998],[-76.42999999999999,3.4749999999999996],[-76.43499999999999,3.4749999999999996],[-76.43499999999999,3.4699999999999998]]]},"properties":{"value":0.1764,"sigma":0.0697}},{"type":"Feature","geometry":{"type":"Polygon","coordinates":[[[-76.42999999999999,3.4699999999999998],[-76.425,3.4699999999999998],[-76.425,3.4749999999999996],[-76.42999999999999,3.4749999999999996],[-76.42999999999999,3.4699999999999998]]]},"properties":{"value":0.1702,"sigma":0.0758}},{"type":"Feature","geometry":{"type":"Polygon","coordinates":[[[-76.425,3.4699999999999998],[-76.42,3.4699999999999998],[-76.42,3.4749999999999996],[-76.425,3.4749999999999996],[-76.425,3.4699999999999998]]]},"properties":{"value":0.1778,"sigma":0.0789}},{"type":"Feature","geometry":{"type":"Polygon","coordinates":[[[-76.41999999999999,3.4699999999999998],[-76.41499999999999,3.4699999999999998],[-76.41499999999999,3.4749999999999996],[-76.41999999999999,3.4749999999999996],[-76.41999999999999,3.4699999999999998]]]},"properties":{"value":0.1845,"sigma":0.0797}},{"type":"Feature","geometry":{"type":"Polygon","coordinates":[[[-76.41499999999999,3.4699999999999998],[-76.41,3.4699999999999998],[-76.41,3.4749999999999996],[-76.41499999999999,3.4749999999999996],[-76.41499999999999,3.4699999999999998]]]},"properties":{"value":0.1848,"sigma":0.0829}},{"type":"Feature","geometry":{"type":"Polygon","coordinates":[[[-76.41,3.4699999999999998],[-76.405,3.4699999999999998],[-76.405,3.4749999999999996],[-76.41,3.4749999999999996],[-76.41,3.4699999999999998]]]},"properties":{"value":0.188,"sigma":0.0815}},{"type":"Feature","geometry":{"type":"Polygon","coordinates":[[[-76.40499999999999,3.4699999999999998],[-76.39999999999999,3.4699999999999998],[-76.39999999999999,3.4749999999999996],[-76.40499999999999,3.4749999999999996],[-76.40499999999999,3.4699999999999998]]]},"properties":{"value":0.1876,"sigma":0.0859}},{"type":"Feature","geometry":{"type":"Polygon","coordinates":[[[-76.6,3.475],[-76.595,3.475],[-76.595,3.48],[-76.6,3.48],[-76.6,3.475]]]},"properties":{"value":0.186,"sigma":0.065}},{"type":"Feature","geometry":{"type":"Polygon","coordinates":[[[-76.595,3.475],[-76.59,3.475],[-76.59,3.48],[-76.595,3.48],[-76.595,3.475]]]},"properties":{"value":0.1875,"sigma":0.0633}},{"type":"Feature","geometry":{"type":"Polygon","coordinates":[[[-76.58999999999999,3.475],[-76.585,3.475],[-76.585,3.48],[-76.58999999999999,3.48],[-76.58999999999999,3.475]]]},"properties":{"value":0.1849,"sigma":0.0631}},{"type":"Feature","geometry":{"type":"Polygon","coordinates":[[[-76.585,3.475],[-76.58,3.475],[-76.58,3.48],[-76.585,3.48],[-76.585,3.475]]]},"properties":{"value":0.2125,"sigma":0.0653}},{"type":"Feature","geometry":{"type":"Polygon","coordinates":[[[-76.58,3.475],[-76.575,3.475],[-76.575,3.48],[-76.58,3.48],[-76.58,3.475]]]},"properties":{"value":0.2076,"sigma":0.0584}},{"type":"Feature","geometry":{"type":"Polygon","coordinates":[[[-76.57499999999999,3.475],[-76.57,3.475],[-76.57,3.48],[-76.57499999999999,3.48],[-76.57499999999999,3.475]]]},"properties":{"value":0.2197,"sigma":0.0626}},{"type":"Feature","geometry":{"type":"Polygon","coordinates":[[[-76.57,3.475],[-76.565,3.475],[-76.565,3.48],[-76.57,3.48],[-76.57,3.475]]]},"properties":{"value":0.2206,"sigma":0.0506}},{"type":"Feature","geometry":{"type":"Polygon","coordinates":[[[-76.565,3.475],[-76.56,3.475],[-76.56,3.48],[-76.565,3.48],[-76.565,3.475]]]},"properties":{"value":0.2263,"sigma":0.0509}},{"type":"Feature","geometry":{"type":"Polygon","coordinates":[[[-76.55999999999999,3.475],[-76.55499999999999,3.475],[-76.55499999999999,3.48],[-76.55999999999999,3.48],[-76.55999999999999,3.475]]]},"properties":{"value":0.2153,"sigma":0.0525}},{"type":"Feature","geometry":{"type":"Polygon","coordinates":[[[-76.55499999999999,3.475],[-76.55,3.475],[-76.55,3.48],[-76.55499999999999,3.48],[-76.55499999999999,3.475]]]},"properties":{"value":0.214,"sigma":0.0451}},{"type":"Feature","geometry":{"type":"Polygon","coordinates":[[[-76.55,3.475],[-76.545,3.475],[-76.545,3.48],[-76.55,3.48],[-76.55,3.475]]]},"properties":{"value":0.2191,"sigma":0.045}},{"type":"Feature","geometry":{"type":"Polygon","coordinates":[[[-76.54499999999999,3.475],[-76.53999999999999,3.475],[-76.53999999999999,3.48],[-76.54499999999999,3.48],[-76.54499999999999,3.475]]]},"properties":{"value":0.2155,"sigma":0.0389}},{"type":"Feature","geometry":{"type":"Polygon","coordinates":[[[-76.53999999999999,3.475],[-76.535,3.475],[-76.535,3.48],[-76.53999999999999,3.48],[-76.53999999999999,3.475]]]},"properties":{"value":0.2039,"sigma":0.0425}},{"type":"Feature","geometry":{"type":"Polygon","coordinates":[[[-76.535,3.475],[-76.53,3.475],[-76.53,3.48],[-76.535,3.48],[-76.535,3.475]]]},"properties":{"value":0.2124,"sigma":0.0429}},{"type":"Feature","geometry":{"type":"Polygon","coordinates":[[[-76.52999999999999,3.475],[-76.52499999999999,3.475],[-76.52499999999999,3.48],[-76.52999999999999,3.48],[-76.52999999999999,3.475]]]},"properties":{"value":0.1995,"sigma":0.0383}},{"type":"Feature","geometry":{"type":"Polygon","coordinates":[[[-76.52499999999999,3.475],[-76.52,3.475],[-76.52,3.48],[-76.52499999999999,3.48],[-76.52499999999999,3.475]]]},"properties":{"value":0.1904,"sigma":0.0407}},{"type":"Feature","geometry":{"type":"Polygon","coordinates":[[[-76.52,3.475],[-76.515,3.475],[-76.515,3.48],[-76.52,3.48],[-76.52,3.475]]]},"properties":{"value":0.1999,"sigma":0.0384}},{"type":"Feature","geometry":{"type":"Polygon","coordinates":[[[-76.51499999999999,3.475],[-76.50999999999999,3.475],[-76.50999999999999,3.48],[-76.51499999999999,3.48],[-76.51499999999999,3.475]]]},"properties":{"value":0.1996,"sigma":0.0331}},{"type":"Feature","geometry":{"type":"Polygon","coordinates":[[[-76.50999999999999,3.475],[-76.505,3.475],[-76.505,3.48],[-76.50999999999999,3.48],[-76.50999999999999,3.475]]]},"properties":{"value":0.1847,"sigma":0.0389}},{"type":"Feature","geometry":{"type":"Polygon","coordinates":[[[-76.505,3.475],[-76.5,3.475],[-76.5,3.48],[-76.505,3.48],[-76.505,3.475]]]},"properties":{"value":0.1831,"sigma":0.0397}},{"type":"Feature","geometry":{"type":"Polygon","coordinates":[[[-76.49999999999999,3.475],[-76.49499999999999,3.475],[-76.49499999999999,3.48],[-76.49999999999999,3.48],[-76.49999999999999,3.475]]]},"properties":{"value":0.1942,"sigma":0.0418}},{"type":"Feature","geometry":{"type":"Polygon","coordinates":[[[-76.49499999999999,3.475],[-76.49,3.475],[-76.49,3.48],[-76.49499999999999,3.48],[-76.49499999999999,3.475]]]},"properties":{"value":0.2156,"sigma":0.0402}},{"type":"Feature","geometry":{"type":"Polygon","coordinates":[[[-76.49,3.475],[-76.485,3.475],[-76.485,3.48],[-76.49,3.48],[-76.49,3.475]]]},"properties":{"value":0.2237,"sigma":0.0407}},{"type":"Feature","geometry":{"type":"Polygon","coordinates":[[[-76.48499999999999,3.475],[-76.47999999999999,3.475],[-76.47999999999999,3.48],[-76.48499999999999,3.48],[-76.48499999999999,3.475]]]},"properties":{"value":0.2536,"sigma":0.0515}},{"type":"Feature","geometry":{"type":"Polygon","coordinates":[[[-76.47999999999999,3.475],[-76.475,3.475],[-76.475,3.48],[-76.47999999999999,3.48],[-76.47999999999999,3.475]]]},"properties":{"value":0.2489,"sigma":0.0523}},{"type":"Feature","geometry":{"type":"Polygon","coordinates":[[[-76.475,3.475],[-76.47,3.475],[-76.47,3.48],[-76.475,3.48],[-76.475,3.475]]]},"properties":{"value":0.2575,"sigma":0.0555}},{"type":"Feature","geometry":{"type":"Polygon","coordinates":[[[-76.47,3.475],[-76.465,3.475],[-76.465,3.48],[-76.47,3.48],[-76.47,3.475]]]},"properties":{"value":0.2645,"sigma":0.0528}},{"type":"Feature","geometry":{"type":"Polygon","coordinates":[[[-76.46499999999999,3.475],[-76.46,3.475],[-76.46,3.48],[-76.46499999999999,3.48],[-76.46499999999999,3.475]]]},"properties":{"value":0.2551,"sigma":0.0619}},{"type":"Feature","geometry":{"type":"Polygon","coordinates":[[[-76.46,3.475],[-76.455,3.475],[-76.455,3.48],[-76.46,3.48],[-76.46,3.475]]]},"properties":{"value":0.2327,"sigma":0.0567}},{"type":"Feature","geometry":{"type":"Polygon","coordinates":[[[-76.455,3.475],[-76.45,3.475],[-76.45,3.48],[-76.455,3.48],[-76.455,3.475]]]},"properties":{"value":0.2208,"sigma":0.0608}},{"type":"Feature","geometry":{"type":"Polygon","coordinates":[[[-76.44999999999999,3.475],[-76.445,3.475],[-76.445,3.48],[-76.44999999999999,3.48],[-76.44999999999999,3.475]]]},"properties":{"value":0.2108,"sigma":0.0631}},{"type":"Feature","geometry":{"type":"Polygon","coordinates":[[[-76.445,3.475],[-76.44,3.475],[-76.44,3.48],[-76.445,3.48],[-76.445,3.475]]]},"properties":{"value":0.201,"sigma":0.0635}},{"type":"Feature","geometry":{"type":"Polygon","coordinates":[[[-76.44,3.475],[-76.435,3.475],[-76.435,3.48],[-76.44,3.48],[-76.44,3.475]]]},"properties":{"value":0.1776,"sigma":0.0747}},{"type":"Feature","geometry":{"type":"Polygon","coordinates":[[[-76.43499999999999,3.475],[-76.42999999999999,3.475],[-76.42999999999999,3.48],[-76.43499999999999,3.48],[-76.43499999999999,3.475]]]},"properties":{"value":0.1851,"sigma":0.0723}},{"type":"Feature","geometry":{"type":"Polygon","coordinates":[[[-76.42999999999999,3.475],[-76.425,3.475],[-76.425,3.48],[-76.42999999999999,3.48],[-76.42999999999999,3.475]]]},"properties":{"value":0.1896,"sigma":0.07}},{"type":"Feature","geometry":{"type":"Polygon","coordinates":[[[-76.425,3.475],[-76.42,3.475],[-76.42,3.48],[-76.425,3.48],[-76.425,3.475]]]},"properties":{"value":0.1939,"sigma":0.0744}},{"type":"Feature","geometry":{"type":"Polygon","coordinates":[[[-76.41999999999999,3.475],[-76.41499999999999,3.475],[-76.41499999999999,3.48],[-76.41999999999999,3.48],[-76.41999999999999,3.475]]]},"properties":{"value":0.1813,"sigma":0.0795}},{"type":"Feature","geometry":{"type":"Polygon","coordinates":[[[-76.41499999999999,3.475],[-76.41,3.475],[-76.41,3.48],[-76.41499999999999,3.48],[-76.41499999999999,3.475]]]},"properties":{"value":0.1701,"sigma":0.0822}},{"type":"Feature","geometry":{"type":"Polygon","coordinates":[[[-76.41,3.475],[-76.405,3.475],[-76.405,3.48],[-76.41,3.48],[-76.41,3.475]]]},"properties":{"value":0.1804,"sigma":0.0783}},{"type":"Feature","geometry":{"type":"Polygon","coordinates":[[[-76.40499999999999,3.475],[-76.39999999999999,3.475],[-76.39999999999999,3.48],[-76.40499999999999,3.48],[-76.40499999999999,3.475]]]},"properties":{"value":0.1765,"sigma":0.0868}},{"type":"Feature","geometry":{"type":"Polygon","coordinates":[[[-76.6,3.48],[-76.595,3.48],[-76.595,3.485],[-76.6,3.485],[-76.6,3.48]]]},"properties":{"value":0.1923,"sigma":0.0712}},{"type":"Feature","geometry":{"type":"Polygon","coordinates":[[[-76.595,3.48],[-76.59,3.48],[-76.59,3.485],[-76.595,3.485],[-76.595,3.48]]]},"properties":{"value":0.1901,"sigma":0.0679}},{"type":"Feature","geometry":{"type":"Polygon","coordinates":[[[-76.58999999999999,3.48],[-76.585,3.48],[-76.585,3.485],[-76.58999999999999,3.485],[-76.58999999999999,3.48]]]},"properties":{"value":0.185,"sigma":0.0721}},{"type":"Feature","geometry":{"type":"Polygon","coordinates":[[[-76.585,3.48],[-76.58,3.48],[-76.58,3.485],[-76.585,3.485],[-76.585,3.48]]]},"properties":{"value":0.1964,"sigma":0.0616}},{"type":"Feature","geometry":{"type":"Polygon","coordinates":[[[-76.58,3.48],[-76.575,3.48],[-76.575,3.485],[-76.58,3.485],[-76.58,3.48]]]},"properties":{"value":0.2124,"sigma":0.0641}},{"type":"Feature","geometry":{"type":"Polygon","coordinates":[[[-76.57499999999999,3.48],[-76.57,3.48],[-76.57,3.485],[-76.57499999999999,3.485],[-76.57499999999999,3.48]]]},"properties":{"value":0.2089,"sigma":0.0609}},{"type":"Feature","geometry":{"type":"Polygon","coordinates":[[[-76.57,3.48],[-76.565,3.48],[-76.565,3.485],[-76.57,3.485],[-76.57,3.48]]]},"properties":{"value":0.203,"sigma":0.0576}},{"type":"Feature","geometry":{"type":"Polygon","coordinates":[[[-76.565,3.48],[-76.56,3.48],[-76.56,3.485],[-76.565,3.485],[-76.565,3.48]]]},"properties":{"value":0.2124,"sigma":0.0523}},{"type":"Feature","geometry":{"type":"Polygon","coordinates":[[[-76.55999999999999,3.48],[-76.55499999999999,3.48],[-76.55499999999999,3.485],[-76.55999999999999,3.485],[-76.55999999999999,3.48]]]},"properties":{"value":0.2263,"sigma":0.0507}},{"type":"Feature","geometry":{"type":"Polygon","coordinates":[[[-76.55499999999999,3.48],[-76.55,3.48],[-76.55,3.485],[-76.55499999999999,3.485],[-76.55499999999999,3.48]]]},"properties":{"value":0.2239,"sigma":0.0478}},{"type":"Feature","geometry":{"type":"Polygon","coordinates":[[[-76.55,3.48],[-76.545,3.48],[-76.545,3.485],[-76.55,3.485],[-76.55,3.48]]]},"properties":{"value":0.2176,"sigma":0.0489}},{"type":"Feature","geometry":{"type":"Polygon","coordinates":[[[-76.54499999999999,3.48],[-76.53999999999999,3.48],[-76.53999999999999,3.485],[-76.54499999999999,3.485],[-76.54499999999999,3.48]]]},"properties":{"value":0.2053,"sigma":0.0476}},{"type":"Feature","geometry":{"type":"Polygon","coordinates":[[[-76.53999999999999,3.48],[-76.535,3.48],[-76.535,3.485],[-76.53999999999999,3.485],[-76.53999999999999,3.48]]]},"properties":{"value":0.2116,"sigma":0.0431}},{"type":"Feature","geometry":{"type":"Polygon","coordinates":[[[-76.535,3.48],[-76.53,3.48],[-76.53,3.485],[-76.535,3.485],[-76.535,3.48]]]},"properties":{"value":0.2043,"sigma":0.0415}},{"type":"Feature","geometry":{"type":"Polygon","coordinates":[[[-76.52999999999999,3.48],[-76.52499999999999,3.48],[-76.52499999999999,3.485],[-76.52999999999999,3.485],[-76.52999999999999,3.48]]]},"properties":{"value":0.2021,"sigma":0.0375}},{"type":"Feature","geometry":{"type":"Polygon","coordinates":[[[-76.52499999999999,3.48],[-76.52,3.48],[-76.52,3.485],[-76.52499999999999,3.485],[-76.52499999999999,3.48]]]},"properties":{"value":0.1821,"sigma":0.0359}},{"type":"Feature","geometry":{"type":"Polygon","coordinates":[[[-76.52,3.48],[-76.515,3.48],[-76.515,3.485],[-76.52,3.485],[-76.52,3.48]]]},"properties":{"value":0.1894,"sigma":0.0309}},{"type":"Feature","geometry":{"type":"Polygon","coordinates":[[[-76.51499999999999,3.48],[-76.50999999999999,3.48],[-76.50999999999999,3.485],[-76.51499999999999,3.485],[-76.51499999999999,3.48]]]},"properties":{"value":0.1841,"sigma":0.0325}},{"type":"Feature","geometry":{"type":"Polygon","coordinates":[[[-76.50999999999999,3.48],[-76.505,3.48],[-76.505,3.485],[-76.50999999999999,3.485],[-76.50999999999999,3.48]]]},"properties":{"value":0.2,"sigma":0.0392}},{"type":"Feature","geometry":{"type":"Polygon","coordinates":[[[-76.505,3.48],[-76.5,3.48],[-76.5,3.485],[-76.505,3.485],[-76.505,3.48]]]},"properties":{"value":0.1895,"sigma":0.0422}},{"type":"Feature","geometry":{"type":"Polygon","coordinates":[[[-76.49999999999999,3.48],[-76.49499999999999,3.48],[-76.49499999999999,3.485],[-76.49999999999999,3.485],[-76.49999999999999,3.48]]]},"properties":{"value":0.1958,"sigma":0.0394}},{"type":"Feature","geometry":{"type":"Polygon","coordinates":[[[-76.49499999999999,3.48],[-76.49,3.48],[-76.49,3.485],[-76.49499999999999,3.485],[-76.49499999999999,3.48]]]},"properties":{"value":0.209,"sigma":0.044}},{"type":"Feature","geometry":{"type":"Polygon","coordinates":[[[-76.49,3.48],[-76.485,3.48],[-76.485,3.485],[-76.49,3.485],[-76.49,3.48]]]},"properties":{"value":0.2165,"sigma":0.0482}},{"type":"Feature","geometry":{"type":"Polygon","coordinates":[[[-76.48499999999999,3.48],[-76.47999999999999,3.48],[-76.47999999999999,3.485],[-76.48499999999999,3.485],[-76.48499999999999,3.48]]]},"properties":{"value":0.245,"sigma":0.0505}},{"type":"Feature","geometry":{"type":"Polygon","coordinates":[[[-76.47999999999999,3.48],[-76.475,3.48],[-76.475,3.485],[-76.47999999999999,3.485],[-76.47999999999999,3.48]]]},"properties":{"value":0.2618,"sigma":0.0522}},{"type":"Feature","geometry":{"type":"Polygon","coordinates":[[[-76.475,3.48],[-76.47,3.48],[-76.47,3.485],[-76.475,3.485],[-76.475,3.48]]]},"properties":{"value":0.2674,"sigma":0.0569}},{"type":"Feature","geometry":{"type":"Polygon","coordinates":[[[-76.47,3.48],[-76.465,3.48],[-76.465,3.485],[-76.47,3.485],[-76.47,3.48]]]},"properties":{"value":0.2727,"sigma":0.0554}},{"type":"Feature","geometry":{"type":"Polygon","coordinates":[[[-76.46499999999999,3.48],[-76.46,3.48],[-76.46,3.485],[-76.46499999999999,3.485],[-76.46499999999999,3.48]]]},"properties":{"value":0.2433,"sigma":0.0612}},{"type":"Feature","geometry":{"type":"Polygon","coordinates":[[[-76.46,3.48],[-76.455,3.48],[-76.455,3.485],[-76.46,3.485],[-76.46,3.48]]]},"properties":{"value":0.2394,"sigma":0.0573}},{"type":"Feature","geometry":{"type":"Polygon","coordinates":[[[-76.455,3.48],[-76.45,3.48],[-76.45,3.485],[-76.455,3.485],[-76.455,3.48]]]},"properties":{"value":0.226,"sigma":0.065}},{"type":"Feature","geometry":{"type":"Polygon","coordinates":[[[-76.44999999999999,3.48],[-76.445,3.48],[-76.445,3.485],[-76.44999999999999,3.485],[-76.44999999999999,3.48]]]},"properties":{"value":0.2008,"sigma":0.0629}},{"type":"Feature","geometry":{"type":"Polygon","coordinates":[[[-76.445,3.48],[-76.44,3.48],[-76.44,3.485],[-76.445,3.485],[-76.445,3.48]]]},"properties":{"value":0.2005,"sigma":0.0687}},{"type":"Feature","geometry":{"type":"Polygon","coordinates":[[[-76.44,3.48],[-76.435,3.48],[-76.435,3.485],[-76.44,3.485],[-76.44,3.48]]]},"properties":{"value":0.1908,"sigma":0.0703}},{"type":"Feature","geometry":{"type":"Polygon","coordinates":[[[-76.43499999999999,3.48],[-76.42999999999999,3.48],[-76.42999999999999,3.485],[-76.43499999999999,3.485],[-76.43499999999999,3.48]]]},"properties":{"value":0.1655,"sigma":0.0739}},{"type":"Feature","geometry":{"type":"Polygon","coordinates":[[[-76.42999999999999,3.48],[-76.425,3.48],[-76.425,3.485],[-76.42999999999999,3.485],[-76.42999999999999,3.48]]]},"properties":{"value":0.1785,"sigma":0.0762}},{"type":"Feature","geometry":{"type":"Polygon","coordinates":[[[-76.425,3.48],[-76.42,3.48],[-76.42,3.485],[-76.425,3.485],[-76.425,3.48]]]},"properties":{"value":0.1893,"sigma":0.0775}},{"type":"Feature","geometry":{"type":"Polygon","coordinates":[[[-76.41999999999999,3.48],[-76.41499999999999,3.48],[-76.41499999999999,3.485],[-76.41999999999999,3.485],[-76.41999999999999,3.48]]]},"properties":{"value":0.1735,"sigma":0.081}},{"type":"Feature","geometry":{"type":"Polygon","coordinates":[[[-76.41499999999999,3.48],[-76.41,3.48],[-76.41,3.485],[-76.41499999999999,3.485],[-76.41499999999999,3.48]]]},"properties":{"value":0.1847,"sigma":0.08}},{"type":"Feature","geometry":{"type":"Polygon","coordinates":[[[-76.41,3.48],[-76.405,3.48],[-76.405,3.485],[-76.41,3.485],[-76.41,3.48]]]},"properties":{"value":0.1802,"sigma":0.0865}},{"type":"Feature","geometry":{"type":"Polygon","coordinates":[[[-76.40499999999999,3.48],[-76.39999999999999,3.48],[-76.39999999999999,3.485],[-76.40499999999999,3.485],[-76.40499999999999,3.48]]]},"properties":{"value":0.1825,"sigma":0.0917}},{"type":"Feature","geometry":{"type":"Polygon","coordinates":[[[-76.6,3.485],[-76.595,3.485],[-76.595,3.4899999999999998],[-76.6,3.4899999999999998],[-76.6,3.485]]]},"properties":{"value":0.1827,"sigma":0.0742}},{"type":"Feature","geometry":{"type":"Polygon","coordinates":[[[-76.595,3.485],[-76.59,3.485],[-76.59,3.4899999999999998],[-76.595,3.4899999999999998],[-76.595,3.485]]]},"properties":{"value":0.1872,"sigma":0.0667}},{"type":"Feature","geometry":{"type":"Polygon","coordinates":[[[-76.58999999999999,3.485],[-76.585,3.485],[-76.585,3.4899999999999998],[-76.58999999999999,3.4899999999999998],[-76.58999999999999,3.485]]]},"properties":{"value":0.1733,"sigma":0.0674}},{"type":"Feature","geometry":{"type":"Polygon","coordinates":[[[-76.585,3.485],[-76.58,3.485],[-76.58,3.4899999999999998],[-76.585,3.4899999999999998],[-76.585,3.485]]]},"properties":{"value":0.1789,"sigma":0.0692}},{"type":"Feature","geometry":{"type":"Polygon","coordinates":[[[-76.58,3.485],[-76.575,3.485],[-76.575,3.4899999999999998],[-76.58,3.4899999999999998],[-76.58,3.485]]]},"properties":{"value":0.197,"sigma":0.0637}},{"type":"Feature","geometry":{"type":"Polygon","coordinates":[[[-76.57499999999999,3.485],[-76.57,3.485],[-76.57,3.4899999999999998],[-76.57499999999999,3.4899999999999998],[-76.57499999999999,3.485]]]},"properties":{"value":0.1887,"sigma":0.0592}},{"type":"Feature","geometry":{"type":"Polygon","coordinates":[[[-76.57,3.485],[-76.565,3.485],[-76.565,3.4899999999999998],[-76.57,3.4899999999999998],[-76.57,3.485]]]},"properties":{"value":0.1961,"sigma":0.0562}},{"type":"Feature","geometry":{"type":"Polygon","coordinates":[[[-76.565,3.485],[-76.56,3.485],[-76.56,3.4899999999999998],[-76.565,3.4899999999999998],[-76.565,3.485]]]},"properties":{"value":0.191,"sigma":0.0557}},{"type":"Feature","geometry":{"type":"Polygon","coordinates":[[[-76.55999999999999,3.485],[-76.55499999999999,3.485],[-76.55499999999999,3.4899999999999998],[-76.55999999999999,3.4899999999999998],[-76.55999999999999,3.485]]]},"properties":{"value":0.2058,"sigma":0.0504}},{"type":"Feature","geometry":{"type":"Polygon","coordinates":[[[-76.55499999999999,3.485],[-76.55,3.485],[-76.55,3.4899999999999998],[-76.55499999999999,3.4899999999999998],[-76.55499999999999,3.485]]]},"properties":{"value":0.2001,"sigma":0.0534}},{"type":"Feature","geometry":{"type":"Polygon","coordinates":[[[-76.55,3.485],[-76.545,3.485],[-76.545,3.4899999999999998],[-76.55,3.4899999999999998],[-76.55,3.485]]]},"properties":{"value":0.1975,"sigma":0.046}},{"type":"Feature","geometry":{"type":"Polygon","coordinates":[[[-76.54499999999999,3.485],[-76.53999999999999,3.485],[-76.53999999999999,3.4899999999999998],[-76.54499999999999,3.4899999999999998],[-76.54499999999999,3.485]]]},"properties":{"value":0.1844,"sigma":0.0432}},{"type":"Feature","geometry":{"type":"Polygon","coordinates":[[[-76.53999999999999,3.485],[-76.535,3.485],[-76.535,3.4899999999999998],[-76.53999999999999,3.4899999999999998],[-76.53999999999999,3.485]]]},"properties":{"value":0.1966,"sigma":0.0405}},{"type":"Feature","geometry":{"type":"Polygon","coordinates":[[[-76.535,3.485],[-76.53,3.485],[-76.53,3.4899999999999998],[-76.535,3.4899999999999998],[-76.535,3.485]]]},"properties":{"value":0.1871,"sigma":0.0464}},{"type":"Feature","geometry":{"type":"Polygon","coordinates":[[[-76.52999999999999,3.485],[-76.52499999999999,3.485],[-76.52499999999999,3.4899999999999998],[-76.52999999999999,3.4899999999999998],[-76.52999999999999,3.485]]]},"properties":{"value":0.1821,"sigma":0.0383}},{"type":"Feature","geometry":{"type":"Polygon","coordinates":[[[-76.52499999999999,3.485],[-76.52,3.485],[-76.52,3.4899999999999998],[-76.52499999999999,3.4899999999999998],[-76.52499999999999,3.485]]]},"properties":{"value":0.2036,"sigma":0.0298}},{"type":"Feature","geometry":{"type":"Polygon","coordinates":[[[-76.52,3.485],[-76.515,3.485],[-76.515,3.4899999999999998],[-76.52,3.4899999999999998],[-76.52,3.485]]]},"properties":{"value":0.1877,"sigma":0.0342}},{"type":"Feature","geometry":{"type":"Polygon","coordinates":[[[-76.51499999999999,3.485],[-76.50999999999999,3.485],[-76.50999999999999,3.4899999999999998],[-76.51499999999999,3.4899999999999998],[-76.51499999999999,3.485]]]},"properties":{"value":0.1857,"sigma":0.0313}},{"type":"Feature","geometry":{"type":"Polygon","coordinates":[[[-76.50999999999999,3.485],[-76.505,3.485],[-76.505,3.4899999999999998],[-76.50999999999999,3.4899999999999998],[-76.50999999999999,3.485]]]},"properties":{"value":0.1819,"sigma":0.0354}},{"type":"Feature","geometry":{"type":"Polygon","coordinates":[[[-76.505,3.485],[-76.5,3.485],[-76.5,3.4899999999999998],[-76.505,3.4899999999999998],[-76.505,3.485]]]},"properties":{"value":0.183,"sigma":0.0432}},{"type":"Feature","geometry":{"type":"Polygon","coordinates":[[[-76.49999999999999,3.485],[-76.49499999999999,3.485],[-76.49499999999999,3.4899999999999998],[-76.49999999999999,3.4899999999999998],[-76.49999999999999,3.485]]]},"properties":{"value":0.1864,"sigma":0.04}},{"type":"Feature","geometry":{"type":"Polygon","coordinates":[[[-76.49499999999999,3.485],[-76.49,3.485],[-76.49,3.4899999999999998],[-76.49499999999999,3.4899999999999998],[-76.49499999999999,3.485]]]},"properties":{"value":0.2152,"sigma":0.0433}},{"type":"Feature","geometry":{"type":"Polygon","coordinates":[[[-76.49,3.485],[-76.485,3.485],[-76.485,3.4899999999999998],[-76.49,3.4899999999999998],[-76.49,3.485]]]},"properties":{"value":0.2172,"sigma":0.0539}},{"type":"Feature","geometry":{"type":"Polygon","coordinates":[[[-76.48499999999999,3.485],[-76.47999999999999,3.485],[-76.47999999999999,3.4899999999999998],[-76.48499999999999,3.4899999999999998],[-76.48499999999999,3.485]]]},"properties":{"value":0.2269,"sigma":0.0503}},{"type":"Feature","geometry":{"type":"Polygon","coordinates":[[[-76.47999999999999,3.485],[-76.475,3.485],[-76.475,3.4899999999999998],[-76.47999999999999,3.4899999999999998],[-76.47999999999999,3.485]]]},"properties":{"value":0.2479,"sigma":0.0545}},{"type":"Feature","geometry":{"type":"Polygon","coordinates":[[[-76.475,3.485],[-76.47,3.485],[-76.47,3.4899999999999998],[-76.475,3.4899999999999998],[-76.475,3.485]]]},"properties":{"value":0.2518,"sigma":0.0549}},{"type":"Feature","geometry":{"type":"Polygon","coordinates":[[[-76.47,3.485],[-76.465,3.485],[-76.465,3.4899999999999998],[-76.47,3.4899999999999998],[-76.47,3.485]]]},"properties":{"value":0.2472,"sigma":0.0569}},{"type":"Feature","geometry":{"type":"Polygon","coordinates":[[[-76.46499999999999,3.485],[-76.46,3.485],[-76.46,3.4899999999999998],[-76.46499999999999,3.4899999999999998],[-76.46499999999999,3.485]]]},"properties":{"value":0.2579,"sigma":0.0561}},{"type":"Feature","geometry":{"type":"Polygon","coordinates":[[[-76.46,3.485],[-76.455,3.485],[-76.455,3.4899999999999998],[-76.46,3.4899999999999998],[-76.46,3.485]]]},"properties":{"value":0.2292,"sigma":0.0572}},{"type":"Feature","geometry":{"type":"Polygon","coordinates":[[[-76.455,3.485],[-76.45,3.485],[-76.45,3.4899999999999998],[-76.455,3.4899999999999998],[-76.455,3.485]]]},"properties":{"value":0.2139,"sigma":0.0681}},{"type":"Feature","geometry":{"type":"Polygon","coordinates":[[[-76.44999999999999,3.485],[-76.445,3.485],[-76.445,3.4899999999999998],[-76.44999999999999,3.4899999999999998],[-76.44999999999999,3.485]]]},"properties":{"value":0.2062,"sigma":0.0646}},{"type":"Feature","geometry":{"type":"Polygon","coordinates":[[[-76.445,3.485],[-76.44,3.485],[-76.44,3.4899999999999998],[-76.445,3.4899999999999998],[-76.445,3.485]]]},"properties":{"value":0.1804,"sigma":0.0689}},{"type":"Feature","geometry":{"type":"Polygon","coordinates":[[[-76.44,3.485],[-76.435,3.485],[-76.435,3.4899999999999998],[-76.44,3.4899999999999998],[-76.44,3.485]]]},"properties":{"value":0.183,"sigma":0.0713}},{"type":"Feature","geometry":{"type":"Polygon","coordinates":[[[-76.43499999999999,3.485],[-76.42999999999999,3.485],[-76.42999999999999,3.4899999999999998],[-76.43499999999999,3.4899999999999998],[-76.43499999999999,3.485]]]},"properties":{"value":0.1821,"sigma":0.0749}},{"type":"Feature","geometry":{"type":"Polygon","coordinates":[[[-76.42999999999999,3.485],[-76.425,3.485],[-76.425,3.4899999999999998],[-76.42999999999999,3.4899999999999998],[-76.42999999999999,3.485]]]},"properties":{"value":0.1777,"sigma":0.0829}},{"type":"Feature","geometry":{"type":"Polygon","coordinates":[[[-76.425,3.485],[-76.42,3.485],[-76.42,3.4899999999999998],[-76.425,3.4899999999999998],[-76.425,3.485]]]},"properties":{"value":0.1696,"sigma":0.079}},{"type":"Feature","geometry":{"type":"Polygon","coordinates":[[[-76.41999999999999,3.485],[-76.41499999999999,3.485],[-76.41499999999999,3.4899999999999998],[-76.41999999999999,3.4899999999999998],[-76.41999999999999,3.485]]]},"properties":{"value":0.1838,"sigma":0.082}},{"type":"Feature","geometry":{"type":"Polygon","coordinates":[[[-76.41499999999999,3.485],[-76.41,3.485],[-76.41,3.4899999999999998],[-76.41499999999999,3.4899999999999998],[-76.41499999999999,3.485]]]},"properties":{"value":0.1764,"sigma":0.082}},{"type":"Feature","geometry":{"type":"Polygon","coordinates":[[[-76.41,3.485],[-76.405,3.485],[-76.405,3.4899999999999998],[-76.41,3.4899999999999998],[-76.41,3.485]]]},"properties":{"value":0.1775,"sigma":0.0844}},{"type":"Feature","geometry":{"type":"Polygon","coordinates":[[[-76.40499999999999,3.485],[-76.39999999999999,3.485],[-76.39999999999999,3.4899999999999998],[-76.40499999999999,3.4899999999999998],[-76.40499999999999,3.485]]]},"properties":{"value":0.1828,"sigma":0.0876}},{"type":"Feature","geometry":{"type":"Polygon","coordinates":[[[-76.6,3.4899999999999998],[-76.595,3.4899999999999998],[-76.595,3.4949999999999997],[-76.6,3.4949999999999997],[-76.6,3.4899999999999998]]]},"properties":{"value":0.1857,"sigma":0.0711}},{"type":"Feature","geometry":{"type":"Polygon","coordinates":[[[-76.595,3.4899999999999998],[-76.59,3.4899999999999998],[-76.59,3.4949999999999997],[-76.595,3.4949999999999997],[-76.595,3.4899999999999998]]]},"properties":{"value":0.1683,"sigma":0.0698}},{"type":"Feature","geometry":{"type":"Polygon","coordinates":[[[-76.58999999999999,3.4899999999999998],[-76.585,3.4899999999999998],[-76.585,3.4949999999999997],[-76.58999999999999,3.4949999999999997],[-76.58999999999999,3.4899999999999998]]]},"properties":{"value":0.187,"sigma":0.066}},{"type":"Feature","geometry":{"type":"Polygon","coordinates":[[[-76.585,3.4899999999999998],[-76.58,3.4899999999999998],[-76.58,3.4949999999999997],[-76.585,3.4949999999999997],[-76.585,3.4899999999999998]]]},"properties":{"value":0.1779,"sigma":0.064}},{"type":"Feature","geometry":{"type":"Polygon","coordinates":[[[-76.58,3.4899999999999998],[-76.575,3.4899999999999998],[-76.575,3.4949999999999997],[-76.58,3.4949999999999997],[-76.58,3.4899999999999998]]]},"properties":{"value":0.1846,"sigma":0.0625}},{"type":"Feature","geometry":{"type":"Polygon","coordinates":[[[-76.57499999999999,3.4899999999999998],[-76.57,3.4899999999999998],[-76.57,3.4949999999999997],[-76.57499999999999,3.4949999999999997],[-76.57499999999999,3.4899999999999998]]]},"properties":{"value":0.1884,"sigma":0.0578}},{"type":"Feature","geometry":{"type":"Polygon","coordinates":[[[-76.57,3.4899999999999998],[-76.565,3.4899999999999998],[-76.565,3.4949999999999997],[-76.57,3.4949999999999997],[-76.57,3.4899999999999998]]]},"properties":{"value":0.1921,"sigma":0.0625}},{"type":"Feature","geometry":{"type":"Polygon","coordinates":[[[-76.565,3.4899999999999998],[-76.56,3.4899999999999998],[-76.56,3.4949999999999997],[-76.565,3.4949999999999997],[-76.565,3.4899999999999998]]]},"properties":{"value":0.1828,"sigma":0.0578}},{"type":"Feature","geometry":{"type":"Polygon","coordinates":[[[-76.55999999999999,3.4899999999999998],[-76.55499999999999,3.4899999999999998],[-76.55499999999999,3.4949999999999997],[-76.55999999999999,3.4949999999999997],[-76.55999999999999,3.4899999999999998]]]},"properties":{"value":0.1861,"sigma":0.054}},{"type":"Feature","geometry":{"type":"Polygon","coordinates":[[[-76.55499999999999,3.4899999999999998],[-76.55,3.4899999999999998],[-76.55,3.4949999999999997],[-76.55499999999999,3.4949999999999997],[-76.55499999999999,3.4899999999999998]]]},"properties":{"value":0.1845,"sigma":0.0515}},{"type":"Feature","geometry":{"type":"Polygon","coordinates":[[[-76.55,3.4899999999999998],[-76.545,3.4899999999999998],[-76.545,3.4949999999999997],[-76.55,3.4949999999999997],[-76.55,3.4899999999999998]]]},"properties":{"value":0.1916,"sigma":0.0504}},{"type":"Feature","geometry":{"type":"Polygon","coordinates":[[[-76.54499999999999,3.4899999999999998],[-76.53999999999999,3.4899999999999998],[-76.53999999999999,3.4949999999999997],[-76.54499999999999,3.4949999999999997],[-76.54499999999999,3.4899999999999998]]]},"properties":{"value":0.2015,"sigma":0.0476}},{"type":"Feature","geometry":{"type":"Polygon","coordinates":[[[-76.53999999999999,3.4899999999999998],[-76.535,3.4899999999999998],[-76.535,3.4949999999999997],[-76.53999999999999,3.4949999999999997],[-76.53999999999999,3.4899999999999998]]]},"properties":{"value":0.1984,"sigma":0.0438}},{"type":"Feature","geometry":{"type":"Polygon","coordinates":[[[-76.535,3.4899999999999998],[-76.53,3.4899999999999998],[-76.53,3.4949999999999997],[-76.535,3.4949999999999997],[-76.535,3.4899999999999998]]]},"properties":{"value":0.1971,"sigma":0.0393}},{"type":"Feature","geometry":{"type":"Polygon","coordinates":[[[-76.52999999999999,3.4899999999999998],[-76.52499999999999,3.4899999999999998],[-76.52499999999999,3.4949999999999997],[-76.52999999999999,3.4949999999999997],[-76.52999999999999,3.4899999999999998]]]},"properties":{"value":0.1791,"sigma":0.0388}},{"type":"Feature","geometry":{"type":"Polygon","coordinates":[[[-76.52499999999999,3.4899999999999998],[-76.52,3.4899999999999998],[-76.52,3.4949999999999997],[-76.52499999999999,3.4949999999999997],[-76.52499999999999,3.4899999999999998]]]},"properties":{"value":0.1726,"sigma":0.0354}},{"type":"Feature","geometry":{"type":"Polygon","coordinates":[[[-76.52,3.4899999999999998],[-76.515,3.4899999999999998],[-76.515,3.4949999999999997],[-76.52,3.4949999999999997],[-76.52,3.4899999999999998]]]},"properties":{"value":0.1928,"sigma":0.0338}},{"type":"Feature","geometry":{"type":"Polygon","coordinates":[[[-76.51499999999999,3.4899999999999998],[-76.50999999999999,3.4899999999999998],[-76.50999999999999,3.4949999999999997],[-76.51499999999999,3.4949999999999997],[-76.51499999999999,3.4899999999999998]]]},"properties":{"value":0.1801,"sigma":0.0369}},{"type":"Feature","geometry":{"type":"Polygon","coordinates":[[[-76.50999999999999,3.4899999999999998],[-76.505,3.4899999999999998],[-76.505,3.4949999999999997],[-76.50999999999999,3.4949999999999997],[-76.50999999999999,3.4899999999999998]]]},"properties":{"value":0.1881,"sigma":0.0358}},{"type":"Feature","geometry":{"type":"Polygon","coordinates":[[[-76.505,3.4899999999999998],[-76.5,3.4899999999999998],[-76.5,3.4949999999999997],[-76.505,3.4949999999999997],[-76.505,3.4899999999999998]]]},"properties":{"value":0.1799,"sigma":0.0455}},{"type":"Feature","geometry":{"type":"Polygon","coordinates":[[[-76.49999999999999,3.4899999999999998],[-76.49499999999999,3.4899999999999998],[-76.49499999999999,3.4949999999999997],[-76.49999999999999,3.4949999999999997],[-76.49999999999999,3.4899999999999998]]]},"properties":{"value":0.1867,"sigma":0.0414}},{"type":"Feature","geometry":{"type":"Polygon","coordinates":[[[-76.49499999999999,3.4899999999999998],[-76.49,3.4899999999999998],[-76.49,3.4949999999999997],[-76.49499999999999,3.4949999999999997],[-76.49499999999999,3.4899999999999998]]]},"properties":{"value":0.2013,"sigma":0.0418}},{"type":"Feature","geometry":{"type":"Polygon","coordinates":[[[-76.49,3.4899999999999998],[-76.485,3.4899999999999998],[-76.485,3.4949999999999997],[-76.49,3.4949999999999997],[-76.49,3.4899999999999998]]]},"properties":{"value":0.2034,"sigma":0.0448}},{"type":"Feature","geometry":{"type":"Polygon","coordinates":[[[-76.48499999999999,3.4899999999999998],[-76.47999999999999,3.4899999999999998],[-76.47999999999999,3.4949999999999997],[-76.48499999999999,3.4949999999999997],[-76.48499999999999,3.4899999999999998]]]},"properties":{"value":0.2304,"sigma":0.0498}},{"type":"Feature","geometry":{"type":"Polygon","coordinates":[[[-76.47999999999999,3.4899999999999998],[-76.475,3.4899999999999998],[-76.475,3.4949999999999997],[-76.47999999999999,3.4949999999999997],[-76.47999999999999,3.4899999999999998]]]},"properties":{"value":0.2315,"sigma":0.0547}},{"type":"Feature","geometry":{"type":"Polygon","coordinates":[[[-76.475,3.4899999999999998],[-76.47,3.4899999999999998],[-76.47,3.4949999999999997],[-76.475,3.4949999999999997],[-76.475,3.4899999999999998]]]},"properties":{"value":0.2306,"sigma":0.0538}},{"type":"Feature","geometry":{"type":"Polygon","coordinates":[[[-76.47,3.4899999999999998],[-76.465,3.4899999999999998],[-76.465,3.4949999999999997],[-76.47,3.4949999999999997],[-76.47,3.4899999999999998]]]},"properties":{"value":0.2238,"sigma":0.0579}},{"type":"Feature","geometry":{"type":"Polygon","coordinates":[[[-76.46499999999999,3.4899999999999998],[-76.46,3.4899999999999998],[-76.46,3.4949999999999997],[-76.46499999999999,3.4949999999999997],[-76.46499999999999,3.4899999999999998]]]},"properties":{"value":0.2172,"sigma":0.065}},{"type":"Feature","geometry":{"type":"Polygon","coordinates":[[[-76.46,3.4899999999999998],[-76.455,3.4899999999999998],[-76.455,3.4949999999999997],[-76.46,3.4949999999999997],[-76.46,3.4899999999999998]]]},"properties":{"value":0.2181,"sigma":0.0623}},{"type":"Feature","geometry":{"type":"Polygon","coordinates":[[[-76.455,3.4899999999999998],[-76.45,3.4899999999999998],[-76.45,3.4949999999999997],[-76.455,3.4949999999999997],[-76.455,3.4899999999999998]]]},"properties":{"value":0.2083,"sigma":0.0648}},{"type":"Feature","geometry":{"type":"Polygon","coordinates":[[[-76.44999999999999,3.4899999999999998],[-76.445,3.4899999999999998],[-76.445,3.4949999999999997],[-76.44999999999999,3.4949999999999997],[-76.44999999999999,3.4899999999999998]]]},"properties":{"value":0.1934,"sigma":0.0712}},{"type":"Feature","geometry":{"type":"Polygon","coordinates":[[[-76.445,3.4899999999999998],[-76.44,3.4899999999999998],[-76.44,3.4949999999999997],[-76.445,3.4949999999999997],[-76.445,3.4899999999999998]]]},"properties":{"value":0.1844,"sigma":0.0695}},{"type":"Feature","geometry":{"type":"Polygon","coordinates":[[[-76.44,3.4899999999999998],[-76.435,3.4899999999999998],[-76.435,3.4949999999999997],[-76.44,3.4949999999999997],[-76.44,3.4899999999999998]]]},"properties":{"value":0.1761,"sigma":0.0697}},{"type":"Feature","geometry":{"type":"Polygon","coordinates":[[[-76.43499999999999,3.4899999999999998],[-76.42999999999999,3.4899999999999998],[-76.42999999999999,3.4949999999999997],[-76.43499999999999,3.4949999999999997],[-76.43499999999999,3.4899999999999998]]]},"properties":{"value":0.1847,"sigma":0.0772}},{"type":"Feature","geometry":{"type":"Polygon","coordinates":[[[-76.42999999999999,3.4899999999999998],[-76.425,3.4899999999999998],[-76.425,3.4949999999999997],[-76.42999999999999,3.4949999999999997],[-76.42999999999999,3.4899999999999998]]]},"properties":{"value":0.1789,"sigma":0.0782}},{"type":"Feature","geometry":{"type":"Polygon","coordinates":[[[-76.425,3.4899999999999998],[-76.42,3.4899999999999998],[-76.42,3.4949999999999997],[-76.425,3.4949999999999997],[-76.425,3.4899999999999998]]]},"properties":{"value":0.1837,"sigma":0.0809}},{"type":"Feature","geometry":{"type":"Polygon","coordinates":[[[-76.41999999999999,3.4899999999999998],[-76.41499999999999,3.4899999999999998],[-76.41499999999999,3.4949999999999997],[-76.41999999999999,3.4949999999999997],[-76.41999999999999,3.4899999999999998]]]},"properties":{"value":0.1786,"sigma":0.0805}},{"type":"Feature","geometry":{"type":"Polygon","coordinates":[[[-76.41499999999999,3.4899999999999998],[-76.41,3.4899999999999998],[-76.41,3.4949999999999997],[-76.41499999999999,3.4949999999999997],[-76.41499999999999,3.4899999999999998]]]},"properties":{"value":0.1838,"sigma":0.0797}},{"type":"Feature","geometry":{"type":"Polygon","coordinates":[[[-76.41,3.4899999999999998],[-76.405,3.4899999999999998],[-76.405,3.4949999999999997],[-76.41,3.4949999999999997],[-76.41,3.4899999999999998]]]},"properties":{"value":0.178,"sigma":0.0877}},{"type":"Feature","geometry":{"type":"Polygon","coordinates":[[[-76.40499999999999,3.4899999999999998],[-76.39999999999999,3.4899999999999998],[-76.39999999999999,3.4949999999999997],[-76.40499999999999,3.4949999999999997],[-76.40499999999999,3.4899999999999998]]]},"properties":{"value":0.1815,"sigma":0.0957}},{"type":"Feature","geometry":{"type":"Polygon","coordinates":[[[-76.6,3.4949999999999997],[-76.595,3.4949999999999997],[-76.595,3.4999999999999996],[-76.6,3.4999999999999996],[-76.6,3.4949999999999997]]]},"properties":{"value":0.1826,"sigma":0.0733}},{"type":"Feature","geometry":{"type":"Polygon","coordinates":[[[-76.595,3.4949999999999997],[-76.59,3.4949999999999997],[-76.59,3.4999999999999996],[-76.595,3.4999999999999996],[-76.595,3.4949999999999997]]]},"properties":{"value":0.18,"sigma":0.0697}},{"type":"Feature","geometry":{"type":"Polygon","coordinates":[[[-76.58999999999999,3.4949999999999997],[-76.585,3.4949999999999997],[-76.585,3.4999999999999996],[-76.58999999999999,3.4999999999999996],[-76.58999999999999,3.4949999999999997]]]},"properties":{"value":0.186,"sigma":0.0632}},{"type":"Feature","geometry":{"type":"Polygon","coordinates":[[[-76.585,3.4949999999999997],[-76.58,3.4949999999999997],[-76.58,3.4999999999999996],[-76.585,3.4999999999999996],[-76.585,3.4949999999999997]]]},"properties":{"value":0.1756,"sigma":0.0691}},{"type":"Feature","geometry":{"type":"Polygon","coordinates":[[[-76.58,3.4949999999999997],[-76.575,3.4949999999999997],[-76.575,3.4999999999999996],[-76.58,3.4999999999999996],[-76.58,3.4949999999999997]]]},"properties":{"value":0.1974,"sigma":0.0636}},{"type":"Feature","geometry":{"type":"Polygon","coordinates":[[[-76.57499999999999,3.4949999999999997],[-76.57,3.4949999999999997],[-76.57,3.4999999999999996],[-76.57499999999999,3.4999999999999996],[-76.57499999999999,3.4949999999999997]]]},"properties":{"value":0.1932,"sigma":0.065}},{"type":"Feature","geometry":{"type":"Polygon","coordinates":[[[-76.57,3.4949999999999997],[-76.565,3.4949999999999997],[-76.565,3.4999999999999996],[-76.57,3.4999999999999996],[-76.57,3.4949999999999997]]]},"properties":{"value":0.1871,"sigma":0.0611}},{"type":"Feature","geometry":{"type":"Polygon","coordinates":[[[-76.565,3.4949999999999997],[-76.56,3.4949999999999997],[-76.56,3.4999999999999996],[-76.565,3.4999999999999996],[-76.565,3.4949999999999997]]]},"properties":{"value":0.1804,"sigma":0.0566}},{"type":"Feature","geometry":{"type":"Polygon","coordinates":[[[-76.55999999999999,3.4949999999999997],[-76.55499999999999,3.4949999999999997],[-76.55499999999999,3.4999999999999996],[-76.55999999999999,3.4999999999999996],[-76.55999999999999,3.4949999999999997]]]},"properties":{"value":0.1996,"sigma":0.0528}},{"type":"Feature","geometry":{"type":"Polygon","coordinates":[[[-76.55499999999999,3.4949999999999997],[-76.55,3.4949999999999997],[-76.55,3.4999999999999996],[-76.55499999999999,3.4999999999999996],[-76.55499999999999,3.4949999999999997]]]},"properties":{"value":0.1893,"sigma":0.051}},{"type":"Feature","geometry":{"type":"Polygon","coordinates":[[[-76.55,3.4949999999999997],[-76.545,3.4949999999999997],[-76.545,3.4999999999999996],[-76.55,3.4999999999999996],[-76.55,3.4949999999999997]]]},"properties":{"value":0.1755,"sigma":0.0467}},{"type":"Feature","geometry":{"type":"Polygon","coordinates":[[[-76.54499999999999,3.4949999999999997],[-76.53999999999999,3.4949999999999997],[-76.53999999999999,3.4999999999999996],[-76.54499999999999,3.4999999999999996],[-76.54499999999999,3.4949999999999997]]]},"properties":{"value":0.1959,"sigma":0.0472}},{"type":"Feature","geometry":{"type":"Polygon","coordinates":[[[-76.53999999999999,3.4949999999999997],[-76.535,3.4949999999999997],[-76.535,3.4999999999999996],[-76.53999999999999,3.4999999999999996],[-76.53999999999999,3.4949999999999997]]]},"properties":{"value":0.1753,"sigma":0.0457}},{"type":"Feature","geometry":{"type":"Polygon","coordinates":[[[-76.535,3.4949999999999997],[-76.53,3.4949999999999997],[-76.53,3.4999999999999996],[-76.535,3.4999999999999996],[-76.535,3.4949999999999997]]]},"properties":{"value":0.1684,"sigma":0.043}},{"type":"Feature","geometry":{"type":"Polygon","coordinates":[[[-76.52999999999999,3.4949999999999997],[-76.52499999999999,3.4949999999999997],[-76.52499999999999,3.4999999999999996],[-76.52999999999999,3.4999999999999996],[-76.52999999999999,3.4949999999999997]]]},"properties":{"value":0.1835,"sigma":0.0408}},{"type":"Feature","geometry":{"type":"Polygon","coordinates":[[[-76.52499999999999,3.4949999999999997],[-76.52,3.4949999999999997],[-76.52,3.4999999999999996],[-76.52499999999999,3.4999999999999996],[-76.52499999999999,3.4949999999999997]]]},"properties":{"value":0.1696,"sigma":0.0376}},{"type":"Feature","geometry":{"type":"Polygon","coordinates":[[[-76.52,3.4949999999999997],[-76.515,3.4949999999999997],[-76.515,3.4999999999999996],[-76.52,3.4999999999999996],[-76.52,3.4949999999999997]]]},"properties":{"value":0.172,"sigma":0.04}},{"type":"Feature","geometry":{"type":"Polygon","coordinates":[[[-76.51499999999999,3.4949999999999997],[-76.50999999999999,3.4949999999999997],[-76.50999999999999,3.4999999999999996],[-76.51499999999999,3.4999999999999996],[-76.51499999999999,3.4949999999999997]]]},"properties":{"value":0.1851,"sigma":0.0357}},{"type":"Feature","geometry":{"type":"Polygon","coordinates":[[[-76.50999999999999,3.4949999999999997],[-76.505,3.4949999999999997],[-76.505,3.4999999999999996],[-76.50999999999999,3.4999999999999996],[-76.50999999999999,3.4949999999999997]]]},"properties":{"value":0.1753,"sigma":0.0388}},{"type":"Feature","geometry":{"type":"Polygon","coordinates":[[[-76.505,3.4949999999999997],[-76.5,3.4949999999999997],[-76.5,3.4999999999999996],[-76.505,3.4999999999999996],[-76.505,3.4949999999999997]]]},"properties":{"value":0.1958,"sigma":0.039}},{"type":"Feature","geometry":{"type":"Polygon","coordinates":[[[-76.49999999999999,3.4949999999999997],[-76.49499999999999,3.4949999999999997],[-76.49499999999999,3.4999999999999996],[-76.49999999999999,3.4999999999999996],[-76.49999999999999,3.4949999999999997]]]},"properties":{"value":0.1867,"sigma":0.0477}},{"type":"Feature","geometry":{"type":"Polygon","coordinates":[[[-76.49499999999999,3.4949999999999997],[-76.49,3.4949999999999997],[-76.49,3.4999999999999996],[-76.49499999999999,3.4999999999999996],[-76.49499999999999,3.4949999999999997]]]},"properties":{"value":0.1789,"sigma":0.0437}},{"type":"Feature","geometry":{"type":"Polygon","coordinates":[[[-76.49,3.4949999999999997],[-76.485,3.4949999999999997],[-76.485,3.4999999999999996],[-76.49,3.4999999999999996],[-76.49,3.4949999999999997]]]},"properties":{"value":0.1925,"sigma":0.0461}},{"type":"Feature","geometry":{"type":"Polygon","coordinates":[[[-76.48499999999999,3.4949999999999997],[-76.47999999999999,3.4949999999999997],[-76.47999999999999,3.4999999999999996],[-76.48499999999999,3.4999999999999996],[-76.48499999999999,3.4949999999999997]]]},"properties":{"value":0.2048,"sigma":0.0536}},{"type":"Feature","geometry":{"type":"Polygon","coordinates":[[[-76.47999999999999,3.4949999999999997],[-76.475,3.4949999999999997],[-76.475,3.4999999999999996],[-76.47999999999999,3.4999999999999996],[-76.47999999999999,3.4949999999999997]]]},"properties":{"value":0.2154,"sigma":0.0562}},{"type":"Feature","geometry":{"type":"Polygon","coordinates":[[[-76.475,3.4949999999999997],[-76.47,3.4949999999999997],[-76.47,3.4999999999999996],[-76.475,3.4999999999999996],[-76.475,3.4949999999999997]]]},"properties":{"value":0.2215,"sigma":0.0599}},{"type":"Feature","geometry":{"type":"Polygon","coordinates":[[[-76.47,3.4949999999999997],[-76.465,3.4949999999999997],[-76.465,3.4999999999999996],[-76.47,3.4999999999999996],[-76.47,3.4949999999999997]]]},"properties":{"value":0.2252,"sigma":0.058}},{"type":"Feature","geometry":{"type":"Polygon","coordinates":[[[-76.46499999999999,3.4949999999999997],[-76.46,3.4949999999999997],[-76.46,3.4999999999999996],[-76.46499999999999,3.4999999999999996],[-76.46499999999999,3.4949999999999997]]]},"properties":{"value":0.2126,"sigma":0.0634}},{"type":"Feature","geometry":{"type":"Polygon","coordinates":[[[-76.46,3.4949999999999997],[-76.455,3.4949999999999997],[-76.455,3.4999999999999996],[-76.46,3.4999999999999996],[-76.46,3.4949999999999997]]]},"properties":{"value":0.213,"sigma":0.064}},{"type":"Feature","geometry":{"type":"Polygon","coordinates":[[[-76.455,3.4949999999999997],[-76.45,3.4949999999999997],[-76.45,3.4999999999999996],[-76.455,3.4999999999999996],[-76.455,3.4949999999999997]]]},"properties":{"value":0.1929,"sigma":0.0637}},{"type":"Feature","geometry":{"type":"Polygon","coordinates":[[[-76.44999999999999,3.4949999999999997],[-76.445,3.4949999999999997],[-76.445,3.4999999999999996],[-76.44999999999999,3.4999999999999996],[-76.44999999999999,3.4949999999999997]]]},"properties":{"value":0.1854,"sigma":0.069}},{"type":"Feature","geometry":{"type":"Polygon","coordinates":[[[-76.445,3.4949999999999997],[-76.44,3.4949999999999997],[-76.44,3.4999999999999996],[-76.445,3.4999999999999996],[-76.445,3.4949999999999997]]]},"properties":{"value":0.1764,"sigma":0.0709}},{"type":"Feature","geometry":{"type":"Polygon","coordinates":[[[-76.44,3.4949999999999997],[-76.435,3.4949999999999997],[-76.435,3.4999999999999996],[-76.44,3.4999999999999996],[-76.44,3.4949999999999997]]]},"properties":{"value":0.1834,"sigma":0.0742}},{"type":"Feature","geometry":{"type":"Polygon","coordinates":[[[-76.43499999999999,3.4949999999999997],[-76.42999999999999,3.4949999999999997],[-76.42999999999999,3.4999999999999996],[-76.43499999999999,3.4999999999999996],[-76.43499999999999,3.4949999999999997]]]},"properties":{"value":0.1834,"sigma":0.0778}},{"type":"Feature","geometry":{"type":"Polygon","coordinates":[[[-76.42999999999999,3.4949999999999997],[-76.425,3.4949999999999997],[-76.425,3.4999999999999996],[-76.42999999999999,3.4999999999999996],[-76.42999999999999,3.4949999999999997]]]},"properties":{"value":0.1759,"sigma":0.0803}},{"type":"Feature","geometry":{"type":"Polygon","coordinates":[[[-76.425,3.4949999999999997],[-76.42,3.4949999999999997],[-76.42,3.4999999999999996],[-76.425,3.4999999999999996],[-76.425,3.4949999999999997]]]},"properties":{"value":0.1679,"sigma":0.0746}},{"type":"Feature","geometry":{"type":"Polygon","coordinates":[[[-76.41999999999999,3.4949999999999997],[-76.41499999999999,3.4949999999999997],[-76.41499999999999,3.4999999999999996],[-76.41999999999999,3.4999999999999996],[-76.41999999999999,3.4949999999999997]]]},"properties":{"value":0.1767,"sigma":0.0801}},{"type":"Feature","geometry":{"type":"Polygon","coordinates":[[[-76.41499999999999,3.4949999999999997],[-76.41,3.4949999999999997],[-76.41,3.4999999999999996],[-76.41499999999999,3.4999999999999996],[-76.41499999999999,3.4949999999999997]]]},"properties":{"value":0.178,"sigma":0.0825}},{"type":"Feature","geometry":{"type":"Polygon","coordinates":[[[-76.41,3.4949999999999997],[-76.405,3.4949999999999997],[-76.405,3.4999999999999996],[-76.41,3.4999999999999996],[-76.41,3.4949999999999997]]]},"properties":{"value":0.1739,"sigma":0.0923}},{"type":"Feature","geometry":{"type":"Polygon","coordinates":[[[-76.40499999999999,3.4949999999999997],[-76.39999999999999,3.4949999999999997],[-76.39999999999999,3.4999999999999996],[-76.40499999999999,3.4999999999999996],[-76.40499999999999,3.4949999999999997]]]},"properties":{"value":0.1816,"sigma":0.0913}},{"type":"Feature","geometry":{"type":"Polygon","coordinates":[[[-76.6,3.5],[-76.595,3.5],[-76.595,3.505],[-76.6,3.505],[-76.6,3.5]]]},"properties":{"value":0.1707,"sigma":0.0743}},{"type":"Feature","geometry":{"type":"Polygon","coordinates":[[[-76.595,3.5],[-76.59,3.5],[-76.59,3.505],[-76.595,3.505],[-76.595,3.5]]]},"properties":{"value":0.173,"sigma":0.0713}},{"type":"Feature","geometry":{"type":"Polygon","coordinates":[[[-76.58999999999999,3.5],[-76.585,3.5],[-76.585,3.505],[-76.58999999999999,3.505],[-76.58999999999999,3.5]]]},"properties":{"value":0.1927,"sigma":0.0694}},{"type":"Feature","geometry":{"type":"Polygon","coordinates":[[[-76.585,3.5],[-76.58,3.5],[-76.58,3.505],[-76.585,3.505],[-76.585,3.5]]]},"properties":{"value":0.18,"sigma":0.0656}},{"type":"Feature","geometry":{"type":"Polygon","coordinates":[[[-76.58,3.5],[-76.575,3.5],[-76.575,3.505],[-76.58,3.505],[-76.58,3.5]]]},"properties":{"value":0.1895,"sigma":0.0643}},{"type":"Feature","geometry":{"type":"Polygon","coordinates":[[[-76.57499999999999,3.5],[-76.57,3.5],[-76.57,3.505],[-76.57499999999999,3.505],[-76.57499999999999,3.5]]]},"properties":{"value":0.1827,"sigma":0.0612}},{"type":"Feature","geometry":{"type":"Polygon","coordinates":[[[-76.57,3.5],[-76.565,3.5],[-76.565,3.505],[-76.57,3.505],[-76.57,3.5]]]},"properties":{"value":0.1896,"sigma":0.0562}},{"type":"Feature","geometry":{"type":"Polygon","coordinates":[[[-76.565,3.5],[-76.56,3.5],[-76.56,3.505],[-76.565,3.505],[-76.565,3.5]]]},"properties":{"value":0.1777,"sigma":0.0625}},{"type":"Feature","geometry":{"type":"Polygon","coordinates":[[[-76.55999999999999,3.5],[-76.55499999999999,3.5],[-76.55499999999999,3.505],[-76.55999999999999,3.505],[-76.55999999999999,3.5]]]},"properties":{"value":0.1907,"sigma":0.0532}},{"type":"Feature","geometry":{"type":"Polygon","coordinates":[[[-76.55499999999999,3.5],[-76.55,3.5],[-76.55,3.505],[-76.55499999999999,3.505],[-76.55499999999999,3.5]]]},"properties":{"value":0.1839,"sigma":0.0513}},{"type":"Feature","geometry":{"type":"Polygon","coordinates":[[[-76.55,3.5],[-76.545,3.5],[-76.545,3.505],[-76.55,3.505],[-76.55,3.5]]]},"properties":{"value":0.1714,"sigma":0.0489}},{"type":"Feature","geometry":{"type":"Polygon","coordinates":[[[-76.54499999999999,3.5],[-76.53999999999999,3.5],[-76.53999999999999,3.505],[-76.54499999999999,3.505],[-76.54499999999999,3.5]]]},"properties":{"value":0.1858,"sigma":0.0476}},{"type":"Feature","geometry":{"type":"Polygon","coordinates":[[[-76.53999999999999,3.5],[-76.535,3.5],[-76.535,3.505],[-76.53999999999999,3.505],[-76.53999999999999,3.5]]]},"properties":{"value":0.1786,"sigma":0.0473}},{"type":"Feature","geometry":{"type":"Polygon","coordinates":[[[-76.535,3.5],[-76.53,3.5],[-76.53,3.505],[-76.535,3.505],[-76.535,3.5]]]},"properties":{"value":0.1837,"sigma":0.0461}},{"type":"Feature","geometry":{"type":"Polygon","coordinates":[[[-76.52999999999999,3.5],[-76.52499999999999,3.5],[-76.52499999999999,3.505],[-76.52999999999999,3.505],[-76.52999999999999,3.5]]]},"properties":{"value":0.1823,"sigma":0.0399}},{"type":"Feature","geometry":{"type":"Polygon","coordinates":[[[-76.52499999999999,3.5],[-76.52,3.5],[-76.52,3.505],[-76.52499999999999,3.505],[-76.52499999999999,3.5]]]},"properties":{"value":0.1804,"sigma":0.0384}},{"type":"Feature","geometry":{"type":"Polygon","coordinates":[[[-76.52,3.5],[-76.515,3.5],[-76.515,3.505],[-76.52,3.505],[-76.52,3.5]]]},"properties":{"value":0.1857,"sigma":0.0401}},{"type":"Feature","geometry":{"type":"Polygon","coordinates":[[[-76.51499999999999,3.5],[-76.50999999999999,3.5],[-76.50999999999999,3.505],[-76.51499999999999,3.505],[-76.51499999999999,3.5]]]},"properties":{"value":0.1815,"sigma":0.0452}},{"type":"Feature","geometry":{"type":"Polygon","coordinates":[[[-76.50999999999999,3.5],[-76.505,3.5],[-76.505,3.505],[-76.50999999999999,3.505],[-76.50999999999999,3.5]]]},"properties":{"value":0.1761,"sigma":0.0421}},{"type":"Feature","geometry":{"type":"Polygon","coordinates":[[[-76.505,3.5],[-76.5,3.5],[-76.5,3.505],[-76.505,3.505],[-76.505,3.5]]]},"properties":{"value":0.1812,"sigma":0.0442}},{"type":"Feature","geometry":{"type":"Polygon","coordinates":[[[-76.49999999999999,3.5],[-76.49499999999999,3.5],[-76.49499999999999,3.505],[-76.49999999999999,3.505],[-76.49999999999999,3.5]]]},"properties":{"value":0.1862,"sigma":0.0474}},{"type":"Feature","geometry":{"type":"Polygon","coordinates":[[[-76.49499999999999,3.5],[-76.49,3.5],[-76.49,3.505],[-76.49499999999999,3.505],[-76.49499999999999,3.5]]]},"properties":{"value":0.1853,"sigma":0.0494}},{"type":"Feature","geometry":{"type":"Polygon","coordinates":[[[-76.49,3.5],[-76.485,3.5],[-76.485,3.505],[-76.49,3.505],[-76.49,3.5]]]},"properties":{"value":0.1882,"sigma":0.0487}},{"type":"Feature","geometry":{"type":"Polygon","coordinates":[[[-76.48499999999999,3.5],[-76.47999999999999,3.5],[-76.47999999999999,3.505],[-76.48499999999999,3.505],[-76.48499999999999,3.5]]]},"properties":{"value":0.2029,"sigma":0.0545}},{"type":"Feature","geometry":{"type":"Polygon","coordinates":[[[-76.47999999999999,3.5],[-76.475,3.5],[-76.475,3.505],[-76.47999999999999,3.505],[-76.47999999999999,3.5]]]},"properties":{"value":0.2068,"sigma":0.0548}},{"type":"Feature","geometry":{"type":"Polygon","coordinates":[[[-76.475,3.5],[-76.47,3.5],[-76.47,3.505],[-76.475,3.505],[-76.475,3.5]]]},"properties":{"value":0.2069,"sigma":0.0578}},{"type":"Feature","geometry":{"type":"Polygon","coordinates":[[[-76.47,3.5],[-76.465,3.5],[-76.465,3.505],[-76.47,3.505],[-76.47,3.5]]]},"properties":{"value":0.2097,"sigma":0.0616}},{"type":"Feature","geometry":{"type":"Polygon","coordinates":[[[-76.46499999999999,3.5],[-76.46,3.5],[-76.46,3.505],[-76.46499999999999,3.505],[-76.46499999999999,3.5]]]},"properties":{"value":0.1924,"sigma":0.0623}},{"type":"Feature","geometry":{"type":"Polygon","coordinates":[[[-76.46,3.5],[-76.455,3.5],[-76.455,3.505],[-76.46,3.505],[-76.46,3.5]]]},"properties":{"value":0.1989,"sigma":0.0696}},{"type":"Feature","geometry":{"type":"Polygon","coordinates":[[[-76.455,3.5],[-76.45,3.5],[-76.45,3.505],[-76.455,3.505],[-76.455,3.5]]]},"properties":{"value":0.202,"sigma":0.0647}},{"type":"Feature","geometry":{"type":"Polygon","coordinates":[[[-76.44999999999999,3.5],[-76.445,3.5],[-76.445,3.505],[-76.44999999999999,3.505],[-76.44999999999999,3.5]]]},"properties":{"value":0.1809,"sigma":0.067}},{"type":"Feature","geometry":{"type":"Polygon","coordinates":[[[-76.445,3.5],[-76.44,3.5],[-76.44,3.505],[-76.445,3.505],[-76.445,3.5]]]},"properties":{"value":0.1854,"sigma":0.0737}},{"type":"Feature","geometry":{"type":"Polygon","coordinates":[[[-76.44,3.5],[-76.435,3.5],[-76.435,3.505],[-76.44,3.505],[-76.44,3.5]]]},"properties":{"value":0.1861,"sigma":0.0738}},{"type":"Feature","geometry":{"type":"Polygon","coordinates":[[[-76.43499999999999,3.5],[-76.42999999999999,3.5],[-76.42999999999999,3.505],[-76.43499999999999,3.505],[-76.43499999999999,3.5]]]},"properties":{"value":0.1777,"sigma":0.0731}},{"type":"Feature","geometry":{"type":"Polygon","coordinates":[[[-76.42999999999999,3.5],[-76.425,3.5],[-76.425,3.505],[-76.42999999999999,3.505],[-76.42999999999999,3.5]]]},"properties":{"value":0.1782,"sigma":0.0796}},{"type":"Feature","geometry":{"type":"Polygon","coordinates":[[[-76.425,3.5],[-76.42,3.5],[-76.42,3.505],[-76.425,3.505],[-76.425,3.5]]]},"properties":{"value":0.1883,"sigma":0.0809}},{"type":"Feature","geometry":{"type":"Polygon","coordinates":[[[-76.41999999999999,3.5],[-76.41499999999999,3.5],[-76.41499999999999,3.505],[-76.41999999999999,3.505],[-76.41999999999999,3.5]]]},"properties":{"value":0.1743,"sigma":0.0862}},{"type":"Feature","geometry":{"type":"Polygon","coordinates":[[[-76.41499999999999,3.5],[-76.41,3.5],[-76.41,3.505],[-76.41499999999999,3.505],[-76.41499999999999,3.5]]]},"properties":{"value":0.1818,"sigma":0.0924}},{"type":"Feature","geometry":{"type":"Polygon","coordinates":[[[-76.41,3.5],[-76.405,3.5],[-76.405,3.505],[-76.41,3.505],[-76.41,3.5]]]},"properties":{"value":0.1665,"sigma":0.0898}},{"type":"Feature","geometry":{"type":"Polygon","coordinates":[[[-76.40499999999999,3.5],[-76.39999999999999,3.5],[-76.39999999999999,3.505],[-76.40499999999999,3.505],[-76.40499999999999,3.5]]]},"properties":{"value":0.1773,"sigma":0.0962}},{"type":"Feature","geometry":{"type":"Polygon","coordinates":[[[-76.6,3.505],[-76.595,3.505],[-76.595,3.51],[-76.6,3.51],[-76.6,3.505]]]},"properties":{"value":0.1698,"sigma":0.0718}},{"type":"Feature","geometry":{"type":"Polygon","coordinates":[[[-76.595,3.505],[-76.59,3.505],[-76.59,3.51],[-76.595,3.51],[-76.595,3.505]]]},"properties":{"value":0.1729,"sigma":0.0752}},{"type":"Feature","geometry":{"type":"Polygon","coordinates":[[[-76.58999999999999,3.505],[-76.585,3.505],[-76.585,3.51],[-76.58999999999999,3.51],[-76.58999999999999,3.505]]]},"properties":{"value":0.1791,"sigma":0.0711}},{"type":"Feature","geometry":{"type":"Polygon","coordinates":[[[-76.585,3.505],[-76.58,3.505],[-76.58,3.51],[-76.585,3.51],[-76.585,3.505]]]},"properties":{"value":0.1808,"sigma":0.068}},{"type":"Feature","geometry":{"type":"Polygon","coordinates":[[[-76.58,3.505],[-76.575,3.505],[-76.575,3.51],[-76.58,3.51],[-76.58,3.505]]]},"properties":{"value":0.1828,"sigma":0.0682}},{"type":"Feature","geometry":{"type":"Polygon","coordinates":[[[-76.57499999999999,3.505],[-76.57,3.505],[-76.57,3.51],[-76.57499999999999,3.51],[-76.57499999999999,3.505]]]},"properties":{"value":0.178,"sigma":0.0647}},{"type":"Feature","geometry":{"type":"Polygon","coordinates":[[[-76.57,3.505],[-76.565,3.505],[-76.565,3.51],[-76.57,3.51],[-76.57,3.505]]]},"properties":{"value":0.186,"sigma":0.0579}},{"type":"Feature","geometry":{"type":"Polygon","coordinates":[[[-76.565,3.505],[-76.56,3.505],[-76.56,3.51],[-76.565,3.51],[-76.565,3.505]]]},"properties":{"value":0.1803,"sigma":0.0564}},{"type":"Feature","geometry":{"type":"Polygon","coordinates":[[[-76.55999999999999,3.505],[-76.55499999999999,3.505],[-76.55499999999999,3.51],[-76.55999999999999,3.51],[-76.55999999999999,3.505]]]},"properties":{"value":0.1774,"sigma":0.0542}},{"type":"Feature","geometry":{"type":"Polygon","coordinates":[[[-76.55499999999999,3.505],[-76.55,3.505],[-76.55,3.51],[-76.55499999999999,3.51],[-76.55499999999999,3.505]]]},"properties":{"value":0.1941,"sigma":0.0488}},{"type":"Feature","geometry":{"type":"Polygon","coordinates":[[[-76.55,3.505],[-76.545,3.505],[-76.545,3.51],[-76.55,3.51],[-76.55,3.505]]]},"properties":{"value":0.185,"sigma":0.0497}},{"type":"Feature","geometry":{"type":"Polygon","coordinates":[[[-76.54499999999999,3.505],[-76.53999999999999,3.505],[-76.53999999999999,3.51],[-76.54499999999999,3.51],[-76.54499999999999,3.505]]]},"properties":{"value":0.1887,"sigma":0.0495}},{"type":"Feature","geometry":{"type":"Polygon","coordinates":[[[-76.53999999999999,3.505],[-76.535,3.505],[-76.535,3.51],[-76.53999999999999,3.51],[-76.53999999999999,3.505]]]},"properties":{"value":0.1915,"sigma":0.0437}},{"type":"Feature","geometry":{"type":"Polygon","coordinates":[[[-76.535,3.505],[-76.53,3.505],[-76.53,3.51],[-76.535,3.51],[-76.535,3.505]]]},"properties":{"value":0.17,"sigma":0.0438}},{"type":"Feature","geometry":{"type":"Polygon","coordinates":[[[-76.52999999999999,3.505],[-76.52499999999999,3.505],[-76.52499999999999,3.51],[-76.52999999999999,3.51],[-76.52999999999999,3.505]]]},"properties":{"value":0.186,"sigma":0.0438}},{"type":"Feature","geometry":{"type":"Polygon","coordinates":[[[-76.52499999999999,3.505],[-76.52,3.505],[-76.52,3.51],[-76.52499999999999,3.51],[-76.52499999999999,3.505]]]},"properties":{"value":0.1945,"sigma":0.0452}},{"type":"Feature","geometry":{"type":"Polygon","coordinates":[[[-76.52,3.505],[-76.515,3.505],[-76.515,3.51],[-76.52,3.51],[-76.52,3.505]]]},"properties":{"value":0.176,"sigma":0.0418}},{"type":"Feature","geometry":{"type":"Polygon","coordinates":[[[-76.51499999999999,3.505],[-76.50999999999999,3.505],[-76.50999999999999,3.51],[-76.51499999999999,3.51],[-76.51499999999999,3.505]]]},"properties":{"value":0.1711,"sigma":0.0445}},{"type":"Feature","geometry":{"type":"Polygon","coordinates":[[[-76.50999999999999,3.505],[-76.505,3.505],[-76.505,3.51],[-76.50999999999999,3.51],[-76.50999999999999,3.505]]]},"properties":{"value":0.1797,"sigma":0.0474}},{"type":"Feature","geometry":{"type":"Polygon","coordinates":[[[-76.505,3.505],[-76.5,3.505],[-76.5,3.51],[-76.505,3.51],[-76.505,3.505]]]},"properties":{"value":0.1849,"sigma":0.042}},{"type":"Feature","geometry":{"type":"Polygon","coordinates":[[[-76.49999999999999,3.505],[-76.49499999999999,3.505],[-76.49499999999999,3.51],[-76.49999999999999,3.51],[-76.49999999999999,3.505]]]},"properties":{"value":0.1887,"sigma":0.0474}},{"type":"Feature","geometry":{"type":"Polygon","coordinates":[[[-76.49499999999999,3.505],[-76.49,3.505],[-76.49,3.51],[-76.49499999999999,3.51],[-76.49499999999999,3.505]]]},"properties":{"value":0.1893,"sigma":0.0473}},{"type":"Feature","geometry":{"type":"Polygon","coordinates":[[[-76.49,3.505],[-76.485,3.505],[-76.485,3.51],[-76.49,3.51],[-76.49,3.505]]]},"properties":{"value":0.1815,"sigma":0.0476}},{"type":"Feature","geometry":{"type":"Polygon","coordinates":[[[-76.48499999999999,3.505],[-76.47999999999999,3.505],[-76.47999999999999,3.51],[-76.48499999999999,3.51],[-76.48499999999999,3.505]]]},"properties":{"value":0.198,"sigma":0.0556}},{"type":"Feature","geometry":{"type":"Polygon","coordinates":[[[-76.47999999999999,3.505],[-76.475,3.505],[-76.475,3.51],[-76.47999999999999,3.51],[-76.47999999999999,3.505]]]},"properties":{"value":0.1872,"sigma":0.0614}},{"type":"Feature","geometry":{"type":"Polygon","coordinates":[[[-76.475,3.505],[-76.47,3.505],[-76.47,3.51],[-76.475,3.51],[-76.475,3.505]]]},"properties":{"value":0.1856,"sigma":0.0609}},{"type":"Feature","geometry":{"type":"Polygon","coordinates":[[[-76.47,3.505],[-76.465,3.505],[-76.465,3.51],[-76.47,3.51],[-76.47,3.505]]]},"properties":{"value":0.1884,"sigma":0.0622}},{"type":"Feature","geometry":{"type":"Polygon","coordinates":[[[-76.46499999999999,3.505],[-76.46,3.505],[-76.46,3.51],[-76.46499999999999,3.51],[-76.46499999999999,3.505]]]},"properties":{"value":0.1852,"sigma":0.0612}},{"type":"Feature","geometry":{"type":"Polygon","coordinates":[[[-76.46,3.505],[-76.455,3.505],[-76.455,3.51],[-76.46,3.51],[-76.46,3.505]]]},"properties":{"value":0.1899,"sigma":0.0632}},{"type":"Feature","geometry":{"type":"Polygon","coordinates":[[[-76.455,3.505],[-76.45,3.505],[-76.45,3.51],[-76.455,3.51],[-76.455,3.505]]]},"properties":{"value":0.1928,"sigma":0.068}},{"type":"Feature","geometry":{"type":"Polygon","coordinates":[[[-76.44999999999999,3.505],[-76.445,3.505],[-76.445,3.51],[-76.44999999999999,3.51],[-76.44999999999999,3.505]]]},"properties":{"value":0.1795,"sigma":0.0688}},{"type":"Feature","geometry":{"type":"Polygon","coordinates":[[[-76.445,3.505],[-76.44,3.505],[-76.44,3.51],[-76.445,3.51],[-76.445,3.505]]]},"properties":{"value":0.1843,"sigma":0.0715}},{"type":"Feature","geometry":{"type":"Polygon","coordinates":[[[-76.44,3.505],[-76.435,3.505],[-76.435,3.51],[-76.44,3.51],[-76.44,3.505]]]},"properties":{"value":0.1811,"sigma":0.0799}},{"type":"Feature","geometry":{"type":"Polygon","coordinates":[[[-76.43499999999999,3.505],[-76.42999999999999,3.505],[-76.42999999999999,3.51],[-76.43499999999999,3.51],[-76.43499999999999,3.505]]]},"properties":{"value":0.183,"sigma":0.0791}},{"type":"Feature","geometry":{"type":"Polygon","coordinates":[[[-76.42999999999999,3.505],[-76.425,3.505],[-76.425,3.51],[-76.42999999999999,3.51],[-76.42999999999999,3.505]]]},"properties":{"value":0.1865,"sigma":0.0832}},{"type":"Feature","geometry":{"type":"Polygon","coordinates":[[[-76.425,3.505],[-76.42,3.505],[-76.42,3.51],[-76.425,3.51],[-76.425,3.505]]]},"properties":{"value":0.1801,"sigma":0.0832}},{"type":"Feature","geometry":{"type":"Polygon","coordinates":[[[-76.41999999999999,3.505],[-76.41499999999999,3.505],[-76.41499999999999,3.51],[-76.41999999999999,3.51],[-76.41999999999999,3.505]]]},"properties":{"value":0.1889,"sigma":0.0843}},{"type":"Feature","geometry":{"type":"Polygon","coordinates":[[[-76.41499999999999,3.505],[-76.41,3.505],[-76.41,3.51],[-76.41499999999999,3.51],[-76.41499999999999,3.505]]]},"properties":{"value":0.1871,"sigma":0.0904}},{"type":"Feature","geometry":{"type":"Polygon","coordinates":[[[-76.41,3.505],[-76.405,3.505],[-76.405,3.51],[-76.41,3.51],[-76.41,3.505]]]},"properties":{"value":0.186,"sigma":0.0905}},{"type":"Feature","geometry":{"type":"Polygon","coordinates":[[[-76.40499999999999,3.505],[-76.39999999999999,3.505],[-76.39999999999999,3.51],[-76.40499999999999,3.51],[-76.40499999999999,3.505]]]},"properties":{"value":0.1862,"sigma":0.09}},{"type":"Feature","geometry":{"type":"Polygon","coordinates":[[[-76.6,3.51],[-76.595,3.51],[-76.595,3.5149999999999997],[-76.6,3.5149999999999997],[-76.6,3.51]]]},"properties":{"value":0.167,"sigma":0.0739}},{"type":"Feature","geometry":{"type":"Polygon","coordinates":[[[-76.595,3.51],[-76.59,3.51],[-76.59,3.5149999999999997],[-76.595,3.5149999999999997],[-76.595,3.51]]]},"properties":{"value":0.1899,"sigma":0.0737}},{"type":"Feature","geometry":{"type":"Polygon","coordinates":[[[-76.58999999999999,3.51],[-76.585,3.51],[-76.585,3.5149999999999997],[-76.58999999999999,3.5149999999999997],[-76.58999999999999,3.51]]]},"properties":{"value":0.1681,"sigma":0.0733}},{"type":"Feature","geometry":{"type":"Polygon","coordinates":[[[-76.585,3.51],[-76.58,3.51],[-76.58,3.5149999999999997],[-76.585,3.5149999999999997],[-76.585,3.51]]]},"properties":{"value":0.1785,"sigma":0.0624}},{"type":"Feature","geometry":{"type":"Polygon","coordinates":[[[-76.58,3.51],[-76.575,3.51],[-76.575,3.5149999999999997],[-76.58,3.5149999999999997],[-76.58,3.51]]]},"properties":{"value":0.1788,"sigma":0.0618}},{"type":"Feature","geometry":{"type":"Polygon","coordinates":[[[-76.57499999999999,3.51],[-76.57,3.51],[-76.57,3.5149999999999997],[-76.57499999999999,3.5149999999999997],[-76.57499999999999,3.51]]]},"properties":{"value":0.1707,"sigma":0.0654}},{"type":"Feature","geometry":{"type":"Polygon","coordinates":[[[-76.57,3.51],[-76.565,3.51],[-76.565,3.5149999999999997],[-76.57,3.5149999999999997],[-76.57,3.51]]]},"properties":{"value":0.1735,"sigma":0.0585}},{"type":"Feature","geometry":{"type":"Polygon","coordinates":[[[-76.565,3.51],[-76.56,3.51],[-76.56,3.5149999999999997],[-76.565,3.5149999999999997],[-76.565,3.51]]]},"properties":{"value":0.175,"sigma":0.0585}},{"type":"Feature","geometry":{"type":"Polygon","coordinates":[[[-76.55999999999999,3.51],[-76.55499999999999,3.51],[-76.55499999999999,3.5149999999999997],[-76.55999999999999,3.5149999999999997],[-76.55999999999999,3.51]]]},"properties":{"value":0.1795,"sigma":0.0605}},{"type":"Feature","geometry":{"type":"Polygon","coordinates":[[[-76.55499999999999,3.51],[-76.55,3.51],[-76.55,3.5149999999999997],[-76.55499999999999,3.5149999999999997],[-76.55499999999999,3.51]]]},"properties":{"value":0.1841,"sigma":0.0542}},{"type":"Feature","geometry":{"type":"Polygon","coordinates":[[[-76.55,3.51],[-76.545,3.51],[-76.545,3.5149999999999997],[-76.55,3.5149999999999997],[-76.55,3.51]]]},"properties":{"value":0.1767,"sigma":0.0533}},{"type":"Feature","geometry":{"type":"Polygon","coordinates":[[[-76.54499999999999,3.51],[-76.53999999999999,3.51],[-76.53999999999999,3.5149999999999997],[-76.54499999999999,3.5149999999999997],[-76.54499999999999,3.51]]]},"properties":{"value":0.1758,"sigma":0.0551}},{"type":"Feature","geometry":{"type":"Polygon","coordinates":[[[-76.53999999999999,3.51],[-76.535,3.51],[-76.535,3.5149999999999997],[-76.53999999999999,3.5149999999999997],[-76.53999999999999,3.51]]]},"properties":{"value":0.1842,"sigma":0.0485}},{"type":"Feature","geometry":{"type":"Polygon","coordinates":[[[-76.535,3.51],[-76.53,3.51],[-76.53,3.5149999999999997],[-76.535,3.5149999999999997],[-76.535,3.51]]]},"properties":{"value":0.1832,"sigma":0.044}},{"type":"Feature","geometry":{"type":"Polygon","coordinates":[[[-76.52999999999999,3.51],[-76.52499999999999,3.51],[-76.52499999999999,3.5149999999999997],[-76.52999999999999,3.5149999999999997],[-76.52999999999999,3.51]]]},"properties":{"value":0.1775,"sigma":0.0449}},{"type":"Feature","geometry":{"type":"Polygon","coordinates":[[[-76.52499999999999,3.51],[-76.52,3.51],[-76.52,3.5149999999999997],[-76.52499999999999,3.5149999999999997],[-76.52499999999999,3.51]]]},"properties":{"value":0.1852,"sigma":0.0443}},{"type":"Feature","geometry":{"type":"Polygon","coordinates":[[[-76.52,3.51],[-76.515,3.51],[-76.515,3.5149999999999997],[-76.52,3.5149999999999997],[-76.52,3.51]]]},"properties":{"value":0.1917,"sigma":0.045}},{"type":"Feature","geometry":{"type":"Polygon","coordinates":[[[-76.51499999999999,3.51],[-76.50999999999999,3.51],[-76.50999999999999,3.5149999999999997],[-76.51499999999999,3.5149999999999997],[-76.51499999999999,3.51]]]},"properties":{"value":0.1706,"sigma":0.0487}},{"type":"Feature","geometry":{"type":"Polygon","coordinates":[[[-76.50999999999999,3.51],[-76.505,3.51],[-76.505,3.5149999999999997],[-76.50999999999999,3.5149999999999997],[-76.50999999999999,3.51]]]},"properties":{"value":0.184,"sigma":0.0469}},{"type":"Feature","geometry":{"type":"Polygon","coordinates":[[[-76.505,3.51],[-76.5,3.51],[-76.5,3.5149999999999997],[-76.505,3.5149999999999997],[-76.505,3.51]]]},"properties":{"value":0.1828,"sigma":0.0486}},{"type":"Feature","geometry":{"type":"Polygon","coordinates":[[[-76.49999999999999,3.51],[-76.49499999999999,3.51],[-76.49499999999999,3.5149999999999997],[-76.49999999999999,3.5149999999999997],[-76.49999999999999,3.51]]]},"properties":{"value":0.1817,"sigma":0.0479}},{"type":"Feature","geometry":{"type":"Polygon","coordinates":[[[-76.49499999999999,3.51],[-76.49,3.51],[-76.49,3.5149999999999997],[-76.49499999999999,3.5149999999999997],[-76.49499999999999,3.51]]]},"properties":{"value":0.177,"sigma":0.0493}},{"type":"Feature","geometry":{"type":"Polygon","coordinates":[[[-76.49,3.51],[-76.485,3.51],[-76.485,3.5149999999999997],[-76.49,3.5149999999999997],[-76.49,3.51]]]},"properties":{"value":0.1847,"sigma":0.0551}},{"type":"Feature","geometry":{"type":"Polygon","coordinates":[[[-76.48499999999999,3.51],[-76.47999999999999,3.51],[-76.47999999999999,3.5149999999999997],[-76.48499999999999,3.5149999999999997],[-76.48499999999999,3.51]]]},"properties":{"value":0.1803,"sigma":0.0549}},{"type":"Feature","geometry":{"type":"Polygon","coordinates":[[[-76.47999999999999,3.51],[-76.475,3.51],[-76.475,3.5149999999999997],[-76.47999999999999,3.5149999999999997],[-76.47999999999999,3.51]]]},"properties":{"value":0.1747,"sigma":0.0517}},{"type":"Feature","geometry":{"type":"Polygon","coordinates":[[[-76.475,3.51],[-76.47,3.51],[-76.47,3.5149999999999997],[-76.475,3.5149999999999997],[-76.475,3.51]]]},"properties":{"value":0.1774,"sigma":0.0629}},{"type":"Feature","geometry":{"type":"Polygon","coordinates":[[[-76.47,3.51],[-76.465,3.51],[-76.465,3.5149999999999997],[-76.47,3.5149999999999997],[-76.47,3.51]]]},"properties":{"value":0.1707,"sigma":0.0622}},{"type":"Feature","geometry":{"type":"Polygon","coordinates":[[[-76.46499999999999,3.51],[-76.46,3.51],[-76.46,3.5149999999999997],[-76.46499999999999,3.5149999999999997],[-76.46499999999999,3.51]]]},"properties":{"value":0.1662,"sigma":0.0639}},{"type":"Feature","geometry":{"type":"Polygon","coordinates":[[[-76.46,3.51],[-76.455,3.51],[-76.455,3.5149999999999997],[-76.46,3.5149999999999997],[-76.46,3.51]]]},"properties":{"value":0.1822,"sigma":0.0653}},{"type":"Feature","geometry":{"type":"Polygon","coordinates":[[[-76.455,3.51],[-76.45,3.51],[-76.45,3.5149999999999997],[-76.455,3.5149999999999997],[-76.455,3.51]]]},"properties":{"value":0.1865,"sigma":0.068}},{"type":"Feature","geometry":{"type":"Polygon","coordinates":[[[-76.44999999999999,3.51],[-76.445,3.51],[-76.445,3.5149999999999997],[-76.44999999999999,3.5149999999999997],[-76.44999999999999,3.51]]]},"properties":{"value":0.1772,"sigma":0.0683}},{"type":"Feature","geometry":{"type":"Polygon","coordinates":[[[-76.445,3.51],[-76.44,3.51],[-76.44,3.5149999999999997],[-76.445,3.5149999999999997],[-76.445,3.51]]]},"properties":{"value":0.1826,"sigma":0.0737}},{"type":"Feature","geometry":{"type":"Polygon","coordinates":[[[-76.44,3.51],[-76.435,3.51],[-76.435,3.5149999999999997],[-76.44,3.5149999999999997],[-76.44,3.51]]]},"properties":{"value":0.1795,"sigma":0.0785}},{"type":"Feature","geometry":{"type":"Polygon","coordinates":[[[-76.43499999999999,3.51],[-76.42999999999999,3.51],[-76.42999999999999,3.5149999999999997],[-76.43499999999999,3.5149999999999997],[-76.43499999999999,3.51]]]},"properties":{"value":0.1837,"sigma":0.0773}},{"type":"Feature","geometry":{"type":"Polygon","coordinates":[[[-76.42999999999999,3.51],[-76.425,3.51],[-76.425,3.5149999999999997],[-76.42999999999999,3.5149999999999997],[-76.42999999999999,3.51]]]},"properties":{"value":0.1879,"sigma":0.0768}},{"type":"Feature","geometry":{"type":"Polygon","coordinates":[[[-76.425,3.51],[-76.42,3.51],[-76.42,3.5149999999999997],[-76.425,3.5149999999999997],[-76.425,3.51]]]},"properties":{"value":0.1741,"sigma":0.0857}},{"type":"Feature","geometry":{"type":"Polygon","coordinates":[[[-76.41999999999999,3.51],[-76.41499999999999,3.51],[-76.41499999999999,3.5149999999999997],[-76.41999999999999,3.5149999999999997],[-76.41999999999999,3.51]]]},"properties":{"value":0.1726,"sigma":0.0849}},{"type":"Feature","geometry":{"type":"Polygon","coordinates":[[[-76.41499999999999,3.51],[-76.41,3.51],[-76.41,3.5149999999999997],[-76.41499999999999,3.5149999999999997],[-76.41499999999999,3.51]]]},"properties":{"value":0.174,"sigma":0.0916}},{"type":"Feature","geometry":{"type":"Polygon","coordinates":[[[-76.41,3.51],[-76.405,3.51],[-76.405,3.5149999999999997],[-76.41,3.5149999999999997],[-76.41,3.51]]]},"properties":{"value":0.1794,"sigma":0.0884}},{"type":"Feature","geometry":{"type":"Polygon","coordinates":[[[-76.40499999999999,3.51],[-76.39999999999999,3.51],[-76.39999999999999,3.5149999999999997],[-76.40499999999999,3.5149999999999997],[-76.40499999999999,3.51]]]},"properties":{"value":0.1928,"sigma":0.0916}},{"type":"Feature","geometry":{"type":"Polygon","coordinates":[[[-76.6,3.5149999999999997],[-76.595,3.5149999999999997],[-76.595,3.5199999999999996],[-76.6,3.5199999999999996],[-76.6,3.5149999999999997]]]},"properties":{"value":0.1831,"sigma":0.0799}},{"type":"Feature","geometry":{"type":"Polygon","coordinates":[[[-76.595,3.5149999999999997],[-76.59,3.5149999999999997],[-76.59,3.5199999999999996],[-76.595,3.5199999999999996],[-76.595,3.5149999999999997]]]},"properties":{"value":0.1801,"sigma":0.0746}},{"type":"Feature","geometry":{"type":"Polygon","coordinates":[[[-76.58999999999999,3.5149999999999997],[-76.585,3.5149999999999997],[-76.585,3.5199999999999996],[-76.58999999999999,3.5199999999999996],[-76.58999999999999,3.5149999999999997]]]},"properties":{"value":0.1826,"sigma":0.0687}},{"type":"Feature","geometry":{"type":"Polygon","coordinates":[[[-76.585,3.5149999999999997],[-76.58,3.5149999999999997],[-76.58,3.5199999999999996],[-76.585,3.5199999999999996],[-76.585,3.5149999999999997]]]},"properties":{"value":0.194,"sigma":0.068}},{"type":"Feature","geometry":{"type":"Polygon","coordinates":[[[-76.58,3.5149999999999997],[-76.575,3.5149999999999997],[-76.575,3.5199999999999996],[-76.58,3.5199999999999996],[-76.58,3.5149999999999997]]]},"properties":{"value":0.176,"sigma":0.0607}},{"type":"Feature","geometry":{"type":"Polygon","coordinates":[[[-76.57499999999999,3.5149999999999997],[-76.57,3.5149999999999997],[-76.57,3.5199999999999996],[-76.57499999999999,3.5199999999999996],[-76.57499999999999,3.5149999999999997]]]},"properties":{"value":0.1767,"sigma":0.0652}},{"type":"Feature","geometry":{"type":"Polygon","coordinates":[[[-76.57,3.5149999999999997],[-76.565,3.5149999999999997],[-76.565,3.5199999999999996],[-76.57,3.5199999999999996],[-76.57,3.5149999999999997]]]},"properties":{"value":0.1923,"sigma":0.0647}},{"type":"Feature","geometry":{"type":"Polygon","coordinates":[[[-76.565,3.5149999999999997],[-76.56,3.5149999999999997],[-76.56,3.5199999999999996],[-76.565,3.5199999999999996],[-76.565,3.5149999999999997]]]},"properties":{"value":0.1876,"sigma":0.0599}},{"type":"Feature","geometry":{"type":"Polygon","coordinates":[[[-76.55999999999999,3.5149999999999997],[-76.55499999999999,3.5149999999999997],[-76.55499999999999,3.5199999999999996],[-76.55999999999999,3.5199999999999996],[-76.55999999999999,3.5149999999999997]]]},"properties":{"value":0.1912,"sigma":0.0552}},{"type":"Feature","geometry":{"type":"Polygon","coordinates":[[[-76.55499999999999,3.5149999999999997],[-76.55,3.5149999999999997],[-76.55,3.5199999999999996],[-76.55499999999999,3.5199999999999996],[-76.55499999999999,3.5149999999999997]]]},"properties":{"value":0.1745,"sigma":0.057}},{"type":"Feature","geometry":{"type":"Polygon","coordinates":[[[-76.55,3.5149999999999997],[-76.545,3.5149999999999997],[-76.545,3.5199999999999996],[-76.55,3.5199999999999996],[-76.55,3.5149999999999997]]]},"properties":{"value":0.1707,"sigma":0.0559}},{"type":"Feature","geometry":{"type":"Polygon","coordinates":[[[-76.54499999999999,3.5149999999999997],[-76.53999999999999,3.5149999999999997],[-76.53999999999999,3.5199999999999996],[-76.54499999999999,3.5199999999999996],[-76.54499999999999,3.5149999999999997]]]},"properties":{"value":0.1894,"sigma":0.0553}},{"type":"Feature","geometry":{"type":"Polygon","coordinates":[[[-76.53999999999999,3.5149999999999997],[-76.535,3.5149999999999997],[-76.535,3.5199999999999996],[-76.53999999999999,3.5199999999999996],[-76.53999999999999,3.5149999999999997]]]},"properties":{"value":0.1881,"sigma":0.0478}},{"type":"Feature","geometry":{"type":"Polygon","coordinates":[[[-76.535,3.5149999999999997],[-76.53,3.5149999999999997],[-76.53,3.5199999999999996],[-76.535,3.5199999999999996],[-76.535,3.5149999999999997]]]},"properties":{"value":0.1808,"sigma":0.0499}},{"type":"Feature","geometry":{"type":"Polygon","coordinates":[[[-76.52999999999999,3.5149999999999997],[-76.52499999999999,3.5149999999999997],[-76.52499999999999,3.5199999999999996],[-76.52999999999999,3.5199999999999996],[-76.52999999999999,3.5149999999999997]]]},"properties":{"value":0.1824,"sigma":0.0501}},{"type":"Feature","geometry":{"type":"Polygon","coordinates":[[[-76.52499999999999,3.5149999999999997],[-76.52,3.5149999999999997],[-76.52,3.5199999999999996],[-76.52499999999999,3.5199999999999996],[-76.52499999999999,3.5149999999999997]]]},"properties":{"value":0.1697,"sigma":0.0489}},{"type":"Feature","geometry":{"type":"Polygon","coordinates":[[[-76.52,3.5149999999999997],[-76.515,3.5149999999999997],[-76.515,3.5199999999999996],[-76.52,3.5199999999999996],[-76.52,3.5149999999999997]]]},"properties":{"value":0.1723,"sigma":0.0471}},{"type":"Feature","geometry":{"type":"Polygon","coordinates":[[[-76.51499999999999,3.5149999999999997],[-76.50999999999999,3.5149999999999997],[-76.50999999999999,3.5199999999999996],[-76.51499999999999,3.5199999999999996],[-76.51499999999999,3.5149999999999997]]]},"properties":{"value":0.1807,"sigma":0.049}},{"type":"Feature","geometry":{"type":"Polygon","coordinates":[[[-76.50999999999999,3.5149999999999997],[-76.505,3.5149999999999997],[-76.505,3.5199999999999996],[-76.50999999999999,3.5199999999999996],[-76.50999999999999,3.5149999999999997]]]},"properties":{"value":0.1794,"sigma":0.0488}},{"type":"Feature","geometry":{"type":"Polygon","coordinates":[[[-76.505,3.5149999999999997],[-76.5,3.5149999999999997],[-76.5,3.5199999999999996],[-76.505,3.5199999999999996],[-76.505,3.5149999999999997]]]},"properties":{"value":0.1859,"sigma":0.0463}},{"type":"Feature","geometry":{"type":"Polygon","coordinates":[[[-76.49999999999999,3.5149999999999997],[-76.49499999999999,3.5149999999999997],[-76.49499999999999,3.5199999999999996],[-76.49999999999999,3.5199999999999996],[-76.49999999999999,3.5149999999999997]]]},"properties":{"value":0.1822,"sigma":0.0518}},{"type":"Feature","geometry":{"type":"Polygon","coordinates":[[[-76.49499999999999,3.5149999999999997],[-76.49,3.5149999999999997],[-76.49,3.5199999999999996],[-76.49499999999999,3.5199999999999996],[-76.49499999999999,3.5149999999999997]]]},"properties":{"value":0.1955,"sigma":0.0492}},{"type":"Feature","geometry":{"type":"Polygon","coordinates":[[[-76.49,3.5149999999999997],[-76.485,3.5149999999999997],[-76.485,3.5199999999999996],[-76.49,3.5199999999999996],[-76.49,3.5149999999999997]]]},"properties":{"value":0.1708,"sigma":0.0541}},{"type":"Feature","geometry":{"type":"Polygon","coordinates":[[[-76.48499999999999,3.5149999999999997],[-76.47999999999999,3.5149999999999997],[-76.47999999999999,3.5199999999999996],[-76.48499999999999,3.5199999999999996],[-76.48499999999999,3.5149999999999997]]]},"properties":{"value":0.1825,"sigma":0.0519}},{"type":"Feature","geometry":{"type":"Polygon","coordinates":[[[-76.47999999999999,3.5149999999999997],[-76.475,3.5149999999999997],[-76.475,3.5199999999999996],[-76.47999999999999,3.5199999999999996],[-76.47999999999999,3.5149999999999997]]]},"properties":{"value":0.1941,"sigma":0.0546}},{"type":"Feature","geometry":{"type":"Polygon","coordinates":[[[-76.475,3.5149999999999997],[-76.47,3.5149999999999997],[-76.47,3.5199999999999996],[-76.475,3.5199999999999996],[-76.475,3.5149999999999997]]]},"properties":{"value":0.1735,"sigma":0.0585}},{"type":"Feature","geometry":{"type":"Polygon","coordinates":[[[-76.47,3.5149999999999997],[-76.465,3.5149999999999997],[-76.465,3.5199999999999996],[-76.47,3.5199999999999996],[-76.47,3.5149999999999997]]]},"properties":{"value":0.1855,"sigma":0.0599}},{"type":"Feature","geometry":{"type":"Polygon","coordinates":[[[-76.46499999999999,3.5149999999999997],[-76.46,3.5149999999999997],[-76.46,3.5199999999999996],[-76.46499999999999,3.5199999999999996],[-76.46499999999999,3.5149999999999997]]]},"properties":{"value":0.1907,"sigma":0.0596}},{"type":"Feature","geometry":{"type":"Polygon","coordinates":[[[-76.46,3.5149999999999997],[-76.455,3.5149999999999997],[-76.455,3.5199999999999996],[-76.46,3.5199999999999996],[-76.46,3.5149999999999997]]]},"properties":{"value":0.1784,"sigma":0.0692}},{"type":"Feature","geometry":{"type":"Polygon","coordinates":[[[-76.455,3.5149999999999997],[-76.45,3.5149999999999997],[-76.45,3.5199999999999996],[-76.455,3.5199999999999996],[-76.455,3.5149999999999997]]]},"properties":{"value":0.1861,"sigma":0.0703}},{"type":"Feature","geometry":{"type":"Polygon","coordinates":[[[-76.44999999999999,3.5149999999999997],[-76.445,3.5149999999999997],[-76.445,3.5199999999999996],[-76.44999999999999,3.5199999999999996],[-76.44999999999999,3.5149999999999997]]]},"properties":{"value":0.188,"sigma":0.0704}},{"type":"Feature","geometry":{"type":"Polygon","coordinates":[[[-76.445,3.5149999999999997],[-76.44,3.5149999999999997],[-76.44,3.5199999999999996],[-76.445,3.5199999999999996],[-76.445,3.5149999999999997]]]},"properties":{"value":0.1925,"sigma":0.0717}},{"type":"Feature","geometry":{"type":"Polygon","coordinates":[[[-76.44,3.5149999999999997],[-76.435,3.5149999999999997],[-76.435,3.5199999999999996],[-76.44,3.5199999999999996],[-76.44,3.5149999999999997]]]},"properties":{"value":0.1895,"sigma":0.0806}},{"type":"Feature","geometry":{"type":"Polygon","coordinates":[[[-76.43499999999999,3.5149999999999997],[-76.42999999999999,3.5149999999999997],[-76.42999999999999,3.5199999999999996],[-76.43499999999999,3.5199999999999996],[-76.43499999999999,3.5149999999999997]]]},"properties":{"value":0.1711,"sigma":0.0793}},{"type":"Feature","geometry":{"type":"Polygon","coordinates":[[[-76.42999999999999,3.5149999999999997],[-76.425,3.5149999999999997],[-76.425,3.5199999999999996],[-76.42999999999999,3.5199999999999996],[-76.42999999999999,3.5149999999999997]]]},"properties":{"value":0.1804,"sigma":0.082}},{"type":"Feature","geometry":{"type":"Polygon","coordinates":[[[-76.425,3.5149999999999997],[-76.42,3.5149999999999997],[-76.42,3.5199999999999996],[-76.425,3.5199999999999996],[-76.425,3.5149999999999997]]]},"properties":{"value":0.1841,"sigma":0.0799}},{"type":"Feature","geometry":{"type":"Polygon","coordinates":[[[-76.41999999999999,3.5149999999999997],[-76.41499999999999,3.5149999999999997],[-76.41499999999999,3.5199999999999996],[-76.41999999999999,3.5199999999999996],[-76.41999999999999,3.5149999999999997]]]},"properties":{"value":0.1887,"sigma":0.0893}},{"type":"Feature","geometry":{"type":"Polygon","coordinates":[[[-76.41499999999999,3.5149999999999997],[-76.41,3.5149999999999997],[-76.41,3.5199999999999996],[-76.41499999999999,3.5199999999999996],[-76.41499999999999,3.5149999999999997]]]},"properties":{"value":0.1782,"sigma":0.0912}},{"type":"Feature","geometry":{"type":"Polygon","coordinates":[[[-76.41,3.5149999999999997],[-76.405,3.5149999999999997],[-76.405,3.5199999999999996],[-76.41,3.5199999999999996],[-76.41,3.5149999999999997]]]},"properties":{"value":0.18,"sigma":0.0933}},{"type":"Feature","geometry":{"type":"Polygon","coordinates":[[[-76.40499999999999,3.5149999999999997],[-76.39999999999999,3.5149999999999997],[-76.39999999999999,3.5199999999999996],[-76.40499999999999,3.5199999999999996],[-76.40499999999999,3.5149999999999997]]]},"properties":{"value":0.2035,"sigma":0.0931}},{"type":"Feature","geometry":{"type":"Polygon","coordinates":[[[-76.6,3.52],[-76.595,3.52],[-76.595,3.525],[-76.6,3.525],[-76.6,3.52]]]},"properties":{"value":0.1806,"sigma":0.0769}},{"type":"Feature","geometry":{"type":"Polygon","coordinates":[[[-76.595,3.52],[-76.59,3.52],[-76.59,3.525],[-76.595,3.525],[-76.595,3.52]]]},"properties":{"value":0.1865,"sigma":0.0742}},{"type":"Feature","geometry":{"type":"Polygon","coordinates":[[[-76.58999999999999,3.52],[-76.585,3.52],[-76.585,3.525],[-76.58999999999999,3.525],[-76.58999999999999,3.52]]]},"properties":{"value":0.1709,"sigma":0.0767}},{"type":"Feature","geometry":{"type":"Polygon","coordinates":[[[-76.585,3.52],[-76.58,3.52],[-76.58,3.525],[-76.585,3.525],[-76.585,3.52]]]},"properties":{"value":0.1882,"sigma":0.0707}},{"type":"Feature","geometry":{"type":"Polygon","coordinates":[[[-76.58,3.52],[-76.575,3.52],[-76.575,3.525],[-76.58,3.525],[-76.58,3.52]]]},"properties":{"value":0.1764,"sigma":0.0699}},{"type":"Feature","geometry":{"type":"Polygon","coordinates":[[[-76.57499999999999,3.52],[-76.57,3.52],[-76.57,3.525],[-76.57499999999999,3.525],[-76.57499999999999,3.52]]]},"properties":{"value":0.1828,"sigma":0.0686}},{"type":"Feature","geometry":{"type":"Polygon","coordinates":[[[-76.57,3.52],[-76.565,3.52],[-76.565,3.525],[-76.57,3.525],[-76.57,3.52]]]},"properties":{"value":0.1701,"sigma":0.0666}},{"type":"Feature","geometry":{"type":"Polygon","coordinates":[[[-76.565,3.52],[-76.56,3.52],[-76.56,3.525],[-76.565,3.525],[-76.565,3.52]]]},"properties":{"value":0.1742,"sigma":0.0628}},{"type":"Feature","geometry":{"type":"Polygon","coordinates":[[[-76.55999999999999,3.52],[-76.55499999999999,3.52],[-76.55499999999999,3.525],[-76.55999999999999,3.525],[-76.55999999999999,3.52]]]},"properties":{"value":0.1727,"sigma":0.0563}},{"type":"Feature","geometry":{"type":"Polygon","coordinates":[[[-76.55499999999999,3.52],[-76.55,3.52],[-76.55,3.525],[-76.55499999999999,3.525],[-76.55499999999999,3.52]]]},"properties":{"value":0.1852,"sigma":0.0541}},{"type":"Feature","geometry":{"type":"Polygon","coordinates":[[[-76.55,3.52],[-76.545,3.52],[-76.545,3.525],[-76.55,3.525],[-76.55,3.52]]]},"properties":{"value":0.1868,"sigma":0.0526}},{"type":"Feature","geometry":{"type":"Polygon","coordinates":[[[-76.54499999999999,3.52],[-76.53999999999999,3.52],[-76.53999999999999,3.525],[-76.54499999999999,3.525],[-76.54499999999999,3.52]]]},"properties":{"value":0.1823,"sigma":0.0557}},{"type":"Feature","geometry":{"type":"Polygon","coordinates":[[[-76.53999999999999,3.52],[-76.535,3.52],[-76.535,3.525],[-76.53999999999999,3.525],[-76.53999999999999,3.52]]]},"properties":{"value":0.1909,"sigma":0.0495}},{"type":"Feature","geometry":{"type":"Polygon","coordinates":[[[-76.535,3.52],[-76.53,3.52],[-76.53,3.525],[-76.535,3.525],[-76.535,3.52]]]},"properties":{"value":0.1779,"sigma":0.0507}},{"type":"Feature","geometry":{"type":"Polygon","coordinates":[[[-76.52999999999999,3.52],[-76.52499999999999,3.52],[-76.52499999999999,3.525],[-76.52999999999999,3.525],[-76.52999999999999,3.52]]]},"properties":{"value":0.1852,"sigma":0.0528}},{"type":"Feature","geometry":{"type":"Polygon","coordinates":[[[-76.52499999999999,3.52],[-76.52,3.52],[-76.52,3.525],[-76.52499999999999,3.525],[-76.52499999999999,3.52]]]},"properties":{"value":0.1803,"sigma":0.0527}},{"type":"Feature","geometry":{"type":"Polygon","coordinates":[[[-76.52,3.52],[-76.515,3.52],[-76.515,3.525],[-76.52,3.525],[-76.52,3.52]]]},"properties":{"value":0.189,"sigma":0.0515}},{"type":"Feature","geometry":{"type":"Polygon","coordinates":[[[-76.51499999999999,3.52],[-76.50999999999999,3.52],[-76.50999999999999,3.525],[-76.51499999999999,3.525],[-76.51499999999999,3.52]]]},"properties":{"value":0.1751,"sigma":0.0481}},{"type":"Feature","geometry":{"type":"Polygon","coordinates":[[[-76.50999999999999,3.52],[-76.505,3.52],[-76.505,3.525],[-76.50999999999999,3.525],[-76.50999999999999,3.52]]]},"properties":{"value":0.1616,"sigma":0.0521}},{"type":"Feature","geometry":{"type":"Polygon","coordinates":[[[-76.505,3.52],[-76.5,3.52],[-76.5,3.525],[-76.505,3.525],[-76.505,3.52]]]},"properties":{"value":0.1758,"sigma":0.051}},{"type":"Feature","geometry":{"type":"Polygon","coordinates":[[[-76.49999999999999,3.52],[-76.49499999999999,3.52],[-76.49499999999999,3.525],[-76.49999999999999,3.525],[-76.49999999999999,3.52]]]},"properties":{"value":0.1867,"sigma":0.0551}},{"type":"Feature","geometry":{"type":"Polygon","coordinates":[[[-76.49499999999999,3.52],[-76.49,3.52],[-76.49,3.525],[-76.49499999999999,3.525],[-76.49499999999999,3.52]]]},"properties":{"value":0.1881,"sigma":0.0555}},{"type":"Feature","geometry":{"type":"Polygon","coordinates":[[[-76.49,3.52],[-76.485,3.52],[-76.485,3.525],[-76.49,3.525],[-76.49,3.52]]]},"properties":{"value":0.1749,"sigma":0.0524}},{"type":"Feature","geometry":{"type":"Polygon","coordinates":[[[-76.48499999999999,3.52],[-76.47999999999999,3.52],[-76.47999999999999,3.525],[-76.48499999999999,3.525],[-76.48499999999999,3.52]]]},"properties":{"value":0.1904,"sigma":0.0553}},{"type":"Feature","geometry":{"type":"Polygon","coordinates":[[[-76.47999999999999,3.52],[-76.475,3.52],[-76.475,3.525],[-76.47999999999999,3.525],[-76.47999999999999,3.52]]]},"properties":{"value":0.1802,"sigma":0.0576}},{"type":"Feature","geometry":{"type":"Polygon","coordinates":[[[-76.475,3.52],[-76.47,3.52],[-76.47,3.525],[-76.475,3.525],[-76.475,3.52]]]},"properties":{"value":0.1791,"sigma":0.0617}},{"type":"Feature","geometry":{"type":"Polygon","coordinates":[[[-76.47,3.52],[-76.465,3.52],[-76.465,3.525],[-76.47,3.525],[-76.47,3.52]]]},"properties":{"value":0.1786,"sigma":0.0602}},{"type":"Feature","geometry":{"type":"Polygon","coordinates":[[[-76.46499999999999,3.52],[-76.46,3.52],[-76.46,3.525],[-76.46499999999999,3.525],[-76.46499999999999,3.52]]]},"properties":{"value":0.1932,"sigma":0.0683}},{"type":"Feature","geometry":{"type":"Polygon","coordinates":[[[-76.46,3.52],[-76.455,3.52],[-76.455,3.525],[-76.46,3.525],[-76.46,3.52]]]},"properties":{"value":0.1866,"sigma":0.0723}},{"type":"Feature","geometry":{"type":"Polygon","coordinates":[[[-76.455,3.52],[-76.45,3.52],[-76.45,3.525],[-76.455,3.525],[-76.455,3.52]]]},"properties":{"value":0.1831,"sigma":0.0709}},{"type":"Feature","geometry":{"type":"Polygon","coordinates":[[[-76.44999999999999,3.52],[-76.445,3.52],[-76.445,3.525],[-76.44999999999999,3.525],[-76.44999999999999,3.52]]]},"properties":{"value":0.1835,"sigma":0.0699}},{"type":"Feature","geometry":{"type":"Polygon","coordinates":[[[-76.445,3.52],[-76.44,3.52],[-76.44,3.525],[-76.445,3.525],[-76.445,3.52]]]},"properties":{"value":0.1779,"sigma":0.0776}},{"type":"Feature","geometry":{"type":"Polygon","coordinates":[[[-76.44,3.52],[-76.435,3.52],[-76.435,3.525],[-76.44,3.525],[-76.44,3.52]]]},"properties":{"value":0.1781,"sigma":0.076}},{"type":"Feature","geometry":{"type":"Polygon","coordinates":[[[-76.43499999999999,3.52],[-76.42999999999999,3.52],[-76.42999999999999,3.525],[-76.43499999999999,3.525],[-76.43499999999999,3.52]]]},"properties":{"value":0.1771,"sigma":0.0798}},{"type":"Feature","geometry":{"type":"Polygon","coordinates":[[[-76.42999999999999,3.52],[-76.425,3.52],[-76.425,3.525],[-76.42999999999999,3.525],[-76.42999999999999,3.52]]]},"properties":{"value":0.1754,"sigma":0.0799}},{"type":"Feature","geometry":{"type":"Polygon","coordinates":[[[-76.425,3.52],[-76.42,3.52],[-76.42,3.525],[-76.425,3.525],[-76.425,3.52]]]},"properties":{"value":0.1662,"sigma":0.087}},{"type":"Feature","geometry":{"type":"Polygon","coordinates":[[[-76.41999999999999,3.52],[-76.41499999999999,3.52],[-76.41499999999999,3.525],[-76.41999999999999,3.525],[-76.41999999999999,3.52]]]},"properties":{"value":0.1815,"sigma":0.0889}},{"type":"Feature","geometry":{"type":"Polygon","coordinates":[[[-76.41499999999999,3.52],[-76.41,3.52],[-76.41,3.525],[-76.41499999999999,3.525],[-76.41499999999999,3.52]]]},"properties":{"value":0.1737,"sigma":0.096}},{"type":"Feature","geometry":{"type":"Polygon","coordinates":[[[-76.41,3.52],[-76.405,3.52],[-76.405,3.525],[-76.41,3.525],[-76.41,3.52]]]},"properties":{"value":0.1798,"sigma":0.0867}},{"type":"Feature","geometry":{"type":"Polygon","coordinates":[[[-76.40499999999999,3.52],[-76.39999999999999,3.52],[-76.39999999999999,3.525],[-76.40499999999999,3.525],[-76.40499999999999,3.52]]]},"properties":{"value":0.1857,"sigma":0.0875}},{"type":"Feature","geometry":{"type":"Polygon","coordinates":[[[-76.6,3.525],[-76.595,3.525],[-76.595,3.53],[-76.6,3.53],[-76.6,3.525]]]},"properties":{"value":0.1754,"sigma":0.077}},{"type":"Feature","geometry":{"type":"Polygon","coordinates":[[[-76.595,3.525],[-76.59,3.525],[-76.59,3.53],[-76.595,3.53],[-76.595,3.525]]]},"properties":{"value":0.1793,"sigma":0.0798}},{"type":"Feature","geometry":{"type":"Polygon","coordinates":[[[-76.58999999999999,3.525],[-76.585,3.525],[-76.585,3.53],[-76.58999999999999,3.53],[-76.58999999999999,3.525]]]},"properties":{"value":0.1875,"sigma":0.0721}},{"type":"Feature","geometry":{"type":"Polygon","coordinates":[[[-76.585,3.525],[-76.58,3.525],[-76.58,3.53],[-76.585,3.53],[-76.585,3.525]]]},"properties":{"value":0.1743,"sigma":0.066}},{"type":"Feature","geometry":{"type":"Polygon","coordinates":[[[-76.58,3.525],[-76.575,3.525],[-76.575,3.53],[-76.58,3.53],[-76.58,3.525]]]},"properties":{"value":0.1915,"sigma":0.0724}},{"type":"Feature","geometry":{"type":"Polygon","coordinates":[[[-76.57499999999999,3.525],[-76.57,3.525],[-76.57,3.53],[-76.57499999999999,3.53],[-76.57499999999999,3.525]]]},"properties":{"value":0.1811,"sigma":0.0673}},{"type":"Feature","geometry":{"type":"Polygon","coordinates":[[[-76.57,3.525],[-76.565,3.525],[-76.565,3.53],[-76.57,3.53],[-76.57,3.525]]]},"properties":{"value":0.1766,"sigma":0.0673}},{"type":"Feature","geometry":{"type":"Polygon","coordinates":[[[-76.565,3.525],[-76.56,3.525],[-76.56,3.53],[-76.565,3.53],[-76.565,3.525]]]},"properties":{"value":0.1883,"sigma":0.0642}},{"type":"Feature","geometry":{"type":"Polygon","coordinates":[[[-76.55999999999999,3.525],[-76.55499999999999,3.525],[-76.55499999999999,3.53],[-76.55999999999999,3.53],[-76.55999999999999,3.525]]]},"properties":{"value":0.1811,"sigma":0.0618}},{"type":"Feature","geometry":{"type":"Polygon","coordinates":[[[-76.55499999999999,3.525],[-76.55,3.525],[-76.55,3.53],[-76.55499999999999,3.53],[-76.55499999999999,3.525]]]},"properties":{"value":0.1846,"sigma":0.0593}},{"type":"Feature","geometry":{"type":"Polygon","coordinates":[[[-76.55,3.525],[-76.545,3.525],[-76.545,3.53],[-76.55,3.53],[-76.55,3.525]]]},"properties":{"value":0.1795,"sigma":0.0605}},{"type":"Feature","geometry":{"type":"Polygon","coordinates":[[[-76.54499999999999,3.525],[-76.53999999999999,3.525],[-76.53999999999999,3.53],[-76.54499999999999,3.53],[-76.54499999999999,3.525]]]},"properties":{"value":0.1841,"sigma":0.058}},{"type":"Feature","geometry":{"type":"Polygon","coordinates":[[[-76.53999999999999,3.525],[-76.535,3.525],[-76.535,3.53],[-76.53999999999999,3.53],[-76.53999999999999,3.525]]]},"properties":{"value":0.1698,"sigma":0.0522}},{"type":"Feature","geometry":{"type":"Polygon","coordinates":[[[-76.535,3.525],[-76.53,3.525],[-76.53,3.53],[-76.535,3.53],[-76.535,3.525]]]},"properties":{"value":0.1806,"sigma":0.0511}},{"type":"Feature","geometry":{"type":"Polygon","coordinates":[[[-76.52999999999999,3.525],[-76.52499999999999,3.525],[-76.52499999999999,3.53],[-76.52999999999999,3.53],[-76.52999999999999,3.525]]]},"properties":{"value":0.186,"sigma":0.0516}},{"type":"Feature","geometry":{"type":"Polygon","coordinates":[[[-76.52499999999999,3.525],[-76.52,3.525],[-76.52,3.53],[-76.52499999999999,3.53],[-76.52499999999999,3.525]]]},"properties":{"value":0.1903,"sigma":0.0523}},{"type":"Feature","geometry":{"type":"Polygon","coordinates":[[[-76.52,3.525],[-76.515,3.525],[-76.515,3.53],[-76.52,3.53],[-76.52,3.525]]]},"properties":{"value":0.1912,"sigma":0.0549}},{"type":"Feature","geometry":{"type":"Polygon","coordinates":[[[-76.51499999999999,3.525],[-76.50999999999999,3.525],[-76.50999999999999,3.53],[-76.51499999999999,3.53],[-76.51499999999999,3.525]]]},"properties":{"value":0.1846,"sigma":0.0483}},{"type":"Feature","geometry":{"type":"Polygon","coordinates":[[[-76.50999999999999,3.525],[-76.505,3.525],[-76.505,3.53],[-76.50999999999999,3.53],[-76.50999999999999,3.525]]]},"properties":{"value":0.1813,"sigma":0.0557}},{"type":"Feature","geometry":{"type":"Polygon","coordinates":[[[-76.505,3.525],[-76.5,3.525],[-76.5,3.53],[-76.505,3.53],[-76.505,3.525]]]},"properties":{"value":0.1729,"sigma":0.0571}},{"type":"Feature","geometry":{"type":"Polygon","coordinates":[[[-76.49999999999999,3.525],[-76.49499999999999,3.525],[-76.49499999999999,3.53],[-76.49999999999999,3.53],[-76.49999999999999,3.525]]]},"properties":{"value":0.1848,"sigma":0.0569}},{"type":"Feature","geometry":{"type":"Polygon","coordinates":[[[-76.49499999999999,3.525],[-76.49,3.525],[-76.49,3.53],[-76.49499999999999,3.53],[-76.49499999999999,3.525]]]},"properties":{"value":0.1703,"sigma":0.0607}},{"type":"Feature","geometry":{"type":"Polygon","coordinates":[[[-76.49,3.525],[-76.485,3.525],[-76.485,3.53],[-76.49,3.53],[-76.49,3.525]]]},"properties":{"value":0.1762,"sigma":0.0612}},{"type":"Feature","geometry":{"type":"Polygon","coordinates":[[[-76.48499999999999,3.525],[-76.47999999999999,3.525],[-76.47999999999999,3.53],[-76.48499999999999,3.53],[-76.48499999999999,3.525]]]},"properties":{"value":0.1766,"sigma":0.0563}},{"type":"Feature","geometry":{"type":"Polygon","coordinates":[[[-76.47999999999999,3.525],[-76.475,3.525],[-76.475,3.53],[-76.47999999999999,3.53],[-76.47999999999999,3.525]]]},"properties":{"value":0.1779,"sigma":0.0565}},{"type":"Feature","geometry":{"type":"Polygon","coordinates":[[[-76.475,3.525],[-76.47,3.525],[-76.47,3.53],[-76.475,3.53],[-76.475,3.525]]]},"properties":{"value":0.1752,"sigma":0.068}},{"type":"Feature","geometry":{"type":"Polygon","coordinates":[[[-76.47,3.525],[-76.465,3.525],[-76.465,3.53],[-76.47,3.53],[-76.47,3.525]]]},"properties":{"value":0.1786,"sigma":0.0669}},{"type":"Feature","geometry":{"type":"Polygon","coordinates":[[[-76.46499999999999,3.525],[-76.46,3.525],[-76.46,3.53],[-76.46499999999999,3.53],[-76.46499999999999,3.525]]]},"properties":{"value":0.1752,"sigma":0.0652}},{"type":"Feature","geometry":{"type":"Polygon","coordinates":[[[-76.46,3.525],[-76.455,3.525],[-76.455,3.53],[-76.46,3.53],[-76.46,3.525]]]},"properties":{"value":0.1918,"sigma":0.0709}},{"type":"Feature","geometry":{"type":"Polygon","coordinates":[[[-76.455,3.525],[-76.45,3.525],[-76.45,3.53],[-76.455,3.53],[-76.455,3.525]]]},"properties":{"value":0.1752,"sigma":0.0717}},{"type":"Feature","geometry":{"type":"Polygon","coordinates":[[[-76.44999999999999,3.525],[-76.445,3.525],[-76.445,3.53],[-76.44999999999999,3.53],[-76.44999999999999,3.525]]]},"properties":{"value":0.1841,"sigma":0.0735}},{"type":"Feature","geometry":{"type":"Polygon","coordinates":[[[-76.445,3.525],[-76.44,3.525],[-76.44,3.53],[-76.445,3.53],[-76.445,3.525]]]},"properties":{"value":0.1879,"sigma":0.0781}},{"type":"Feature","geometry":{"type":"Polygon","coordinates":[[[-76.44,3.525],[-76.435,3.525],[-76.435,3.53],[-76.44,3.53],[-76.44,3.525]]]},"properties":{"value":0.1708,"sigma":0.0804}},{"type":"Feature","geometry":{"type":"Polygon","coordinates":[[[-76.43499999999999,3.525],[-76.42999999999999,3.525],[-76.42999999999999,3.53],[-76.43499999999999,3.53],[-76.43499999999999,3.525]]]},"properties":{"value":0.1749,"sigma":0.0813}},{"type":"Feature","geometry":{"type":"Polygon","coordinates":[[[-76.42999999999999,3.525],[-76.425,3.525],[-76.425,3.53],[-76.42999999999999,3.53],[-76.42999999999999,3.525]]]},"properties":{"value":0.1993,"sigma":0.0839}},{"type":"Feature","geometry":{"type":"Polygon","coordinates":[[[-76.425,3.525],[-76.42,3.525],[-76.42,3.53],[-76.425,3.53],[-76.425,3.525]]]},"properties":{"value":0.1773,"sigma":0.0861}},{"type":"Feature","geometry":{"type":"Polygon","coordinates":[[[-76.41999999999999,3.525],[-76.41499999999999,3.525],[-76.41499999999999,3.53],[-76.41999999999999,3.53],[-76.41999999999999,3.525]]]},"properties":{"value":0.195,"sigma":0.0857}},{"type":"Feature","geometry":{"type":"Polygon","coordinates":[[[-76.41499999999999,3.525],[-76.41,3.525],[-76.41,3.53],[-76.41499999999999,3.53],[-76.41499999999999,3.525]]]},"properties":{"value":0.1932,"sigma":0.088}},{"type":"Feature","geometry":{"type":"Polygon","coordinates":[[[-76.41,3.525],[-76.405,3.525],[-76.405,3.53],[-76.41,3.53],[-76.41,3.525]]]},"properties":{"value":0.199,"sigma":0.0969}},{"type":"Feature","geometry":{"type":"Polygon","coordinates":[[[-76.40499999999999,3.525],[-76.39999999999999,3.525],[-76.39999999999999,3.53],[-76.40499999999999,3.53],[-76.40499999999999,3.525]]]},"properties":{"value":0.185,"sigma":0.096}},{"type":"Feature","geometry":{"type":"Polygon","coordinates":[[[-76.6,3.53],[-76.595,3.53],[-76.595,3.5349999999999997],[-76.6,3.5349999999999997],[-76.6,3.53]]]},"properties":{"value":0.1766,"sigma":0.0747}},{"type":"Feature","geometry":{"type":"Polygon","coordinates":[[[-76.595,3.53],[-76.59,3.53],[-76.59,3.5349999999999997],[-76.595,3.5349999999999997],[-76.595,3.53]]]},"properties":{"value":0.1788,"sigma":0.0707}},{"type":"Feature","geometry":{"type":"Polygon","coordinates":[[[-76.58999999999999,3.53],[-76.585,3.53],[-76.585,3.5349999999999997],[-76.58999999999999,3.5349999999999997],[-76.58999999999999,3.53]]]},"properties":{"value":0.1741,"sigma":0.0719}},{"type":"Feature","geometry":{"type":"Polygon","coordinates":[[[-76.585,3.53],[-76.58,3.53],[-76.58,3.5349999999999997],[-76.585,3.5349999999999997],[-76.585,3.53]]]},"properties":{"value":0.1783,"sigma":0.0706}},{"type":"Feature","geometry":{"type":"Polygon","coordinates":[[[-76.58,3.53],[-76.575,3.53],[-76.575,3.5349999999999997],[-76.58,3.5349999999999997],[-76.58,3.53]]]},"properties":{"value":0.198,"sigma":0.0699}},{"type":"Feature","geometry":{"type":"Polygon","coordinates":[[[-76.57499999999999,3.53],[-76.57,3.53],[-76.57,3.5349999999999997],[-76.57499999999999,3.5349999999999997],[-76.57499999999999,3.53]]]},"properties":{"value":0.1862,"sigma":0.0677}},{"type":"Feature","geometry":{"type":"Polygon","coordinates":[[[-76.57,3.53],[-76.565,3.53],[-76.565,3.5349999999999997],[-76.57,3.5349999999999997],[-76.57,3.53]]]},"properties":{"value":0.1909,"sigma":0.0658}},{"type":"Feature","geometry":{"type":"Polygon","coordinates":[[[-76.565,3.53],[-76.56,3.53],[-76.56,3.5349999999999997],[-76.565,3.5349999999999997],[-76.565,3.53]]]},"properties":{"value":0.1695,"sigma":0.0641}},{"type":"Feature","geometry":{"type":"Polygon","coordinates":[[[-76.55999999999999,3.53],[-76.55499999999999,3.53],[-76.55499999999999,3.5349999999999997],[-76.55999999999999,3.5349999999999997],[-76.55999999999999,3.53]]]},"properties":{"value":0.1823,"sigma":0.0642}},{"type":"Feature","geometry":{"type":"Polygon","coordinates":[[[-76.55499999999999,3.53],[-76.55,3.53],[-76.55,3.5349999999999997],[-76.55499999999999,3.5349999999999997],[-76.55499999999999,3.53]]]},"properties":{"value":0.1944,"sigma":0.0612}},{"type":"Feature","geometry":{"type":"Polygon","coordinates":[[[-76.55,3.53],[-76.545,3.53],[-76.545,3.5349999999999997],[-76.55,3.5349999999999997],[-76.55,3.53]]]},"properties":{"value":0.1909,"sigma":0.0549}},{"type":"Feature","geometry":{"type":"Polygon","coordinates":[[[-76.54499999999999,3.53],[-76.53999999999999,3.53],[-76.53999999999999,3.5349999999999997],[-76.54499999999999,3.5349999999999997],[-76.54499999999999,3.53]]]},"properties":{"value":0.1823,"sigma":0.0561}},{"type":"Feature","geometry":{"type":"Polygon","coordinates":[[[-76.53999999999999,3.53],[-76.535,3.53],[-76.535,3.5349999999999997],[-76.53999999999999,3.5349999999999997],[-76.53999999999999,3.53]]]},"properties":{"value":0.1906,"sigma":0.0556}},{"type":"Feature","geometry":{"type":"Polygon","coordinates":[[[-76.535,3.53],[-76.53,3.53],[-76.53,3.5349999999999997],[-76.535,3.5349999999999997],[-76.535,3.53]]]},"properties":{"value":0.182,"sigma":0.0522}},{"type":"Feature","geometry":{"type":"Polygon","coordinates":[[[-76.52999999999999,3.53],[-76.52499999999999,3.53],[-76.52499999999999,3.5349999999999997],[-76.52999999999999,3.5349999999999997],[-76.52999999999999,3.53]]]},"properties":{"value":0.178,"sigma":0.0545}},{"type":"Feature","geometry":{"type":"Polygon","coordinates":[[[-76.52499999999999,3.53],[-76.52,3.53],[-76.52,3.5349999999999997],[-76.52499999999999,3.5349999999999997],[-76.52499999999999,3.53]]]},"properties":{"value":0.198,"sigma":0.0577}},{"type":"Feature","geometry":{"type":"Polygon","coordinates":[[[-76.52,3.53],[-76.515,3.53],[-76.515,3.5349999999999997],[-76.52,3.5349999999999997],[-76.52,3.53]]]},"properties":{"value":0.1866,"sigma":0.0578}},{"type":"Feature","geometry":{"type":"Polygon","coordinates":[[[-76.51499999999999,3.53],[-76.50999999999999,3.53],[-76.50999999999999,3.5349999999999997],[-76.51499999999999,3.5349999999999997],[-76.51499999999999,3.53]]]},"properties":{"value":0.1798,"sigma":0.0567}},{"type":"Feature","geometry":{"type":"Polygon","coordinates":[[[-76.50999999999999,3.53],[-76.505,3.53],[-76.505,3.5349999999999997],[-76.50999999999999,3.5349999999999997],[-76.50999999999999,3.53]]]},"properties":{"value":0.163,"sigma":0.0564}},{"type":"Feature","geometry":{"type":"Polygon","coordinates":[[[-76.505,3.53],[-76.5,3.53],[-76.5,3.5349999999999997],[-76.505,3.5349999999999997],[-76.505,3.53]]]},"properties":{"value":0.1711,"sigma":0.0565}},{"type":"Feature","geometry":{"type":"Polygon","coordinates":[[[-76.49999999999999,3.53],[-76.49499999999999,3.53],[-76.49499999999999,3.5349999999999997],[-76.49999999999999,3.5349999999999997],[-76.49999999999999,3.53]]]},"properties":{"value":0.1851,"sigma":0.0571}},{"type":"Feature","geometry":{"type":"Polygon","coordinates":[[[-76.49499999999999,3.53],[-76.49,3.53],[-76.49,3.5349999999999997],[-76.49499999999999,3.5349999999999997],[-76.49499999999999,3.53]]]},"properties":{"value":0.1918,"sigma":0.064}},{"type":"Feature","geometry":{"type":"Polygon","coordinates":[[[-76.49,3.53],[-76.485,3.53],[-76.485,3.5349999999999997],[-76.49,3.5349999999999997],[-76.49,3.53]]]},"properties":{"value":0.1841,"sigma":0.0634}},{"type":"Feature","geometry":{"type":"Polygon","coordinates":[[[-76.48499999999999,3.53],[-76.47999999999999,3.53],[-76.47999999999999,3.5349999999999997],[-76.48499999999999,3.5349999999999997],[-76.48499999999999,3.53]]]},"properties":{"value":0.1775,"sigma":0.0621}},{"type":"Feature","geometry":{"type":"Polygon","coordinates":[[[-76.47999999999999,3.53],[-76.475,3.53],[-76.475,3.5349999999999997],[-76.47999999999999,3.5349999999999997],[-76.47999999999999,3.53]]]},"properties":{"value":0.1802,"sigma":0.0613}},{"type":"Feature","geometry":{"type":"Polygon","coordinates":[[[-76.475,3.53],[-76.47,3.53],[-76.47,3.5349999999999997],[-76.475,3.5349999999999997],[-76.475,3.53]]]},"properties":{"value":0.1866,"sigma":0.0668}},{"type":"Feature","geometry":{"type":"Polygon","coordinates":[[[-76.47,3.53],[-76.465,3.53],[-76.465,3.5349999999999997],[-76.47,3.5349999999999997],[-76.47,3.53]]]},"properties":{"value":0.1789,"sigma":0.0627}},{"type":"Feature","geometry":{"type":"Polygon","coordinates":[[[-76.46499999999999,3.53],[-76.46,3.53],[-76.46,3.5349999999999997],[-76.46499999999999,3.5349999999999997],[-76.46499999999999,3.53]]]},"properties":{"value":0.1909,"sigma":0.0694}},{"type":"Feature","geometry":{"type":"Polygon","coordinates":[[[-76.46,3.53],[-76.455,3.53],[-76.455,3.5349999999999997],[-76.46,3.5349999999999997],[-76.46,3.53]]]},"properties":{"value":0.1685,"sigma":0.071}},{"type":"Feature","geometry":{"type":"Polygon","coordinates":[[[-76.455,3.53],[-76.45,3.53],[-76.45,3.5349999999999997],[-76.455,3.5349999999999997],[-76.455,3.53]]]},"properties":{"value":0.1868,"sigma":0.0724}},{"type":"Feature","geometry":{"type":"Polygon","coordinates":[[[-76.44999999999999,3.53],[-76.445,3.53],[-76.445,3.5349999999999997],[-76.44999999999999,3.5349999999999997],[-76.44999999999999,3.53]]]},"properties":{"value":0.1761,"sigma":0.0749}},{"type":"Feature","geometry":{"type":"Polygon","coordinates":[[[-76.445,3.53],[-76.44,3.53],[-76.44,3.5349999999999997],[-76.445,3.5349999999999997],[-76.445,3.53]]]},"properties":{"value":0.1768,"sigma":0.0787}},{"type":"Feature","geometry":{"type":"Polygon","coordinates":[[[-76.44,3.53],[-76.435,3.53],[-76.435,3.5349999999999997],[-76.44,3.5349999999999997],[-76.44,3.53]]]},"properties":{"value":0.1828,"sigma":0.0813}},{"type":"Feature","geometry":{"type":"Polygon","coordinates":[[[-76.43499999999999,3.53],[-76.42999999999999,3.53],[-76.42999999999999,3.5349999999999997],[-76.43499999999999,3.5349999999999997],[-76.43499999999999,3.53]]]},"properties":{"value":0.1841,"sigma":0.081}},{"type":"Feature","geometry":{"type":"Polygon","coordinates":[[[-76.42999999999999,3.53],[-76.425,3.53],[-76.425,3.5349999999999997],[-76.42999999999999,3.5349999999999997],[-76.42999999999999,3.53]]]},"properties":{"value":0.1781,"sigma":0.086}},{"type":"Feature","geometry":{"type":"Polygon","coordinates":[[[-76.425,3.53],[-76.42,3.53],[-76.42,3.5349999999999997],[-76.425,3.5349999999999997],[-76.425,3.53]]]},"properties":{"value":0.1779,"sigma":0.0858}},{"type":"Feature","geometry":{"type":"Polygon","coordinates":[[[-76.41999999999999,3.53],[-76.41499999999999,3.53],[-76.41499999999999,3.5349999999999997],[-76.41999999999999,3.5349999999999997],[-76.41999999999999,3.53]]]},"properties":{"value":0.176,"sigma":0.0865}},{"type":"Feature","geometry":{"type":"Polygon","coordinates":[[[-76.41499999999999,3.53],[-76.41,3.53],[-76.41,3.5349999999999997],[-76.41499999999999,3.5349999999999997],[-76.41499999999999,3.53]]]},"properties":{"value":0.1838,"sigma":0.0823}},{"type":"Feature","geometry":{"type":"Polygon","coordinates":[[[-76.41,3.53],[-76.405,3.53],[-76.405,3.5349999999999997],[-76.41,3.5349999999999997],[-76.41,3.53]]]},"properties":{"value":0.1811,"sigma":0.0943}},{"type":"Feature","geometry":{"type":"Polygon","coordinates":[[[-76.40499999999999,3.53],[-76.39999999999999,3.53],[-76.39999999999999,3.5349999999999997],[-76.40499999999999,3.5349999999999997],[-76.40499999999999,3.53]]]},"properties":{"value":0.1765,"sigma":0.0918}},{"type":"Feature","geometry":{"type":"Polygon","coordinates":[[[-76.6,3.5349999999999997],[-76.595,3.5349999999999997],[-76.595,3.5399999999999996],[-76.6,3.5399999999999996],[-76.6,3.5349999999999997]]]},"properties":{"value":0.1783,"sigma":0.0854}},{"type":"Feature","geometry":{"type":"Polygon","coordinates":[[[-76.595,3.5349999999999997],[-76.59,3.5349999999999997],[-76.59,3.5399999999999996],[-76.595,3.5399999999999996],[-76.595,3.5349999999999997]]]},"properties":{"value":0.1739,"sigma":0.0803}},{"type":"Feature","geometry":{"type":"Polygon","coordinates":[[[-76.58999999999999,3.5349999999999997],[-76.585,3.5349999999999997],[-76.585,3.5399999999999996],[-76.58999999999999,3.5399999999999996],[-76.58999999999999,3.5349999999999997]]]},"properties":{"value":0.1883,"sigma":0.0772}},{"type":"Feature","geometry":{"type":"Polygon","coordinates":[[[-76.585,3.5349999999999997],[-76.58,3.5349999999999997],[-76.58,3.5399999999999996],[-76.585,3.5399999999999996],[-76.585,3.5349999999999997]]]},"properties":{"value":0.165,"sigma":0.0737}},{"type":"Feature","geometry":{"type":"Polygon","coordinates":[[[-76.58,3.5349999999999997],[-76.575,3.5349999999999997],[-76.575,3.5399999999999996],[-76.58,3.5399999999999996],[-76.58,3.5349999999999997]]]},"properties":{"value":0.1812,"sigma":0.0697}},{"type":"Feature","geometry":{"type":"Polygon","coordinates":[[[-76.57499999999999,3.5349999999999997],[-76.57,3.5349999999999997],[-76.57,3.5399999999999996],[-76.57499999999999,3.5399999999999996],[-76.57499999999999,3.5349999999999997]]]},"properties":{"value":0.1749,"sigma":0.0703}},{"type":"Feature","geometry":{"type":"Polygon","coordinates":[[[-76.57,3.5349999999999997],[-76.565,3.5349999999999997],[-76.565,3.5399999999999996],[-76.57,3.5399999999999996],[-76.57,3.5349999999999997]]]},"properties":{"value":0.1596,"sigma":0.0657}},{"type":"Feature","geometry":{"type":"Polygon","coordinates":[[[-76.565,3.5349999999999997],[-76.56,3.5349999999999997],[-76.56,3.5399999999999996],[-76.565,3.5399999999999996],[-76.565,3.5349999999999997]]]},"properties":{"value":0.1981,"sigma":0.0633}},{"type":"Feature","geometry":{"type":"Polygon","coordinates":[[[-76.55999999999999,3.5349999999999997],[-76.55499999999999,3.5349999999999997],[-76.55499999999999,3.5399999999999996],[-76.55999999999999,3.5399999999999996],[-76.55999999999999,3.5349999999999997]]]},"properties":{"value":0.1809,"sigma":0.0641}},{"type":"Feature","geometry":{"type":"Polygon","coordinates":[[[-76.55499999999999,3.5349999999999997],[-76.55,3.5349999999999997],[-76.55,3.5399999999999996],[-76.55499999999999,3.5399999999999996],[-76.55499999999999,3.5349999999999997]]]},"properties":{"value":0.1813,"sigma":0.0595}},{"type":"Feature","geometry":{"type":"Polygon","coordinates":[[[-76.55,3.5349999999999997],[-76.545,3.5349999999999997],[-76.545,3.5399999999999996],[-76.55,3.5399999999999996],[-76.55,3.5349999999999997]]]},"properties":{"value":0.1727,"sigma":0.0663}},{"type":"Feature","geometry":{"type":"Polygon","coordinates":[[[-76.54499999999999,3.5349999999999997],[-76.53999999999999,3.5349999999999997],[-76.53999999999999,3.5399999999999996],[-76.54499999999999,3.5399999999999996],[-76.54499999999999,3.5349999999999997]]]},"properties":{"value":0.178,"sigma":0.0604}},{"type":"Feature","geometry":{"type":"Polygon","coordinates":[[[-76.53999999999999,3.5349999999999997],[-76.535,3.5349999999999997],[-76.535,3.5399999999999996],[-76.53999999999999,3.5399999999999996],[-76.53999999999999,3.5349999999999997]]]},"properties":{"value":0.1891,"sigma":0.0587}},{"type":"Feature","geometry":{"type":"Polygon","coordinates":[[[-76.535,3.5349999999999997],[-76.53,3.5349999999999997],[-76.53,3.5399999999999996],[-76.535,3.5399999999999996],[-76.535,3.5349999999999997]]]},"properties":{"value":0.1845,"sigma":0.0572}},{"type":"Feature","geometry":{"type":"Polygon","coordinates":[[[-76.52999999999999,3.5349999999999997],[-76.52499999999999,3.5349999999999997],[-76.52499999999999,3.5399999999999996],[-76.52999999999999,3.5399999999999996],[-76.52999999999999,3.5349999999999997]]]},"properties":{"value":0.1777,"sigma":0.0599}},{"type":"Feature","geometry":{"type":"Polygon","coordinates":[[[-76.52499999999999,3.5349999999999997],[-76.52,3.5349999999999997],[-76.52,3.5399999999999996],[-76.52499999999999,3.5399999999999996],[-76.52499999999999,3.5349999999999997]]]},"properties":{"value":0.1967,"sigma":0.0582}},{"type":"Feature","geometry":{"type":"Polygon","coordinates":[[[-76.52,3.5349999999999997],[-76.515,3.5349999999999997],[-76.515,3.5399999999999996],[-76.52,3.5399999999999996],[-76.52,3.5349999999999997]]]},"properties":{"value":0.1769,"sigma":0.0579}},{"type":"Feature","geometry":{"type":"Polygon","coordinates":[[[-76.51499999999999,3.5349999999999997],[-76.50999999999999,3.5349999999999997],[-76.50999999999999,3.5399999999999996],[-76.51499999999999,3.5399999999999996],[-76.51499999999999,3.5349999999999997]]]},"properties":{"value":0.189,"sigma":0.057}},{"type":"Feature","geometry":{"type":"Polygon","coordinates":[[[-76.50999999999999,3.5349999999999997],[-76.505,3.5349999999999997],[-76.505,3.5399999999999996],[-76.50999999999999,3.5399999999999996],[-76.50999999999999,3.5349999999999997]]]},"properties":{"value":0.1638,"sigma":0.0572}},{"type":"Feature","geometry":{"type":"Polygon","coordinates":[[[-76.505,3.5349999999999997],[-76.5,3.5349999999999997],[-76.5,3.5399999999999996],[-76.505,3.5399999999999996],[-76.505,3.5349999999999997]]]},"properties":{"value":0.1809,"sigma":0.0588}},{"type":"Feature","geometry":{"type":"Polygon","coordinates":[[[-76.49999999999999,3.5349999999999997],[-76.49499999999999,3.5349999999999997],[-76.49499999999999,3.5399999999999996],[-76.49999999999999,3.5399999999999996],[-76.49999999999999,3.5349999999999997]]]},"properties":{"value":0.1864,"sigma":0.0629}},{"type":"Feature","geometry":{"type":"Polygon","coordinates":[[[-76.49499999999999,3.5349999999999997],[-76.49,3.5349999999999997],[-76.49,3.5399999999999996],[-76.49499999999999,3.5399999999999996],[-76.49499999999999,3.5349999999999997]]]},"properties":{"value":0.1801,"sigma":0.0624}},{"type":"Feature","geometry":{"type":"Polygon","coordinates":[[[-76.49,3.5349999999999997],[-76.485,3.5349999999999997],[-76.485,3.5399999999999996],[-76.49,3.5399999999999996],[-76.49,3.5349999999999997]]]},"properties":{"value":0.1805,"sigma":0.0645}},{"type":"Feature","geometry":{"type":"Polygon","coordinates":[[[-76.48499999999999,3.5349999999999997],[-76.47999999999999,3.5349999999999997],[-76.47999999999999,3.5399999999999996],[-76.48499999999999,3.5399999999999996],[-76.48499999999999,3.5349999999999997]]]},"properties":{"value":0.1801,"sigma":0.0666}},{"type":"Feature","geometry":{"type":"Polygon","coordinates":[[[-76.47999999999999,3.5349999999999997],[-76.475,3.5349999999999997],[-76.475,3.5399999999999996],[-76.47999999999999,3.5399999999999996],[-76.47999999999999,3.5349999999999997]]]},"properties":{"value":0.1762,"sigma":0.0634}},{"type":"Feature","geometry":{"type":"Polygon","coordinates":[[[-76.475,3.5349999999999997],[-76.47,3.5349999999999997],[-76.47,3.5399999999999996],[-76.475,3.5399999999999996],[-76.475,3.5349999999999997]]]},"properties":{"value":0.1781,"sigma":0.0646}},{"type":"Feature","geometry":{"type":"Polygon","coordinates":[[[-76.47,3.5349999999999997],[-76.465,3.5349999999999997],[-76.465,3.5399999999999996],[-76.47,3.5399999999999996],[-76.47,3.5349999999999997]]]},"properties":{"value":0.1799,"sigma":0.0663}},{"type":"Feature","geometry":{"type":"Polygon","coordinates":[[[-76.46499999999999,3.5349999999999997],[-76.46,3.5349999999999997],[-76.46,3.5399999999999996],[-76.46499999999999,3.5399999999999996],[-76.46499999999999,3.5349999999999997]]]},"properties":{"value":0.1749,"sigma":0.0679}},{"type":"Feature","geometry":{"type":"Polygon","coordinates":[[[-76.46,3.5349999999999997],[-76.455,3.5349999999999997],[-76.455,3.5399999999999996],[-76.46,3.5399999999999996],[-76.46,3.5349999999999997]]]},"properties":{"value":0.1558,"sigma":0.0768}},{"type":"Feature","geometry":{"type":"Polygon","coordinates":[[[-76.455,3.5349999999999997],[-76.45,3.5349999999999997],[-76.45,3.5399999999999996],[-76.455,3.5399999999999996],[-76.455,3.5349999999999997]]]},"properties":{"value":0.1754,"sigma":0.0762}},{"type":"Feature","geometry":{"type":"Polygon","coordinates":[[[-76.44999999999999,3.5349999999999997],[-76.445,3.5349999999999997],[-76.445,3.5399999999999996],[-76.44999999999999,3.5399999999999996],[-76.44999999999999,3.5349999999999997]]]},"properties":{"value":0.173,"sigma":0.0797}},{"type":"Feature","geometry":{"type":"Polygon","coordinates":[[[-76.445,3.5349999999999997],[-76.44,3.5349999999999997],[-76.44,3.5399999999999996],[-76.445,3.5399999999999996],[-76.445,3.5349999999999997]]]},"properties":{"value":0.1772,"sigma":0.0746}},{"type":"Feature","geometry":{"type":"Polygon","coordinates":[[[-76.44,3.5349999999999997],[-76.435,3.5349999999999997],[-76.435,3.5399999999999996],[-76.44,3.5399999999999996],[-76.44,3.5349999999999997]]]},"properties":{"value":0.1876,"sigma":0.0829}},{"type":"Feature","geometry":{"type":"Polygon","coordinates":[[[-76.43499999999999,3.5349999999999997],[-76.42999999999999,3.5349999999999997],[-76.42999999999999,3.5399999999999996],[-76.43499999999999,3.5399999999999996],[-76.43499999999999,3.5349999999999997]]]},"properties":{"value":0.1735,"sigma":0.0841}},{"type":"Feature","geometry":{"type":"Polygon","coordinates":[[[-76.42999999999999,3.5349999999999997],[-76.425,3.5349999999999997],[-76.425,3.5399999999999996],[-76.42999999999999,3.5399999999999996],[-76.42999999999999,3.5349999999999997]]]},"properties":{"value":0.1824,"sigma":0.0874}},{"type":"Feature","geometry":{"type":"Polygon","coordinates":[[[-76.425,3.5349999999999997],[-76.42,3.5349999999999997],[-76.42,3.5399999999999996],[-76.425,3.5399999999999996],[-76.425,3.5349999999999997]]]},"properties":{"value":0.1863,"sigma":0.0836}},{"type":"Feature","geometry":{"type":"Polygon","coordinates":[[[-76.41999999999999,3.5349999999999997],[-76.41499999999999,3.5349999999999997],[-76.41499999999999,3.5399999999999996],[-76.41999999999999,3.5399999999999996],[-76.41999999999999,3.5349999999999997]]]},"properties":{"value":0.176,"sigma":0.089}},{"type":"Feature","geometry":{"type":"Polygon","coordinates":[[[-76.41499999999999,3.5349999999999997],[-76.41,3.5349999999999997],[-76.41,3.5399999999999996],[-76.41499999999999,3.5399999999999996],[-76.41499999999999,3.5349999999999997]]]},"properties":{"value":0.1724,"sigma":0.0907}},{"type":"Feature","geometry":{"type":"Polygon","coordinates":[[[-76.41,3.5349999999999997],[-76.405,3.5349999999999997],[-76.405,3.5399999999999996],[-76.41,3.5399999999999996],[-76.41,3.5349999999999997]]]},"properties":{"value":0.1863,"sigma":0.0948}},{"type":"Feature","geometry":{"type":"Polygon","coordinates":[[[-76.40499999999999,3.5349999999999997],[-76.39999999999999,3.5349999999999997],[-76.39999999999999,3.5399999999999996],[-76.40499999999999,3.5399999999999996],[-76.40499999999999,3.5349999999999997]]]},"properties":{"value":0.1873,"sigma":0.0937}},{"type":"Feature","geometry":{"type":"Polygon","coordinates":[[[-76.6,3.54],[-76.595,3.54],[-76.595,3.545],[-76.6,3.545],[-76.6,3.54]]]},"properties":{"value":0.1861,"sigma":0.0823}},{"type":"Feature","geometry":{"type":"Polygon","coordinates":[[[-76.595,3.54],[-76.59,3.54],[-76.59,3.545],[-76.595,3.545],[-76.595,3.54]]]},"properties":{"value":0.1802,"sigma":0.077}},{"type":"Feature","geometry":{"type":"Polygon","coordinates":[[[-76.58999999999999,3.54],[-76.585,3.54],[-76.585,3.545],[-76.58999999999999,3.545],[-76.58999999999999,3.54]]]},"properties":{"value":0.1794,"sigma":0.077}},{"type":"Feature","geometry":{"type":"Polygon","coordinates":[[[-76.585,3.54],[-76.58,3.54],[-76.58,3.545],[-76.585,3.545],[-76.585,3.54]]]},"properties":{"value":0.1743,"sigma":0.0705}},{"type":"Feature","geometry":{"type":"Polygon","coordinates":[[[-76.58,3.54],[-76.575,3.54],[-76.575,3.545],[-76.58,3.545],[-76.58,3.54]]]},"properties":{"value":0.1815,"sigma":0.0696}},{"type":"Feature","geometry":{"type":"Polygon","coordinates":[[[-76.57499999999999,3.54],[-76.57,3.54],[-76.57,3.545],[-76.57499999999999,3.545],[-76.57499999999999,3.54]]]},"properties":{"value":0.1708,"sigma":0.0642}},{"type":"Feature","geometry":{"type":"Polygon","coordinates":[[[-76.57,3.54],[-76.565,3.54],[-76.565,3.545],[-76.57,3.545],[-76.57,3.54]]]},"properties":{"value":0.1879,"sigma":0.0718}},{"type":"Feature","geometry":{"type":"Polygon","coordinates":[[[-76.565,3.54],[-76.56,3.54],[-76.56,3.545],[-76.565,3.545],[-76.565,3.54]]]},"properties":{"value":0.1842,"sigma":0.0671}},{"type":"Feature","geometry":{"type":"Polygon","coordinates":[[[-76.55999999999999,3.54],[-76.55499999999999,3.54],[-76.55499999999999,3.545],[-76.55999999999999,3.545],[-76.55999999999999,3.54]]]},"properties":{"value":0.1728,"sigma":0.0665}},{"type":"Feature","geometry":{"type":"Polygon","coordinates":[[[-76.55499999999999,3.54],[-76.55,3.54],[-76.55,3.545],[-76.55499999999999,3.545],[-76.55499999999999,3.54]]]},"properties":{"value":0.1702,"sigma":0.0672}},{"type":"Feature","geometry":{"type":"Polygon","coordinates":[[[-76.55,3.54],[-76.545,3.54],[-76.545,3.545],[-76.55,3.545],[-76.55,3.54]]]},"properties":{"value":0.1877,"sigma":0.069}},{"type":"Feature","geometry":{"type":"Polygon","coordinates":[[[-76.54499999999999,3.54],[-76.53999999999999,3.54],[-76.53999999999999,3.545],[-76.54499999999999,3.545],[-76.54499999999999,3.54]]]},"properties":{"value":0.1826,"sigma":0.0598}},{"type":"Feature","geometry":{"type":"Polygon","coordinates":[[[-76.53999999999999,3.54],[-76.535,3.54],[-76.535,3.545],[-76.53999999999999,3.545],[-76.53999999999999,3.54]]]},"properties":{"value":0.1852,"sigma":0.0585}},{"type":"Feature","geometry":{"type":"Polygon","coordinates":[[[-76.535,3.54],[-76.53,3.54],[-76.53,3.545],[-76.535,3.545],[-76.535,3.54]]]},"properties":{"value":0.1806,"sigma":0.0584}},{"type":"Feature","geometry":{"type":"Polygon","coordinates":[[[-76.52999999999999,3.54],[-76.52499999999999,3.54],[-76.52499999999999,3.545],[-76.52999999999999,3.545],[-76.52999999999999,3.54]]]},"properties":{"value":0.1831,"sigma":0.0623}},{"type":"Feature","geometry":{"type":"Polygon","coordinates":[[[-76.52499999999999,3.54],[-76.52,3.54],[-76.52,3.545],[-76.52499999999999,3.545],[-76.52499999999999,3.54]]]},"properties":{"value":0.1718,"sigma":0.0622}},{"type":"Feature","geometry":{"type":"Polygon","coordinates":[[[-76.52,3.54],[-76.515,3.54],[-76.515,3.545],[-76.52,3.545],[-76.52,3.54]]]},"properties":{"value":0.1768,"sigma":0.06}},{"type":"Feature","geometry":{"type":"Polygon","coordinates":[[[-76.51499999999999,3.54],[-76.50999999999999,3.54],[-76.50999999999999,3.545],[-76.51499999999999,3.545],[-76.51499999999999,3.54]]]},"properties":{"value":0.1856,"sigma":0.0604}},{"type":"Feature","geometry":{"type":"Polygon","coordinates":[[[-76.50999999999999,3.54],[-76.505,3.54],[-76.505,3.545],[-76.50999999999999,3.545],[-76.50999999999999,3.54]]]},"properties":{"value":0.18,"sigma":0.0571}},{"type":"Feature","geometry":{"type":"Polygon","coordinates":[[[-76.505,3.54],[-76.5,3.54],[-76.5,3.545],[-76.505,3.545],[-76.505,3.54]]]},"properties":{"value":0.1754,"sigma":0.0635}},{"type":"Feature","geometry":{"type":"Polygon","coordinates":[[[-76.49999999999999,3.54],[-76.49499999999999,3.54],[-76.49499999999999,3.545],[-76.49999999999999,3.545],[-76.49999999999999,3.54]]]},"properties":{"value":0.1826,"sigma":0.0621}},{"type":"Feature","geometry":{"type":"Polygon","coordinates":[[[-76.49499999999999,3.54],[-76.49,3.54],[-76.49,3.545],[-76.49499999999999,3.545],[-76.49499999999999,3.54]]]},"properties":{"value":0.1748,"sigma":0.0581}},{"type":"Feature","geometry":{"type":"Polygon","coordinates":[[[-76.49,3.54],[-76.485,3.54],[-76.485,3.545],[-76.49,3.545],[-76.49,3.54]]]},"properties":{"value":0.1905,"sigma":0.0655}},{"type":"Feature","geometry":{"type":"Polygon","coordinates":[[[-76.48499999999999,3.54],[-76.47999999999999,3.54],[-76.47999999999999,3.545],[-76.48499999999999,3.545],[-76.48499999999999,3.54]]]},"properties":{"value":0.1766,"sigma":0.0685}},{"type":"Feature","geometry":{"type":"Polygon","coordinates":[[[-76.47999999999999,3.54],[-76.475,3.54],[-76.475,3.545],[-76.47999999999999,3.545],[-76.47999999999999,3.54]]]},"properties":{"value":0.1924,"sigma":0.071}},{"type":"Feature","geometry":{"type":"Polygon","coordinates":[[[-76.475,3.54],[-76.47,3.54],[-76.47,3.545],[-76.475,3.545],[-76.475,3.54]]]},"properties":{"value":0.1799,"sigma":0.0693}},{"type":"Feature","geometry":{"type":"Polygon","coordinates":[[[-76.47,3.54],[-76.465,3.54],[-76.465,3.545],[-76.47,3.545],[-76.47,3.54]]]},"properties":{"value":0.1715,"sigma":0.0712}},{"type":"Feature","geometry":{"type":"Polygon","coordinates":[[[-76.46499999999999,3.54],[-76.46,3.54],[-76.46,3.545],[-76.46499999999999,3.545],[-76.46499999999999,3.54]]]},"properties":{"value":0.1684,"sigma":0.0761}},{"type":"Feature","geometry":{"type":"Polygon","coordinates":[[[-76.46,3.54],[-76.455,3.54],[-76.455,3.545],[-76.46,3.545],[-76.46,3.54]]]},"properties":{"value":0.169,"sigma":0.077}},{"type":"Feature","geometry":{"type":"Polygon","coordinates":[[[-76.455,3.54],[-76.45,3.54],[-76.45,3.545],[-76.455,3.545],[-76.455,3.54]]]},"properties":{"value":0.1832,"sigma":0.0753}},{"type":"Feature","geometry":{"type":"Polygon","coordinates":[[[-76.44999999999999,3.54],[-76.445,3.54],[-76.445,3.545],[-76.44999999999999,3.545],[-76.44999999999999,3.54]]]},"properties":{"value":0.1645,"sigma":0.0757}},{"type":"Feature","geometry":{"type":"Polygon","coordinates":[[[-76.445,3.54],[-76.44,3.54],[-76.44,3.545],[-76.445,3.545],[-76.445,3.54]]]},"properties":{"value":0.1743,"sigma":0.0797}},{"type":"Feature","geometry":{"type":"Polygon","coordinates":[[[-76.44,3.54],[-76.435,3.54],[-76.435,3.545],[-76.44,3.545],[-76.44,3.54]]]},"properties":{"value":0.179,"sigma":0.0825}},{"type":"Feature","geometry":{"type":"Polygon","coordinates":[[[-76.43499999999999,3.54],[-76.42999999999999,3.54],[-76.42999999999999,3.545],[-76.43499999999999,3.545],[-76.43499999999999,3.54]]]},"properties":{"value":0.1833,"sigma":0.0833}},{"type":"Feature","geometry":{"type":"Polygon","coordinates":[[[-76.42999999999999,3.54],[-76.425,3.54],[-76.425,3.545],[-76.42999999999999,3.545],[-76.42999999999999,3.54]]]},"properties":{"value":0.1892,"sigma":0.0853}},{"type":"Feature","geometry":{"type":"Polygon","coordinates":[[[-76.425,3.54],[-76.42,3.54],[-76.42,3.545],[-76.425,3.545],[-76.425,3.54]]]},"properties":{"value":0.1839,"sigma":0.0884}},{"type":"Feature","geometry":{"type":"Polygon","coordinates":[[[-76.41999999999999,3.54],[-76.41499999999999,3.54],[-76.41499999999999,3.545],[-76.41999999999999,3.545],[-76.41999999999999,3.54]]]},"properties":{"value":0.1852,"sigma":0.0902}},{"type":"Feature","geometry":{"type":"Polygon","coordinates":[[[-76.41499999999999,3.54],[-76.41,3.54],[-76.41,3.545],[-76.41499999999999,3.545],[-76.41499999999999,3.54]]]},"properties":{"value":0.1721,"sigma":0.0941}},{"type":"Feature","geometry":{"type":"Polygon","coordinates":[[[-76.41,3.54],[-76.405,3.54],[-76.405,3.545],[-76.41,3.545],[-76.41,3.54]]]},"properties":{"value":0.1868,"sigma":0.0941}},{"type":"Feature","geometry":{"type":"Polygon","coordinates":[[[-76.40499999999999,3.54],[-76.39999999999999,3.54],[-76.39999999999999,3.545],[-76.40499999999999,3.545],[-76.40499999999999,3.54]]]},"properties":{"value":0.1682,"sigma":0.0988}},{"type":"Feature","geometry":{"type":"Polygon","coordinates":[[[-76.6,3.545],[-76.595,3.545],[-76.595,3.55],[-76.6,3.55],[-76.6,3.545]]]},"properties":{"value":0.1812,"sigma":0.086}},{"type":"Feature","geometry":{"type":"Polygon","coordinates":[[[-76.595,3.545],[-76.59,3.545],[-76.59,3.55],[-76.595,3.55],[-76.595,3.545]]]},"properties":{"value":0.1887,"sigma":0.0837}},{"type":"Feature","geometry":{"type":"Polygon","coordinates":[[[-76.58999999999999,3.545],[-76.585,3.545],[-76.585,3.55],[-76.58999999999999,3.55],[-76.58999999999999,3.545]]]},"properties":{"value":0.1781,"sigma":0.0804}},{"type":"Feature","geometry":{"type":"Polygon","coordinates":[[[-76.585,3.545],[-76.58,3.545],[-76.58,3.55],[-76.585,3.55],[-76.585,3.545]]]},"properties":{"value":0.1843,"sigma":0.0764}},{"type":"Feature","geometry":{"type":"Polygon","coordinates":[[[-76.58,3.545],[-76.575,3.545],[-76.575,3.55],[-76.58,3.55],[-76.58,3.545]]]},"properties":{"value":0.1858,"sigma":0.0749}},{"type":"Feature","geometry":{"type":"Polygon","coordinates":[[[-76.57499999999999,3.545],[-76.57,3.545],[-76.57,3.55],[-76.57499999999999,3.55],[-76.57499999999999,3.545]]]},"properties":{"value":0.173,"sigma":0.0782}},{"type":"Feature","geometry":{"type":"Polygon","coordinates":[[[-76.57,3.545],[-76.565,3.545],[-76.565,3.55],[-76.57,3.55],[-76.57,3.545]]]},"properties":{"value":0.1821,"sigma":0.0717}},{"type":"Feature","geometry":{"type":"Polygon","coordinates":[[[-76.565,3.545],[-76.56,3.545],[-76.56,3.55],[-76.565,3.55],[-76.565,3.545]]]},"properties":{"value":0.1916,"sigma":0.0749}},{"type":"Feature","geometry":{"type":"Polygon","coordinates":[[[-76.55999999999999,3.545],[-76.55499999999999,3.545],[-76.55499999999999,3.55],[-76.55999999999999,3.55],[-76.55999999999999,3.545]]]},"properties":{"value":0.1787,"sigma":0.0704}},{"type":"Feature","geometry":{"type":"Polygon","coordinates":[[[-76.55499999999999,3.545],[-76.55,3.545],[-76.55,3.55],[-76.55499999999999,3.55],[-76.55499999999999,3.545]]]},"properties":{"value":0.1987,"sigma":0.0756}},{"type":"Feature","geometry":{"type":"Polygon","coordinates":[[[-76.55,3.545],[-76.545,3.545],[-76.545,3.55],[-76.55,3.55],[-76.55,3.545]]]},"properties":{"value":0.1914,"sigma":0.0646}},{"type":"Feature","geometry":{"type":"Polygon","coordinates":[[[-76.54499999999999,3.545],[-76.53999999999999,3.545],[-76.53999999999999,3.55],[-76.54499999999999,3.55],[-76.54499999999999,3.545]]]},"properties":{"value":0.1988,"sigma":0.0661}},{"type":"Feature","geometry":{"type":"Polygon","coordinates":[[[-76.53999999999999,3.545],[-76.535,3.545],[-76.535,3.55],[-76.53999999999999,3.55],[-76.53999999999999,3.545]]]},"properties":{"value":0.1881,"sigma":0.0653}},{"type":"Feature","geometry":{"type":"Polygon","coordinates":[[[-76.535,3.545],[-76.53,3.545],[-76.53,3.55],[-76.535,3.55],[-76.535,3.545]]]},"properties":{"value":0.1777,"sigma":0.0666}},{"type":"Feature","geometry":{"type":"Polygon","coordinates":[[[-76.52999999999999,3.545],[-76.52499999999999,3.545],[-76.52499999999999,3.55],[-76.52999999999999,3.55],[-76.52999999999999,3.545]]]},"properties":{"value":0.1887,"sigma":0.0613}},{"type":"Feature","geometry":{"type":"Polygon","coordinates":[[[-76.52499999999999,3.545],[-76.52,3.545],[-76.52,3.55],[-76.52499999999999,3.55],[-76.52499999999999,3.545]]]},"properties":{"value":0.1806,"sigma":0.0622}},{"type":"Feature","geometry":{"type":"Polygon","coordinates":[[[-76.52,3.545],[-76.515,3.545],[-76.515,3.55],[-76.52,3.55],[-76.52,3.545]]]},"properties":{"value":0.1861,"sigma":0.0545}},{"type":"Feature","geometry":{"type":"Polygon","coordinates":[[[-76.51499999999999,3.545],[-76.50999999999999,3.545],[-76.50999999999999,3.55],[-76.51499999999999,3.55],[-76.51499999999999,3.545]]]},"properties":{"value":0.1747,"sigma":0.0596}},{"type":"Feature","geometry":{"type":"Polygon","coordinates":[[[-76.50999999999999,3.545],[-76.505,3.545],[-76.505,3.55],[-76.50999999999999,3.55],[-76.50999999999999,3.545]]]},"properties":{"value":0.1766,"sigma":0.062}},{"type":"Feature","geometry":{"type":"Polygon","coordinates":[[[-76.505,3.545],[-76.5,3.545],[-76.5,3.55],[-76.505,3.55],[-76.505,3.545]]]},"properties":{"value":0.1925,"sigma":0.0661}},{"type":"Feature","geometry":{"type":"Polygon","coordinates":[[[-76.49999999999999,3.545],[-76.49499999999999,3.545],[-76.49499999999999,3.55],[-76.49999999999999,3.55],[-76.49999999999999,3.545]]]},"properties":{"value":0.178,"sigma":0.0656}},{"type":"Feature","geometry":{"type":"Polygon","coordinates":[[[-76.49499999999999,3.545],[-76.49,3.545],[-76.49,3.55],[-76.49499999999999,3.55],[-76.49499999999999,3.545]]]},"properties":{"value":0.1755,"sigma":0.0578}},{"type":"Feature","geometry":{"type":"Polygon","coordinates":[[[-76.49,3.545],[-76.485,3.545],[-76.485,3.55],[-76.49,3.55],[-76.49,3.545]]]},"properties":{"value":0.1989,"sigma":0.0602}},{"type":"Feature","geometry":{"type":"Polygon","coordinates":[[[-76.48499999999999,3.545],[-76.47999999999999,3.545],[-76.47999999999999,3.55],[-76.48499999999999,3.55],[-76.48499999999999,3.545]]]},"properties":{"value":0.1819,"sigma":0.0653}},{"type":"Feature","geometry":{"type":"Polygon","coordinates":[[[-76.47999999999999,3.545],[-76.475,3.545],[-76.475,3.55],[-76.47999999999999,3.55],[-76.47999999999999,3.545]]]},"properties":{"value":0.185,"sigma":0.0722}},{"type":"Feature","geometry":{"type":"Polygon","coordinates":[[[-76.475,3.545],[-76.47,3.545],[-76.47,3.55],[-76.475,3.55],[-76.475,3.545]]]},"properties":{"value":0.1706,"sigma":0.0694}},{"type":"Feature","geometry":{"type":"Polygon","coordinates":[[[-76.47,3.545],[-76.465,3.545],[-76.465,3.55],[-76.47,3.55],[-76.47,3.545]]]},"properties":{"value":0.1921,"sigma":0.0729}},{"type":"Feature","geometry":{"type":"Polygon","coordinates":[[[-76.46499999999999,3.545],[-76.46,3.545],[-76.46,3.55],[-76.46499999999999,3.55],[-76.46499999999999,3.545]]]},"properties":{"value":0.1941,"sigma":0.0817}},{"type":"Feature","geometry":{"type":"Polygon","coordinates":[[[-76.46,3.545],[-76.455,3.545],[-76.455,3.55],[-76.46,3.55],[-76.46,3.545]]]},"properties":{"value":0.1886,"sigma":0.0731}},{"type":"Feature","geometry":{"type":"Polygon","coordinates":[[[-76.455,3.545],[-76.45,3.545],[-76.45,3.55],[-76.455,3.55],[-76.455,3.545]]]},"properties":{"value":0.1838,"sigma":0.079}},{"type":"Feature","geometry":{"type":"Polygon","coordinates":[[[-76.44999999999999,3.545],[-76.445,3.545],[-76.445,3.55],[-76.44999999999999,3.55],[-76.44999999999999,3.545]]]},"properties":{"value":0.1725,"sigma":0.0764}},{"type":"Feature","geometry":{"type":"Polygon","coordinates":[[[-76.445,3.545],[-76.44,3.545],[-76.44,3.55],[-76.445,3.55],[-76.445,3.545]]]},"properties":{"value":0.1751,"sigma":0.081}},{"type":"Feature","geometry":{"type":"Polygon","coordinates":[[[-76.44,3.545],[-76.435,3.545],[-76.435,3.55],[-76.44,3.55],[-76.44,3.545]]]},"properties":{"value":0.1785,"sigma":0.0827}},{"type":"Feature","geometry":{"type":"Polygon","coordinates":[[[-76.43499999999999,3.545],[-76.42999999999999,3.545],[-76.42999999999999,3.55],[-76.43499999999999,3.55],[-76.43499999999999,3.545]]]},"properties":{"value":0.1849,"sigma":0.0842}},{"type":"Feature","geometry":{"type":"Polygon","coordinates":[[[-76.42999999999999,3.545],[-76.425,3.545],[-76.425,3.55],[-76.42999999999999,3.55],[-76.42999999999999,3.545]]]},"properties":{"value":0.1831,"sigma":0.0839}},{"type":"Feature","geometry":{"type":"Polygon","coordinates":[[[-76.425,3.545],[-76.42,3.545],[-76.42,3.55],[-76.425,3.55],[-76.425,3.545]]]},"properties":{"value":0.1839,"sigma":0.0884}},{"type":"Feature","geometry":{"type":"Polygon","coordinates":[[[-76.41999999999999,3.545],[-76.41499999999999,3.545],[-76.41499999999999,3.55],[-76.41999999999999,3.55],[-76.41999999999999,3.545]]]},"properties":{"value":0.1805,"sigma":0.0931}},{"type":"Feature","geometry":{"type":"Polygon","coordinates":[[[-76.41499999999999,3.545],[-76.41,3.545],[-76.41,3.55],[-76.41499999999999,3.55],[-76.41499999999999,3.545]]]},"properties":{"value":0.1774,"sigma":0.097}},{"type":"Feature","geometry":{"type":"Polygon","coordinates":[[[-76.41,3.545],[-76.405,3.545],[-76.405,3.55],[-76.41,3.55],[-76.41,3.545]]]},"properties":{"value":0.1672,"sigma":0.0969}},{"type":"Feature","geometry":{"type":"Polygon","coordinates":[[[-76.40499999999999,3.545],[-76.39999999999999,3.545],[-76.39999999999999,3.55],[-76.40499999999999,3.55],[-76.40499999999999,3.545]]]},"properties":{"value":0.179,"sigma":0.1004}}],"properties":{"pollutant":"SO2","horizon":"T+3","modelVersion":"mvp-0.1-mock","generatedAt":"2026-05-23T16:09:29.470879+00:00","cellDeg":0.005,"valueMin":0.1558,"valueMax":0.316,"sigmaMin":0.0289,"sigmaMax":0.1097}}